mtllib build.mtl
o base_big002
usemtl DefaultMaterial
v -220.54052734375 0.000012303882063413608 281.4800377394549
v -220.54052734375 -0.00001392295077540241 -318.519962260545
v -220.54052734375 849.999986077049 -318.51999941522485
v -220.54052734375 0.000012303882063413608 281.4800377394549
v -220.54052734375 849.999986077049 -318.51999941522485
v -220.54052734375 850.0000123038819 281.48000058477504
v -220.54052734375 -0.00001392295077540241 -318.519962260545
v -1020.54052734375 -0.00001392295077540241 -318.519962260545
v -1020.54052734375 849.999986077049 -318.51999941522485
v -220.54052734375 -0.00001392295077540241 -318.519962260545
v -1020.54052734375 849.999986077049 -318.51999941522485
v -220.54052734375 849.999986077049 -318.51999941522485
v -1020.54052734375 -0.00001392295077540241 -318.519962260545
v -1020.54052734375 0.000012303882063413608 281.4800377394549
v -1020.54052734375 850.0000123038819 281.48000058477504
v -1020.54052734375 -0.00001392295077540241 -318.519962260545
v -1020.54052734375 850.0000123038819 281.48000058477504
v -1020.54052734375 849.999986077049 -318.51999941522485
v -240.54052734375 849.9999869512769 -298.51999941522485
v -240.54052734375 -0.000013048723014108544 -298.519962260545
v -240.54052734375 0.000012303882063413608 281.4800377394549
v -240.54052734375 849.9999869512769 -298.51999941522485
v -240.54052734375 0.000012303882063413608 281.4800377394549
v -240.54052734375 850.0000123038819 281.48000058477504
v -1000.54052734375 849.9999869512769 -298.51999941522485
v -1000.54052734375 -0.000013048723014108544 -298.519962260545
v -240.54052734375 -0.000013048723014108544 -298.519962260545
v -1000.54052734375 849.9999869512769 -298.51999941522485
v -240.54052734375 -0.000013048723014108544 -298.519962260545
v -240.54052734375 849.9999869512769 -298.51999941522485
v -1000.54052734375 850.0000123038819 281.48000058477504
v -1000.54052734375 0.000012303882063413608 281.4800377394549
v -1000.54052734375 -0.000013048723014108544 -298.519962260545
v -1000.54052734375 850.0000123038819 281.48000058477504
v -1000.54052734375 -0.000013048723014108544 -298.519962260545
v -1000.54052734375 849.9999869512769 -298.51999941522485
v -220.54052734375 0.000012303882063413608 281.4800377394549
v -220.54052734375 850.0000123038819 281.48000058477504
v -240.54052734375 850.0000123038819 281.48000058477504
v -220.54052734375 0.000012303882063413608 281.4800377394549
v -240.54052734375 850.0000123038819 281.48000058477504
v -240.54052734375 0.000012303882063413608 281.4800377394549
v -220.54052734375 849.999986077049 -318.51999941522485
v -1020.54052734375 849.999986077049 -318.51999941522485
v -1000.54052734375 849.9999869512769 -298.51999941522485
v -220.54052734375 849.999986077049 -318.51999941522485
v -1000.54052734375 849.9999869512769 -298.51999941522485
v -240.54052734375 849.9999869512769 -298.51999941522485
v -1020.54052734375 850.0000123038819 281.48000058477504
v -1020.54052734375 0.000012303882063413608 281.4800377394549
v -1000.54052734375 0.000012303882063413608 281.4800377394549
v -1020.54052734375 850.0000123038819 281.48000058477504
v -1000.54052734375 0.000012303882063413608 281.4800377394549
v -1000.54052734375 850.0000123038819 281.48000058477504
v -1028.54052734375 850.000013987644 319.9999895984469
v -212.54052734375 850.000013987644 319.9999895984469
v -212.54052734375 875.000013987644 319.9999885056622
v -1028.54052734375 850.000013987644 319.9999895984469
v -212.54052734375 875.000013987644 319.9999885056622
v -1028.54052734375 875.000013987644 319.9999885056622
v -212.54052734375 850.000013987644 319.9999895984469
v -212.54052734375 849.9999860123557 -320.00001040155297
v -212.54052734375 874.9999860123557 -320.0000114943377
v -212.54052734375 850.000013987644 319.9999895984469
v -212.54052734375 874.9999860123557 -320.0000114943377
v -212.54052734375 875.000013987644 319.9999885056622
v -212.54052734375 849.9999860123557 -320.00001040155297
v -1028.54052734375 849.9999860123557 -320.00001040155297
v -1028.54052734375 874.9999860123557 -320.0000114943377
v -212.54052734375 849.9999860123557 -320.00001040155297
v -1028.54052734375 874.9999860123557 -320.0000114943377
v -212.54052734375 874.9999860123557 -320.0000114943377
v -1028.54052734375 849.9999860123557 -320.00001040155297
v -1028.54052734375 850.000013987644 319.9999895984469
v -1028.54052734375 875.000013987644 319.9999885056622
v -1028.54052734375 849.9999860123557 -320.00001040155297
v -1028.54052734375 875.000013987644 319.9999885056622
v -1028.54052734375 874.9999860123557 -320.0000114943377
v -212.54052734375 874.9999860123557 -320.0000114943377
v -1028.54052734375 874.9999860123557 -320.0000114943377
v -1028.54052734375 875.000013987644 319.9999885056622
v -212.54052734375 874.9999860123557 -320.0000114943377
v -1028.54052734375 875.000013987644 319.9999885056622
v -212.54052734375 875.000013987644 319.9999885056622
v -1028.54052734375 850.000013987644 319.9999895984469
v -1028.54052734375 849.9999860123557 -320.00001040155297
v -212.54052734375 849.9999860123557 -320.00001040155297
v -1028.54052734375 850.000013987644 319.9999895984469
v -212.54052734375 849.9999860123557 -320.00001040155297
v -212.54052734375 850.000013987644 319.9999895984469
v -1000.8921508789062 79.62257089761204 281.47957649537045
v -240.2913818359375 79.62257089761204 281.47957649537045
v -240.2913818359375 99.57841196206516 281.47957562307295
v -1000.8921508789062 79.62257089761204 281.47957649537045
v -240.2913818359375 99.57841196206516 281.47957562307295
v -1000.8921508789062 99.57841196206516 281.47957562307295
v -240.2913818359375 99.57838638642102 -303.62296343942694
v -1000.8921508789062 99.57838638642102 -303.62296343942694
v -1000.8921508789062 99.57841196206516 281.47957562307295
v -240.2913818359375 99.57838638642102 -303.62296343942694
v -1000.8921508789062 99.57841196206516 281.47957562307295
v -240.2913818359375 99.57841196206516 281.47957562307295
v -1000.8921508789062 79.62257089761204 281.47957649537045
v -1000.8921508789062 79.62254532196789 -303.62296256712943
v -240.2913818359375 79.62254532196789 -303.62296256712943
v -1000.8921508789062 79.62257089761204 281.47957649537045
v -240.2913818359375 79.62254532196789 -303.62296256712943
v -240.2913818359375 79.62257089761204 281.47957649537045
v -1000.8921508789062 0.000012740986620939542 257.5608482863298
v -240.54046630859375 0.000012740986620939542 257.5608482863298
v -240.54046630859375 79.62256985209108 257.5608448059173
v -1000.8921508789062 0.000012740986620939542 257.5608482863298
v -240.54046630859375 79.62256985209108 257.5608448059173
v -1000.8921508789062 79.62256985209108 257.5608448059173
vt 0.44007933139801025 0.004536867141723633
vt 0.5865638256072998 0.004536867141723633
vt 0.5865638256072998 0.21205627918243408
vt 0.44007933139801025 0.004536867141723633
vt 0.5865638256072998 0.21205627918243408
vt 0.44007933139801025 0.21205627918243408
vt 0.9105721116065979 0.42390429973602295
vt 0.9957379698753357 0.42390429973602295
vt 0.9957379698753357 0.5143927335739136
vt 0.9105721116065979 0.42390429973602295
vt 0.9957379698753357 0.5143927335739136
vt 0.9105721116065979 0.5143927335739136
vt 0.145180806517601 0.004536867141723633
vt 0.2916651964187622 0.004536867141723633
vt 0.2916651964187622 0.21205639839172363
vt 0.145180806517601 0.004536867141723633
vt 0.2916651964187622 0.21205639839172363
vt 0.145180806517601 0.21205639839172363
vt 0 0.21205675601959229
vt 0 0.004536867141723633
vt 0.14160138368606567 0.004536867141723633
vt 0 0.21205675601959229
vt 0.14160138368606567 0.004536867141723633
vt 0.14160138368606567 0.21205675601959229
vt 0.5897970199584961 0.2120562195777893
vt 0.5897970199584961 0.004536867141723633
vt 0.7753440737724304 0.004536867141723633
vt 0.5897970199584961 0.2120562195777893
vt 0.7753440737724304 0.004536867141723633
vt 0.7753440737724304 0.2120562195777893
vt 0.29489850997924805 0.21205633878707886
vt 0.29489850997924805 0.004536867141723633
vt 0.4365001320838928 0.004536867141723633
vt 0.29489850997924805 0.21205633878707886
vt 0.4365001320838928 0.004536867141723633
vt 0.4365001320838928 0.21205633878707886
vt 0.006636030040681362 0.42222392559051514
vt 0.006636030040681362 0.6297423839569092
vt 0.001753193442709744 0.6297423839569092
vt 0.006636030040681362 0.42222392559051514
vt 0.001753193442709744 0.6297423839569092
vt 0.001753193442709744 0.42222392559051514
vt 0.4221608638763428 0.2317277193069458
vt 0.22684501111507416 0.2317277193069458
vt 0.23172813653945923 0.22684502601623535
vt 0.4221608638763428 0.2317277193069458
vt 0.23172813653945923 0.22684502601623535
vt 0.4172782301902771 0.22684502601623535
vt 0.002659010235220194 0.4206981062889099
vt 0.002659010235220194 0.21317839622497559
vt 0.007541818544268608 0.21317839622497559
vt 0.002659010235220194 0.4206981062889099
vt 0.007541818544268608 0.21317839622497559
vt 0.007541818544268608 0.4206981062889099
vt 0.018147602677345276 0.22684502601623535
vt 0.21736527979373932 0.22684502601623535
vt 0.21736527979373932 0.23294860124588013
vt 0.018147602677345276 0.22684502601623535
vt 0.21736527979373932 0.23294860124588013
vt 0.018147602677345276 0.23294860124588013
vt 0.4037841260433197 0.8756217360496521
vt 0.5600337982177734 0.8756217360496521
vt 0.5600337982177734 0.8817252516746521
vt 0.4037841260433197 0.8756217360496521
vt 0.5600337982177734 0.8817252516746521
vt 0.4037841260433197 0.8817252516746521
vt 0.43554240465164185 0.2132343053817749
vt 0.6347600817680359 0.2132343053817749
vt 0.6347600817680359 0.21933788061141968
vt 0.43554240465164185 0.2132343053817749
vt 0.6347600817680359 0.21933788061141968
vt 0.43554240465164185 0.21933788061141968
vt 0.4037841260433197 0.8665479421615601
vt 0.5600346326828003 0.8665479421615601
vt 0.5600346326828003 0.8726514577865601
vt 0.4037841260433197 0.8665479421615601
vt 0.5600346326828003 0.8726514577865601
vt 0.4037841260433197 0.8726514577865601
vt 0.979565441608429 0.16078698635101318
vt 0.7803468108177185 0.16078698635101318
vt 0.7803468108177185 0.004536867141723633
vt 0.979565441608429 0.16078698635101318
vt 0.7803468108177185 0.004536867141723633
vt 0.979565441608429 0.004536867141723633
vt 0.9042537212371826 0.5861365795135498
vt 0.9042537212371826 0.5180039405822754
vt 0.9911229014396667 0.5180039405822754
vt 0.9042537212371826 0.5861365795135498
vt 0.9911229014396667 0.5180039405822754
vt 0.9911229014396667 0.5861365795135498
vt 0.0021427918691188097 0.9941246509552002
vt 0.18783563375473022 0.9941246509552002
vt 0.18783563375473022 0.9989967346191406
vt 0.0021427918691188097 0.9941246509552002
vt 0.18783563375473022 0.9989967346191406
vt 0.0021427918691188097 0.9989967346191406
vt 0.39439085125923157 0.6600538492202759
vt 0.20869740843772888 0.6600538492202759
vt 0.20869740843772888 0.517206609249115
vt 0.39439085125923157 0.6600538492202759
vt 0.20869740843772888 0.517206609249115
vt 0.39439085125923157 0.517206609249115
vt 0.9159490466117859 0.7667362093925476
vt 0.9159490466117859 0.7044478058815002
vt 0.9969204068183899 0.7044478058815002
vt 0.9159490466117859 0.7667362093925476
vt 0.9969204068183899 0.7044478058815002
vt 0.9969204068183899 0.7667362093925476
vt 0.20869740843772888 0.6714612245559692
vt 0.39432987570762634 0.6714612245559692
vt 0.39432987570762634 0.6909003257751465
vt 0.20869740843772888 0.6714612245559692
vt 0.39432987570762634 0.6909003257751465
vt 0.20869740843772888 0.6909003257751465
vn 1 0 0
vn 1 0 0
vn 1 0 0
vn 1 0 0
vn 1 0 0
vn 1 0 0
vn 0 -4.371138806469333e-8 -0.9999999999999992
vn 0 -4.371138806469333e-8 -0.9999999999999992
vn 0 -4.371138806469333e-8 -0.9999999999999992
vn 0 -4.371138806469333e-8 -0.9999999999999992
vn 0 -4.371138806469333e-8 -0.9999999999999992
vn 0 -4.371138806469333e-8 -0.9999999999999992
vn -1 0 0
vn -1 0 0
vn -1 0 0
vn -1 0 0
vn -1 0 0
vn -1 0 0
vn -1 0 0
vn -1 0 0
vn -1 0 0
vn -1 0 0
vn -1 0 0
vn -1 0 0
vn 0 4.371138806469333e-8 0.9999999999999992
vn 0 4.371138806469333e-8 0.9999999999999992
vn 0 4.371138806469333e-8 0.9999999999999992
vn 0 4.371138806469333e-8 0.9999999999999992
vn 0 4.371138806469333e-8 0.9999999999999992
vn 0 4.371138806469333e-8 0.9999999999999992
vn 1 0 0
vn 1 0 0
vn 1 0 0
vn 1 0 0
vn 1 0 0
vn 1 0 0
vn 0 4.371138806469333e-8 0.9999999999999992
vn 0 4.371138806469333e-8 0.9999999999999992
vn 0 4.371138806469333e-8 0.9999999999999992
vn 0 4.371138806469333e-8 0.9999999999999992
vn 0 4.371138806469333e-8 0.9999999999999992
vn 0 4.371138806469333e-8 0.9999999999999992
vn 0 0.9999999999999992 -4.371138806469333e-8
vn 0 0.9999999999999992 -4.371138806469333e-8
vn 0 0.9999999999999992 -4.371138806469333e-8
vn 0 0.9999999999999992 -4.371138806469333e-8
vn 0 0.9999999999999992 -4.371138806469333e-8
vn 0 0.9999999999999992 -4.371138806469333e-8
vn 0 4.371138806469333e-8 0.9999999999999992
vn 0 4.371138806469333e-8 0.9999999999999992
vn 0 4.371138806469333e-8 0.9999999999999992
vn 0 4.371138806469333e-8 0.9999999999999992
vn 0 4.371138806469333e-8 0.9999999999999992
vn 0 4.371138806469333e-8 0.9999999999999992
vn 0 4.371138806469333e-8 0.9999999999999992
vn 0 4.371138806469333e-8 0.9999999999999992
vn 0 4.371138806469333e-8 0.9999999999999992
vn 0 4.371138806469333e-8 0.9999999999999992
vn 0 4.371138806469333e-8 0.9999999999999992
vn 0 4.371138806469333e-8 0.9999999999999992
vn 1 0 0
vn 1 0 0
vn 1 0 0
vn 1 0 0
vn 1 0 0
vn 1 0 0
vn 0 -4.371138806469333e-8 -0.9999999999999992
vn 0 -4.371138806469333e-8 -0.9999999999999992
vn 0 -4.371138806469333e-8 -0.9999999999999992
vn 0 -4.371138806469333e-8 -0.9999999999999992
vn 0 -4.371138806469333e-8 -0.9999999999999992
vn 0 -4.371138806469333e-8 -0.9999999999999992
vn -1 0 0
vn -1 0 0
vn -1 0 0
vn -1 0 0
vn -1 0 0
vn -1 0 0
vn 0 0.9999999999999992 -4.371138806469333e-8
vn 0 0.9999999999999992 -4.371138806469333e-8
vn 0 0.9999999999999992 -4.371138806469333e-8
vn 0 0.9999999999999992 -4.371138806469333e-8
vn 0 0.9999999999999992 -4.371138806469333e-8
vn 0 0.9999999999999992 -4.371138806469333e-8
vn 0 -0.9999999999999992 4.371138806469333e-8
vn 0 -0.9999999999999992 4.371138806469333e-8
vn 0 -0.9999999999999992 4.371138806469333e-8
vn 0 -0.9999999999999992 4.371138806469333e-8
vn 0 -0.9999999999999992 4.371138806469333e-8
vn 0 -0.9999999999999992 4.371138806469333e-8
vn 0 4.371138806469333e-8 0.9999999999999992
vn 0 4.371138806469333e-8 0.9999999999999992
vn 0 4.371138806469333e-8 0.9999999999999992
vn 0 4.371138806469333e-8 0.9999999999999992
vn 0 4.371138806469333e-8 0.9999999999999992
vn 0 4.371138806469333e-8 0.9999999999999992
vn 0 0.9999999999999992 -4.371138806469333e-8
vn 0 0.9999999999999992 -4.371138806469333e-8
vn 0 0.9999999999999992 -4.371138806469333e-8
vn 0 0.9999999999999992 -4.371138806469333e-8
vn 0 0.9999999999999992 -4.371138806469333e-8
vn 0 0.9999999999999992 -4.371138806469333e-8
vn 0 -0.9999999999999992 4.371138806469333e-8
vn 0 -0.9999999999999992 4.371138806469333e-8
vn 0 -0.9999999999999992 4.371138806469333e-8
vn 0 -0.9999999999999992 4.371138806469333e-8
vn 0 -0.9999999999999992 4.371138806469333e-8
vn 0 -0.9999999999999992 4.371138806469333e-8
vn 0 4.371138806469333e-8 0.9999999999999992
vn 0 4.371138806469333e-8 0.9999999999999992
vn 0 4.371138806469333e-8 0.9999999999999992
vn 0 4.371138806469333e-8 0.9999999999999992
vn 0 4.371138806469333e-8 0.9999999999999992
vn 0 4.371138806469333e-8 0.9999999999999992
f 1/1/1 2/2/2 3/3/3
f 4/4/4 5/5/5 6/6/6
f 7/7/7 8/8/8 9/9/9
f 10/10/10 11/11/11 12/12/12
f 13/13/13 14/14/14 15/15/15
f 16/16/16 17/17/17 18/18/18
f 19/19/19 20/20/20 21/21/21
f 22/22/22 23/23/23 24/24/24
f 25/25/25 26/26/26 27/27/27
f 28/28/28 29/29/29 30/30/30
f 31/31/31 32/32/32 33/33/33
f 34/34/34 35/35/35 36/36/36
f 37/37/37 38/38/38 39/39/39
f 40/40/40 41/41/41 42/42/42
f 43/43/43 44/44/44 45/45/45
f 46/46/46 47/47/47 48/48/48
f 49/49/49 50/50/50 51/51/51
f 52/52/52 53/53/53 54/54/54
f 55/55/55 56/56/56 57/57/57
f 58/58/58 59/59/59 60/60/60
f 61/61/61 62/62/62 63/63/63
f 64/64/64 65/65/65 66/66/66
f 67/67/67 68/68/68 69/69/69
f 70/70/70 71/71/71 72/72/72
f 73/73/73 74/74/74 75/75/75
f 76/76/76 77/77/77 78/78/78
f 79/79/79 80/80/80 81/81/81
f 82/82/82 83/83/83 84/84/84
f 85/85/85 86/86/86 87/87/87
f 88/88/88 89/89/89 90/90/90
f 91/91/91 92/92/92 93/93/93
f 94/94/94 95/95/95 96/96/96
f 97/97/97 98/98/98 99/99/99
f 100/100/100 101/101/101 102/102/102
f 103/103/103 104/104/104 105/105/105
f 106/106/106 107/107/107 108/108/108
f 109/109/109 110/110/110 111/111/111
f 112/112/112 113/113/113 114/114/114
o base_small002
usemtl DefaultMaterial
v -1028.5404052734375 1664.7429287248176 82.77570488959996
v -1028.5404052734375 1664.7429111189329 -319.9999909111812
v -228.5404052734375 1664.7429111189329 -319.9999909111812
v -1028.5404052734375 1664.7429287248176 82.77570488959996
v -228.5404052734375 1664.7429111189329 -319.9999909111812
v -228.5404052734375 1664.7429287248162 82.77567437202184
v -1028.5404052734375 2429.6791469865357 82.77566382378156
v -228.5404052734375 2429.6791469865348 82.77563330620343
v -228.5404052734375 2429.6791293806514 -320.0000243476051
v -1028.5404052734375 2429.6791469865357 82.77566382378156
v -228.5404052734375 2429.6791293806514 -320.0000243476051
v -1028.5404052734375 2429.6791293806514 -320.0000243476051
v -228.5404052734375 1664.7429287248162 82.77567437202184
v -228.5404052734375 1664.7429111189329 -319.9999909111812
v -228.5404052734375 2429.6791293806514 -320.0000243476051
v -228.5404052734375 1664.7429287248162 82.77567437202184
v -228.5404052734375 2429.6791293806514 -320.0000243476051
v -228.5404052734375 2429.6791469865348 82.77563330620343
v -228.5404052734375 1664.7429111189329 -319.9999909111812
v -1028.5404052734375 1664.7429111189329 -319.9999909111812
v -1028.5404052734375 2429.6791293806514 -320.0000243476051
v -228.5404052734375 1664.7429111189329 -319.9999909111812
v -1028.5404052734375 2429.6791293806514 -320.0000243476051
v -228.5404052734375 2429.6791293806514 -320.0000243476051
v -1028.5404052734375 1664.7429111189329 -319.9999909111812
v -1028.5404052734375 1664.7429287248176 82.77570488959996
v -1028.5404052734375 2429.6791469865357 82.77566382378156
v -1028.5404052734375 1664.7429111189329 -319.9999909111812
v -1028.5404052734375 2429.6791469865357 82.77566382378156
v -1028.5404052734375 2429.6791293806514 -320.0000243476051
v -248.5404052734375 1684.7429139005092 -299.99999178540907
v -1008.5404052734375 1684.7429139005092 -299.99999178540907
v -1008.5404052734375 1684.7429287248176 82.7757040153722
v -248.5404052734375 1684.7429139005092 -299.99999178540907
v -1008.5404052734375 1684.7429287248176 82.7757040153722
v -248.5404052734375 1684.7429287248162 82.77567349779407
v -248.5404052734375 2409.679130254879 -300.0000234733773
v -248.5404052734375 2409.6791469865348 82.77563418043118
v -1008.5404052734375 2409.6791469865357 82.77566469800931
v -248.5404052734375 2409.679130254879 -300.0000234733773
v -1008.5404052734375 2409.6791469865357 82.77566469800931
v -1008.541015625 2409.679130254879 -300.0000234733773
v -248.5404052734375 2409.679130254879 -300.0000234733773
v -248.5404052734375 1684.7429139005092 -299.99999178540907
v -248.5404052734375 1684.7429287248162 82.77567349779407
v -248.5404052734375 2409.679130254879 -300.0000234733773
v -248.5404052734375 1684.7429287248162 82.77567349779407
v -248.5404052734375 2409.6791469865348 82.77563418043118
v -1008.541015625 2409.679130254879 -300.0000234733773
v -1008.5404052734375 1684.7429139005092 -299.99999178540907
v -248.5404052734375 1684.7429139005092 -299.99999178540907
v -1008.541015625 2409.679130254879 -300.0000234733773
v -248.5404052734375 1684.7429139005092 -299.99999178540907
v -248.5404052734375 2409.679130254879 -300.0000234733773
v -1008.5404052734375 2409.6791469865357 82.77566469800931
v -1008.5404052734375 1684.7429287248176 82.7757040153722
v -1008.5404052734375 1684.7429139005092 -299.99999178540907
v -1008.5404052734375 2409.6791469865357 82.77566469800931
v -1008.5404052734375 1684.7429139005092 -299.99999178540907
v -1008.541015625 2409.679130254879 -300.0000234733773
v -1028.5404052734375 1664.7429287248176 82.77570488959996
v -228.5404052734375 1664.7429287248162 82.77567437202184
v -248.5404052734375 1684.7429287248162 82.77567349779407
v -1028.5404052734375 1664.7429287248176 82.77570488959996
v -248.5404052734375 1684.7429287248162 82.77567349779407
v -1008.5404052734375 1684.7429287248176 82.7757040153722
v -228.5404052734375 2429.6791469865348 82.77563330620343
v -1028.5404052734375 2429.6791469865357 82.77566382378156
v -1008.5404052734375 2409.6791469865357 82.77566469800931
v -228.5404052734375 2429.6791469865348 82.77563330620343
v -1008.5404052734375 2409.6791469865357 82.77566469800931
v -248.5404052734375 2409.6791469865348 82.77563418043118
v -228.5404052734375 1664.7429287248162 82.77567437202184
v -228.5404052734375 2429.6791469865348 82.77563330620343
v -248.5404052734375 2409.6791469865348 82.77563418043118
v -228.5404052734375 1664.7429287248162 82.77567437202184
v -248.5404052734375 2409.6791469865348 82.77563418043118
v -248.5404052734375 1684.7429287248162 82.77567349779407
v -1028.5404052734375 2429.6791469865357 82.77566382378156
v -1028.5404052734375 1664.7429287248176 82.77570488959996
v -1008.5404052734375 1684.7429287248176 82.7757040153722
v -1028.5404052734375 2429.6791469865357 82.77566382378156
v -1008.5404052734375 1684.7429287248176 82.7757040153722
v -1008.5404052734375 2409.6791469865357 82.77566469800931
vt 0.018147602677345276 0.33425265550613403
vt 0.018147602677345276 0.2359188199043274
vt 0.2134602814912796 0.2359188199043274
vt 0.018147602677345276 0.33425265550613403
vt 0.2134602814912796 0.2359188199043274
vt 0.2134602814912796 0.33425265550613403
vt 0.22684502601623535 0.2359188199043274
vt 0.42215752601623535 0.2359188199043274
vt 0.42215752601623535 0.33425265550613403
vt 0.22684502601623535 0.2359188199043274
vt 0.42215752601623535 0.33425265550613403
vt 0.22684502601623535 0.33425265550613403
vt 0.009073801338672638 0.662387490272522
vt 0.10740763694047928 0.662387490272522
vt 0.10740763694047928 0.8491393327713013
vt 0.009073801338672638 0.662387490272522
vt 0.10740763694047928 0.8491393327713013
vt 0.009073801338672638 0.8491393327713013
vt 0.9130619168281555 0.768184244632721
vt 0.998227596282959 0.768184244632721
vt 0.998227596282959 0.8496171832084656
vt 0.9130619168281555 0.768184244632721
vt 0.998227596282959 0.8496171832084656
vt 0.9130619168281555 0.8496171832084656
vt 0.10888560116291046 0.6623874306678772
vt 0.20721958577632904 0.6623874306678772
vt 0.20721958577632904 0.8491392731666565
vt 0.10888560116291046 0.6623874306678772
vt 0.20721958577632904 0.8491392731666565
vt 0.10888560116291046 0.8491392731666565
vt 0.784417450428009 0.533530592918396
vt 0.5988708138465881 0.533530592918396
vt 0.5988708138465881 0.44007933139801025
vt 0.784417450428009 0.533530592918396
vt 0.5988708138465881 0.44007933139801025
vt 0.784417450428009 0.44007933139801025
vt 0.589330792427063 0.7712730169296265
vt 0.589330792427063 0.8647242188453674
vt 0.4037841260433197 0.8647242188453674
vt 0.589330792427063 0.7712730169296265
vt 0.4037841260433197 0.8647242188453674
vt 0.4037841260433197 0.7712730169296265
vt 0.803031325340271 0.5853074789047241
vt 0.803031325340271 0.4083210229873657
vt 0.8964824676513672 0.4083210229873657
vt 0.803031325340271 0.5853074789047241
vt 0.8964824676513672 0.4083210229873657
vt 0.8964824676513672 0.5853074789047241
vt 0.4037841260433197 0.6715084910392761
vt 0.4037843644618988 0.4945221543312073
vt 0.5893312692642212 0.4945221543312073
vt 0.4037841260433197 0.6715084910392761
vt 0.5893312692642212 0.4945221543312073
vt 0.5893312692642212 0.6715084910392761
vt 0.7077564597129822 0.7214147448539734
vt 0.7077564597129822 0.5444280505180359
vt 0.801207423210144 0.5444280505180359
vt 0.7077564597129822 0.7214147448539734
vt 0.801207423210144 0.5444280505180359
vt 0.801207423210144 0.7214147448539734
vt 0.018147602677345276 0.3357306122779846
vt 0.21346016228199005 0.3357306122779846
vt 0.20857705175876617 0.3406134247779846
vt 0.018147602677345276 0.3357306122779846
vt 0.20857705175876617 0.3406134247779846
vt 0.0230301171541214 0.3406134247779846
vt 0.6308549642562866 0.22719091176986694
vt 0.43554243445396423 0.22719091176986694
vt 0.4404250681400299 0.22230809926986694
vt 0.6308549642562866 0.22719091176986694
vt 0.4404250681400299 0.22230809926986694
vt 0.6259720325469971 0.22230809926986694
vt 0.20450642704963684 0.36295199394226074
vt 0.20450642704963684 0.5497039556503296
vt 0.19962361454963684 0.5448213815689087
vt 0.20450642704963684 0.36295199394226074
vt 0.19962361454963684 0.5448213815689087
vt 0.19962361454963684 0.36783480644226074
vt 0.002405771054327488 0.8356552720069885
vt 0.002405771054327488 0.6489033102989197
vt 0.007288583554327488 0.6537861227989197
vt 0.002405771054327488 0.8356552720069885
vt 0.007288583554327488 0.6537861227989197
vt 0.007288583554327488 0.8307725787162781
vn 0 -0.9999999999999992 4.371138806469333e-8
vn 0 -0.9999999999999992 4.371138806469333e-8
vn 0 -0.9999999999999992 4.371138806469333e-8
vn 0 -0.9999999999999992 4.371138806469333e-8
vn 0 -0.9999999999999992 4.371138806469333e-8
vn 0 -0.9999999999999992 4.371138806469333e-8
vn 0 0.9999999999999992 -4.371138806469333e-8
vn 0 0.9999999999999992 -4.371138806469333e-8
vn 0 0.9999999999999992 -4.371138806469333e-8
vn 0 0.9999999999999992 -4.371138806469333e-8
vn 0 0.9999999999999992 -4.371138806469333e-8
vn 0 0.9999999999999992 -4.371138806469333e-8
vn 1 0 0
vn 1 0 0
vn 1 0 0
vn 1 0 0
vn 1 0 0
vn 1 0 0
vn 0 -4.371138806469333e-8 -0.9999999999999992
vn 0 -4.371138806469333e-8 -0.9999999999999992
vn 0 -4.371138806469333e-8 -0.9999999999999992
vn 0 -4.371138806469333e-8 -0.9999999999999992
vn 0 -4.371138806469333e-8 -0.9999999999999992
vn 0 -4.371138806469333e-8 -0.9999999999999992
vn -1 0 0
vn -1 0 0
vn -1 0 0
vn -1 0 0
vn -1 0 0
vn -1 0 0
vn 1.0004427901006718e-16 0.9999999999999992 -3.872844644980944e-8
vn 1.0004427901006718e-16 0.9999999999999992 -3.872844644980944e-8
vn 1.0004427901006718e-16 0.9999999999999992 -3.872844644980944e-8
vn 1.0004427901006718e-16 0.9999999999999992 -3.872844644980944e-8
vn 1.0004427901006718e-16 0.9999999999999992 -3.872844644980944e-8
vn 1.0004427901006718e-16 0.9999999999999992 -3.872844644980944e-8
vn 0 -0.9999999999999992 4.371138806469333e-8
vn 0 -0.9999999999999992 4.371138806469333e-8
vn 0 -0.9999999999999992 4.371138806469333e-8
vn 0 -0.9999999999999992 4.371138806469333e-8
vn 0 -0.9999999999999992 4.371138806469333e-8
vn 0 -0.9999999999999992 4.371138806469333e-8
vn -1 0 0
vn -1 0 0
vn -1 0 0
vn -1 0 0
vn -1 0 0
vn -1 0 0
vn 0 4.371138806469333e-8 0.9999999999999992
vn 0 4.371138806469333e-8 0.9999999999999992
vn 0 4.371138806469333e-8 0.9999999999999992
vn 0 4.371138806469333e-8 0.9999999999999992
vn 0 4.371138806469333e-8 0.9999999999999992
vn 0 4.371138806469333e-8 0.9999999999999992
vn 0.9999999999995937 4.209690807165774e-7 -7.972705204628386e-7
vn 0.9999999999995937 4.209690807165774e-7 -7.972705204628386e-7
vn 0.9999999999995937 4.209690807165774e-7 -7.972705204628386e-7
vn 0.9999999999995937 4.209690807165774e-7 -7.972705204628386e-7
vn 0.9999999999995937 4.209690807165774e-7 -7.972705204628386e-7
vn 0.9999999999995937 4.209690807165774e-7 -7.972705204628386e-7
vn 1.9562552466823052e-8 4.8832226040573794e-8 0.9999999999999988
vn 1.9562552466823052e-8 4.8832226040573794e-8 0.9999999999999988
vn 1.9562550690466213e-8 4.8832225596484584e-8 0.9999999999999988
vn 1.9562552466823052e-8 4.8832226040573794e-8 0.9999999999999988
vn 1.9562550690466213e-8 4.8832225596484584e-8 0.9999999999999988
vn 1.9562550690466213e-8 4.8832225596484584e-8 0.9999999999999988
vn 1.9562552466823052e-8 4.8832226040573794e-8 0.9999999999999988
vn 1.9562552466823052e-8 4.8832226040573794e-8 0.9999999999999988
vn 1.9562550690466213e-8 4.8832225596484584e-8 0.9999999999999988
vn 1.9562552466823052e-8 4.8832226040573794e-8 0.9999999999999988
vn 1.9562550690466213e-8 4.8832225596484584e-8 0.9999999999999988
vn 1.9562550690466213e-8 4.8832225596484584e-8 0.9999999999999988
vn 1.9562552466823052e-8 4.8832226040573794e-8 0.9999999999999988
vn 1.9562552466823052e-8 4.8832226040573794e-8 0.9999999999999988
vn 1.9562550690466213e-8 4.8832225596484584e-8 0.9999999999999988
vn 1.9562552466823052e-8 4.8832226040573794e-8 0.9999999999999988
vn 1.9562550690466213e-8 4.8832225596484584e-8 0.9999999999999988
vn 1.9562550690466213e-8 4.8832225596484584e-8 0.9999999999999988
vn 1.9562552466823052e-8 4.8832226040573794e-8 0.9999999999999988
vn 1.9562552466823052e-8 4.8832226040573794e-8 0.9999999999999988
vn 1.9562550690466213e-8 4.8832225596484584e-8 0.9999999999999988
vn 1.9562552466823052e-8 4.8832226040573794e-8 0.9999999999999988
vn 1.9562550690466213e-8 4.8832225596484584e-8 0.9999999999999988
vn 1.9562550690466213e-8 4.8832225596484584e-8 0.9999999999999988
f 115/115/115 116/116/116 117/117/117
f 118/118/118 119/119/119 120/120/120
f 121/121/121 122/122/122 123/123/123
f 124/124/124 125/125/125 126/126/126
f 127/127/127 128/128/128 129/129/129
f 130/130/130 131/131/131 132/132/132
f 133/133/133 134/134/134 135/135/135
f 136/136/136 137/137/137 138/138/138
f 139/139/139 140/140/140 141/141/141
f 142/142/142 143/143/143 144/144/144
f 145/145/145 146/146/146 147/147/147
f 148/148/148 149/149/149 150/150/150
f 151/151/151 152/152/152 153/153/153
f 154/154/154 155/155/155 156/156/156
f 157/157/157 158/158/158 159/159/159
f 160/160/160 161/161/161 162/162/162
f 163/163/163 164/164/164 165/165/165
f 166/166/166 167/167/167 168/168/168
f 169/169/169 170/170/170 171/171/171
f 172/172/172 173/173/173 174/174/174
f 175/175/175 176/176/176 177/177/177
f 178/178/178 179/179/179 180/180/180
f 181/181/181 182/182/182 183/183/183
f 184/184/184 185/185/185 186/186/186
f 187/187/187 188/188/188 189/189/189
f 190/190/190 191/191/191 192/192/192
f 193/193/193 194/194/194 195/195/195
f 196/196/196 197/197/197 198/198/198
o door_small002
usemtl DefaultMaterial
v -618.8419329170943 90.94365019898736 303.8491116841156
v -618.8418370809811 657.3291635046547 303.8491659232602
v -224.5019712743849 657.3291625976537 283.09940183249523
v -618.8419329170943 90.94365019898736 303.8491116841156
v -224.5019712743849 657.3291625976537 283.09940183249523
v -224.50206711049805 90.9436340331973 283.0993475933513
v -224.50206711049805 90.9436340331973 283.0993475933513
v -224.5019712743849 657.3291625976537 283.09940183249523
v -223.71377688623375 657.3291632524188 298.0786790856462
v -224.50206711049805 90.9436340331973 283.0993475933513
v -223.71377688623375 657.3291632524188 298.0786790856462
v -223.71387272234688 90.9436346879623 298.07862484650224
v -223.71387272234688 90.9436346879623 298.07862484650224
v -223.71377688623375 657.3291632524188 298.0786790856462
v -618.05364269283 657.3291641594197 318.82844317641116
v -223.71387272234688 90.9436346879623 298.07862484650224
v -618.05364269283 657.3291641594197 318.82844317641116
v -618.0537385289431 90.94366611254142 318.82838893726586
v -224.50206711049805 90.9436340331973 283.0993475933513
v -223.71387272234688 90.9436346879623 298.07862484650224
v -618.0537385289431 90.94366611254142 318.82838893726586
v -224.50206711049805 90.9436340331973 283.0993475933513
v -618.0537385289431 90.94366611254142 318.82838893726586
v -618.8419329170943 90.94365019898736 303.8491116841156
v -618.0537385289431 90.94366611254142 318.82838893726586
v -618.05364269283 657.3291641594197 318.82844317641116
v -618.8418370809811 657.3291635046547 303.8491659232602
v -618.0537385289431 90.94366611254142 318.82838893726586
v -618.8418370809811 657.3291635046547 303.8491659232602
v -618.8419329170943 90.94365019898736 303.8491116841156
v -618.0536719655584 693.5791641594209 318.8284660520221
v -223.71383663437973 693.5791632524199 298.0787035648427
v -224.5020310225309 693.5791625976549 283.0994263116918
v -618.0536719655584 693.5791641594209 318.8284660520221
v -224.5020310225309 693.5791625976549 283.0994263116918
v -618.8418663537095 693.5791635046559 303.8491887988712
v -618.8418663537095 693.5791635046559 303.8491887988712
v -224.5020310225309 693.5791625976549 283.0994263116918
v -224.5019712743849 657.3291625976537 283.09940183249523
v -618.8418663537095 693.5791635046559 303.8491887988712
v -224.5019712743849 657.3291625976537 283.09940183249523
v -618.8418370809811 657.3291635046547 303.8491659232602
v -223.71383663437973 693.5791632524199 298.0787035648427
v -618.0536719655584 693.5791641594209 318.8284660520221
v -618.0536719655584 685.8627945305146 318.82846638931534
v -223.71383663437973 693.5791632524199 298.0787035648427
v -618.0536719655584 685.8627945305146 318.82846638931534
v -223.71383663437973 685.8627936235137 298.07870390213594
v -618.05364269283 657.3291641594197 318.82844317641116
v -223.71377688623375 657.3291632524188 298.0786790856462
v -223.71383663437973 665.0455939164824 298.07870481208465
v -618.05364269283 657.3291641594197 318.82844317641116
v -223.71383663437973 665.0455939164824 298.07870481208465
v -618.0536719655584 665.0455948234834 318.82846729926405
v -224.42321158371578 692.0791626631315 284.597354102574
v -223.79265607319485 692.0791631869434 296.58077590509475
v -618.1324914043735 692.0791640939443 317.3305383922741
v -224.42321158371578 692.0791626631315 284.597354102574
v -618.1324914043735 692.0791640939443 317.3305383922741
v -618.7630469148944 692.0791635701323 305.34711658975334
v -618.7630469148944 692.0791635701323 305.34711658975334
v -618.7630469148944 658.8291635701323 305.347118043157
v -224.42321158371578 658.8291626631315 284.59735555597763
v -618.7630469148944 692.0791635701323 305.34711658975334
v -224.42321158371578 658.8291626631315 284.59735555597763
v -224.42321158371578 692.0791626631315 284.597354102574
v -618.1324914043735 685.8627944650381 317.33053866400024
v -618.1324914043735 692.0791640939443 317.3305383922741
v -223.79265607319485 692.0791631869434 296.58077590509475
v -618.1324914043735 685.8627944650381 317.33053866400024
v -223.79265607319485 692.0791631869434 296.58077590509475
v -223.79265607319485 685.8627935580372 296.58077617682085
v -223.79265607319485 665.045593851006 296.58077708676956
v -223.79265607319485 658.8291631869434 296.5807773584984
v -618.1324914043735 658.8291640939443 317.3305398456778
v -223.79265607319485 665.045593851006 296.58077708676956
v -618.1324914043735 658.8291640939443 317.3305398456778
v -618.1324914043735 665.0455947580068 317.33053957394895
v -618.1324914043735 658.8291640939443 317.3305398456778
v -223.79265607319485 658.8291631869434 296.5807773584984
v -224.42321158371578 658.8291626631315 284.59735555597763
v -618.1324914043735 658.8291640939443 317.3305398456778
v -224.42321158371578 658.8291626631315 284.59735555597763
v -618.7630469148944 658.8291635701323 305.347118043157
v -224.5020310225309 693.5791625976549 283.0994263116918
v -223.71383663437973 693.5791632524199 298.0787035648427
v -223.79265607319485 692.0791631869434 296.58077590509475
v -224.5020310225309 693.5791625976549 283.0994263116918
v -223.79265607319485 692.0791631869434 296.58077590509475
v -224.42321158371578 692.0791626631315 284.597354102574
v -618.0536719655584 693.5791641594209 318.8284660520221
v -618.8418663537095 693.5791635046559 303.8491887988712
v -618.7630469148944 692.0791635701323 305.34711658975334
v -618.0536719655584 693.5791641594209 318.8284660520221
v -618.7630469148944 692.0791635701323 305.34711658975334
v -618.1324914043735 692.0791640939443 317.3305383922741
v -224.42321158371578 692.0791626631315 284.597354102574
v -224.42321158371578 658.8291626631315 284.59735555597763
v -224.5019712743849 657.3291625976537 283.09940183249523
v -224.42321158371578 692.0791626631315 284.597354102574
v -224.5019712743849 657.3291625976537 283.09940183249523
v -224.5020310225309 693.5791625976549 283.0994263116918
v -618.7630469148944 658.8291635701323 305.347118043157
v -618.7630469148944 692.0791635701323 305.34711658975334
v -618.8418663537095 693.5791635046559 303.8491887988712
v -618.7630469148944 658.8291635701323 305.347118043157
v -618.8418663537095 693.5791635046559 303.8491887988712
v -618.8418370809811 657.3291635046547 303.8491659232602
v -618.0536719655584 685.8627945305146 318.82846638931534
v -618.0536719655584 693.5791641594209 318.8284660520221
v -618.1324914043735 692.0791640939443 317.3305383922741
v -618.0536719655584 685.8627945305146 318.82846638931534
v -618.1324914043735 692.0791640939443 317.3305383922741
v -618.1324914043735 685.8627944650381 317.33053866400024
v -223.71383663437973 685.8627936235137 298.07870390213594
v -618.0536719655584 685.8627945305146 318.82846638931534
v -618.1324914043735 685.8627944650381 317.33053866400024
v -223.71383663437973 685.8627936235137 298.07870390213594
v -618.1324914043735 685.8627944650381 317.33053866400024
v -223.79265607319485 685.8627935580372 296.58077617682085
v -223.71383663437973 693.5791632524199 298.0787035648427
v -223.71383663437973 685.8627936235137 298.07870390213594
v -223.79265607319485 685.8627935580372 296.58077617682085
v -223.71383663437973 693.5791632524199 298.0787035648427
v -223.79265607319485 685.8627935580372 296.58077617682085
v -223.79265607319485 692.0791631869434 296.58077590509475
v -223.71383663437973 665.0455939164824 298.07870481208465
v -223.71377688623375 657.3291632524188 298.0786790856462
v -223.79265607319485 658.8291631869434 296.5807773584984
v -223.71383663437973 665.0455939164824 298.07870481208465
v -223.79265607319485 658.8291631869434 296.5807773584984
v -223.79265607319485 665.045593851006 296.58077708676956
v -618.0536719655584 665.0455948234834 318.82846729926405
v -223.71383663437973 665.0455939164824 298.07870481208465
v -223.79265607319485 665.045593851006 296.58077708676956
v -618.0536719655584 665.0455948234834 318.82846729926405
v -223.79265607319485 665.045593851006 296.58077708676956
v -618.1324914043735 665.0455947580068 317.33053957394895
v -618.05364269283 657.3291641594197 318.82844317641116
v -618.0536719655584 665.0455948234834 318.82846729926405
v -618.1324914043735 665.0455947580068 317.33053957394895
v -618.05364269283 657.3291641594197 318.82844317641116
v -618.1324914043735 665.0455947580068 317.33053957394895
v -618.1324914043735 658.8291640939443 317.3305398456778
v -223.71377688623375 657.3291632524188 298.0786790856462
v -224.5019712743849 657.3291625976537 283.09940183249523
v -224.42321158371578 658.8291626631315 284.59735555597763
v -223.71377688623375 657.3291632524188 298.0786790856462
v -224.42321158371578 658.8291626631315 284.59735555597763
v -223.79265607319485 658.8291631869434 296.5807773584984
v -618.8418370809811 657.3291635046547 303.8491659232602
v -618.05364269283 657.3291641594197 318.82844317641116
v -618.1324914043735 658.8291640939443 317.3305398456778
v -618.8418370809811 657.3291635046547 303.8491659232602
v -618.1324914043735 658.8291640939443 317.3305398456778
v -618.7630469148944 658.8291635701323 305.347118043157
vt 0.6952783465385437 0.7304409146308899
vt 0.6952783465385437 0.871160089969635
vt 0.5988708138465881 0.871160089969635
vt 0.6952783465385437 0.7304409146308899
vt 0.5988708138465881 0.871160089969635
vt 0.5988709330558777 0.7304409146308899
vt 0.9428004622459412 0.21777117252349854
vt 0.9428004622459412 0.3584914207458496
vt 0.9391383528709412 0.3584914207458496
vt 0.9428004622459412 0.21777117252349854
vt 0.9391383528709412 0.3584914207458496
vt 0.9391383528709412 0.21777117252349854
vt 0.7950902581214905 0.7349778413772583
vt 0.7950902581214905 0.875697135925293
vt 0.6986827254295349 0.875697135925293
vt 0.7950902581214905 0.7349778413772583
vt 0.6986827254295349 0.875697135925293
vt 0.6986826062202454 0.7349778413772583
vt 0.903976559638977 0.7667361497879028
vt 0.903976559638977 0.7703982591629028
vt 0.8075682520866394 0.7703982591629028
vt 0.903976559638977 0.7667361497879028
vt 0.8075682520866394 0.7703982591629028
vt 0.8075682520866394 0.7667361497879028
vt 0.9019683599472046 0.4083210229873657
vt 0.9019683599472046 0.5490427017211914
vt 0.8983062505722046 0.5490427017211914
vt 0.9019683599472046 0.4083210229873657
vt 0.8983062505722046 0.5490427017211914
vt 0.8983062505722046 0.4083210229873657
vt 0.7032195329666138 0.8892324566841125
vt 0.7996269464492798 0.8892324566841125
vt 0.7996269464492798 0.8928945660591125
vt 0.7032195329666138 0.8892324566841125
vt 0.7996269464492798 0.8928945660591125
vt 0.7032195329666138 0.8928945660591125
vt 0.6952783465385437 0.877568781375885
vt 0.5988708138465881 0.877568781375885
vt 0.5988708138465881 0.871160089969635
vt 0.6952783465385437 0.877568781375885
vt 0.5988708138465881 0.871160089969635
vt 0.6952783465385437 0.871160089969635
vt 0.9039763808250427 0.7776939272880554
vt 0.8075682520866394 0.7776939272880554
vt 0.8075682520866394 0.7758099436759949
vt 0.9039763808250427 0.7776939272880554
vt 0.8075682520866394 0.7758099436759949
vt 0.9039763808250427 0.7758099436759949
vt 0.6986827254295349 0.875697135925293
vt 0.7950902581214905 0.875697135925293
vt 0.7950902581214905 0.877581000328064
vt 0.6986827254295349 0.875697135925293
vt 0.7950902581214905 0.877581000328064
vt 0.6986827254295349 0.877581000328064
vt 0.9039761424064636 0.793957531452179
vt 0.9039761424064636 0.796887218952179
vt 0.8075682520866394 0.796887218952179
vt 0.9039761424064636 0.793957531452179
vt 0.8075682520866394 0.796887218952179
vt 0.8075682520866394 0.793957531452179
vt 0.7032195329666138 0.9130563139915466
vt 0.7032195329666138 0.9073800444602966
vt 0.7996267080307007 0.9073800444602966
vt 0.7032195329666138 0.9130563139915466
vt 0.7996267080307007 0.9073800444602966
vt 0.7996267080307007 0.9130563139915466
vt 0.7996269464492798 0.8846955299377441
vt 0.7996269464492798 0.8862131834030151
vt 0.7032195329666138 0.8862131834030151
vt 0.7996269464492798 0.8846955299377441
vt 0.7032195329666138 0.8862131834030151
vt 0.7032195329666138 0.8846955299377441
vt 0.8075681924819946 0.7591798901557922
vt 0.8075681924819946 0.7576623558998108
vt 0.9039784669876099 0.7576623558998108
vt 0.8075681924819946 0.7591798901557922
vt 0.9039784669876099 0.7576623558998108
vt 0.9039784669876099 0.7591798901557922
vt 0.8075682520866394 0.8075682520866394
vt 0.9039760231971741 0.8075682520866394
vt 0.9039760231971741 0.8104979395866394
vt 0.8075682520866394 0.8075682520866394
vt 0.9039760231971741 0.8104979395866394
vt 0.8075682520866394 0.8104979395866394
vt 0.9428004622459412 0.36490023136138916
vt 0.9391383528709412 0.36490023136138916
vt 0.9395045638084412 0.36453402042388916
vt 0.9428004622459412 0.36490023136138916
vt 0.9395045638084412 0.36453402042388916
vt 0.9424342513084412 0.36453402042388916
vt 0.9019683599472046 0.555451512336731
vt 0.8983062505722046 0.555451512336731
vt 0.8986724615097046 0.555085301399231
vt 0.9019683599472046 0.555451512336731
vt 0.8986724615097046 0.555085301399231
vt 0.9016021490097046 0.555085301399231
vt 0.9424342513084412 0.36453402042388916
vt 0.9424342513084412 0.35885751247406006
vt 0.9428004622459412 0.3584914207458496
vt 0.9424342513084412 0.36453402042388916
vt 0.9428004622459412 0.3584914207458496
vt 0.9428004622459412 0.36490023136138916
vt 0.8986724615097046 0.5494087934494019
vt 0.8986724615097046 0.555085301399231
vt 0.8983062505722046 0.555451512336731
vt 0.8986724615097046 0.5494087934494019
vt 0.8983062505722046 0.555451512336731
vt 0.8983062505722046 0.5490427017211914
vt 0.9019683599472046 0.5535675287246704
vt 0.9019683599472046 0.555451512336731
vt 0.9016021490097046 0.555085301399231
vt 0.9019683599472046 0.5535675287246704
vt 0.9016021490097046 0.555085301399231
vt 0.9016021490097046 0.5535675287246704
vt 0.9039784073829651 0.7625654339790344
vt 0.8075683116912842 0.7625654339790344
vt 0.8075683116912842 0.7621992230415344
vt 0.9039784073829651 0.7625654339790344
vt 0.8075683116912842 0.7621992230415344
vt 0.9039784073829651 0.7621992230415344
vt 0.9391383528709412 0.36490023136138916
vt 0.9391383528709412 0.36301636695861816
vt 0.9395045638084412 0.36301636695861816
vt 0.9391383528709412 0.36490023136138916
vt 0.9395045638084412 0.36301636695861816
vt 0.9395045638084412 0.36453402042388916
vt 0.9391383528709412 0.36037540435791016
vt 0.9391383528709412 0.3584914207458496
vt 0.9395045638084412 0.35885751247406006
vt 0.9391383528709412 0.36037540435791016
vt 0.9395045638084412 0.35885751247406006
vt 0.9395045638084412 0.36037540435791016
vt 0.20878079533576965 0.9980262517929077
vt 0.30518317222595215 0.9980262517929077
vt 0.30518317222595215 0.9983924627304077
vt 0.20878079533576965 0.9980262517929077
vt 0.30518317222595215 0.9983924627304077
vt 0.20878079533576965 0.9983924627304077
vt 0.9019683599472046 0.5490427017211914
vt 0.9019683599472046 0.5509265661239624
vt 0.9016021490097046 0.5509265661239624
vt 0.9019683599472046 0.5490427017211914
vt 0.9016021490097046 0.5509265661239624
vt 0.9016021490097046 0.5494087934494019
vt 0.9391383528709412 0.3584914207458496
vt 0.9428004622459412 0.3584914207458496
vt 0.9424342513084412 0.35885751247406006
vt 0.9391383528709412 0.3584914207458496
vt 0.9424342513084412 0.35885751247406006
vt 0.9395045638084412 0.35885751247406006
vt 0.8983062505722046 0.5490427017211914
vt 0.9019683599472046 0.5490427017211914
vt 0.9016021490097046 0.5494087934494019
vt 0.8983062505722046 0.5490427017211914
vt 0.9016021490097046 0.5494087934494019
vt 0.8986724615097046 0.5494087934494019
vn -0.05254629284463532 1.0452251140837525e-7 -0.9986184892681863
vn -0.05254629284463532 1.0452252561922988e-7 -0.9986184892681863
vn -0.05254629284463532 1.0452251140837525e-7 -0.9986184892681863
vn -0.05254629284463532 1.0452251140837525e-7 -0.9986184892681863
vn -0.05254629284463532 1.0452251140837525e-7 -0.9986184892681863
vn -0.05254629284463532 1.0452252561922988e-7 -0.9986184892681863
vn 0.9986184892681783 -1.6394071011801835e-7 -0.052546292844636334
vn 0.9986184892681783 -1.6394072432887299e-7 -0.052546292844636334
vn 0.9986184892681783 -1.6394071011801835e-7 -0.052546292844636334
vn 0.9986184892681783 -1.6394071011801835e-7 -0.052546292844636334
vn 0.9986184892681783 -1.6394071011801835e-7 -0.052546292844636334
vn 0.9986184892681783 -1.6394072432887299e-7 -0.052546292844636334
vn 0.05254629284463532 -1.0452251140837525e-7 0.9986184892681863
vn 0.05254629284463532 -1.0452251140837525e-7 0.9986184892681863
vn 0.05254629284463532 -1.0452252561922988e-7 0.9986184892681863
vn 0.05254629284463532 -1.0452251140837525e-7 0.9986184892681863
vn 0.05254629284463532 -1.0452252561922988e-7 0.9986184892681863
vn 0.05254629284463532 -1.0452251140837525e-7 0.9986184892681863
vn -3.1155080380505414e-8 -0.9999999999998458 5.546807700962864e-7
vn -3.1155080380505414e-8 -0.9999999999998458 5.546807700962864e-7
vn -3.1155080380505414e-8 -0.9999999999998458 5.546807700962864e-7
vn -3.1155080380505414e-8 -0.9999999999998458 5.546807700962864e-7
vn -3.1155080380505414e-8 -0.9999999999998458 5.546807700962864e-7
vn -3.1155080380505414e-8 -0.9999999999998458 5.546807700962864e-7
vn -0.9986184892681783 1.6394071011801835e-7 0.052546292844636334
vn -0.9986184892681783 1.6394071011801835e-7 0.052546292844636334
vn -0.9986184892681783 1.6394072432887299e-7 0.052546292844636334
vn -0.9986184892681783 1.6394071011801835e-7 0.052546292844636334
vn -0.9986184892681783 1.6394072432887299e-7 0.052546292844636334
vn -0.9986184892681783 1.6394071011801835e-7 0.052546292844636334
vn 0 0.9999999999999991 -4.371138806469333e-8
vn 0 0.9999999999999991 -4.371138806469333e-8
vn 0 0.9999999999999991 -4.371138806469333e-8
vn 0 0.9999999999999991 -4.371138806469333e-8
vn 0 0.9999999999999991 -4.371138806469333e-8
vn 0 0.9999999999999991 -4.371138806469333e-8
vn -0.052546292844633746 5.877472186620021e-7 -0.998618489268019
vn -0.052546292844633746 5.877472186620021e-7 -0.998618489268019
vn -0.05254629284463532 1.0452251140837525e-7 -0.9986184892681863
vn -0.052546292844633746 5.877472186620021e-7 -0.998618489268019
vn -0.05254629284463532 1.0452251140837525e-7 -0.9986184892681863
vn -0.05254629284463532 1.0452252561922988e-7 -0.9986184892681863
vn 0.052546292844644224 4.365100031297971e-8 0.9986184892681905
vn 0.052546292844644224 4.365100031297971e-8 0.9986184892681905
vn 0.052546292844644224 4.365100031297971e-8 0.9986184892681905
vn 0.052546292844644224 4.365100031297971e-8 0.9986184892681905
vn 0.052546292844644224 4.365100031297971e-8 0.9986184892681905
vn 0.052546292844644224 4.365100031297971e-8 0.9986184892681905
vn 0.05254629284463532 -1.0452252561922988e-7 0.9986184892681863
vn 0.05254629284463532 -1.0452251140837525e-7 0.9986184892681863
vn 0.05254629284441306 -0.0000029225115657767757 0.9986184892639272
vn 0.05254629284463532 -1.0452252561922988e-7 0.9986184892681863
vn 0.05254629284441306 -0.0000029225115657767757 0.9986184892639272
vn 0.05254629284441306 -0.0000029225113384031015 0.9986184892639272
vn 0 -0.9999999999999991 4.371138806469333e-8
vn 0 -0.9999999999999991 4.371138806469333e-8
vn 0 -0.9999999999999991 4.371138806469333e-8
vn 0 -0.9999999999999991 4.371138806469333e-8
vn 0 -0.9999999999999991 4.371138806469333e-8
vn 0 -0.9999999999999991 4.371138806469333e-8
vn 0.052546292844644224 4.365100031297971e-8 0.9986184892681905
vn 0.052546292844644224 4.365100031297971e-8 0.9986184892681905
vn 0.052546292844644224 4.365100031297971e-8 0.9986184892681905
vn 0.052546292844644224 4.365100031297971e-8 0.9986184892681905
vn 0.052546292844644224 4.365100031297971e-8 0.9986184892681905
vn 0.052546292844644224 4.365100031297971e-8 0.9986184892681905
vn -0.052546292844644224 -4.365100031297971e-8 -0.9986184892681905
vn -0.052546292844644224 -4.365100031297971e-8 -0.9986184892681905
vn -0.052546292844644224 -4.365100031297971e-8 -0.9986184892681905
vn -0.052546292844644224 -4.365100031297971e-8 -0.9986184892681905
vn -0.052546292844644224 -4.365100031297971e-8 -0.9986184892681905
vn -0.052546292844644224 -4.365100031297971e-8 -0.9986184892681905
vn -0.052546292844644224 -4.365100031297971e-8 -0.9986184892681905
vn -0.052546292844644224 -4.365100031297971e-8 -0.9986184892681905
vn -0.052546292844644224 -4.365100031297971e-8 -0.9986184892681905
vn -0.052546292844644224 -4.365100031297971e-8 -0.9986184892681905
vn -0.052546292844644224 -4.365100031297971e-8 -0.9986184892681905
vn -0.052546292844644224 -4.365100031297971e-8 -0.9986184892681905
vn 0 0.9999999999999991 -4.371138806469333e-8
vn 0 0.9999999999999991 -4.371138806469333e-8
vn 0 0.9999999999999991 -4.371138806469333e-8
vn 0 0.9999999999999991 -4.371138806469333e-8
vn 0 0.9999999999999991 -4.371138806469333e-8
vn 0 0.9999999999999991 -4.371138806469333e-8
vn 0.9986190237410566 4.3680221199110967e-7 -0.05253613444352504
vn 0.9986184892681914 -2.296871397893258e-9 -0.052546292844644085
vn 0.9986184892681914 -2.296871397893258e-9 -0.052546292844644085
vn 0.9986190237410566 4.3680221199110967e-7 -0.05253613444352504
vn 0.9986184892681914 -2.296871397893258e-9 -0.052546292844644085
vn 0.9986190237408654 4.36802013038986e-7 -0.05253613444715799
vn -0.9986184892681914 2.296871397893258e-9 0.052546292844644085
vn -0.998618756517565 -2.1725267030511385e-7 0.05254121364476531
vn -0.9986187565174695 -2.17252570829052e-7 0.052541213646581784
vn -0.9986184892681914 2.296871397893258e-9 0.052546292844644085
vn -0.9986187565174695 -2.17252570829052e-7 0.052541213646581784
vn -0.9986184892681914 2.296871397893258e-9 0.052546292844644085
vn 0.9986190237408654 4.36802013038986e-7 -0.05253613444715799
vn 0.9986190235235483 0.000020781918387264254 -0.052536134469401606
vn 0.9986190235303384 0.000020781669185723178 -0.052536134340431966
vn 0.9986190237408654 4.36802013038986e-7 -0.05253613444715799
vn 0.9986190235303384 0.000020781669185723178 -0.052536134340431966
vn 0.9986190237410566 4.3680221199110967e-7 -0.05253613444352504
vn -0.9986187564627101 -0.00001038981076001974 0.05254121366053889
vn -0.9986187565174695 -2.17252570829052e-7 0.052541213646581784
vn -0.998618756517565 -2.1725267030511385e-7 0.05254121364476531
vn -0.9986187564627101 -0.00001038981076001974 0.05254121366053889
vn -0.998618756517565 -2.1725267030511385e-7 0.05254121364476531
vn -0.9986187564661043 -0.000010389686159249151 0.05254121359605403
vn -0.9986184892681914 2.296871397893258e-9 0.052546292844644085
vn -0.9986184892681914 2.296871397893258e-9 0.052546292844644085
vn -0.9986184892681914 2.296871397893258e-9 0.052546292844644085
vn -0.9986184892681914 2.296871397893258e-9 0.052546292844644085
vn -0.9986184892681914 2.296871397893258e-9 0.052546292844644085
vn -0.9986184892681914 2.296871397893258e-9 0.052546292844644085
vn 0 -0.9999999999999991 4.371138806469333e-8
vn 0 -0.9999999999999991 4.371138806469333e-8
vn 0 -0.9999999999999991 4.371138806469333e-8
vn 0 -0.9999999999999991 4.371138806469333e-8
vn 0 -0.9999999999999991 4.371138806469333e-8
vn 0 -0.9999999999999991 4.371138806469333e-8
vn 0.9986184892681914 -2.296871397893258e-9 -0.052546292844644085
vn 0.9986184892681914 -2.296871397893258e-9 -0.052546292844644085
vn 0.9986184892681914 -2.296871397893258e-9 -0.052546292844644085
vn 0.9986184892681914 -2.296871397893258e-9 -0.052546292844644085
vn 0.9986184892681914 -2.296871397893258e-9 -0.052546292844644085
vn 0.9986184892681914 -2.296871397893258e-9 -0.052546292844644085
vn 0.9986175351241012 0.000004378394954438287 -0.0525644226021185
vn 0.9986180119922817 0.000022533244171579395 -0.05255535764159289
vn 0.9986180119870763 0.000022533042263752576 -0.052555357740591044
vn 0.9986175351241012 0.000004378394954438287 -0.0525644226021185
vn 0.9986180119870763 0.000022533042263752576 -0.052555357740591044
vn 0.9986175351241968 0.000004378394499691019 -0.05256442260030202
vn 0 0.9999999999999991 -4.371138806469333e-8
vn 0 0.9999999999999991 -4.371138806469333e-8
vn 0 0.9999999999999991 -4.371138806469333e-8
vn 0 0.9999999999999991 -4.371138806469333e-8
vn 0 0.9999999999999991 -4.371138806469333e-8
vn 0 0.9999999999999991 -4.371138806469333e-8
vn -0.9986182507039396 -0.000011265473652584647 0.05255082524654229
vn -0.9986180122397803 -0.0000021880485870593163 0.05255535772385696
vn -0.9986180122397803 -0.0000021880485870593163 0.05255535772385696
vn -0.9986182507039396 -0.000011265473652584647 0.05255082524654229
vn -0.9986180122397803 -0.0000021880485870593163 0.05255535772385696
vn -0.9986182507013361 -0.000011265372698671185 0.05255082529604133
vn 0.9986180119922817 0.000022533244171579395 -0.05255535764159289
vn 0.9986190235303384 0.000020781669185723178 -0.052536134340431966
vn 0.9986190235235483 0.000020781918387264254 -0.052536134469401606
vn 0.9986180119922817 0.000022533244171579395 -0.05255535764159289
vn 0.9986190235235483 0.000020781918387264254 -0.052536134469401606
vn 0.9986180119870763 0.000022533042263752576 -0.052555357740591044
vn -0.9986187564661043 -0.000010389686159249151 0.05254121359605403
vn -0.9986182507039396 -0.000011265473652584647 0.05255082524654229
vn -0.9986182507013361 -0.000011265372698671185 0.05255082529604133
vn -0.9986187564661043 -0.000010389686159249151 0.05254121359605403
vn -0.9986182507013361 -0.000011265372698671185 0.05255082529604133
vn -0.9986187564627101 -0.00001038981076001974 0.05254121366053889
f 199/199/199 200/200/200 201/201/201
f 202/202/202 203/203/203 204/204/204
f 205/205/205 206/206/206 207/207/207
f 208/208/208 209/209/209 210/210/210
f 211/211/211 212/212/212 213/213/213
f 214/214/214 215/215/215 216/216/216
f 217/217/217 218/218/218 219/219/219
f 220/220/220 221/221/221 222/222/222
f 223/223/223 224/224/224 225/225/225
f 226/226/226 227/227/227 228/228/228
f 229/229/229 230/230/230 231/231/231
f 232/232/232 233/233/233 234/234/234
f 235/235/235 236/236/236 237/237/237
f 238/238/238 239/239/239 240/240/240
f 241/241/241 242/242/242 243/243/243
f 244/244/244 245/245/245 246/246/246
f 247/247/247 248/248/248 249/249/249
f 250/250/250 251/251/251 252/252/252
f 253/253/253 254/254/254 255/255/255
f 256/256/256 257/257/257 258/258/258
f 259/259/259 260/260/260 261/261/261
f 262/262/262 263/263/263 264/264/264
f 265/265/265 266/266/266 267/267/267
f 268/268/268 269/269/269 270/270/270
f 271/271/271 272/272/272 273/273/273
f 274/274/274 275/275/275 276/276/276
f 277/277/277 278/278/278 279/279/279
f 280/280/280 281/281/281 282/282/282
f 283/283/283 284/284/284 285/285/285
f 286/286/286 287/287/287 288/288/288
f 289/289/289 290/290/290 291/291/291
f 292/292/292 293/293/293 294/294/294
f 295/295/295 296/296/296 297/297/297
f 298/298/298 299/299/299 300/300/300
f 301/301/301 302/302/302 303/303/303
f 304/304/304 305/305/305 306/306/306
f 307/307/307 308/308/308 309/309/309
f 310/310/310 311/311/311 312/312/312
f 313/313/313 314/314/314 315/315/315
f 316/316/316 317/317/317 318/318/318
f 319/319/319 320/320/320 321/321/321
f 322/322/322 323/323/323 324/324/324
f 325/325/325 326/326/326 327/327/327
f 328/328/328 329/329/329 330/330/330
f 331/331/331 332/332/332 333/333/333
f 334/334/334 335/335/335 336/336/336
f 337/337/337 338/338/338 339/339/339
f 340/340/340 341/341/341 342/342/342
f 343/343/343 344/344/344 345/345/345
f 346/346/346 347/347/347 348/348/348
f 349/349/349 350/350/350 351/351/351
f 352/352/352 353/353/353 354/354/354
o shelf_big002
usemtl DefaultMaterial
v -1000.8921203613281 677.5601171579392 271.8185581754065
v -240.29135131835938 677.5601171579392 271.8185581754065
v -240.29135131835938 697.5159582223923 271.818557303109
v -1000.8921203613281 677.5601171579392 271.8185581754065
v -240.29135131835938 697.5159582223923 271.818557303109
v -1000.8921203613281 697.5159582223923 271.818557303109
v -240.29135131835938 697.5159326467483 -313.2839817593909
v -1000.8921203613281 697.5159326467483 -313.2839817593909
v -1000.8921203613281 697.5159582223923 271.818557303109
v -240.29135131835938 697.5159326467483 -313.2839817593909
v -1000.8921203613281 697.5159582223923 271.818557303109
v -240.29135131835938 697.5159582223923 271.818557303109
v -1000.8921203613281 677.5601171579392 271.8185581754065
v -1000.8921203613281 677.5600915822952 -313.2839808870934
v -240.29135131835938 677.5600915822952 -313.2839808870934
v -1000.8921203613281 677.5601171579392 271.8185581754065
v -240.29135131835938 677.5600915822952 -313.2839808870934
v -240.29135131835938 677.5601171579392 271.8185581754065
vt 0.43100547790527344 0.3357306122779846
vt 0.6166994571685791 0.3357306122779846
vt 0.6166994571685791 0.3406025767326355
vt 0.43100547790527344 0.3357306122779846
vt 0.6166994571685791 0.3406025767326355
vt 0.43100547790527344 0.3406025767326355
vt 0.1884208768606186 0.9931547045707703
vt 0.002727189566940069 0.9931547045707703
vt 0.002727189566940069 0.8503074645996094
vt 0.1884208768606186 0.9931547045707703
vt 0.002727189566940069 0.8503074645996094
vt 0.1884208768606186 0.8503074645996094
vt 0.20869740843772888 0.5057992935180664
vt 0.20869740843772888 0.36295199394226074
vt 0.39439091086387634 0.36295199394226074
vt 0.20869740843772888 0.5057992935180664
vt 0.39439091086387634 0.36295199394226074
vt 0.39439091086387634 0.5057992935180664
vn 0 4.371138806469333e-8 0.9999999999999992
vn 0 4.371138806469333e-8 0.9999999999999992
vn 0 4.371138806469333e-8 0.9999999999999992
vn 0 4.371138806469333e-8 0.9999999999999992
vn 0 4.371138806469333e-8 0.9999999999999992
vn 0 4.371138806469333e-8 0.9999999999999992
vn 0 0.9999999999999992 -4.371138806469333e-8
vn 0 0.9999999999999992 -4.371138806469333e-8
vn 0 0.9999999999999992 -4.371138806469333e-8
vn 0 0.9999999999999992 -4.371138806469333e-8
vn 0 0.9999999999999992 -4.371138806469333e-8
vn 0 0.9999999999999992 -4.371138806469333e-8
vn 0 -0.9999999999999992 4.371138806469333e-8
vn 0 -0.9999999999999992 4.371138806469333e-8
vn 0 -0.9999999999999992 4.371138806469333e-8
vn 0 -0.9999999999999992 4.371138806469333e-8
vn 0 -0.9999999999999992 4.371138806469333e-8
vn 0 -0.9999999999999992 4.371138806469333e-8
f 355/355/355 356/356/356 357/357/357
f 358/358/358 359/359/359 360/360/360
f 361/361/361 362/362/362 363/363/363
f 364/364/364 365/365/365 366/366/366
f 367/367/367 368/368/368 369/369/369
f 370/370/370 371/371/371 372/372/372
o Box_small002
usemtl DefaultMaterial
v -1017.632080078125 698.2462286497916 308.90942710647903
v -1017.632080078125 698.2462279941208 293.90942710647903
v -622.7467041015625 698.2462279941208 293.90942710647903
v -1017.632080078125 698.2462286497916 308.90942710647903
v -622.7467041015625 698.2462279941208 293.90942710647903
v -622.7467041015625 698.2462286497916 308.90942710647903
v -622.7467041015625 698.2462286497916 308.90942710647903
v -622.7467041015625 811.9962286497916 308.9094221343086
v -1017.632080078125 811.9962286497916 308.9094221343086
v -622.7467041015625 698.2462286497916 308.90942710647903
v -1017.632080078125 811.9962286497916 308.9094221343086
v -1017.632080078125 698.2462286497916 308.90942710647903
v -622.7467041015625 698.2462279941208 293.90942710647903
v -622.7467041015625 811.9962279941208 293.9094221343086
v -622.7467041015625 811.9962286497916 308.9094221343086
v -622.7467041015625 698.2462279941208 293.90942710647903
v -622.7467041015625 811.9962286497916 308.9094221343086
v -622.7467041015625 698.2462286497916 308.90942710647903
v -1017.632080078125 698.2462279941208 293.90942710647903
v -1017.632080078125 811.9962279941208 293.9094221343086
v -622.7467041015625 811.9962279941208 293.9094221343086
v -1017.632080078125 698.2462279941208 293.90942710647903
v -622.7467041015625 811.9962279941208 293.9094221343086
v -622.7467041015625 698.2462279941208 293.90942710647903
v -1017.632080078125 698.2462286497916 308.90942710647903
v -1017.632080078125 811.9962286497916 308.9094221343086
v -1017.632080078125 811.9962279941208 293.9094221343086
v -1017.632080078125 698.2462286497916 308.90942710647903
v -1017.632080078125 811.9962279941208 293.9094221343086
v -1017.632080078125 698.2462279941208 293.90942710647903
v -1017.632080078125 848.2462286497916 308.9094205497708
v -622.7467041015625 848.2462286497916 308.9094205497708
v -622.7467041015625 848.2462279941208 293.9094205497708
v -1017.632080078125 848.2462286497916 308.9094205497708
v -622.7467041015625 848.2462279941208 293.9094205497708
v -1017.632080078125 848.2462279941208 293.9094205497708
v -1017.632080078125 848.2462279941208 293.9094205497708
v -622.7467041015625 848.2462279941208 293.9094205497708
v -622.7467041015625 811.9962279941208 293.9094221343086
v -1017.632080078125 848.2462279941208 293.9094205497708
v -622.7467041015625 811.9962279941208 293.9094221343086
v -1017.632080078125 811.9962279941208 293.9094221343086
v -622.7467041015625 848.2462286497916 308.9094205497708
v -1017.632080078125 848.2462286497916 308.9094205497708
v -1017.632080078125 840.5298285033073 308.9094208870654
v -622.7467041015625 848.2462286497916 308.9094205497708
v -1017.632080078125 840.5298285033073 308.9094208870654
v -622.7467041015625 840.5298285033073 308.9094208870654
v -1017.632080078125 811.9962286497916 308.9094221343086
v -622.7467041015625 811.9962286497916 308.9094221343086
v -622.7467041015625 819.712628796276 308.9094217970141
v -1017.632080078125 811.9962286497916 308.9094221343086
v -622.7467041015625 819.712628796276 308.9094217970141
v -1017.632080078125 819.712628796276 308.9094217970141
v -622.7467041015625 846.7462280596878 295.4094206153379
v -622.7467041015625 846.7462285842245 307.4094206153379
v -1017.632080078125 846.7462285842245 307.4094206153379
v -622.7467041015625 846.7462280596878 295.4094206153379
v -1017.632080078125 846.7462285842245 307.4094206153379
v -1017.632080078125 846.7462280596878 295.4094206153379
v -1017.632080078125 846.7462280596878 295.4094206153379
v -1017.632080078125 813.4962280596878 295.40942206874155
v -622.7467041015625 813.4962280596878 295.40942206874155
v -1017.632080078125 846.7462280596878 295.4094206153379
v -622.7467041015625 813.4962280596878 295.40942206874155
v -622.7467041015625 846.7462280596878 295.4094206153379
v -1017.632080078125 840.5298284377401 307.4094208870654
v -1017.632080078125 846.7462285842245 307.4094206153379
v -622.7467041015625 846.7462285842245 307.4094206153379
v -1017.632080078125 840.5298284377401 307.4094208870654
v -622.7467041015625 846.7462285842245 307.4094206153379
v -622.7467041015625 840.5298284377401 307.4094208870654
v -622.7467041015625 819.712628730709 307.4094217970141
v -622.7467041015625 813.4962285842246 307.40942206874155
v -1017.632080078125 813.4962285842246 307.40942206874155
v -622.7467041015625 819.712628730709 307.4094217970141
v -1017.632080078125 813.4962285842246 307.40942206874155
v -1017.632080078125 819.712628730709 307.4094217970141
v -1017.632080078125 813.4962285842246 307.40942206874155
v -622.7467041015625 813.4962285842246 307.40942206874155
v -622.7467041015625 813.4962280596878 295.40942206874155
v -1017.632080078125 813.4962285842246 307.40942206874155
v -622.7467041015625 813.4962280596878 295.40942206874155
v -1017.632080078125 813.4962280596878 295.40942206874155
v -622.7467041015625 848.2462279941208 293.9094205497708
v -622.7467041015625 848.2462286497916 308.9094205497708
v -622.7467041015625 846.7462285842245 307.4094206153379
v -622.7467041015625 848.2462279941208 293.9094205497708
v -622.7467041015625 846.7462285842245 307.4094206153379
v -622.7467041015625 846.7462280596878 295.4094206153379
v -1017.632080078125 848.2462286497916 308.9094205497708
v -1017.632080078125 848.2462279941208 293.9094205497708
v -1017.632080078125 846.7462280596878 295.4094206153379
v -1017.632080078125 848.2462286497916 308.9094205497708
v -1017.632080078125 846.7462280596878 295.4094206153379
v -1017.632080078125 846.7462285842245 307.4094206153379
v -622.7467041015625 846.7462280596878 295.4094206153379
v -622.7467041015625 813.4962280596878 295.40942206874155
v -622.7467041015625 811.9962279941208 293.9094221343086
v -622.7467041015625 846.7462280596878 295.4094206153379
v -622.7467041015625 811.9962279941208 293.9094221343086
v -622.7467041015625 848.2462279941208 293.9094205497708
v -1017.632080078125 813.4962280596878 295.40942206874155
v -1017.632080078125 846.7462280596878 295.4094206153379
v -1017.632080078125 848.2462279941208 293.9094205497708
v -1017.632080078125 813.4962280596878 295.40942206874155
v -1017.632080078125 848.2462279941208 293.9094205497708
v -1017.632080078125 811.9962279941208 293.9094221343086
v -1017.632080078125 840.5298285033073 308.9094208870654
v -1017.632080078125 848.2462286497916 308.9094205497708
v -1017.632080078125 846.7462285842245 307.4094206153379
v -1017.632080078125 840.5298285033073 308.9094208870654
v -1017.632080078125 846.7462285842245 307.4094206153379
v -1017.632080078125 840.5298284377401 307.4094208870654
v -622.7467041015625 840.5298285033073 308.9094208870654
v -1017.632080078125 840.5298285033073 308.9094208870654
v -1017.632080078125 840.5298284377401 307.4094208870654
v -622.7467041015625 840.5298285033073 308.9094208870654
v -1017.632080078125 840.5298284377401 307.4094208870654
v -622.7467041015625 840.5298284377401 307.4094208870654
v -622.7467041015625 848.2462286497916 308.9094205497708
v -622.7467041015625 840.5298285033073 308.9094208870654
v -622.7467041015625 840.5298284377401 307.4094208870654
v -622.7467041015625 848.2462286497916 308.9094205497708
v -622.7467041015625 840.5298284377401 307.4094208870654
v -622.7467041015625 846.7462285842245 307.4094206153379
v -622.7467041015625 819.712628796276 308.9094217970141
v -622.7467041015625 811.9962286497916 308.9094221343086
v -622.7467041015625 813.4962285842246 307.40942206874155
v -622.7467041015625 819.712628796276 308.9094217970141
v -622.7467041015625 813.4962285842246 307.40942206874155
v -622.7467041015625 819.712628730709 307.4094217970141
v -1017.632080078125 819.712628796276 308.9094217970141
v -622.7467041015625 819.712628796276 308.9094217970141
v -622.7467041015625 819.712628730709 307.4094217970141
v -1017.632080078125 819.712628796276 308.9094217970141
v -622.7467041015625 819.712628730709 307.4094217970141
v -1017.632080078125 819.712628730709 307.4094217970141
v -1017.632080078125 811.9962286497916 308.9094221343086
v -1017.632080078125 819.712628796276 308.9094217970141
v -1017.632080078125 819.712628730709 307.4094217970141
v -1017.632080078125 811.9962286497916 308.9094221343086
v -1017.632080078125 819.712628730709 307.4094217970141
v -1017.632080078125 813.4962285842246 307.40942206874155
v -622.7467041015625 811.9962286497916 308.9094221343086
v -622.7467041015625 811.9962279941208 293.9094221343086
v -622.7467041015625 813.4962280596878 295.40942206874155
v -622.7467041015625 811.9962286497916 308.9094221343086
v -622.7467041015625 813.4962280596878 295.40942206874155
v -622.7467041015625 813.4962285842246 307.40942206874155
v -1017.632080078125 811.9962279941208 293.9094221343086
v -1017.632080078125 811.9962286497916 308.9094221343086
v -1017.632080078125 813.4962285842246 307.40942206874155
v -1017.632080078125 811.9962279941208 293.9094221343086
v -1017.632080078125 813.4962285842246 307.40942206874155
v -1017.632080078125 813.4962280596878 295.40942206874155
v -1007.6320495605469 708.246228005793 294.1764554779589
v -1007.6320495605469 708.2462029908334 -278.0991182525097
v -632.7467346191406 708.2462029908334 -278.0991182525097
v -1007.6320495605469 708.246228005793 294.1764554779589
v -632.7467346191406 708.2462029908334 -278.0991182525097
v -632.7467346191406 708.246228005793 294.1764554779589
v -632.7467346191406 708.246228005793 294.1764554779589
v -632.7467346191406 708.2462029908334 -278.0991182525097
v -632.7467346191406 838.2462029908334 -278.0991239349902
v -632.7467346191406 708.246228005793 294.1764554779589
v -632.7467346191406 838.2462029908334 -278.0991239349902
v -632.7467346191406 838.246228005793 294.17644979547845
v -1007.6320495605469 708.2462029908334 -278.0991182525097
v -1007.6320495605469 708.246228005793 294.1764554779589
v -1007.6320495605469 838.246228005793 294.17644979547845
v -1007.6320495605469 708.2462029908334 -278.0991182525097
v -1007.6320495605469 838.246228005793 294.17644979547845
v -1007.6320495605469 838.2462029908334 -278.0991239349902
v -1007.6320495605469 838.2462029908334 -278.0991239349902
v -632.7467346191406 838.2462029908334 -278.0991239349902
v -632.7467346191406 708.2462029908334 -278.0991182525097
v -1007.6320495605469 838.2462029908334 -278.0991239349902
v -632.7467346191406 708.2462029908334 -278.0991182525097
v -1007.6320495605469 708.2462029908334 -278.0991182525097
v -638.7467346191406 714.2462032531016 -272.09911851477807
v -1001.6320495605469 714.2462032530856 -272.09948472571557
v -1001.6320495605469 714.246228005793 294.17645521569057
v -638.7467346191406 714.2462032531016 -272.09911851477807
v -1001.6320495605469 714.246228005793 294.17645521569057
v -638.7467346191406 714.246228005793 294.17645521569057
v -638.7467346191406 838.2462032531016 -272.0991239349902
v -638.7467346191406 714.2462032531016 -272.09911851477807
v -638.7467346191406 714.246228005793 294.17645521569057
v -638.7467346191406 838.2462032531016 -272.0991239349902
v -638.7467346191406 714.246228005793 294.17645521569057
v -638.7467346191406 838.246228005793 294.17644979547845
v -1001.6320495605469 838.246228005793 294.17644979547845
v -1001.6320495605469 714.246228005793 294.17645521569057
v -1001.6320495605469 714.2462032530856 -272.09948472571557
v -1001.6320495605469 838.246228005793 294.17644979547845
v -1001.6320495605469 714.2462032530856 -272.09948472571557
v -1001.6320495605469 838.2462032531016 -272.0991239349902
v -638.7467346191406 714.2462032531016 -272.09911851477807
v -638.7467346191406 838.2462032531016 -272.0991239349902
v -1001.6320495605469 838.2462032531016 -272.0991239349902
v -638.7467346191406 714.2462032531016 -272.09911851477807
v -1001.6320495605469 838.2462032531016 -272.0991239349902
v -1001.6320495605469 714.2462032530856 -272.09948472571557
v -632.7467346191406 838.246228005793 294.17644979547845
v -632.7467346191406 838.2462029908334 -278.0991239349902
v -638.7467346191406 838.2462032531016 -272.0991239349902
v -632.7467346191406 838.246228005793 294.17644979547845
v -638.7467346191406 838.2462032531016 -272.0991239349902
v -638.7467346191406 838.246228005793 294.17644979547845
v -1007.6320495605469 838.2462029908334 -278.0991239349902
v -1007.6320495605469 838.246228005793 294.17644979547845
v -1001.6320495605469 838.246228005793 294.17644979547845
v -1007.6320495605469 838.2462029908334 -278.0991239349902
v -1001.6320495605469 838.246228005793 294.17644979547845
v -1001.6320495605469 838.2462032531016 -272.0991239349902
v -632.7467346191406 838.2462029908334 -278.0991239349902
v -1007.6320495605469 838.2462029908334 -278.0991239349902
v -1001.6320495605469 838.2462032531016 -272.0991239349902
v -632.7467346191406 838.2462029908334 -278.0991239349902
v -1001.6320495605469 838.2462032531016 -272.0991239349902
v -638.7467346191406 838.2462032531016 -272.0991239349902
vt 0.8075681924819946 0.7840089201927185
vt 0.8075681924819946 0.7803468108177185
vt 0.903976321220398 0.7803468108177185
vt 0.8075681924819946 0.7840089201927185
vt 0.903976321220398 0.7803468108177185
vt 0.903976321220398 0.7840089201927185
vt 0.9036837220191956 0.8190361261367798
vt 0.9036837220191956 0.8492482900619507
vt 0.8072760701179504 0.8492482900619507
vt 0.9036837220191956 0.8190361261367798
vt 0.8072760701179504 0.8492482900619507
vt 0.8072760701179504 0.8190361261367798
vt 0.9881695508956909 0.9164538383483887
vt 0.9881695508956909 0.9466660022735596
vt 0.9845073223114014 0.9466660022735596
vt 0.9881695508956909 0.9164538383483887
vt 0.9845073223114014 0.9466660022735596
vt 0.9845073223114014 0.9164538383483887
vt 0.9085126519203186 0.857474148273468
vt 0.9085126519203186 0.887686550617218
vt 0.812105119228363 0.887686550617218
vt 0.9085126519203186 0.857474148273468
vt 0.812105119228363 0.887686550617218
vt 0.812105119228363 0.857474148273468
vt 0.907595694065094 0.46670132875442505
vt 0.907595694065094 0.49691373109817505
vt 0.903933584690094 0.49691373109817505
vt 0.907595694065094 0.46670132875442505
vt 0.903933584690094 0.49691373109817505
vt 0.903933584690094 0.46670132875442505
vt 0.812105119228363 0.9073800444602966
vt 0.9085111021995544 0.9073800444602966
vt 0.9085111021995544 0.9110422730445862
vt 0.812105119228363 0.9073800444602966
vt 0.9085111021995544 0.9110422730445862
vt 0.812105119228363 0.9110422730445862
vt 0.9085126519203186 0.894095242023468
vt 0.812105119228363 0.894095242023468
vt 0.812105119228363 0.887686550617218
vt 0.9085126519203186 0.894095242023468
vt 0.812105119228363 0.887686550617218
vt 0.9085126519203186 0.887686550617218
vt 0.903978705406189 0.7504723072052002
vt 0.8075681924819946 0.7504723072052002
vt 0.8075681924819946 0.7485885620117188
vt 0.903978705406189 0.7504723072052002
vt 0.8075681924819946 0.7485885620117188
vt 0.903978705406189 0.7485885620117188
vt 0.8072760701179504 0.8492482900619507
vt 0.9036837220191956 0.8492482900619507
vt 0.9036837220191956 0.8511322736740112
vt 0.8072760701179504 0.8492482900619507
vt 0.9036837220191956 0.8511322736740112
vt 0.8072760701179504 0.8511322736740112
vt 0.7996271848678589 0.8801586627960205
vt 0.7996271848678589 0.8830883502960205
vt 0.7032195329666138 0.8830883502960205
vt 0.7996271848678589 0.8801586627960205
vt 0.7032195329666138 0.8830883502960205
vt 0.7032195329666138 0.8801586627960205
vt 0.7032195329666138 0.9039825201034546
vt 0.7032195329666138 0.8983062505722046
vt 0.7996267080307007 0.8983062505722046
vt 0.7032195329666138 0.9039825201034546
vt 0.7996267080307007 0.8983062505722046
vt 0.7996267080307007 0.9039825201034546
vt 0.8919225931167603 0.9621003270149231
vt 0.8919225931167603 0.9636180996894836
vt 0.7955139875411987 0.9636180996894836
vt 0.8919225931167603 0.9621003270149231
vt 0.7955139875411987 0.9636180996894836
vt 0.7955139875411987 0.9621003270149231
vt 0.8075683116912842 0.7546429634094238
vt 0.8075683116912842 0.7531254291534424
vt 0.9039786458015442 0.7531254291534424
vt 0.8075683116912842 0.7546429634094238
vt 0.9039786458015442 0.7531254291534424
vt 0.9039786458015442 0.7546429634094238
vt 0.8075682520866394 0.7984944581985474
vt 0.9039761424064636 0.7984944581985474
vt 0.9039761424064636 0.8014241456985474
vt 0.8075682520866394 0.7984944581985474
vt 0.9039761424064636 0.8014241456985474
vt 0.8075682520866394 0.8014241456985474
vt 0.9881695508956909 0.9530744552612305
vt 0.9845073223114014 0.9530744552612305
vt 0.9848736524581909 0.95270836353302
vt 0.9881695508956909 0.9530744552612305
vt 0.9848736524581909 0.95270836353302
vt 0.9878033399581909 0.95270836353302
vt 0.907595694065094 0.503322422504425
vt 0.903933584690094 0.503322422504425
vt 0.904299795627594 0.502956211566925
vt 0.907595694065094 0.503322422504425
vt 0.904299795627594 0.502956211566925
vt 0.907229483127594 0.502956211566925
vt 0.9878033399581909 0.95270836353302
vt 0.9878033399581909 0.94703209400177
vt 0.9881695508956909 0.9466660022735596
vt 0.9878033399581909 0.95270836353302
vt 0.9881695508956909 0.9466660022735596
vt 0.9881695508956909 0.9530744552612305
vt 0.904299795627594 0.49727994203567505
vt 0.904299795627594 0.502956211566925
vt 0.903933584690094 0.503322422504425
vt 0.904299795627594 0.49727994203567505
vt 0.903933584690094 0.503322422504425
vt 0.903933584690094 0.49691373109817505
vt 0.907595694065094 0.501438558101654
vt 0.907595694065094 0.503322422504425
vt 0.907229483127594 0.502956211566925
vt 0.907595694065094 0.501438558101654
vt 0.907229483127594 0.502956211566925
vt 0.907229483127594 0.501438558101654
vt 0.8896609544754028 0.9578819870948792
vt 0.7932511568069458 0.9578819870948792
vt 0.7932511568069458 0.9575157761573792
vt 0.8896609544754028 0.9578819870948792
vt 0.7932511568069458 0.9575157761573792
vt 0.8896609544754028 0.9575157761573792
vt 0.9845073223114014 0.9530744552612305
vt 0.9845073223114014 0.9511908292770386
vt 0.9848736524581909 0.9511908292770386
vt 0.9845073223114014 0.9530744552612305
vt 0.9848736524581909 0.9511908292770386
vt 0.9848736524581909 0.95270836353302
vt 0.9845073223114014 0.9485498666763306
vt 0.9845073223114014 0.9466660022735596
vt 0.9848736524581909 0.94703209400177
vt 0.9845073223114014 0.9485498666763306
vt 0.9848736524581909 0.94703209400177
vt 0.9848736524581909 0.9485498666763306
vt 0.508132815361023 0.9981180429458618
vt 0.6045446395874023 0.9981180429458618
vt 0.6045446395874023 0.9984842538833618
vt 0.508132815361023 0.9981180429458618
vt 0.6045446395874023 0.9984842538833618
vt 0.508132815361023 0.9984842538833618
vt 0.907595694065094 0.49691373109817505
vt 0.907595694065094 0.4987977147102356
vt 0.907229483127594 0.4987977147102356
vt 0.907595694065094 0.49691373109817505
vt 0.907229483127594 0.4987977147102356
vt 0.907229483127594 0.49727994203567505
vt 0.9845073223114014 0.9466660022735596
vt 0.9881695508956909 0.9466660022735596
vt 0.9878033399581909 0.94703209400177
vt 0.9845073223114014 0.9466660022735596
vt 0.9878033399581909 0.94703209400177
vt 0.9848736524581909 0.94703209400177
vt 0.903933584690094 0.49691373109817505
vt 0.907595694065094 0.49691373109817505
vt 0.907229483127594 0.49727994203567505
vt 0.903933584690094 0.49691373109817505
vt 0.907229483127594 0.49727994203567505
vt 0.904299795627594 0.49727994203567505
vt 0.9160122871398926 0.7022210359573364
vt 0.9160122871398926 0.641298234462738
vt 0.9559216499328613 0.641298234462738
vt 0.9160122871398926 0.7022210359573364
vt 0.9559216499328613 0.641298234462738
vt 0.9559216499328613 0.7022210359573364
vt 0.20897559821605682 0.9625511765480042
vt 0.34869125485420227 0.9625511765480042
vt 0.34869125485420227 0.9942895174026489
vt 0.20897559821605682 0.9625511765480042
vt 0.34869125485420227 0.9942895174026489
vt 0.20897559821605682 0.9942895174026489
vt 0.35702231526374817 0.9258646965026855
vt 0.4967379868030548 0.9258646965026855
vt 0.4967379868030548 0.9576029777526855
vt 0.35702231526374817 0.9258646965026855
vt 0.4967379868030548 0.9576029777526855
vt 0.35702231526374817 0.9576029777526855
vt 0.9978079199790955 0.702080488204956
vt 0.9578986167907715 0.702080488204956
vt 0.9578986167907715 0.6882411241531372
vt 0.9978079199790955 0.702080488204956
vt 0.9578986167907715 0.6882411241531372
vt 0.9978079199790955 0.6882411241531372
vt 0.9143109321594238 0.73712158203125
vt 0.8257158398628235 0.7371218204498291
vt 0.8257158398628235 0.5988707542419434
vt 0.9143109321594238 0.73712158203125
vt 0.8257158398628235 0.5988707542419434
vt 0.9143109321594238 0.5988707542419434
vt 0.7894206643104553 0.9966331720352173
vt 0.7894206643104553 0.9663597345352173
vt 0.927671492099762 0.9663597345352173
vt 0.7894206643104553 0.9966331720352173
vt 0.927671492099762 0.9663597345352173
vt 0.927671492099762 0.9966331720352173
vt 0.6487767100334167 0.9966331720352173
vt 0.6487767100334167 0.9663597345352173
vt 0.7870277762413025 0.9663597345352173
vt 0.6487767100334167 0.9966331720352173
vt 0.7870277762413025 0.9663597345352173
vt 0.7870276570320129 0.9966331720352173
vt 1.000511884689331 0.8756217360496521
vt 1.000511884689331 0.9058951735496521
vt 0.9119169116020203 0.9058951735496521
vt 1.000511884689331 0.8756217360496521
vt 0.9119169116020203 0.9058951735496521
vt 0.9119169116020203 0.8756217360496521
vt 0.8044960498809814 0.5988707542419434
vt 0.8044960498809814 0.738591194152832
vt 0.803031325340271 0.7371262311935425
vt 0.8044960498809814 0.5988707542419434
vt 0.803031325340271 0.7371262311935425
vt 0.803031325340271 0.5988707542419434
vt 0.8075682520866394 0.7385904788970947
vt 0.8075682520866394 0.5988707542419434
vt 0.8090330958366394 0.5988707542419434
vt 0.8075682520866394 0.7385904788970947
vt 0.8090330958366394 0.5988707542419434
vt 0.8090330958366394 0.7371255159378052
vt 0.7863003015518188 0.9588841199874878
vt 0.6947754621505737 0.9588841199874878
vt 0.6962403059005737 0.9574192762374878
vt 0.7863003015518188 0.9588841199874878
vt 0.6962403059005737 0.9574192762374878
vt 0.7848354578018188 0.9574192762374878
vn 0 -0.9999999999999992 4.371138806469333e-8
vn 0 -0.9999999999999992 4.371138806469333e-8
vn 0 -0.9999999999999992 4.371138806469333e-8
vn 0 -0.9999999999999992 4.371138806469333e-8
vn 0 -0.9999999999999992 4.371138806469333e-8
vn 0 -0.9999999999999992 4.371138806469333e-8
vn 0 4.371138806469333e-8 0.9999999999999992
vn 0 4.371138806469333e-8 0.9999999999999992
vn 0 4.371138806469333e-8 0.9999999999999992
vn 0 4.371138806469333e-8 0.9999999999999992
vn 0 4.371138806469333e-8 0.9999999999999992
vn 0 4.371138806469333e-8 0.9999999999999992
vn 1 0 0
vn 1 0 0
vn 1 0 0
vn 1 0 0
vn 1 0 0
vn 1 0 0
vn 0 -4.371138806469333e-8 -0.9999999999999992
vn 0 -4.371138806469333e-8 -0.9999999999999992
vn 0 -4.371138806469333e-8 -0.9999999999999992
vn 0 -4.371138806469333e-8 -0.9999999999999992
vn 0 -4.371138806469333e-8 -0.9999999999999992
vn 0 -4.371138806469333e-8 -0.9999999999999992
vn -1 0 0
vn -1 0 0
vn -1 0 0
vn -1 0 0
vn -1 0 0
vn -1 0 0
vn 0 0.9999999999999992 -4.371138806469333e-8
vn 0 0.9999999999999992 -4.371138806469333e-8
vn 0 0.9999999999999992 -4.371138806469333e-8
vn 0 0.9999999999999992 -4.371138806469333e-8
vn 0 0.9999999999999992 -4.371138806469333e-8
vn 0 0.9999999999999992 -4.371138806469333e-8
vn 0 -4.371138806469333e-8 -0.9999999999999992
vn 0 -4.371138806469333e-8 -0.9999999999999992
vn 0 -4.371138806469333e-8 -0.9999999999999992
vn 0 -4.371138806469333e-8 -0.9999999999999992
vn 0 -4.371138806469333e-8 -0.9999999999999992
vn 0 -4.371138806469333e-8 -0.9999999999999992
vn 0 4.371138806469333e-8 0.9999999999999992
vn 0 4.371138806469333e-8 0.9999999999999992
vn 0 4.371138806469333e-8 0.9999999999999992
vn 0 4.371138806469333e-8 0.9999999999999992
vn 0 4.371138806469333e-8 0.9999999999999992
vn 0 4.371138806469333e-8 0.9999999999999992
vn 0 4.371138806469333e-8 0.9999999999999992
vn 0 4.371138806469333e-8 0.9999999999999992
vn 0 4.371138806469333e-8 0.9999999999999992
vn 0 4.371138806469333e-8 0.9999999999999992
vn 0 4.371138806469333e-8 0.9999999999999992
vn 0 4.371138806469333e-8 0.9999999999999992
vn 0 -0.9999999999999992 4.371138806469333e-8
vn 0 -0.9999999999999992 4.371138806469333e-8
vn 0 -0.9999999999999992 4.371138806469333e-8
vn 0 -0.9999999999999992 4.371138806469333e-8
vn 0 -0.9999999999999992 4.371138806469333e-8
vn 0 -0.9999999999999992 4.371138806469333e-8
vn 0 4.371138806469333e-8 0.9999999999999992
vn 0 4.371138806469333e-8 0.9999999999999992
vn 0 4.371138806469333e-8 0.9999999999999992
vn 0 4.371138806469333e-8 0.9999999999999992
vn 0 4.371138806469333e-8 0.9999999999999992
vn 0 4.371138806469333e-8 0.9999999999999992
vn 0 -4.371138806469333e-8 -0.9999999999999992
vn 0 -4.371138806469333e-8 -0.9999999999999992
vn 0 -4.371138806469333e-8 -0.9999999999999992
vn 0 -4.371138806469333e-8 -0.9999999999999992
vn 0 -4.371138806469333e-8 -0.9999999999999992
vn 0 -4.371138806469333e-8 -0.9999999999999992
vn 0 -4.371138806469333e-8 -0.9999999999999992
vn 0 -4.371138806469333e-8 -0.9999999999999992
vn 0 -4.371138806469333e-8 -0.9999999999999992
vn 0 -4.371138806469333e-8 -0.9999999999999992
vn 0 -4.371138806469333e-8 -0.9999999999999992
vn 0 -4.371138806469333e-8 -0.9999999999999992
vn 0 0.9999999999999992 -4.371138806469333e-8
vn 0 0.9999999999999992 -4.371138806469333e-8
vn 0 0.9999999999999992 -4.371138806469333e-8
vn 0 0.9999999999999992 -4.371138806469333e-8
vn 0 0.9999999999999992 -4.371138806469333e-8
vn 0 0.9999999999999992 -4.371138806469333e-8
vn 1 0 0
vn 1 0 0
vn 1 0 0
vn 1 0 0
vn 1 0 0
vn 1 0 0
vn -1 0 0
vn -1 0 0
vn -1 0 0
vn -1 0 0
vn -1 0 0
vn -1 0 0
vn 1 0 0
vn 1 0 0
vn 1 0 0
vn 1 0 0
vn 1 0 0
vn 1 0 0
vn -1 0 0
vn -1 0 0
vn -1 0 0
vn -1 0 0
vn -1 0 0
vn -1 0 0
vn -1 0 0
vn -1 0 0
vn -1 0 0
vn -1 0 0
vn -1 0 0
vn -1 0 0
vn 0 -0.9999999999999992 4.371138806469333e-8
vn 0 -0.9999999999999992 4.371138806469333e-8
vn 0 -0.9999999999999992 4.371138806469333e-8
vn 0 -0.9999999999999992 4.371138806469333e-8
vn 0 -0.9999999999999992 4.371138806469333e-8
vn 0 -0.9999999999999992 4.371138806469333e-8
vn 1 0 0
vn 1 0 0
vn 1 0 0
vn 1 0 0
vn 1 0 0
vn 1 0 0
vn 1 0 0
vn 1 0 0
vn 1 0 0
vn 1 0 0
vn 1 0 0
vn 1 0 0
vn 0 0.9999999999999992 -4.371138806469333e-8
vn 0 0.9999999999999992 -4.371138806469333e-8
vn 0 0.9999999999999992 -4.371138806469333e-8
vn 0 0.9999999999999992 -4.371138806469333e-8
vn 0 0.9999999999999992 -4.371138806469333e-8
vn 0 0.9999999999999992 -4.371138806469333e-8
vn -1 0 0
vn -1 0 0
vn -1 0 0
vn -1 0 0
vn -1 0 0
vn -1 0 0
vn 1 0 0
vn 1 0 0
vn 1 0 0
vn 1 0 0
vn 1 0 0
vn 1 0 0
vn -1 0 0
vn -1 0 0
vn -1 0 0
vn -1 0 0
vn -1 0 0
vn -1 0 0
vn 0 -0.9999999999999992 4.371138806469333e-8
vn 0 -0.9999999999999992 4.371138806469333e-8
vn 0 -0.9999999999999992 4.371138806469333e-8
vn 0 -0.9999999999999992 4.371138806469333e-8
vn 0 -0.9999999999999992 4.371138806469333e-8
vn 0 -0.9999999999999992 4.371138806469333e-8
vn 1 0 0
vn 1 0 0
vn 1 0 0
vn 1 0 0
vn 1 0 0
vn 1 0 0
vn -1 0 0
vn -1 0 0
vn -1 0 0
vn -1 0 0
vn -1 0 0
vn -1 0 0
vn 0 -4.371138806469333e-8 -0.9999999999999992
vn 0 -4.371138806469333e-8 -0.9999999999999992
vn 0 -4.371138806469333e-8 -0.9999999999999992
vn 0 -4.371138806469333e-8 -0.9999999999999992
vn 0 -4.371138806469333e-8 -0.9999999999999992
vn 0 -4.371138806469333e-8 -0.9999999999999992
vn 0 0.9999999999999992 -4.371138806469333e-8
vn 0 0.9999999999999992 -4.371138806469333e-8
vn 0 0.9999999999999992 -4.371138806469333e-8
vn 0 0.9999999999999992 -4.371138806469333e-8
vn 0 0.9999999999999992 -4.371138806469333e-8
vn 0 0.9999999999999992 -4.371138806469333e-8
vn -1 0 0
vn -1 0 0
vn -1 0 0
vn -1 0 0
vn -1 0 0
vn -1 0 0
vn 1 0 0
vn 1 0 0
vn 1 0 0
vn 1 0 0
vn 1 0 0
vn 1 0 0
vn -5.045822035747961e-7 -0.0000014329456876609774 0.999999999998846
vn -5.045822035747961e-7 -0.0000014329456876609774 0.999999999998846
vn -5.045822035747961e-7 -0.0000014329456876609774 0.999999999998846
vn -5.045822035747961e-7 -0.0000014329456876609774 0.999999999998846
vn -5.045822035747961e-7 -0.0000014329456876609774 0.999999999998846
vn -5.045822035747961e-7 -0.0000014329456876609774 0.999999999998846
vn 0 0.9999999999999992 -4.371138806469333e-8
vn 0 0.9999999999999992 -4.371138806469333e-8
vn 0 0.9999999999999992 -4.371138806469333e-8
vn 0 0.9999999999999992 -4.371138806469333e-8
vn 0 0.9999999999999992 -4.371138806469333e-8
vn 0 0.9999999999999992 -4.371138806469333e-8
vn 0 0.9999999999999992 -4.371138806469333e-8
vn 0 0.9999999999999992 -4.371138806469333e-8
vn 0 0.9999999999999992 -4.371138806469333e-8
vn 0 0.9999999999999992 -4.371138806469333e-8
vn 0 0.9999999999999992 -4.371138806469333e-8
vn 0 0.9999999999999992 -4.371138806469333e-8
vn 0 0.9999999999999992 -4.371138806469333e-8
vn 0 0.9999999999999992 -4.371138806469333e-8
vn 0 0.9999999999999992 -4.371138806469333e-8
vn 0 0.9999999999999992 -4.371138806469333e-8
vn 0 0.9999999999999992 -4.371138806469333e-8
vn 0 0.9999999999999992 -4.371138806469333e-8
f 373/373/373 374/374/374 375/375/375
f 376/376/376 377/377/377 378/378/378
f 379/379/379 380/380/380 381/381/381
f 382/382/382 383/383/383 384/384/384
f 385/385/385 386/386/386 387/387/387
f 388/388/388 389/389/389 390/390/390
f 391/391/391 392/392/392 393/393/393
f 394/394/394 395/395/395 396/396/396
f 397/397/397 398/398/398 399/399/399
f 400/400/400 401/401/401 402/402/402
f 403/403/403 404/404/404 405/405/405
f 406/406/406 407/407/407 408/408/408
f 409/409/409 410/410/410 411/411/411
f 412/412/412 413/413/413 414/414/414
f 415/415/415 416/416/416 417/417/417
f 418/418/418 419/419/419 420/420/420
f 421/421/421 422/422/422 423/423/423
f 424/424/424 425/425/425 426/426/426
f 427/427/427 428/428/428 429/429/429
f 430/430/430 431/431/431 432/432/432
f 433/433/433 434/434/434 435/435/435
f 436/436/436 437/437/437 438/438/438
f 439/439/439 440/440/440 441/441/441
f 442/442/442 443/443/443 444/444/444
f 445/445/445 446/446/446 447/447/447
f 448/448/448 449/449/449 450/450/450
f 451/451/451 452/452/452 453/453/453
f 454/454/454 455/455/455 456/456/456
f 457/457/457 458/458/458 459/459/459
f 460/460/460 461/461/461 462/462/462
f 463/463/463 464/464/464 465/465/465
f 466/466/466 467/467/467 468/468/468
f 469/469/469 470/470/470 471/471/471
f 472/472/472 473/473/473 474/474/474
f 475/475/475 476/476/476 477/477/477
f 478/478/478 479/479/479 480/480/480
f 481/481/481 482/482/482 483/483/483
f 484/484/484 485/485/485 486/486/486
f 487/487/487 488/488/488 489/489/489
f 490/490/490 491/491/491 492/492/492
f 493/493/493 494/494/494 495/495/495
f 496/496/496 497/497/497 498/498/498
f 499/499/499 500/500/500 501/501/501
f 502/502/502 503/503/503 504/504/504
f 505/505/505 506/506/506 507/507/507
f 508/508/508 509/509/509 510/510/510
f 511/511/511 512/512/512 513/513/513
f 514/514/514 515/515/515 516/516/516
f 517/517/517 518/518/518 519/519/519
f 520/520/520 521/521/521 522/522/522
f 523/523/523 524/524/524 525/525/525
f 526/526/526 527/527/527 528/528/528
f 529/529/529 530/530/530 531/531/531
f 532/532/532 533/533/533 534/534/534
f 535/535/535 536/536/536 537/537/537
f 538/538/538 539/539/539 540/540/540
f 541/541/541 542/542/542 543/543/543
f 544/544/544 545/545/545 546/546/546
f 547/547/547 548/548/548 549/549/549
f 550/550/550 551/551/551 552/552/552
f 553/553/553 554/554/554 555/555/555
f 556/556/556 557/557/557 558/558/558
f 559/559/559 560/560/560 561/561/561
f 562/562/562 563/563/563 564/564/564
f 565/565/565 566/566/566 567/567/567
f 568/568/568 569/569/569 570/570/570
f 571/571/571 572/572/572 573/573/573
f 574/574/574 575/575/575 576/576/576
f 577/577/577 578/578/578 579/579/579
f 580/580/580 581/581/581 582/582/582
f 583/583/583 584/584/584 585/585/585
f 586/586/586 587/587/587 588/588/588
f 589/589/589 590/590/590 591/591/591
f 592/592/592 593/593/593 594/594/594
o box_medium002
usemtl DefaultMaterial
v -1831.9630737304688 89.92141480701822 308.55005210647903
v -1831.9630737304688 89.9214141513474 293.55005210647903
v -1039.6895141601562 89.9214141513474 293.55005210647903
v -1831.9630737304688 89.92141480701822 308.55005210647903
v -1039.6895141601562 89.9214141513474 293.55005210647903
v -1039.6895141601562 89.92141480701822 308.55005210647903
v -1039.6895141601562 89.92141480701822 308.55005210647903
v -1039.6895141601562 203.6714148070182 308.5500471343086
v -1831.9630737304688 203.6714148070182 308.5500471343086
v -1039.6895141601562 89.92141480701822 308.55005210647903
v -1831.9630737304688 203.6714148070182 308.5500471343086
v -1831.9630737304688 89.92141480701822 308.55005210647903
v -1039.6895141601562 89.9214141513474 293.55005210647903
v -1039.6895141601562 203.6714141513474 293.5500471343086
v -1039.6895141601562 203.6714148070182 308.5500471343086
v -1039.6895141601562 89.9214141513474 293.55005210647903
v -1039.6895141601562 203.6714148070182 308.5500471343086
v -1039.6895141601562 89.92141480701822 308.55005210647903
v -1831.9630737304688 89.9214141513474 293.55005210647903
v -1831.9630737304688 203.6714141513474 293.5500471343086
v -1039.6895141601562 203.6714141513474 293.5500471343086
v -1831.9630737304688 89.9214141513474 293.55005210647903
v -1039.6895141601562 203.6714141513474 293.5500471343086
v -1039.6895141601562 89.9214141513474 293.55005210647903
v -1831.9630737304688 89.92141480701822 308.55005210647903
v -1831.9630737304688 203.6714148070182 308.5500471343086
v -1831.9630737304688 203.6714141513474 293.5500471343086
v -1831.9630737304688 89.92141480701822 308.55005210647903
v -1831.9630737304688 203.6714141513474 293.5500471343086
v -1831.9630737304688 89.9214141513474 293.55005210647903
v -1831.9630737304688 239.9214148070182 308.5500455497708
v -1039.6895141601562 239.9214148070182 308.5500455497708
v -1039.6895141601562 239.9214141513474 293.5500455497708
v -1831.9630737304688 239.9214148070182 308.5500455497708
v -1039.6895141601562 239.9214141513474 293.5500455497708
v -1831.9630737304688 239.9214141513474 293.5500455497708
v -1831.9630737304688 239.9214141513474 293.5500455497708
v -1039.6895141601562 239.9214141513474 293.5500455497708
v -1039.6895141601562 203.6714141513474 293.5500471343086
v -1831.9630737304688 239.9214141513474 293.5500455497708
v -1039.6895141601562 203.6714141513474 293.5500471343086
v -1831.9630737304688 203.6714141513474 293.5500471343086
v -1039.6895141601562 239.9214148070182 308.5500455497708
v -1831.9630737304688 239.9214148070182 308.5500455497708
v -1831.9630737304688 232.20501466053383 308.5500458870654
v -1039.6895141601562 239.9214148070182 308.5500455497708
v -1831.9630737304688 232.20501466053383 308.5500458870654
v -1039.6895141601562 232.20501466053383 308.5500458870654
v -1831.9630737304688 203.6714148070182 308.5500471343086
v -1039.6895141601562 203.6714148070182 308.5500471343086
v -1039.6895141601562 211.38781495350258 308.5500467970141
v -1831.9630737304688 203.6714148070182 308.5500471343086
v -1039.6895141601562 211.38781495350258 308.5500467970141
v -1831.9630737304688 211.38781495350258 308.5500467970141
v -1039.6895141601562 238.42141421691446 295.0500456153379
v -1039.6895141601562 238.4214147414511 307.0500456153379
v -1831.9630737304688 238.4214147414511 307.0500456153379
v -1039.6895141601562 238.42141421691446 295.0500456153379
v -1831.9630737304688 238.4214147414511 307.0500456153379
v -1831.9630737304688 238.42141421691446 295.0500456153379
v -1831.9630737304688 238.42141421691446 295.0500456153379
v -1831.9630737304688 205.17141421691446 295.05004706874155
v -1039.6895141601562 205.17141421691446 295.05004706874155
v -1831.9630737304688 238.42141421691446 295.0500456153379
v -1039.6895141601562 205.17141421691446 295.05004706874155
v -1039.6895141601562 238.42141421691446 295.0500456153379
v -1831.9630737304688 232.2050145949667 307.0500458870654
v -1831.9630737304688 238.4214147414511 307.0500456153379
v -1039.6895141601562 238.4214147414511 307.0500456153379
v -1831.9630737304688 232.2050145949667 307.0500458870654
v -1039.6895141601562 238.4214147414511 307.0500456153379
v -1039.6895141601562 232.2050145949667 307.0500458870654
v -1039.6895141601562 211.38781488793552 307.0500467970141
v -1039.6895141601562 205.17141474145114 307.05004706874155
v -1831.9630737304688 205.17141474145114 307.05004706874155
v -1039.6895141601562 211.38781488793552 307.0500467970141
v -1831.9630737304688 205.17141474145114 307.05004706874155
v -1831.9630737304688 211.38781488793552 307.0500467970141
v -1831.9630737304688 205.17141474145114 307.05004706874155
v -1039.6895141601562 205.17141474145114 307.05004706874155
v -1039.6895141601562 205.17141421691446 295.05004706874155
v -1831.9630737304688 205.17141474145114 307.05004706874155
v -1039.6895141601562 205.17141421691446 295.05004706874155
v -1831.9630737304688 205.17141421691446 295.05004706874155
v -1039.6895141601562 239.9214141513474 293.5500455497708
v -1039.6895141601562 239.9214148070182 308.5500455497708
v -1039.6895141601562 238.4214147414511 307.0500456153379
v -1039.6895141601562 239.9214141513474 293.5500455497708
v -1039.6895141601562 238.4214147414511 307.0500456153379
v -1039.6895141601562 238.42141421691446 295.0500456153379
v -1831.9630737304688 239.9214148070182 308.5500455497708
v -1831.9630737304688 239.9214141513474 293.5500455497708
v -1831.9630737304688 238.42141421691446 295.0500456153379
v -1831.9630737304688 239.9214148070182 308.5500455497708
v -1831.9630737304688 238.42141421691446 295.0500456153379
v -1831.9630737304688 238.4214147414511 307.0500456153379
v -1039.6895141601562 238.42141421691446 295.0500456153379
v -1039.6895141601562 205.17141421691446 295.05004706874155
v -1039.6895141601562 203.6714141513474 293.5500471343086
v -1039.6895141601562 238.42141421691446 295.0500456153379
v -1039.6895141601562 203.6714141513474 293.5500471343086
v -1039.6895141601562 239.9214141513474 293.5500455497708
v -1831.9630737304688 205.17141421691446 295.05004706874155
v -1831.9630737304688 238.42141421691446 295.0500456153379
v -1831.9630737304688 239.9214141513474 293.5500455497708
v -1831.9630737304688 205.17141421691446 295.05004706874155
v -1831.9630737304688 239.9214141513474 293.5500455497708
v -1831.9630737304688 203.6714141513474 293.5500471343086
v -1831.9630737304688 232.20501466053383 308.5500458870654
v -1831.9630737304688 239.9214148070182 308.5500455497708
v -1831.9630737304688 238.4214147414511 307.0500456153379
v -1831.9630737304688 232.20501466053383 308.5500458870654
v -1831.9630737304688 238.4214147414511 307.0500456153379
v -1831.9630737304688 232.2050145949667 307.0500458870654
v -1039.6895141601562 232.20501466053383 308.5500458870654
v -1831.9630737304688 232.20501466053383 308.5500458870654
v -1831.9630737304688 232.2050145949667 307.0500458870654
v -1039.6895141601562 232.20501466053383 308.5500458870654
v -1831.9630737304688 232.2050145949667 307.0500458870654
v -1039.6895141601562 232.2050145949667 307.0500458870654
v -1039.6895141601562 239.9214148070182 308.5500455497708
v -1039.6895141601562 232.20501466053383 308.5500458870654
v -1039.6895141601562 232.2050145949667 307.0500458870654
v -1039.6895141601562 239.9214148070182 308.5500455497708
v -1039.6895141601562 232.2050145949667 307.0500458870654
v -1039.6895141601562 238.4214147414511 307.0500456153379
v -1039.6895141601562 211.38781495350258 308.5500467970141
v -1039.6895141601562 203.6714148070182 308.5500471343086
v -1039.6895141601562 205.17141474145114 307.05004706874155
v -1039.6895141601562 211.38781495350258 308.5500467970141
v -1039.6895141601562 205.17141474145114 307.05004706874155
v -1039.6895141601562 211.38781488793552 307.0500467970141
v -1831.9630737304688 211.38781495350258 308.5500467970141
v -1039.6895141601562 211.38781495350258 308.5500467970141
v -1039.6895141601562 211.38781488793552 307.0500467970141
v -1831.9630737304688 211.38781495350258 308.5500467970141
v -1039.6895141601562 211.38781488793552 307.0500467970141
v -1831.9630737304688 211.38781488793552 307.0500467970141
v -1831.9630737304688 203.6714148070182 308.5500471343086
v -1831.9630737304688 211.38781495350258 308.5500467970141
v -1831.9630737304688 211.38781488793552 307.0500467970141
v -1831.9630737304688 203.6714148070182 308.5500471343086
v -1831.9630737304688 211.38781488793552 307.0500467970141
v -1831.9630737304688 205.17141474145114 307.05004706874155
v -1039.6895141601562 203.6714148070182 308.5500471343086
v -1039.6895141601562 203.6714141513474 293.5500471343086
v -1039.6895141601562 205.17141421691446 295.05004706874155
v -1039.6895141601562 203.6714148070182 308.5500471343086
v -1039.6895141601562 205.17141421691446 295.05004706874155
v -1039.6895141601562 205.17141474145114 307.05004706874155
v -1831.9630737304688 203.6714141513474 293.5500471343086
v -1831.9630737304688 203.6714148070182 308.5500471343086
v -1831.9630737304688 205.17141474145114 307.05004706874155
v -1831.9630737304688 203.6714141513474 293.5500471343086
v -1831.9630737304688 205.17141474145114 307.05004706874155
v -1831.9630737304688 205.17141421691446 295.05004706874155
v -1821.9630126953125 99.9214141630196 293.8170804779589
v -1821.9630126953125 99.92138914805992 -278.4584932525097
v -1049.6895446777344 99.92138914805992 -278.4584932525097
v -1821.9630126953125 99.9214141630196 293.8170804779589
v -1049.6895446777344 99.92138914805992 -278.4584932525097
v -1049.6895446777344 99.9214141630196 293.8170804779589
v -1049.6895446777344 99.9214141630196 293.8170804779589
v -1049.6895446777344 99.92138914805992 -278.4584932525097
v -1049.6895446777344 229.92138914805992 -278.4584989349902
v -1049.6895446777344 99.9214141630196 293.8170804779589
v -1049.6895446777344 229.92138914805992 -278.4584989349902
v -1049.6895446777344 229.92141416301956 293.81707479547845
v -1821.9630126953125 99.92138914805992 -278.4584932525097
v -1821.9630126953125 99.9214141630196 293.8170804779589
v -1821.9630126953125 229.92141416301956 293.81707479547845
v -1821.9630126953125 99.92138914805992 -278.4584932525097
v -1821.9630126953125 229.92141416301956 293.81707479547845
v -1821.9630126953125 229.92138914805992 -278.4584989349902
v -1821.9630126953125 229.92138914805992 -278.4584989349902
v -1049.6895446777344 229.92138914805992 -278.4584989349902
v -1049.6895446777344 99.92138914805992 -278.4584932525097
v -1821.9630126953125 229.92138914805992 -278.4584989349902
v -1049.6895446777344 99.92138914805992 -278.4584932525097
v -1821.9630126953125 99.92138914805992 -278.4584932525097
v -1055.6895446777344 105.92138941032825 -272.45849351477807
v -1815.9630126953125 105.92138941031224 -272.45885972571557
v -1815.9630126953125 105.9214141630196 293.81708021569057
v -1055.6895446777344 105.92138941032825 -272.45849351477807
v -1815.9630126953125 105.9214141630196 293.81708021569057
v -1055.6895446777344 105.9214141630196 293.81708021569057
v -1055.6895446777344 229.92138941032823 -272.4584989349902
v -1055.6895446777344 105.92138941032825 -272.45849351477807
v -1055.6895446777344 105.9214141630196 293.81708021569057
v -1055.6895446777344 229.92138941032823 -272.4584989349902
v -1055.6895446777344 105.9214141630196 293.81708021569057
v -1055.6895446777344 229.92141416301956 293.81707479547845
v -1815.9630126953125 229.92141416301956 293.81707479547845
v -1815.9630126953125 105.9214141630196 293.81708021569057
v -1815.9630126953125 105.92138941031224 -272.45885972571557
v -1815.9630126953125 229.92141416301956 293.81707479547845
v -1815.9630126953125 105.92138941031224 -272.45885972571557
v -1815.9630126953125 229.92138941032823 -272.4584989349902
v -1055.6895446777344 105.92138941032825 -272.45849351477807
v -1055.6895446777344 229.92138941032823 -272.4584989349902
v -1815.9630126953125 229.92138941032823 -272.4584989349902
v -1055.6895446777344 105.92138941032825 -272.45849351477807
v -1815.9630126953125 229.92138941032823 -272.4584989349902
v -1815.9630126953125 105.92138941031224 -272.45885972571557
v -1049.6895446777344 229.92141416301956 293.81707479547845
v -1049.6895446777344 229.92138914805992 -278.4584989349902
v -1055.6895446777344 229.92138941032823 -272.4584989349902
v -1049.6895446777344 229.92141416301956 293.81707479547845
v -1055.6895446777344 229.92138941032823 -272.4584989349902
v -1055.6895446777344 229.92141416301956 293.81707479547845
v -1821.9630126953125 229.92138914805992 -278.4584989349902
v -1821.9630126953125 229.92141416301956 293.81707479547845
v -1815.9630126953125 229.92141416301956 293.81707479547845
v -1821.9630126953125 229.92138914805992 -278.4584989349902
v -1815.9630126953125 229.92141416301956 293.81707479547845
v -1815.9630126953125 229.92138941032823 -272.4584989349902
v -1049.6895446777344 229.92138914805992 -278.4584989349902
v -1821.9630126953125 229.92138914805992 -278.4584989349902
v -1815.9630126953125 229.92138941032823 -272.4584989349902
v -1049.6895446777344 229.92138914805992 -278.4584989349902
v -1815.9630126953125 229.92138941032823 -272.4584989349902
v -1055.6895446777344 229.92138941032823 -272.4584989349902
vt 0.43554240465164185 0.31670820713043213
vt 0.43554240465164185 0.31304609775543213
vt 0.6289682984352112 0.31304609775543213
vt 0.43554240465164185 0.31670820713043213
vt 0.6289682984352112 0.31304609775543213
vt 0.6289682984352112 0.31670820713043213
vt 0.6289687752723694 0.23138189315795898
vt 0.6289687752723694 0.26159441471099854
vt 0.43554240465164185 0.26159441471099854
vt 0.6289687752723694 0.23138189315795898
vt 0.43554240465164185 0.26159441471099854
vt 0.43554240465164185 0.23138189315795898
vt 0.9110421538352966 0.8075682520866394
vt 0.9110421538352966 0.8377806544303894
vt 0.9073800444602966 0.8377806544303894
vt 0.9110421538352966 0.8075682520866394
vt 0.9073800444602966 0.8377806544303894
vt 0.9073800444602966 0.8075682520866394
vt 0.8376659750938416 0.2132343053817749
vt 0.8376659750938416 0.2434467077255249
vt 0.6442398428916931 0.2434467077255249
vt 0.8376659750938416 0.2132343053817749
vt 0.6442398428916931 0.2434467077255249
vt 0.6442398428916931 0.2132343053817749
vt 0.9790956377983093 0.9164538383483887
vt 0.9790956377983093 0.9466661214828491
vt 0.9754335284233093 0.9466661214828491
vt 0.9790956377983093 0.9164538383483887
vt 0.9754335284233093 0.9466661214828491
vt 0.9754335284233093 0.9164538383483887
vt 0.6397029161453247 0.3039723038673401
vt 0.8331276178359985 0.3039723038673401
vt 0.8331276178359985 0.30763453245162964
vt 0.6397029161453247 0.3039723038673401
vt 0.8331276178359985 0.30763453245162964
vt 0.6397029161453247 0.30763453245162964
vt 0.8376659750938416 0.2498553991317749
vt 0.6442398428916931 0.2498553991317749
vt 0.6442398428916931 0.2434467077255249
vt 0.8376659750938416 0.2498553991317749
vt 0.6442398428916931 0.2434467077255249
vt 0.8376659750938416 0.2434467077255249
vt 0.9783109426498413 0.17882299423217773
vt 0.7848837375640869 0.17882299423217773
vt 0.7848837375640869 0.17693912982940674
vt 0.9783109426498413 0.17882299423217773
vt 0.7848837375640869 0.17693912982940674
vt 0.9783109426498413 0.17693912982940674
vt 0.43554240465164185 0.26159441471099854
vt 0.6289687752723694 0.26159441471099854
vt 0.6289687752723694 0.26347827911376953
vt 0.43554240465164185 0.26159441471099854
vt 0.6289687752723694 0.26347827911376953
vt 0.43554240465164185 0.26347827911376953
vt 0.21610765159130096 0.34480440616607666
vt 0.21610765159130096 0.34773409366607666
vt 0.022684499621391296 0.34773409366607666
vt 0.21610765159130096 0.34480440616607666
vt 0.022684499621391296 0.34773409366607666
vt 0.022684499621391296 0.34480440616607666
vt 0.7848837375640869 0.1962260603904724
vt 0.7848837375640869 0.1905497908592224
vt 0.978310227394104 0.1905497908592224
vt 0.7848837375640869 0.1962260603904724
vt 0.978310227394104 0.1905497908592224
vt 0.978310227394104 0.1962260603904724
vt 0.8331221342086792 0.31304609775543213
vt 0.8331221342086792 0.3145638704299927
vt 0.6397029161453247 0.3145638704299927
vt 0.8331221342086792 0.31304609775543213
vt 0.6397029161453247 0.3145638704299927
vt 0.6397029161453247 0.31304609775543213
vt 0.7848837375640869 0.18299365043640137
vt 0.7848837375640869 0.18147599697113037
vt 0.9783104658126831 0.18147599697113037
vt 0.7848837375640869 0.18299365043640137
vt 0.9783104658126831 0.18147599697113037
vt 0.9783104658126831 0.18299365043640137
vt 0.7848837375640869 0.18601292371749878
vt 0.9783103466033936 0.18601292371749878
vt 0.9783103466033936 0.18894261121749878
vt 0.7848837375640869 0.18601292371749878
vt 0.9783103466033936 0.18894261121749878
vt 0.7848837375640869 0.18894261121749878
vt 0.9110421538352966 0.8441893458366394
vt 0.9073800444602966 0.8441893458366394
vt 0.9077462553977966 0.8438231348991394
vt 0.9110421538352966 0.8441893458366394
vt 0.9077462553977966 0.8438231348991394
vt 0.9106759428977966 0.8438231348991394
vt 0.9790956377983093 0.9530749320983887
vt 0.9754335284233093 0.9530749320983887
vt 0.9757997393608093 0.9527084827423096
vt 0.9790956377983093 0.9530749320983887
vt 0.9757997393608093 0.9527084827423096
vt 0.9787294268608093 0.9527084827423096
vt 0.9106759428977966 0.8438231348991394
vt 0.9106759428977966 0.8381468653678894
vt 0.9110421538352966 0.8377806544303894
vt 0.9106759428977966 0.8438231348991394
vt 0.9110421538352966 0.8377806544303894
vt 0.9110421538352966 0.8441893458366394
vt 0.9757997393608093 0.9470323324203491
vt 0.9757997393608093 0.9527084827423096
vt 0.9754335284233093 0.9530749320983887
vt 0.9757997393608093 0.9470323324203491
vt 0.9754335284233093 0.9530749320983887
vt 0.9754335284233093 0.9466661214828491
vt 0.9790956377983093 0.9511909484863281
vt 0.9790956377983093 0.9530749320983887
vt 0.9787294268608093 0.9527084827423096
vt 0.9790956377983093 0.9511909484863281
vt 0.9787294268608093 0.9527084827423096
vt 0.9787294268608093 0.9511909484863281
vt 0.9783143997192383 0.17276841402053833
vt 0.7848837375640869 0.17276841402053833
vt 0.7848837375640869 0.17240220308303833
vt 0.9783143997192383 0.17276841402053833
vt 0.7848837375640869 0.17240220308303833
vt 0.9783143997192383 0.17240220308303833
vt 0.9073800444602966 0.8441893458366394
vt 0.9073800444602966 0.8423054814338684
vt 0.9077462553977966 0.8423054814338684
vt 0.9073800444602966 0.8441893458366394
vt 0.9077462553977966 0.8423054814338684
vt 0.9077462553977966 0.8438231348991394
vt 0.9073800444602966 0.8396645188331604
vt 0.9073800444602966 0.8377806544303894
vt 0.9077462553977966 0.8381468653678894
vt 0.9073800444602966 0.8396645188331604
vt 0.9077462553977966 0.8381468653678894
vt 0.9077462553977966 0.8396645188331604
vt 0.7848837375640869 0.1633284091949463
vt 0.9783152341842651 0.1633284091949463
vt 0.9783152341842651 0.1636946201324463
vt 0.7848837375640869 0.1633284091949463
vt 0.9783152341842651 0.1636946201324463
vt 0.7848837375640869 0.1636946201324463
vt 0.9790956377983093 0.9466661214828491
vt 0.9790956377983093 0.9485499858856201
vt 0.9787294268608093 0.9485499858856201
vt 0.9790956377983093 0.9466661214828491
vt 0.9787294268608093 0.9485499858856201
vt 0.9787294268608093 0.9470323324203491
vt 0.9073800444602966 0.8377806544303894
vt 0.9110421538352966 0.8377806544303894
vt 0.9106759428977966 0.8381468653678894
vt 0.9073800444602966 0.8377806544303894
vt 0.9106759428977966 0.8381468653678894
vt 0.9077462553977966 0.8381468653678894
vt 0.9754335284233093 0.9466661214828491
vt 0.9790956377983093 0.9466661214828491
vt 0.9787294268608093 0.9470323324203491
vt 0.9754335284233093 0.9466661214828491
vt 0.9787294268608093 0.9470323324203491
vt 0.9757997393608093 0.9470323324203491
vt 0.009073801338672638 0.5026677846908569
vt 0.009073801338672638 0.36295199394226074
vt 0.19761711359024048 0.36295199394226074
vt 0.009073801338672638 0.5026677846908569
vt 0.19761711359024048 0.36295199394226074
vt 0.19761711359024048 0.5026677846908569
vt 0.20897559821605682 0.9262559413909912
vt 0.3486913740634918 0.9262559413909912
vt 0.3486913740634918 0.9579942226409912
vt 0.20897559821605682 0.9262559413909912
vt 0.3486913740634918 0.9579942226409912
vt 0.20897559821605682 0.9579942226409912
vt 0.508132815361023 0.9300645589828491
vt 0.6478482484817505 0.9300645589828491
vt 0.6478482484817505 0.9618029594421387
vt 0.508132815361023 0.9300645589828491
vt 0.6478482484817505 0.9618029594421387
vt 0.508132815361023 0.9618029594421387
vt 0.998194694519043 0.6220537424087524
vt 0.9159804582595825 0.6220537424087524
vt 0.9159804582595825 0.6082141995429993
vt 0.998194694519043 0.6220537424087524
vt 0.9159804582595825 0.6082141995429993
vt 0.998194694519043 0.6082141995429993
vt 0.3943110406398773 0.891376256942749
vt 0.20869740843772888 0.891376256942749
vt 0.20869740843772888 0.7531254291534424
vt 0.3943110406398773 0.891376256942749
vt 0.20869740843772888 0.7531254291534424
vt 0.3943110406398773 0.7531254291534424
vt 0.6941457390785217 0.9558010697364807
vt 0.6941457390785217 0.9255276322364807
vt 0.8323965668678284 0.9255276322364807
vt 0.6941457390785217 0.9558010697364807
vt 0.8323965668678284 0.9255276322364807
vt 0.8323965668678284 0.9558010697364807
vt 0.508132815361023 0.9966331720352173
vt 0.508132815361023 0.9663597345352173
vt 0.6463839411735535 0.9663597345352173
vt 0.508132815361023 0.9966331720352173
vt 0.6463839411735535 0.9663597345352173
vt 0.6463838219642639 0.9966331720352173
vt 0.39431098103523254 0.8937693238258362
vt 0.39431098103523254 0.9240427613258362
vt 0.2086973935365677 0.9240427613258362
vt 0.39431098103523254 0.8937693238258362
vt 0.2086973935365677 0.9240427613258362
vt 0.2086973935365677 0.8937693238258362
vt 0.8226437568664551 0.5988707542419434
vt 0.8226437568664551 0.7385871410369873
vt 0.8211789131164551 0.7371222972869873
vt 0.8226437568664551 0.5988707542419434
vt 0.8211789131164551 0.7371222972869873
vt 0.8211789131164551 0.5988707542419434
vt 0.8166420459747314 0.7385871410369873
vt 0.8166420459747314 0.5988707542419434
vt 0.8181068897247314 0.5988707542419434
vt 0.8166420459747314 0.7385871410369873
vt 0.8181068897247314 0.5988707542419434
vt 0.8181068897247314 0.7371222972869873
vt 0.6240864396095276 0.3326585292816162
vt 0.43554240465164185 0.3326585292816162
vt 0.43700724840164185 0.3311936855316162
vt 0.6240864396095276 0.3326585292816162
vt 0.43700724840164185 0.3311936855316162
vt 0.6226215958595276 0.3311936855316162
vn 0 -0.9999999999999992 4.371138806469333e-8
vn 0 -0.9999999999999992 4.371138806469333e-8
vn 0 -0.9999999999999992 4.371138806469333e-8
vn 0 -0.9999999999999992 4.371138806469333e-8
vn 0 -0.9999999999999992 4.371138806469333e-8
vn 0 -0.9999999999999992 4.371138806469333e-8
vn 0 4.371138806469333e-8 0.9999999999999992
vn 0 4.371138806469333e-8 0.9999999999999992
vn 0 4.371138806469333e-8 0.9999999999999992
vn 0 4.371138806469333e-8 0.9999999999999992
vn 0 4.371138806469333e-8 0.9999999999999992
vn 0 4.371138806469333e-8 0.9999999999999992
vn 1 0 0
vn 1 0 0
vn 1 0 0
vn 1 0 0
vn 1 0 0
vn 1 0 0
vn 0 -4.371138806469333e-8 -0.9999999999999992
vn 0 -4.371138806469333e-8 -0.9999999999999992
vn 0 -4.371138806469333e-8 -0.9999999999999992
vn 0 -4.371138806469333e-8 -0.9999999999999992
vn 0 -4.371138806469333e-8 -0.9999999999999992
vn 0 -4.371138806469333e-8 -0.9999999999999992
vn -1 0 0
vn -1 0 0
vn -1 0 0
vn -1 0 0
vn -1 0 0
vn -1 0 0
vn 0 0.9999999999999992 -4.371138806469333e-8
vn 0 0.9999999999999992 -4.371138806469333e-8
vn 0 0.9999999999999992 -4.371138806469333e-8
vn 0 0.9999999999999992 -4.371138806469333e-8
vn 0 0.9999999999999992 -4.371138806469333e-8
vn 0 0.9999999999999992 -4.371138806469333e-8
vn 0 -4.371138806469333e-8 -0.9999999999999992
vn 0 -4.371138806469333e-8 -0.9999999999999992
vn 0 -4.371138806469333e-8 -0.9999999999999992
vn 0 -4.371138806469333e-8 -0.9999999999999992
vn 0 -4.371138806469333e-8 -0.9999999999999992
vn 0 -4.371138806469333e-8 -0.9999999999999992
vn 0 4.371138806469333e-8 0.9999999999999992
vn 0 4.371138806469333e-8 0.9999999999999992
vn 0 4.371138806469333e-8 0.9999999999999992
vn 0 4.371138806469333e-8 0.9999999999999992
vn 0 4.371138806469333e-8 0.9999999999999992
vn 0 4.371138806469333e-8 0.9999999999999992
vn 0 4.371138806469333e-8 0.9999999999999992
vn 0 4.371138806469333e-8 0.9999999999999992
vn 0 4.371138806469333e-8 0.9999999999999992
vn 0 4.371138806469333e-8 0.9999999999999992
vn 0 4.371138806469333e-8 0.9999999999999992
vn 0 4.371138806469333e-8 0.9999999999999992
vn 0 -0.9999999999999992 4.371138806469333e-8
vn 0 -0.9999999999999992 4.371138806469333e-8
vn 0 -0.9999999999999992 4.371138806469333e-8
vn 0 -0.9999999999999992 4.371138806469333e-8
vn 0 -0.9999999999999992 4.371138806469333e-8
vn 0 -0.9999999999999992 4.371138806469333e-8
vn 0 4.371138806469333e-8 0.9999999999999992
vn 0 4.371138806469333e-8 0.9999999999999992
vn 0 4.371138806469333e-8 0.9999999999999992
vn 0 4.371138806469333e-8 0.9999999999999992
vn 0 4.371138806469333e-8 0.9999999999999992
vn 0 4.371138806469333e-8 0.9999999999999992
vn 0 -4.371138806469333e-8 -0.9999999999999992
vn 0 -4.371138806469333e-8 -0.9999999999999992
vn 0 -4.371138806469333e-8 -0.9999999999999992
vn 0 -4.371138806469333e-8 -0.9999999999999992
vn 0 -4.371138806469333e-8 -0.9999999999999992
vn 0 -4.371138806469333e-8 -0.9999999999999992
vn 0 -4.371138806469333e-8 -0.9999999999999992
vn 0 -4.371138806469333e-8 -0.9999999999999992
vn 0 -4.371138806469333e-8 -0.9999999999999992
vn 0 -4.371138806469333e-8 -0.9999999999999992
vn 0 -4.371138806469333e-8 -0.9999999999999992
vn 0 -4.371138806469333e-8 -0.9999999999999992
vn 0 0.9999999999999992 -4.371138806469333e-8
vn 0 0.9999999999999992 -4.371138806469333e-8
vn 0 0.9999999999999992 -4.371138806469333e-8
vn 0 0.9999999999999992 -4.371138806469333e-8
vn 0 0.9999999999999992 -4.371138806469333e-8
vn 0 0.9999999999999992 -4.371138806469333e-8
vn 1 0 0
vn 1 0 0
vn 1 0 0
vn 1 0 0
vn 1 0 0
vn 1 0 0
vn -1 0 0
vn -1 0 0
vn -1 0 0
vn -1 0 0
vn -1 0 0
vn -1 0 0
vn 1 0 0
vn 1 0 0
vn 1 0 0
vn 1 0 0
vn 1 0 0
vn 1 0 0
vn -1 0 0
vn -1 0 0
vn -1 0 0
vn -1 0 0
vn -1 0 0
vn -1 0 0
vn -1 0 0
vn -1 0 0
vn -1 0 0
vn -1 0 0
vn -1 0 0
vn -1 0 0
vn 0 -0.9999999999999992 4.371138806469333e-8
vn 0 -0.9999999999999992 4.371138806469333e-8
vn 0 -0.9999999999999992 4.371138806469333e-8
vn 0 -0.9999999999999992 4.371138806469333e-8
vn 0 -0.9999999999999992 4.371138806469333e-8
vn 0 -0.9999999999999992 4.371138806469333e-8
vn 1 0 0
vn 1 0 0
vn 1 0 0
vn 1 0 0
vn 1 0 0
vn 1 0 0
vn 1 0 0
vn 1 0 0
vn 1 0 0
vn 1 0 0
vn 1 0 0
vn 1 0 0
vn 0 0.9999999999999992 -4.371138806469333e-8
vn 0 0.9999999999999992 -4.371138806469333e-8
vn 0 0.9999999999999992 -4.371138806469333e-8
vn 0 0.9999999999999992 -4.371138806469333e-8
vn 0 0.9999999999999992 -4.371138806469333e-8
vn 0 0.9999999999999992 -4.371138806469333e-8
vn -1 0 0
vn -1 0 0
vn -1 0 0
vn -1 0 0
vn -1 0 0
vn -1 0 0
vn 1 0 0
vn 1 0 0
vn 1 0 0
vn 1 0 0
vn 1 0 0
vn 1 0 0
vn -1 0 0
vn -1 0 0
vn -1 0 0
vn -1 0 0
vn -1 0 0
vn -1 0 0
vn 0 -0.9999999999999992 4.371138806469333e-8
vn 0 -0.9999999999999992 4.371138806469333e-8
vn 0 -0.9999999999999992 4.371138806469333e-8
vn 0 -0.9999999999999992 4.371138806469333e-8
vn 0 -0.9999999999999992 4.371138806469333e-8
vn 0 -0.9999999999999992 4.371138806469333e-8
vn 1 0 0
vn 1 0 0
vn 1 0 0
vn 1 0 0
vn 1 0 0
vn 1 0 0
vn -1 0 0
vn -1 0 0
vn -1 0 0
vn -1 0 0
vn -1 0 0
vn -1 0 0
vn 0 -4.371138806469333e-8 -0.9999999999999992
vn 0 -4.371138806469333e-8 -0.9999999999999992
vn 0 -4.371138806469333e-8 -0.9999999999999992
vn 0 -4.371138806469333e-8 -0.9999999999999992
vn 0 -4.371138806469333e-8 -0.9999999999999992
vn 0 -4.371138806469333e-8 -0.9999999999999992
vn 0 0.9999999999999992 -4.371138806469333e-8
vn 0 0.9999999999999992 -4.371138806469333e-8
vn 0 0.9999999999999992 -4.371138806469333e-8
vn 0 0.9999999999999992 -4.371138806469333e-8
vn 0 0.9999999999999992 -4.371138806469333e-8
vn 0 0.9999999999999992 -4.371138806469333e-8
vn -1 0 0
vn -1 0 0
vn -1 0 0
vn -1 0 0
vn -1 0 0
vn -1 0 0
vn 1 0 0
vn 1 0 0
vn 1 0 0
vn 1 0 0
vn 1 0 0
vn 1 0 0
vn -2.4084161509536343e-7 -0.0000014329456876611182 0.9999999999989444
vn -2.4084161509536343e-7 -0.0000014329456876611182 0.9999999999989444
vn -2.4084161509536343e-7 -0.0000014329456876611182 0.9999999999989444
vn -2.4084161509536343e-7 -0.0000014329456876611182 0.9999999999989444
vn -2.4084161509536343e-7 -0.0000014329456876611182 0.9999999999989444
vn -2.4084161509536343e-7 -0.0000014329456876611182 0.9999999999989444
vn 0 0.9999999999999992 -4.371138806469333e-8
vn 0 0.9999999999999992 -4.371138806469333e-8
vn 0 0.9999999999999992 -4.371138806469333e-8
vn 0 0.9999999999999992 -4.371138806469333e-8
vn 0 0.9999999999999992 -4.371138806469333e-8
vn 0 0.9999999999999992 -4.371138806469333e-8
vn 0 0.9999999999999992 -4.371138806469333e-8
vn 0 0.9999999999999992 -4.371138806469333e-8
vn 0 0.9999999999999992 -4.371138806469333e-8
vn 0 0.9999999999999992 -4.371138806469333e-8
vn 0 0.9999999999999992 -4.371138806469333e-8
vn 0 0.9999999999999992 -4.371138806469333e-8
vn 0 0.9999999999999992 -4.371138806469333e-8
vn 0 0.9999999999999992 -4.371138806469333e-8
vn 0 0.9999999999999992 -4.371138806469333e-8
vn 0 0.9999999999999992 -4.371138806469333e-8
vn 0 0.9999999999999992 -4.371138806469333e-8
vn 0 0.9999999999999992 -4.371138806469333e-8
f 595/595/595 596/596/596 597/597/597
f 598/598/598 599/599/599 600/600/600
f 601/601/601 602/602/602 603/603/603
f 604/604/604 605/605/605 606/606/606
f 607/607/607 608/608/608 609/609/609
f 610/610/610 611/611/611 612/612/612
f 613/613/613 614/614/614 615/615/615
f 616/616/616 617/617/617 618/618/618
f 619/619/619 620/620/620 621/621/621
f 622/622/622 623/623/623 624/624/624
f 625/625/625 626/626/626 627/627/627
f 628/628/628 629/629/629 630/630/630
f 631/631/631 632/632/632 633/633/633
f 634/634/634 635/635/635 636/636/636
f 637/637/637 638/638/638 639/639/639
f 640/640/640 641/641/641 642/642/642
f 643/643/643 644/644/644 645/645/645
f 646/646/646 647/647/647 648/648/648
f 649/649/649 650/650/650 651/651/651
f 652/652/652 653/653/653 654/654/654
f 655/655/655 656/656/656 657/657/657
f 658/658/658 659/659/659 660/660/660
f 661/661/661 662/662/662 663/663/663
f 664/664/664 665/665/665 666/666/666
f 667/667/667 668/668/668 669/669/669
f 670/670/670 671/671/671 672/672/672
f 673/673/673 674/674/674 675/675/675
f 676/676/676 677/677/677 678/678/678
f 679/679/679 680/680/680 681/681/681
f 682/682/682 683/683/683 684/684/684
f 685/685/685 686/686/686 687/687/687
f 688/688/688 689/689/689 690/690/690
f 691/691/691 692/692/692 693/693/693
f 694/694/694 695/695/695 696/696/696
f 697/697/697 698/698/698 699/699/699
f 700/700/700 701/701/701 702/702/702
f 703/703/703 704/704/704 705/705/705
f 706/706/706 707/707/707 708/708/708
f 709/709/709 710/710/710 711/711/711
f 712/712/712 713/713/713 714/714/714
f 715/715/715 716/716/716 717/717/717
f 718/718/718 719/719/719 720/720/720
f 721/721/721 722/722/722 723/723/723
f 724/724/724 725/725/725 726/726/726
f 727/727/727 728/728/728 729/729/729
f 730/730/730 731/731/731 732/732/732
f 733/733/733 734/734/734 735/735/735
f 736/736/736 737/737/737 738/738/738
f 739/739/739 740/740/740 741/741/741
f 742/742/742 743/743/743 744/744/744
f 745/745/745 746/746/746 747/747/747
f 748/748/748 749/749/749 750/750/750
f 751/751/751 752/752/752 753/753/753
f 754/754/754 755/755/755 756/756/756
f 757/757/757 758/758/758 759/759/759
f 760/760/760 761/761/761 762/762/762
f 763/763/763 764/764/764 765/765/765
f 766/766/766 767/767/767 768/768/768
f 769/769/769 770/770/770 771/771/771
f 772/772/772 773/773/773 774/774/774
f 775/775/775 776/776/776 777/777/777
f 778/778/778 779/779/779 780/780/780
f 781/781/781 782/782/782 783/783/783
f 784/784/784 785/785/785 786/786/786
f 787/787/787 788/788/788 789/789/789
f 790/790/790 791/791/791 792/792/792
f 793/793/793 794/794/794 795/795/795
f 796/796/796 797/797/797 798/798/798
f 799/799/799 800/800/800 801/801/801
f 802/802/802 803/803/803 804/804/804
f 805/805/805 806/806/806 807/807/807
f 808/808/808 809/809/809 810/810/810
f 811/811/811 812/812/812 813/813/813
f 814/814/814 815/815/815 816/816/816
o box_big002
usemtl DefaultMaterial
v -2648.1392211914062 90.05332703846355 300.8869669815642
v -2648.1392211914062 90.05332638279273 285.8869669815643
v -1855.8656616210938 90.05332638279273 285.8869669815643
v -2648.1392211914062 90.05332703846355 300.8869669815642
v -1855.8656616210938 90.05332638279273 285.8869669815643
v -1855.8656616210938 90.05332703846355 300.8869669815642
v -1855.8656616210938 90.05332703846355 300.8869669815642
v -1855.8656616210938 240.98264832752602 300.8869603842341
v -2648.1392211914062 240.98264832752602 300.8869603842341
v -1855.8656616210938 90.05332703846355 300.8869669815642
v -2648.1392211914062 240.98264832752602 300.8869603842341
v -2648.1392211914062 90.05332703846355 300.8869669815642
v -1855.8656616210938 90.05332638279273 285.8869669815643
v -1855.8656616210938 240.9826476718552 285.8869603842341
v -1855.8656616210938 240.98264832752602 300.8869603842341
v -1855.8656616210938 90.05332638279273 285.8869669815643
v -1855.8656616210938 240.98264832752602 300.8869603842341
v -1855.8656616210938 90.05332703846355 300.8869669815642
v -2648.1392211914062 90.05332638279273 285.8869669815643
v -2648.1392211914062 240.9826476718552 285.8869603842341
v -1855.8656616210938 240.9826476718552 285.8869603842341
v -2648.1392211914062 90.05332638279273 285.8869669815643
v -1855.8656616210938 240.9826476718552 285.8869603842341
v -1855.8656616210938 90.05332638279273 285.8869669815643
v -2648.1392211914062 90.05332703846355 300.8869669815642
v -2648.1392211914062 240.98264832752602 300.8869603842341
v -2648.1392211914062 240.9826476718552 285.8869603842341
v -2648.1392211914062 90.05332703846355 300.8869669815642
v -2648.1392211914062 240.9826476718552 285.8869603842341
v -2648.1392211914062 90.05332638279273 285.8869669815643
v -2648.1392211914062 277.232648327526 300.8869587996963
v -1855.8656616210938 277.232648327526 300.8869587996963
v -1855.8656616210938 277.2326476718552 285.8869587996963
v -2648.1392211914062 277.232648327526 300.8869587996963
v -1855.8656616210938 277.2326476718552 285.8869587996963
v -2648.1392211914062 277.2326476718552 285.8869587996963
v -2648.1392211914062 277.2326476718552 285.8869587996963
v -1855.8656616210938 277.2326476718552 285.8869587996963
v -1855.8656616210938 240.9826476718552 285.8869603842341
v -2648.1392211914062 277.2326476718552 285.8869587996963
v -1855.8656616210938 240.9826476718552 285.8869603842341
v -2648.1392211914062 240.9826476718552 285.8869603842341
v -1855.8656616210938 277.232648327526 300.8869587996963
v -2648.1392211914062 277.232648327526 300.8869587996963
v -2648.1392211914062 269.51624818104165 300.88695913699087
v -1855.8656616210938 277.232648327526 300.8869587996963
v -2648.1392211914062 269.51624818104165 300.88695913699087
v -1855.8656616210938 269.51624818104165 300.88695913699087
v -2648.1392211914062 240.98264832752602 300.8869603842341
v -1855.8656616210938 240.98264832752602 300.8869603842341
v -1855.8656616210938 248.6990484740104 300.8869600469396
v -2648.1392211914062 240.98264832752602 300.8869603842341
v -1855.8656616210938 248.6990484740104 300.8869600469396
v -2648.1392211914062 248.6990484740104 300.8869600469396
v -1855.8656616210938 275.73264773742227 287.3869588652634
v -1855.8656616210938 275.7326482619589 299.3869588652634
v -2648.1392211914062 275.7326482619589 299.3869588652634
v -1855.8656616210938 275.73264773742227 287.3869588652634
v -2648.1392211914062 275.7326482619589 299.3869588652634
v -2648.1392211914062 275.73264773742227 287.3869588652634
v -2648.1392211914062 275.73264773742227 287.3869588652634
v -2648.1392211914062 242.48264773742227 287.38696031866704
v -1855.8656616210938 242.48264773742227 287.38696031866704
v -2648.1392211914062 275.73264773742227 287.3869588652634
v -1855.8656616210938 242.48264773742227 287.38696031866704
v -1855.8656616210938 275.73264773742227 287.3869588652634
v -2648.1392211914062 269.5162481154745 299.38695913699087
v -2648.1392211914062 275.7326482619589 299.3869588652634
v -1855.8656616210938 275.7326482619589 299.3869588652634
v -2648.1392211914062 269.5162481154745 299.38695913699087
v -1855.8656616210938 275.7326482619589 299.3869588652634
v -1855.8656616210938 269.5162481154745 299.38695913699087
v -1855.8656616210938 248.69904840844333 299.3869600469396
v -1855.8656616210938 242.48264826195896 299.38696031866704
v -2648.1392211914062 242.48264826195896 299.38696031866704
v -1855.8656616210938 248.69904840844333 299.3869600469396
v -2648.1392211914062 242.48264826195896 299.38696031866704
v -2648.1392211914062 248.69904840844333 299.3869600469396
v -2648.1392211914062 242.48264826195896 299.38696031866704
v -1855.8656616210938 242.48264826195896 299.38696031866704
v -1855.8656616210938 242.48264773742227 287.38696031866704
v -2648.1392211914062 242.48264826195896 299.38696031866704
v -1855.8656616210938 242.48264773742227 287.38696031866704
v -2648.1392211914062 242.48264773742227 287.38696031866704
v -1855.8656616210938 277.2326476718552 285.8869587996963
v -1855.8656616210938 277.232648327526 300.8869587996963
v -1855.8656616210938 275.7326482619589 299.3869588652634
v -1855.8656616210938 277.2326476718552 285.8869587996963
v -1855.8656616210938 275.7326482619589 299.3869588652634
v -1855.8656616210938 275.73264773742227 287.3869588652634
v -2648.1392211914062 277.232648327526 300.8869587996963
v -2648.1392211914062 277.2326476718552 285.8869587996963
v -2648.1392211914062 275.73264773742227 287.3869588652634
v -2648.1392211914062 277.232648327526 300.8869587996963
v -2648.1392211914062 275.73264773742227 287.3869588652634
v -2648.1392211914062 275.7326482619589 299.3869588652634
v -1855.8656616210938 275.73264773742227 287.3869588652634
v -1855.8656616210938 242.48264773742227 287.38696031866704
v -1855.8656616210938 240.9826476718552 285.8869603842341
v -1855.8656616210938 275.73264773742227 287.3869588652634
v -1855.8656616210938 240.9826476718552 285.8869603842341
v -1855.8656616210938 277.2326476718552 285.8869587996963
v -2648.1392211914062 242.48264773742227 287.38696031866704
v -2648.1392211914062 275.73264773742227 287.3869588652634
v -2648.1392211914062 277.2326476718552 285.8869587996963
v -2648.1392211914062 242.48264773742227 287.38696031866704
v -2648.1392211914062 277.2326476718552 285.8869587996963
v -2648.1392211914062 240.9826476718552 285.8869603842341
v -2648.1392211914062 269.51624818104165 300.88695913699087
v -2648.1392211914062 277.232648327526 300.8869587996963
v -2648.1392211914062 275.7326482619589 299.3869588652634
v -2648.1392211914062 269.51624818104165 300.88695913699087
v -2648.1392211914062 275.7326482619589 299.3869588652634
v -2648.1392211914062 269.5162481154745 299.38695913699087
v -1855.8656616210938 269.51624818104165 300.88695913699087
v -2648.1392211914062 269.51624818104165 300.88695913699087
v -2648.1392211914062 269.5162481154745 299.38695913699087
v -1855.8656616210938 269.51624818104165 300.88695913699087
v -2648.1392211914062 269.5162481154745 299.38695913699087
v -1855.8656616210938 269.5162481154745 299.38695913699087
v -1855.8656616210938 277.232648327526 300.8869587996963
v -1855.8656616210938 269.51624818104165 300.88695913699087
v -1855.8656616210938 269.5162481154745 299.38695913699087
v -1855.8656616210938 277.232648327526 300.8869587996963
v -1855.8656616210938 269.5162481154745 299.38695913699087
v -1855.8656616210938 275.7326482619589 299.3869588652634
v -1855.8656616210938 248.6990484740104 300.8869600469396
v -1855.8656616210938 240.98264832752602 300.8869603842341
v -1855.8656616210938 242.48264826195896 299.38696031866704
v -1855.8656616210938 248.6990484740104 300.8869600469396
v -1855.8656616210938 242.48264826195896 299.38696031866704
v -1855.8656616210938 248.69904840844333 299.3869600469396
v -2648.1392211914062 248.6990484740104 300.8869600469396
v -1855.8656616210938 248.6990484740104 300.8869600469396
v -1855.8656616210938 248.69904840844333 299.3869600469396
v -2648.1392211914062 248.6990484740104 300.8869600469396
v -1855.8656616210938 248.69904840844333 299.3869600469396
v -2648.1392211914062 248.69904840844333 299.3869600469396
v -2648.1392211914062 240.98264832752602 300.8869603842341
v -2648.1392211914062 248.6990484740104 300.8869600469396
v -2648.1392211914062 248.69904840844333 299.3869600469396
v -2648.1392211914062 240.98264832752602 300.8869603842341
v -2648.1392211914062 248.69904840844333 299.3869600469396
v -2648.1392211914062 242.48264826195896 299.38696031866704
v -1855.8656616210938 240.98264832752602 300.8869603842341
v -1855.8656616210938 240.9826476718552 285.8869603842341
v -1855.8656616210938 242.48264773742227 287.38696031866704
v -1855.8656616210938 240.98264832752602 300.8869603842341
v -1855.8656616210938 242.48264773742227 287.38696031866704
v -1855.8656616210938 242.48264826195896 299.38696031866704
v -2648.1392211914062 240.9826476718552 285.8869603842341
v -2648.1392211914062 240.98264832752602 300.8869603842341
v -2648.1392211914062 242.48264826195896 299.38696031866704
v -2648.1392211914062 240.9826476718552 285.8869603842341
v -2648.1392211914062 242.48264826195896 299.38696031866704
v -2648.1392211914062 242.48264773742227 287.38696031866704
v -2638.13916015625 100.05332639446492 286.15399535304414
v -2638.13916015625 100.05330137950523 -286.1215783774245
v -1865.8656921386719 100.05330137950523 -286.1215783774245
v -2638.13916015625 100.05332639446492 286.15399535304414
v -1865.8656921386719 100.05330137950523 -286.1215783774245
v -1865.8656921386719 100.05332639446492 286.15399535304414
v -1865.8656921386719 100.05332639446492 286.15399535304414
v -1865.8656921386719 100.05330137950523 -286.1215783774245
v -1865.8656921386719 267.2326226685677 -286.1215856850647
v -1865.8656921386719 100.05332639446492 286.15399535304414
v -1865.8656921386719 267.2326226685677 -286.1215856850647
v -1865.8656921386719 267.2326476835274 286.15398804540393
v -2638.13916015625 100.05330137950523 -286.1215783774245
v -2638.13916015625 100.05332639446492 286.15399535304414
v -2638.13916015625 267.2326476835274 286.15398804540393
v -2638.13916015625 100.05330137950523 -286.1215783774245
v -2638.13916015625 267.2326476835274 286.15398804540393
v -2638.13916015625 267.2326226685677 -286.1215856850647
v -2638.13916015625 267.2326226685677 -286.1215856850647
v -1865.8656921386719 267.2326226685677 -286.1215856850647
v -1865.8656921386719 100.05330137950523 -286.1215783774245
v -2638.13916015625 267.2326226685677 -286.1215856850647
v -1865.8656921386719 100.05330137950523 -286.1215783774245
v -2638.13916015625 100.05330137950523 -286.1215783774245
v -1871.8656921386719 106.05330164177357 -280.12157863969287
v -2632.13916015625 106.05330164175756 -280.12194485063037
v -2632.13916015625 106.05332639446492 286.1539950907758
v -1871.8656921386719 106.05330164177357 -280.12157863969287
v -2632.13916015625 106.05332639446492 286.1539950907758
v -1871.8656921386719 106.05332639446492 286.1539950907758
v -1871.8656921386719 267.23262293083604 -280.1215856850647
v -1871.8656921386719 106.05330164177357 -280.12157863969287
v -1871.8656921386719 106.05332639446492 286.1539950907758
v -1871.8656921386719 267.23262293083604 -280.1215856850647
v -1871.8656921386719 106.05332639446492 286.1539950907758
v -1871.8656921386719 267.2326476835274 286.15398804540393
v -2632.13916015625 267.2326476835274 286.15398804540393
v -2632.13916015625 106.05332639446492 286.1539950907758
v -2632.13916015625 106.05330164175756 -280.12194485063037
v -2632.13916015625 267.2326476835274 286.15398804540393
v -2632.13916015625 106.05330164175756 -280.12194485063037
v -2632.13916015625 267.23262293083604 -280.1215856850647
v -1871.8656921386719 106.05330164177357 -280.12157863969287
v -1871.8656921386719 267.23262293083604 -280.1215856850647
v -2632.13916015625 267.23262293083604 -280.1215856850647
v -1871.8656921386719 106.05330164177357 -280.12157863969287
v -2632.13916015625 267.23262293083604 -280.1215856850647
v -2632.13916015625 106.05330164175756 -280.12194485063037
v -1865.8656921386719 267.2326476835274 286.15398804540393
v -1865.8656921386719 267.2326226685677 -286.1215856850647
v -1871.8656921386719 267.23262293083604 -280.1215856850647
v -1865.8656921386719 267.2326476835274 286.15398804540393
v -1871.8656921386719 267.23262293083604 -280.1215856850647
v -1871.8656921386719 267.2326476835274 286.15398804540393
v -2638.13916015625 267.2326226685677 -286.1215856850647
v -2638.13916015625 267.2326476835274 286.15398804540393
v -2632.13916015625 267.2326476835274 286.15398804540393
v -2638.13916015625 267.2326226685677 -286.1215856850647
v -2632.13916015625 267.2326476835274 286.15398804540393
v -2632.13916015625 267.23262293083604 -280.1215856850647
v -1865.8656921386719 267.2326226685677 -286.1215856850647
v -2638.13916015625 267.2326226685677 -286.1215856850647
v -2632.13916015625 267.23262293083604 -280.1215856850647
v -1865.8656921386719 267.2326226685677 -286.1215856850647
v -2632.13916015625 267.23262293083604 -280.1215856850647
v -1871.8656921386719 267.23262293083604 -280.1215856850647
vt 0.022684499621391296 0.3530033826828003
vt 0.022684499621391296 0.3493412733078003
vt 0.216104194521904 0.3493412733078003
vt 0.022684499621391296 0.3530033826828003
vt 0.216104194521904 0.3493412733078003
vt 0.216104194521904 0.3530033826828003
vt 0.6289684176445007 0.26767706871032715
vt 0.6289684176445007 0.30696654319763184
vt 0.43554240465164185 0.30696654319763184
vt 0.6289684176445007 0.26767706871032715
vt 0.43554240465164185 0.30696654319763184
vt 0.43554240465164185 0.26767706871032715
vt 0.9110421538352966 0.7485885620117188
vt 0.9110421538352966 0.7878782749176025
vt 0.9073800444602966 0.7878782749176025
vt 0.9110421538352966 0.7485885620117188
vt 0.9073800444602966 0.7878782749176025
vt 0.9073800444602966 0.7485885620117188
vt 0.833128809928894 0.2540664076805115
vt 0.833128809928894 0.29335540533065796
vt 0.6397029161453247 0.29335540533065796
vt 0.833128809928894 0.2540664076805115
vt 0.6397029161453247 0.29335540533065796
vt 0.6397029161453247 0.2540664076805115
vt 0.9076334238052368 0.4191323518753052
vt 0.9076334238052368 0.45842015743255615
vt 0.9039710760116577 0.45842015743255615
vt 0.9076334238052368 0.4191323518753052
vt 0.9039710760116577 0.45842015743255615
vt 0.9039710760116577 0.4191323518753052
vt 0.22684502601623535 0.34480440616607666
vt 0.42026472091674805 0.34480440616607666
vt 0.42026472091674805 0.3484666347503662
vt 0.22684502601623535 0.34480440616607666
vt 0.42026472091674805 0.3484666347503662
vt 0.22684502601623535 0.3484666347503662
vt 0.833128809928894 0.29976457357406616
vt 0.6397029161453247 0.29976457357406616
vt 0.6397029161453247 0.29335540533065796
vt 0.833128809928894 0.29976457357406616
vt 0.6397029161453247 0.29335540533065796
vt 0.833128809928894 0.29335540533065796
vt 0.4202786982059479 0.3376144766807556
vt 0.22684499621391296 0.3376144766807556
vt 0.22684499621391296 0.3357306122779846
vt 0.4202786982059479 0.3376144766807556
vt 0.22684499621391296 0.3357306122779846
vt 0.4202786982059479 0.3357306122779846
vt 0.43554240465164185 0.30696654319763184
vt 0.6289684176445007 0.30696654319763184
vt 0.6289684176445007 0.30885040760040283
vt 0.43554240465164185 0.30696654319763184
vt 0.6289684176445007 0.30885040760040283
vt 0.43554240465164185 0.30885040760040283
vt 0.6289593577384949 0.3266568183898926
vt 0.6289593577384949 0.32958662509918213
vt 0.43554240465164185 0.32958662509918213
vt 0.6289593577384949 0.3266568183898926
vt 0.43554240465164185 0.32958662509918213
vt 0.43554240465164185 0.3266568183898926
vt 0.7848837375640869 0.205299973487854
vt 0.7848837375640869 0.19962358474731445
vt 0.9783101081848145 0.19962358474731445
vt 0.7848837375640869 0.205299973487854
vt 0.9783101081848145 0.19962358474731445
vt 0.9783101081848145 0.205299973487854
vt 0.6289615035057068 0.32211995124816895
vt 0.6289615035057068 0.3236377239227295
vt 0.43554240465164185 0.3236377239227295
vt 0.6289615035057068 0.32211995124816895
vt 0.43554240465164185 0.3236377239227295
vt 0.43554240465164185 0.32211995124816895
vt 0.6397029161453247 0.3191007971763611
vt 0.6397029161453247 0.31758302450180054
vt 0.8331220149993896 0.31758302450180054
vt 0.6397029161453247 0.3191007971763611
vt 0.8331220149993896 0.31758302450180054
vt 0.8331220149993896 0.3191007971763611
vt 0.6397029161453247 0.32211995124816895
vt 0.8331198692321777 0.32211995124816895
vt 0.8331198692321777 0.3250497579574585
vt 0.6397029161453247 0.32211995124816895
vt 0.8331198692321777 0.3250497579574585
vt 0.6397029161453247 0.3250497579574585
vt 0.9110421538352966 0.7942872047424316
vt 0.9073800444602966 0.7942872047424316
vt 0.9077461361885071 0.7939211130142212
vt 0.9110421538352966 0.7942872047424316
vt 0.9077461361885071 0.7939211130142212
vt 0.9106759428977966 0.7939211130142212
vt 0.9076334238052368 0.46482884883880615
vt 0.9039710760116577 0.46482884883880615
vt 0.9043375253677368 0.46446263790130615
vt 0.9076334238052368 0.46482884883880615
vt 0.9043375253677368 0.46446263790130615
vt 0.9072672128677368 0.46446263790130615
vt 0.9106759428977966 0.7939211130142212
vt 0.9106759428977966 0.7882444858551025
vt 0.9110421538352966 0.7878782749176025
vt 0.9106759428977966 0.7939211130142212
vt 0.9110421538352966 0.7878782749176025
vt 0.9110421538352966 0.7942872047424316
vt 0.9043375253677368 0.45878636837005615
vt 0.9043375253677368 0.46446263790130615
vt 0.9039710760116577 0.46482884883880615
vt 0.9043375253677368 0.45878636837005615
vt 0.9039710760116577 0.46482884883880615
vt 0.9039710760116577 0.45842015743255615
vt 0.9076334238052368 0.46294522285461426
vt 0.9076334238052368 0.46482884883880615
vt 0.9072672128677368 0.46446263790130615
vt 0.9076334238052368 0.46294522285461426
vt 0.9072672128677368 0.46446263790130615
vt 0.9072672128677368 0.46294522285461426
vt 0.40666520595550537 0.340633749961853
vt 0.2132343053817749 0.340633749961853
vt 0.2132343053817749 0.340267539024353
vt 0.40666520595550537 0.340633749961853
vt 0.2132343053817749 0.340267539024353
vt 0.40666520595550537 0.340267539024353
vt 0.9073800444602966 0.7942872047424316
vt 0.9073800444602966 0.7924035787582397
vt 0.9077461361885071 0.7924035787582397
vt 0.9073800444602966 0.7942872047424316
vt 0.9077461361885071 0.7924035787582397
vt 0.9077461361885071 0.7939211130142212
vt 0.9073800444602966 0.7897622585296631
vt 0.9073800444602966 0.7878782749176025
vt 0.9077461361885071 0.7882444858551025
vt 0.9073800444602966 0.7897622585296631
vt 0.9077461361885071 0.7882444858551025
vt 0.9077461361885071 0.7897622585296631
vt 0.7848837375640869 0.16786527633666992
vt 0.9783146381378174 0.16786527633666992
vt 0.9783146381378174 0.16823148727416992
vt 0.7848837375640869 0.16786527633666992
vt 0.9783146381378174 0.16823148727416992
vt 0.7848837375640869 0.16823148727416992
vt 0.9076334238052368 0.45842015743255615
vt 0.9076334238052368 0.46030402183532715
vt 0.9072672128677368 0.46030402183532715
vt 0.9076334238052368 0.45842015743255615
vt 0.9072672128677368 0.46030402183532715
vt 0.9072672128677368 0.45878636837005615
vt 0.9073800444602966 0.7878782749176025
vt 0.9110421538352966 0.7878782749176025
vt 0.9106759428977966 0.7882444858551025
vt 0.9073800444602966 0.7878782749176025
vt 0.9106759428977966 0.7882444858551025
vt 0.9077461361885071 0.7882444858551025
vt 0.9039710760116577 0.45842015743255615
vt 0.9076334238052368 0.45842015743255615
vt 0.9072672128677368 0.45878636837005615
vt 0.9039710760116577 0.45842015743255615
vt 0.9072672128677368 0.45878636837005615
vt 0.9043375253677368 0.45878636837005615
vt 0.009073801338672638 0.6523854732513428
vt 0.009073801338672638 0.5126697421073914
vt 0.1976170539855957 0.5126697421073914
vt 0.009073801338672638 0.6523854732513428
vt 0.1976170539855957 0.5126697421073914
vt 0.1976170539855957 0.6523854732513428
vt 0.4037841260433197 0.8846955299377441
vt 0.5435001850128174 0.8846955299377441
vt 0.5435001850128174 0.9255106449127197
vt 0.4037841260433197 0.8846955299377441
vt 0.5435001850128174 0.9255106449127197
vt 0.4037841260433197 0.9255106449127197
vt 0.5535018444061279 0.8846955299377441
vt 0.6932177543640137 0.8846955299377441
vt 0.6932177543640137 0.9255106449127197
vt 0.5535018444061279 0.8846955299377441
vt 0.6932177543640137 0.9255106449127197
vt 0.5535018444061279 0.9255106449127197
vt 0.998194694519043 0.6064916253089905
vt 0.9159804582595825 0.6064916253089905
vt 0.9159804582595825 0.588694155216217
vt 0.998194694519043 0.6064916253089905
vt 0.9159804582595825 0.588694155216217
vt 0.998194694519043 0.588694155216217
vt 0.589397668838501 0.4921290874481201
vt 0.4037841260433197 0.4921290874481201
vt 0.4037841260433197 0.3538782596588135
vt 0.589397668838501 0.4921290874481201
vt 0.4037841260433197 0.3538782596588135
vt 0.589397668838501 0.3538782596588135
vt 0.8347896337509155 0.9558043479919434
vt 0.8347896337509155 0.9164538383483887
vt 0.9730404019355774 0.9164538383483887
vt 0.8347896337509155 0.9558043479919434
vt 0.9730404019355774 0.9164538383483887
vt 0.9730404019355774 0.9558043479919434
vt 0.3566424548625946 0.9991044998168945
vt 0.3566424548625946 0.9597541689872742
vt 0.4948939383029938 0.9597541689872742
vt 0.3566424548625946 0.9991044998168945
vt 0.4948939383029938 0.9597541689872742
vt 0.4948936998844147 0.9991044998168945
vt 0.3943112790584564 0.7032195329666138
vt 0.3943112790584564 0.7425698041915894
vt 0.20869740843772888 0.7425698041915894
vt 0.3943112790584564 0.7032195329666138
vt 0.20869740843772888 0.7425698041915894
vt 0.20869740843772888 0.7032195329666138
vt 0.813569962978363 0.5988707542419434
vt 0.813569962978363 0.7385897636413574
vt 0.812105119228363 0.737125039100647
vt 0.813569962978363 0.5988707542419434
vt 0.812105119228363 0.737125039100647
vt 0.812105119228363 0.5988707542419434
vt 0.19508670270442963 0.992650032043457
vt 0.19508670270442963 0.8529372215270996
vt 0.19655154645442963 0.8529372215270996
vt 0.19508670270442963 0.992650032043457
vt 0.19655154645442963 0.8529372215270996
vt 0.19655154645442963 0.9911853075027466
vt 0.8282506465911865 0.3281216025352478
vt 0.6397029161453247 0.3281216025352478
vt 0.6411676406860352 0.3266568183898926
vt 0.8282506465911865 0.3281216025352478
vt 0.6411676406860352 0.3266568183898926
vt 0.8267860412597656 0.3266568183898926
vn 0 -0.9999999999999992 4.371138806469333e-8
vn 0 -0.9999999999999992 4.371138806469333e-8
vn 0 -0.9999999999999992 4.371138806469333e-8
vn 0 -0.9999999999999992 4.371138806469333e-8
vn 0 -0.9999999999999992 4.371138806469333e-8
vn 0 -0.9999999999999992 4.371138806469333e-8
vn 0 4.371138806469333e-8 0.9999999999999992
vn 0 4.371138806469333e-8 0.9999999999999992
vn 0 4.371138806469333e-8 0.9999999999999992
vn 0 4.371138806469333e-8 0.9999999999999992
vn 0 4.371138806469333e-8 0.9999999999999992
vn 0 4.371138806469333e-8 0.9999999999999992
vn 1 0 0
vn 1 0 0
vn 1 0 0
vn 1 0 0
vn 1 0 0
vn 1 0 0
vn 0 -4.371138806469333e-8 -0.9999999999999992
vn 0 -4.371138806469333e-8 -0.9999999999999992
vn 0 -4.371138806469333e-8 -0.9999999999999992
vn 0 -4.371138806469333e-8 -0.9999999999999992
vn 0 -4.371138806469333e-8 -0.9999999999999992
vn 0 -4.371138806469333e-8 -0.9999999999999992
vn -1 0 0
vn -1 0 0
vn -1 0 0
vn -1 0 0
vn -1 0 0
vn -1 0 0
vn 0 0.9999999999999992 -4.371138806469333e-8
vn 0 0.9999999999999992 -4.371138806469333e-8
vn 0 0.9999999999999992 -4.371138806469333e-8
vn 0 0.9999999999999992 -4.371138806469333e-8
vn 0 0.9999999999999992 -4.371138806469333e-8
vn 0 0.9999999999999992 -4.371138806469333e-8
vn 0 -4.371138806469333e-8 -0.9999999999999992
vn 0 -4.371138806469333e-8 -0.9999999999999992
vn 0 -4.371138806469333e-8 -0.9999999999999992
vn 0 -4.371138806469333e-8 -0.9999999999999992
vn 0 -4.371138806469333e-8 -0.9999999999999992
vn 0 -4.371138806469333e-8 -0.9999999999999992
vn 0 4.371138806469333e-8 0.9999999999999992
vn 0 4.371138806469333e-8 0.9999999999999992
vn 0 4.371138806469333e-8 0.9999999999999992
vn 0 4.371138806469333e-8 0.9999999999999992
vn 0 4.371138806469333e-8 0.9999999999999992
vn 0 4.371138806469333e-8 0.9999999999999992
vn 0 4.371138806469333e-8 0.9999999999999992
vn 0 4.371138806469333e-8 0.9999999999999992
vn 0 4.371138806469333e-8 0.9999999999999992
vn 0 4.371138806469333e-8 0.9999999999999992
vn 0 4.371138806469333e-8 0.9999999999999992
vn 0 4.371138806469333e-8 0.9999999999999992
vn 0 -0.9999999999999992 4.371138806469333e-8
vn 0 -0.9999999999999992 4.371138806469333e-8
vn 0 -0.9999999999999992 4.371138806469333e-8
vn 0 -0.9999999999999992 4.371138806469333e-8
vn 0 -0.9999999999999992 4.371138806469333e-8
vn 0 -0.9999999999999992 4.371138806469333e-8
vn 0 4.371138806469333e-8 0.9999999999999992
vn 0 4.371138806469333e-8 0.9999999999999992
vn 0 4.371138806469333e-8 0.9999999999999992
vn 0 4.371138806469333e-8 0.9999999999999992
vn 0 4.371138806469333e-8 0.9999999999999992
vn 0 4.371138806469333e-8 0.9999999999999992
vn 0 -4.371138806469333e-8 -0.9999999999999992
vn 0 -4.371138806469333e-8 -0.9999999999999992
vn 0 -4.371138806469333e-8 -0.9999999999999992
vn 0 -4.371138806469333e-8 -0.9999999999999992
vn 0 -4.371138806469333e-8 -0.9999999999999992
vn 0 -4.371138806469333e-8 -0.9999999999999992
vn 0 -4.371138806469333e-8 -0.9999999999999992
vn 0 -4.371138806469333e-8 -0.9999999999999992
vn 0 -4.371138806469333e-8 -0.9999999999999992
vn 0 -4.371138806469333e-8 -0.9999999999999992
vn 0 -4.371138806469333e-8 -0.9999999999999992
vn 0 -4.371138806469333e-8 -0.9999999999999992
vn 0 0.9999999999999992 -4.371138806469333e-8
vn 0 0.9999999999999992 -4.371138806469333e-8
vn 0 0.9999999999999992 -4.371138806469333e-8
vn 0 0.9999999999999992 -4.371138806469333e-8
vn 0 0.9999999999999992 -4.371138806469333e-8
vn 0 0.9999999999999992 -4.371138806469333e-8
vn 1 0 0
vn 1 0 0
vn 1 0 0
vn 1 0 0
vn 1 0 0
vn 1 0 0
vn -1 0 0
vn -1 0 0
vn -1 0 0
vn -1 0 0
vn -1 0 0
vn -1 0 0
vn 1 0 0
vn 1 0 0
vn 1 0 0
vn 1 0 0
vn 1 0 0
vn 1 0 0
vn -1 0 0
vn -1 0 0
vn -1 0 0
vn -1 0 0
vn -1 0 0
vn -1 0 0
vn -1 0 0
vn -1 0 0
vn -1 0 0
vn -1 0 0
vn -1 0 0
vn -1 0 0
vn 0 -0.9999999999999992 4.371138806469333e-8
vn 0 -0.9999999999999992 4.371138806469333e-8
vn 0 -0.9999999999999992 4.371138806469333e-8
vn 0 -0.9999999999999992 4.371138806469333e-8
vn 0 -0.9999999999999992 4.371138806469333e-8
vn 0 -0.9999999999999992 4.371138806469333e-8
vn 1 0 0
vn 1 0 0
vn 1 0 0
vn 1 0 0
vn 1 0 0
vn 1 0 0
vn 1 0 0
vn 1 0 0
vn 1 0 0
vn 1 0 0
vn 1 0 0
vn 1 0 0
vn 0 0.9999999999999992 -4.371138806469333e-8
vn 0 0.9999999999999992 -4.371138806469333e-8
vn 0 0.9999999999999992 -4.371138806469333e-8
vn 0 0.9999999999999992 -4.371138806469333e-8
vn 0 0.9999999999999992 -4.371138806469333e-8
vn 0 0.9999999999999992 -4.371138806469333e-8
vn -1 0 0
vn -1 0 0
vn -1 0 0
vn -1 0 0
vn -1 0 0
vn -1 0 0
vn 1 0 0
vn 1 0 0
vn 1 0 0
vn 1 0 0
vn 1 0 0
vn 1 0 0
vn -1 0 0
vn -1 0 0
vn -1 0 0
vn -1 0 0
vn -1 0 0
vn -1 0 0
vn 0 -0.9999999999999992 4.371138806469333e-8
vn 0 -0.9999999999999992 4.371138806469333e-8
vn 0 -0.9999999999999992 4.371138806469333e-8
vn 0 -0.9999999999999992 4.371138806469333e-8
vn 0 -0.9999999999999992 4.371138806469333e-8
vn 0 -0.9999999999999992 4.371138806469333e-8
vn 1 0 0
vn 1 0 0
vn 1 0 0
vn 1 0 0
vn 1 0 0
vn 1 0 0
vn -1 0 0
vn -1 0 0
vn -1 0 0
vn -1 0 0
vn -1 0 0
vn -1 0 0
vn 0 -4.371138806469333e-8 -0.9999999999999992
vn 0 -4.371138806469333e-8 -0.9999999999999992
vn 0 -4.371138806469333e-8 -0.9999999999999992
vn 0 -4.371138806469333e-8 -0.9999999999999992
vn 0 -4.371138806469333e-8 -0.9999999999999992
vn 0 -4.371138806469333e-8 -0.9999999999999992
vn 0 0.9999999999999992 -4.371138806469333e-8
vn 0 0.9999999999999992 -4.371138806469333e-8
vn 0 0.9999999999999992 -4.371138806469333e-8
vn 0 0.9999999999999992 -4.371138806469333e-8
vn 0 0.9999999999999992 -4.371138806469333e-8
vn 0 0.9999999999999992 -4.371138806469333e-8
vn -1 0 0
vn -1 0 0
vn -1 0 0
vn -1 0 0
vn -1 0 0
vn -1 0 0
vn 1 0 0
vn 1 0 0
vn 1 0 0
vn 1 0 0
vn 1 0 0
vn 1 0 0
vn -2.4084158667376115e-7 -0.0000010923243467512563 0.9999999999993745
vn -2.4084158667376115e-7 -0.0000010923243467512563 0.9999999999993745
vn -2.4084158667376115e-7 -0.0000010923243467512563 0.9999999999993745
vn -2.4084158667376115e-7 -0.0000010923243467512563 0.9999999999993745
vn -2.4084158667376115e-7 -0.0000010923243467512563 0.9999999999993745
vn -2.4084158667376115e-7 -0.0000010923243467512563 0.9999999999993745
vn 0 0.9999999999999992 -4.371138806469333e-8
vn 0 0.9999999999999992 -4.371138806469333e-8
vn 0 0.9999999999999992 -4.371138806469333e-8
vn 0 0.9999999999999992 -4.371138806469333e-8
vn 0 0.9999999999999992 -4.371138806469333e-8
vn 0 0.9999999999999992 -4.371138806469333e-8
vn 0 0.9999999999999992 -4.371138806469333e-8
vn 0 0.9999999999999992 -4.371138806469333e-8
vn 0 0.9999999999999992 -4.371138806469333e-8
vn 0 0.9999999999999992 -4.371138806469333e-8
vn 0 0.9999999999999992 -4.371138806469333e-8
vn 0 0.9999999999999992 -4.371138806469333e-8
vn 0 0.9999999999999992 -4.371138806469333e-8
vn 0 0.9999999999999992 -4.371138806469333e-8
vn 0 0.9999999999999992 -4.371138806469333e-8
vn 0 0.9999999999999992 -4.371138806469333e-8
vn 0 0.9999999999999992 -4.371138806469333e-8
vn 0 0.9999999999999992 -4.371138806469333e-8
f 817/817/817 818/818/818 819/819/819
f 820/820/820 821/821/821 822/822/822
f 823/823/823 824/824/824 825/825/825
f 826/826/826 827/827/827 828/828/828
f 829/829/829 830/830/830 831/831/831
f 832/832/832 833/833/833 834/834/834
f 835/835/835 836/836/836 837/837/837
f 838/838/838 839/839/839 840/840/840
f 841/841/841 842/842/842 843/843/843
f 844/844/844 845/845/845 846/846/846
f 847/847/847 848/848/848 849/849/849
f 850/850/850 851/851/851 852/852/852
f 853/853/853 854/854/854 855/855/855
f 856/856/856 857/857/857 858/858/858
f 859/859/859 860/860/860 861/861/861
f 862/862/862 863/863/863 864/864/864
f 865/865/865 866/866/866 867/867/867
f 868/868/868 869/869/869 870/870/870
f 871/871/871 872/872/872 873/873/873
f 874/874/874 875/875/875 876/876/876
f 877/877/877 878/878/878 879/879/879
f 880/880/880 881/881/881 882/882/882
f 883/883/883 884/884/884 885/885/885
f 886/886/886 887/887/887 888/888/888
f 889/889/889 890/890/890 891/891/891
f 892/892/892 893/893/893 894/894/894
f 895/895/895 896/896/896 897/897/897
f 898/898/898 899/899/899 900/900/900
f 901/901/901 902/902/902 903/903/903
f 904/904/904 905/905/905 906/906/906
f 907/907/907 908/908/908 909/909/909
f 910/910/910 911/911/911 912/912/912
f 913/913/913 914/914/914 915/915/915
f 916/916/916 917/917/917 918/918/918
f 919/919/919 920/920/920 921/921/921
f 922/922/922 923/923/923 924/924/924
f 925/925/925 926/926/926 927/927/927
f 928/928/928 929/929/929 930/930/930
f 931/931/931 932/932/932 933/933/933
f 934/934/934 935/935/935 936/936/936
f 937/937/937 938/938/938 939/939/939
f 940/940/940 941/941/941 942/942/942
f 943/943/943 944/944/944 945/945/945
f 946/946/946 947/947/947 948/948/948
f 949/949/949 950/950/950 951/951/951
f 952/952/952 953/953/953 954/954/954
f 955/955/955 956/956/956 957/957/957
f 958/958/958 959/959/959 960/960/960
f 961/961/961 962/962/962 963/963/963
f 964/964/964 965/965/965 966/966/966
f 967/967/967 968/968/968 969/969/969
f 970/970/970 971/971/971 972/972/972
f 973/973/973 974/974/974 975/975/975
f 976/976/976 977/977/977 978/978/978
f 979/979/979 980/980/980 981/981/981
f 982/982/982 983/983/983 984/984/984
f 985/985/985 986/986/986 987/987/987
f 988/988/988 989/989/989 990/990/990
f 991/991/991 992/992/992 993/993/993
f 994/994/994 995/995/995 996/996/996
f 997/997/997 998/998/998 999/999/999
f 1000/1000/1000 1001/1001/1001 1002/1002/1002
f 1003/1003/1003 1004/1004/1004 1005/1005/1005
f 1006/1006/1006 1007/1007/1007 1008/1008/1008
f 1009/1009/1009 1010/1010/1010 1011/1011/1011
f 1012/1012/1012 1013/1013/1013 1014/1014/1014
f 1015/1015/1015 1016/1016/1016 1017/1017/1017
f 1018/1018/1018 1019/1019/1019 1020/1020/1020
f 1021/1021/1021 1022/1022/1022 1023/1023/1023
f 1024/1024/1024 1025/1025/1025 1026/1026/1026
f 1027/1027/1027 1028/1028/1028 1029/1029/1029
f 1030/1030/1030 1031/1031/1031 1032/1032/1032
f 1033/1033/1033 1034/1034/1034 1035/1035/1035
f 1036/1036/1036 1037/1037/1037 1038/1038/1038
o shelf_small001
usemtl DefaultMaterial
v -1008.5404052734375 2054.640999576766 71.2717358171841
v -248.5404052734375 2054.6409995767644 71.27170529960597
v -248.5404052734375 2054.6409847524574 -311.50395998359716
v -1008.5404052734375 2054.640999576766 71.2717358171841
v -248.5404052734375 2054.6409847524574 -311.50395998359716
v -1008.5404052734375 2054.6409847524574 -311.50395998359716
v -248.5404052734375 2039.6409847524576 -311.50395932792634
v -248.5404052734375 2039.6409995767647 71.2717059552768
v -1008.5404052734375 2039.640999576766 71.27173647285493
v -248.5404052734375 2039.6409847524576 -311.50395932792634
v -1008.5404052734375 2039.640999576766 71.27173647285493
v -1008.5404052734375 2039.6409847524576 -311.50395932792634
v -248.5404052734375 2054.6409995767644 71.27170529960597
v -1008.5404052734375 2054.640999576766 71.2717358171841
v -1008.5404052734375 2039.640999576766 71.27173647285493
v -248.5404052734375 2054.6409995767644 71.27170529960597
v -1008.5404052734375 2039.640999576766 71.27173647285493
v -248.5404052734375 2039.6409995767647 71.2717059552768
vt 0.4037841260433197 0.6759981513023376
vt 0.5893310308456421 0.6759981513023376
vt 0.5893310308456421 0.7694492340087891
vt 0.4037841260433197 0.6759981513023376
vt 0.5893310308456421 0.7694492340087891
vt 0.4037841260433197 0.7694492340087891
vt 0.784417450428009 0.34480440616607666
vt 0.784417450428009 0.4382556676864624
vt 0.5988708138465881 0.4382556676864624
vt 0.784417450428009 0.34480440616607666
vt 0.5988708138465881 0.4382556676864624
vt 0.5988708138465881 0.34480440616607666
vt 0.9819622039794922 0.8566672205924988
vt 0.7964118719100952 0.8566672205924988
vt 0.7964118719100952 0.8530053496360779
vt 0.9819622039794922 0.8566672205924988
vt 0.7964118719100952 0.8530053496360779
vt 0.9819622039794922 0.8530053496360779
vn 1.0004427901006718e-16 0.9999999999999992 -3.872844644980944e-8
vn 1.0004427901006718e-16 0.9999999999999992 -3.872844644980944e-8
vn 1.0004427901006718e-16 0.9999999999999992 -3.872844644980944e-8
vn 1.0004427901006718e-16 0.9999999999999992 -3.872844644980944e-8
vn 1.0004427901006718e-16 0.9999999999999992 -3.872844644980944e-8
vn 1.0004427901006718e-16 0.9999999999999992 -3.872844644980944e-8
vn -1.0004427901006718e-16 -0.9999999999999992 3.872844644980944e-8
vn -1.0004427901006718e-16 -0.9999999999999992 3.872844644980944e-8
vn -1.0004427901006718e-16 -0.9999999999999992 3.872844644980944e-8
vn -1.0004427901006718e-16 -0.9999999999999992 3.872844644980944e-8
vn -1.0004427901006718e-16 -0.9999999999999992 3.872844644980944e-8
vn -1.0004427901006718e-16 -0.9999999999999992 3.872844644980944e-8
vn 4.015470977947189e-8 4.371138806469329e-8 0.9999999999999983
vn 4.015470977947189e-8 4.371138806469329e-8 0.9999999999999983
vn 4.015470977947189e-8 4.371138806469329e-8 0.9999999999999983
vn 4.015470977947189e-8 4.371138806469329e-8 0.9999999999999983
vn 4.015470977947189e-8 4.371138806469329e-8 0.9999999999999983
vn 4.015470977947189e-8 4.371138806469329e-8 0.9999999999999983
f 1039/1039/1039 1040/1040/1040 1041/1041/1041
f 1042/1042/1042 1043/1043/1043 1044/1044/1044
f 1045/1045/1045 1046/1046/1046 1047/1047/1047
f 1048/1048/1048 1049/1049/1049 1050/1050/1050
f 1051/1051/1051 1052/1052/1052 1053/1053/1053
f 1054/1054/1054 1055/1055/1055 1056/1056/1056
o Box070
usemtl DefaultMaterial
v -1028.5404052734375 934.9999863236154 -312.87921404846446
v -212.5404052734375 934.9999863236154 -312.87921404846446
v -212.5404052734375 934.9999860123559 -320.0000026226832
v -1028.5404052734375 934.9999863236154 -312.87921404846446
v -212.5404052734375 934.9999860123559 -320.0000026226832
v -1028.5404052734375 934.9999860123559 -320.0000026226832
v -212.5404052734375 874.9999869251566 -299.11755371093744
v -212.5404052734375 880.6657679462747 -299.1175539585966
v -1028.5404052734375 880.6657679462747 -299.1175539585966
v -212.5404052734375 874.9999869251566 -299.11755371093744
v -1028.5404052734375 880.6657679462747 -299.1175539585966
v -1028.5404052734375 874.9999869251566 -299.11755371093744
v -212.5404052734375 874.9999860123559 -319.99999999999994
v -212.5404052734375 934.9999860123559 -320.0000026226832
v -212.5404052734375 890.9346787064279 -312.87921212230873
v -1028.5404052734375 874.9999860123559 -319.99999999999994
v -1028.5404052734375 890.9346787064279 -312.87921212230873
v -1028.5404052734375 934.9999860123559 -320.0000026226832
v -212.5404052734375 934.9999863236154 -312.87921404846446
v -1028.5404052734375 934.9999863236154 -312.87921404846446
v -1028.5404052734375 890.9346787064279 -312.87921212230873
v -212.5404052734375 934.9999863236154 -312.87921404846446
v -1028.5404052734375 890.9346787064279 -312.87921212230873
v -212.5404052734375 890.9346787064279 -312.87921212230873
v -212.5404052734375 934.9999860123559 -320.0000026226832
v -212.5404052734375 934.9999863236154 -312.87921404846446
v -212.5404052734375 890.9346787064279 -312.87921212230873
v -1028.5404052734375 890.9346787064279 -312.87921212230873
v -1028.5404052734375 934.9999863236154 -312.87921404846446
v -1028.5404052734375 934.9999860123559 -320.0000026226832
v -212.5404052734375 883.5927917618468 -300.7661441744315
v -212.5404052734375 880.6657679462747 -299.1175539585966
v -212.5404052734375 874.9999869251566 -299.11755371093744
v -212.5404052734375 874.9999860123559 -319.99999999999994
v -212.5404052734375 883.5927917618468 -300.7661441744315
v -212.5404052734375 874.9999869251566 -299.11755371093744
v -212.5404052734375 883.5927917618468 -300.7661441744315
v -212.5404052734375 874.9999860123559 -319.99999999999994
v -212.5404052734375 890.9346787064279 -312.87921212230873
v -212.5404052734375 890.9346787064279 -312.87921212230873
v -1028.5404052734375 890.9346787064279 -312.87921212230873
v -1028.5404052734375 883.5927917618468 -300.7661441744315
v -212.5404052734375 890.9346787064279 -312.87921212230873
v -1028.5404052734375 883.5927917618468 -300.7661441744315
v -212.5404052734375 883.5927917618468 -300.7661441744315
v -1028.5404052734375 874.9999860123559 -319.99999999999994
v -1028.5404052734375 874.9999869251566 -299.11755371093744
v -1028.5404052734375 880.6657679462747 -299.1175539585966
v -1028.5404052734375 883.5927917618468 -300.7661441744315
v -1028.5404052734375 874.9999860123559 -319.99999999999994
v -1028.5404052734375 880.6657679462747 -299.1175539585966
v -1028.5404052734375 874.9999860123559 -319.99999999999994
v -1028.5404052734375 883.5927917618468 -300.7661441744315
v -1028.5404052734375 890.9346787064279 -312.87921212230873
v -212.5404052734375 880.6657679462747 -299.1175539585966
v -212.5404052734375 883.5927917618468 -300.7661441744315
v -1028.5404052734375 883.5927917618468 -300.7661441744315
v -212.5404052734375 880.6657679462747 -299.1175539585966
v -1028.5404052734375 883.5927917618468 -300.7661441744315
v -1028.5404052734375 880.6657679462747 -299.1175539585966
vt 0.018147602677345276 0.2132343053817749
vt 0.21737141907215118 0.2132343053817749
vt 0.21737141907215118 0.21497273445129395
vt 0.018147602677345276 0.2132343053817749
vt 0.21737141907215118 0.21497273445129395
vt 0.018147602677345276 0.21497273445129395
vt 0.2173670381307602 0.21777117252349854
vt 0.2173670381307602 0.21915441751480103
vt 0.018147602677345276 0.21915441751480103
vt 0.2173670381307602 0.21777117252349854
vt 0.018147602677345276 0.21915441751480103
vt 0.018147602677345276 0.21777117252349854
vt 0.6629488468170166 0.9300645589828491
vt 0.6629488468170166 0.94471275806427
vt 0.661210298538208 0.9339548349380493
vt 0.8983062505722046 0.5671125054359436
vt 0.9000447392463684 0.5710027813911438
vt 0.8983062505722046 0.5817609429359436
vt 0.42606425285339355 0.22399240732192993
vt 0.22684499621391296 0.22399240732192993
vt 0.22684499621391296 0.2132343053817749
vt 0.42606425285339355 0.22399240732192993
vt 0.22684499621391296 0.2132343053817749
vt 0.42606425285339355 0.2132343053817749
vt 0.6629488468170166 0.94471275806427
vt 0.661210298538208 0.94471275806427
vt 0.661210298538208 0.9339548349380493
vt 0.9000447392463684 0.5710027813911438
vt 0.9000447392463684 0.5817609429359436
vt 0.8983062505722046 0.5817609429359436
vt 0.6582530736923218 0.9321622848510742
vt 0.6578505039215088 0.9314477443695068
vt 0.6578505039215088 0.9300645589828491
vt 0.6629488468170166 0.9300645589828491
vt 0.6582530736923218 0.9321622848510742
vt 0.6578505039215088 0.9300645589828491
vt 0.6582530736923218 0.9321622848510742
vt 0.6629488468170166 0.9300645589828491
vt 0.661210298538208 0.9339548349380493
vt 0.2173670381307602 0.22343266010284424
vt 0.018147602677345276 0.22343266010284424
vt 0.018147602677345276 0.2199745774269104
vt 0.2173670381307602 0.22343266010284424
vt 0.018147602677345276 0.2199745774269104
vt 0.2173670381307602 0.2199745774269104
vt 0.8983062505722046 0.5671125054359436
vt 0.9034044742584229 0.5671125054359436
vt 0.9034044742584229 0.5684959292411804
vt 0.9030019640922546 0.5692104697227478
vt 0.8983062505722046 0.5671125054359436
vt 0.9034044742584229 0.5684959292411804
vt 0.8983062505722046 0.5671125054359436
vt 0.9030019640922546 0.5692104697227478
vt 0.9000447392463684 0.5710027813911438
vt 0.2173670381307602 0.21915441751480103
vt 0.2173670381307602 0.2199745774269104
vt 0.018147602677345276 0.2199745774269104
vt 0.2173670381307602 0.21915441751480103
vt 0.018147602677345276 0.2199745774269104
vt 0.018147602677345276 0.21915441751480103
vn 0 0.9999999999999992 -4.371138806469333e-8
vn 0 0.9999999999999992 -4.371138806469333e-8
vn 0 0.9999999999999992 -4.371138806469333e-8
vn 0 0.9999999999999992 -4.371138806469333e-8
vn 0 0.9999999999999992 -4.371138806469333e-8
vn 0 0.9999999999999992 -4.371138806469333e-8
vn 0 4.371138806469333e-8 0.9999999999999992
vn 0 0.2536698115229469 0.9672908697604422
vn 0 0.2536698115229469 0.9672908697604422
vn 0 4.371138806469333e-8 0.9999999999999992
vn 0 0.2536698115229469 0.9672908697604422
vn 0 4.371138806469333e-8 0.9999999999999992
vn 1 0 0
vn 1 0 0
vn 1 0 0
vn -1 0 0
vn -1 0 0
vn -1 0 0
vn 0 4.371138806469333e-8 0.9999999999999992
vn 0 4.371138806469333e-8 0.9999999999999992
vn 0 4.371138806469333e-8 0.9999999999999992
vn 0 4.371138806469333e-8 0.9999999999999992
vn 0 4.371138806469333e-8 0.9999999999999992
vn 0 4.371138806469333e-8 0.9999999999999992
vn 1 0 0
vn 1 0 0
vn 1 0 0
vn -1 0 0
vn -1 0 0
vn -1 0 0
vn 1 0 0
vn 1 0 0
vn 1 0 0
vn 1 0 0
vn 1 0 0
vn 1 0 0
vn 1 0 0
vn 1 0 0
vn 1 0 0
vn 0 0.8551779907062571 0.5183344520785866
vn 0 0.8551779907062571 0.5183344520785866
vn 0 0.6957182142033453 0.7183148101116308
vn 0 0.8551779907062571 0.5183344520785866
vn 0 0.6957182142033453 0.7183148101116308
vn 0 0.6957182142033453 0.7183148101116308
vn -1 0 0
vn -1 0 0
vn -1 0 0
vn -1 0 0
vn -1 0 0
vn -1 0 0
vn -1 0 0
vn -1 0 0
vn -1 0 0
vn 0 0.2536698115229469 0.9672908697604422
vn 0 0.6957182142033453 0.7183148101116308
vn 0 0.6957182142033453 0.7183148101116308
vn 0 0.2536698115229469 0.9672908697604422
vn 0 0.6957182142033453 0.7183148101116308
vn 0 0.2536698115229469 0.9672908697604422
f 1057/1057/1057 1058/1058/1058 1059/1059/1059
f 1060/1060/1060 1061/1061/1061 1062/1062/1062
f 1063/1063/1063 1064/1064/1064 1065/1065/1065
f 1066/1066/1066 1067/1067/1067 1068/1068/1068
f 1069/1069/1069 1070/1070/1070 1071/1071/1071
f 1072/1072/1072 1073/1073/1073 1074/1074/1074
f 1075/1075/1075 1076/1076/1076 1077/1077/1077
f 1078/1078/1078 1079/1079/1079 1080/1080/1080
f 1081/1081/1081 1082/1082/1082 1083/1083/1083
f 1084/1084/1084 1085/1085/1085 1086/1086/1086
f 1087/1087/1087 1088/1088/1088 1089/1089/1089
f 1090/1090/1090 1091/1091/1091 1092/1092/1092
f 1093/1093/1093 1094/1094/1094 1095/1095/1095
f 1096/1096/1096 1097/1097/1097 1098/1098/1098
f 1099/1099/1099 1100/1100/1100 1101/1101/1101
f 1102/1102/1102 1103/1103/1103 1104/1104/1104
f 1105/1105/1105 1106/1106/1106 1107/1107/1107
f 1108/1108/1108 1109/1109/1109 1110/1110/1110
f 1111/1111/1111 1112/1112/1112 1113/1113/1113
f 1114/1114/1114 1115/1115/1115 1116/1116/1116
o Box071
usemtl DefaultMaterial
v -1844.5404052734375 934.9999863236154 -312.87921404846446
v -1028.5404052734375 934.9999863236154 -312.87921404846446
v -1028.5404052734375 934.9999860123559 -320.0000026226832
v -1844.5404052734375 934.9999863236154 -312.87921404846446
v -1028.5404052734375 934.9999860123559 -320.0000026226832
v -1844.5404052734375 934.9999860123559 -320.0000026226832
v -1028.5404052734375 874.9999869251566 -299.11755371093744
v -1028.5404052734375 880.6657679462747 -299.1175539585966
v -1844.5404052734375 880.6657679462747 -299.1175539585966
v -1028.5404052734375 874.9999869251566 -299.11755371093744
v -1844.5404052734375 880.6657679462747 -299.1175539585966
v -1844.5404052734375 874.9999869251566 -299.11755371093744
v -1028.5404052734375 874.9999860123559 -319.99999999999994
v -1028.5404052734375 934.9999860123559 -320.0000026226832
v -1028.5404052734375 890.9346787064279 -312.87921212230873
v -1844.5404052734375 874.9999860123559 -319.99999999999994
v -1844.5404052734375 890.9346787064279 -312.87921212230873
v -1844.5404052734375 934.9999860123559 -320.0000026226832
v -1028.5404052734375 934.9999863236154 -312.87921404846446
v -1844.5404052734375 934.9999863236154 -312.87921404846446
v -1844.5404052734375 890.9346787064279 -312.87921212230873
v -1028.5404052734375 934.9999863236154 -312.87921404846446
v -1844.5404052734375 890.9346787064279 -312.87921212230873
v -1028.5404052734375 890.9346787064279 -312.87921212230873
v -1028.5404052734375 934.9999860123559 -320.0000026226832
v -1028.5404052734375 934.9999863236154 -312.87921404846446
v -1028.5404052734375 890.9346787064279 -312.87921212230873
v -1844.5404052734375 890.9346787064279 -312.87921212230873
v -1844.5404052734375 934.9999863236154 -312.87921404846446
v -1844.5404052734375 934.9999860123559 -320.0000026226832
v -1028.5404052734375 883.5927917618468 -300.7661441744315
v -1028.5404052734375 880.6657679462747 -299.1175539585966
v -1028.5404052734375 874.9999869251566 -299.11755371093744
v -1028.5404052734375 874.9999860123559 -319.99999999999994
v -1028.5404052734375 883.5927917618468 -300.7661441744315
v -1028.5404052734375 874.9999869251566 -299.11755371093744
v -1028.5404052734375 883.5927917618468 -300.7661441744315
v -1028.5404052734375 874.9999860123559 -319.99999999999994
v -1028.5404052734375 890.9346787064279 -312.87921212230873
v -1028.5404052734375 890.9346787064279 -312.87921212230873
v -1844.5404052734375 890.9346787064279 -312.87921212230873
v -1844.5404052734375 883.5927917618468 -300.7661441744315
v -1028.5404052734375 890.9346787064279 -312.87921212230873
v -1844.5404052734375 883.5927917618468 -300.7661441744315
v -1028.5404052734375 883.5927917618468 -300.7661441744315
v -1844.5404052734375 874.9999860123559 -319.99999999999994
v -1844.5404052734375 874.9999869251566 -299.11755371093744
v -1844.5404052734375 880.6657679462747 -299.1175539585966
v -1844.5404052734375 883.5927917618468 -300.7661441744315
v -1844.5404052734375 874.9999860123559 -319.99999999999994
v -1844.5404052734375 880.6657679462747 -299.1175539585966
v -1844.5404052734375 874.9999860123559 -319.99999999999994
v -1844.5404052734375 883.5927917618468 -300.7661441744315
v -1844.5404052734375 890.9346787064279 -312.87921212230873
v -1028.5404052734375 880.6657679462747 -299.1175539585966
v -1028.5404052734375 883.5927917618468 -300.7661441744315
v -1844.5404052734375 883.5927917618468 -300.7661441744315
v -1028.5404052734375 880.6657679462747 -299.1175539585966
v -1844.5404052734375 883.5927917618468 -300.7661441744315
v -1844.5404052734375 880.6657679462747 -299.1175539585966
vt 0.018147602677345276 0.2132343053817749
vt 0.21737141907215118 0.2132343053817749
vt 0.21737141907215118 0.21497273445129395
vt 0.018147602677345276 0.2132343053817749
vt 0.21737141907215118 0.21497273445129395
vt 0.018147602677345276 0.21497273445129395
vt 0.2173670381307602 0.21777117252349854
vt 0.2173670381307602 0.21915441751480103
vt 0.018147602677345276 0.21915441751480103
vt 0.2173670381307602 0.21777117252349854
vt 0.018147602677345276 0.21915441751480103
vt 0.018147602677345276 0.21777117252349854
vt 0.6629488468170166 0.9300645589828491
vt 0.6629488468170166 0.94471275806427
vt 0.661210298538208 0.9339548349380493
vt 0.8983062505722046 0.5671125054359436
vt 0.9000447392463684 0.5710027813911438
vt 0.8983062505722046 0.5817609429359436
vt 0.42606425285339355 0.22399240732192993
vt 0.22684499621391296 0.22399240732192993
vt 0.22684499621391296 0.2132343053817749
vt 0.42606425285339355 0.22399240732192993
vt 0.22684499621391296 0.2132343053817749
vt 0.42606425285339355 0.2132343053817749
vt 0.6629488468170166 0.94471275806427
vt 0.661210298538208 0.94471275806427
vt 0.661210298538208 0.9339548349380493
vt 0.9000447392463684 0.5710027813911438
vt 0.9000447392463684 0.5817609429359436
vt 0.8983062505722046 0.5817609429359436
vt 0.6582530736923218 0.9321622848510742
vt 0.6578505039215088 0.9314477443695068
vt 0.6578505039215088 0.9300645589828491
vt 0.6629488468170166 0.9300645589828491
vt 0.6582530736923218 0.9321622848510742
vt 0.6578505039215088 0.9300645589828491
vt 0.6582530736923218 0.9321622848510742
vt 0.6629488468170166 0.9300645589828491
vt 0.661210298538208 0.9339548349380493
vt 0.2173670381307602 0.22343266010284424
vt 0.018147602677345276 0.22343266010284424
vt 0.018147602677345276 0.2199745774269104
vt 0.2173670381307602 0.22343266010284424
vt 0.018147602677345276 0.2199745774269104
vt 0.2173670381307602 0.2199745774269104
vt 0.8983062505722046 0.5671125054359436
vt 0.9034044742584229 0.5671125054359436
vt 0.9034044742584229 0.5684959292411804
vt 0.9030019640922546 0.5692104697227478
vt 0.8983062505722046 0.5671125054359436
vt 0.9034044742584229 0.5684959292411804
vt 0.8983062505722046 0.5671125054359436
vt 0.9030019640922546 0.5692104697227478
vt 0.9000447392463684 0.5710027813911438
vt 0.2173670381307602 0.21915441751480103
vt 0.2173670381307602 0.2199745774269104
vt 0.018147602677345276 0.2199745774269104
vt 0.2173670381307602 0.21915441751480103
vt 0.018147602677345276 0.2199745774269104
vt 0.018147602677345276 0.21915441751480103
vn 0 0.9999999999999992 -4.371138806469333e-8
vn 0 0.9999999999999992 -4.371138806469333e-8
vn 0 0.9999999999999992 -4.371138806469333e-8
vn 0 0.9999999999999992 -4.371138806469333e-8
vn 0 0.9999999999999992 -4.371138806469333e-8
vn 0 0.9999999999999992 -4.371138806469333e-8
vn 0 4.371138806469333e-8 0.9999999999999992
vn 0 0.2536698115229469 0.9672908697604422
vn 0 0.2536698115229469 0.9672908697604422
vn 0 4.371138806469333e-8 0.9999999999999992
vn 0 0.2536698115229469 0.9672908697604422
vn 0 4.371138806469333e-8 0.9999999999999992
vn 1 0 0
vn 1 0 0
vn 1 0 0
vn -1 0 0
vn -1 0 0
vn -1 0 0
vn 0 4.371138806469333e-8 0.9999999999999992
vn 0 4.371138806469333e-8 0.9999999999999992
vn 0 4.371138806469333e-8 0.9999999999999992
vn 0 4.371138806469333e-8 0.9999999999999992
vn 0 4.371138806469333e-8 0.9999999999999992
vn 0 4.371138806469333e-8 0.9999999999999992
vn 1 0 0
vn 1 0 0
vn 1 0 0
vn -1 0 0
vn -1 0 0
vn -1 0 0
vn 1 0 0
vn 1 0 0
vn 1 0 0
vn 1 0 0
vn 1 0 0
vn 1 0 0
vn 1 0 0
vn 1 0 0
vn 1 0 0
vn 0 0.8551779907062571 0.5183344520785866
vn 0 0.8551779907062571 0.5183344520785866
vn 0 0.6957182142033453 0.7183148101116308
vn 0 0.8551779907062571 0.5183344520785866
vn 0 0.6957182142033453 0.7183148101116308
vn 0 0.6957182142033453 0.7183148101116308
vn -1 0 0
vn -1 0 0
vn -1 0 0
vn -1 0 0
vn -1 0 0
vn -1 0 0
vn -1 0 0
vn -1 0 0
vn -1 0 0
vn 0 0.2536698115229469 0.9672908697604422
vn 0 0.6957182142033453 0.7183148101116308
vn 0 0.6957182142033453 0.7183148101116308
vn 0 0.2536698115229469 0.9672908697604422
vn 0 0.6957182142033453 0.7183148101116308
vn 0 0.2536698115229469 0.9672908697604422
f 1117/1117/1117 1118/1118/1118 1119/1119/1119
f 1120/1120/1120 1121/1121/1121 1122/1122/1122
f 1123/1123/1123 1124/1124/1124 1125/1125/1125
f 1126/1126/1126 1127/1127/1127 1128/1128/1128
f 1129/1129/1129 1130/1130/1130 1131/1131/1131
f 1132/1132/1132 1133/1133/1133 1134/1134/1134
f 1135/1135/1135 1136/1136/1136 1137/1137/1137
f 1138/1138/1138 1139/1139/1139 1140/1140/1140
f 1141/1141/1141 1142/1142/1142 1143/1143/1143
f 1144/1144/1144 1145/1145/1145 1146/1146/1146
f 1147/1147/1147 1148/1148/1148 1149/1149/1149
f 1150/1150/1150 1151/1151/1151 1152/1152/1152
f 1153/1153/1153 1154/1154/1154 1155/1155/1155
f 1156/1156/1156 1157/1157/1157 1158/1158/1158
f 1159/1159/1159 1160/1160/1160 1161/1161/1161
f 1162/1162/1162 1163/1163/1163 1164/1164/1164
f 1165/1165/1165 1166/1166/1166 1167/1167/1167
f 1168/1168/1168 1169/1169/1169 1170/1170/1170
f 1171/1171/1171 1172/1172/1172 1173/1173/1173
f 1174/1174/1174 1175/1175/1175 1176/1176/1176
o base_big003
usemtl DefaultMaterial
v -1036.54052734375 0.000012303882063413608 281.4800377394549
v -1036.54052734375 -0.00001392295077540241 -318.519962260545
v -1036.54052734375 849.999986077049 -318.51999941522485
v -1036.54052734375 0.000012303882063413608 281.4800377394549
v -1036.54052734375 849.999986077049 -318.51999941522485
v -1036.54052734375 850.0000123038819 281.48000058477504
v -1036.54052734375 -0.00001392295077540241 -318.519962260545
v -1836.54052734375 -0.00001392295077540241 -318.519962260545
v -1836.54052734375 849.999986077049 -318.51999941522485
v -1036.54052734375 -0.00001392295077540241 -318.519962260545
v -1836.54052734375 849.999986077049 -318.51999941522485
v -1036.54052734375 849.999986077049 -318.51999941522485
v -1836.54052734375 -0.00001392295077540241 -318.519962260545
v -1836.54052734375 0.000012303882063413608 281.4800377394549
v -1836.54052734375 850.0000123038819 281.48000058477504
v -1836.54052734375 -0.00001392295077540241 -318.519962260545
v -1836.54052734375 850.0000123038819 281.48000058477504
v -1836.54052734375 849.999986077049 -318.51999941522485
v -1056.54052734375 849.9999869512769 -298.51999941522485
v -1056.54052734375 -0.000013048723014108544 -298.519962260545
v -1056.54052734375 0.000012303882063413608 281.4800377394549
v -1056.54052734375 849.9999869512769 -298.51999941522485
v -1056.54052734375 0.000012303882063413608 281.4800377394549
v -1056.54052734375 850.0000123038819 281.48000058477504
v -1816.54052734375 849.9999869512769 -298.51999941522485
v -1816.54052734375 -0.000013048723014108544 -298.519962260545
v -1056.54052734375 -0.000013048723014108544 -298.519962260545
v -1816.54052734375 849.9999869512769 -298.51999941522485
v -1056.54052734375 -0.000013048723014108544 -298.519962260545
v -1056.54052734375 849.9999869512769 -298.51999941522485
v -1816.54052734375 850.0000123038819 281.48000058477504
v -1816.54052734375 0.000012303882063413608 281.4800377394549
v -1816.54052734375 -0.000013048723014108544 -298.519962260545
v -1816.54052734375 850.0000123038819 281.48000058477504
v -1816.54052734375 -0.000013048723014108544 -298.519962260545
v -1816.54052734375 849.9999869512769 -298.51999941522485
v -1036.54052734375 0.000012303882063413608 281.4800377394549
v -1036.54052734375 850.0000123038819 281.48000058477504
v -1056.54052734375 850.0000123038819 281.48000058477504
v -1036.54052734375 0.000012303882063413608 281.4800377394549
v -1056.54052734375 850.0000123038819 281.48000058477504
v -1056.54052734375 0.000012303882063413608 281.4800377394549
v -1036.54052734375 849.999986077049 -318.51999941522485
v -1836.54052734375 849.999986077049 -318.51999941522485
v -1816.54052734375 849.9999869512769 -298.51999941522485
v -1036.54052734375 849.999986077049 -318.51999941522485
v -1816.54052734375 849.9999869512769 -298.51999941522485
v -1056.54052734375 849.9999869512769 -298.51999941522485
v -1836.54052734375 850.0000123038819 281.48000058477504
v -1836.54052734375 0.000012303882063413608 281.4800377394549
v -1816.54052734375 0.000012303882063413608 281.4800377394549
v -1836.54052734375 850.0000123038819 281.48000058477504
v -1816.54052734375 0.000012303882063413608 281.4800377394549
v -1816.54052734375 850.0000123038819 281.48000058477504
v -1844.54052734375 850.000013987644 319.9999895984469
v -1028.54052734375 850.000013987644 319.9999895984469
v -1028.54052734375 875.000013987644 319.9999885056622
v -1844.54052734375 850.000013987644 319.9999895984469
v -1028.54052734375 875.000013987644 319.9999885056622
v -1844.54052734375 875.000013987644 319.9999885056622
v -1028.54052734375 850.000013987644 319.9999895984469
v -1028.54052734375 849.9999860123557 -320.00001040155297
v -1028.54052734375 874.9999860123557 -320.0000114943377
v -1028.54052734375 850.000013987644 319.9999895984469
v -1028.54052734375 874.9999860123557 -320.0000114943377
v -1028.54052734375 875.000013987644 319.9999885056622
v -1028.54052734375 849.9999860123557 -320.00001040155297
v -1844.54052734375 849.9999860123557 -320.00001040155297
v -1844.54052734375 874.9999860123557 -320.0000114943377
v -1028.54052734375 849.9999860123557 -320.00001040155297
v -1844.54052734375 874.9999860123557 -320.0000114943377
v -1028.54052734375 874.9999860123557 -320.0000114943377
v -1844.54052734375 849.9999860123557 -320.00001040155297
v -1844.54052734375 850.000013987644 319.9999895984469
v -1844.54052734375 875.000013987644 319.9999885056622
v -1844.54052734375 849.9999860123557 -320.00001040155297
v -1844.54052734375 875.000013987644 319.9999885056622
v -1844.54052734375 874.9999860123557 -320.0000114943377
v -1028.54052734375 874.9999860123557 -320.0000114943377
v -1844.54052734375 874.9999860123557 -320.0000114943377
v -1844.54052734375 875.000013987644 319.9999885056622
v -1028.54052734375 874.9999860123557 -320.0000114943377
v -1844.54052734375 875.000013987644 319.9999885056622
v -1028.54052734375 875.000013987644 319.9999885056622
v -1844.54052734375 850.000013987644 319.9999895984469
v -1844.54052734375 849.9999860123557 -320.00001040155297
v -1028.54052734375 849.9999860123557 -320.00001040155297
v -1844.54052734375 850.000013987644 319.9999895984469
v -1028.54052734375 849.9999860123557 -320.00001040155297
v -1028.54052734375 850.000013987644 319.9999895984469
v -1816.8921508789062 79.62257089761204 281.47957649537045
v -1056.2913818359375 79.62257089761204 281.47957649537045
v -1056.2913818359375 99.57841196206516 281.47957562307295
v -1816.8921508789062 79.62257089761204 281.47957649537045
v -1056.2913818359375 99.57841196206516 281.47957562307295
v -1816.8921508789062 99.57841196206516 281.47957562307295
v -1056.2913818359375 99.57838638642102 -303.62296343942694
v -1816.8921508789062 99.57838638642102 -303.62296343942694
v -1816.8921508789062 99.57841196206516 281.47957562307295
v -1056.2913818359375 99.57838638642102 -303.62296343942694
v -1816.8921508789062 99.57841196206516 281.47957562307295
v -1056.2913818359375 99.57841196206516 281.47957562307295
v -1816.8921508789062 79.62257089761204 281.47957649537045
v -1816.8921508789062 79.62254532196789 -303.62296256712943
v -1056.2913818359375 79.62254532196789 -303.62296256712943
v -1816.8921508789062 79.62257089761204 281.47957649537045
v -1056.2913818359375 79.62254532196789 -303.62296256712943
v -1056.2913818359375 79.62257089761204 281.47957649537045
v -1816.8921508789062 0.000012740986620939542 257.5608482863298
v -1056.5404663085938 0.000012740986620939542 257.5608482863298
v -1056.5404663085938 79.62256985209108 257.5608448059173
v -1816.8921508789062 0.000012740986620939542 257.5608482863298
v -1056.5404663085938 79.62256985209108 257.5608448059173
v -1816.8921508789062 79.62256985209108 257.5608448059173
vt 0.44007933139801025 0.004536867141723633
vt 0.5865638256072998 0.004536867141723633
vt 0.5865638256072998 0.21205627918243408
vt 0.44007933139801025 0.004536867141723633
vt 0.5865638256072998 0.21205627918243408
vt 0.44007933139801025 0.21205627918243408
vt 0.9105721116065979 0.42390429973602295
vt 0.9957379698753357 0.42390429973602295
vt 0.9957379698753357 0.5143927335739136
vt 0.9105721116065979 0.42390429973602295
vt 0.9957379698753357 0.5143927335739136
vt 0.9105721116065979 0.5143927335739136
vt 0.145180806517601 0.004536867141723633
vt 0.2916651964187622 0.004536867141723633
vt 0.2916651964187622 0.21205639839172363
vt 0.145180806517601 0.004536867141723633
vt 0.2916651964187622 0.21205639839172363
vt 0.145180806517601 0.21205639839172363
vt 0 0.21205675601959229
vt 0 0.004536867141723633
vt 0.14160138368606567 0.004536867141723633
vt 0 0.21205675601959229
vt 0.14160138368606567 0.004536867141723633
vt 0.14160138368606567 0.21205675601959229
vt 0.5897970199584961 0.2120562195777893
vt 0.5897970199584961 0.004536867141723633
vt 0.7753440737724304 0.004536867141723633
vt 0.5897970199584961 0.2120562195777893
vt 0.7753440737724304 0.004536867141723633
vt 0.7753440737724304 0.2120562195777893
vt 0.29489850997924805 0.21205633878707886
vt 0.29489850997924805 0.004536867141723633
vt 0.4365001320838928 0.004536867141723633
vt 0.29489850997924805 0.21205633878707886
vt 0.4365001320838928 0.004536867141723633
vt 0.4365001320838928 0.21205633878707886
vt 0.006636030040681362 0.42222392559051514
vt 0.006636030040681362 0.6297423839569092
vt 0.001753193442709744 0.6297423839569092
vt 0.006636030040681362 0.42222392559051514
vt 0.001753193442709744 0.6297423839569092
vt 0.001753193442709744 0.42222392559051514
vt 0.4221608638763428 0.2317277193069458
vt 0.22684501111507416 0.2317277193069458
vt 0.23172813653945923 0.22684502601623535
vt 0.4221608638763428 0.2317277193069458
vt 0.23172813653945923 0.22684502601623535
vt 0.4172782301902771 0.22684502601623535
vt 0.002659010235220194 0.4206981062889099
vt 0.002659010235220194 0.21317839622497559
vt 0.007541818544268608 0.21317839622497559
vt 0.002659010235220194 0.4206981062889099
vt 0.007541818544268608 0.21317839622497559
vt 0.007541818544268608 0.4206981062889099
vt 0.018147602677345276 0.22684502601623535
vt 0.21736527979373932 0.22684502601623535
vt 0.21736527979373932 0.23294860124588013
vt 0.018147602677345276 0.22684502601623535
vt 0.21736527979373932 0.23294860124588013
vt 0.018147602677345276 0.23294860124588013
vt 0.4037841260433197 0.8756217360496521
vt 0.5600337982177734 0.8756217360496521
vt 0.5600337982177734 0.8817252516746521
vt 0.4037841260433197 0.8756217360496521
vt 0.5600337982177734 0.8817252516746521
vt 0.4037841260433197 0.8817252516746521
vt 0.43554240465164185 0.2132343053817749
vt 0.6347600817680359 0.2132343053817749
vt 0.6347600817680359 0.21933788061141968
vt 0.43554240465164185 0.2132343053817749
vt 0.6347600817680359 0.21933788061141968
vt 0.43554240465164185 0.21933788061141968
vt 0.4037841260433197 0.8665479421615601
vt 0.5600346326828003 0.8665479421615601
vt 0.5600346326828003 0.8726514577865601
vt 0.4037841260433197 0.8665479421615601
vt 0.5600346326828003 0.8726514577865601
vt 0.4037841260433197 0.8726514577865601
vt 0.979565441608429 0.16078698635101318
vt 0.7803468108177185 0.16078698635101318
vt 0.7803468108177185 0.004536867141723633
vt 0.979565441608429 0.16078698635101318
vt 0.7803468108177185 0.004536867141723633
vt 0.979565441608429 0.004536867141723633
vt 0.9042537212371826 0.5861365795135498
vt 0.9042537212371826 0.5180039405822754
vt 0.9911229014396667 0.5180039405822754
vt 0.9042537212371826 0.5861365795135498
vt 0.9911229014396667 0.5180039405822754
vt 0.9911229014396667 0.5861365795135498
vt 0.0021427918691188097 0.9941246509552002
vt 0.18783563375473022 0.9941246509552002
vt 0.18783563375473022 0.9989967346191406
vt 0.0021427918691188097 0.9941246509552002
vt 0.18783563375473022 0.9989967346191406
vt 0.0021427918691188097 0.9989967346191406
vt 0.39439085125923157 0.6600538492202759
vt 0.20869740843772888 0.6600538492202759
vt 0.20869740843772888 0.517206609249115
vt 0.39439085125923157 0.6600538492202759
vt 0.20869740843772888 0.517206609249115
vt 0.39439085125923157 0.517206609249115
vt 0.9159490466117859 0.7667362093925476
vt 0.9159490466117859 0.7044478058815002
vt 0.9969204068183899 0.7044478058815002
vt 0.9159490466117859 0.7667362093925476
vt 0.9969204068183899 0.7044478058815002
vt 0.9969204068183899 0.7667362093925476
vt 0.20869740843772888 0.6714612245559692
vt 0.39432987570762634 0.6714612245559692
vt 0.39432987570762634 0.6909003257751465
vt 0.20869740843772888 0.6714612245559692
vt 0.39432987570762634 0.6909003257751465
vt 0.20869740843772888 0.6909003257751465
vn 1 0 0
vn 1 0 0
vn 1 0 0
vn 1 0 0
vn 1 0 0
vn 1 0 0
vn 0 -4.371138806469333e-8 -0.9999999999999992
vn 0 -4.371138806469333e-8 -0.9999999999999992
vn 0 -4.371138806469333e-8 -0.9999999999999992
vn 0 -4.371138806469333e-8 -0.9999999999999992
vn 0 -4.371138806469333e-8 -0.9999999999999992
vn 0 -4.371138806469333e-8 -0.9999999999999992
vn -1 0 0
vn -1 0 0
vn -1 0 0
vn -1 0 0
vn -1 0 0
vn -1 0 0
vn -1 0 0
vn -1 0 0
vn -1 0 0
vn -1 0 0
vn -1 0 0
vn -1 0 0
vn 0 4.371138806469333e-8 0.9999999999999992
vn 0 4.371138806469333e-8 0.9999999999999992
vn 0 4.371138806469333e-8 0.9999999999999992
vn 0 4.371138806469333e-8 0.9999999999999992
vn 0 4.371138806469333e-8 0.9999999999999992
vn 0 4.371138806469333e-8 0.9999999999999992
vn 1 0 0
vn 1 0 0
vn 1 0 0
vn 1 0 0
vn 1 0 0
vn 1 0 0
vn 0 4.371138806469333e-8 0.9999999999999992
vn 0 4.371138806469333e-8 0.9999999999999992
vn 0 4.371138806469333e-8 0.9999999999999992
vn 0 4.371138806469333e-8 0.9999999999999992
vn 0 4.371138806469333e-8 0.9999999999999992
vn 0 4.371138806469333e-8 0.9999999999999992
vn 0 0.9999999999999992 -4.371138806469333e-8
vn 0 0.9999999999999992 -4.371138806469333e-8
vn 0 0.9999999999999992 -4.371138806469333e-8
vn 0 0.9999999999999992 -4.371138806469333e-8
vn 0 0.9999999999999992 -4.371138806469333e-8
vn 0 0.9999999999999992 -4.371138806469333e-8
vn 0 4.371138806469333e-8 0.9999999999999992
vn 0 4.371138806469333e-8 0.9999999999999992
vn 0 4.371138806469333e-8 0.9999999999999992
vn 0 4.371138806469333e-8 0.9999999999999992
vn 0 4.371138806469333e-8 0.9999999999999992
vn 0 4.371138806469333e-8 0.9999999999999992
vn 0 4.371138806469333e-8 0.9999999999999992
vn 0 4.371138806469333e-8 0.9999999999999992
vn 0 4.371138806469333e-8 0.9999999999999992
vn 0 4.371138806469333e-8 0.9999999999999992
vn 0 4.371138806469333e-8 0.9999999999999992
vn 0 4.371138806469333e-8 0.9999999999999992
vn 1 0 0
vn 1 0 0
vn 1 0 0
vn 1 0 0
vn 1 0 0
vn 1 0 0
vn 0 -4.371138806469333e-8 -0.9999999999999992
vn 0 -4.371138806469333e-8 -0.9999999999999992
vn 0 -4.371138806469333e-8 -0.9999999999999992
vn 0 -4.371138806469333e-8 -0.9999999999999992
vn 0 -4.371138806469333e-8 -0.9999999999999992
vn 0 -4.371138806469333e-8 -0.9999999999999992
vn -1 0 0
vn -1 0 0
vn -1 0 0
vn -1 0 0
vn -1 0 0
vn -1 0 0
vn 0 0.9999999999999992 -4.371138806469333e-8
vn 0 0.9999999999999992 -4.371138806469333e-8
vn 0 0.9999999999999992 -4.371138806469333e-8
vn 0 0.9999999999999992 -4.371138806469333e-8
vn 0 0.9999999999999992 -4.371138806469333e-8
vn 0 0.9999999999999992 -4.371138806469333e-8
vn 0 -0.9999999999999992 4.371138806469333e-8
vn 0 -0.9999999999999992 4.371138806469333e-8
vn 0 -0.9999999999999992 4.371138806469333e-8
vn 0 -0.9999999999999992 4.371138806469333e-8
vn 0 -0.9999999999999992 4.371138806469333e-8
vn 0 -0.9999999999999992 4.371138806469333e-8
vn 0 4.371138806469333e-8 0.9999999999999992
vn 0 4.371138806469333e-8 0.9999999999999992
vn 0 4.371138806469333e-8 0.9999999999999992
vn 0 4.371138806469333e-8 0.9999999999999992
vn 0 4.371138806469333e-8 0.9999999999999992
vn 0 4.371138806469333e-8 0.9999999999999992
vn 0 0.9999999999999992 -4.371138806469333e-8
vn 0 0.9999999999999992 -4.371138806469333e-8
vn 0 0.9999999999999992 -4.371138806469333e-8
vn 0 0.9999999999999992 -4.371138806469333e-8
vn 0 0.9999999999999992 -4.371138806469333e-8
vn 0 0.9999999999999992 -4.371138806469333e-8
vn 0 -0.9999999999999992 4.371138806469333e-8
vn 0 -0.9999999999999992 4.371138806469333e-8
vn 0 -0.9999999999999992 4.371138806469333e-8
vn 0 -0.9999999999999992 4.371138806469333e-8
vn 0 -0.9999999999999992 4.371138806469333e-8
vn 0 -0.9999999999999992 4.371138806469333e-8
vn 0 4.371138806469333e-8 0.9999999999999992
vn 0 4.371138806469333e-8 0.9999999999999992
vn 0 4.371138806469333e-8 0.9999999999999992
vn 0 4.371138806469333e-8 0.9999999999999992
vn 0 4.371138806469333e-8 0.9999999999999992
vn 0 4.371138806469333e-8 0.9999999999999992
f 1177/1177/1177 1178/1178/1178 1179/1179/1179
f 1180/1180/1180 1181/1181/1181 1182/1182/1182
f 1183/1183/1183 1184/1184/1184 1185/1185/1185
f 1186/1186/1186 1187/1187/1187 1188/1188/1188
f 1189/1189/1189 1190/1190/1190 1191/1191/1191
f 1192/1192/1192 1193/1193/1193 1194/1194/1194
f 1195/1195/1195 1196/1196/1196 1197/1197/1197
f 1198/1198/1198 1199/1199/1199 1200/1200/1200
f 1201/1201/1201 1202/1202/1202 1203/1203/1203
f 1204/1204/1204 1205/1205/1205 1206/1206/1206
f 1207/1207/1207 1208/1208/1208 1209/1209/1209
f 1210/1210/1210 1211/1211/1211 1212/1212/1212
f 1213/1213/1213 1214/1214/1214 1215/1215/1215
f 1216/1216/1216 1217/1217/1217 1218/1218/1218
f 1219/1219/1219 1220/1220/1220 1221/1221/1221
f 1222/1222/1222 1223/1223/1223 1224/1224/1224
f 1225/1225/1225 1226/1226/1226 1227/1227/1227
f 1228/1228/1228 1229/1229/1229 1230/1230/1230
f 1231/1231/1231 1232/1232/1232 1233/1233/1233
f 1234/1234/1234 1235/1235/1235 1236/1236/1236
f 1237/1237/1237 1238/1238/1238 1239/1239/1239
f 1240/1240/1240 1241/1241/1241 1242/1242/1242
f 1243/1243/1243 1244/1244/1244 1245/1245/1245
f 1246/1246/1246 1247/1247/1247 1248/1248/1248
f 1249/1249/1249 1250/1250/1250 1251/1251/1251
f 1252/1252/1252 1253/1253/1253 1254/1254/1254
f 1255/1255/1255 1256/1256/1256 1257/1257/1257
f 1258/1258/1258 1259/1259/1259 1260/1260/1260
f 1261/1261/1261 1262/1262/1262 1263/1263/1263
f 1264/1264/1264 1265/1265/1265 1266/1266/1266
f 1267/1267/1267 1268/1268/1268 1269/1269/1269
f 1270/1270/1270 1271/1271/1271 1272/1272/1272
f 1273/1273/1273 1274/1274/1274 1275/1275/1275
f 1276/1276/1276 1277/1277/1277 1278/1278/1278
f 1279/1279/1279 1280/1280/1280 1281/1281/1281
f 1282/1282/1282 1283/1283/1283 1284/1284/1284
f 1285/1285/1285 1286/1286/1286 1287/1287/1287
f 1288/1288/1288 1289/1289/1289 1290/1290/1290
o Box072
usemtl DefaultMaterial
v -2660.54052734375 934.9999252884592 -312.8793971539332
v -1844.54052734375 934.9999252884592 -312.8793971539332
v -1844.54052734375 934.9999249771996 -320.00018572815196
v -2660.54052734375 934.9999252884592 -312.8793971539332
v -1844.54052734375 934.9999249771996 -320.00018572815196
v -2660.54052734375 934.9999249771996 -320.00018572815196
v -1844.54052734375 874.9999258900003 -299.1177368164062
v -1844.54052734375 880.6657069111185 -299.11773706406535
v -2660.54052734375 880.6657069111185 -299.11773706406535
v -1844.54052734375 874.9999258900003 -299.1177368164062
v -2660.54052734375 880.6657069111185 -299.11773706406535
v -2660.54052734375 874.9999258900003 -299.1177368164062
v -1844.54052734375 874.9999249771996 -320.0001831054687
v -1844.54052734375 934.9999249771996 -320.00018572815196
v -1844.54052734375 890.9346176712717 -312.8793952277775
v -2660.54052734375 874.9999249771996 -320.0001831054687
v -2660.54052734375 890.9346176712717 -312.8793952277775
v -2660.54052734375 934.9999249771996 -320.00018572815196
v -1844.54052734375 934.9999252884592 -312.8793971539332
v -2660.54052734375 934.9999252884592 -312.8793971539332
v -2660.54052734375 890.9346176712717 -312.8793952277775
v -1844.54052734375 934.9999252884592 -312.8793971539332
v -2660.54052734375 890.9346176712717 -312.8793952277775
v -1844.54052734375 890.9346176712717 -312.8793952277775
v -1844.54052734375 934.9999249771996 -320.00018572815196
v -1844.54052734375 934.9999252884592 -312.8793971539332
v -1844.54052734375 890.9346176712717 -312.8793952277775
v -2660.54052734375 890.9346176712717 -312.8793952277775
v -2660.54052734375 934.9999252884592 -312.8793971539332
v -2660.54052734375 934.9999249771996 -320.00018572815196
v -1844.54052734375 883.5927307266905 -300.7663272799002
v -1844.54052734375 880.6657069111185 -299.11773706406535
v -1844.54052734375 874.9999258900003 -299.1177368164062
v -1844.54052734375 874.9999249771996 -320.0001831054687
v -1844.54052734375 883.5927307266905 -300.7663272799002
v -1844.54052734375 874.9999258900003 -299.1177368164062
v -1844.54052734375 883.5927307266905 -300.7663272799002
v -1844.54052734375 874.9999249771996 -320.0001831054687
v -1844.54052734375 890.9346176712717 -312.8793952277775
v -1844.54052734375 890.9346176712717 -312.8793952277775
v -2660.54052734375 890.9346176712717 -312.8793952277775
v -2660.54052734375 883.5927307266905 -300.7663272799002
v -1844.54052734375 890.9346176712717 -312.8793952277775
v -2660.54052734375 883.5927307266905 -300.7663272799002
v -1844.54052734375 883.5927307266905 -300.7663272799002
v -2660.54052734375 874.9999249771996 -320.0001831054687
v -2660.54052734375 874.9999258900003 -299.1177368164062
v -2660.54052734375 880.6657069111185 -299.11773706406535
v -2660.54052734375 883.5927307266905 -300.7663272799002
v -2660.54052734375 874.9999249771996 -320.0001831054687
v -2660.54052734375 880.6657069111185 -299.11773706406535
v -2660.54052734375 874.9999249771996 -320.0001831054687
v -2660.54052734375 883.5927307266905 -300.7663272799002
v -2660.54052734375 890.9346176712717 -312.8793952277775
v -1844.54052734375 880.6657069111185 -299.11773706406535
v -1844.54052734375 883.5927307266905 -300.7663272799002
v -2660.54052734375 883.5927307266905 -300.7663272799002
v -1844.54052734375 880.6657069111185 -299.11773706406535
v -2660.54052734375 883.5927307266905 -300.7663272799002
v -2660.54052734375 880.6657069111185 -299.11773706406535
vt 0.018147602677345276 0.2132343053817749
vt 0.21737141907215118 0.2132343053817749
vt 0.21737141907215118 0.21497273445129395
vt 0.018147602677345276 0.2132343053817749
vt 0.21737141907215118 0.21497273445129395
vt 0.018147602677345276 0.21497273445129395
vt 0.2173670381307602 0.21777117252349854
vt 0.2173670381307602 0.21915441751480103
vt 0.018147602677345276 0.21915441751480103
vt 0.2173670381307602 0.21777117252349854
vt 0.018147602677345276 0.21915441751480103
vt 0.018147602677345276 0.21777117252349854
vt 0.6629488468170166 0.9300645589828491
vt 0.6629488468170166 0.94471275806427
vt 0.661210298538208 0.9339548349380493
vt 0.8983062505722046 0.5671125054359436
vt 0.9000447392463684 0.5710027813911438
vt 0.8983062505722046 0.5817609429359436
vt 0.42606425285339355 0.22399240732192993
vt 0.22684499621391296 0.22399240732192993
vt 0.22684499621391296 0.2132343053817749
vt 0.42606425285339355 0.22399240732192993
vt 0.22684499621391296 0.2132343053817749
vt 0.42606425285339355 0.2132343053817749
vt 0.6629488468170166 0.94471275806427
vt 0.661210298538208 0.94471275806427
vt 0.661210298538208 0.9339548349380493
vt 0.9000447392463684 0.5710027813911438
vt 0.9000447392463684 0.5817609429359436
vt 0.8983062505722046 0.5817609429359436
vt 0.6582530736923218 0.9321622848510742
vt 0.6578505039215088 0.9314477443695068
vt 0.6578505039215088 0.9300645589828491
vt 0.6629488468170166 0.9300645589828491
vt 0.6582530736923218 0.9321622848510742
vt 0.6578505039215088 0.9300645589828491
vt 0.6582530736923218 0.9321622848510742
vt 0.6629488468170166 0.9300645589828491
vt 0.661210298538208 0.9339548349380493
vt 0.2173670381307602 0.22343266010284424
vt 0.018147602677345276 0.22343266010284424
vt 0.018147602677345276 0.2199745774269104
vt 0.2173670381307602 0.22343266010284424
vt 0.018147602677345276 0.2199745774269104
vt 0.2173670381307602 0.2199745774269104
vt 0.8983062505722046 0.5671125054359436
vt 0.9034044742584229 0.5671125054359436
vt 0.9034044742584229 0.5684959292411804
vt 0.9030019640922546 0.5692104697227478
vt 0.8983062505722046 0.5671125054359436
vt 0.9034044742584229 0.5684959292411804
vt 0.8983062505722046 0.5671125054359436
vt 0.9030019640922546 0.5692104697227478
vt 0.9000447392463684 0.5710027813911438
vt 0.2173670381307602 0.21915441751480103
vt 0.2173670381307602 0.2199745774269104
vt 0.018147602677345276 0.2199745774269104
vt 0.2173670381307602 0.21915441751480103
vt 0.018147602677345276 0.2199745774269104
vt 0.018147602677345276 0.21915441751480103
vn 0 0.9999999999999992 -4.371138806469333e-8
vn 0 0.9999999999999992 -4.371138806469333e-8
vn 0 0.9999999999999992 -4.371138806469333e-8
vn 0 0.9999999999999992 -4.371138806469333e-8
vn 0 0.9999999999999992 -4.371138806469333e-8
vn 0 0.9999999999999992 -4.371138806469333e-8
vn 0 4.371138806469333e-8 0.9999999999999992
vn 0 0.2536698115229469 0.9672908697604422
vn 0 0.2536698115229469 0.9672908697604422
vn 0 4.371138806469333e-8 0.9999999999999992
vn 0 0.2536698115229469 0.9672908697604422
vn 0 4.371138806469333e-8 0.9999999999999992
vn 1 0 0
vn 1 0 0
vn 1 0 0
vn -1 0 0
vn -1 0 0
vn -1 0 0
vn 0 4.371138806469333e-8 0.9999999999999992
vn 0 4.371138806469333e-8 0.9999999999999992
vn 0 4.371138806469333e-8 0.9999999999999992
vn 0 4.371138806469333e-8 0.9999999999999992
vn 0 4.371138806469333e-8 0.9999999999999992
vn 0 4.371138806469333e-8 0.9999999999999992
vn 1 0 0
vn 1 0 0
vn 1 0 0
vn -1 0 0
vn -1 0 0
vn -1 0 0
vn 1 0 0
vn 1 0 0
vn 1 0 0
vn 1 0 0
vn 1 0 0
vn 1 0 0
vn 1 0 0
vn 1 0 0
vn 1 0 0
vn 0 0.8551779907062571 0.5183344520785866
vn 0 0.8551779907062571 0.5183344520785866
vn 0 0.6957182142033453 0.7183148101116308
vn 0 0.8551779907062571 0.5183344520785866
vn 0 0.6957182142033453 0.7183148101116308
vn 0 0.6957182142033453 0.7183148101116308
vn -1 0 0
vn -1 0 0
vn -1 0 0
vn -1 0 0
vn -1 0 0
vn -1 0 0
vn -1 0 0
vn -1 0 0
vn -1 0 0
vn 0 0.2536698115229469 0.9672908697604422
vn 0 0.6957182142033453 0.7183148101116308
vn 0 0.6957182142033453 0.7183148101116308
vn 0 0.2536698115229469 0.9672908697604422
vn 0 0.6957182142033453 0.7183148101116308
vn 0 0.2536698115229469 0.9672908697604422
f 1291/1291/1291 1292/1292/1292 1293/1293/1293
f 1294/1294/1294 1295/1295/1295 1296/1296/1296
f 1297/1297/1297 1298/1298/1298 1299/1299/1299
f 1300/1300/1300 1301/1301/1301 1302/1302/1302
f 1303/1303/1303 1304/1304/1304 1305/1305/1305
f 1306/1306/1306 1307/1307/1307 1308/1308/1308
f 1309/1309/1309 1310/1310/1310 1311/1311/1311
f 1312/1312/1312 1313/1313/1313 1314/1314/1314
f 1315/1315/1315 1316/1316/1316 1317/1317/1317
f 1318/1318/1318 1319/1319/1319 1320/1320/1320
f 1321/1321/1321 1322/1322/1322 1323/1323/1323
f 1324/1324/1324 1325/1325/1325 1326/1326/1326
f 1327/1327/1327 1328/1328/1328 1329/1329/1329
f 1330/1330/1330 1331/1331/1331 1332/1332/1332
f 1333/1333/1333 1334/1334/1334 1335/1335/1335
f 1336/1336/1336 1337/1337/1337 1338/1338/1338
f 1339/1339/1339 1340/1340/1340 1341/1341/1341
f 1342/1342/1342 1343/1343/1343 1344/1344/1344
f 1345/1345/1345 1346/1346/1346 1347/1347/1347
f 1348/1348/1348 1349/1349/1349 1350/1350/1350
o Box073
usemtl DefaultMaterial
v -3476.54052734375 934.9999252884592 -312.8793971539332
v -2660.54052734375 934.9999252884592 -312.8793971539332
v -2660.54052734375 934.9999249771996 -320.00018572815196
v -3476.54052734375 934.9999252884592 -312.8793971539332
v -2660.54052734375 934.9999249771996 -320.00018572815196
v -3476.54052734375 934.9999249771996 -320.00018572815196
v -2660.54052734375 874.9999258900003 -299.1177368164062
v -2660.54052734375 880.6657069111185 -299.11773706406535
v -3476.54052734375 880.6657069111185 -299.11773706406535
v -2660.54052734375 874.9999258900003 -299.1177368164062
v -3476.54052734375 880.6657069111185 -299.11773706406535
v -3476.54052734375 874.9999258900003 -299.1177368164062
v -2660.54052734375 874.9999249771996 -320.0001831054687
v -2660.54052734375 934.9999249771996 -320.00018572815196
v -2660.54052734375 890.9346176712717 -312.8793952277775
v -3476.54052734375 874.9999249771996 -320.0001831054687
v -3476.54052734375 890.9346176712717 -312.8793952277775
v -3476.54052734375 934.9999249771996 -320.00018572815196
v -2660.54052734375 934.9999252884592 -312.8793971539332
v -3476.54052734375 934.9999252884592 -312.8793971539332
v -3476.54052734375 890.9346176712717 -312.8793952277775
v -2660.54052734375 934.9999252884592 -312.8793971539332
v -3476.54052734375 890.9346176712717 -312.8793952277775
v -2660.54052734375 890.9346176712717 -312.8793952277775
v -2660.54052734375 934.9999249771996 -320.00018572815196
v -2660.54052734375 934.9999252884592 -312.8793971539332
v -2660.54052734375 890.9346176712717 -312.8793952277775
v -3476.54052734375 890.9346176712717 -312.8793952277775
v -3476.54052734375 934.9999252884592 -312.8793971539332
v -3476.54052734375 934.9999249771996 -320.00018572815196
v -2660.54052734375 883.5927307266905 -300.7663272799002
v -2660.54052734375 880.6657069111185 -299.11773706406535
v -2660.54052734375 874.9999258900003 -299.1177368164062
v -2660.54052734375 874.9999249771996 -320.0001831054687
v -2660.54052734375 883.5927307266905 -300.7663272799002
v -2660.54052734375 874.9999258900003 -299.1177368164062
v -2660.54052734375 883.5927307266905 -300.7663272799002
v -2660.54052734375 874.9999249771996 -320.0001831054687
v -2660.54052734375 890.9346176712717 -312.8793952277775
v -2660.54052734375 890.9346176712717 -312.8793952277775
v -3476.54052734375 890.9346176712717 -312.8793952277775
v -3476.54052734375 883.5927307266905 -300.7663272799002
v -2660.54052734375 890.9346176712717 -312.8793952277775
v -3476.54052734375 883.5927307266905 -300.7663272799002
v -2660.54052734375 883.5927307266905 -300.7663272799002
v -3476.54052734375 874.9999249771996 -320.0001831054687
v -3476.54052734375 874.9999258900003 -299.1177368164062
v -3476.54052734375 880.6657069111185 -299.11773706406535
v -3476.54052734375 883.5927307266905 -300.7663272799002
v -3476.54052734375 874.9999249771996 -320.0001831054687
v -3476.54052734375 880.6657069111185 -299.11773706406535
v -3476.54052734375 874.9999249771996 -320.0001831054687
v -3476.54052734375 883.5927307266905 -300.7663272799002
v -3476.54052734375 890.9346176712717 -312.8793952277775
v -2660.54052734375 880.6657069111185 -299.11773706406535
v -2660.54052734375 883.5927307266905 -300.7663272799002
v -3476.54052734375 883.5927307266905 -300.7663272799002
v -2660.54052734375 880.6657069111185 -299.11773706406535
v -3476.54052734375 883.5927307266905 -300.7663272799002
v -3476.54052734375 880.6657069111185 -299.11773706406535
vt 0.018147602677345276 0.2132343053817749
vt 0.21737141907215118 0.2132343053817749
vt 0.21737141907215118 0.21497273445129395
vt 0.018147602677345276 0.2132343053817749
vt 0.21737141907215118 0.21497273445129395
vt 0.018147602677345276 0.21497273445129395
vt 0.2173670381307602 0.21777117252349854
vt 0.2173670381307602 0.21915441751480103
vt 0.018147602677345276 0.21915441751480103
vt 0.2173670381307602 0.21777117252349854
vt 0.018147602677345276 0.21915441751480103
vt 0.018147602677345276 0.21777117252349854
vt 0.6629488468170166 0.9300645589828491
vt 0.6629488468170166 0.94471275806427
vt 0.661210298538208 0.9339548349380493
vt 0.8983062505722046 0.5671125054359436
vt 0.9000447392463684 0.5710027813911438
vt 0.8983062505722046 0.5817609429359436
vt 0.42606425285339355 0.22399240732192993
vt 0.22684499621391296 0.22399240732192993
vt 0.22684499621391296 0.2132343053817749
vt 0.42606425285339355 0.22399240732192993
vt 0.22684499621391296 0.2132343053817749
vt 0.42606425285339355 0.2132343053817749
vt 0.6629488468170166 0.94471275806427
vt 0.661210298538208 0.94471275806427
vt 0.661210298538208 0.9339548349380493
vt 0.9000447392463684 0.5710027813911438
vt 0.9000447392463684 0.5817609429359436
vt 0.8983062505722046 0.5817609429359436
vt 0.6582530736923218 0.9321622848510742
vt 0.6578505039215088 0.9314477443695068
vt 0.6578505039215088 0.9300645589828491
vt 0.6629488468170166 0.9300645589828491
vt 0.6582530736923218 0.9321622848510742
vt 0.6578505039215088 0.9300645589828491
vt 0.6582530736923218 0.9321622848510742
vt 0.6629488468170166 0.9300645589828491
vt 0.661210298538208 0.9339548349380493
vt 0.2173670381307602 0.22343266010284424
vt 0.018147602677345276 0.22343266010284424
vt 0.018147602677345276 0.2199745774269104
vt 0.2173670381307602 0.22343266010284424
vt 0.018147602677345276 0.2199745774269104
vt 0.2173670381307602 0.2199745774269104
vt 0.8983062505722046 0.5671125054359436
vt 0.9034044742584229 0.5671125054359436
vt 0.9034044742584229 0.5684959292411804
vt 0.9030019640922546 0.5692104697227478
vt 0.8983062505722046 0.5671125054359436
vt 0.9034044742584229 0.5684959292411804
vt 0.8983062505722046 0.5671125054359436
vt 0.9030019640922546 0.5692104697227478
vt 0.9000447392463684 0.5710027813911438
vt 0.2173670381307602 0.21915441751480103
vt 0.2173670381307602 0.2199745774269104
vt 0.018147602677345276 0.2199745774269104
vt 0.2173670381307602 0.21915441751480103
vt 0.018147602677345276 0.2199745774269104
vt 0.018147602677345276 0.21915441751480103
vn 0 0.9999999999999992 -4.371138806469333e-8
vn 0 0.9999999999999992 -4.371138806469333e-8
vn 0 0.9999999999999992 -4.371138806469333e-8
vn 0 0.9999999999999992 -4.371138806469333e-8
vn 0 0.9999999999999992 -4.371138806469333e-8
vn 0 0.9999999999999992 -4.371138806469333e-8
vn 0 4.371138806469333e-8 0.9999999999999992
vn 0 0.2536698115229469 0.9672908697604422
vn 0 0.2536698115229469 0.9672908697604422
vn 0 4.371138806469333e-8 0.9999999999999992
vn 0 0.2536698115229469 0.9672908697604422
vn 0 4.371138806469333e-8 0.9999999999999992
vn 1 0 0
vn 1 0 0
vn 1 0 0
vn -1 0 0
vn -1 0 0
vn -1 0 0
vn 0 4.371138806469333e-8 0.9999999999999992
vn 0 4.371138806469333e-8 0.9999999999999992
vn 0 4.371138806469333e-8 0.9999999999999992
vn 0 4.371138806469333e-8 0.9999999999999992
vn 0 4.371138806469333e-8 0.9999999999999992
vn 0 4.371138806469333e-8 0.9999999999999992
vn 1 0 0
vn 1 0 0
vn 1 0 0
vn -1 0 0
vn -1 0 0
vn -1 0 0
vn 1 0 0
vn 1 0 0
vn 1 0 0
vn 1 0 0
vn 1 0 0
vn 1 0 0
vn 1 0 0
vn 1 0 0
vn 1 0 0
vn 0 0.8551779907062571 0.5183344520785866
vn 0 0.8551779907062571 0.5183344520785866
vn 0 0.6957182142033453 0.7183148101116308
vn 0 0.8551779907062571 0.5183344520785866
vn 0 0.6957182142033453 0.7183148101116308
vn 0 0.6957182142033453 0.7183148101116308
vn -1 0 0
vn -1 0 0
vn -1 0 0
vn -1 0 0
vn -1 0 0
vn -1 0 0
vn -1 0 0
vn -1 0 0
vn -1 0 0
vn 0 0.2536698115229469 0.9672908697604422
vn 0 0.6957182142033453 0.7183148101116308
vn 0 0.6957182142033453 0.7183148101116308
vn 0 0.2536698115229469 0.9672908697604422
vn 0 0.6957182142033453 0.7183148101116308
vn 0 0.2536698115229469 0.9672908697604422
f 1351/1351/1351 1352/1352/1352 1353/1353/1353
f 1354/1354/1354 1355/1355/1355 1356/1356/1356
f 1357/1357/1357 1358/1358/1358 1359/1359/1359
f 1360/1360/1360 1361/1361/1361 1362/1362/1362
f 1363/1363/1363 1364/1364/1364 1365/1365/1365
f 1366/1366/1366 1367/1367/1367 1368/1368/1368
f 1369/1369/1369 1370/1370/1370 1371/1371/1371
f 1372/1372/1372 1373/1373/1373 1374/1374/1374
f 1375/1375/1375 1376/1376/1376 1377/1377/1377
f 1378/1378/1378 1379/1379/1379 1380/1380/1380
f 1381/1381/1381 1382/1382/1382 1383/1383/1383
f 1384/1384/1384 1385/1385/1385 1386/1386/1386
f 1387/1387/1387 1388/1388/1388 1389/1389/1389
f 1390/1390/1390 1391/1391/1391 1392/1392/1392
f 1393/1393/1393 1394/1394/1394 1395/1395/1395
f 1396/1396/1396 1397/1397/1397 1398/1398/1398
f 1399/1399/1399 1400/1400/1400 1401/1401/1401
f 1402/1402/1402 1403/1403/1403 1404/1404/1404
f 1405/1405/1405 1406/1406/1406 1407/1407/1407
f 1408/1408/1408 1409/1409/1409 1410/1410/1410
o base_big004
usemtl DefaultMaterial
v -1852.54052734375 -0.00004873127418658639 281.4798470045916
v -1852.54052734375 -0.00007495810702540241 -318.5201529954083
v -1852.54052734375 849.9999250418928 -318.5201901500881
v -1852.54052734375 -0.00004873127418658639 281.4798470045916
v -1852.54052734375 849.9999250418928 -318.5201901500881
v -1852.54052734375 849.9999512687257 281.47980984991176
v -1852.54052734375 -0.00007495810702540241 -318.5201529954083
v -2652.54052734375 -0.00007495810702540241 -318.5201529954083
v -2652.54052734375 849.9999250418928 -318.5201901500881
v -1852.54052734375 -0.00007495810702540241 -318.5201529954083
v -2652.54052734375 849.9999250418928 -318.5201901500881
v -1852.54052734375 849.9999250418928 -318.5201901500881
v -2652.54052734375 -0.00007495810702540241 -318.5201529954083
v -2652.54052734375 -0.00004873127418658639 281.4798470045916
v -2652.54052734375 849.9999512687257 281.47980984991176
v -2652.54052734375 -0.00007495810702540241 -318.5201529954083
v -2652.54052734375 849.9999512687257 281.47980984991176
v -2652.54052734375 849.9999250418928 -318.5201901500881
v -1872.54052734375 849.9999259161207 -298.5201901500881
v -1872.54052734375 -0.00007408387926410855 -298.5201529954083
v -1872.54052734375 -0.00004873127418658639 281.4798470045916
v -1872.54052734375 849.9999259161207 -298.5201901500881
v -1872.54052734375 -0.00004873127418658639 281.4798470045916
v -1872.54052734375 849.9999512687257 281.47980984991176
v -2632.54052734375 849.9999259161207 -298.5201901500881
v -2632.54052734375 -0.00007408387926410855 -298.5201529954083
v -1872.54052734375 -0.00007408387926410855 -298.5201529954083
v -2632.54052734375 849.9999259161207 -298.5201901500881
v -1872.54052734375 -0.00007408387926410855 -298.5201529954083
v -1872.54052734375 849.9999259161207 -298.5201901500881
v -2632.54052734375 849.9999512687257 281.47980984991176
v -2632.54052734375 -0.00004873127418658639 281.4798470045916
v -2632.54052734375 -0.00007408387926410855 -298.5201529954083
v -2632.54052734375 849.9999512687257 281.47980984991176
v -2632.54052734375 -0.00007408387926410855 -298.5201529954083
v -2632.54052734375 849.9999259161207 -298.5201901500881
v -1852.54052734375 -0.00004873127418658639 281.4798470045916
v -1852.54052734375 849.9999512687257 281.47980984991176
v -1872.54052734375 849.9999512687257 281.47980984991176
v -1852.54052734375 -0.00004873127418658639 281.4798470045916
v -1872.54052734375 849.9999512687257 281.47980984991176
v -1872.54052734375 -0.00004873127418658639 281.4798470045916
v -1852.54052734375 849.9999250418928 -318.5201901500881
v -2652.54052734375 849.9999250418928 -318.5201901500881
v -2632.54052734375 849.9999259161207 -298.5201901500881
v -1852.54052734375 849.9999250418928 -318.5201901500881
v -2632.54052734375 849.9999259161207 -298.5201901500881
v -1872.54052734375 849.9999259161207 -298.5201901500881
v -2652.54052734375 849.9999512687257 281.47980984991176
v -2652.54052734375 -0.00004873127418658639 281.4798470045916
v -2632.54052734375 -0.00004873127418658639 281.4798470045916
v -2652.54052734375 849.9999512687257 281.47980984991176
v -2632.54052734375 -0.00004873127418658639 281.4798470045916
v -2632.54052734375 849.9999512687257 281.47980984991176
v -2660.54052734375 849.9999529524878 319.99979886358364
v -1844.54052734375 849.9999529524878 319.99979886358364
v -1844.54052734375 874.9999529524878 319.9997977707989
v -2660.54052734375 849.9999529524878 319.99979886358364
v -1844.54052734375 874.9999529524878 319.9997977707989
v -2660.54052734375 874.9999529524878 319.9997977707989
v -1844.54052734375 849.9999529524878 319.99979886358364
v -1844.54052734375 849.9999249771995 -320.00020113641625
v -1844.54052734375 874.9999249771995 -320.00020222920097
v -1844.54052734375 849.9999529524878 319.99979886358364
v -1844.54052734375 874.9999249771995 -320.00020222920097
v -1844.54052734375 874.9999529524878 319.9997977707989
v -1844.54052734375 849.9999249771995 -320.00020113641625
v -2660.54052734375 849.9999249771995 -320.00020113641625
v -2660.54052734375 874.9999249771995 -320.00020222920097
v -1844.54052734375 849.9999249771995 -320.00020113641625
v -2660.54052734375 874.9999249771995 -320.00020222920097
v -1844.54052734375 874.9999249771995 -320.00020222920097
v -2660.54052734375 849.9999249771995 -320.00020113641625
v -2660.54052734375 849.9999529524878 319.99979886358364
v -2660.54052734375 874.9999529524878 319.9997977707989
v -2660.54052734375 849.9999249771995 -320.00020113641625
v -2660.54052734375 874.9999529524878 319.9997977707989
v -2660.54052734375 874.9999249771995 -320.00020222920097
v -1844.54052734375 874.9999249771995 -320.00020222920097
v -2660.54052734375 874.9999249771995 -320.00020222920097
v -2660.54052734375 874.9999529524878 319.9997977707989
v -1844.54052734375 874.9999249771995 -320.00020222920097
v -2660.54052734375 874.9999529524878 319.9997977707989
v -1844.54052734375 874.9999529524878 319.9997977707989
v -2660.54052734375 849.9999529524878 319.99979886358364
v -2660.54052734375 849.9999249771995 -320.00020113641625
v -1844.54052734375 849.9999249771995 -320.00020113641625
v -2660.54052734375 849.9999529524878 319.99979886358364
v -1844.54052734375 849.9999249771995 -320.00020113641625
v -1844.54052734375 849.9999529524878 319.99979886358364
v -2632.8921508789062 79.62250986245579 281.47938576050717
v -1872.2913818359375 79.62250986245579 281.47938576050717
v -1872.2913818359375 99.57835092690891 281.47938488820967
v -2632.8921508789062 79.62250986245579 281.47938576050717
v -1872.2913818359375 99.57835092690891 281.47938488820967
v -2632.8921508789062 99.57835092690891 281.47938488820967
v -1872.2913818359375 99.57832535126477 -303.6231541742902
v -2632.8921508789062 99.57832535126477 -303.6231541742902
v -2632.8921508789062 99.57835092690891 281.47938488820967
v -1872.2913818359375 99.57832535126477 -303.6231541742902
v -2632.8921508789062 99.57835092690891 281.47938488820967
v -1872.2913818359375 99.57835092690891 281.47938488820967
v -2632.8921508789062 79.62250986245579 281.47938576050717
v -2632.8921508789062 79.62248428681164 -303.6231533019927
v -1872.2913818359375 79.62248428681164 -303.6231533019927
v -2632.8921508789062 79.62250986245579 281.47938576050717
v -1872.2913818359375 79.62248428681164 -303.6231533019927
v -1872.2913818359375 79.62250986245579 281.47938576050717
v -2632.8921508789062 -0.000048294169629060454 257.56065755146653
v -1872.5404663085938 -0.000048294169629060454 257.56065755146653
v -1872.5404663085938 79.62250881693483 257.56065407105405
v -2632.8921508789062 -0.000048294169629060454 257.56065755146653
v -1872.5404663085938 79.62250881693483 257.56065407105405
v -2632.8921508789062 79.62250881693483 257.56065407105405
vt 0.44007933139801025 0.004536867141723633
vt 0.5865638256072998 0.004536867141723633
vt 0.5865638256072998 0.21205627918243408
vt 0.44007933139801025 0.004536867141723633
vt 0.5865638256072998 0.21205627918243408
vt 0.44007933139801025 0.21205627918243408
vt 0.9105721116065979 0.42390429973602295
vt 0.9957379698753357 0.42390429973602295
vt 0.9957379698753357 0.5143927335739136
vt 0.9105721116065979 0.42390429973602295
vt 0.9957379698753357 0.5143927335739136
vt 0.9105721116065979 0.5143927335739136
vt 0.145180806517601 0.004536867141723633
vt 0.2916651964187622 0.004536867141723633
vt 0.2916651964187622 0.21205639839172363
vt 0.145180806517601 0.004536867141723633
vt 0.2916651964187622 0.21205639839172363
vt 0.145180806517601 0.21205639839172363
vt 0 0.21205675601959229
vt 0 0.004536867141723633
vt 0.14160138368606567 0.004536867141723633
vt 0 0.21205675601959229
vt 0.14160138368606567 0.004536867141723633
vt 0.14160138368606567 0.21205675601959229
vt 0.5897970199584961 0.2120562195777893
vt 0.5897970199584961 0.004536867141723633
vt 0.7753440737724304 0.004536867141723633
vt 0.5897970199584961 0.2120562195777893
vt 0.7753440737724304 0.004536867141723633
vt 0.7753440737724304 0.2120562195777893
vt 0.29489850997924805 0.21205633878707886
vt 0.29489850997924805 0.004536867141723633
vt 0.4365001320838928 0.004536867141723633
vt 0.29489850997924805 0.21205633878707886
vt 0.4365001320838928 0.004536867141723633
vt 0.4365001320838928 0.21205633878707886
vt 0.006636030040681362 0.42222392559051514
vt 0.006636030040681362 0.6297423839569092
vt 0.001753193442709744 0.6297423839569092
vt 0.006636030040681362 0.42222392559051514
vt 0.001753193442709744 0.6297423839569092
vt 0.001753193442709744 0.42222392559051514
vt 0.4221608638763428 0.2317277193069458
vt 0.22684501111507416 0.2317277193069458
vt 0.23172813653945923 0.22684502601623535
vt 0.4221608638763428 0.2317277193069458
vt 0.23172813653945923 0.22684502601623535
vt 0.4172782301902771 0.22684502601623535
vt 0.002659010235220194 0.4206981062889099
vt 0.002659010235220194 0.21317839622497559
vt 0.007541818544268608 0.21317839622497559
vt 0.002659010235220194 0.4206981062889099
vt 0.007541818544268608 0.21317839622497559
vt 0.007541818544268608 0.4206981062889099
vt 0.018147602677345276 0.22684502601623535
vt 0.21736527979373932 0.22684502601623535
vt 0.21736527979373932 0.23294860124588013
vt 0.018147602677345276 0.22684502601623535
vt 0.21736527979373932 0.23294860124588013
vt 0.018147602677345276 0.23294860124588013
vt 0.4037841260433197 0.8756217360496521
vt 0.5600337982177734 0.8756217360496521
vt 0.5600337982177734 0.8817252516746521
vt 0.4037841260433197 0.8756217360496521
vt 0.5600337982177734 0.8817252516746521
vt 0.4037841260433197 0.8817252516746521
vt 0.43554240465164185 0.2132343053817749
vt 0.6347600817680359 0.2132343053817749
vt 0.6347600817680359 0.21933788061141968
vt 0.43554240465164185 0.2132343053817749
vt 0.6347600817680359 0.21933788061141968
vt 0.43554240465164185 0.21933788061141968
vt 0.4037841260433197 0.8665479421615601
vt 0.5600346326828003 0.8665479421615601
vt 0.5600346326828003 0.8726514577865601
vt 0.4037841260433197 0.8665479421615601
vt 0.5600346326828003 0.8726514577865601
vt 0.4037841260433197 0.8726514577865601
vt 0.979565441608429 0.16078698635101318
vt 0.7803468108177185 0.16078698635101318
vt 0.7803468108177185 0.004536867141723633
vt 0.979565441608429 0.16078698635101318
vt 0.7803468108177185 0.004536867141723633
vt 0.979565441608429 0.004536867141723633
vt 0.9042537212371826 0.5861365795135498
vt 0.9042537212371826 0.5180039405822754
vt 0.9911229014396667 0.5180039405822754
vt 0.9042537212371826 0.5861365795135498
vt 0.9911229014396667 0.5180039405822754
vt 0.9911229014396667 0.5861365795135498
vt 0.0021427918691188097 0.9941246509552002
vt 0.18783563375473022 0.9941246509552002
vt 0.18783563375473022 0.9989967346191406
vt 0.0021427918691188097 0.9941246509552002
vt 0.18783563375473022 0.9989967346191406
vt 0.0021427918691188097 0.9989967346191406
vt 0.39439085125923157 0.6600538492202759
vt 0.20869740843772888 0.6600538492202759
vt 0.20869740843772888 0.517206609249115
vt 0.39439085125923157 0.6600538492202759
vt 0.20869740843772888 0.517206609249115
vt 0.39439085125923157 0.517206609249115
vt 0.9159490466117859 0.7667362093925476
vt 0.9159490466117859 0.7044478058815002
vt 0.9969204068183899 0.7044478058815002
vt 0.9159490466117859 0.7667362093925476
vt 0.9969204068183899 0.7044478058815002
vt 0.9969204068183899 0.7667362093925476
vt 0.20869740843772888 0.6714612245559692
vt 0.39432987570762634 0.6714612245559692
vt 0.39432987570762634 0.6909003257751465
vt 0.20869740843772888 0.6714612245559692
vt 0.39432987570762634 0.6909003257751465
vt 0.20869740843772888 0.6909003257751465
vn 1 0 0
vn 1 0 0
vn 1 0 0
vn 1 0 0
vn 1 0 0
vn 1 0 0
vn 0 -4.371138806469333e-8 -0.9999999999999992
vn 0 -4.371138806469333e-8 -0.9999999999999992
vn 0 -4.371138806469333e-8 -0.9999999999999992
vn 0 -4.371138806469333e-8 -0.9999999999999992
vn 0 -4.371138806469333e-8 -0.9999999999999992
vn 0 -4.371138806469333e-8 -0.9999999999999992
vn -1 0 0
vn -1 0 0
vn -1 0 0
vn -1 0 0
vn -1 0 0
vn -1 0 0
vn -1 0 0
vn -1 0 0
vn -1 0 0
vn -1 0 0
vn -1 0 0
vn -1 0 0
vn 0 4.371138806469333e-8 0.9999999999999992
vn 0 4.371138806469333e-8 0.9999999999999992
vn 0 4.371138806469333e-8 0.9999999999999992
vn 0 4.371138806469333e-8 0.9999999999999992
vn 0 4.371138806469333e-8 0.9999999999999992
vn 0 4.371138806469333e-8 0.9999999999999992
vn 1 0 0
vn 1 0 0
vn 1 0 0
vn 1 0 0
vn 1 0 0
vn 1 0 0
vn 0 4.371138806469333e-8 0.9999999999999992
vn 0 4.371138806469333e-8 0.9999999999999992
vn 0 4.371138806469333e-8 0.9999999999999992
vn 0 4.371138806469333e-8 0.9999999999999992
vn 0 4.371138806469333e-8 0.9999999999999992
vn 0 4.371138806469333e-8 0.9999999999999992
vn 0 0.9999999999999992 -4.371138806469333e-8
vn 0 0.9999999999999992 -4.371138806469333e-8
vn 0 0.9999999999999992 -4.371138806469333e-8
vn 0 0.9999999999999992 -4.371138806469333e-8
vn 0 0.9999999999999992 -4.371138806469333e-8
vn 0 0.9999999999999992 -4.371138806469333e-8
vn 0 4.371138806469333e-8 0.9999999999999992
vn 0 4.371138806469333e-8 0.9999999999999992
vn 0 4.371138806469333e-8 0.9999999999999992
vn 0 4.371138806469333e-8 0.9999999999999992
vn 0 4.371138806469333e-8 0.9999999999999992
vn 0 4.371138806469333e-8 0.9999999999999992
vn 0 4.371138806469333e-8 0.9999999999999992
vn 0 4.371138806469333e-8 0.9999999999999992
vn 0 4.371138806469333e-8 0.9999999999999992
vn 0 4.371138806469333e-8 0.9999999999999992
vn 0 4.371138806469333e-8 0.9999999999999992
vn 0 4.371138806469333e-8 0.9999999999999992
vn 1 0 0
vn 1 0 0
vn 1 0 0
vn 1 0 0
vn 1 0 0
vn 1 0 0
vn 0 -4.371138806469333e-8 -0.9999999999999992
vn 0 -4.371138806469333e-8 -0.9999999999999992
vn 0 -4.371138806469333e-8 -0.9999999999999992
vn 0 -4.371138806469333e-8 -0.9999999999999992
vn 0 -4.371138806469333e-8 -0.9999999999999992
vn 0 -4.371138806469333e-8 -0.9999999999999992
vn -1 0 0
vn -1 0 0
vn -1 0 0
vn -1 0 0
vn -1 0 0
vn -1 0 0
vn 0 0.9999999999999992 -4.371138806469333e-8
vn 0 0.9999999999999992 -4.371138806469333e-8
vn 0 0.9999999999999992 -4.371138806469333e-8
vn 0 0.9999999999999992 -4.371138806469333e-8
vn 0 0.9999999999999992 -4.371138806469333e-8
vn 0 0.9999999999999992 -4.371138806469333e-8
vn 0 -0.9999999999999992 4.371138806469333e-8
vn 0 -0.9999999999999992 4.371138806469333e-8
vn 0 -0.9999999999999992 4.371138806469333e-8
vn 0 -0.9999999999999992 4.371138806469333e-8
vn 0 -0.9999999999999992 4.371138806469333e-8
vn 0 -0.9999999999999992 4.371138806469333e-8
vn 0 4.371138806469333e-8 0.9999999999999992
vn 0 4.371138806469333e-8 0.9999999999999992
vn 0 4.371138806469333e-8 0.9999999999999992
vn 0 4.371138806469333e-8 0.9999999999999992
vn 0 4.371138806469333e-8 0.9999999999999992
vn 0 4.371138806469333e-8 0.9999999999999992
vn 0 0.9999999999999992 -4.371138806469333e-8
vn 0 0.9999999999999992 -4.371138806469333e-8
vn 0 0.9999999999999992 -4.371138806469333e-8
vn 0 0.9999999999999992 -4.371138806469333e-8
vn 0 0.9999999999999992 -4.371138806469333e-8
vn 0 0.9999999999999992 -4.371138806469333e-8
vn 0 -0.9999999999999992 4.371138806469333e-8
vn 0 -0.9999999999999992 4.371138806469333e-8
vn 0 -0.9999999999999992 4.371138806469333e-8
vn 0 -0.9999999999999992 4.371138806469333e-8
vn 0 -0.9999999999999992 4.371138806469333e-8
vn 0 -0.9999999999999992 4.371138806469333e-8
vn 0 4.371138806469333e-8 0.9999999999999992
vn 0 4.371138806469333e-8 0.9999999999999992
vn 0 4.371138806469333e-8 0.9999999999999992
vn 0 4.371138806469333e-8 0.9999999999999992
vn 0 4.371138806469333e-8 0.9999999999999992
vn 0 4.371138806469333e-8 0.9999999999999992
f 1411/1411/1411 1412/1412/1412 1413/1413/1413
f 1414/1414/1414 1415/1415/1415 1416/1416/1416
f 1417/1417/1417 1418/1418/1418 1419/1419/1419
f 1420/1420/1420 1421/1421/1421 1422/1422/1422
f 1423/1423/1423 1424/1424/1424 1425/1425/1425
f 1426/1426/1426 1427/1427/1427 1428/1428/1428
f 1429/1429/1429 1430/1430/1430 1431/1431/1431
f 1432/1432/1432 1433/1433/1433 1434/1434/1434
f 1435/1435/1435 1436/1436/1436 1437/1437/1437
f 1438/1438/1438 1439/1439/1439 1440/1440/1440
f 1441/1441/1441 1442/1442/1442 1443/1443/1443
f 1444/1444/1444 1445/1445/1445 1446/1446/1446
f 1447/1447/1447 1448/1448/1448 1449/1449/1449
f 1450/1450/1450 1451/1451/1451 1452/1452/1452
f 1453/1453/1453 1454/1454/1454 1455/1455/1455
f 1456/1456/1456 1457/1457/1457 1458/1458/1458
f 1459/1459/1459 1460/1460/1460 1461/1461/1461
f 1462/1462/1462 1463/1463/1463 1464/1464/1464
f 1465/1465/1465 1466/1466/1466 1467/1467/1467
f 1468/1468/1468 1469/1469/1469 1470/1470/1470
f 1471/1471/1471 1472/1472/1472 1473/1473/1473
f 1474/1474/1474 1475/1475/1475 1476/1476/1476
f 1477/1477/1477 1478/1478/1478 1479/1479/1479
f 1480/1480/1480 1481/1481/1481 1482/1482/1482
f 1483/1483/1483 1484/1484/1484 1485/1485/1485
f 1486/1486/1486 1487/1487/1487 1488/1488/1488
f 1489/1489/1489 1490/1490/1490 1491/1491/1491
f 1492/1492/1492 1493/1493/1493 1494/1494/1494
f 1495/1495/1495 1496/1496/1496 1497/1497/1497
f 1498/1498/1498 1499/1499/1499 1500/1500/1500
f 1501/1501/1501 1502/1502/1502 1503/1503/1503
f 1504/1504/1504 1505/1505/1505 1506/1506/1506
f 1507/1507/1507 1508/1508/1508 1509/1509/1509
f 1510/1510/1510 1511/1511/1511 1512/1512/1512
f 1513/1513/1513 1514/1514/1514 1515/1515/1515
f 1516/1516/1516 1517/1517/1517 1518/1518/1518
f 1519/1519/1519 1520/1520/1520 1521/1521/1521
f 1522/1522/1522 1523/1523/1523 1524/1524/1524
o base_big005
usemtl DefaultMaterial
v -2668.54052734375 -0.00004873127418658639 281.4798470045916
v -2668.54052734375 -0.00007495810702540241 -318.5201529954083
v -2668.54052734375 849.9999250418928 -318.5201901500881
v -2668.54052734375 -0.00004873127418658639 281.4798470045916
v -2668.54052734375 849.9999250418928 -318.5201901500881
v -2668.54052734375 849.9999512687257 281.47980984991176
v -2668.54052734375 -0.00007495810702540241 -318.5201529954083
v -3468.54052734375 -0.00007495810702540241 -318.5201529954083
v -3468.54052734375 849.9999250418928 -318.5201901500881
v -2668.54052734375 -0.00007495810702540241 -318.5201529954083
v -3468.54052734375 849.9999250418928 -318.5201901500881
v -2668.54052734375 849.9999250418928 -318.5201901500881
v -3468.54052734375 -0.00007495810702540241 -318.5201529954083
v -3468.54052734375 -0.00004873127418658639 281.4798470045916
v -3468.54052734375 849.9999512687257 281.47980984991176
v -3468.54052734375 -0.00007495810702540241 -318.5201529954083
v -3468.54052734375 849.9999512687257 281.47980984991176
v -3468.54052734375 849.9999250418928 -318.5201901500881
v -2688.54052734375 849.9999259161207 -298.5201901500881
v -2688.54052734375 -0.00007408387926410855 -298.5201529954083
v -2688.54052734375 -0.00004873127418658639 281.4798470045916
v -2688.54052734375 849.9999259161207 -298.5201901500881
v -2688.54052734375 -0.00004873127418658639 281.4798470045916
v -2688.54052734375 849.9999512687257 281.47980984991176
v -3448.54052734375 849.9999259161207 -298.5201901500881
v -3448.54052734375 -0.00007408387926410855 -298.5201529954083
v -2688.54052734375 -0.00007408387926410855 -298.5201529954083
v -3448.54052734375 849.9999259161207 -298.5201901500881
v -2688.54052734375 -0.00007408387926410855 -298.5201529954083
v -2688.54052734375 849.9999259161207 -298.5201901500881
v -3448.54052734375 849.9999512687257 281.47980984991176
v -3448.54052734375 -0.00004873127418658639 281.4798470045916
v -3448.54052734375 -0.00007408387926410855 -298.5201529954083
v -3448.54052734375 849.9999512687257 281.47980984991176
v -3448.54052734375 -0.00007408387926410855 -298.5201529954083
v -3448.54052734375 849.9999259161207 -298.5201901500881
v -2668.54052734375 -0.00004873127418658639 281.4798470045916
v -2668.54052734375 849.9999512687257 281.47980984991176
v -2688.54052734375 849.9999512687257 281.47980984991176
v -2668.54052734375 -0.00004873127418658639 281.4798470045916
v -2688.54052734375 849.9999512687257 281.47980984991176
v -2688.54052734375 -0.00004873127418658639 281.4798470045916
v -2668.54052734375 849.9999250418928 -318.5201901500881
v -3468.54052734375 849.9999250418928 -318.5201901500881
v -3448.54052734375 849.9999259161207 -298.5201901500881
v -2668.54052734375 849.9999250418928 -318.5201901500881
v -3448.54052734375 849.9999259161207 -298.5201901500881
v -2688.54052734375 849.9999259161207 -298.5201901500881
v -3468.54052734375 849.9999512687257 281.47980984991176
v -3468.54052734375 -0.00004873127418658639 281.4798470045916
v -3448.54052734375 -0.00004873127418658639 281.4798470045916
v -3468.54052734375 849.9999512687257 281.47980984991176
v -3448.54052734375 -0.00004873127418658639 281.4798470045916
v -3448.54052734375 849.9999512687257 281.47980984991176
v -3476.54052734375 849.9999529524878 319.99979886358364
v -2660.54052734375 849.9999529524878 319.99979886358364
v -2660.54052734375 874.9999529524878 319.9997977707989
v -3476.54052734375 849.9999529524878 319.99979886358364
v -2660.54052734375 874.9999529524878 319.9997977707989
v -3476.54052734375 874.9999529524878 319.9997977707989
v -2660.54052734375 849.9999529524878 319.99979886358364
v -2660.54052734375 849.9999249771995 -320.00020113641625
v -2660.54052734375 874.9999249771995 -320.00020222920097
v -2660.54052734375 849.9999529524878 319.99979886358364
v -2660.54052734375 874.9999249771995 -320.00020222920097
v -2660.54052734375 874.9999529524878 319.9997977707989
v -2660.54052734375 849.9999249771995 -320.00020113641625
v -3476.54052734375 849.9999249771995 -320.00020113641625
v -3476.54052734375 874.9999249771995 -320.00020222920097
v -2660.54052734375 849.9999249771995 -320.00020113641625
v -3476.54052734375 874.9999249771995 -320.00020222920097
v -2660.54052734375 874.9999249771995 -320.00020222920097
v -3476.54052734375 849.9999249771995 -320.00020113641625
v -3476.54052734375 849.9999529524878 319.99979886358364
v -3476.54052734375 874.9999529524878 319.9997977707989
v -3476.54052734375 849.9999249771995 -320.00020113641625
v -3476.54052734375 874.9999529524878 319.9997977707989
v -3476.54052734375 874.9999249771995 -320.00020222920097
v -2660.54052734375 874.9999249771995 -320.00020222920097
v -3476.54052734375 874.9999249771995 -320.00020222920097
v -3476.54052734375 874.9999529524878 319.9997977707989
v -2660.54052734375 874.9999249771995 -320.00020222920097
v -3476.54052734375 874.9999529524878 319.9997977707989
v -2660.54052734375 874.9999529524878 319.9997977707989
v -3476.54052734375 849.9999529524878 319.99979886358364
v -3476.54052734375 849.9999249771995 -320.00020113641625
v -2660.54052734375 849.9999249771995 -320.00020113641625
v -3476.54052734375 849.9999529524878 319.99979886358364
v -2660.54052734375 849.9999249771995 -320.00020113641625
v -2660.54052734375 849.9999529524878 319.99979886358364
v -3448.8921508789062 79.62250986245579 281.47938576050717
v -2688.2913818359375 79.62250986245579 281.47938576050717
v -2688.2913818359375 99.57835092690891 281.47938488820967
v -3448.8921508789062 79.62250986245579 281.47938576050717
v -2688.2913818359375 99.57835092690891 281.47938488820967
v -3448.8921508789062 99.57835092690891 281.47938488820967
v -2688.2913818359375 99.57832535126477 -303.6231541742902
v -3448.8921508789062 99.57832535126477 -303.6231541742902
v -3448.8921508789062 99.57835092690891 281.47938488820967
v -2688.2913818359375 99.57832535126477 -303.6231541742902
v -3448.8921508789062 99.57835092690891 281.47938488820967
v -2688.2913818359375 99.57835092690891 281.47938488820967
v -3448.8921508789062 79.62250986245579 281.47938576050717
v -3448.8921508789062 79.62248428681164 -303.6231533019927
v -2688.2913818359375 79.62248428681164 -303.6231533019927
v -3448.8921508789062 79.62250986245579 281.47938576050717
v -2688.2913818359375 79.62248428681164 -303.6231533019927
v -2688.2913818359375 79.62250986245579 281.47938576050717
v -3448.8921508789062 -0.000048294169629060454 257.56065755146653
v -2688.5404663085938 -0.000048294169629060454 257.56065755146653
v -2688.5404663085938 79.62250881693483 257.56065407105405
v -3448.8921508789062 -0.000048294169629060454 257.56065755146653
v -2688.5404663085938 79.62250881693483 257.56065407105405
v -3448.8921508789062 79.62250881693483 257.56065407105405
vt 0.44007933139801025 0.004536867141723633
vt 0.5865638256072998 0.004536867141723633
vt 0.5865638256072998 0.21205627918243408
vt 0.44007933139801025 0.004536867141723633
vt 0.5865638256072998 0.21205627918243408
vt 0.44007933139801025 0.21205627918243408
vt 0.9105721116065979 0.42390429973602295
vt 0.9957379698753357 0.42390429973602295
vt 0.9957379698753357 0.5143927335739136
vt 0.9105721116065979 0.42390429973602295
vt 0.9957379698753357 0.5143927335739136
vt 0.9105721116065979 0.5143927335739136
vt 0.145180806517601 0.004536867141723633
vt 0.2916651964187622 0.004536867141723633
vt 0.2916651964187622 0.21205639839172363
vt 0.145180806517601 0.004536867141723633
vt 0.2916651964187622 0.21205639839172363
vt 0.145180806517601 0.21205639839172363
vt 0 0.21205675601959229
vt 0 0.004536867141723633
vt 0.14160138368606567 0.004536867141723633
vt 0 0.21205675601959229
vt 0.14160138368606567 0.004536867141723633
vt 0.14160138368606567 0.21205675601959229
vt 0.5897970199584961 0.2120562195777893
vt 0.5897970199584961 0.004536867141723633
vt 0.7753440737724304 0.004536867141723633
vt 0.5897970199584961 0.2120562195777893
vt 0.7753440737724304 0.004536867141723633
vt 0.7753440737724304 0.2120562195777893
vt 0.29489850997924805 0.21205633878707886
vt 0.29489850997924805 0.004536867141723633
vt 0.4365001320838928 0.004536867141723633
vt 0.29489850997924805 0.21205633878707886
vt 0.4365001320838928 0.004536867141723633
vt 0.4365001320838928 0.21205633878707886
vt 0.006636030040681362 0.42222392559051514
vt 0.006636030040681362 0.6297423839569092
vt 0.001753193442709744 0.6297423839569092
vt 0.006636030040681362 0.42222392559051514
vt 0.001753193442709744 0.6297423839569092
vt 0.001753193442709744 0.42222392559051514
vt 0.4221608638763428 0.2317277193069458
vt 0.22684501111507416 0.2317277193069458
vt 0.23172813653945923 0.22684502601623535
vt 0.4221608638763428 0.2317277193069458
vt 0.23172813653945923 0.22684502601623535
vt 0.4172782301902771 0.22684502601623535
vt 0.002659010235220194 0.4206981062889099
vt 0.002659010235220194 0.21317839622497559
vt 0.007541818544268608 0.21317839622497559
vt 0.002659010235220194 0.4206981062889099
vt 0.007541818544268608 0.21317839622497559
vt 0.007541818544268608 0.4206981062889099
vt 0.018147602677345276 0.22684502601623535
vt 0.21736527979373932 0.22684502601623535
vt 0.21736527979373932 0.23294860124588013
vt 0.018147602677345276 0.22684502601623535
vt 0.21736527979373932 0.23294860124588013
vt 0.018147602677345276 0.23294860124588013
vt 0.4037841260433197 0.8756217360496521
vt 0.5600337982177734 0.8756217360496521
vt 0.5600337982177734 0.8817252516746521
vt 0.4037841260433197 0.8756217360496521
vt 0.5600337982177734 0.8817252516746521
vt 0.4037841260433197 0.8817252516746521
vt 0.43554240465164185 0.2132343053817749
vt 0.6347600817680359 0.2132343053817749
vt 0.6347600817680359 0.21933788061141968
vt 0.43554240465164185 0.2132343053817749
vt 0.6347600817680359 0.21933788061141968
vt 0.43554240465164185 0.21933788061141968
vt 0.4037841260433197 0.8665479421615601
vt 0.5600346326828003 0.8665479421615601
vt 0.5600346326828003 0.8726514577865601
vt 0.4037841260433197 0.8665479421615601
vt 0.5600346326828003 0.8726514577865601
vt 0.4037841260433197 0.8726514577865601
vt 0.979565441608429 0.16078698635101318
vt 0.7803468108177185 0.16078698635101318
vt 0.7803468108177185 0.004536867141723633
vt 0.979565441608429 0.16078698635101318
vt 0.7803468108177185 0.004536867141723633
vt 0.979565441608429 0.004536867141723633
vt 0.9042537212371826 0.5861365795135498
vt 0.9042537212371826 0.5180039405822754
vt 0.9911229014396667 0.5180039405822754
vt 0.9042537212371826 0.5861365795135498
vt 0.9911229014396667 0.5180039405822754
vt 0.9911229014396667 0.5861365795135498
vt 0.0021427918691188097 0.9941246509552002
vt 0.18783563375473022 0.9941246509552002
vt 0.18783563375473022 0.9989967346191406
vt 0.0021427918691188097 0.9941246509552002
vt 0.18783563375473022 0.9989967346191406
vt 0.0021427918691188097 0.9989967346191406
vt 0.39439085125923157 0.6600538492202759
vt 0.20869740843772888 0.6600538492202759
vt 0.20869740843772888 0.517206609249115
vt 0.39439085125923157 0.6600538492202759
vt 0.20869740843772888 0.517206609249115
vt 0.39439085125923157 0.517206609249115
vt 0.9159490466117859 0.7667362093925476
vt 0.9159490466117859 0.7044478058815002
vt 0.9969204068183899 0.7044478058815002
vt 0.9159490466117859 0.7667362093925476
vt 0.9969204068183899 0.7044478058815002
vt 0.9969204068183899 0.7667362093925476
vt 0.20869740843772888 0.6714612245559692
vt 0.39432987570762634 0.6714612245559692
vt 0.39432987570762634 0.6909003257751465
vt 0.20869740843772888 0.6714612245559692
vt 0.39432987570762634 0.6909003257751465
vt 0.20869740843772888 0.6909003257751465
vn 1 0 0
vn 1 0 0
vn 1 0 0
vn 1 0 0
vn 1 0 0
vn 1 0 0
vn 0 -4.371138806469333e-8 -0.9999999999999992
vn 0 -4.371138806469333e-8 -0.9999999999999992
vn 0 -4.371138806469333e-8 -0.9999999999999992
vn 0 -4.371138806469333e-8 -0.9999999999999992
vn 0 -4.371138806469333e-8 -0.9999999999999992
vn 0 -4.371138806469333e-8 -0.9999999999999992
vn -1 0 0
vn -1 0 0
vn -1 0 0
vn -1 0 0
vn -1 0 0
vn -1 0 0
vn -1 0 0
vn -1 0 0
vn -1 0 0
vn -1 0 0
vn -1 0 0
vn -1 0 0
vn 0 4.371138806469333e-8 0.9999999999999992
vn 0 4.371138806469333e-8 0.9999999999999992
vn 0 4.371138806469333e-8 0.9999999999999992
vn 0 4.371138806469333e-8 0.9999999999999992
vn 0 4.371138806469333e-8 0.9999999999999992
vn 0 4.371138806469333e-8 0.9999999999999992
vn 1 0 0
vn 1 0 0
vn 1 0 0
vn 1 0 0
vn 1 0 0
vn 1 0 0
vn 0 4.371138806469333e-8 0.9999999999999992
vn 0 4.371138806469333e-8 0.9999999999999992
vn 0 4.371138806469333e-8 0.9999999999999992
vn 0 4.371138806469333e-8 0.9999999999999992
vn 0 4.371138806469333e-8 0.9999999999999992
vn 0 4.371138806469333e-8 0.9999999999999992
vn 0 0.9999999999999992 -4.371138806469333e-8
vn 0 0.9999999999999992 -4.371138806469333e-8
vn 0 0.9999999999999992 -4.371138806469333e-8
vn 0 0.9999999999999992 -4.371138806469333e-8
vn 0 0.9999999999999992 -4.371138806469333e-8
vn 0 0.9999999999999992 -4.371138806469333e-8
vn 0 4.371138806469333e-8 0.9999999999999992
vn 0 4.371138806469333e-8 0.9999999999999992
vn 0 4.371138806469333e-8 0.9999999999999992
vn 0 4.371138806469333e-8 0.9999999999999992
vn 0 4.371138806469333e-8 0.9999999999999992
vn 0 4.371138806469333e-8 0.9999999999999992
vn 0 4.371138806469333e-8 0.9999999999999992
vn 0 4.371138806469333e-8 0.9999999999999992
vn 0 4.371138806469333e-8 0.9999999999999992
vn 0 4.371138806469333e-8 0.9999999999999992
vn 0 4.371138806469333e-8 0.9999999999999992
vn 0 4.371138806469333e-8 0.9999999999999992
vn 1 0 0
vn 1 0 0
vn 1 0 0
vn 1 0 0
vn 1 0 0
vn 1 0 0
vn 0 -4.371138806469333e-8 -0.9999999999999992
vn 0 -4.371138806469333e-8 -0.9999999999999992
vn 0 -4.371138806469333e-8 -0.9999999999999992
vn 0 -4.371138806469333e-8 -0.9999999999999992
vn 0 -4.371138806469333e-8 -0.9999999999999992
vn 0 -4.371138806469333e-8 -0.9999999999999992
vn -1 0 0
vn -1 0 0
vn -1 0 0
vn -1 0 0
vn -1 0 0
vn -1 0 0
vn 0 0.9999999999999992 -4.371138806469333e-8
vn 0 0.9999999999999992 -4.371138806469333e-8
vn 0 0.9999999999999992 -4.371138806469333e-8
vn 0 0.9999999999999992 -4.371138806469333e-8
vn 0 0.9999999999999992 -4.371138806469333e-8
vn 0 0.9999999999999992 -4.371138806469333e-8
vn 0 -0.9999999999999992 4.371138806469333e-8
vn 0 -0.9999999999999992 4.371138806469333e-8
vn 0 -0.9999999999999992 4.371138806469333e-8
vn 0 -0.9999999999999992 4.371138806469333e-8
vn 0 -0.9999999999999992 4.371138806469333e-8
vn 0 -0.9999999999999992 4.371138806469333e-8
vn 0 4.371138806469333e-8 0.9999999999999992
vn 0 4.371138806469333e-8 0.9999999999999992
vn 0 4.371138806469333e-8 0.9999999999999992
vn 0 4.371138806469333e-8 0.9999999999999992
vn 0 4.371138806469333e-8 0.9999999999999992
vn 0 4.371138806469333e-8 0.9999999999999992
vn 0 0.9999999999999992 -4.371138806469333e-8
vn 0 0.9999999999999992 -4.371138806469333e-8
vn 0 0.9999999999999992 -4.371138806469333e-8
vn 0 0.9999999999999992 -4.371138806469333e-8
vn 0 0.9999999999999992 -4.371138806469333e-8
vn 0 0.9999999999999992 -4.371138806469333e-8
vn 0 -0.9999999999999992 4.371138806469333e-8
vn 0 -0.9999999999999992 4.371138806469333e-8
vn 0 -0.9999999999999992 4.371138806469333e-8
vn 0 -0.9999999999999992 4.371138806469333e-8
vn 0 -0.9999999999999992 4.371138806469333e-8
vn 0 -0.9999999999999992 4.371138806469333e-8
vn 0 4.371138806469333e-8 0.9999999999999992
vn 0 4.371138806469333e-8 0.9999999999999992
vn 0 4.371138806469333e-8 0.9999999999999992
vn 0 4.371138806469333e-8 0.9999999999999992
vn 0 4.371138806469333e-8 0.9999999999999992
vn 0 4.371138806469333e-8 0.9999999999999992
f 1525/1525/1525 1526/1526/1526 1527/1527/1527
f 1528/1528/1528 1529/1529/1529 1530/1530/1530
f 1531/1531/1531 1532/1532/1532 1533/1533/1533
f 1534/1534/1534 1535/1535/1535 1536/1536/1536
f 1537/1537/1537 1538/1538/1538 1539/1539/1539
f 1540/1540/1540 1541/1541/1541 1542/1542/1542
f 1543/1543/1543 1544/1544/1544 1545/1545/1545
f 1546/1546/1546 1547/1547/1547 1548/1548/1548
f 1549/1549/1549 1550/1550/1550 1551/1551/1551
f 1552/1552/1552 1553/1553/1553 1554/1554/1554
f 1555/1555/1555 1556/1556/1556 1557/1557/1557
f 1558/1558/1558 1559/1559/1559 1560/1560/1560
f 1561/1561/1561 1562/1562/1562 1563/1563/1563
f 1564/1564/1564 1565/1565/1565 1566/1566/1566
f 1567/1567/1567 1568/1568/1568 1569/1569/1569
f 1570/1570/1570 1571/1571/1571 1572/1572/1572
f 1573/1573/1573 1574/1574/1574 1575/1575/1575
f 1576/1576/1576 1577/1577/1577 1578/1578/1578
f 1579/1579/1579 1580/1580/1580 1581/1581/1581
f 1582/1582/1582 1583/1583/1583 1584/1584/1584
f 1585/1585/1585 1586/1586/1586 1587/1587/1587
f 1588/1588/1588 1589/1589/1589 1590/1590/1590
f 1591/1591/1591 1592/1592/1592 1593/1593/1593
f 1594/1594/1594 1595/1595/1595 1596/1596/1596
f 1597/1597/1597 1598/1598/1598 1599/1599/1599
f 1600/1600/1600 1601/1601/1601 1602/1602/1602
f 1603/1603/1603 1604/1604/1604 1605/1605/1605
f 1606/1606/1606 1607/1607/1607 1608/1608/1608
f 1609/1609/1609 1610/1610/1610 1611/1611/1611
f 1612/1612/1612 1613/1613/1613 1614/1614/1614
f 1615/1615/1615 1616/1616/1616 1617/1617/1617
f 1618/1618/1618 1619/1619/1619 1620/1620/1620
f 1621/1621/1621 1622/1622/1622 1623/1623/1623
f 1624/1624/1624 1625/1625/1625 1626/1626/1626
f 1627/1627/1627 1628/1628/1628 1629/1629/1629
f 1630/1630/1630 1631/1631/1631 1632/1632/1632
f 1633/1633/1633 1634/1634/1634 1635/1635/1635
f 1636/1636/1636 1637/1637/1637 1638/1638/1638
o door_big003
usemtl DefaultMaterial
v -630.8061213017556 2425.2916682003734 93.50429120751636
v -630.8062738143375 1706.2810938595585 93.50424813132648
v -1025.5563660702915 1706.281127929698 83.16735186888948
v -630.8061213017556 2425.2916682003734 93.50429120751636
v -1025.5563660702915 1706.281127929698 83.16735186888948
v -1025.5562135577084 2425.291717529302 83.16739494508008
v -1025.5562135577084 2425.291717529302 83.16739494508008
v -1025.5563660702915 1706.281127929698 83.16735186888948
v -1025.9490203476757 1706.2811272738022 98.16221186234733
v -1025.5562135577084 2425.291717529302 83.16739494508008
v -1025.9490203476757 1706.2811272738022 98.16221186234733
v -1025.9488678350926 2425.291716873406 98.16225493853791
v -1025.9488678350926 2425.291716873406 98.16225493853791
v -1025.9490203476757 1706.2811272738022 98.16221186234733
v -631.1989280917218 1706.2810932036627 108.49910812478433
v -1025.9488678350926 2425.291716873406 98.16225493853791
v -631.1989280917218 1706.2810932036627 108.49910812478433
v -631.1987755791413 2425.2916522856885 108.49915120097351
v -1025.5562135577084 2425.291717529302 83.16739494508008
v -1025.9488678350926 2425.291716873406 98.16225493853791
v -631.1987755791413 2425.2916522856885 108.49915120097351
v -1025.5562135577084 2425.291717529302 83.16739494508008
v -631.1987755791413 2425.2916522856885 108.49915120097351
v -630.8061213017556 2425.2916682003734 93.50429120751636
v -631.1987755791413 2425.2916522856885 108.49915120097351
v -631.1989280917218 1706.2810932036627 108.49910812478433
v -630.8062738143375 1706.2810938595585 93.50424813132648
v -631.1987755791413 2425.2916522856885 108.49915120097351
v -630.8062738143375 1706.2810938595585 93.50424813132648
v -630.8061213017556 2425.2916682003734 93.50429120751636
v -631.1990209006937 1670.0310321685174 108.49903542077973
v -1025.9490826495269 1670.0310662386541 98.16213995719991
v -1025.5564283721426 1670.0310668945497 83.16727996374206
v -631.1990209006937 1670.0310321685174 108.49903542077973
v -1025.5564283721426 1670.0310668945497 83.16727996374206
v -630.8063666233093 1670.031032824413 93.50417542732188
v -630.8063666233093 1670.031032824413 93.50417542732188
v -1025.5564283721426 1670.0310668945497 83.16727996374206
v -1025.5563660702915 1706.281127929698 83.16735186888948
v -630.8063666233093 1670.031032824413 93.50417542732188
v -1025.5563660702915 1706.281127929698 83.16735186888948
v -630.8062738143375 1706.2810938595585 93.50424813132648
v -1025.9490826495269 1670.0310662386541 98.16213995719991
v -631.1990209006937 1670.0310321685174 108.49903542077973
v -631.1990202439918 1677.74746283258 108.49903577550322
v -1025.9490826495269 1670.0310662386541 98.16213995719991
v -631.1990202439918 1677.74746283258 108.49903577550322
v -1025.949081992825 1677.7474969027166 98.1621403119234
v -631.1989280917218 1706.2810932036627 108.49910812478433
v -1025.9490203476757 1706.2811272738022 98.16221186234733
v -1025.9490802211958 1698.5646355745916 98.162141268885
v -631.1989280917218 1706.2810932036627 108.49910812478433
v -1025.9490802211958 1698.5646355745916 98.162141268885
v -631.1990184723626 1698.564601504455 108.49903673246482
v -1025.5956936722246 1671.53106682896 84.66676603204269
v -1025.909817094132 1671.5310663042437 96.66265402680897
v -631.1597553452987 1671.531032234107 106.99954949038879
v -1025.5956936722246 1671.53106682896 84.66676603204269
v -631.1597553452987 1671.531032234107 106.99954949038879
v -630.8456319233912 1671.5310327588234 95.00366149562251
v -630.8456319233912 1671.5310327588234 95.00366149562251
v -630.8456290936713 1704.7810327588236 95.0036630241214
v -1025.5956908425046 1704.7810668289603 84.66676756054157
v -630.8456319233912 1671.5310327588234 95.00366149562251
v -1025.5956908425046 1704.7810668289603 84.66676756054157
v -1025.5956936722246 1671.53106682896 84.66676603204269
v -631.1597548162533 1677.7474628981695 106.99954977615742
v -631.1597553452987 1671.531032234107 106.99954949038879
v -1025.909817094132 1671.5310663042437 96.66265402680897
v -631.1597548162533 1677.7474628981695 106.99954977615742
v -1025.909817094132 1671.5310663042437 96.66265402680897
v -1025.9098165650867 1677.7474969683062 96.6626543125776
v -1025.9098147934574 1698.5646356401812 96.66265526953921
v -1025.909814264412 1704.7810663042437 96.66265555530785
v -631.1597525155787 1704.781032234107 106.99955101888767
v -1025.9098147934574 1698.5646356401812 96.66265526953921
v -631.1597525155787 1704.781032234107 106.99955101888767
v -631.159753044624 1698.5646015700445 106.99955073311904
v -631.1597525155787 1704.781032234107 106.99955101888767
v -1025.909814264412 1704.7810663042437 96.66265555530785
v -1025.5956908425046 1704.7810668289603 84.66676756054157
v -631.1597525155787 1704.781032234107 106.99955101888767
v -1025.5956908425046 1704.7810668289603 84.66676756054157
v -630.8456290936713 1704.7810327588236 95.0036630241214
v -1025.5564283721426 1670.0310668945497 83.16727996374206
v -1025.9490826495269 1670.0310662386541 98.16213995719991
v -1025.909817094132 1671.5310663042437 96.66265402680897
v -1025.5564283721426 1670.0310668945497 83.16727996374206
v -1025.909817094132 1671.5310663042437 96.66265402680897
v -1025.5956936722246 1671.53106682896 84.66676603204269
v -631.1990209006937 1670.0310321685174 108.49903542077973
v -630.8063666233093 1670.031032824413 93.50417542732188
v -630.8456319233912 1671.5310327588234 95.00366149562251
v -631.1990209006937 1670.0310321685174 108.49903542077973
v -630.8456319233912 1671.5310327588234 95.00366149562251
v -631.1597553452987 1671.531032234107 106.99954949038879
v -1025.5956936722246 1671.53106682896 84.66676603204269
v -1025.5956908425046 1704.7810668289603 84.66676756054157
v -1025.5563660702915 1706.281127929698 83.16735186888948
v -1025.5956936722246 1671.53106682896 84.66676603204269
v -1025.5563660702915 1706.281127929698 83.16735186888948
v -1025.5564283721426 1670.0310668945497 83.16727996374206
v -630.8456290936713 1704.7810327588236 95.0036630241214
v -630.8456319233912 1671.5310327588234 95.00366149562251
v -630.8063666233093 1670.031032824413 93.50417542732188
v -630.8456290936713 1704.7810327588236 95.0036630241214
v -630.8063666233093 1670.031032824413 93.50417542732188
v -630.8062738143375 1706.2810938595585 93.50424813132648
v -631.1990202439918 1677.74746283258 108.49903577550322
v -631.1990209006937 1670.0310321685174 108.49903542077973
v -631.1597553452987 1671.531032234107 106.99954949038879
v -631.1990202439918 1677.74746283258 108.49903577550322
v -631.1597553452987 1671.531032234107 106.99954949038879
v -631.1597548162533 1677.7474628981695 106.99954977615742
v -1025.949081992825 1677.7474969027166 98.1621403119234
v -631.1990202439918 1677.74746283258 108.49903577550322
v -631.1597548162533 1677.7474628981695 106.99954977615742
v -1025.949081992825 1677.7474969027166 98.1621403119234
v -631.1597548162533 1677.7474628981695 106.99954977615742
v -1025.9098165650867 1677.7474969683062 96.6626543125776
v -1025.9490826495269 1670.0310662386541 98.16213995719991
v -1025.949081992825 1677.7474969027166 98.1621403119234
v -1025.9098165650867 1677.7474969683062 96.6626543125776
v -1025.9490826495269 1670.0310662386541 98.16213995719991
v -1025.9098165650867 1677.7474969683062 96.6626543125776
v -1025.909817094132 1671.5310663042437 96.66265402680897
v -1025.9490802211958 1698.5646355745916 98.162141268885
v -1025.9490203476757 1706.2811272738022 98.16221186234733
v -1025.909814264412 1704.7810663042437 96.66265555530785
v -1025.9490802211958 1698.5646355745916 98.162141268885
v -1025.909814264412 1704.7810663042437 96.66265555530785
v -1025.9098147934574 1698.5646356401812 96.66265526953921
v -631.1990184723626 1698.564601504455 108.49903673246482
v -1025.9490802211958 1698.5646355745916 98.162141268885
v -1025.9098147934574 1698.5646356401812 96.66265526953921
v -631.1990184723626 1698.564601504455 108.49903673246482
v -1025.9098147934574 1698.5646356401812 96.66265526953921
v -631.159753044624 1698.5646015700445 106.99955073311904
v -631.1989280917218 1706.2810932036627 108.49910812478433
v -631.1990184723626 1698.564601504455 108.49903673246482
v -631.159753044624 1698.5646015700445 106.99955073311904
v -631.1989280917218 1706.2810932036627 108.49910812478433
v -631.159753044624 1698.5646015700445 106.99955073311904
v -631.1597525155787 1704.781032234107 106.99955101888767
v -1025.9490203476757 1706.2811272738022 98.16221186234733
v -1025.5563660702915 1706.281127929698 83.16735186888948
v -1025.5956908425046 1704.7810668289603 84.66676756054157
v -1025.9490203476757 1706.2811272738022 98.16221186234733
v -1025.5956908425046 1704.7810668289603 84.66676756054157
v -1025.909814264412 1704.7810663042437 96.66265555530785
v -630.8062738143375 1706.2810938595585 93.50424813132648
v -631.1989280917218 1706.2810932036627 108.49910812478433
v -631.1597525155787 1704.781032234107 106.99955101888767
v -630.8062738143375 1706.2810938595585 93.50424813132648
v -631.1597525155787 1704.781032234107 106.99955101888767
v -630.8456290936713 1704.7810327588236 95.0036630241214
vt 0.7043522596359253 0.5353541970252991
vt 0.7043522596359253 0.7133352756500244
vt 0.6079446077346802 0.7133352756500244
vt 0.7043522596359253 0.5353541970252991
vt 0.6079446077346802 0.7133352756500244
vt 0.6079448461532593 0.5353541970252991
vt 0.5979960560798645 0.5444279909133911
vt 0.5979960560798645 0.722412109375
vt 0.5943339467048645 0.722412109375
vt 0.5979960560798645 0.5444279909133911
vt 0.5943339467048645 0.722412109375
vt 0.5943339467048645 0.5444279909133911
vt 0.9357340931892395 0.21777117252349854
vt 0.9357340931892395 0.39575231075286865
vt 0.8393265604972839 0.39575231075286865
vt 0.9357340931892395 0.21777117252349854
vt 0.8393265604972839 0.39575231075286865
vt 0.8393265604972839 0.21777117252349854
vt 0.7996267080307007 0.9164538383483887
vt 0.7996267080307007 0.9201159477233887
vt 0.7032195329666138 0.9201159477233887
vt 0.7996267080307007 0.9164538383483887
vt 0.7032195329666138 0.9201159477233887
vt 0.7032195329666138 0.9164538383483887
vt 0.9881693124771118 0.004536867141723633
vt 0.9881693124771118 0.1825212836265564
vt 0.9845073223114014 0.1825212836265564
vt 0.9881693124771118 0.004536867141723633
vt 0.9845073223114014 0.1825212836265564
vt 0.9845073223114014 0.004536867141723633
vt 0.812105119228363 0.8983062505722046
vt 0.90851229429245 0.8983062505722046
vt 0.90851229429245 0.9019683599472046
vt 0.812105119228363 0.8983062505722046
vt 0.90851229429245 0.9019683599472046
vt 0.812105119228363 0.9019683599472046
vt 0.7043522596359253 0.7197439670562744
vt 0.6079446077346802 0.7197439670562744
vt 0.6079446077346802 0.7133352756500244
vt 0.7043522596359253 0.7197439670562744
vt 0.6079446077346802 0.7133352756500244
vt 0.7043522596359253 0.7133352756500244
vt 0.7910199761390686 0.9638916850090027
vt 0.6946108937263489 0.9638916850090027
vt 0.6946108937263489 0.9620077013969421
vt 0.7910199761390686 0.9638916850090027
vt 0.6946108937263489 0.9620077013969421
vt 0.7910199761390686 0.9620077013969421
vt 0.8393265604972839 0.39575231075286865
vt 0.9357340931892395 0.39575231075286865
vt 0.9357340931892395 0.39763617515563965
vt 0.8393265604972839 0.39575231075286865
vt 0.9357340931892395 0.39763617515563965
vt 0.8393265604972839 0.39763617515563965
vt 0.9039761424064636 0.803031325340271
vt 0.9039761424064636 0.805961012840271
vt 0.8075682520866394 0.805961012840271
vt 0.9039761424064636 0.803031325340271
vt 0.8075682520866394 0.805961012840271
vt 0.8075682520866394 0.803031325340271
vt 0.8075682520866394 0.817781388759613
vt 0.8075682520866394 0.812105119228363
vt 0.9039759039878845 0.812105119228363
vt 0.8075682520866394 0.817781388759613
vt 0.9039759039878845 0.812105119228363
vt 0.9039759039878845 0.817781388759613
vt 0.9039790034294128 0.7395147085189819
vt 0.9039790034294128 0.7410322427749634
vt 0.8075682520866394 0.7410322427749634
vt 0.9039790034294128 0.7395147085189819
vt 0.8075682520866394 0.7410322427749634
vt 0.8075682520866394 0.7395147085189819
vt 0.8075681924819946 0.7455691695213318
vt 0.8075681924819946 0.7440516352653503
vt 0.9039789438247681 0.7440516352653503
vt 0.8075681924819946 0.7455691695213318
vt 0.9039789438247681 0.7440516352653503
vt 0.9039789438247681 0.7455691695213318
vt 0.8075682520866394 0.7894206643104553
vt 0.9039761424064636 0.7894206643104553
vt 0.9039761424064636 0.7923503518104553
vt 0.8075682520866394 0.7894206643104553
vt 0.9039761424064636 0.7923503518104553
vt 0.8075682520866394 0.7923503518104553
vt 0.5979962944984436 0.7288209199905396
vt 0.5943339467048645 0.7288209199905396
vt 0.5947003960609436 0.7284547090530396
vt 0.5979962944984436 0.7288209199905396
vt 0.5947003960609436 0.7284547090530396
vt 0.5976298451423645 0.7284547090530396
vt 0.9881693124771118 0.18893003463745117
vt 0.9845073223114014 0.18893003463745117
vt 0.9848735332489014 0.1885637640953064
vt 0.9881693124771118 0.18893003463745117
vt 0.9848735332489014 0.1885637640953064
vt 0.9878032207489014 0.1885637640953064
vt 0.5976298451423645 0.7284547090530396
vt 0.5976298451423645 0.7227783203125
vt 0.5979960560798645 0.722412109375
vt 0.5976298451423645 0.7284547090530396
vt 0.5979960560798645 0.722412109375
vt 0.5979962944984436 0.7288209199905396
vt 0.9848735332489014 0.18288743495941162
vt 0.9848735332489014 0.1885637640953064
vt 0.9845073223114014 0.18893003463745117
vt 0.9848735332489014 0.18288743495941162
vt 0.9845073223114014 0.18893003463745117
vt 0.9845073223114014 0.1825212836265564
vt 0.9881693124771118 0.1870461106300354
vt 0.9881693124771118 0.18893003463745117
vt 0.9878032207489014 0.1885637640953064
vt 0.9881693124771118 0.1870461106300354
vt 0.9878032207489014 0.1885637640953064
vt 0.9878032207489014 0.1870461106300354
vt 0.8897358775138855 0.9599463939666748
vt 0.7933260798454285 0.9599463939666748
vt 0.7933260798454285 0.9595801830291748
vt 0.8897358775138855 0.9599463939666748
vt 0.7933260798454285 0.9595801830291748
vt 0.8897358775138855 0.9595801830291748
vt 0.5943339467048645 0.7288209199905396
vt 0.5943339467048645 0.726936936378479
vt 0.5947003960609436 0.726936936378479
vt 0.5943339467048645 0.7288209199905396
vt 0.5947003960609436 0.726936936378479
vt 0.5947003960609436 0.7284547090530396
vt 0.5943339467048645 0.7242959141731262
vt 0.5943339467048645 0.722412109375
vt 0.5947003960609436 0.7227783203125
vt 0.5943339467048645 0.7242959141731262
vt 0.5947003960609436 0.7227783203125
vt 0.5947003960609436 0.7242959141731262
vt 0.2090729922056198 0.9956322312355042
vt 0.30548274517059326 0.9956322312355042
vt 0.30548274517059326 0.9959984421730042
vt 0.2090729922056198 0.9956322312355042
vt 0.30548274517059326 0.9959984421730042
vt 0.2090729922056198 0.9959984421730042
vt 0.9881693124771118 0.1825212836265564
vt 0.9881693124771118 0.18440508842468262
vt 0.9878032207489014 0.18440508842468262
vt 0.9881693124771118 0.1825212836265564
vt 0.9878032207489014 0.18440508842468262
vt 0.9878032207489014 0.18288743495941162
vt 0.5943339467048645 0.722412109375
vt 0.5979960560798645 0.722412109375
vt 0.5976298451423645 0.7227783203125
vt 0.5943339467048645 0.722412109375
vt 0.5976298451423645 0.7227783203125
vt 0.5947003960609436 0.7227783203125
vt 0.9845073223114014 0.1825212836265564
vt 0.9881693124771118 0.1825212836265564
vt 0.9878032207489014 0.18288743495941162
vt 0.9845073223114014 0.1825212836265564
vt 0.9878032207489014 0.18288743495941162
vt 0.9848735332489014 0.18288743495941162
vn 0.026176951615919864 5.433732818321033e-8 -0.9996573248889316
vn 0.026176951615919864 5.433732818321033e-8 -0.9996573248889316
vn 0.026176951615919864 5.433732818321033e-8 -0.9996573248889316
vn 0.026176951615919864 5.433732818321033e-8 -0.9996573248889316
vn 0.026176951615919864 5.433732818321033e-8 -0.9996573248889316
vn 0.026176951615919864 5.433732818321033e-8 -0.9996573248889316
vn -0.9996573248889105 2.1361009439482198e-7 -0.026176951615909022
vn -0.9996573248889105 2.1361009439482198e-7 -0.026176951615909022
vn -0.9996573248889105 2.1361009439482198e-7 -0.026176951615909022
vn -0.9996573248889105 2.1361009439482198e-7 -0.026176951615909022
vn -0.9996573248889105 2.1361009439482198e-7 -0.026176951615909022
vn -0.9996573248889105 2.1361009439482198e-7 -0.026176951615909022
vn -0.026176951615920274 -5.43373281832103e-8 0.9996573248889316
vn -0.026176951615920274 -5.43373281832103e-8 0.9996573248889316
vn -0.026176951615920274 -5.43373281832103e-8 0.9996573248889316
vn -0.026176951615920274 -5.43373281832103e-8 0.9996573248889316
vn -0.026176951615920274 -5.43373281832103e-8 0.9996573248889316
vn -0.026176951615920274 -5.43373281832103e-8 0.9996573248889316
vn 1.2973179381581854e-7 0.9999999999998371 5.559392370198407e-7
vn 1.2973179381581854e-7 0.9999999999998371 5.559392370198407e-7
vn 1.2973179381581854e-7 0.9999999999998371 5.559392370198407e-7
vn 1.2973179381581854e-7 0.9999999999998371 5.559392370198407e-7
vn 1.2973179381581854e-7 0.9999999999998371 5.559392370198407e-7
vn 1.2973179381581854e-7 0.9999999999998371 5.559392370198407e-7
vn 0.9996573248889105 -2.1361009439482198e-7 0.026176951615909022
vn 0.9996573248889105 -2.1361009439482198e-7 0.026176951615909022
vn 0.9996573248889105 -2.1361009439482198e-7 0.026176951615909022
vn 0.9996573248889105 -2.1361009439482198e-7 0.026176951615909022
vn 0.9996573248889105 -2.1361009439482198e-7 0.026176951615909022
vn 0.9996573248889105 -2.136101086056768e-7 0.026176951615909022
vn -8.510435869556325e-8 -0.9999999999999953 -4.596989162887766e-8
vn -8.510435869556325e-8 -0.9999999999999953 -4.596989162887766e-8
vn -8.510435869556325e-8 -0.9999999999999953 -4.596989162887766e-8
vn -8.510435869556325e-8 -0.9999999999999953 -4.596989162887766e-8
vn -8.510435869556325e-8 -0.9999999999999953 -4.596989162887766e-8
vn -8.510435869556325e-8 -0.9999999999999953 -4.596989162887766e-8
vn 0.026176951616033207 0.000001937917809091454 -0.9996573248870517
vn 0.026176951616033207 0.0000019379176954046154 -0.9996573248870517
vn 0.026176951615919864 5.433732818321033e-8 -0.9996573248889316
vn 0.026176951616033207 0.000001937917809091454 -0.9996573248870517
vn 0.026176951615919864 5.433732818321033e-8 -0.9996573248889316
vn 0.026176951615919864 5.433732818321033e-8 -0.9996573248889316
vn -0.026176951615918962 -4.372636621128057e-8 0.999657324888932
vn -0.026176951615918962 -4.372636621128057e-8 0.999657324888932
vn -0.026176951615918962 -4.372636621128057e-8 0.999657324888932
vn -0.026176951615918962 -4.372636621128057e-8 0.999657324888932
vn -0.026176951615918962 -4.372636621128057e-8 0.999657324888932
vn -0.026176951615918962 -4.372636621128057e-8 0.999657324888932
vn -0.026176951615920274 -5.43373281832103e-8 0.9996573248889316
vn -0.026176951615920274 -5.43373281832103e-8 0.9996573248889316
vn -0.026176951615639883 -0.000008942142563754945 0.9996573248489455
vn -0.026176951615920274 -5.43373281832103e-8 0.9996573248889316
vn -0.026176951615639883 -0.000008942142563754945 0.9996573248489455
vn -0.026176951615639883 -0.000008942142563754945 0.9996573248489455
vn 8.510435869556325e-8 0.9999999999999953 4.596989162887766e-8
vn 8.510435869556325e-8 0.9999999999999953 4.596989162887766e-8
vn 8.510435869556325e-8 0.9999999999999953 4.596989162887766e-8
vn 8.510435869556325e-8 0.9999999999999953 4.596989162887766e-8
vn 8.510435869556325e-8 0.9999999999999953 4.596989162887766e-8
vn 8.510435869556325e-8 0.9999999999999953 4.596989162887766e-8
vn -0.026176951615918962 -4.372636621128057e-8 0.999657324888932
vn -0.026176951615918962 -4.372636621128057e-8 0.999657324888932
vn -0.026176951615918962 -4.372636621128057e-8 0.999657324888932
vn -0.026176951615918962 -4.372636621128057e-8 0.999657324888932
vn -0.026176951615918962 -4.372636621128057e-8 0.999657324888932
vn -0.026176951615918962 -4.372636621128057e-8 0.999657324888932
vn 0.026176951615918962 4.372636621128057e-8 -0.999657324888932
vn 0.026176951615918962 4.372636621128057e-8 -0.999657324888932
vn 0.026176951615918962 4.372636621128057e-8 -0.999657324888932
vn 0.026176951615918962 4.372636621128057e-8 -0.999657324888932
vn 0.026176951615918962 4.372636621128057e-8 -0.999657324888932
vn 0.026176951615918962 4.372636621128057e-8 -0.999657324888932
vn 0.026176951615918962 4.372636621128057e-8 -0.999657324888932
vn 0.026176951615918962 4.372636621128057e-8 -0.999657324888932
vn 0.026176951615918962 4.372636621128057e-8 -0.999657324888932
vn 0.026176951615918962 4.372636621128057e-8 -0.999657324888932
vn 0.026176951615918962 4.372636621128057e-8 -0.999657324888932
vn 0.026176951615918962 4.372636621128057e-8 -0.999657324888932
vn -8.510435869556325e-8 -0.9999999999999953 -4.596989162887766e-8
vn -8.510435869556325e-8 -0.9999999999999953 -4.596989162887766e-8
vn -8.510435869556325e-8 -0.9999999999999953 -4.596989162887766e-8
vn -8.510435869556325e-8 -0.9999999999999953 -4.596989162887766e-8
vn -8.510435869556325e-8 -0.9999999999999953 -4.596989162887766e-8
vn -8.510435869556325e-8 -0.9999999999999953 -4.596989162887766e-8
vn -0.999657058545794 5.253900576645089e-7 -0.026187120866850284
vn -0.9996573248889293 8.627854717895293e-8 -0.026176951615915083
vn -0.9996573248889293 8.627854717895293e-8 -0.026176951615915083
vn -0.999657058545794 5.253900576645089e-7 -0.026187120866850284
vn -0.9996573248889293 8.627854717895293e-8 -0.026176951615915083
vn -0.9996570585454843 5.253905408340899e-7 -0.026187120878669656
vn 0.9996573248889293 -8.627854717895293e-8 0.026176951615915083
vn 0.9996569253353607 -7.449457986503971e-7 0.026192205491299154
vn 0.999656925334884 -7.449465376156431e-7 0.026192205509482806
vn 0.9996573248889293 -8.627854717895293e-8 0.026176951615915083
vn 0.999656925334884 -7.449465376156431e-7 0.026192205509482806
vn 0.9996573248889293 -8.627854717895293e-8 0.026176951615915083
vn -0.9996570585454843 5.253905408340899e-7 -0.026187120878669656
vn -0.9996570583230511 0.00002086925172248719 -0.0261871210593731
vn -0.9996570583422653 0.0000208706869051051 -0.026187120324752552
vn -0.9996570585454843 5.253905408340899e-7 -0.026187120878669656
vn -0.9996570583422653 0.0000208706869051051 -0.026187120324752552
vn -0.999657058545794 5.253900576645089e-7 -0.026187120866850284
vn 0.9996569248394103 -0.00003126073466171299 0.02619220577538654
vn 0.999656925334884 -7.449465376156431e-7 0.026192205509482806
vn 0.9996569253353607 -7.449457986503971e-7 0.026192205491299154
vn 0.9996569248394103 -0.00003126073466171299 0.02619220577538654
vn 0.9996569253353607 -7.449457986503971e-7 0.026192205491299154
vn 0.999656924868167 -0.00003126289198311187 0.026192204675273636
vn 0.9996573248889293 -8.627854717895293e-8 0.026176951615915083
vn 0.9996573248889293 -8.627854717895293e-8 0.026176951615915083
vn 0.9996573248889293 -8.627854717895293e-8 0.026176951615915083
vn 0.9996573248889293 -8.627854717895293e-8 0.026176951615915083
vn 0.9996573248889293 -8.627854717895293e-8 0.026176951615915083
vn 0.9996573248889293 -8.627854717895293e-8 0.026176951615915083
vn 8.510435869556325e-8 0.9999999999999953 4.596989162887766e-8
vn 8.510435869556325e-8 0.9999999999999953 4.596989162887766e-8
vn 8.510435869556325e-8 0.9999999999999953 4.596989162887766e-8
vn 8.510435869556325e-8 0.9999999999999953 4.596989162887766e-8
vn 8.510435869556325e-8 0.9999999999999953 4.596989162887766e-8
vn 8.510435869556325e-8 0.9999999999999953 4.596989162887766e-8
vn -0.9996573248889293 8.627854717895293e-8 -0.026176951615915083
vn -0.9996573248889293 8.627854717895293e-8 -0.026176951615915083
vn -0.9996573248889293 8.627854717895293e-8 -0.026176951615915083
vn -0.9996573248889293 8.627854717895293e-8 -0.026176951615915083
vn -0.9996573248889293 8.627854717895293e-8 -0.026176951615915083
vn -0.9996573248889293 8.627854717895293e-8 -0.026176951615915083
vn -0.999657799937705 0.000004466830824425829 -0.026158803561221883
vn -0.9996575622031537 0.000022620823092978022 -0.026167877604921532
vn -0.9996575622034874 0.000022620801265104468 -0.02616787759219298
vn -0.999657799937705 0.000004466830824425829 -0.026158803561221883
vn -0.9996575622034874 0.000022620801265104468 -0.02616787759219298
vn -0.999657799937705 0.000004466830824425829 -0.026158803561221883
vn -8.510435869556325e-8 -0.9999999999999953 -4.596989162887766e-8
vn -8.510435869556325e-8 -0.9999999999999953 -4.596989162887766e-8
vn -8.510435869556325e-8 -0.9999999999999953 -4.596989162887766e-8
vn -8.510435869556325e-8 -0.9999999999999953 -4.596989162887766e-8
vn -8.510435869556325e-8 -0.9999999999999953 -4.596989162887766e-8
vn -8.510435869556325e-8 -0.9999999999999953 -4.596989162887766e-8
vn 0.9996576806390285 -0.000033888096262884516 0.02616334059318157
vn 0.9996580373313501 -0.000006657107416353034 0.026149729530457598
vn 0.9996580373313501 -0.000006657107416353034 0.026149729530457598
vn 0.9996576806390285 -0.000033888096262884516 0.02616334059318157
vn 0.9996580373313501 -0.000006657107416353034 0.026149729530457598
vn 0.9996576806395294 -0.00003388805988309537 0.026163340574088752
vn -0.9996575622031537 0.000022620823092978022 -0.026167877604921532
vn -0.9996570583422653 0.0000208706869051051 -0.026187120324752552
vn -0.9996570583230511 0.00002086925172248719 -0.0261871210593731
vn -0.9996575622031537 0.000022620823092978022 -0.026167877604921532
vn -0.9996570583230511 0.00002086925172248719 -0.0261871210593731
vn -0.9996575622034874 0.000022620801265104468 -0.02616787759219298
vn 0.999656924868167 -0.00003126289198311187 0.026192204675273636
vn 0.9996576806390285 -0.000033888096262884516 0.02616334059318157
vn 0.9996576806395294 -0.00003388805988309537 0.026163340574088752
vn 0.999656924868167 -0.00003126289198311187 0.026192204675273636
vn 0.9996576806395294 -0.00003388805988309537 0.026163340574088752
vn 0.9996569248394103 -0.00003126073466171299 0.02619220577538654
f 1639/1639/1639 1640/1640/1640 1641/1641/1641
f 1642/1642/1642 1643/1643/1643 1644/1644/1644
f 1645/1645/1645 1646/1646/1646 1647/1647/1647
f 1648/1648/1648 1649/1649/1649 1650/1650/1650
f 1651/1651/1651 1652/1652/1652 1653/1653/1653
f 1654/1654/1654 1655/1655/1655 1656/1656/1656
f 1657/1657/1657 1658/1658/1658 1659/1659/1659
f 1660/1660/1660 1661/1661/1661 1662/1662/1662
f 1663/1663/1663 1664/1664/1664 1665/1665/1665
f 1666/1666/1666 1667/1667/1667 1668/1668/1668
f 1669/1669/1669 1670/1670/1670 1671/1671/1671
f 1672/1672/1672 1673/1673/1673 1674/1674/1674
f 1675/1675/1675 1676/1676/1676 1677/1677/1677
f 1678/1678/1678 1679/1679/1679 1680/1680/1680
f 1681/1681/1681 1682/1682/1682 1683/1683/1683
f 1684/1684/1684 1685/1685/1685 1686/1686/1686
f 1687/1687/1687 1688/1688/1688 1689/1689/1689
f 1690/1690/1690 1691/1691/1691 1692/1692/1692
f 1693/1693/1693 1694/1694/1694 1695/1695/1695
f 1696/1696/1696 1697/1697/1697 1698/1698/1698
f 1699/1699/1699 1700/1700/1700 1701/1701/1701
f 1702/1702/1702 1703/1703/1703 1704/1704/1704
f 1705/1705/1705 1706/1706/1706 1707/1707/1707
f 1708/1708/1708 1709/1709/1709 1710/1710/1710
f 1711/1711/1711 1712/1712/1712 1713/1713/1713
f 1714/1714/1714 1715/1715/1715 1716/1716/1716
f 1717/1717/1717 1718/1718/1718 1719/1719/1719
f 1720/1720/1720 1721/1721/1721 1722/1722/1722
f 1723/1723/1723 1724/1724/1724 1725/1725/1725
f 1726/1726/1726 1727/1727/1727 1728/1728/1728
f 1729/1729/1729 1730/1730/1730 1731/1731/1731
f 1732/1732/1732 1733/1733/1733 1734/1734/1734
f 1735/1735/1735 1736/1736/1736 1737/1737/1737
f 1738/1738/1738 1739/1739/1739 1740/1740/1740
f 1741/1741/1741 1742/1742/1742 1743/1743/1743
f 1744/1744/1744 1745/1745/1745 1746/1746/1746
f 1747/1747/1747 1748/1748/1748 1749/1749/1749
f 1750/1750/1750 1751/1751/1751 1752/1752/1752
f 1753/1753/1753 1754/1754/1754 1755/1755/1755
f 1756/1756/1756 1757/1757/1757 1758/1758/1758
f 1759/1759/1759 1760/1760/1760 1761/1761/1761
f 1762/1762/1762 1763/1763/1763 1764/1764/1764
f 1765/1765/1765 1766/1766/1766 1767/1767/1767
f 1768/1768/1768 1769/1769/1769 1770/1770/1770
f 1771/1771/1771 1772/1772/1772 1773/1773/1773
f 1774/1774/1774 1775/1775/1775 1776/1776/1776
f 1777/1777/1777 1778/1778/1778 1779/1779/1779
f 1780/1780/1780 1781/1781/1781 1782/1782/1782
f 1783/1783/1783 1784/1784/1784 1785/1785/1785
f 1786/1786/1786 1787/1787/1787 1788/1788/1788
f 1789/1789/1789 1790/1790/1790 1791/1791/1791
f 1792/1792/1792 1793/1793/1793 1794/1794/1794
o door_big004
usemtl DefaultMaterial
v -232.58311860216463 1706.2811279296852 83.16735971907072
v -627.2279464125426 1706.2811630540605 96.94864248483333
v -627.2280031289192 2425.2917221361045 96.94868356671957
v -232.58311860216463 1706.2811279296852 83.16735971907072
v -627.2280031289192 2425.2917221361045 96.94868356671957
v -232.58314481955313 2425.291687011727 83.16739973591024
v -232.58314481955313 2425.291687011727 83.16739973591024
v -232.0596530569747 2425.2916863556566 98.15826234386623
v -232.0596268395862 1706.2811272736149 98.1582223270267
v -232.58314481955313 2425.291687011727 83.16739973591024
v -232.0596268395862 1706.2811272736149 98.1582223270267
v -232.58311860216463 1706.2811279296852 83.16735971907072
v -626.7044546499642 1706.28116239799 111.93950509278932
v -232.0596268395862 1706.2811272736149 98.1582223270267
v -232.0596530569747 2425.2916863556566 98.15826234386623
v -626.7044546499642 1706.28116239799 111.93950509278932
v -232.0596530569747 2425.2916863556566 98.15826234386623
v -626.7045113663409 2425.2917214800345 111.93954617467556
v -626.7045113663409 2425.2917214800345 111.93954617467556
v -232.0596530569747 2425.2916863556566 98.15826234386623
v -232.58314481955313 2425.291687011727 83.16739973591024
v -626.7045113663409 2425.2917214800345 111.93954617467556
v -232.58314481955313 2425.291687011727 83.16739973591024
v -627.2280031289192 2425.2917221361045 96.94868356671957
v -627.2279464125426 1706.2811630540605 96.94864248483333
v -626.7044546499642 1706.28116239799 111.93950509278932
v -626.7045113663409 2425.2917214800345 111.93954617467556
v -627.2279464125426 1706.2811630540605 96.94864248483333
v -626.7045113663409 2425.2917214800345 111.93954617467556
v -627.2280031289192 2425.2917221361045 96.94868356671957
v -626.7043993260929 1670.0311013628311 111.93943286796197
v -627.2278910886713 1670.0311020189015 96.948570260006
v -232.58306327829325 1670.0310668945262 83.16728749424337
v -626.7043993260929 1670.0311013628311 111.93943286796197
v -232.58306327829325 1670.0310668945262 83.16728749424337
v -232.05957151571482 1670.031066238456 98.15815010219936
v -627.2278910886713 1670.0311020189015 96.948570260006
v -627.2279464125426 1706.2811630540605 96.94864248483333
v -232.58311860216463 1706.2811279296852 83.16735971907072
v -627.2278910886713 1670.0311020189015 96.948570260006
v -232.58311860216463 1706.2811279296852 83.16735971907072
v -232.58306327829325 1670.0310668945262 83.16728749424337
v -232.05957151571482 1670.031066238456 98.15815010219936
v -232.05957081799113 1677.7474969025186 98.15815041554143
v -626.7043986283692 1677.7475320268936 111.93943318130405
v -232.05957151571482 1670.031066238456 98.15815010219936
v -626.7043986283692 1677.7475320268936 111.93943318130405
v -626.7043993260929 1670.0311013628311 111.93943286796197
v -626.7044546499642 1706.28116239799 111.93950509278932
v -626.7043967460726 1698.5646706987689 111.93943402662822
v -232.05956893569447 1698.5646355743938 98.1581512608656
v -626.7044546499642 1706.28116239799 111.93950509278932
v -232.05956893569447 1698.5646355743938 98.1581512608656
v -232.0596268395862 1706.2811272736149 98.1582223270267
v -232.53071396640462 1671.5310668289194 84.66637381594965
v -627.1755417767827 1671.5311019532946 98.44765658171228
v -626.7567483667199 1671.5311014284384 110.44034666807707
v -232.53071396640462 1671.5310668289194 84.66637381594965
v -626.7567483667199 1671.5311014284384 110.44034666807707
v -232.1119205563419 1671.5310663040632 96.65906390231444
v -232.5307109599221 1704.7810668289194 84.66637516613659
v -627.1755387703001 1704.7811019532946 98.44765793189922
v -627.1755417767827 1671.5311019532946 98.44765658171228
v -232.5307109599221 1704.7810668289194 84.66637516613659
v -627.1755417767827 1671.5311019532946 98.44765658171228
v -232.53071396640462 1671.5310668289194 84.66637381594965
v -626.7567478046269 1677.747532092501 110.44034692050846
v -232.11191999424898 1677.7474969681257 96.65906415474583
v -232.1119205563419 1671.5310663040632 96.65906390231444
v -626.7567478046269 1677.747532092501 110.44034692050846
v -232.1119205563419 1671.5310663040632 96.65906390231444
v -626.7567483667199 1671.5311014284384 110.44034666807707
v -232.11191811195232 1698.5646356400007 96.65906500007
v -626.7567459223303 1698.564670764376 110.44034776583263
v -626.7567453602373 1704.7811014284384 110.440348018264
v -232.11191811195232 1698.5646356400007 96.65906500007
v -626.7567453602373 1704.7811014284384 110.440348018264
v -232.11191754985936 1704.7810663040632 96.65906525250139
v -626.7567453602373 1704.7811014284384 110.440348018264
v -627.1755387703001 1704.7811019532946 98.44765793189922
v -232.5307109599221 1704.7810668289194 84.66637516613659
v -626.7567453602373 1704.7811014284384 110.440348018264
v -232.5307109599221 1704.7810668289194 84.66637516613659
v -232.11191754985936 1704.7810663040632 96.65906525250139
v -232.58306327829325 1670.0310668945262 83.16728749424337
v -232.53071396640462 1671.5310668289194 84.66637381594965
v -232.1119205563419 1671.5310663040632 96.65906390231444
v -232.58306327829325 1670.0310668945262 83.16728749424337
v -232.1119205563419 1671.5310663040632 96.65906390231444
v -232.05957151571482 1670.031066238456 98.15815010219936
v -626.7043993260929 1670.0311013628311 111.93943286796197
v -626.7567483667199 1671.5311014284384 110.44034666807707
v -627.1755417767827 1671.5311019532946 98.44765658171228
v -626.7043993260929 1670.0311013628311 111.93943286796197
v -627.1755417767827 1671.5311019532946 98.44765658171228
v -627.2278910886713 1670.0311020189015 96.948570260006
v -232.58311860216463 1706.2811279296852 83.16735971907072
v -232.5307109599221 1704.7810668289194 84.66637516613659
v -232.53071396640462 1671.5310668289194 84.66637381594965
v -232.58311860216463 1706.2811279296852 83.16735971907072
v -232.53071396640462 1671.5310668289194 84.66637381594965
v -232.58306327829325 1670.0310668945262 83.16728749424337
v -627.2278910886713 1670.0311020189015 96.948570260006
v -627.1755417767827 1671.5311019532946 98.44765658171228
v -627.1755387703001 1704.7811019532946 98.44765793189922
v -627.2278910886713 1670.0311020189015 96.948570260006
v -627.1755387703001 1704.7811019532946 98.44765793189922
v -627.2279464125426 1706.2811630540605 96.94864248483333
v -626.7043986283692 1677.7475320268936 111.93943318130405
v -626.7567478046269 1677.747532092501 110.44034692050846
v -626.7567483667199 1671.5311014284384 110.44034666807707
v -626.7043986283692 1677.7475320268936 111.93943318130405
v -626.7567483667199 1671.5311014284384 110.44034666807707
v -626.7043993260929 1670.0311013628311 111.93943286796197
v -232.05957081799113 1677.7474969025186 98.15815041554143
v -232.11191999424898 1677.7474969681257 96.65906415474583
v -626.7567478046269 1677.747532092501 110.44034692050846
v -232.05957081799113 1677.7474969025186 98.15815041554143
v -626.7567478046269 1677.747532092501 110.44034692050846
v -626.7043986283692 1677.7475320268936 111.93943318130405
v -232.05957151571482 1670.031066238456 98.15815010219936
v -232.1119205563419 1671.5310663040632 96.65906390231444
v -232.11191999424898 1677.7474969681257 96.65906415474583
v -232.05957151571482 1670.031066238456 98.15815010219936
v -232.11191999424898 1677.7474969681257 96.65906415474583
v -232.05957081799113 1677.7474969025186 98.15815041554143
v -232.05956893569447 1698.5646355743938 98.1581512608656
v -232.11191811195232 1698.5646356400007 96.65906500007
v -232.11191754985936 1704.7810663040632 96.65906525250139
v -232.05956893569447 1698.5646355743938 98.1581512608656
v -232.11191754985936 1704.7810663040632 96.65906525250139
v -232.0596268395862 1706.2811272736149 98.1582223270267
v -626.7043967460726 1698.5646706987689 111.93943402662822
v -626.7567459223303 1698.564670764376 110.44034776583263
v -232.11191811195232 1698.5646356400007 96.65906500007
v -626.7043967460726 1698.5646706987689 111.93943402662822
v -232.11191811195232 1698.5646356400007 96.65906500007
v -232.05956893569447 1698.5646355743938 98.1581512608656
v -626.7044546499642 1706.28116239799 111.93950509278932
v -626.7567453602373 1704.7811014284384 110.440348018264
v -626.7567459223303 1698.564670764376 110.44034776583263
v -626.7044546499642 1706.28116239799 111.93950509278932
v -626.7567459223303 1698.564670764376 110.44034776583263
v -626.7043967460726 1698.5646706987689 111.93943402662822
v -232.0596268395862 1706.2811272736149 98.1582223270267
v -232.11191754985936 1704.7810663040632 96.65906525250139
v -232.5307109599221 1704.7810668289194 84.66637516613659
v -232.0596268395862 1706.2811272736149 98.1582223270267
v -232.5307109599221 1704.7810668289194 84.66637516613659
v -232.58311860216463 1706.2811279296852 83.16735971907072
v -627.2279464125426 1706.2811630540605 96.94864248483333
v -627.1755387703001 1704.7811019532946 98.44765793189922
v -626.7567453602373 1704.7811014284384 110.440348018264
v -627.2279464125426 1706.2811630540605 96.94864248483333
v -626.7567453602373 1704.7811014284384 110.440348018264
v -626.7044546499642 1706.28116239799 111.93950509278932
vt 0.6079446077346802 0.7133352756500244
vt 0.7043522596359253 0.7133352756500244
vt 0.7043522596359253 0.5353541970252991
vt 0.6079446077346802 0.7133352756500244
vt 0.7043522596359253 0.5353541970252991
vt 0.6079448461532593 0.5353541970252991
vt 0.5979960560798645 0.5444279909133911
vt 0.5943339467048645 0.5444279909133911
vt 0.5943339467048645 0.722412109375
vt 0.5979960560798645 0.5444279909133911
vt 0.5943339467048645 0.722412109375
vt 0.5979960560798645 0.722412109375
vt 0.8393265604972839 0.39575231075286865
vt 0.9357340931892395 0.39575231075286865
vt 0.9357340931892395 0.21777117252349854
vt 0.8393265604972839 0.39575231075286865
vt 0.9357340931892395 0.21777117252349854
vt 0.8393265604972839 0.21777117252349854
vt 0.7032195329666138 0.9201159477233887
vt 0.7996267080307007 0.9201159477233887
vt 0.7996267080307007 0.9164538383483887
vt 0.7032195329666138 0.9201159477233887
vt 0.7996267080307007 0.9164538383483887
vt 0.7032195329666138 0.9164538383483887
vt 0.9845073223114014 0.1825212836265564
vt 0.9881693124771118 0.1825212836265564
vt 0.9881693124771118 0.004536867141723633
vt 0.9845073223114014 0.1825212836265564
vt 0.9881693124771118 0.004536867141723633
vt 0.9845073223114014 0.004536867141723633
vt 0.812105119228363 0.8983062505722046
vt 0.812105119228363 0.9019683599472046
vt 0.90851229429245 0.9019683599472046
vt 0.812105119228363 0.8983062505722046
vt 0.90851229429245 0.9019683599472046
vt 0.90851229429245 0.8983062505722046
vt 0.7043522596359253 0.7197439670562744
vt 0.7043522596359253 0.7133352756500244
vt 0.6079446077346802 0.7133352756500244
vt 0.7043522596359253 0.7197439670562744
vt 0.6079446077346802 0.7133352756500244
vt 0.6079446077346802 0.7197439670562744
vt 0.7910199761390686 0.9638916850090027
vt 0.7910199761390686 0.9620077013969421
vt 0.6946108937263489 0.9620077013969421
vt 0.7910199761390686 0.9638916850090027
vt 0.6946108937263489 0.9620077013969421
vt 0.6946108937263489 0.9638916850090027
vt 0.8393265604972839 0.39575231075286865
vt 0.8393265604972839 0.39763617515563965
vt 0.9357340931892395 0.39763617515563965
vt 0.8393265604972839 0.39575231075286865
vt 0.9357340931892395 0.39763617515563965
vt 0.9357340931892395 0.39575231075286865
vt 0.9039761424064636 0.803031325340271
vt 0.8075682520866394 0.803031325340271
vt 0.8075682520866394 0.805961012840271
vt 0.9039761424064636 0.803031325340271
vt 0.8075682520866394 0.805961012840271
vt 0.9039761424064636 0.805961012840271
vt 0.9039759039878845 0.812105119228363
vt 0.8075682520866394 0.812105119228363
vt 0.8075682520866394 0.817781388759613
vt 0.9039759039878845 0.812105119228363
vt 0.8075682520866394 0.817781388759613
vt 0.9039759039878845 0.817781388759613
vt 0.9039790034294128 0.7395147085189819
vt 0.8075682520866394 0.7395147085189819
vt 0.8075682520866394 0.7410322427749634
vt 0.9039790034294128 0.7395147085189819
vt 0.8075682520866394 0.7410322427749634
vt 0.9039790034294128 0.7410322427749634
vt 0.8075681924819946 0.7455691695213318
vt 0.9039789438247681 0.7455691695213318
vt 0.9039789438247681 0.7440516352653503
vt 0.8075681924819946 0.7455691695213318
vt 0.9039789438247681 0.7440516352653503
vt 0.8075681924819946 0.7440516352653503
vt 0.8075682520866394 0.7894206643104553
vt 0.8075682520866394 0.7923503518104553
vt 0.9039761424064636 0.7923503518104553
vt 0.8075682520866394 0.7894206643104553
vt 0.9039761424064636 0.7923503518104553
vt 0.9039761424064636 0.7894206643104553
vt 0.5979962944984436 0.7288209199905396
vt 0.5976298451423645 0.7284547090530396
vt 0.5947003960609436 0.7284547090530396
vt 0.5979962944984436 0.7288209199905396
vt 0.5947003960609436 0.7284547090530396
vt 0.5943339467048645 0.7288209199905396
vt 0.9881693124771118 0.18893003463745117
vt 0.9878032207489014 0.1885637640953064
vt 0.9848735332489014 0.1885637640953064
vt 0.9881693124771118 0.18893003463745117
vt 0.9848735332489014 0.1885637640953064
vt 0.9845073223114014 0.18893003463745117
vt 0.5979960560798645 0.722412109375
vt 0.5976298451423645 0.7227783203125
vt 0.5976298451423645 0.7284547090530396
vt 0.5979960560798645 0.722412109375
vt 0.5976298451423645 0.7284547090530396
vt 0.5979962944984436 0.7288209199905396
vt 0.9845073223114014 0.18893003463745117
vt 0.9848735332489014 0.1885637640953064
vt 0.9848735332489014 0.18288743495941162
vt 0.9845073223114014 0.18893003463745117
vt 0.9848735332489014 0.18288743495941162
vt 0.9845073223114014 0.1825212836265564
vt 0.9881693124771118 0.1870461106300354
vt 0.9878032207489014 0.1870461106300354
vt 0.9878032207489014 0.1885637640953064
vt 0.9881693124771118 0.1870461106300354
vt 0.9878032207489014 0.1885637640953064
vt 0.9881693124771118 0.18893003463745117
vt 0.8897358775138855 0.9599463939666748
vt 0.8897358775138855 0.9595801830291748
vt 0.7933260798454285 0.9595801830291748
vt 0.8897358775138855 0.9599463939666748
vt 0.7933260798454285 0.9595801830291748
vt 0.7933260798454285 0.9599463939666748
vt 0.5943339467048645 0.7288209199905396
vt 0.5947003960609436 0.7284547090530396
vt 0.5947003960609436 0.726936936378479
vt 0.5943339467048645 0.7288209199905396
vt 0.5947003960609436 0.726936936378479
vt 0.5943339467048645 0.726936936378479
vt 0.5943339467048645 0.7242959141731262
vt 0.5947003960609436 0.7242959141731262
vt 0.5947003960609436 0.7227783203125
vt 0.5943339467048645 0.7242959141731262
vt 0.5947003960609436 0.7227783203125
vt 0.5943339467048645 0.722412109375
vt 0.2090729922056198 0.9956322312355042
vt 0.2090729922056198 0.9959984421730042
vt 0.30548274517059326 0.9959984421730042
vt 0.2090729922056198 0.9956322312355042
vt 0.30548274517059326 0.9959984421730042
vt 0.30548274517059326 0.9956322312355042
vt 0.9881693124771118 0.1825212836265564
vt 0.9878032207489014 0.18288743495941162
vt 0.9878032207489014 0.18440508842468262
vt 0.9881693124771118 0.1825212836265564
vt 0.9878032207489014 0.18440508842468262
vt 0.9881693124771118 0.18440508842468262
vt 0.5943339467048645 0.722412109375
vt 0.5947003960609436 0.7227783203125
vt 0.5976298451423645 0.7227783203125
vt 0.5943339467048645 0.722412109375
vt 0.5976298451423645 0.7227783203125
vt 0.5979960560798645 0.722412109375
vt 0.9845073223114014 0.1825212836265564
vt 0.9848735332489014 0.18288743495941162
vt 0.9878032207489014 0.18288743495941162
vt 0.9845073223114014 0.1825212836265564
vt 0.9878032207489014 0.18288743495941162
vt 0.9881693124771118 0.1825212836265564
vn -0.03489945042317225 5.434898066912246e-8 -0.999390828635203
vn -0.03489945042317225 5.434898066912246e-8 -0.999390828635203
vn -0.03489945042317225 5.434898066912246e-8 -0.999390828635203
vn -0.03489945042317225 5.434898066912246e-8 -0.999390828635203
vn -0.03489945042317225 5.434898066912246e-8 -0.999390828635203
vn -0.03489945042317225 5.434898066912246e-8 -0.999390828635203
vn 0.9993908286352039 3.838329666725355e-8 -0.0348994504231715
vn 0.9993908286352039 3.838329666725355e-8 -0.0348994504231715
vn 0.9993908286352039 3.838329666725355e-8 -0.0348994504231715
vn 0.9993908286352039 3.838329666725355e-8 -0.0348994504231715
vn 0.9993908286352039 3.838329666725355e-8 -0.0348994504231715
vn 0.9993908286352039 3.838329666725355e-8 -0.0348994504231715
vn 0.03489945042317225 -5.434898066912246e-8 0.999390828635203
vn 0.03489945042317225 -5.434898066912246e-8 0.999390828635203
vn 0.03489945042317225 -5.434898066912246e-8 0.999390828635203
vn 0.03489945042317225 -5.434898066912246e-8 0.999390828635203
vn 0.03489945042317225 -5.434898066912246e-8 0.999390828635203
vn 0.03489945042317225 -5.434898066912246e-8 0.999390828635203
vn 9.042052744173057e-8 0.9999999999999951 4.060712597502609e-8
vn 9.042052744173057e-8 0.9999999999999951 4.060712597502609e-8
vn 9.042052744173057e-8 0.9999999999999951 4.060712597502609e-8
vn 9.042052744173057e-8 0.9999999999999951 4.060712597502609e-8
vn 9.042052744173057e-8 0.9999999999999951 4.060712597502609e-8
vn 9.042052744173057e-8 0.9999999999999951 4.060712597502609e-8
vn -0.9993908286352012 -8.082712695657094e-8 0.034899450423169553
vn -0.9993908286352012 -8.082712695657094e-8 0.034899450423169553
vn -0.9993908286352012 -8.082712695657094e-8 0.034899450423169553
vn -0.9993908286352012 -8.082712695657094e-8 0.034899450423169553
vn -0.9993908286352012 -8.082712695657094e-8 0.034899450423169553
vn -0.9993908286352012 -8.082712695657094e-8 0.034899450423169553
vn -9.042052744173057e-8 -0.9999999999999951 -4.060712597502609e-8
vn -9.042052744173057e-8 -0.9999999999999951 -4.060712597502609e-8
vn -9.042052744173057e-8 -0.9999999999999951 -4.060712597502609e-8
vn -9.042052744173057e-8 -0.9999999999999951 -4.060712597502609e-8
vn -9.042052744173057e-8 -0.9999999999999951 -4.060712597502609e-8
vn -9.042052744173057e-8 -0.9999999999999951 -4.060712597502609e-8
vn -0.03489945042293933 0.000001937929352555839 -0.9993908286333337
vn -0.03489945042317225 5.434898066912246e-8 -0.999390828635203
vn -0.03489945042317225 5.434898066912246e-8 -0.999390828635203
vn -0.03489945042293933 0.000001937929352555839 -0.9993908286333337
vn -0.03489945042317225 5.434898066912246e-8 -0.999390828635203
vn -0.03489945042293933 0.000001937929352555839 -0.9993908286333337
vn 0.03489945042317321 -4.373801599136545e-8 0.9993908286352035
vn 0.03489945042317321 -4.373801599136545e-8 0.9993908286352035
vn 0.03489945042317321 -4.373801599136545e-8 0.9993908286352035
vn 0.03489945042317321 -4.373801599136545e-8 0.9993908286352035
vn 0.03489945042317321 -4.373801599136545e-8 0.9993908286352035
vn 0.03489945042317321 -4.373801599136545e-8 0.9993908286352035
vn 0.03489945042317225 -5.434898066912246e-8 0.999390828635203
vn 0.03489945042098691 -0.000008942153338668003 0.9993908285952754
vn 0.03489945042098691 -0.000008942154248162716 0.9993908285952754
vn 0.03489945042317225 -5.434898066912246e-8 0.999390828635203
vn 0.03489945042098691 -0.000008942154248162716 0.9993908285952754
vn 0.03489945042317225 -5.434898066912246e-8 0.999390828635203
vn 9.042052744173057e-8 0.9999999999999951 4.060712597502609e-8
vn 9.042052744173057e-8 0.9999999999999951 4.060712597502609e-8
vn 9.042052744173057e-8 0.9999999999999951 4.060712597502609e-8
vn 9.042052744173057e-8 0.9999999999999951 4.060712597502609e-8
vn 9.042052744173057e-8 0.9999999999999951 4.060712597502609e-8
vn 9.042052744173057e-8 0.9999999999999951 4.060712597502609e-8
vn 0.03489945042317321 -4.373801599136545e-8 0.9993908286352035
vn 0.03489945042317321 -4.373801599136545e-8 0.9993908286352035
vn 0.03489945042317321 -4.373801599136545e-8 0.9993908286352035
vn 0.03489945042317321 -4.373801599136545e-8 0.9993908286352035
vn 0.03489945042317321 -4.373801599136545e-8 0.9993908286352035
vn 0.03489945042317321 -4.373801599136545e-8 0.9993908286352035
vn -0.03489945042317321 4.373801599136545e-8 -0.9993908286352035
vn -0.03489945042317321 4.373801599136545e-8 -0.9993908286352035
vn -0.03489945042317321 4.373801599136545e-8 -0.9993908286352035
vn -0.03489945042317321 4.373801599136545e-8 -0.9993908286352035
vn -0.03489945042317321 4.373801599136545e-8 -0.9993908286352035
vn -0.03489945042317321 4.373801599136545e-8 -0.9993908286352035
vn -0.03489945042317321 4.373801599136545e-8 -0.9993908286352035
vn -0.03489945042317321 4.373801599136545e-8 -0.9993908286352035
vn -0.03489945042317321 4.373801599136545e-8 -0.9993908286352035
vn -0.03489945042317321 4.373801599136545e-8 -0.9993908286352035
vn -0.03489945042317321 4.373801599136545e-8 -0.9993908286352035
vn -0.03489945042317321 4.373801599136545e-8 -0.9993908286352035
vn -9.042052744173057e-8 -0.9999999999999951 -4.060712597502609e-8
vn -9.042052744173057e-8 -0.9999999999999951 -4.060712597502609e-8
vn -9.042052744173057e-8 -0.9999999999999951 -4.060712597502609e-8
vn -9.042052744173057e-8 -0.9999999999999951 -4.060712597502609e-8
vn -9.042052744173057e-8 -0.9999999999999951 -4.060712597502609e-8
vn -9.042052744173057e-8 -0.9999999999999951 -4.060712597502609e-8
vn 0.9993904735604584 3.501632328560952e-7 -0.034909616962665695
vn 0.9993904735600457 3.5016371602567837e-7 -0.03490961697448192
vn 0.9993908286352003 -8.894827946583017e-8 -0.03489945042317695
vn 0.9993904735604584 3.501632328560952e-7 -0.034909616962665695
vn 0.9993908286352003 -8.894827946583017e-8 -0.03489945042317695
vn 0.9993908286352003 -8.894827946583017e-8 -0.03489945042317695
vn -0.9993908286352003 8.894827946583017e-8 0.03489945042317695
vn -0.9993908286352003 8.894827946583017e-8 0.03489945042317695
vn -0.9993904735600775 -3.501636591822191e-7 0.034909616973572984
vn -0.9993908286352003 8.894827946583017e-8 0.03489945042317695
vn -0.9993904735600775 -3.501636591822191e-7 0.034909616973572984
vn -0.9993904735604902 -3.501631191692164e-7 0.034909616961756755
vn 0.9993904733652311 0.00002069546015950708 -0.0349096164189367
vn 0.9993904733396067 0.000020694024976883594 -0.03490961715336161
vn 0.9993904735600457 3.5016371602567837e-7 -0.03490961697448192
vn 0.9993904733652311 0.00002069546015950708 -0.0349096164189367
vn 0.9993904735600457 3.5016371602567837e-7 -0.03490961697448192
vn 0.9993904735604584 3.501632328560952e-7 -0.034909616962665695
vn -0.9993904735604902 -3.501631191692164e-7 0.034909616961756755
vn -0.9993904735600775 -3.501636591822191e-7 0.034909616973572984
vn -0.9993904733396703 -0.000020694021338904665 0.03490961715154374
vn -0.9993904735604902 -3.501631191692164e-7 0.034909616961756755
vn -0.9993904733396703 -0.000020694021338904665 0.03490961715154374
vn -0.9993904733652629 -0.000020695460159507044 0.03490961641802776
vn -0.9993908286352003 8.894827946583017e-8 0.03489945042317695
vn -0.9993908286352003 8.894827946583017e-8 0.03489945042317695
vn -0.9993908286352003 8.894827946583017e-8 0.03489945042317695
vn -0.9993908286352003 8.894827946583017e-8 0.03489945042317695
vn -0.9993908286352003 8.894827946583017e-8 0.03489945042317695
vn -0.9993908286352003 8.894827946583017e-8 0.03489945042317695
vn 9.042052744173057e-8 0.9999999999999951 4.060712597502609e-8
vn 9.042052744173057e-8 0.9999999999999951 4.060712597502609e-8
vn 9.042052744173057e-8 0.9999999999999951 4.060712597502609e-8
vn 9.042052744173057e-8 0.9999999999999951 4.060712597502609e-8
vn 9.042052744173057e-8 0.9999999999999951 4.060712597502609e-8
vn 9.042052744173057e-8 0.9999999999999951 4.060712597502609e-8
vn 0.9993908286352003 -8.894827946583017e-8 -0.03489945042317695
vn 0.9993908286352003 -8.894827946583017e-8 -0.03489945042317695
vn 0.9993908286352003 -8.894827946583017e-8 -0.03489945042317695
vn 0.9993908286352003 -8.894827946583017e-8 -0.03489945042317695
vn 0.9993908286352003 -8.894827946583017e-8 -0.03489945042317695
vn 0.9993908286352003 -8.894827946583017e-8 -0.03489945042317695
vn 0.9993914620353981 0.0000042916040146467834 -0.03488130720503138
vn 0.9993914620353981 0.0000042916040146467834 -0.03488130720503138
vn 0.9993911451290084 0.000022445574526097462 -0.03489037881602162
vn 0.9993914620353981 0.0000042916040146467834 -0.03488130720503138
vn 0.9993911451290084 0.000022445574526097462 -0.03489037881602162
vn 0.9993911451285638 0.00002244559635397111 -0.03489037882874678
vn -9.042052744173057e-8 -0.9999999999999951 -4.060712597502609e-8
vn -9.042052744173057e-8 -0.9999999999999951 -4.060712597502609e-8
vn -9.042052744173057e-8 -0.9999999999999951 -4.060712597502609e-8
vn -9.042052744173057e-8 -0.9999999999999951 -4.060712597502609e-8
vn -9.042052744173057e-8 -0.9999999999999951 -4.060712597502609e-8
vn -9.042052744173057e-8 -0.9999999999999951 -4.060712597502609e-8
vn -0.9993911451285638 -0.00002244559635397111 0.03489037882874678
vn -0.9993911451290084 -0.000022445574526097462 0.03489037881602162
vn -0.9993914620353981 -0.0000042916040146467834 0.03488130720503138
vn -0.9993911451285638 -0.00002244559635397111 0.03489037882874678
vn -0.9993914620353981 -0.0000042916040146467834 0.03488130720503138
vn -0.9993914620353981 -0.0000042916040146467834 0.03488130720503138
vn 0.9993911451285638 0.00002244559635397111 -0.03489037882874678
vn 0.9993911451290084 0.000022445574526097462 -0.03489037881602162
vn 0.9993904733396067 0.000020694024976883594 -0.03490961715336161
vn 0.9993911451285638 0.00002244559635397111 -0.03489037882874678
vn 0.9993904733396067 0.000020694024976883594 -0.03490961715336161
vn 0.9993904733652311 0.00002069546015950708 -0.0349096164189367
vn -0.9993904733652629 -0.000020695460159507044 0.03490961641802776
vn -0.9993904733396703 -0.000020694021338904665 0.03490961715154374
vn -0.9993911451290084 -0.000022445574526097462 0.03489037881602162
vn -0.9993904733652629 -0.000020695460159507044 0.03490961641802776
vn -0.9993911451290084 -0.000022445574526097462 0.03489037881602162
vn -0.9993911451285638 -0.00002244559635397111 0.03489037882874678
f 1795/1795/1795 1796/1796/1796 1797/1797/1797
f 1798/1798/1798 1799/1799/1799 1800/1800/1800
f 1801/1801/1801 1802/1802/1802 1803/1803/1803
f 1804/1804/1804 1805/1805/1805 1806/1806/1806
f 1807/1807/1807 1808/1808/1808 1809/1809/1809
f 1810/1810/1810 1811/1811/1811 1812/1812/1812
f 1813/1813/1813 1814/1814/1814 1815/1815/1815
f 1816/1816/1816 1817/1817/1817 1818/1818/1818
f 1819/1819/1819 1820/1820/1820 1821/1821/1821
f 1822/1822/1822 1823/1823/1823 1824/1824/1824
f 1825/1825/1825 1826/1826/1826 1827/1827/1827
f 1828/1828/1828 1829/1829/1829 1830/1830/1830
f 1831/1831/1831 1832/1832/1832 1833/1833/1833
f 1834/1834/1834 1835/1835/1835 1836/1836/1836
f 1837/1837/1837 1838/1838/1838 1839/1839/1839
f 1840/1840/1840 1841/1841/1841 1842/1842/1842
f 1843/1843/1843 1844/1844/1844 1845/1845/1845
f 1846/1846/1846 1847/1847/1847 1848/1848/1848
f 1849/1849/1849 1850/1850/1850 1851/1851/1851
f 1852/1852/1852 1853/1853/1853 1854/1854/1854
f 1855/1855/1855 1856/1856/1856 1857/1857/1857
f 1858/1858/1858 1859/1859/1859 1860/1860/1860
f 1861/1861/1861 1862/1862/1862 1863/1863/1863
f 1864/1864/1864 1865/1865/1865 1866/1866/1866
f 1867/1867/1867 1868/1868/1868 1869/1869/1869
f 1870/1870/1870 1871/1871/1871 1872/1872/1872
f 1873/1873/1873 1874/1874/1874 1875/1875/1875
f 1876/1876/1876 1877/1877/1877 1878/1878/1878
f 1879/1879/1879 1880/1880/1880 1881/1881/1881
f 1882/1882/1882 1883/1883/1883 1884/1884/1884
f 1885/1885/1885 1886/1886/1886 1887/1887/1887
f 1888/1888/1888 1889/1889/1889 1890/1890/1890
f 1891/1891/1891 1892/1892/1892 1893/1893/1893
f 1894/1894/1894 1895/1895/1895 1896/1896/1896
f 1897/1897/1897 1898/1898/1898 1899/1899/1899
f 1900/1900/1900 1901/1901/1901 1902/1902/1902
f 1903/1903/1903 1904/1904/1904 1905/1905/1905
f 1906/1906/1906 1907/1907/1907 1908/1908/1908
f 1909/1909/1909 1910/1910/1910 1911/1911/1911
f 1912/1912/1912 1913/1913/1913 1914/1914/1914
f 1915/1915/1915 1916/1916/1916 1917/1917/1917
f 1918/1918/1918 1919/1919/1919 1920/1920/1920
f 1921/1921/1921 1922/1922/1922 1923/1923/1923
f 1924/1924/1924 1925/1925/1925 1926/1926/1926
f 1927/1927/1927 1928/1928/1928 1929/1929/1929
f 1930/1930/1930 1931/1931/1931 1932/1932/1932
f 1933/1933/1933 1934/1934/1934 1935/1935/1935
f 1936/1936/1936 1937/1937/1937 1938/1938/1938
f 1939/1939/1939 1940/1940/1940 1941/1941/1941
f 1942/1942/1942 1943/1943/1943 1944/1944/1944
f 1945/1945/1945 1946/1946/1946 1947/1947/1947
f 1948/1948/1948 1949/1949/1949 1950/1950/1950
o Box_small003
usemtl DefaultMaterial
v -619.3873596191406 698.2462286497916 317.05627769241653
v -619.3873596191406 698.2462279941208 302.05627769241653
v -224.50198364257812 698.2462279941208 302.05627769241653
v -619.3873596191406 698.2462286497916 317.05627769241653
v -224.50198364257812 698.2462279941208 302.05627769241653
v -224.50198364257812 698.2462286497916 317.05627769241653
v -224.50198364257812 698.2462286497916 317.05627769241653
v -224.50198364257812 811.9962286497916 317.0562727202461
v -619.3873596191406 811.9962286497916 317.0562727202461
v -224.50198364257812 698.2462286497916 317.05627769241653
v -619.3873596191406 811.9962286497916 317.0562727202461
v -619.3873596191406 698.2462286497916 317.05627769241653
v -224.50198364257812 698.2462279941208 302.05627769241653
v -224.50198364257812 811.9962279941208 302.0562727202461
v -224.50198364257812 811.9962286497916 317.0562727202461
v -224.50198364257812 698.2462279941208 302.05627769241653
v -224.50198364257812 811.9962286497916 317.0562727202461
v -224.50198364257812 698.2462286497916 317.05627769241653
v -619.3873596191406 698.2462279941208 302.05627769241653
v -619.3873596191406 811.9962279941208 302.0562727202461
v -224.50198364257812 811.9962279941208 302.0562727202461
v -619.3873596191406 698.2462279941208 302.05627769241653
v -224.50198364257812 811.9962279941208 302.0562727202461
v -224.50198364257812 698.2462279941208 302.05627769241653
v -619.3873596191406 698.2462286497916 317.05627769241653
v -619.3873596191406 811.9962286497916 317.0562727202461
v -619.3873596191406 811.9962279941208 302.0562727202461
v -619.3873596191406 698.2462286497916 317.05627769241653
v -619.3873596191406 811.9962279941208 302.0562727202461
v -619.3873596191406 698.2462279941208 302.05627769241653
v -619.3873596191406 848.2462286497916 317.0562711357083
v -224.50198364257812 848.2462286497916 317.0562711357083
v -224.50198364257812 848.2462279941208 302.0562711357083
v -619.3873596191406 848.2462286497916 317.0562711357083
v -224.50198364257812 848.2462279941208 302.0562711357083
v -619.3873596191406 848.2462279941208 302.0562711357083
v -619.3873596191406 848.2462279941208 302.0562711357083
v -224.50198364257812 848.2462279941208 302.0562711357083
v -224.50198364257812 811.9962279941208 302.0562727202461
v -619.3873596191406 848.2462279941208 302.0562711357083
v -224.50198364257812 811.9962279941208 302.0562727202461
v -619.3873596191406 811.9962279941208 302.0562727202461
v -224.50198364257812 848.2462286497916 317.0562711357083
v -619.3873596191406 848.2462286497916 317.0562711357083
v -619.3873596191406 840.5298285033073 317.0562714730029
v -224.50198364257812 848.2462286497916 317.0562711357083
v -619.3873596191406 840.5298285033073 317.0562714730029
v -224.50198364257812 840.5298285033073 317.0562714730029
v -619.3873596191406 811.9962286497916 317.0562727202461
v -224.50198364257812 811.9962286497916 317.0562727202461
v -224.50198364257812 819.712628796276 317.0562723829516
v -619.3873596191406 811.9962286497916 317.0562727202461
v -224.50198364257812 819.712628796276 317.0562723829516
v -619.3873596191406 819.712628796276 317.0562723829516
v -224.50198364257812 846.7462280596878 303.5562712012754
v -224.50198364257812 846.7462285842245 315.5562712012754
v -619.3873596191406 846.7462285842245 315.5562712012754
v -224.50198364257812 846.7462280596878 303.5562712012754
v -619.3873596191406 846.7462285842245 315.5562712012754
v -619.3873596191406 846.7462280596878 303.5562712012754
v -619.3873596191406 846.7462280596878 303.5562712012754
v -619.3873596191406 813.4962280596878 303.55627265467905
v -224.50198364257812 813.4962280596878 303.55627265467905
v -619.3873596191406 846.7462280596878 303.5562712012754
v -224.50198364257812 813.4962280596878 303.55627265467905
v -224.50198364257812 846.7462280596878 303.5562712012754
v -619.3873596191406 840.5298284377401 315.5562714730029
v -619.3873596191406 846.7462285842245 315.5562712012754
v -224.50198364257812 846.7462285842245 315.5562712012754
v -619.3873596191406 840.5298284377401 315.5562714730029
v -224.50198364257812 846.7462285842245 315.5562712012754
v -224.50198364257812 840.5298284377401 315.5562714730029
v -224.50198364257812 819.712628730709 315.5562723829516
v -224.50198364257812 813.4962285842246 315.55627265467905
v -619.3873596191406 813.4962285842246 315.55627265467905
v -224.50198364257812 819.712628730709 315.5562723829516
v -619.3873596191406 813.4962285842246 315.55627265467905
v -619.3873596191406 819.712628730709 315.5562723829516
v -619.3873596191406 813.4962285842246 315.55627265467905
v -224.50198364257812 813.4962285842246 315.55627265467905
v -224.50198364257812 813.4962280596878 303.55627265467905
v -619.3873596191406 813.4962285842246 315.55627265467905
v -224.50198364257812 813.4962280596878 303.55627265467905
v -619.3873596191406 813.4962280596878 303.55627265467905
v -224.50198364257812 848.2462279941208 302.0562711357083
v -224.50198364257812 848.2462286497916 317.0562711357083
v -224.50198364257812 846.7462285842245 315.5562712012754
v -224.50198364257812 848.2462279941208 302.0562711357083
v -224.50198364257812 846.7462285842245 315.5562712012754
v -224.50198364257812 846.7462280596878 303.5562712012754
v -619.3873596191406 848.2462286497916 317.0562711357083
v -619.3873596191406 848.2462279941208 302.0562711357083
v -619.3873596191406 846.7462280596878 303.5562712012754
v -619.3873596191406 848.2462286497916 317.0562711357083
v -619.3873596191406 846.7462280596878 303.5562712012754
v -619.3873596191406 846.7462285842245 315.5562712012754
v -224.50198364257812 846.7462280596878 303.5562712012754
v -224.50198364257812 813.4962280596878 303.55627265467905
v -224.50198364257812 811.9962279941208 302.0562727202461
v -224.50198364257812 846.7462280596878 303.5562712012754
v -224.50198364257812 811.9962279941208 302.0562727202461
v -224.50198364257812 848.2462279941208 302.0562711357083
v -619.3873596191406 813.4962280596878 303.55627265467905
v -619.3873596191406 846.7462280596878 303.5562712012754
v -619.3873596191406 848.2462279941208 302.0562711357083
v -619.3873596191406 813.4962280596878 303.55627265467905
v -619.3873596191406 848.2462279941208 302.0562711357083
v -619.3873596191406 811.9962279941208 302.0562727202461
v -619.3873596191406 840.5298285033073 317.0562714730029
v -619.3873596191406 848.2462286497916 317.0562711357083
v -619.3873596191406 846.7462285842245 315.5562712012754
v -619.3873596191406 840.5298285033073 317.0562714730029
v -619.3873596191406 846.7462285842245 315.5562712012754
v -619.3873596191406 840.5298284377401 315.5562714730029
v -224.50198364257812 840.5298285033073 317.0562714730029
v -619.3873596191406 840.5298285033073 317.0562714730029
v -619.3873596191406 840.5298284377401 315.5562714730029
v -224.50198364257812 840.5298285033073 317.0562714730029
v -619.3873596191406 840.5298284377401 315.5562714730029
v -224.50198364257812 840.5298284377401 315.5562714730029
v -224.50198364257812 848.2462286497916 317.0562711357083
v -224.50198364257812 840.5298285033073 317.0562714730029
v -224.50198364257812 840.5298284377401 315.5562714730029
v -224.50198364257812 848.2462286497916 317.0562711357083
v -224.50198364257812 840.5298284377401 315.5562714730029
v -224.50198364257812 846.7462285842245 315.5562712012754
v -224.50198364257812 819.712628796276 317.0562723829516
v -224.50198364257812 811.9962286497916 317.0562727202461
v -224.50198364257812 813.4962285842246 315.55627265467905
v -224.50198364257812 819.712628796276 317.0562723829516
v -224.50198364257812 813.4962285842246 315.55627265467905
v -224.50198364257812 819.712628730709 315.5562723829516
v -619.3873596191406 819.712628796276 317.0562723829516
v -224.50198364257812 819.712628796276 317.0562723829516
v -224.50198364257812 819.712628730709 315.5562723829516
v -619.3873596191406 819.712628796276 317.0562723829516
v -224.50198364257812 819.712628730709 315.5562723829516
v -619.3873596191406 819.712628730709 315.5562723829516
v -619.3873596191406 811.9962286497916 317.0562727202461
v -619.3873596191406 819.712628796276 317.0562723829516
v -619.3873596191406 819.712628730709 315.5562723829516
v -619.3873596191406 811.9962286497916 317.0562727202461
v -619.3873596191406 819.712628730709 315.5562723829516
v -619.3873596191406 813.4962285842246 315.55627265467905
v -224.50198364257812 811.9962286497916 317.0562727202461
v -224.50198364257812 811.9962279941208 302.0562727202461
v -224.50198364257812 813.4962280596878 303.55627265467905
v -224.50198364257812 811.9962286497916 317.0562727202461
v -224.50198364257812 813.4962280596878 303.55627265467905
v -224.50198364257812 813.4962285842246 315.55627265467905
v -619.3873596191406 811.9962279941208 302.0562727202461
v -619.3873596191406 811.9962286497916 317.0562727202461
v -619.3873596191406 813.4962285842246 315.55627265467905
v -619.3873596191406 811.9962279941208 302.0562727202461
v -619.3873596191406 813.4962285842246 315.55627265467905
v -619.3873596191406 813.4962280596878 303.55627265467905
v -609.3873291015625 708.246228005793 302.3233060638964
v -609.3873291015625 708.2462029908334 -269.9522676665722
v -234.50201416015625 708.2462029908334 -269.9522676665722
v -609.3873291015625 708.246228005793 302.3233060638964
v -234.50201416015625 708.2462029908334 -269.9522676665722
v -234.50201416015625 708.246228005793 302.3233060638964
v -234.50201416015625 708.246228005793 302.3233060638964
v -234.50201416015625 708.2462029908334 -269.9522676665722
v -234.50201416015625 838.2462029908334 -269.9522733490527
v -234.50201416015625 708.246228005793 302.3233060638964
v -234.50201416015625 838.2462029908334 -269.9522733490527
v -234.50201416015625 838.246228005793 302.32330038141595
v -609.3873291015625 708.2462029908334 -269.9522676665722
v -609.3873291015625 708.246228005793 302.3233060638964
v -609.3873291015625 838.246228005793 302.32330038141595
v -609.3873291015625 708.2462029908334 -269.9522676665722
v -609.3873291015625 838.246228005793 302.32330038141595
v -609.3873291015625 838.2462029908334 -269.9522733490527
v -609.3873291015625 838.2462029908334 -269.9522733490527
v -234.50201416015625 838.2462029908334 -269.9522733490527
v -234.50201416015625 708.2462029908334 -269.9522676665722
v -609.3873291015625 838.2462029908334 -269.9522733490527
v -234.50201416015625 708.2462029908334 -269.9522676665722
v -609.3873291015625 708.2462029908334 -269.9522676665722
v -240.50201416015625 714.2462032531016 -263.95226792884057
v -603.3873291015625 714.2462032530856 -263.95263413977807
v -603.3873291015625 714.246228005793 302.32330580162807
v -240.50201416015625 714.2462032531016 -263.95226792884057
v -603.3873291015625 714.246228005793 302.32330580162807
v -240.50201416015625 714.246228005793 302.32330580162807
v -240.50201416015625 838.2462032531016 -263.9522733490527
v -240.50201416015625 714.2462032531016 -263.95226792884057
v -240.50201416015625 714.246228005793 302.32330580162807
v -240.50201416015625 838.2462032531016 -263.9522733490527
v -240.50201416015625 714.246228005793 302.32330580162807
v -240.50201416015625 838.246228005793 302.32330038141595
v -603.3873291015625 838.246228005793 302.32330038141595
v -603.3873291015625 714.246228005793 302.32330580162807
v -603.3873291015625 714.2462032530856 -263.95263413977807
v -603.3873291015625 838.246228005793 302.32330038141595
v -603.3873291015625 714.2462032530856 -263.95263413977807
v -603.3873291015625 838.2462032531016 -263.9522733490527
v -240.50201416015625 714.2462032531016 -263.95226792884057
v -240.50201416015625 838.2462032531016 -263.9522733490527
v -603.3873291015625 838.2462032531016 -263.9522733490527
v -240.50201416015625 714.2462032531016 -263.95226792884057
v -603.3873291015625 838.2462032531016 -263.9522733490527
v -603.3873291015625 714.2462032530856 -263.95263413977807
v -234.50201416015625 838.246228005793 302.32330038141595
v -234.50201416015625 838.2462029908334 -269.9522733490527
v -240.50201416015625 838.2462032531016 -263.9522733490527
v -234.50201416015625 838.246228005793 302.32330038141595
v -240.50201416015625 838.2462032531016 -263.9522733490527
v -240.50201416015625 838.246228005793 302.32330038141595
v -609.3873291015625 838.2462029908334 -269.9522733490527
v -609.3873291015625 838.246228005793 302.32330038141595
v -603.3873291015625 838.246228005793 302.32330038141595
v -609.3873291015625 838.2462029908334 -269.9522733490527
v -603.3873291015625 838.246228005793 302.32330038141595
v -603.3873291015625 838.2462032531016 -263.9522733490527
v -234.50201416015625 838.2462029908334 -269.9522733490527
v -609.3873291015625 838.2462029908334 -269.9522733490527
v -603.3873291015625 838.2462032531016 -263.9522733490527
v -234.50201416015625 838.2462029908334 -269.9522733490527
v -603.3873291015625 838.2462032531016 -263.9522733490527
v -240.50201416015625 838.2462032531016 -263.9522733490527
vt 0.8075681924819946 0.7840089201927185
vt 0.8075681924819946 0.7803468108177185
vt 0.903976321220398 0.7803468108177185
vt 0.8075681924819946 0.7840089201927185
vt 0.903976321220398 0.7803468108177185
vt 0.903976321220398 0.7840089201927185
vt 0.9036837220191956 0.8190361261367798
vt 0.9036837220191956 0.8492482900619507
vt 0.8072760701179504 0.8492482900619507
vt 0.9036837220191956 0.8190361261367798
vt 0.8072760701179504 0.8492482900619507
vt 0.8072760701179504 0.8190361261367798
vt 0.9881695508956909 0.9164538383483887
vt 0.9881695508956909 0.9466660022735596
vt 0.9845073223114014 0.9466660022735596
vt 0.9881695508956909 0.9164538383483887
vt 0.9845073223114014 0.9466660022735596
vt 0.9845073223114014 0.9164538383483887
vt 0.9085126519203186 0.857474148273468
vt 0.9085126519203186 0.887686550617218
vt 0.812105119228363 0.887686550617218
vt 0.9085126519203186 0.857474148273468
vt 0.812105119228363 0.887686550617218
vt 0.812105119228363 0.857474148273468
vt 0.907595694065094 0.46670132875442505
vt 0.907595694065094 0.49691373109817505
vt 0.903933584690094 0.49691373109817505
vt 0.907595694065094 0.46670132875442505
vt 0.903933584690094 0.49691373109817505
vt 0.903933584690094 0.46670132875442505
vt 0.812105119228363 0.9073800444602966
vt 0.9085111021995544 0.9073800444602966
vt 0.9085111021995544 0.9110422730445862
vt 0.812105119228363 0.9073800444602966
vt 0.9085111021995544 0.9110422730445862
vt 0.812105119228363 0.9110422730445862
vt 0.9085126519203186 0.894095242023468
vt 0.812105119228363 0.894095242023468
vt 0.812105119228363 0.887686550617218
vt 0.9085126519203186 0.894095242023468
vt 0.812105119228363 0.887686550617218
vt 0.9085126519203186 0.887686550617218
vt 0.903978705406189 0.7504723072052002
vt 0.8075681924819946 0.7504723072052002
vt 0.8075681924819946 0.7485885620117188
vt 0.903978705406189 0.7504723072052002
vt 0.8075681924819946 0.7485885620117188
vt 0.903978705406189 0.7485885620117188
vt 0.8072760701179504 0.8492482900619507
vt 0.9036837220191956 0.8492482900619507
vt 0.9036837220191956 0.8511322736740112
vt 0.8072760701179504 0.8492482900619507
vt 0.9036837220191956 0.8511322736740112
vt 0.8072760701179504 0.8511322736740112
vt 0.7996271848678589 0.8801586627960205
vt 0.7996271848678589 0.8830883502960205
vt 0.7032195329666138 0.8830883502960205
vt 0.7996271848678589 0.8801586627960205
vt 0.7032195329666138 0.8830883502960205
vt 0.7032195329666138 0.8801586627960205
vt 0.7032195329666138 0.9039825201034546
vt 0.7032195329666138 0.8983062505722046
vt 0.7996267080307007 0.8983062505722046
vt 0.7032195329666138 0.9039825201034546
vt 0.7996267080307007 0.8983062505722046
vt 0.7996267080307007 0.9039825201034546
vt 0.8919225931167603 0.9621003270149231
vt 0.8919225931167603 0.9636180996894836
vt 0.7955139875411987 0.9636180996894836
vt 0.8919225931167603 0.9621003270149231
vt 0.7955139875411987 0.9636180996894836
vt 0.7955139875411987 0.9621003270149231
vt 0.8075683116912842 0.7546429634094238
vt 0.8075683116912842 0.7531254291534424
vt 0.9039786458015442 0.7531254291534424
vt 0.8075683116912842 0.7546429634094238
vt 0.9039786458015442 0.7531254291534424
vt 0.9039786458015442 0.7546429634094238
vt 0.8075682520866394 0.7984944581985474
vt 0.9039761424064636 0.7984944581985474
vt 0.9039761424064636 0.8014241456985474
vt 0.8075682520866394 0.7984944581985474
vt 0.9039761424064636 0.8014241456985474
vt 0.8075682520866394 0.8014241456985474
vt 0.9881695508956909 0.9530744552612305
vt 0.9845073223114014 0.9530744552612305
vt 0.9848736524581909 0.95270836353302
vt 0.9881695508956909 0.9530744552612305
vt 0.9848736524581909 0.95270836353302
vt 0.9878033399581909 0.95270836353302
vt 0.907595694065094 0.503322422504425
vt 0.903933584690094 0.503322422504425
vt 0.904299795627594 0.502956211566925
vt 0.907595694065094 0.503322422504425
vt 0.904299795627594 0.502956211566925
vt 0.907229483127594 0.502956211566925
vt 0.9878033399581909 0.95270836353302
vt 0.9878033399581909 0.94703209400177
vt 0.9881695508956909 0.9466660022735596
vt 0.9878033399581909 0.95270836353302
vt 0.9881695508956909 0.9466660022735596
vt 0.9881695508956909 0.9530744552612305
vt 0.904299795627594 0.49727994203567505
vt 0.904299795627594 0.502956211566925
vt 0.903933584690094 0.503322422504425
vt 0.904299795627594 0.49727994203567505
vt 0.903933584690094 0.503322422504425
vt 0.903933584690094 0.49691373109817505
vt 0.907595694065094 0.501438558101654
vt 0.907595694065094 0.503322422504425
vt 0.907229483127594 0.502956211566925
vt 0.907595694065094 0.501438558101654
vt 0.907229483127594 0.502956211566925
vt 0.907229483127594 0.501438558101654
vt 0.8896609544754028 0.9578819870948792
vt 0.7932511568069458 0.9578819870948792
vt 0.7932511568069458 0.9575157761573792
vt 0.8896609544754028 0.9578819870948792
vt 0.7932511568069458 0.9575157761573792
vt 0.8896609544754028 0.9575157761573792
vt 0.9845073223114014 0.9530744552612305
vt 0.9845073223114014 0.9511908292770386
vt 0.9848736524581909 0.9511908292770386
vt 0.9845073223114014 0.9530744552612305
vt 0.9848736524581909 0.9511908292770386
vt 0.9848736524581909 0.95270836353302
vt 0.9845073223114014 0.9485498666763306
vt 0.9845073223114014 0.9466660022735596
vt 0.9848736524581909 0.94703209400177
vt 0.9845073223114014 0.9485498666763306
vt 0.9848736524581909 0.94703209400177
vt 0.9848736524581909 0.9485498666763306
vt 0.508132815361023 0.9981180429458618
vt 0.6045446395874023 0.9981180429458618
vt 0.6045446395874023 0.9984842538833618
vt 0.508132815361023 0.9981180429458618
vt 0.6045446395874023 0.9984842538833618
vt 0.508132815361023 0.9984842538833618
vt 0.907595694065094 0.49691373109817505
vt 0.907595694065094 0.4987977147102356
vt 0.907229483127594 0.4987977147102356
vt 0.907595694065094 0.49691373109817505
vt 0.907229483127594 0.4987977147102356
vt 0.907229483127594 0.49727994203567505
vt 0.9845073223114014 0.9466660022735596
vt 0.9881695508956909 0.9466660022735596
vt 0.9878033399581909 0.94703209400177
vt 0.9845073223114014 0.9466660022735596
vt 0.9878033399581909 0.94703209400177
vt 0.9848736524581909 0.94703209400177
vt 0.903933584690094 0.49691373109817505
vt 0.907595694065094 0.49691373109817505
vt 0.907229483127594 0.49727994203567505
vt 0.903933584690094 0.49691373109817505
vt 0.907229483127594 0.49727994203567505
vt 0.904299795627594 0.49727994203567505
vt 0.9160122871398926 0.7022210359573364
vt 0.9160122871398926 0.641298234462738
vt 0.9559216499328613 0.641298234462738
vt 0.9160122871398926 0.7022210359573364
vt 0.9559216499328613 0.641298234462738
vt 0.9559216499328613 0.7022210359573364
vt 0.20897559821605682 0.9625511765480042
vt 0.34869125485420227 0.9625511765480042
vt 0.34869125485420227 0.9942895174026489
vt 0.20897559821605682 0.9625511765480042
vt 0.34869125485420227 0.9942895174026489
vt 0.20897559821605682 0.9942895174026489
vt 0.35702231526374817 0.9258646965026855
vt 0.4967379868030548 0.9258646965026855
vt 0.4967379868030548 0.9576029777526855
vt 0.35702231526374817 0.9258646965026855
vt 0.4967379868030548 0.9576029777526855
vt 0.35702231526374817 0.9576029777526855
vt 0.9978079199790955 0.702080488204956
vt 0.9578986167907715 0.702080488204956
vt 0.9578986167907715 0.6882411241531372
vt 0.9978079199790955 0.702080488204956
vt 0.9578986167907715 0.6882411241531372
vt 0.9978079199790955 0.6882411241531372
vt 0.9143109321594238 0.73712158203125
vt 0.8257158398628235 0.7371218204498291
vt 0.8257158398628235 0.5988707542419434
vt 0.9143109321594238 0.73712158203125
vt 0.8257158398628235 0.5988707542419434
vt 0.9143109321594238 0.5988707542419434
vt 0.7894206643104553 0.9966331720352173
vt 0.7894206643104553 0.9663597345352173
vt 0.927671492099762 0.9663597345352173
vt 0.7894206643104553 0.9966331720352173
vt 0.927671492099762 0.9663597345352173
vt 0.927671492099762 0.9966331720352173
vt 0.6487767100334167 0.9966331720352173
vt 0.6487767100334167 0.9663597345352173
vt 0.7870277762413025 0.9663597345352173
vt 0.6487767100334167 0.9966331720352173
vt 0.7870277762413025 0.9663597345352173
vt 0.7870276570320129 0.9966331720352173
vt 1.000511884689331 0.8756217360496521
vt 1.000511884689331 0.9058951735496521
vt 0.9119169116020203 0.9058951735496521
vt 1.000511884689331 0.8756217360496521
vt 0.9119169116020203 0.9058951735496521
vt 0.9119169116020203 0.8756217360496521
vt 0.8044960498809814 0.5988707542419434
vt 0.8044960498809814 0.738591194152832
vt 0.803031325340271 0.7371262311935425
vt 0.8044960498809814 0.5988707542419434
vt 0.803031325340271 0.7371262311935425
vt 0.803031325340271 0.5988707542419434
vt 0.8075682520866394 0.7385904788970947
vt 0.8075682520866394 0.5988707542419434
vt 0.8090330958366394 0.5988707542419434
vt 0.8075682520866394 0.7385904788970947
vt 0.8090330958366394 0.5988707542419434
vt 0.8090330958366394 0.7371255159378052
vt 0.7863003015518188 0.9588841199874878
vt 0.6947754621505737 0.9588841199874878
vt 0.6962403059005737 0.9574192762374878
vt 0.7863003015518188 0.9588841199874878
vt 0.6962403059005737 0.9574192762374878
vt 0.7848354578018188 0.9574192762374878
vn 0 -0.9999999999999992 4.371138806469333e-8
vn 0 -0.9999999999999992 4.371138806469333e-8
vn 0 -0.9999999999999992 4.371138806469333e-8
vn 0 -0.9999999999999992 4.371138806469333e-8
vn 0 -0.9999999999999992 4.371138806469333e-8
vn 0 -0.9999999999999992 4.371138806469333e-8
vn 0 4.371138806469333e-8 0.9999999999999992
vn 0 4.371138806469333e-8 0.9999999999999992
vn 0 4.371138806469333e-8 0.9999999999999992
vn 0 4.371138806469333e-8 0.9999999999999992
vn 0 4.371138806469333e-8 0.9999999999999992
vn 0 4.371138806469333e-8 0.9999999999999992
vn 1 0 0
vn 1 0 0
vn 1 0 0
vn 1 0 0
vn 1 0 0
vn 1 0 0
vn 0 -4.371138806469333e-8 -0.9999999999999992
vn 0 -4.371138806469333e-8 -0.9999999999999992
vn 0 -4.371138806469333e-8 -0.9999999999999992
vn 0 -4.371138806469333e-8 -0.9999999999999992
vn 0 -4.371138806469333e-8 -0.9999999999999992
vn 0 -4.371138806469333e-8 -0.9999999999999992
vn -1 0 0
vn -1 0 0
vn -1 0 0
vn -1 0 0
vn -1 0 0
vn -1 0 0
vn 0 0.9999999999999992 -4.371138806469333e-8
vn 0 0.9999999999999992 -4.371138806469333e-8
vn 0 0.9999999999999992 -4.371138806469333e-8
vn 0 0.9999999999999992 -4.371138806469333e-8
vn 0 0.9999999999999992 -4.371138806469333e-8
vn 0 0.9999999999999992 -4.371138806469333e-8
vn 0 -4.371138806469333e-8 -0.9999999999999992
vn 0 -4.371138806469333e-8 -0.9999999999999992
vn 0 -4.371138806469333e-8 -0.9999999999999992
vn 0 -4.371138806469333e-8 -0.9999999999999992
vn 0 -4.371138806469333e-8 -0.9999999999999992
vn 0 -4.371138806469333e-8 -0.9999999999999992
vn 0 4.371138806469333e-8 0.9999999999999992
vn 0 4.371138806469333e-8 0.9999999999999992
vn 0 4.371138806469333e-8 0.9999999999999992
vn 0 4.371138806469333e-8 0.9999999999999992
vn 0 4.371138806469333e-8 0.9999999999999992
vn 0 4.371138806469333e-8 0.9999999999999992
vn 0 4.371138806469333e-8 0.9999999999999992
vn 0 4.371138806469333e-8 0.9999999999999992
vn 0 4.371138806469333e-8 0.9999999999999992
vn 0 4.371138806469333e-8 0.9999999999999992
vn 0 4.371138806469333e-8 0.9999999999999992
vn 0 4.371138806469333e-8 0.9999999999999992
vn 0 -0.9999999999999992 4.371138806469333e-8
vn 0 -0.9999999999999992 4.371138806469333e-8
vn 0 -0.9999999999999992 4.371138806469333e-8
vn 0 -0.9999999999999992 4.371138806469333e-8
vn 0 -0.9999999999999992 4.371138806469333e-8
vn 0 -0.9999999999999992 4.371138806469333e-8
vn 0 4.371138806469333e-8 0.9999999999999992
vn 0 4.371138806469333e-8 0.9999999999999992
vn 0 4.371138806469333e-8 0.9999999999999992
vn 0 4.371138806469333e-8 0.9999999999999992
vn 0 4.371138806469333e-8 0.9999999999999992
vn 0 4.371138806469333e-8 0.9999999999999992
vn 0 -4.371138806469333e-8 -0.9999999999999992
vn 0 -4.371138806469333e-8 -0.9999999999999992
vn 0 -4.371138806469333e-8 -0.9999999999999992
vn 0 -4.371138806469333e-8 -0.9999999999999992
vn 0 -4.371138806469333e-8 -0.9999999999999992
vn 0 -4.371138806469333e-8 -0.9999999999999992
vn 0 -4.371138806469333e-8 -0.9999999999999992
vn 0 -4.371138806469333e-8 -0.9999999999999992
vn 0 -4.371138806469333e-8 -0.9999999999999992
vn 0 -4.371138806469333e-8 -0.9999999999999992
vn 0 -4.371138806469333e-8 -0.9999999999999992
vn 0 -4.371138806469333e-8 -0.9999999999999992
vn 0 0.9999999999999992 -4.371138806469333e-8
vn 0 0.9999999999999992 -4.371138806469333e-8
vn 0 0.9999999999999992 -4.371138806469333e-8
vn 0 0.9999999999999992 -4.371138806469333e-8
vn 0 0.9999999999999992 -4.371138806469333e-8
vn 0 0.9999999999999992 -4.371138806469333e-8
vn 1 0 0
vn 1 0 0
vn 1 0 0
vn 1 0 0
vn 1 0 0
vn 1 0 0
vn -1 0 0
vn -1 0 0
vn -1 0 0
vn -1 0 0
vn -1 0 0
vn -1 0 0
vn 1 0 0
vn 1 0 0
vn 1 0 0
vn 1 0 0
vn 1 0 0
vn 1 0 0
vn -1 0 0
vn -1 0 0
vn -1 0 0
vn -1 0 0
vn -1 0 0
vn -1 0 0
vn -1 0 0
vn -1 0 0
vn -1 0 0
vn -1 0 0
vn -1 0 0
vn -1 0 0
vn 0 -0.9999999999999992 4.371138806469333e-8
vn 0 -0.9999999999999992 4.371138806469333e-8
vn 0 -0.9999999999999992 4.371138806469333e-8
vn 0 -0.9999999999999992 4.371138806469333e-8
vn 0 -0.9999999999999992 4.371138806469333e-8
vn 0 -0.9999999999999992 4.371138806469333e-8
vn 1 0 0
vn 1 0 0
vn 1 0 0
vn 1 0 0
vn 1 0 0
vn 1 0 0
vn 1 0 0
vn 1 0 0
vn 1 0 0
vn 1 0 0
vn 1 0 0
vn 1 0 0
vn 0 0.9999999999999992 -4.371138806469333e-8
vn 0 0.9999999999999992 -4.371138806469333e-8
vn 0 0.9999999999999992 -4.371138806469333e-8
vn 0 0.9999999999999992 -4.371138806469333e-8
vn 0 0.9999999999999992 -4.371138806469333e-8
vn 0 0.9999999999999992 -4.371138806469333e-8
vn -1 0 0
vn -1 0 0
vn -1 0 0
vn -1 0 0
vn -1 0 0
vn -1 0 0
vn 1 0 0
vn 1 0 0
vn 1 0 0
vn 1 0 0
vn 1 0 0
vn 1 0 0
vn -1 0 0
vn -1 0 0
vn -1 0 0
vn -1 0 0
vn -1 0 0
vn -1 0 0
vn 0 -0.9999999999999992 4.371138806469333e-8
vn 0 -0.9999999999999992 4.371138806469333e-8
vn 0 -0.9999999999999992 4.371138806469333e-8
vn 0 -0.9999999999999992 4.371138806469333e-8
vn 0 -0.9999999999999992 4.371138806469333e-8
vn 0 -0.9999999999999992 4.371138806469333e-8
vn 1 0 0
vn 1 0 0
vn 1 0 0
vn 1 0 0
vn 1 0 0
vn 1 0 0
vn -1 0 0
vn -1 0 0
vn -1 0 0
vn -1 0 0
vn -1 0 0
vn -1 0 0
vn 0 -4.371138806469333e-8 -0.9999999999999992
vn 0 -4.371138806469333e-8 -0.9999999999999992
vn 0 -4.371138806469333e-8 -0.9999999999999992
vn 0 -4.371138806469333e-8 -0.9999999999999992
vn 0 -4.371138806469333e-8 -0.9999999999999992
vn 0 -4.371138806469333e-8 -0.9999999999999992
vn 0 0.9999999999999992 -4.371138806469333e-8
vn 0 0.9999999999999992 -4.371138806469333e-8
vn 0 0.9999999999999992 -4.371138806469333e-8
vn 0 0.9999999999999992 -4.371138806469333e-8
vn 0 0.9999999999999992 -4.371138806469333e-8
vn 0 0.9999999999999992 -4.371138806469333e-8
vn -1 0 0
vn -1 0 0
vn -1 0 0
vn -1 0 0
vn -1 0 0
vn -1 0 0
vn 1 0 0
vn 1 0 0
vn 1 0 0
vn 1 0 0
vn 1 0 0
vn 1 0 0
vn -5.045822035747961e-7 -0.0000014329456876609774 0.999999999998846
vn -5.045822035747961e-7 -0.0000014329456876609774 0.999999999998846
vn -5.045822035747961e-7 -0.0000014329456876609774 0.999999999998846
vn -5.045822035747961e-7 -0.0000014329456876609774 0.999999999998846
vn -5.045822035747961e-7 -0.0000014329456876609774 0.999999999998846
vn -5.045822035747961e-7 -0.0000014329456876609774 0.999999999998846
vn 0 0.9999999999999992 -4.371138806469333e-8
vn 0 0.9999999999999992 -4.371138806469333e-8
vn 0 0.9999999999999992 -4.371138806469333e-8
vn 0 0.9999999999999992 -4.371138806469333e-8
vn 0 0.9999999999999992 -4.371138806469333e-8
vn 0 0.9999999999999992 -4.371138806469333e-8
vn 0 0.9999999999999992 -4.371138806469333e-8
vn 0 0.9999999999999992 -4.371138806469333e-8
vn 0 0.9999999999999992 -4.371138806469333e-8
vn 0 0.9999999999999992 -4.371138806469333e-8
vn 0 0.9999999999999992 -4.371138806469333e-8
vn 0 0.9999999999999992 -4.371138806469333e-8
vn 0 0.9999999999999992 -4.371138806469333e-8
vn 0 0.9999999999999992 -4.371138806469333e-8
vn 0 0.9999999999999992 -4.371138806469333e-8
vn 0 0.9999999999999992 -4.371138806469333e-8
vn 0 0.9999999999999992 -4.371138806469333e-8
vn 0 0.9999999999999992 -4.371138806469333e-8
f 1951/1951/1951 1952/1952/1952 1953/1953/1953
f 1954/1954/1954 1955/1955/1955 1956/1956/1956
f 1957/1957/1957 1958/1958/1958 1959/1959/1959
f 1960/1960/1960 1961/1961/1961 1962/1962/1962
f 1963/1963/1963 1964/1964/1964 1965/1965/1965
f 1966/1966/1966 1967/1967/1967 1968/1968/1968
f 1969/1969/1969 1970/1970/1970 1971/1971/1971
f 1972/1972/1972 1973/1973/1973 1974/1974/1974
f 1975/1975/1975 1976/1976/1976 1977/1977/1977
f 1978/1978/1978 1979/1979/1979 1980/1980/1980
f 1981/1981/1981 1982/1982/1982 1983/1983/1983
f 1984/1984/1984 1985/1985/1985 1986/1986/1986
f 1987/1987/1987 1988/1988/1988 1989/1989/1989
f 1990/1990/1990 1991/1991/1991 1992/1992/1992
f 1993/1993/1993 1994/1994/1994 1995/1995/1995
f 1996/1996/1996 1997/1997/1997 1998/1998/1998
f 1999/1999/1999 2000/2000/2000 2001/2001/2001
f 2002/2002/2002 2003/2003/2003 2004/2004/2004
f 2005/2005/2005 2006/2006/2006 2007/2007/2007
f 2008/2008/2008 2009/2009/2009 2010/2010/2010
f 2011/2011/2011 2012/2012/2012 2013/2013/2013
f 2014/2014/2014 2015/2015/2015 2016/2016/2016
f 2017/2017/2017 2018/2018/2018 2019/2019/2019
f 2020/2020/2020 2021/2021/2021 2022/2022/2022
f 2023/2023/2023 2024/2024/2024 2025/2025/2025
f 2026/2026/2026 2027/2027/2027 2028/2028/2028
f 2029/2029/2029 2030/2030/2030 2031/2031/2031
f 2032/2032/2032 2033/2033/2033 2034/2034/2034
f 2035/2035/2035 2036/2036/2036 2037/2037/2037
f 2038/2038/2038 2039/2039/2039 2040/2040/2040
f 2041/2041/2041 2042/2042/2042 2043/2043/2043
f 2044/2044/2044 2045/2045/2045 2046/2046/2046
f 2047/2047/2047 2048/2048/2048 2049/2049/2049
f 2050/2050/2050 2051/2051/2051 2052/2052/2052
f 2053/2053/2053 2054/2054/2054 2055/2055/2055
f 2056/2056/2056 2057/2057/2057 2058/2058/2058
f 2059/2059/2059 2060/2060/2060 2061/2061/2061
f 2062/2062/2062 2063/2063/2063 2064/2064/2064
f 2065/2065/2065 2066/2066/2066 2067/2067/2067
f 2068/2068/2068 2069/2069/2069 2070/2070/2070
f 2071/2071/2071 2072/2072/2072 2073/2073/2073
f 2074/2074/2074 2075/2075/2075 2076/2076/2076
f 2077/2077/2077 2078/2078/2078 2079/2079/2079
f 2080/2080/2080 2081/2081/2081 2082/2082/2082
f 2083/2083/2083 2084/2084/2084 2085/2085/2085
f 2086/2086/2086 2087/2087/2087 2088/2088/2088
f 2089/2089/2089 2090/2090/2090 2091/2091/2091
f 2092/2092/2092 2093/2093/2093 2094/2094/2094
f 2095/2095/2095 2096/2096/2096 2097/2097/2097
f 2098/2098/2098 2099/2099/2099 2100/2100/2100
f 2101/2101/2101 2102/2102/2102 2103/2103/2103
f 2104/2104/2104 2105/2105/2105 2106/2106/2106
f 2107/2107/2107 2108/2108/2108 2109/2109/2109
f 2110/2110/2110 2111/2111/2111 2112/2112/2112
f 2113/2113/2113 2114/2114/2114 2115/2115/2115
f 2116/2116/2116 2117/2117/2117 2118/2118/2118
f 2119/2119/2119 2120/2120/2120 2121/2121/2121
f 2122/2122/2122 2123/2123/2123 2124/2124/2124
f 2125/2125/2125 2126/2126/2126 2127/2127/2127
f 2128/2128/2128 2129/2129/2129 2130/2130/2130
f 2131/2131/2131 2132/2132/2132 2133/2133/2133
f 2134/2134/2134 2135/2135/2135 2136/2136/2136
f 2137/2137/2137 2138/2138/2138 2139/2139/2139
f 2140/2140/2140 2141/2141/2141 2142/2142/2142
f 2143/2143/2143 2144/2144/2144 2145/2145/2145
f 2146/2146/2146 2147/2147/2147 2148/2148/2148
f 2149/2149/2149 2150/2150/2150 2151/2151/2151
f 2152/2152/2152 2153/2153/2153 2154/2154/2154
f 2155/2155/2155 2156/2156/2156 2157/2157/2157
f 2158/2158/2158 2159/2159/2159 2160/2160/2160
f 2161/2161/2161 2162/2162/2162 2163/2163/2163
f 2164/2164/2164 2165/2165/2165 2166/2166/2166
f 2167/2167/2167 2168/2168/2168 2169/2169/2169
f 2170/2170/2170 2171/2171/2171 2172/2172/2172
o door_small003
usemtl DefaultMaterial
v -1017.6321992643901 90.94364929198883 283.09940461478266
v -1017.6321109010493 657.3291625976566 283.0994671324225
v -623.020722211913 657.3291632405707 297.80762642725614
v -1017.6321992643901 90.94364929198883 283.09940461478266
v -623.020722211913 657.3291632405707 297.80762642725614
v -623.020810575254 90.94363467611383 297.807563909617
v -623.020810575254 90.94363467611383 297.807563909617
v -623.020722211913 657.3291632405707 297.80762642725614
v -623.5794219911255 657.3291638957865 312.797217668139
v -623.020810575254 90.94363467611383 297.807563909617
v -623.5794219911255 657.3291638957865 312.797217668139
v -623.5795103544665 90.94363533132967 312.7971551504998
v -623.5795103544665 90.94363533132967 312.7971551504998
v -623.5794219911255 657.3291638957865 312.797217668139
v -1018.1908106802617 657.3291632528725 298.08905837330536
v -623.5795103544665 90.94363533132967 312.7971551504998
v -1018.1908106802617 657.3291632528725 298.08905837330536
v -1018.1908990436026 90.94366520599374 298.08899585566485
v -623.020810575254 90.94363467611383 297.807563909617
v -623.5795103544665 90.94363533132967 312.7971551504998
v -1018.1908990436026 90.94366520599374 298.08899585566485
v -623.020810575254 90.94363467611383 297.807563909617
v -1018.1908990436026 90.94366520599374 298.08899585566485
v -1017.6321992643901 90.94364929198883 283.09940461478266
v -1018.1908990436026 90.94366520599374 298.08899585566485
v -1018.1908106802617 657.3291632528725 298.08905837330536
v -1017.6321109010493 657.3291625976566 283.0994671324225
v -1018.1908990436026 90.94366520599374 298.08899585566485
v -1017.6321109010493 657.3291625976566 283.0994671324225
v -1017.6321992643901 90.94364929198883 283.09940461478266
v -1018.1908420291713 693.5791632528734 298.089078524391
v -623.5794838364366 693.5791638957874 312.79723668254707
v -623.0207840572241 693.5791632405716 297.8076454416642
v -1018.1908420291713 693.5791632528734 298.089078524391
v -623.0207840572241 693.5791632405716 297.8076454416642
v -1017.6321422499589 693.5791625976575 283.09948728350815
v -1017.6321422499589 693.5791625976575 283.09948728350815
v -623.0207840572241 693.5791632405716 297.8076454416642
v -623.020722211913 657.3291632405707 297.80762642725614
v -1017.6321422499589 693.5791625976575 283.09948728350815
v -623.020722211913 657.3291632405707 297.80762642725614
v -1017.6321109010493 657.3291625976566 283.0994671324225
v -623.5794838364366 693.5791638957874 312.79723668254707
v -1018.1908420291713 693.5791632528734 298.089078524391
v -1018.1908420291713 685.8627936239671 298.08907886168424
v -623.5794838364366 693.5791638957874 312.79723668254707
v -1018.1908420291713 685.8627936239671 298.08907886168424
v -623.5794838364366 685.8627942668811 312.7972370198403
v -1018.1908106802617 657.3291632528725 298.08905837330536
v -623.5794219911255 657.3291638957865 312.797217668139
v -623.5794838364366 665.0455945598499 312.797237929789
v -1018.1908106802617 657.3291632528725 298.08905837330536
v -623.5794838364366 665.0455945598499 312.797237929789
v -1018.1908420291713 665.0455939169359 298.08907977163295
v -623.0766540351453 692.0791633060932 299.30660463131954
v -623.5236138585153 692.0791638302658 311.29827762402584
v -1018.1349720512501 692.0791631873518 296.5901194658698
v -623.0766540351453 692.0791633060932 299.30660463131954
v -1018.1349720512501 692.0791631873518 296.5901194658698
v -1017.6880122278801 692.0791626631791 284.5984464731635
v -1017.6880122278801 692.0791626631791 284.5984464731635
v -1017.6880122278801 658.8291626631791 284.5984479265672
v -623.0766540351453 658.8291633060932 299.3066060847232
v -1017.6880122278801 692.0791626631791 284.5984464731635
v -623.0766540351453 658.8291633060932 299.3066060847232
v -623.0766540351453 692.0791633060932 299.30660463131954
v -1018.1349720512501 685.8627935584456 296.59011973759596
v -1018.1349720512501 692.0791631873518 296.5901194658698
v -623.5236138585153 692.0791638302658 311.29827762402584
v -1018.1349720512501 685.8627935584456 296.59011973759596
v -623.5236138585153 692.0791638302658 311.29827762402584
v -623.5236138585153 685.8627942013595 311.298277895752
v -623.5236138585153 665.0455944943283 311.2982788057007
v -623.5236138585153 658.8291638302658 311.2982790774295
v -1018.1349720512501 658.8291631873518 296.5901209192735
v -623.5236138585153 665.0455944943283 311.2982788057007
v -1018.1349720512501 658.8291631873518 296.5901209192735
v -1018.1349720512501 665.0455938514143 296.59012064754467
v -1018.1349720512501 658.8291631873518 296.5901209192735
v -623.5236138585153 658.8291638302658 311.2982790774295
v -623.0766540351453 658.8291633060932 299.3066060847232
v -1018.1349720512501 658.8291631873518 296.5901209192735
v -623.0766540351453 658.8291633060932 299.3066060847232
v -1017.6880122278801 658.8291626631791 284.5984479265672
v -623.0207840572241 693.5791632405716 297.8076454416642
v -623.5794838364366 693.5791638957874 312.79723668254707
v -623.5236138585153 692.0791638302658 311.29827762402584
v -623.0207840572241 693.5791632405716 297.8076454416642
v -623.5236138585153 692.0791638302658 311.29827762402584
v -623.0766540351453 692.0791633060932 299.30660463131954
v -1018.1908420291713 693.5791632528734 298.089078524391
v -1017.6321422499589 693.5791625976575 283.09948728350815
v -1017.6880122278801 692.0791626631791 284.5984464731635
v -1018.1908420291713 693.5791632528734 298.089078524391
v -1017.6880122278801 692.0791626631791 284.5984464731635
v -1018.1349720512501 692.0791631873518 296.5901194658698
v -623.0766540351453 692.0791633060932 299.30660463131954
v -623.0766540351453 658.8291633060932 299.3066060847232
v -623.020722211913 657.3291632405707 297.80762642725614
v -623.0766540351453 692.0791633060932 299.30660463131954
v -623.020722211913 657.3291632405707 297.80762642725614
v -623.0207840572241 693.5791632405716 297.8076454416642
v -1017.6880122278801 658.8291626631791 284.5984479265672
v -1017.6880122278801 692.0791626631791 284.5984464731635
v -1017.6321422499589 693.5791625976575 283.09948728350815
v -1017.6880122278801 658.8291626631791 284.5984479265672
v -1017.6321422499589 693.5791625976575 283.09948728350815
v -1017.6321109010493 657.3291625976566 283.0994671324225
v -1018.1908420291713 685.8627936239671 298.08907886168424
v -1018.1908420291713 693.5791632528734 298.089078524391
v -1018.1349720512501 692.0791631873518 296.5901194658698
v -1018.1908420291713 685.8627936239671 298.08907886168424
v -1018.1349720512501 692.0791631873518 296.5901194658698
v -1018.1349720512501 685.8627935584456 296.59011973759596
v -623.5794838364366 685.8627942668811 312.7972370198403
v -1018.1908420291713 685.8627936239671 298.08907886168424
v -1018.1349720512501 685.8627935584456 296.59011973759596
v -623.5794838364366 685.8627942668811 312.7972370198403
v -1018.1349720512501 685.8627935584456 296.59011973759596
v -623.5236138585153 685.8627942013595 311.298277895752
v -623.5794838364366 693.5791638957874 312.79723668254707
v -623.5794838364366 685.8627942668811 312.7972370198403
v -623.5236138585153 685.8627942013595 311.298277895752
v -623.5794838364366 693.5791638957874 312.79723668254707
v -623.5236138585153 685.8627942013595 311.298277895752
v -623.5236138585153 692.0791638302658 311.29827762402584
v -623.5794838364366 665.0455945598499 312.797237929789
v -623.5794219911255 657.3291638957865 312.797217668139
v -623.5236138585153 658.8291638302658 311.2982790774295
v -623.5794838364366 665.0455945598499 312.797237929789
v -623.5236138585153 658.8291638302658 311.2982790774295
v -623.5236138585153 665.0455944943283 311.2982788057007
v -1018.1908420291713 665.0455939169359 298.08907977163295
v -623.5794838364366 665.0455945598499 312.797237929789
v -623.5236138585153 665.0455944943283 311.2982788057007
v -1018.1908420291713 665.0455939169359 298.08907977163295
v -623.5236138585153 665.0455944943283 311.2982788057007
v -1018.1349720512501 665.0455938514143 296.59012064754467
v -1018.1908106802617 657.3291632528725 298.08905837330536
v -1018.1908420291713 665.0455939169359 298.08907977163295
v -1018.1349720512501 665.0455938514143 296.59012064754467
v -1018.1908106802617 657.3291632528725 298.08905837330536
v -1018.1349720512501 665.0455938514143 296.59012064754467
v -1018.1349720512501 658.8291631873518 296.5901209192735
v -623.5794219911255 657.3291638957865 312.797217668139
v -623.020722211913 657.3291632405707 297.80762642725614
v -623.0766540351453 658.8291633060932 299.3066060847232
v -623.5794219911255 657.3291638957865 312.797217668139
v -623.0766540351453 658.8291633060932 299.3066060847232
v -623.5236138585153 658.8291638302658 311.2982790774295
v -1017.6321109010493 657.3291625976566 283.0994671324225
v -1018.1908106802617 657.3291632528725 298.08905837330536
v -1018.1349720512501 658.8291631873518 296.5901209192735
v -1017.6321109010493 657.3291625976566 283.0994671324225
v -1018.1349720512501 658.8291631873518 296.5901209192735
v -1017.6880122278801 658.8291626631791 284.5984479265672
vt 0.6952783465385437 0.7304409146308899
vt 0.6952783465385437 0.871160089969635
vt 0.5988708138465881 0.871160089969635
vt 0.6952783465385437 0.7304409146308899
vt 0.5988708138465881 0.871160089969635
vt 0.5988709330558777 0.7304409146308899
vt 0.9428004622459412 0.21777117252349854
vt 0.9428004622459412 0.3584914207458496
vt 0.9391383528709412 0.3584914207458496
vt 0.9428004622459412 0.21777117252349854
vt 0.9391383528709412 0.3584914207458496
vt 0.9391383528709412 0.21777117252349854
vt 0.7950902581214905 0.7349778413772583
vt 0.7950902581214905 0.875697135925293
vt 0.6986827254295349 0.875697135925293
vt 0.7950902581214905 0.7349778413772583
vt 0.6986827254295349 0.875697135925293
vt 0.6986826062202454 0.7349778413772583
vt 0.903976559638977 0.7667361497879028
vt 0.903976559638977 0.7703982591629028
vt 0.8075682520866394 0.7703982591629028
vt 0.903976559638977 0.7667361497879028
vt 0.8075682520866394 0.7703982591629028
vt 0.8075682520866394 0.7667361497879028
vt 0.9019683599472046 0.4083210229873657
vt 0.9019683599472046 0.5490427017211914
vt 0.8983062505722046 0.5490427017211914
vt 0.9019683599472046 0.4083210229873657
vt 0.8983062505722046 0.5490427017211914
vt 0.8983062505722046 0.4083210229873657
vt 0.7032195329666138 0.8892324566841125
vt 0.7996269464492798 0.8892324566841125
vt 0.7996269464492798 0.8928945660591125
vt 0.7032195329666138 0.8892324566841125
vt 0.7996269464492798 0.8928945660591125
vt 0.7032195329666138 0.8928945660591125
vt 0.6952783465385437 0.877568781375885
vt 0.5988708138465881 0.877568781375885
vt 0.5988708138465881 0.871160089969635
vt 0.6952783465385437 0.877568781375885
vt 0.5988708138465881 0.871160089969635
vt 0.6952783465385437 0.871160089969635
vt 0.9039763808250427 0.7776939272880554
vt 0.8075682520866394 0.7776939272880554
vt 0.8075682520866394 0.7758099436759949
vt 0.9039763808250427 0.7776939272880554
vt 0.8075682520866394 0.7758099436759949
vt 0.9039763808250427 0.7758099436759949
vt 0.6986827254295349 0.875697135925293
vt 0.7950902581214905 0.875697135925293
vt 0.7950902581214905 0.877581000328064
vt 0.6986827254295349 0.875697135925293
vt 0.7950902581214905 0.877581000328064
vt 0.6986827254295349 0.877581000328064
vt 0.9039761424064636 0.793957531452179
vt 0.9039761424064636 0.796887218952179
vt 0.8075682520866394 0.796887218952179
vt 0.9039761424064636 0.793957531452179
vt 0.8075682520866394 0.796887218952179
vt 0.8075682520866394 0.793957531452179
vt 0.7032195329666138 0.9130563139915466
vt 0.7032195329666138 0.9073800444602966
vt 0.7996267080307007 0.9073800444602966
vt 0.7032195329666138 0.9130563139915466
vt 0.7996267080307007 0.9073800444602966
vt 0.7996267080307007 0.9130563139915466
vt 0.7996269464492798 0.8846955299377441
vt 0.7996269464492798 0.8862131834030151
vt 0.7032195329666138 0.8862131834030151
vt 0.7996269464492798 0.8846955299377441
vt 0.7032195329666138 0.8862131834030151
vt 0.7032195329666138 0.8846955299377441
vt 0.8075681924819946 0.7591798901557922
vt 0.8075681924819946 0.7576623558998108
vt 0.9039784669876099 0.7576623558998108
vt 0.8075681924819946 0.7591798901557922
vt 0.9039784669876099 0.7576623558998108
vt 0.9039784669876099 0.7591798901557922
vt 0.8075682520866394 0.8075682520866394
vt 0.9039760231971741 0.8075682520866394
vt 0.9039760231971741 0.8104979395866394
vt 0.8075682520866394 0.8075682520866394
vt 0.9039760231971741 0.8104979395866394
vt 0.8075682520866394 0.8104979395866394
vt 0.9428004622459412 0.36490023136138916
vt 0.9391383528709412 0.36490023136138916
vt 0.9395045638084412 0.36453402042388916
vt 0.9428004622459412 0.36490023136138916
vt 0.9395045638084412 0.36453402042388916
vt 0.9424342513084412 0.36453402042388916
vt 0.9019683599472046 0.555451512336731
vt 0.8983062505722046 0.555451512336731
vt 0.8986724615097046 0.555085301399231
vt 0.9019683599472046 0.555451512336731
vt 0.8986724615097046 0.555085301399231
vt 0.9016021490097046 0.555085301399231
vt 0.9424342513084412 0.36453402042388916
vt 0.9424342513084412 0.35885751247406006
vt 0.9428004622459412 0.3584914207458496
vt 0.9424342513084412 0.36453402042388916
vt 0.9428004622459412 0.3584914207458496
vt 0.9428004622459412 0.36490023136138916
vt 0.8986724615097046 0.5494087934494019
vt 0.8986724615097046 0.555085301399231
vt 0.8983062505722046 0.555451512336731
vt 0.8986724615097046 0.5494087934494019
vt 0.8983062505722046 0.555451512336731
vt 0.8983062505722046 0.5490427017211914
vt 0.9019683599472046 0.5535675287246704
vt 0.9019683599472046 0.555451512336731
vt 0.9016021490097046 0.555085301399231
vt 0.9019683599472046 0.5535675287246704
vt 0.9016021490097046 0.555085301399231
vt 0.9016021490097046 0.5535675287246704
vt 0.9039784073829651 0.7625654339790344
vt 0.8075683116912842 0.7625654339790344
vt 0.8075683116912842 0.7621992230415344
vt 0.9039784073829651 0.7625654339790344
vt 0.8075683116912842 0.7621992230415344
vt 0.9039784073829651 0.7621992230415344
vt 0.9391383528709412 0.36490023136138916
vt 0.9391383528709412 0.36301636695861816
vt 0.9395045638084412 0.36301636695861816
vt 0.9391383528709412 0.36490023136138916
vt 0.9395045638084412 0.36301636695861816
vt 0.9395045638084412 0.36453402042388916
vt 0.9391383528709412 0.36037540435791016
vt 0.9391383528709412 0.3584914207458496
vt 0.9395045638084412 0.35885751247406006
vt 0.9391383528709412 0.36037540435791016
vt 0.9395045638084412 0.35885751247406006
vt 0.9395045638084412 0.36037540435791016
vt 0.20878079533576965 0.9980262517929077
vt 0.30518317222595215 0.9980262517929077
vt 0.30518317222595215 0.9983924627304077
vt 0.20878079533576965 0.9980262517929077
vt 0.30518317222595215 0.9983924627304077
vt 0.20878079533576965 0.9983924627304077
vt 0.9019683599472046 0.5490427017211914
vt 0.9019683599472046 0.5509265661239624
vt 0.9016021490097046 0.5509265661239624
vt 0.9019683599472046 0.5490427017211914
vt 0.9016021490097046 0.5509265661239624
vt 0.9016021490097046 0.5494087934494019
vt 0.9391383528709412 0.3584914207458496
vt 0.9428004622459412 0.3584914207458496
vt 0.9424342513084412 0.35885751247406006
vt 0.9391383528709412 0.3584914207458496
vt 0.9424342513084412 0.35885751247406006
vt 0.9395045638084412 0.35885751247406006
vt 0.8983062505722046 0.5490427017211914
vt 0.9019683599472046 0.5490427017211914
vt 0.9016021490097046 0.5494087934494019
vt 0.8983062505722046 0.5490427017211914
vt 0.9016021490097046 0.5494087934494019
vt 0.8986724615097046 0.5494087934494019
vn 0.03724665269144238 1.0449245276141129e-7 -0.9993061026848941
vn 0.03724665269144238 1.0449246697226571e-7 -0.9993061026848941
vn 0.03724665269144238 1.0449245276141129e-7 -0.9993061026848941
vn 0.03724665269144238 1.0449245276141129e-7 -0.9993061026848941
vn 0.03724665269144238 1.0449245276141129e-7 -0.9993061026848941
vn 0.03724665269144238 1.0449246697226571e-7 -0.9993061026848941
vn 0.9993061026848868 -1.600157335283268e-7 0.03724665269144096
vn 0.9993061026848868 -1.6001574773918123e-7 0.03724665269144096
vn 0.9993061026848868 -1.600157335283268e-7 0.03724665269144096
vn 0.9993061026848868 -1.600157335283268e-7 0.03724665269144096
vn 0.9993061026848868 -1.600157335283268e-7 0.03724665269144096
vn 0.9993061026848868 -1.6001574773918123e-7 0.03724665269144096
vn -0.03724665269144238 -1.0449245276141129e-7 0.9993061026848941
vn -0.03724665269144238 -1.0449245276141129e-7 0.9993061026848941
vn -0.03724665269144238 -1.0449246697226571e-7 0.9993061026848941
vn -0.03724665269144238 -1.0449245276141129e-7 0.9993061026848941
vn -0.03724665269144238 -1.0449246697226571e-7 0.9993061026848941
vn -0.03724665269144238 -1.0449245276141129e-7 0.9993061026848941
vn -7.686599822843138e-8 -0.9999999999998459 5.498259740897968e-7
vn -7.686599822843138e-8 -0.9999999999998459 5.498259740897968e-7
vn -7.686599822843138e-8 -0.9999999999998459 5.498259740897968e-7
vn -7.686599822843138e-8 -0.9999999999998459 5.498259740897968e-7
vn -7.686599822843138e-8 -0.9999999999998459 5.498259740897968e-7
vn -7.686599822843138e-8 -0.9999999999998459 5.498259740897968e-7
vn -0.9993061026848868 1.600157335283268e-7 -0.03724665269144096
vn -0.9993061026848868 1.600157335283268e-7 -0.03724665269144096
vn -0.9993061026848868 1.6001574773918123e-7 -0.03724665269144096
vn -0.9993061026848868 1.600157335283268e-7 -0.03724665269144096
vn -0.9993061026848868 1.6001574773918123e-7 -0.03724665269144096
vn -0.9993061026848868 1.600157335283268e-7 -0.03724665269144096
vn 0 0.9999999999999992 -4.371138806469333e-8
vn 0 0.9999999999999992 -4.371138806469333e-8
vn 0 0.9999999999999992 -4.371138806469333e-8
vn 0 0.9999999999999992 -4.371138806469333e-8
vn 0 0.9999999999999992 -4.371138806469333e-8
vn 0 0.9999999999999992 -4.371138806469333e-8
vn 0.03724665269142705 5.877171531336673e-7 -0.9993061026847274
vn 0.03724665269142705 5.877171531336673e-7 -0.9993061026847274
vn 0.03724665269144238 1.0449245276141129e-7 -0.9993061026848941
vn 0.03724665269142705 5.877171531336673e-7 -0.9993061026847274
vn 0.03724665269144238 1.0449245276141129e-7 -0.9993061026848941
vn 0.03724665269144238 1.0449246697226571e-7 -0.9993061026848941
vn -0.03724665269143448 4.368105684987594e-8 0.9993061026848991
vn -0.03724665269143448 4.368105684987594e-8 0.9993061026848991
vn -0.03724665269143448 4.368105684987594e-8 0.9993061026848991
vn -0.03724665269143448 4.368105684987594e-8 0.9993061026848991
vn -0.03724665269143448 4.368105684987594e-8 0.9993061026848991
vn -0.03724665269143448 4.368105684987594e-8 0.9993061026848991
vn -0.03724665269144238 -1.0449246697226571e-7 0.9993061026848941
vn -0.03724665269144238 -1.0449245276141129e-7 0.9993061026848941
vn -0.03724665269127062 -0.0000029224814670001836 0.9993061026806326
vn -0.03724665269144238 -1.0449246697226571e-7 0.9993061026848941
vn -0.03724665269127062 -0.0000029224814670001836 0.9993061026806326
vn -0.03724665269127062 -0.0000029224812396265124 0.9993061026806326
vn 0 -0.9999999999999992 4.371138806469333e-8
vn 0 -0.9999999999999992 4.371138806469333e-8
vn 0 -0.9999999999999992 4.371138806469333e-8
vn 0 -0.9999999999999992 4.371138806469333e-8
vn 0 -0.9999999999999992 4.371138806469333e-8
vn 0 -0.9999999999999992 4.371138806469333e-8
vn -0.03724665269143448 4.368105684987594e-8 0.9993061026848991
vn -0.03724665269143448 4.368105684987594e-8 0.9993061026848991
vn -0.03724665269143448 4.368105684987594e-8 0.9993061026848991
vn -0.03724665269143448 4.368105684987594e-8 0.9993061026848991
vn -0.03724665269143448 4.368105684987594e-8 0.9993061026848991
vn -0.03724665269143448 4.368105684987594e-8 0.9993061026848991
vn 0.03724665269143448 -4.368105684987594e-8 -0.9993061026848991
vn 0.03724665269143448 -4.368105684987594e-8 -0.9993061026848991
vn 0.03724665269143448 -4.368105684987594e-8 -0.9993061026848991
vn 0.03724665269143448 -4.368105684987594e-8 -0.9993061026848991
vn 0.03724665269143448 -4.368105684987594e-8 -0.9993061026848991
vn 0.03724665269143448 -4.368105684987594e-8 -0.9993061026848991
vn 0.03724665269143448 -4.368105684987594e-8 -0.9993061026848991
vn 0.03724665269143448 -4.368105684987594e-8 -0.9993061026848991
vn 0.03724665269143448 -4.368105684987594e-8 -0.9993061026848991
vn 0.03724665269143448 -4.368105684987594e-8 -0.9993061026848991
vn 0.03724665269143448 -4.368105684987594e-8 -0.9993061026848991
vn 0.03724665269143448 -4.368105684987594e-8 -0.9993061026848991
vn 0 0.9999999999999992 -4.371138806469333e-8
vn 0 0.9999999999999992 -4.371138806469333e-8
vn 0 0.9999999999999992 -4.371138806469333e-8
vn 0 0.9999999999999992 -4.371138806469333e-8
vn 0 0.9999999999999992 -4.371138806469333e-8
vn 0 0.9999999999999992 -4.371138806469333e-8
vn 0.999305723743322 4.407271803314616e-7 0.03725681808261325
vn 0.9993061026848999 1.628102889906144e-9 0.03724665269143438
vn 0.9993061026848999 1.628102889906144e-9 0.03724665269143438
vn 0.999305723743322 4.407271803314616e-7 0.03725681808261325
vn 0.9993061026848999 1.628102889906144e-9 0.03724665269143438
vn 0.9993057237434576 4.4072698137934065e-7 0.037256818078977794
vn -0.9993061026848999 -1.628102889906144e-9 -0.03724665269143438
vn -0.999305913227061 -2.211776416192404e-7 -0.03725173538750669
vn -0.9993059132271287 -2.211775421431799e-7 -0.03725173538568896
vn -0.9993061026848999 -1.628102889906144e-9 -0.03724665269143438
vn -0.9993059132271287 -2.211775421431799e-7 -0.03725173538568896
vn -0.9993061026848999 -1.628102889906144e-9 -0.03724665269143438
vn 0.9993057237434576 4.4072698137934065e-7 0.037256818078977794
vn 0.9993057235289321 0.000020785843065878734 0.03725681803732583
vn 0.9993057235241255 0.000020785593864341212 0.03725681816638462
vn 0.9993057237434576 4.4072698137934065e-7 0.037256818078977794
vn 0.9993057235241255 0.000020785593864341212 0.03725681816638462
vn 0.999305723743322 4.407271803314616e-7 0.03725681808261325
vn -0.9993059131738022 -0.000010393735586471145 -0.03725173536687414
vn -0.9993059132271287 -2.211775421431799e-7 -0.03725173538568896
vn -0.999305913227061 -2.211776416192404e-7 -0.03725173538750669
vn -0.9993059131738022 -0.000010393735586471145 -0.03725173536687414
vn -0.999305913227061 -2.211776416192404e-7 -0.03725173538750669
vn -0.9993059131713979 -0.000010393610985702328 -0.037251735431403504
vn -0.9993061026848999 -1.628102889906144e-9 -0.03724665269143438
vn -0.9993061026848999 -1.628102889906144e-9 -0.03724665269143438
vn -0.9993061026848999 -1.628102889906144e-9 -0.03724665269143438
vn -0.9993061026848999 -1.628102889906144e-9 -0.03724665269143438
vn -0.9993061026848999 -1.628102889906144e-9 -0.03724665269143438
vn -0.9993061026848999 -1.628102889906144e-9 -0.03724665269143438
vn 0 -0.9999999999999992 4.371138806469333e-8
vn 0 -0.9999999999999992 4.371138806469333e-8
vn 0 -0.9999999999999992 4.371138806469333e-8
vn 0 -0.9999999999999992 4.371138806469333e-8
vn 0 -0.9999999999999992 4.371138806469333e-8
vn 0 -0.9999999999999992 4.371138806469333e-8
vn 0.9993061026848999 1.628102889906144e-9 0.03724665269143438
vn 0.9993061026848999 1.628102889906144e-9 0.03724665269143438
vn 0.9993061026848999 1.628102889906144e-9 0.03724665269143438
vn 0.9993061026848999 1.628102889906144e-9 0.03724665269143438
vn 0.9993061026848999 1.628102889906144e-9 0.03724665269143438
vn 0.9993061026848999 1.628102889906144e-9 0.03724665269143438
vn 0.9993067787179283 0.000004382319865796391 0.037228510434783806
vn 0.9993064404909547 0.000022537168824675388 0.0372375816262765
vn 0.999306440494651 0.000022536966916851442 0.03723758152721052
vn 0.9993067787179283 0.000004382319865796391 0.037228510434783806
vn 0.999306440494651 0.000022536966916851442 0.03723758152721052
vn 0.9993067787178606 0.000004382319411049129 0.03722851043660153
vn 0 0.9999999999999992 -4.371138806469333e-8
vn 0 0.9999999999999992 -4.371138806469333e-8
vn 0 0.9999999999999992 -4.371138806469333e-8
vn 0 0.9999999999999992 -4.371138806469333e-8
vn 0 0.9999999999999992 -4.371138806469333e-8
vn 0 0.9999999999999992 -4.371138806469333e-8
vn -0.9993062716616405 -0.000011269398466276835 -0.03724211716205697
vn -0.9993064407449147 -0.0000021919735298824452 -0.037237581566549535
vn -0.9993064407449147 -0.0000021919735298824452 -0.037237581566549535
vn -0.9993062716616405 -0.000011269398466276835 -0.03724211716205697
vn -0.9993064407449147 -0.0000021919735298824452 -0.037237581566549535
vn -0.9993062716634876 -0.000011269297512364808 -0.03724211711252395
vn 0.9993064404909547 0.000022537168824675388 0.0372375816262765
vn 0.9993057235241255 0.000020785593864341212 0.03725681816638462
vn 0.9993057235289321 0.000020785843065878734 0.03725681803732583
vn 0.9993064404909547 0.000022537168824675388 0.0372375816262765
vn 0.9993057235289321 0.000020785843065878734 0.03725681803732583
vn 0.999306440494651 0.000022536966916851442 0.03723758152721052
vn -0.9993059131713979 -0.000010393610985702328 -0.037251735431403504
vn -0.9993062716616405 -0.000011269398466276835 -0.03724211716205697
vn -0.9993062716634876 -0.000011269297512364808 -0.03724211711252395
vn -0.9993059131713979 -0.000010393610985702328 -0.037251735431403504
vn -0.9993062716634876 -0.000011269297512364808 -0.03724211711252395
vn -0.9993059131738022 -0.000010393735586471145 -0.03725173536687414
f 2173/2173/2173 2174/2174/2174 2175/2175/2175
f 2176/2176/2176 2177/2177/2177 2178/2178/2178
f 2179/2179/2179 2180/2180/2180 2181/2181/2181
f 2182/2182/2182 2183/2183/2183 2184/2184/2184
f 2185/2185/2185 2186/2186/2186 2187/2187/2187
f 2188/2188/2188 2189/2189/2189 2190/2190/2190
f 2191/2191/2191 2192/2192/2192 2193/2193/2193
f 2194/2194/2194 2195/2195/2195 2196/2196/2196
f 2197/2197/2197 2198/2198/2198 2199/2199/2199
f 2200/2200/2200 2201/2201/2201 2202/2202/2202
f 2203/2203/2203 2204/2204/2204 2205/2205/2205
f 2206/2206/2206 2207/2207/2207 2208/2208/2208
f 2209/2209/2209 2210/2210/2210 2211/2211/2211
f 2212/2212/2212 2213/2213/2213 2214/2214/2214
f 2215/2215/2215 2216/2216/2216 2217/2217/2217
f 2218/2218/2218 2219/2219/2219 2220/2220/2220
f 2221/2221/2221 2222/2222/2222 2223/2223/2223
f 2224/2224/2224 2225/2225/2225 2226/2226/2226
f 2227/2227/2227 2228/2228/2228 2229/2229/2229
f 2230/2230/2230 2231/2231/2231 2232/2232/2232
f 2233/2233/2233 2234/2234/2234 2235/2235/2235
f 2236/2236/2236 2237/2237/2237 2238/2238/2238
f 2239/2239/2239 2240/2240/2240 2241/2241/2241
f 2242/2242/2242 2243/2243/2243 2244/2244/2244
f 2245/2245/2245 2246/2246/2246 2247/2247/2247
f 2248/2248/2248 2249/2249/2249 2250/2250/2250
f 2251/2251/2251 2252/2252/2252 2253/2253/2253
f 2254/2254/2254 2255/2255/2255 2256/2256/2256
f 2257/2257/2257 2258/2258/2258 2259/2259/2259
f 2260/2260/2260 2261/2261/2261 2262/2262/2262
f 2263/2263/2263 2264/2264/2264 2265/2265/2265
f 2266/2266/2266 2267/2267/2267 2268/2268/2268
f 2269/2269/2269 2270/2270/2270 2271/2271/2271
f 2272/2272/2272 2273/2273/2273 2274/2274/2274
f 2275/2275/2275 2276/2276/2276 2277/2277/2277
f 2278/2278/2278 2279/2279/2279 2280/2280/2280
f 2281/2281/2281 2282/2282/2282 2283/2283/2283
f 2284/2284/2284 2285/2285/2285 2286/2286/2286
f 2287/2287/2287 2288/2288/2288 2289/2289/2289
f 2290/2290/2290 2291/2291/2291 2292/2292/2292
f 2293/2293/2293 2294/2294/2294 2295/2295/2295
f 2296/2296/2296 2297/2297/2297 2298/2298/2298
f 2299/2299/2299 2300/2300/2300 2301/2301/2301
f 2302/2302/2302 2303/2303/2303 2304/2304/2304
f 2305/2305/2305 2306/2306/2306 2307/2307/2307
f 2308/2308/2308 2309/2309/2309 2310/2310/2310
f 2311/2311/2311 2312/2312/2312 2313/2313/2313
f 2314/2314/2314 2315/2315/2315 2316/2316/2316
f 2317/2317/2317 2318/2318/2318 2319/2319/2319
f 2320/2320/2320 2321/2321/2321 2322/2322/2322
f 2323/2323/2323 2324/2324/2324 2325/2325/2325
f 2326/2326/2326 2327/2327/2327 2328/2328/2328
o door_big005
usemtl DefaultMaterial
v -3066.0652267303144 89.14781274507665 302.22772264135267
v -3066.0651356681756 808.1583870858963 302.2276790551846
v -2671.6649445193507 808.158386230471 282.6578294072309
v -3066.0652267303144 89.14781274507665 302.22772264135267
v -2671.6649445193507 808.158386230471 282.6578294072309
v -2671.6650355814895 89.1477966308623 282.6578729933997
v -2671.6650355814895 89.1477966308623 282.6578729933997
v -2671.6649445193507 808.158386230471 282.6578294072309
v -2670.9215700114764 808.1583868853362 297.63939816095024
v -2671.6650355814895 89.1477966308623 282.6578729933997
v -2670.9215700114764 808.1583868853362 297.63939816095024
v -2670.9216610736153 89.14779728572746 297.639441747119
v -2670.9216610736153 89.14779728572746 297.639441747119
v -2670.9215700114764 808.1583868853362 297.63939816095024
v -3065.3217611603013 808.1583877407614 317.2092478089039
v -2670.9216610736153 89.14779728572746 297.639441747119
v -3065.3217611603013 808.1583877407614 317.2092478089039
v -3065.32185222244 89.14782865873087 317.2092913950713
v -2671.6650355814895 89.1477966308623 282.6578729933997
v -2670.9216610736153 89.14779728572746 297.639441747119
v -3065.32185222244 89.14782865873087 317.2092913950713
v -2671.6650355814895 89.1477966308623 282.6578729933997
v -3065.32185222244 89.14782865873087 317.2092913950713
v -3066.0652267303144 89.14781274507665 302.22772264135267
v -3065.32185222244 89.14782865873087 317.2092913950713
v -3065.3217611603013 808.1583877407614 317.2092478089039
v -3066.0651356681756 808.1583870858963 302.2276790551846
v -3065.32185222244 89.14782865873087 317.2092913950713
v -3066.0651356681756 808.1583870858963 302.2276790551846
v -3066.0652267303144 89.14781274507665 302.22772264135267
v -3065.3216731229604 844.4084487759145 317.20917310698627
v -2670.921512454215 844.4084479204893 297.6393249714319
v -2671.6648869620894 844.4084472656241 282.6577562177126
v -3065.3216731229604 844.4084487759145 317.20917310698627
v -2671.6648869620894 844.4084472656241 282.6577562177126
v -3066.0650476308347 844.4084481210493 302.22760435326694
v -3066.0650476308347 844.4084481210493 302.22760435326694
v -2671.6648869620894 844.4084472656241 282.6577562177126
v -2671.6649445193507 808.158386230471 282.6578294072309
v -3066.0650476308347 844.4084481210493 302.22760435326694
v -2671.6649445193507 808.158386230471 282.6578294072309
v -3066.0651356681756 808.1583870858963 302.2276790551846
v -2670.921512454215 844.4084479204893 297.6393249714319
v -3065.3216731229604 844.4084487759145 317.20917310698627
v -3065.3216731229604 836.692018111852 317.20917344428216
v -2670.921512454215 844.4084479204893 297.6393249714319
v -3065.3216731229604 836.692018111852 317.20917344428216
v -2670.921512454215 836.6920172564268 297.6393253087278
v -3065.3217611603013 808.1583877407614 317.2092478089039
v -2670.9215700114764 808.1583868853362 297.63939816095024
v -2670.921512454215 815.8748785845518 297.63932621867383
v -3065.3217611603013 808.1583877407614 317.2092478089039
v -2670.921512454215 815.8748785845518 297.63932621867383
v -3065.3216731229604 815.874879439977 317.2091743542282
v -2671.590549511302 842.9084473311107 284.1559131586516
v -2670.9958499050026 842.9084478550028 296.14116816162704
v -3065.396010573748 842.908448710428 315.7110162971814
v -2671.590549511302 842.9084473311107 284.1559131586516
v -3065.396010573748 842.908448710428 315.7110162971814
v -3065.9907101800472 842.9084481865359 303.72576129420594
v -3065.9907101800472 842.9084481865359 303.72576129420594
v -3065.9907101800472 809.6584481865359 303.7257627476096
v -2671.590549511302 809.6584473311107 284.15591461205526
v -3065.9907101800472 842.9084481865359 303.72576129420594
v -2671.590549511302 809.6584473311107 284.15591461205526
v -2671.590549511302 842.9084473311107 284.1559131586516
v -3065.396010573748 836.6920180463655 315.7110165689102
v -3065.396010573748 842.908448710428 315.7110162971814
v -2670.9958499050026 842.9084478550028 296.14116816162704
v -3065.396010573748 836.6920180463655 315.7110165689102
v -2670.9958499050026 842.9084478550028 296.14116816162704
v -2670.9958499050026 836.6920171909403 296.14116843335586
v -2670.9958499050026 815.8748785190653 296.1411693433019
v -2670.9958499050026 809.6584478550028 296.1411696150307
v -3065.396010573748 809.658448710428 315.7110177505851
v -2670.9958499050026 815.8748785190653 296.1411693433019
v -3065.396010573748 809.658448710428 315.7110177505851
v -3065.396010573748 815.8748793744905 315.71101747885626
v -3065.396010573748 809.658448710428 315.7110177505851
v -2670.9958499050026 809.6584478550028 296.1411696150307
v -2671.590549511302 809.6584473311107 284.15591461205526
v -3065.396010573748 809.658448710428 315.7110177505851
v -2671.590549511302 809.6584473311107 284.15591461205526
v -3065.9907101800472 809.6584481865359 303.7257627476096
v -2671.6648869620894 844.4084472656241 282.6577562177126
v -2670.921512454215 844.4084479204893 297.6393249714319
v -2670.9958499050026 842.9084478550028 296.14116816162704
v -2671.6648869620894 844.4084472656241 282.6577562177126
v -2670.9958499050026 842.9084478550028 296.14116816162704
v -2671.590549511302 842.9084473311107 284.1559131586516
v -3065.3216731229604 844.4084487759145 317.20917310698627
v -3066.0650476308347 844.4084481210493 302.22760435326694
v -3065.9907101800472 842.9084481865359 303.72576129420594
v -3065.3216731229604 844.4084487759145 317.20917310698627
v -3065.9907101800472 842.9084481865359 303.72576129420594
v -3065.396010573748 842.908448710428 315.7110162971814
v -2671.590549511302 842.9084473311107 284.1559131586516
v -2671.590549511302 809.6584473311107 284.15591461205526
v -2671.6649445193507 808.158386230471 282.6578294072309
v -2671.590549511302 842.9084473311107 284.1559131586516
v -2671.6649445193507 808.158386230471 282.6578294072309
v -2671.6648869620894 844.4084472656241 282.6577562177126
v -3065.9907101800472 809.6584481865359 303.7257627476096
v -3065.9907101800472 842.9084481865359 303.72576129420594
v -3066.0650476308347 844.4084481210493 302.22760435326694
v -3065.9907101800472 809.6584481865359 303.7257627476096
v -3066.0650476308347 844.4084481210493 302.22760435326694
v -3066.0651356681756 808.1583870858963 302.2276790551846
v -3065.3216731229604 836.692018111852 317.20917344428216
v -3065.3216731229604 844.4084487759145 317.20917310698627
v -3065.396010573748 842.908448710428 315.7110162971814
v -3065.3216731229604 836.692018111852 317.20917344428216
v -3065.396010573748 842.908448710428 315.7110162971814
v -3065.396010573748 836.6920180463655 315.7110165689102
v -2670.921512454215 836.6920172564268 297.6393253087278
v -3065.3216731229604 836.692018111852 317.20917344428216
v -3065.396010573748 836.6920180463655 315.7110165689102
v -2670.921512454215 836.6920172564268 297.6393253087278
v -3065.396010573748 836.6920180463655 315.7110165689102
v -2670.9958499050026 836.6920171909403 296.14116843335586
v -2670.921512454215 844.4084479204893 297.6393249714319
v -2670.921512454215 836.6920172564268 297.6393253087278
v -2670.9958499050026 836.6920171909403 296.14116843335586
v -2670.921512454215 844.4084479204893 297.6393249714319
v -2670.9958499050026 836.6920171909403 296.14116843335586
v -2670.9958499050026 842.9084478550028 296.14116816162704
v -2670.921512454215 815.8748785845518 297.63932621867383
v -2670.9215700114764 808.1583868853362 297.63939816095024
v -2670.9958499050026 809.6584478550028 296.1411696150307
v -2670.921512454215 815.8748785845518 297.63932621867383
v -2670.9958499050026 809.6584478550028 296.1411696150307
v -2670.9958499050026 815.8748785190653 296.1411693433019
v -3065.3216731229604 815.874879439977 317.2091743542282
v -2670.921512454215 815.8748785845518 297.63932621867383
v -2670.9958499050026 815.8748785190653 296.1411693433019
v -3065.3216731229604 815.874879439977 317.2091743542282
v -2670.9958499050026 815.8748785190653 296.1411693433019
v -3065.396010573748 815.8748793744905 315.71101747885626
v -3065.3217611603013 808.1583877407614 317.2092478089039
v -3065.3216731229604 815.874879439977 317.2091743542282
v -3065.396010573748 815.8748793744905 315.71101747885626
v -3065.3217611603013 808.1583877407614 317.2092478089039
v -3065.396010573748 815.8748793744905 315.71101747885626
v -3065.396010573748 809.658448710428 315.7110177505851
v -2670.9215700114764 808.1583868853362 297.63939816095024
v -2671.6649445193507 808.158386230471 282.6578294072309
v -2671.590549511302 809.6584473311107 284.15591461205526
v -2670.9215700114764 808.1583868853362 297.63939816095024
v -2671.590549511302 809.6584473311107 284.15591461205526
v -2670.9958499050026 809.6584478550028 296.1411696150307
v -3066.0651356681756 808.1583870858963 302.2276790551846
v -3065.3217611603013 808.1583877407614 317.2092478089039
v -3065.396010573748 809.658448710428 315.7110177505851
v -3066.0651356681756 808.1583870858963 302.2276790551846
v -3065.396010573748 809.658448710428 315.7110177505851
v -3065.9907101800472 809.6584481865359 303.7257627476096
vt 0.7043522596359253 0.5353541970252991
vt 0.7043522596359253 0.7133352756500244
vt 0.6079446077346802 0.7133352756500244
vt 0.7043522596359253 0.5353541970252991
vt 0.6079446077346802 0.7133352756500244
vt 0.6079448461532593 0.5353541970252991
vt 0.5979960560798645 0.5444279909133911
vt 0.5979960560798645 0.722412109375
vt 0.5943339467048645 0.722412109375
vt 0.5979960560798645 0.5444279909133911
vt 0.5943339467048645 0.722412109375
vt 0.5943339467048645 0.5444279909133911
vt 0.9357340931892395 0.21777117252349854
vt 0.9357340931892395 0.39575231075286865
vt 0.8393265604972839 0.39575231075286865
vt 0.9357340931892395 0.21777117252349854
vt 0.8393265604972839 0.39575231075286865
vt 0.8393265604972839 0.21777117252349854
vt 0.7996267080307007 0.9164538383483887
vt 0.7996267080307007 0.9201159477233887
vt 0.7032195329666138 0.9201159477233887
vt 0.7996267080307007 0.9164538383483887
vt 0.7032195329666138 0.9201159477233887
vt 0.7032195329666138 0.9164538383483887
vt 0.9881693124771118 0.004536867141723633
vt 0.9881693124771118 0.1825212836265564
vt 0.9845073223114014 0.1825212836265564
vt 0.9881693124771118 0.004536867141723633
vt 0.9845073223114014 0.1825212836265564
vt 0.9845073223114014 0.004536867141723633
vt 0.812105119228363 0.8983062505722046
vt 0.90851229429245 0.8983062505722046
vt 0.90851229429245 0.9019683599472046
vt 0.812105119228363 0.8983062505722046
vt 0.90851229429245 0.9019683599472046
vt 0.812105119228363 0.9019683599472046
vt 0.7043522596359253 0.7197439670562744
vt 0.6079446077346802 0.7197439670562744
vt 0.6079446077346802 0.7133352756500244
vt 0.7043522596359253 0.7197439670562744
vt 0.6079446077346802 0.7133352756500244
vt 0.7043522596359253 0.7133352756500244
vt 0.7910199761390686 0.9638916850090027
vt 0.6946108937263489 0.9638916850090027
vt 0.6946108937263489 0.9620077013969421
vt 0.7910199761390686 0.9638916850090027
vt 0.6946108937263489 0.9620077013969421
vt 0.7910199761390686 0.9620077013969421
vt 0.8393265604972839 0.39575231075286865
vt 0.9357340931892395 0.39575231075286865
vt 0.9357340931892395 0.39763617515563965
vt 0.8393265604972839 0.39575231075286865
vt 0.9357340931892395 0.39763617515563965
vt 0.8393265604972839 0.39763617515563965
vt 0.9039761424064636 0.803031325340271
vt 0.9039761424064636 0.805961012840271
vt 0.8075682520866394 0.805961012840271
vt 0.9039761424064636 0.803031325340271
vt 0.8075682520866394 0.805961012840271
vt 0.8075682520866394 0.803031325340271
vt 0.8075682520866394 0.817781388759613
vt 0.8075682520866394 0.812105119228363
vt 0.9039759039878845 0.812105119228363
vt 0.8075682520866394 0.817781388759613
vt 0.9039759039878845 0.812105119228363
vt 0.9039759039878845 0.817781388759613
vt 0.9039790034294128 0.7395147085189819
vt 0.9039790034294128 0.7410322427749634
vt 0.8075682520866394 0.7410322427749634
vt 0.9039790034294128 0.7395147085189819
vt 0.8075682520866394 0.7410322427749634
vt 0.8075682520866394 0.7395147085189819
vt 0.8075681924819946 0.7455691695213318
vt 0.8075681924819946 0.7440516352653503
vt 0.9039789438247681 0.7440516352653503
vt 0.8075681924819946 0.7455691695213318
vt 0.9039789438247681 0.7440516352653503
vt 0.9039789438247681 0.7455691695213318
vt 0.8075682520866394 0.7894206643104553
vt 0.9039761424064636 0.7894206643104553
vt 0.9039761424064636 0.7923503518104553
vt 0.8075682520866394 0.7894206643104553
vt 0.9039761424064636 0.7923503518104553
vt 0.8075682520866394 0.7923503518104553
vt 0.5979962944984436 0.7288209199905396
vt 0.5943339467048645 0.7288209199905396
vt 0.5947003960609436 0.7284547090530396
vt 0.5979962944984436 0.7288209199905396
vt 0.5947003960609436 0.7284547090530396
vt 0.5976298451423645 0.7284547090530396
vt 0.9881693124771118 0.18893003463745117
vt 0.9845073223114014 0.18893003463745117
vt 0.9848735332489014 0.1885637640953064
vt 0.9881693124771118 0.18893003463745117
vt 0.9848735332489014 0.1885637640953064
vt 0.9878032207489014 0.1885637640953064
vt 0.5976298451423645 0.7284547090530396
vt 0.5976298451423645 0.7227783203125
vt 0.5979960560798645 0.722412109375
vt 0.5976298451423645 0.7284547090530396
vt 0.5979960560798645 0.722412109375
vt 0.5979962944984436 0.7288209199905396
vt 0.9848735332489014 0.18288743495941162
vt 0.9848735332489014 0.1885637640953064
vt 0.9845073223114014 0.18893003463745117
vt 0.9848735332489014 0.18288743495941162
vt 0.9845073223114014 0.18893003463745117
vt 0.9845073223114014 0.1825212836265564
vt 0.9881693124771118 0.1870461106300354
vt 0.9881693124771118 0.18893003463745117
vt 0.9878032207489014 0.1885637640953064
vt 0.9881693124771118 0.1870461106300354
vt 0.9878032207489014 0.1885637640953064
vt 0.9878032207489014 0.1870461106300354
vt 0.8897358775138855 0.9599463939666748
vt 0.7933260798454285 0.9599463939666748
vt 0.7933260798454285 0.9595801830291748
vt 0.8897358775138855 0.9599463939666748
vt 0.7933260798454285 0.9595801830291748
vt 0.8897358775138855 0.9595801830291748
vt 0.5943339467048645 0.7288209199905396
vt 0.5943339467048645 0.726936936378479
vt 0.5947003960609436 0.726936936378479
vt 0.5943339467048645 0.7288209199905396
vt 0.5947003960609436 0.726936936378479
vt 0.5947003960609436 0.7284547090530396
vt 0.5943339467048645 0.7242959141731262
vt 0.5943339467048645 0.722412109375
vt 0.5947003960609436 0.7227783203125
vt 0.5943339467048645 0.7242959141731262
vt 0.5947003960609436 0.7227783203125
vt 0.5947003960609436 0.7242959141731262
vt 0.2090729922056198 0.9956322312355042
vt 0.30548274517059326 0.9956322312355042
vt 0.30548274517059326 0.9959984421730042
vt 0.2090729922056198 0.9956322312355042
vt 0.30548274517059326 0.9959984421730042
vt 0.2090729922056198 0.9959984421730042
vt 0.9881693124771118 0.1825212836265564
vt 0.9881693124771118 0.18440508842468262
vt 0.9878032207489014 0.18440508842468262
vt 0.9881693124771118 0.1825212836265564
vt 0.9878032207489014 0.18440508842468262
vt 0.9878032207489014 0.18288743495941162
vt 0.5943339467048645 0.722412109375
vt 0.5979960560798645 0.722412109375
vt 0.5976298451423645 0.7227783203125
vt 0.5943339467048645 0.722412109375
vt 0.5976298451423645 0.7227783203125
vt 0.5947003960609436 0.7227783203125
vt 0.9845073223114014 0.1825212836265564
vt 0.9881693124771118 0.1825212836265564
vt 0.9878032207489014 0.18288743495941162
vt 0.9845073223114014 0.1825212836265564
vt 0.9878032207489014 0.18288743495941162
vt 0.9848735332489014 0.18288743495941162
vn -0.04955829964596462 -5.426863900824325e-8 -0.9987712325333554
vn -0.04955829964596462 -5.426863900824325e-8 -0.9987712325333554
vn -0.04955829964596462 -5.426863900824325e-8 -0.9987712325333554
vn -0.04955829964596462 -5.426863900824325e-8 -0.9987712325333554
vn -0.04955829964596462 -5.426863900824325e-8 -0.9987712325333554
vn -0.04955829964596462 -5.426863900824325e-8 -0.9987712325333554
vn 0.9987712325333488 -1.294978105218712e-7 -0.04955829964595853
vn 0.9987712325333488 -1.294978105218712e-7 -0.04955829964595853
vn 0.9987712325333488 -1.294978105218712e-7 -0.04955829964595853
vn 0.9987712325333488 -1.294978105218712e-7 -0.04955829964595853
vn 0.9987712325333488 -1.294978105218712e-7 -0.04955829964595853
vn 0.9987712325333488 -1.294978105218712e-7 -0.04955829964595853
vn 0.049558299645965025 5.4268639008243234e-8 0.9987712325333552
vn 0.049558299645965025 5.4268639008243234e-8 0.9987712325333552
vn 0.049558299645965025 5.4268639008243234e-8 0.9987712325333552
vn 0.049558299645965025 5.4268639008243234e-8 0.9987712325333552
vn 0.049558299645965025 5.4268639008243234e-8 0.9987712325333552
vn 0.049558299645965025 5.4268639008243234e-8 0.9987712325333552
vn -3.2683705044477685e-8 -0.9999999999998458 5.545852585368332e-7
vn -3.2683705044477685e-8 -0.9999999999998458 5.545852585368332e-7
vn -3.2683705044477685e-8 -0.9999999999998458 5.545852585368332e-7
vn -3.2683705044477685e-8 -0.9999999999998458 5.545852585368332e-7
vn -3.2683705044477685e-8 -0.9999999999998458 5.545852585368332e-7
vn -3.2683705044477685e-8 -0.9999999999998458 5.545852585368332e-7
vn -0.9987712325333488 1.294978105218712e-7 0.04955829964595853
vn -0.9987712325333488 1.294978105218712e-7 0.04955829964595853
vn -0.9987712325333488 1.294978105218712e-7 0.04955829964595853
vn -0.9987712325333488 1.294978105218712e-7 0.04955829964595853
vn -0.9987712325333488 1.294978105218712e-7 0.04955829964595853
vn -0.9987712325333488 1.2949782473272615e-7 0.04955829964595853
vn 0 0.9999999999999991 -4.3711388064693324e-8
vn 0 0.9999999999999991 -4.3711388064693324e-8
vn 0 0.9999999999999991 -4.3711388064693324e-8
vn 0 0.9999999999999991 -4.3711388064693324e-8
vn 0 0.9999999999999991 -4.3711388064693324e-8
vn 0 0.9999999999999991 -4.3711388064693324e-8
vn -0.04955829964587572 -0.000001937849138235064 -0.9987712325314814
vn -0.04955829964587572 -0.000001937849024548224 -0.9987712325314814
vn -0.04955829964596462 -5.426863900824325e-8 -0.9987712325333554
vn -0.04955829964587572 -0.000001937849138235064 -0.9987712325314814
vn -0.04955829964596462 -5.426863900824325e-8 -0.9987712325333554
vn -0.04955829964596462 -5.426863900824325e-8 -0.9987712325333554
vn 0.04955829964596462 4.365767693311762e-8 0.9987712325333559
vn 0.04955829964596462 4.365767693311762e-8 0.9987712325333559
vn 0.04955829964596462 4.365767693311762e-8 0.9987712325333559
vn 0.04955829964596462 4.365767693311762e-8 0.9987712325333559
vn 0.04955829964596462 4.365767693311762e-8 0.9987712325333559
vn 0.04955829964596462 4.365767693311762e-8 0.9987712325333559
vn 0.049558299645965025 5.4268639008243234e-8 0.9987712325333552
vn 0.049558299645965025 5.4268639008243234e-8 0.9987712325333552
vn 0.04955829964400256 0.00000894207396101746 0.9987712324934246
vn 0.049558299645965025 5.4268639008243234e-8 0.9987712325333552
vn 0.04955829964400256 0.00000894207396101746 0.9987712324934246
vn 0.04955829964400256 0.00000894207396101746 0.9987712324934246
vn 0 -0.9999999999999991 4.3711388064693324e-8
vn 0 -0.9999999999999991 4.3711388064693324e-8
vn 0 -0.9999999999999991 4.3711388064693324e-8
vn 0 -0.9999999999999991 4.3711388064693324e-8
vn 0 -0.9999999999999991 4.3711388064693324e-8
vn 0 -0.9999999999999991 4.3711388064693324e-8
vn 0.04955829964596462 4.365767693311762e-8 0.9987712325333559
vn 0.04955829964596462 4.365767693311762e-8 0.9987712325333559
vn 0.04955829964596462 4.365767693311762e-8 0.9987712325333559
vn 0.04955829964596462 4.365767693311762e-8 0.9987712325333559
vn 0.04955829964596462 4.365767693311762e-8 0.9987712325333559
vn 0.04955829964596462 4.365767693311762e-8 0.9987712325333559
vn -0.04955829964596462 -4.365767693311762e-8 -0.9987712325333559
vn -0.04955829964596462 -4.365767693311762e-8 -0.9987712325333559
vn -0.04955829964596462 -4.365767693311762e-8 -0.9987712325333559
vn -0.04955829964596462 -4.365767693311762e-8 -0.9987712325333559
vn -0.04955829964596462 -4.365767693311762e-8 -0.9987712325333559
vn -0.04955829964596462 -4.365767693311762e-8 -0.9987712325333559
vn -0.04955829964596462 -4.365767693311762e-8 -0.9987712325333559
vn -0.04955829964596462 -4.365767693311762e-8 -0.9987712325333559
vn -0.04955829964596462 -4.365767693311762e-8 -0.9987712325333559
vn -0.04955829964596462 -4.365767693311762e-8 -0.9987712325333559
vn -0.04955829964596462 -4.365767693311762e-8 -0.9987712325333559
vn -0.04955829964596462 -4.365767693311762e-8 -0.9987712325333559
vn 0 0.9999999999999991 -4.3711388064693324e-8
vn 0 0.9999999999999991 -4.3711388064693324e-8
vn 0 0.9999999999999991 -4.3711388064693324e-8
vn 0 0.9999999999999991 -4.3711388064693324e-8
vn 0 0.9999999999999991 -4.3711388064693324e-8
vn 0 0.9999999999999991 -4.3711388064693324e-8
vn 0.998770728337971 -4.412777761293405e-7 -0.04956845988170301
vn 0.9987712325333568 -2.16626206765111e-9 -0.04955829964596449
vn 0.9987712325333568 -2.16626206765111e-9 -0.04955829964596449
vn 0.998770728337971 -4.412777761293405e-7 -0.04956845988170301
vn 0.9987712325333568 -2.16626206765111e-9 -0.04955829964596449
vn 0.9987707283373851 -4.412782592989256e-7 -0.04956845989351191
vn -0.9987712325333568 2.16626206765111e-9 0.04955829964596449
vn -0.9987704762014469 6.608335189065655e-7 0.04957353999764451
vn -0.9987704762005452 6.608342578718176e-7 0.04957354001581203
vn -0.9987712325333568 2.16626206765111e-9 0.04955829964596449
vn -0.9987704762005452 6.608342578718176e-7 0.04957354001581203
vn -0.9987712325333568 2.16626206765111e-9 0.04955829964596449
vn 0.9987707283373851 -4.412782592989256e-7 -0.04956845989351191
vn 0.9987707281124938 -0.000020785139638822388 -0.04956846006904792
vn 0.9987707281488905 -0.000020786574821454308 -0.049568459335078016
vn 0.9987707283373851 -4.412782592989256e-7 -0.04956845989351191
vn 0.9987707281488905 -0.000020786574821454308 -0.049568459335078016
vn 0.998770728337971 -4.412777761293405e-7 -0.04956845988170301
vn -0.9987704757015493 0.00003117662267878828 0.04957354027017991
vn -0.9987704762005452 6.608342578718176e-7 0.04957354001581203
vn -0.9987704762014469 6.608335189065655e-7 0.04957353999764451
vn -0.9987704757015493 0.00003117662267878828 0.04957354027017991
vn -0.9987704762014469 6.608335189065655e-7 0.04957353999764451
vn -0.9987704757560372 0.00003117878000020823 0.049573539171040966
vn -0.9987712325333568 2.16626206765111e-9 0.04955829964596449
vn -0.9987712325333568 2.16626206765111e-9 0.04955829964596449
vn -0.9987712325333568 2.16626206765111e-9 0.04955829964596449
vn -0.9987712325333568 2.16626206765111e-9 0.04955829964596449
vn -0.9987712325333568 2.16626206765111e-9 0.04955829964596449
vn -0.9987712325333568 2.16626206765111e-9 0.04955829964596449
vn 0 -0.9999999999999991 4.3711388064693324e-8
vn 0 -0.9999999999999991 4.3711388064693324e-8
vn 0 -0.9999999999999991 4.3711388064693324e-8
vn 0 -0.9999999999999991 4.3711388064693324e-8
vn 0 -0.9999999999999991 4.3711388064693324e-8
vn 0 -0.9999999999999991 4.3711388064693324e-8
vn 0.9987712325333568 -2.16626206765111e-9 -0.04955829964596449
vn 0.9987712325333568 -2.16626206765111e-9 -0.04955829964596449
vn 0.9987712325333568 -2.16626206765111e-9 -0.04955829964596449
vn 0.9987712325333568 -2.16626206765111e-9 -0.04955829964596449
vn 0.9987712325333568 -2.16626206765111e-9 -0.04955829964596449
vn 0.9987712325333568 -2.16626206765111e-9 -0.04955829964596449
vn 0.998772132053987 -0.0000043827185831788355 -0.04954016767356457
vn 0.9987716820848924 -0.00002253671102767254 -0.0495492336712822
vn 0.9987716820855237 -0.000022536689199798766 -0.04954923365856494
vn 0.998772132053987 -0.0000043827185831788355 -0.04954016767356457
vn 0.9987716820855237 -0.000022536689199798766 -0.04954923365856494
vn 0.998772132053987 -0.0000043827185831788355 -0.04954016767356457
vn 0 0.9999999999999991 -4.3711388064693324e-8
vn 0 0.9999999999999991 -4.3711388064693324e-8
vn 0 0.9999999999999991 -4.3711388064693324e-8
vn 0 0.9999999999999991 -4.3711388064693324e-8
vn 0 0.9999999999999991 -4.3711388064693324e-8
vn 0 0.9999999999999991 -4.3711388064693324e-8
vn -0.9987719066396294 0.00003380398430750055 0.049544700672523395
vn -0.998772581683675 0.000006572995197049198 0.04953110168088892
vn -0.998772581683675 0.000006572995197049198 0.04953110168088892
vn -0.9987719066396294 0.00003380398430750055 0.049544700672523395
vn -0.998772581683675 0.000006572995197049198 0.04953110168088892
vn -0.9987719066405769 0.00003380394792771106 0.04954470065344753
vn 0.9987716820848924 -0.00002253671102767254 -0.0495492336712822
vn 0.9987707281488905 -0.000020786574821454308 -0.049568459335078016
vn 0.9987707281124938 -0.000020785139638822388 -0.04956846006904792
vn 0.9987716820848924 -0.00002253671102767254 -0.0495492336712822
vn 0.9987707281124938 -0.000020785139638822388 -0.04956846006904792
vn 0.9987716820855237 -0.000022536689199798766 -0.04954923365856494
vn -0.9987704757560372 0.00003117878000020823 0.049573539171040966
vn -0.9987719066396294 0.00003380398430750055 0.049544700672523395
vn -0.9987719066405769 0.00003380394792771106 0.04954470065344753
vn -0.9987704757560372 0.00003117878000020823 0.049573539171040966
vn -0.9987719066405769 0.00003380394792771106 0.04954470065344753
vn -0.9987704757015493 0.00003117662267878828 0.04957354027017991
f 2329/2329/2329 2330/2330/2330 2331/2331/2331
f 2332/2332/2332 2333/2333/2333 2334/2334/2334
f 2335/2335/2335 2336/2336/2336 2337/2337/2337
f 2338/2338/2338 2339/2339/2339 2340/2340/2340
f 2341/2341/2341 2342/2342/2342 2343/2343/2343
f 2344/2344/2344 2345/2345/2345 2346/2346/2346
f 2347/2347/2347 2348/2348/2348 2349/2349/2349
f 2350/2350/2350 2351/2351/2351 2352/2352/2352
f 2353/2353/2353 2354/2354/2354 2355/2355/2355
f 2356/2356/2356 2357/2357/2357 2358/2358/2358
f 2359/2359/2359 2360/2360/2360 2361/2361/2361
f 2362/2362/2362 2363/2363/2363 2364/2364/2364
f 2365/2365/2365 2366/2366/2366 2367/2367/2367
f 2368/2368/2368 2369/2369/2369 2370/2370/2370
f 2371/2371/2371 2372/2372/2372 2373/2373/2373
f 2374/2374/2374 2375/2375/2375 2376/2376/2376
f 2377/2377/2377 2378/2378/2378 2379/2379/2379
f 2380/2380/2380 2381/2381/2381 2382/2382/2382
f 2383/2383/2383 2384/2384/2384 2385/2385/2385
f 2386/2386/2386 2387/2387/2387 2388/2388/2388
f 2389/2389/2389 2390/2390/2390 2391/2391/2391
f 2392/2392/2392 2393/2393/2393 2394/2394/2394
f 2395/2395/2395 2396/2396/2396 2397/2397/2397
f 2398/2398/2398 2399/2399/2399 2400/2400/2400
f 2401/2401/2401 2402/2402/2402 2403/2403/2403
f 2404/2404/2404 2405/2405/2405 2406/2406/2406
f 2407/2407/2407 2408/2408/2408 2409/2409/2409
f 2410/2410/2410 2411/2411/2411 2412/2412/2412
f 2413/2413/2413 2414/2414/2414 2415/2415/2415
f 2416/2416/2416 2417/2417/2417 2418/2418/2418
f 2419/2419/2419 2420/2420/2420 2421/2421/2421
f 2422/2422/2422 2423/2423/2423 2424/2424/2424
f 2425/2425/2425 2426/2426/2426 2427/2427/2427
f 2428/2428/2428 2429/2429/2429 2430/2430/2430
f 2431/2431/2431 2432/2432/2432 2433/2433/2433
f 2434/2434/2434 2435/2435/2435 2436/2436/2436
f 2437/2437/2437 2438/2438/2438 2439/2439/2439
f 2440/2440/2440 2441/2441/2441 2442/2442/2442
f 2443/2443/2443 2444/2444/2444 2445/2445/2445
f 2446/2446/2446 2447/2447/2447 2448/2448/2448
f 2449/2449/2449 2450/2450/2450 2451/2451/2451
f 2452/2452/2452 2453/2453/2453 2454/2454/2454
f 2455/2455/2455 2456/2456/2456 2457/2457/2457
f 2458/2458/2458 2459/2459/2459 2460/2460/2460
f 2461/2461/2461 2462/2462/2462 2463/2463/2463
f 2464/2464/2464 2465/2465/2465 2466/2466/2466
f 2467/2467/2467 2468/2468/2468 2469/2469/2469
f 2470/2470/2470 2471/2471/2471 2472/2472/2472
f 2473/2473/2473 2474/2474/2474 2475/2475/2475
f 2476/2476/2476 2477/2477/2477 2478/2478/2478
f 2479/2479/2479 2480/2480/2480 2481/2481/2481
f 2482/2482/2482 2483/2483/2483 2484/2484/2484
o door_big006
usemtl DefaultMaterial
v -3464.638059970272 808.1583862304662 282.6578427098661
v -3069.9094404307734 808.1583867167947 293.78374042461263
v -3069.909318623877 89.147827634764 293.78378291925986
v -3464.638059970272 808.1583862304662 282.6578427098661
v -3069.909318623877 89.147827634764 293.78378291925986
v -3464.6379686688397 89.14782714843552 282.6578843446804
v -3464.6379686688397 89.14782714843552 282.6578843446804
v -3465.060593754178 89.14782780384607 297.6519298406673
v -3465.060685055611 808.1583868858768 297.651888205853
v -3464.6379686688397 89.14782714843552 282.6578843446804
v -3465.060685055611 808.1583868858768 297.651888205853
v -3464.638059970272 808.1583862304662 282.6578427098661
v -3070.3320655161124 808.1583873722052 308.77778592059957
v -3465.060685055611 808.1583868858768 297.651888205853
v -3465.060593754178 89.14782780384607 297.6519298406673
v -3070.3320655161124 808.1583873722052 308.77778592059957
v -3465.060593754178 89.14782780384607 297.6519298406673
v -3070.331943709216 89.14782829017453 308.7778284152468
v -3070.331943709216 89.14782829017453 308.7778284152468
v -3465.060593754178 89.14782780384607 297.6519298406673
v -3464.6379686688397 89.14782714843552 282.6578843446804
v -3070.331943709216 89.14782829017453 308.7778284152468
v -3464.6379686688397 89.14782714843552 282.6578843446804
v -3069.909318623877 89.147827634764 293.78378291925986
v -3069.9094404307734 808.1583867167947 293.78374042461263
v -3070.3320655161124 808.1583873722052 308.77778592059957
v -3070.331943709216 89.14782829017453 308.7778284152468
v -3069.9094404307734 808.1583867167947 293.78374042461263
v -3070.331943709216 89.14782829017453 308.7778284152468
v -3069.909318623877 89.147827634764 293.78378291925986
v -3070.3321245924153 844.4084484073584 308.7777139791
v -3069.9094995070764 844.4084477519478 293.78366848311305
v -3464.6381190465754 844.4084472656194 282.6577707683665
v -3070.3321245924153 844.4084484073584 308.7777139791
v -3464.6381190465754 844.4084472656194 282.6577707683665
v -3465.0607441319144 844.40844792103 297.65181626435344
v -3069.9094995070764 844.4084477519478 293.78366848311305
v -3069.9094404307734 808.1583867167947 293.78374042461263
v -3464.638059970272 808.1583862304662 282.6578427098661
v -3069.9094995070764 844.4084477519478 293.78366848311305
v -3464.638059970272 808.1583862304662 282.6578427098661
v -3464.6381190465754 844.4084472656194 282.6577707683665
v -3465.0607441319144 844.40844792103 297.65181626435344
v -3465.0607441319144 836.6920172569675 297.65181660164933
v -3070.3321245924153 836.6920177432959 308.7777143163959
v -3465.0607441319144 844.40844792103 297.65181626435344
v -3070.3321245924153 836.6920177432959 308.7777143163959
v -3070.3321245924153 844.4084484073584 308.7777139791
v -3070.3320655161124 808.1583873722052 308.77778592059957
v -3070.3321245924153 815.8748790714209 308.7777152263419
v -3465.0607441319144 815.8748785850925 297.65181751159537
v -3070.3320655161124 808.1583873722052 308.77778592059957
v -3465.0607441319144 815.8748785850925 297.65181751159537
v -3465.060685055611 808.1583868858768 297.651888205853
v -3464.6803815551093 842.9084473311605 284.15717538353226
v -3069.9517620156103 842.9084478174889 295.2830730982788
v -3070.2898620838814 842.9084483418173 307.27830949506836
v -3464.6803815551093 842.9084473311605 284.15717538353226
v -3070.2898620838814 842.9084483418173 307.27830949506836
v -3465.0184816233805 842.9084478554889 296.1524117803218
v -3464.6803815551093 809.6584473311605 284.15717683693595
v -3069.9517620156103 809.6584478174889 295.2830745516825
v -3069.9517620156103 842.9084478174889 295.2830730982788
v -3464.6803815551093 809.6584473311605 284.15717683693595
v -3069.9517620156103 842.9084478174889 295.2830730982788
v -3464.6803815551093 842.9084473311605 284.15717538353226
v -3070.2898620838814 836.6920176777548 307.2783097667972
v -3465.0184816233805 836.6920171914264 296.15241205205064
v -3465.0184816233805 842.9084478554889 296.1524117803218
v -3070.2898620838814 836.6920176777548 307.2783097667972
v -3465.0184816233805 842.9084478554889 296.1524117803218
v -3070.2898620838814 842.9084483418173 307.27830949506836
v -3465.0184816233805 815.8748785195514 296.1524129619967
v -3070.2898620838814 815.8748790058798 307.2783106767432
v -3070.2898620838814 809.6584483418173 307.27831094847204
v -3465.0184816233805 815.8748785195514 296.1524129619967
v -3070.2898620838814 809.6584483418173 307.27831094847204
v -3465.0184816233805 809.6584478554889 296.1524132337255
v -3070.2898620838814 809.6584483418173 307.27831094847204
v -3069.9517620156103 809.6584478174889 295.2830745516825
v -3464.6803815551093 809.6584473311605 284.15717683693595
v -3070.2898620838814 809.6584483418173 307.27831094847204
v -3464.6803815551093 809.6584473311605 284.15717683693595
v -3465.0184816233805 809.6584478554889 296.1524132337255
v -3464.6381190465754 844.4084472656194 282.6577707683665
v -3464.6803815551093 842.9084473311605 284.15717538353226
v -3465.0184816233805 842.9084478554889 296.1524117803218
v -3464.6381190465754 844.4084472656194 282.6577707683665
v -3465.0184816233805 842.9084478554889 296.1524117803218
v -3465.0607441319144 844.40844792103 297.65181626435344
v -3070.3321245924153 844.4084484073584 308.7777139791
v -3070.2898620838814 842.9084483418173 307.27830949506836
v -3069.9517620156103 842.9084478174889 295.2830730982788
v -3070.3321245924153 844.4084484073584 308.7777139791
v -3069.9517620156103 842.9084478174889 295.2830730982788
v -3069.9094995070764 844.4084477519478 293.78366848311305
v -3464.638059970272 808.1583862304662 282.6578427098661
v -3464.6803815551093 809.6584473311605 284.15717683693595
v -3464.6803815551093 842.9084473311605 284.15717538353226
v -3464.638059970272 808.1583862304662 282.6578427098661
v -3464.6803815551093 842.9084473311605 284.15717538353226
v -3464.6381190465754 844.4084472656194 282.6577707683665
v -3069.9094995070764 844.4084477519478 293.78366848311305
v -3069.9517620156103 842.9084478174889 295.2830730982788
v -3069.9517620156103 809.6584478174889 295.2830745516825
v -3069.9094995070764 844.4084477519478 293.78366848311305
v -3069.9517620156103 809.6584478174889 295.2830745516825
v -3069.9094404307734 808.1583867167947 293.78374042461263
v -3070.3321245924153 836.6920177432959 308.7777143163959
v -3070.2898620838814 836.6920176777548 307.2783097667972
v -3070.2898620838814 842.9084483418173 307.27830949506836
v -3070.3321245924153 836.6920177432959 308.7777143163959
v -3070.2898620838814 842.9084483418173 307.27830949506836
v -3070.3321245924153 844.4084484073584 308.7777139791
v -3465.0607441319144 836.6920172569675 297.65181660164933
v -3465.0184816233805 836.6920171914264 296.15241205205064
v -3070.2898620838814 836.6920176777548 307.2783097667972
v -3465.0607441319144 836.6920172569675 297.65181660164933
v -3070.2898620838814 836.6920176777548 307.2783097667972
v -3070.3321245924153 836.6920177432959 308.7777143163959
v -3465.0607441319144 844.40844792103 297.65181626435344
v -3465.0184816233805 842.9084478554889 296.1524117803218
v -3465.0184816233805 836.6920171914264 296.15241205205064
v -3465.0607441319144 844.40844792103 297.65181626435344
v -3465.0184816233805 836.6920171914264 296.15241205205064
v -3465.0607441319144 836.6920172569675 297.65181660164933
v -3465.0607441319144 815.8748785850925 297.65181751159537
v -3465.0184816233805 815.8748785195514 296.1524129619967
v -3465.0184816233805 809.6584478554889 296.1524132337255
v -3465.0607441319144 815.8748785850925 297.65181751159537
v -3465.0184816233805 809.6584478554889 296.1524132337255
v -3465.060685055611 808.1583868858768 297.651888205853
v -3070.3321245924153 815.8748790714209 308.7777152263419
v -3070.2898620838814 815.8748790058798 307.2783106767432
v -3465.0184816233805 815.8748785195514 296.1524129619967
v -3070.3321245924153 815.8748790714209 308.7777152263419
v -3465.0184816233805 815.8748785195514 296.1524129619967
v -3465.0607441319144 815.8748785850925 297.65181751159537
v -3070.3320655161124 808.1583873722052 308.77778592059957
v -3070.2898620838814 809.6584483418173 307.27831094847204
v -3070.2898620838814 815.8748790058798 307.2783106767432
v -3070.3320655161124 808.1583873722052 308.77778592059957
v -3070.2898620838814 815.8748790058798 307.2783106767432
v -3070.3321245924153 815.8748790714209 308.7777152263419
v -3465.060685055611 808.1583868858768 297.651888205853
v -3465.0184816233805 809.6584478554889 296.1524132337255
v -3464.6803815551093 809.6584473311605 284.15717683693595
v -3465.060685055611 808.1583868858768 297.651888205853
v -3464.6803815551093 809.6584473311605 284.15717683693595
v -3464.638059970272 808.1583862304662 282.6578427098661
v -3069.9094404307734 808.1583867167947 293.78374042461263
v -3069.9517620156103 809.6584478174889 295.2830745516825
v -3070.2898620838814 809.6584483418173 307.27831094847204
v -3069.9094404307734 808.1583867167947 293.78374042461263
v -3070.2898620838814 809.6584483418173 307.27831094847204
v -3070.3320655161124 808.1583873722052 308.77778592059957
vt 0.6079446077346802 0.7133352756500244
vt 0.7043522596359253 0.7133352756500244
vt 0.7043522596359253 0.5353541970252991
vt 0.6079446077346802 0.7133352756500244
vt 0.7043522596359253 0.5353541970252991
vt 0.6079448461532593 0.5353541970252991
vt 0.5979960560798645 0.5444279909133911
vt 0.5943339467048645 0.5444279909133911
vt 0.5943339467048645 0.722412109375
vt 0.5979960560798645 0.5444279909133911
vt 0.5943339467048645 0.722412109375
vt 0.5979960560798645 0.722412109375
vt 0.8393265604972839 0.39575231075286865
vt 0.9357340931892395 0.39575231075286865
vt 0.9357340931892395 0.21777117252349854
vt 0.8393265604972839 0.39575231075286865
vt 0.9357340931892395 0.21777117252349854
vt 0.8393265604972839 0.21777117252349854
vt 0.7032195329666138 0.9201159477233887
vt 0.7996267080307007 0.9201159477233887
vt 0.7996267080307007 0.9164538383483887
vt 0.7032195329666138 0.9201159477233887
vt 0.7996267080307007 0.9164538383483887
vt 0.7032195329666138 0.9164538383483887
vt 0.9845073223114014 0.1825212836265564
vt 0.9881693124771118 0.1825212836265564
vt 0.9881693124771118 0.004536867141723633
vt 0.9845073223114014 0.1825212836265564
vt 0.9881693124771118 0.004536867141723633
vt 0.9845073223114014 0.004536867141723633
vt 0.812105119228363 0.8983062505722046
vt 0.812105119228363 0.9019683599472046
vt 0.90851229429245 0.9019683599472046
vt 0.812105119228363 0.8983062505722046
vt 0.90851229429245 0.9019683599472046
vt 0.90851229429245 0.8983062505722046
vt 0.7043522596359253 0.7197439670562744
vt 0.7043522596359253 0.7133352756500244
vt 0.6079446077346802 0.7133352756500244
vt 0.7043522596359253 0.7197439670562744
vt 0.6079446077346802 0.7133352756500244
vt 0.6079446077346802 0.7197439670562744
vt 0.7910199761390686 0.9638916850090027
vt 0.7910199761390686 0.9620077013969421
vt 0.6946108937263489 0.9620077013969421
vt 0.7910199761390686 0.9638916850090027
vt 0.6946108937263489 0.9620077013969421
vt 0.6946108937263489 0.9638916850090027
vt 0.8393265604972839 0.39575231075286865
vt 0.8393265604972839 0.39763617515563965
vt 0.9357340931892395 0.39763617515563965
vt 0.8393265604972839 0.39575231075286865
vt 0.9357340931892395 0.39763617515563965
vt 0.9357340931892395 0.39575231075286865
vt 0.9039761424064636 0.803031325340271
vt 0.8075682520866394 0.803031325340271
vt 0.8075682520866394 0.805961012840271
vt 0.9039761424064636 0.803031325340271
vt 0.8075682520866394 0.805961012840271
vt 0.9039761424064636 0.805961012840271
vt 0.9039759039878845 0.812105119228363
vt 0.8075682520866394 0.812105119228363
vt 0.8075682520866394 0.817781388759613
vt 0.9039759039878845 0.812105119228363
vt 0.8075682520866394 0.817781388759613
vt 0.9039759039878845 0.817781388759613
vt 0.9039790034294128 0.7395147085189819
vt 0.8075682520866394 0.7395147085189819
vt 0.8075682520866394 0.7410322427749634
vt 0.9039790034294128 0.7395147085189819
vt 0.8075682520866394 0.7410322427749634
vt 0.9039790034294128 0.7410322427749634
vt 0.8075681924819946 0.7455691695213318
vt 0.9039789438247681 0.7455691695213318
vt 0.9039789438247681 0.7440516352653503
vt 0.8075681924819946 0.7455691695213318
vt 0.9039789438247681 0.7440516352653503
vt 0.8075681924819946 0.7440516352653503
vt 0.8075682520866394 0.7894206643104553
vt 0.8075682520866394 0.7923503518104553
vt 0.9039761424064636 0.7923503518104553
vt 0.8075682520866394 0.7894206643104553
vt 0.9039761424064636 0.7923503518104553
vt 0.9039761424064636 0.7894206643104553
vt 0.5979962944984436 0.7288209199905396
vt 0.5976298451423645 0.7284547090530396
vt 0.5947003960609436 0.7284547090530396
vt 0.5979962944984436 0.7288209199905396
vt 0.5947003960609436 0.7284547090530396
vt 0.5943339467048645 0.7288209199905396
vt 0.9881693124771118 0.18893003463745117
vt 0.9878032207489014 0.1885637640953064
vt 0.9848735332489014 0.1885637640953064
vt 0.9881693124771118 0.18893003463745117
vt 0.9848735332489014 0.1885637640953064
vt 0.9845073223114014 0.18893003463745117
vt 0.5979960560798645 0.722412109375
vt 0.5976298451423645 0.7227783203125
vt 0.5976298451423645 0.7284547090530396
vt 0.5979960560798645 0.722412109375
vt 0.5976298451423645 0.7284547090530396
vt 0.5979962944984436 0.7288209199905396
vt 0.9845073223114014 0.18893003463745117
vt 0.9848735332489014 0.1885637640953064
vt 0.9848735332489014 0.18288743495941162
vt 0.9845073223114014 0.18893003463745117
vt 0.9848735332489014 0.18288743495941162
vt 0.9845073223114014 0.1825212836265564
vt 0.9881693124771118 0.1870461106300354
vt 0.9878032207489014 0.1870461106300354
vt 0.9878032207489014 0.1885637640953064
vt 0.9881693124771118 0.1870461106300354
vt 0.9878032207489014 0.1885637640953064
vt 0.9881693124771118 0.18893003463745117
vt 0.8897358775138855 0.9599463939666748
vt 0.8897358775138855 0.9595801830291748
vt 0.7933260798454285 0.9595801830291748
vt 0.8897358775138855 0.9599463939666748
vt 0.7933260798454285 0.9595801830291748
vt 0.7933260798454285 0.9599463939666748
vt 0.5943339467048645 0.7288209199905396
vt 0.5947003960609436 0.7284547090530396
vt 0.5947003960609436 0.726936936378479
vt 0.5943339467048645 0.7288209199905396
vt 0.5947003960609436 0.726936936378479
vt 0.5943339467048645 0.726936936378479
vt 0.5943339467048645 0.7242959141731262
vt 0.5947003960609436 0.7242959141731262
vt 0.5947003960609436 0.7227783203125
vt 0.5943339467048645 0.7242959141731262
vt 0.5947003960609436 0.7227783203125
vt 0.5943339467048645 0.722412109375
vt 0.2090729922056198 0.9956322312355042
vt 0.2090729922056198 0.9959984421730042
vt 0.30548274517059326 0.9959984421730042
vt 0.2090729922056198 0.9956322312355042
vt 0.30548274517059326 0.9959984421730042
vt 0.30548274517059326 0.9956322312355042
vt 0.9881693124771118 0.1825212836265564
vt 0.9878032207489014 0.18288743495941162
vt 0.9878032207489014 0.18440508842468262
vt 0.9881693124771118 0.1825212836265564
vt 0.9878032207489014 0.18440508842468262
vt 0.9881693124771118 0.18440508842468262
vt 0.5943339467048645 0.722412109375
vt 0.5947003960609436 0.7227783203125
vt 0.5976298451423645 0.7227783203125
vt 0.5943339467048645 0.722412109375
vt 0.5976298451423645 0.7227783203125
vt 0.5979960560798645 0.722412109375
vt 0.9845073223114014 0.1825212836265564
vt 0.9848735332489014 0.18288743495941162
vt 0.9878032207489014 0.18288743495941162
vt 0.9845073223114014 0.1825212836265564
vt 0.9878032207489014 0.18288743495941162
vt 0.9881693124771118 0.1825212836265564
vn 0.028175004919241492 -5.430499973628504e-8 -0.9996030057466803
vn 0.028175004919241492 -5.430499973628504e-8 -0.9996030057466803
vn 0.028175004919241492 -5.430499973628504e-8 -0.9996030057466803
vn 0.028175004919241492 -5.430499973628504e-8 -0.9996030057466803
vn 0.028175004919241492 -5.430499973628504e-8 -0.9996030057466803
vn 0.028175004919241492 -5.430499973628504e-8 -0.9996030057466803
vn -0.9996030057466736 -1.2856314667124416e-7 -0.028175004919235625
vn -0.9996030057466736 -1.2856314667124416e-7 -0.028175004919235625
vn -0.9996030057466736 -1.2856314667124416e-7 -0.028175004919235625
vn -0.9996030057466736 -1.2856314667124416e-7 -0.028175004919235625
vn -0.9996030057466736 -1.2856314667124416e-7 -0.028175004919235625
vn -0.9996030057466736 -1.2856314667124416e-7 -0.028175004919235625
vn -0.028175004919241492 5.430499973628504e-8 0.9996030057466803
vn -0.028175004919241492 5.430499973628504e-8 0.9996030057466803
vn -0.028175004919241492 5.430499973628504e-8 0.9996030057466803
vn -0.028175004919241492 5.430499973628504e-8 0.9996030057466803
vn -0.028175004919241492 5.430499973628504e-8 0.9996030057466803
vn -0.028175004919241492 5.430499973628504e-8 0.9996030057466803
vn 2.067951418348491e-25 -0.9999999999999991 4.371138806469333e-8
vn 2.067951418348491e-25 -0.9999999999999991 4.371138806469333e-8
vn 2.067951418348491e-25 -0.9999999999999991 4.371138806469333e-8
vn 2.067951418348491e-25 -0.9999999999999991 4.371138806469333e-8
vn 2.067951418348491e-25 -0.9999999999999991 4.371138806469333e-8
vn 2.067951418348491e-25 -0.9999999999999991 4.371138806469333e-8
vn 0.9996030057466674 1.7100697761536445e-7 0.028175004919233596
vn 0.9996030057466674 1.7100697761536445e-7 0.028175004919233596
vn 0.9996030057466674 1.7100697761536445e-7 0.028175004919233596
vn 0.9996030057466674 1.7100697761536445e-7 0.028175004919233596
vn 0.9996030057466674 1.7100697761536445e-7 0.028175004919233596
vn 0.9996030057466674 1.7100697761536445e-7 0.028175004919233596
vn -2.067951418348491e-25 0.9999999999999991 -4.371138806469333e-8
vn -2.067951418348491e-25 0.9999999999999991 -4.371138806469333e-8
vn -2.067951418348491e-25 0.9999999999999991 -4.371138806469333e-8
vn -2.067951418348491e-25 0.9999999999999991 -4.371138806469333e-8
vn -2.067951418348491e-25 0.9999999999999991 -4.371138806469333e-8
vn -2.067951418348491e-25 0.9999999999999991 -4.371138806469333e-8
vn 0.02817500491919095 -0.000001937885400681993 -0.9996030057448047
vn 0.028175004919241492 -5.430499973628504e-8 -0.9996030057466803
vn 0.028175004919241492 -5.430499973628504e-8 -0.9996030057466803
vn 0.02817500491919095 -0.000001937885400681993 -0.9996030057448047
vn 0.028175004919241492 -5.430499973628504e-8 -0.9996030057466803
vn 0.02817500491919095 -0.000001937885400681993 -0.9996030057448047
vn -0.0281750049192415 4.369403489482708e-8 0.9996030057466809
vn -0.0281750049192415 4.369403489482708e-8 0.9996030057466809
vn -0.0281750049192415 4.369403489482708e-8 0.9996030057466809
vn -0.0281750049192415 4.369403489482708e-8 0.9996030057466809
vn -0.0281750049192415 4.369403489482708e-8 0.9996030057466809
vn -0.0281750049192415 4.369403489482708e-8 0.9996030057466809
vn -0.028175004919241492 5.430499973628504e-8 0.9996030057466803
vn -0.028175004918126023 0.000008942109494852032 0.9996030057067167
vn -0.028175004918126023 0.000008942110404346757 0.9996030057067167
vn -0.028175004919241492 5.430499973628504e-8 0.9996030057466803
vn -0.028175004918126023 0.000008942110404346757 0.9996030057067167
vn -0.028175004919241492 5.430499973628504e-8 0.9996030057466803
vn 2.067951418348491e-25 -0.9999999999999991 4.371138806469333e-8
vn 2.067951418348491e-25 -0.9999999999999991 4.371138806469333e-8
vn 2.067951418348491e-25 -0.9999999999999991 4.371138806469333e-8
vn 2.067951418348491e-25 -0.9999999999999991 4.371138806469333e-8
vn 2.067951418348491e-25 -0.9999999999999991 4.371138806469333e-8
vn 2.067951418348491e-25 -0.9999999999999991 4.371138806469333e-8
vn -0.0281750049192415 4.369403489482708e-8 0.9996030057466809
vn -0.0281750049192415 4.369403489482708e-8 0.9996030057466809
vn -0.0281750049192415 4.369403489482708e-8 0.9996030057466809
vn -0.0281750049192415 4.369403489482708e-8 0.9996030057466809
vn -0.0281750049192415 4.369403489482708e-8 0.9996030057466809
vn -0.0281750049192415 4.369403489482708e-8 0.9996030057466809
vn 0.0281750049192415 -4.369403489482708e-8 -0.9996030057466809
vn 0.0281750049192415 -4.369403489482708e-8 -0.9996030057466809
vn 0.0281750049192415 -4.369403489482708e-8 -0.9996030057466809
vn 0.0281750049192415 -4.369403489482708e-8 -0.9996030057466809
vn 0.0281750049192415 -4.369403489482708e-8 -0.9996030057466809
vn 0.0281750049192415 -4.369403489482708e-8 -0.9996030057466809
vn 0.0281750049192415 -4.369403489482708e-8 -0.9996030057466809
vn 0.0281750049192415 -4.369403489482708e-8 -0.9996030057466809
vn 0.0281750049192415 -4.369403489482708e-8 -0.9996030057466809
vn 0.0281750049192415 -4.369403489482708e-8 -0.9996030057466809
vn 0.0281750049192415 -4.369403489482708e-8 -0.9996030057466809
vn 0.0281750049192415 -4.369403489482708e-8 -0.9996030057466809
vn -2.067951418348491e-25 0.9999999999999991 -4.371138806469333e-8
vn -2.067951418348491e-25 0.9999999999999991 -4.371138806469333e-8
vn -2.067951418348491e-25 0.9999999999999991 -4.371138806469333e-8
vn -2.067951418348491e-25 0.9999999999999991 -4.371138806469333e-8
vn -2.067951418348491e-25 0.9999999999999991 -4.371138806469333e-8
vn -2.067951418348491e-25 0.9999999999999991 -4.371138806469333e-8
vn -0.9996027190779132 -4.403430872179909e-7 -0.02818517361749961
vn -0.9996027190775799 -4.403435703875809e-7 -0.028185173629318345
vn -0.9996030057466818 -1.2315685737496066e-9 -0.028175004919241423
vn -0.9996027190779132 -4.403430872179909e-7 -0.02818517361749961
vn -0.9996030057466818 -1.2315685737496066e-9 -0.028175004919241423
vn -0.9996030057466818 -1.2315685737496066e-9 -0.028175004919241423
vn 0.9996030057466818 1.2315685737496066e-9 0.028175004919241423
vn 0.9996030057466818 1.2315685737496066e-9 0.028175004919241423
vn 0.9996027190776057 4.403435135441208e-7 0.028185173628409218
vn 0.9996030057466818 1.2315685737496066e-9 0.028175004919241423
vn 0.9996027190776057 4.403435135441208e-7 0.028185173628409218
vn 0.9996027190779389 4.4034297353111033e-7 0.02818517361659048
vn -0.9996027188771981 -0.000020785640327727197 -0.02818517307504557
vn -0.9996027188565155 -0.000020784205145081535 -0.028185173809626245
vn -0.9996027190775799 -4.403435703875809e-7 -0.028185173629318345
vn -0.9996027188771981 -0.000020785640327727197 -0.02818517307504557
vn -0.9996027190775799 -4.403435703875809e-7 -0.028185173629318345
vn -0.9996027190779132 -4.403430872179909e-7 -0.02818517361749961
vn 0.9996027190779389 4.4034297353111033e-7 0.02818517361659048
vn 0.9996027190776057 4.403435135441208e-7 0.028185173628409218
vn 0.9996027188565668 0.00002078420150710255 0.028185173807807978
vn 0.9996027190779389 4.4034297353111033e-7 0.02818517361659048
vn 0.9996027188565668 0.00002078420150710255 0.028185173807807978
vn 0.9996027188772237 0.000020785640327727157 0.028185173074136437
vn 0.9996030057466818 1.2315685737496066e-9 0.028175004919241423
vn 0.9996030057466818 1.2315685737496066e-9 0.028175004919241423
vn 0.9996030057466818 1.2315685737496066e-9 0.028175004919241423
vn 0.9996030057466818 1.2315685737496066e-9 0.028175004919241423
vn 0.9996030057466818 1.2315685737496066e-9 0.028175004919241423
vn 0.9996030057466818 1.2315685737496066e-9 0.028175004919241423
vn 2.067951418348491e-25 -0.9999999999999991 4.371138806469333e-8
vn 2.067951418348491e-25 -0.9999999999999991 4.371138806469333e-8
vn 2.067951418348491e-25 -0.9999999999999991 4.371138806469333e-8
vn 2.067951418348491e-25 -0.9999999999999991 4.371138806469333e-8
vn 2.067951418348491e-25 -0.9999999999999991 4.371138806469333e-8
vn 2.067951418348491e-25 -0.9999999999999991 4.371138806469333e-8
vn -0.9996030057466818 -1.2315685737496066e-9 -0.028175004919241423
vn -0.9996030057466818 -1.2315685737496066e-9 -0.028175004919241423
vn -0.9996030057466818 -1.2315685737496066e-9 -0.028175004919241423
vn -0.9996030057466818 -1.2315685737496066e-9 -0.028175004919241423
vn -0.9996030057466818 -1.2315685737496066e-9 -0.028175004919241423
vn -0.9996030057466818 -1.2315685737496066e-9 -0.028175004919241423
vn -0.9996035170690407 -0.000004381783931050194 -0.028156857850334116
vn -0.9996035170690407 -0.000004381783931050194 -0.028156857850334116
vn -0.9996032611997541 -0.00002253575472216167 -0.028165931388042253
vn -0.9996035170690407 -0.000004381783931050194 -0.028156857850334116
vn -0.9996032611997541 -0.00002253575472216167 -0.028165931388042253
vn -0.9996032611993949 -0.00002253577655003565 -0.02816593140077011
vn -2.067951418348491e-25 0.9999999999999991 -4.371138806469333e-8
vn -2.067951418348491e-25 0.9999999999999991 -4.371138806469333e-8
vn -2.067951418348491e-25 0.9999999999999991 -4.371138806469333e-8
vn -2.067951418348491e-25 0.9999999999999991 -4.371138806469333e-8
vn -2.067951418348491e-25 0.9999999999999991 -4.371138806469333e-8
vn -2.067951418348491e-25 0.9999999999999991 -4.371138806469333e-8
vn 0.9996032611993949 0.00002253577655003565 0.02816593140077011
vn 0.9996032611997541 0.00002253575472216167 0.028165931388042253
vn 0.9996035170690407 0.000004381783931050194 0.028156857850334116
vn 0.9996032611993949 0.00002253577655003565 0.02816593140077011
vn 0.9996035170690407 0.000004381783931050194 0.028156857850334116
vn 0.9996035170690407 0.000004381783931050194 0.028156857850334116
vn -0.9996032611993949 -0.00002253577655003565 -0.02816593140077011
vn -0.9996032611997541 -0.00002253575472216167 -0.028165931388042253
vn -0.9996027188565155 -0.000020784205145081535 -0.028185173809626245
vn -0.9996032611993949 -0.00002253577655003565 -0.02816593140077011
vn -0.9996027188565155 -0.000020784205145081535 -0.028185173809626245
vn -0.9996027188771981 -0.000020785640327727197 -0.02818517307504557
vn 0.9996027188772237 0.000020785640327727157 0.028185173074136437
vn 0.9996027188565668 0.00002078420150710255 0.028185173807807978
vn 0.9996032611997541 0.00002253575472216167 0.028165931388042253
vn 0.9996027188772237 0.000020785640327727157 0.028185173074136437
vn 0.9996032611997541 0.00002253575472216167 0.028165931388042253
vn 0.9996032611993949 0.00002253577655003565 0.02816593140077011
f 2485/2485/2485 2486/2486/2486 2487/2487/2487
f 2488/2488/2488 2489/2489/2489 2490/2490/2490
f 2491/2491/2491 2492/2492/2492 2493/2493/2493
f 2494/2494/2494 2495/2495/2495 2496/2496/2496
f 2497/2497/2497 2498/2498/2498 2499/2499/2499
f 2500/2500/2500 2501/2501/2501 2502/2502/2502
f 2503/2503/2503 2504/2504/2504 2505/2505/2505
f 2506/2506/2506 2507/2507/2507 2508/2508/2508
f 2509/2509/2509 2510/2510/2510 2511/2511/2511
f 2512/2512/2512 2513/2513/2513 2514/2514/2514
f 2515/2515/2515 2516/2516/2516 2517/2517/2517
f 2518/2518/2518 2519/2519/2519 2520/2520/2520
f 2521/2521/2521 2522/2522/2522 2523/2523/2523
f 2524/2524/2524 2525/2525/2525 2526/2526/2526
f 2527/2527/2527 2528/2528/2528 2529/2529/2529
f 2530/2530/2530 2531/2531/2531 2532/2532/2532
f 2533/2533/2533 2534/2534/2534 2535/2535/2535
f 2536/2536/2536 2537/2537/2537 2538/2538/2538
f 2539/2539/2539 2540/2540/2540 2541/2541/2541
f 2542/2542/2542 2543/2543/2543 2544/2544/2544
f 2545/2545/2545 2546/2546/2546 2547/2547/2547
f 2548/2548/2548 2549/2549/2549 2550/2550/2550
f 2551/2551/2551 2552/2552/2552 2553/2553/2553
f 2554/2554/2554 2555/2555/2555 2556/2556/2556
f 2557/2557/2557 2558/2558/2558 2559/2559/2559
f 2560/2560/2560 2561/2561/2561 2562/2562/2562
f 2563/2563/2563 2564/2564/2564 2565/2565/2565
f 2566/2566/2566 2567/2567/2567 2568/2568/2568
f 2569/2569/2569 2570/2570/2570 2571/2571/2571
f 2572/2572/2572 2573/2573/2573 2574/2574/2574
f 2575/2575/2575 2576/2576/2576 2577/2577/2577
f 2578/2578/2578 2579/2579/2579 2580/2580/2580
f 2581/2581/2581 2582/2582/2582 2583/2583/2583
f 2584/2584/2584 2585/2585/2585 2586/2586/2586
f 2587/2587/2587 2588/2588/2588 2589/2589/2589
f 2590/2590/2590 2591/2591/2591 2592/2592/2592
f 2593/2593/2593 2594/2594/2594 2595/2595/2595
f 2596/2596/2596 2597/2597/2597 2598/2598/2598
f 2599/2599/2599 2600/2600/2600 2601/2601/2601
f 2602/2602/2602 2603/2603/2603 2604/2604/2604
f 2605/2605/2605 2606/2606/2606 2607/2607/2607
f 2608/2608/2608 2609/2609/2609 2610/2610/2610
f 2611/2611/2611 2612/2612/2612 2613/2613/2613
f 2614/2614/2614 2615/2615/2615 2616/2616/2616
f 2617/2617/2617 2618/2618/2618 2619/2619/2619
f 2620/2620/2620 2621/2621/2621 2622/2622/2622
f 2623/2623/2623 2624/2624/2624 2625/2625/2625
f 2626/2626/2626 2627/2627/2627 2628/2628/2628
f 2629/2629/2629 2630/2630/2630 2631/2631/2631
f 2632/2632/2632 2633/2633/2633 2634/2634/2634
f 2635/2635/2635 2636/2636/2636 2637/2637/2637
f 2638/2638/2638 2639/2639/2639 2640/2640/2640
o base_small003
usemtl DefaultMaterial
v -1828.54052734375 1664.7426845841926 82.77573540717809
v -1828.54052734375 1664.7426669783079 -319.9999603936031
v -1028.54052734375 1664.7426669783079 -319.9999603936031
v -1828.54052734375 1664.7426845841926 82.77573540717809
v -1028.54052734375 1664.7426669783079 -319.9999603936031
v -1028.54052734375 1664.7426845841912 82.77570488959996
v -1828.54052734375 2429.6789028459107 82.77569434135968
v -1028.54052734375 2429.6789028459098 82.77566382378156
v -1028.54052734375 2429.6788852400264 -319.999993830027
v -1828.54052734375 2429.6789028459107 82.77569434135968
v -1028.54052734375 2429.6788852400264 -319.999993830027
v -1828.54052734375 2429.6788852400264 -319.999993830027
v -1028.54052734375 1664.7426845841912 82.77570488959996
v -1028.54052734375 1664.7426669783079 -319.9999603936031
v -1028.54052734375 2429.6788852400264 -319.999993830027
v -1028.54052734375 1664.7426845841912 82.77570488959996
v -1028.54052734375 2429.6788852400264 -319.999993830027
v -1028.54052734375 2429.6789028459098 82.77566382378156
v -1028.54052734375 1664.7426669783079 -319.9999603936031
v -1828.54052734375 1664.7426669783079 -319.9999603936031
v -1828.54052734375 2429.6788852400264 -319.999993830027
v -1028.54052734375 1664.7426669783079 -319.9999603936031
v -1828.54052734375 2429.6788852400264 -319.999993830027
v -1028.54052734375 2429.6788852400264 -319.999993830027
v -1828.54052734375 1664.7426669783079 -319.9999603936031
v -1828.54052734375 1664.7426845841926 82.77573540717809
v -1828.54052734375 2429.6789028459107 82.77569434135968
v -1828.54052734375 1664.7426669783079 -319.9999603936031
v -1828.54052734375 2429.6789028459107 82.77569434135968
v -1828.54052734375 2429.6788852400264 -319.999993830027
v -1048.54052734375 1684.7426697598842 -299.99996126783094
v -1808.54052734375 1684.7426697598842 -299.99996126783094
v -1808.54052734375 1684.7426845841926 82.77573453295032
v -1048.54052734375 1684.7426697598842 -299.99996126783094
v -1808.54052734375 1684.7426845841926 82.77573453295032
v -1048.54052734375 1684.7426845841912 82.7757040153722
v -1048.54052734375 2409.678886114254 -299.9999929557992
v -1048.54052734375 2409.6789028459098 82.77566469800931
v -1808.54052734375 2409.6789028459107 82.77569521558743
v -1048.54052734375 2409.678886114254 -299.9999929557992
v -1808.54052734375 2409.6789028459107 82.77569521558743
v -1808.5411376953125 2409.678886114254 -299.9999929557992
v -1048.54052734375 2409.678886114254 -299.9999929557992
v -1048.54052734375 1684.7426697598842 -299.99996126783094
v -1048.54052734375 1684.7426845841912 82.7757040153722
v -1048.54052734375 2409.678886114254 -299.9999929557992
v -1048.54052734375 1684.7426845841912 82.7757040153722
v -1048.54052734375 2409.6789028459098 82.77566469800931
v -1808.5411376953125 2409.678886114254 -299.9999929557992
v -1808.54052734375 1684.7426697598842 -299.99996126783094
v -1048.54052734375 1684.7426697598842 -299.99996126783094
v -1808.5411376953125 2409.678886114254 -299.9999929557992
v -1048.54052734375 1684.7426697598842 -299.99996126783094
v -1048.54052734375 2409.678886114254 -299.9999929557992
v -1808.54052734375 2409.6789028459107 82.77569521558743
v -1808.54052734375 1684.7426845841926 82.77573453295032
v -1808.54052734375 1684.7426697598842 -299.99996126783094
v -1808.54052734375 2409.6789028459107 82.77569521558743
v -1808.54052734375 1684.7426697598842 -299.99996126783094
v -1808.5411376953125 2409.678886114254 -299.9999929557992
v -1828.54052734375 1664.7426845841926 82.77573540717809
v -1028.54052734375 1664.7426845841912 82.77570488959996
v -1048.54052734375 1684.7426845841912 82.7757040153722
v -1828.54052734375 1664.7426845841926 82.77573540717809
v -1048.54052734375 1684.7426845841912 82.7757040153722
v -1808.54052734375 1684.7426845841926 82.77573453295032
v -1028.54052734375 2429.6789028459098 82.77566382378156
v -1828.54052734375 2429.6789028459107 82.77569434135968
v -1808.54052734375 2409.6789028459107 82.77569521558743
v -1028.54052734375 2429.6789028459098 82.77566382378156
v -1808.54052734375 2409.6789028459107 82.77569521558743
v -1048.54052734375 2409.6789028459098 82.77566469800931
v -1028.54052734375 1664.7426845841912 82.77570488959996
v -1028.54052734375 2429.6789028459098 82.77566382378156
v -1048.54052734375 2409.6789028459098 82.77566469800931
v -1028.54052734375 1664.7426845841912 82.77570488959996
v -1048.54052734375 2409.6789028459098 82.77566469800931
v -1048.54052734375 1684.7426845841912 82.7757040153722
v -1828.54052734375 2429.6789028459107 82.77569434135968
v -1828.54052734375 1664.7426845841926 82.77573540717809
v -1808.54052734375 1684.7426845841926 82.77573453295032
v -1828.54052734375 2429.6789028459107 82.77569434135968
v -1808.54052734375 1684.7426845841926 82.77573453295032
v -1808.54052734375 2409.6789028459107 82.77569521558743
vt 0.018147602677345276 0.33425265550613403
vt 0.018147602677345276 0.2359188199043274
vt 0.2134602814912796 0.2359188199043274
vt 0.018147602677345276 0.33425265550613403
vt 0.2134602814912796 0.2359188199043274
vt 0.2134602814912796 0.33425265550613403
vt 0.22684502601623535 0.2359188199043274
vt 0.42215752601623535 0.2359188199043274
vt 0.42215752601623535 0.33425265550613403
vt 0.22684502601623535 0.2359188199043274
vt 0.42215752601623535 0.33425265550613403
vt 0.22684502601623535 0.33425265550613403
vt 0.009073801338672638 0.662387490272522
vt 0.10740763694047928 0.662387490272522
vt 0.10740763694047928 0.8491393327713013
vt 0.009073801338672638 0.662387490272522
vt 0.10740763694047928 0.8491393327713013
vt 0.009073801338672638 0.8491393327713013
vt 0.9130619168281555 0.768184244632721
vt 0.998227596282959 0.768184244632721
vt 0.998227596282959 0.8496171832084656
vt 0.9130619168281555 0.768184244632721
vt 0.998227596282959 0.8496171832084656
vt 0.9130619168281555 0.8496171832084656
vt 0.10888560116291046 0.6623874306678772
vt 0.20721958577632904 0.6623874306678772
vt 0.20721958577632904 0.8491392731666565
vt 0.10888560116291046 0.6623874306678772
vt 0.20721958577632904 0.8491392731666565
vt 0.10888560116291046 0.8491392731666565
vt 0.784417450428009 0.533530592918396
vt 0.5988708138465881 0.533530592918396
vt 0.5988708138465881 0.44007933139801025
vt 0.784417450428009 0.533530592918396
vt 0.5988708138465881 0.44007933139801025
vt 0.784417450428009 0.44007933139801025
vt 0.589330792427063 0.7712730169296265
vt 0.589330792427063 0.8647242188453674
vt 0.4037841260433197 0.8647242188453674
vt 0.589330792427063 0.7712730169296265
vt 0.4037841260433197 0.8647242188453674
vt 0.4037841260433197 0.7712730169296265
vt 0.803031325340271 0.5853074789047241
vt 0.803031325340271 0.4083210229873657
vt 0.8964824676513672 0.4083210229873657
vt 0.803031325340271 0.5853074789047241
vt 0.8964824676513672 0.4083210229873657
vt 0.8964824676513672 0.5853074789047241
vt 0.4037841260433197 0.6715084910392761
vt 0.4037843644618988 0.4945221543312073
vt 0.5893312692642212 0.4945221543312073
vt 0.4037841260433197 0.6715084910392761
vt 0.5893312692642212 0.4945221543312073
vt 0.5893312692642212 0.6715084910392761
vt 0.7077564597129822 0.7214147448539734
vt 0.7077564597129822 0.5444280505180359
vt 0.801207423210144 0.5444280505180359
vt 0.7077564597129822 0.7214147448539734
vt 0.801207423210144 0.5444280505180359
vt 0.801207423210144 0.7214147448539734
vt 0.018147602677345276 0.3357306122779846
vt 0.21346016228199005 0.3357306122779846
vt 0.20857705175876617 0.3406134247779846
vt 0.018147602677345276 0.3357306122779846
vt 0.20857705175876617 0.3406134247779846
vt 0.0230301171541214 0.3406134247779846
vt 0.6308549642562866 0.22719091176986694
vt 0.43554243445396423 0.22719091176986694
vt 0.4404250681400299 0.22230809926986694
vt 0.6308549642562866 0.22719091176986694
vt 0.4404250681400299 0.22230809926986694
vt 0.6259720325469971 0.22230809926986694
vt 0.20450642704963684 0.36295199394226074
vt 0.20450642704963684 0.5497039556503296
vt 0.19962361454963684 0.5448213815689087
vt 0.20450642704963684 0.36295199394226074
vt 0.19962361454963684 0.5448213815689087
vt 0.19962361454963684 0.36783480644226074
vt 0.002405771054327488 0.8356552720069885
vt 0.002405771054327488 0.6489033102989197
vt 0.007288583554327488 0.6537861227989197
vt 0.002405771054327488 0.8356552720069885
vt 0.007288583554327488 0.6537861227989197
vt 0.007288583554327488 0.8307725787162781
vn 0 -0.9999999999999992 4.371138806469333e-8
vn 0 -0.9999999999999992 4.371138806469333e-8
vn 0 -0.9999999999999992 4.371138806469333e-8
vn 0 -0.9999999999999992 4.371138806469333e-8
vn 0 -0.9999999999999992 4.371138806469333e-8
vn 0 -0.9999999999999992 4.371138806469333e-8
vn 0 0.9999999999999992 -4.371138806469333e-8
vn 0 0.9999999999999992 -4.371138806469333e-8
vn 0 0.9999999999999992 -4.371138806469333e-8
vn 0 0.9999999999999992 -4.371138806469333e-8
vn 0 0.9999999999999992 -4.371138806469333e-8
vn 0 0.9999999999999992 -4.371138806469333e-8
vn 1 0 0
vn 1 0 0
vn 1 0 0
vn 1 0 0
vn 1 0 0
vn 1 0 0
vn 0 -4.371138806469333e-8 -0.9999999999999992
vn 0 -4.371138806469333e-8 -0.9999999999999992
vn 0 -4.371138806469333e-8 -0.9999999999999992
vn 0 -4.371138806469333e-8 -0.9999999999999992
vn 0 -4.371138806469333e-8 -0.9999999999999992
vn 0 -4.371138806469333e-8 -0.9999999999999992
vn -1 0 0
vn -1 0 0
vn -1 0 0
vn -1 0 0
vn -1 0 0
vn -1 0 0
vn 1.0004427901006718e-16 0.9999999999999992 -3.872844644980944e-8
vn 1.0004427901006718e-16 0.9999999999999992 -3.872844644980944e-8
vn 1.0004427901006718e-16 0.9999999999999992 -3.872844644980944e-8
vn 1.0004427901006718e-16 0.9999999999999992 -3.872844644980944e-8
vn 1.0004427901006718e-16 0.9999999999999992 -3.872844644980944e-8
vn 1.0004427901006718e-16 0.9999999999999992 -3.872844644980944e-8
vn 0 -0.9999999999999992 4.371138806469333e-8
vn 0 -0.9999999999999992 4.371138806469333e-8
vn 0 -0.9999999999999992 4.371138806469333e-8
vn 0 -0.9999999999999992 4.371138806469333e-8
vn 0 -0.9999999999999992 4.371138806469333e-8
vn 0 -0.9999999999999992 4.371138806469333e-8
vn -1 0 0
vn -1 0 0
vn -1 0 0
vn -1 0 0
vn -1 0 0
vn -1 0 0
vn 0 4.371138806469333e-8 0.9999999999999992
vn 0 4.371138806469333e-8 0.9999999999999992
vn 0 4.371138806469333e-8 0.9999999999999992
vn 0 4.371138806469333e-8 0.9999999999999992
vn 0 4.371138806469333e-8 0.9999999999999992
vn 0 4.371138806469333e-8 0.9999999999999992
vn 0.9999999999995937 4.209690807165774e-7 -7.972705204628386e-7
vn 0.9999999999995937 4.209690807165774e-7 -7.972705204628386e-7
vn 0.9999999999995937 4.209690807165774e-7 -7.972705204628386e-7
vn 0.9999999999995937 4.209690807165774e-7 -7.972705204628386e-7
vn 0.9999999999995937 4.209690807165774e-7 -7.972705204628386e-7
vn 0.9999999999995937 4.209690807165774e-7 -7.972705204628386e-7
vn 1.9562552466823052e-8 4.8832226040573794e-8 0.9999999999999988
vn 1.9562552466823052e-8 4.8832226040573794e-8 0.9999999999999988
vn 1.9562550690466213e-8 4.8832225596484584e-8 0.9999999999999988
vn 1.9562552466823052e-8 4.8832226040573794e-8 0.9999999999999988
vn 1.9562550690466213e-8 4.8832225596484584e-8 0.9999999999999988
vn 1.9562550690466213e-8 4.8832225596484584e-8 0.9999999999999988
vn 1.9562552466823052e-8 4.8832226040573794e-8 0.9999999999999988
vn 1.9562552466823052e-8 4.8832226040573794e-8 0.9999999999999988
vn 1.9562550690466213e-8 4.8832225596484584e-8 0.9999999999999988
vn 1.9562552466823052e-8 4.8832226040573794e-8 0.9999999999999988
vn 1.9562550690466213e-8 4.8832225596484584e-8 0.9999999999999988
vn 1.9562550690466213e-8 4.8832225596484584e-8 0.9999999999999988
vn 1.9562552466823052e-8 4.8832226040573794e-8 0.9999999999999988
vn 1.9562552466823052e-8 4.8832226040573794e-8 0.9999999999999988
vn 1.9562550690466213e-8 4.8832225596484584e-8 0.9999999999999988
vn 1.9562552466823052e-8 4.8832226040573794e-8 0.9999999999999988
vn 1.9562550690466213e-8 4.8832225596484584e-8 0.9999999999999988
vn 1.9562550690466213e-8 4.8832225596484584e-8 0.9999999999999988
vn 1.9562552466823052e-8 4.8832226040573794e-8 0.9999999999999988
vn 1.9562552466823052e-8 4.8832226040573794e-8 0.9999999999999988
vn 1.9562550690466213e-8 4.8832225596484584e-8 0.9999999999999988
vn 1.9562552466823052e-8 4.8832226040573794e-8 0.9999999999999988
vn 1.9562550690466213e-8 4.8832225596484584e-8 0.9999999999999988
vn 1.9562550690466213e-8 4.8832225596484584e-8 0.9999999999999988
f 2641/2641/2641 2642/2642/2642 2643/2643/2643
f 2644/2644/2644 2645/2645/2645 2646/2646/2646
f 2647/2647/2647 2648/2648/2648 2649/2649/2649
f 2650/2650/2650 2651/2651/2651 2652/2652/2652
f 2653/2653/2653 2654/2654/2654 2655/2655/2655
f 2656/2656/2656 2657/2657/2657 2658/2658/2658
f 2659/2659/2659 2660/2660/2660 2661/2661/2661
f 2662/2662/2662 2663/2663/2663 2664/2664/2664
f 2665/2665/2665 2666/2666/2666 2667/2667/2667
f 2668/2668/2668 2669/2669/2669 2670/2670/2670
f 2671/2671/2671 2672/2672/2672 2673/2673/2673
f 2674/2674/2674 2675/2675/2675 2676/2676/2676
f 2677/2677/2677 2678/2678/2678 2679/2679/2679
f 2680/2680/2680 2681/2681/2681 2682/2682/2682
f 2683/2683/2683 2684/2684/2684 2685/2685/2685
f 2686/2686/2686 2687/2687/2687 2688/2688/2688
f 2689/2689/2689 2690/2690/2690 2691/2691/2691
f 2692/2692/2692 2693/2693/2693 2694/2694/2694
f 2695/2695/2695 2696/2696/2696 2697/2697/2697
f 2698/2698/2698 2699/2699/2699 2700/2700/2700
f 2701/2701/2701 2702/2702/2702 2703/2703/2703
f 2704/2704/2704 2705/2705/2705 2706/2706/2706
f 2707/2707/2707 2708/2708/2708 2709/2709/2709
f 2710/2710/2710 2711/2711/2711 2712/2712/2712
f 2713/2713/2713 2714/2714/2714 2715/2715/2715
f 2716/2716/2716 2717/2717/2717 2718/2718/2718
f 2719/2719/2719 2720/2720/2720 2721/2721/2721
f 2722/2722/2722 2723/2723/2723 2724/2724/2724
o door_big007
usemtl DefaultMaterial
v -1430.911477368938 2425.2914242103075 96.94870875905454
v -1430.9116292255437 1706.2808498694926 96.94866435480225
v -1825.5564875349098 1706.2808837890725 83.1673805239929
v -1430.911477368938 2425.2914242103075 96.94870875905454
v -1825.5564875349098 1706.2808837890725 83.1673805239929
v -1825.556335678303 2425.2914733886764 83.16742492824591
v -1825.556335678303 2425.2914733886764 83.16742492824591
v -1825.5564875349098 1706.2808837890725 83.1673805239929
v -1826.0799792974885 1706.2808831330024 98.1582431319489
v -1825.556335678303 2425.2914733886764 83.16742492824591
v -1826.0799792974885 1706.2808831330024 98.1582431319489
v -1826.0798274408814 2425.2914727326065 98.1582875362019
v -1826.0798274408814 2425.2914727326065 98.1582875362019
v -1826.0799792974885 1706.2808831330024 98.1582431319489
v -1431.4351209881222 1706.2808492134225 111.93952696275824
v -1826.0798274408814 2425.2914727326065 98.1582875362019
v -1431.4351209881222 1706.2808492134225 111.93952696275824
v -1431.4349691315178 2425.2914082954485 111.93957136700982
v -1825.556335678303 2425.2914733886764 83.16742492824591
v -1826.0798274408814 2425.2914727326065 98.1582875362019
v -1431.4349691315178 2425.2914082954485 111.93957136700982
v -1825.556335678303 2425.2914733886764 83.16742492824591
v -1431.4349691315178 2425.2914082954485 111.93957136700982
v -1430.911477368938 2425.2914242103075 96.94870875905454
v -1431.4349691315178 2425.2914082954485 111.93957136700982
v -1431.4351209881222 1706.2808492134225 111.93952696275824
v -1430.9116292255437 1706.2808498694926 96.94866435480225
v -1431.4349691315178 2425.2914082954485 111.93957136700982
v -1430.9116292255437 1706.2808498694926 96.94866435480225
v -1430.911477368938 2425.2914242103075 96.94870875905454
v -1431.4352131452827 1670.030788178277 111.93945345168581
v -1826.0800409556607 1670.0308220978543 98.15817068592318
v -1825.5565491930822 1670.0308227539244 83.16730807796719
v -1431.4352131452827 1670.030788178277 111.93945345168581
v -1825.5565491930822 1670.0308227539244 83.16730807796719
v -1430.911721382704 1670.0307888343473 96.94859084372982
v -1430.911721382704 1670.0307888343473 96.94859084372982
v -1825.5565491930822 1670.0308227539244 83.16730807796719
v -1825.5564875349098 1706.2808837890725 83.1673805239929
v -1430.911721382704 1670.0307888343473 96.94859084372982
v -1825.5564875349098 1706.2808837890725 83.1673805239929
v -1430.9116292255437 1706.2808498694926 96.94866435480225
v -1826.0800409556607 1670.0308220978543 98.15817068592318
v -1431.4352131452827 1670.030788178277 111.93945345168581
v -1431.4352124946445 1677.7472188423394 111.93945381211364
v -1826.0800409556607 1670.0308220978543 98.15817068592318
v -1431.4352124946445 1677.7472188423394 111.93945381211364
v -1826.0800403050227 1677.7472527619168 98.15817104635101
v -1431.4351209881222 1706.2808492134225 111.93952696275824
v -1826.0799792974885 1706.2808831330024 98.1582431319489
v -1826.0800385497525 1698.564391433792 98.15817201870165
v -1431.4351209881222 1706.2808492134225 111.93952696275824
v -1826.0800385497525 1698.564391433792 98.15817201870165
v -1431.4352107393745 1698.5643575142144 111.93945478446427
v -1825.6088982428623 1671.5308226883176 84.6663944088265
v -1826.0276916529251 1671.5308221634614 96.6590844951913
v -1431.3828638425468 1671.530788243884 110.44036726095392
v -1825.6088982428623 1671.5308226883176 84.6663944088265
v -1431.3828638425468 1671.530788243884 110.44036726095392
v -1430.964070432484 1671.5307887687402 98.44767717458913
v -1430.964070432484 1671.5307887687402 98.44767717458913
v -1430.9640676288934 1704.7807887687404 98.447678727668
v -1825.6088954392717 1704.7808226883176 84.66639596190538
v -1430.964070432484 1671.5307887687402 98.44767717458913
v -1825.6088954392717 1704.7808226883176 84.66639596190538
v -1825.6088982428623 1671.5308226883176 84.6663944088265
v -1431.3828633183866 1677.7472189079465 110.44036755131805
v -1431.3828638425468 1671.530788243884 110.44036726095392
v -1826.0276916529251 1671.5308221634614 96.6590844951913
v -1431.3828633183866 1677.7472189079465 110.44036755131805
v -1826.0276916529251 1671.5308221634614 96.6590844951913
v -1826.027691128765 1677.7472528275239 96.65908478555542
v -1826.0276893734947 1698.5643914993989 96.65908575790604
v -1826.0276888493345 1704.7808221634614 96.65908604827017
v -1431.3828610389564 1704.7807882438842 110.4403688140328
v -1826.0276893734947 1698.5643914993989 96.65908575790604
v -1431.3828610389564 1704.7807882438842 110.4403688140328
v -1431.3828615631164 1698.5643575798217 110.44036852366867
v -1431.3828610389564 1704.7807882438842 110.4403688140328
v -1826.0276888493345 1704.7808221634614 96.65908604827017
v -1825.6088954392717 1704.7808226883176 84.66639596190538
v -1431.3828610389564 1704.7807882438842 110.4403688140328
v -1825.6088954392717 1704.7808226883176 84.66639596190538
v -1430.9640676288934 1704.7807887687404 98.447678727668
v -1825.5565491930822 1670.0308227539244 83.16730807796719
v -1826.0800409556607 1670.0308220978543 98.15817068592318
v -1826.0276916529251 1671.5308221634614 96.6590844951913
v -1825.5565491930822 1670.0308227539244 83.16730807796719
v -1826.0276916529251 1671.5308221634614 96.6590844951913
v -1825.6088982428623 1671.5308226883176 84.6663944088265
v -1431.4352131452827 1670.030788178277 111.93945345168581
v -1430.911721382704 1670.0307888343473 96.94859084372982
v -1430.964070432484 1671.5307887687402 98.44767717458913
v -1431.4352131452827 1670.030788178277 111.93945345168581
v -1430.964070432484 1671.5307887687402 98.44767717458913
v -1431.3828638425468 1671.530788243884 110.44036726095392
v -1825.6088982428623 1671.5308226883176 84.6663944088265
v -1825.6088954392717 1704.7808226883176 84.66639596190538
v -1825.5564875349098 1706.2808837890725 83.1673805239929
v -1825.6088982428623 1671.5308226883176 84.6663944088265
v -1825.5564875349098 1706.2808837890725 83.1673805239929
v -1825.5565491930822 1670.0308227539244 83.16730807796719
v -1430.9640676288934 1704.7807887687404 98.447678727668
v -1430.964070432484 1671.5307887687402 98.44767717458913
v -1430.911721382704 1670.0307888343473 96.94859084372982
v -1430.9640676288934 1704.7807887687404 98.447678727668
v -1430.911721382704 1670.0307888343473 96.94859084372982
v -1430.9116292255437 1706.2808498694926 96.94866435480225
v -1431.4352124946445 1677.7472188423394 111.93945381211364
v -1431.4352131452827 1670.030788178277 111.93945345168581
v -1431.3828638425468 1671.530788243884 110.44036726095392
v -1431.4352124946445 1677.7472188423394 111.93945381211364
v -1431.3828638425468 1671.530788243884 110.44036726095392
v -1431.3828633183866 1677.7472189079465 110.44036755131805
v -1826.0800403050227 1677.7472527619168 98.15817104635101
v -1431.4352124946445 1677.7472188423394 111.93945381211364
v -1431.3828633183866 1677.7472189079465 110.44036755131805
v -1826.0800403050227 1677.7472527619168 98.15817104635101
v -1431.3828633183866 1677.7472189079465 110.44036755131805
v -1826.027691128765 1677.7472528275239 96.65908478555542
v -1826.0800409556607 1670.0308220978543 98.15817068592318
v -1826.0800403050227 1677.7472527619168 98.15817104635101
v -1826.027691128765 1677.7472528275239 96.65908478555542
v -1826.0800409556607 1670.0308220978543 98.15817068592318
v -1826.027691128765 1677.7472528275239 96.65908478555542
v -1826.0276916529251 1671.5308221634614 96.6590844951913
v -1826.0800385497525 1698.564391433792 98.15817201870165
v -1826.0799792974885 1706.2808831330024 98.1582431319489
v -1826.0276888493345 1704.7808221634614 96.65908604827017
v -1826.0800385497525 1698.564391433792 98.15817201870165
v -1826.0276888493345 1704.7808221634614 96.65908604827017
v -1826.0276893734947 1698.5643914993989 96.65908575790604
v -1431.4352107393745 1698.5643575142144 111.93945478446427
v -1826.0800385497525 1698.564391433792 98.15817201870165
v -1826.0276893734947 1698.5643914993989 96.65908575790604
v -1431.4352107393745 1698.5643575142144 111.93945478446427
v -1826.0276893734947 1698.5643914993989 96.65908575790604
v -1431.3828615631164 1698.5643575798217 110.44036852366867
v -1431.4351209881222 1706.2808492134225 111.93952696275824
v -1431.4352107393745 1698.5643575142144 111.93945478446427
v -1431.3828615631164 1698.5643575798217 110.44036852366867
v -1431.4351209881222 1706.2808492134225 111.93952696275824
v -1431.3828615631164 1698.5643575798217 110.44036852366867
v -1431.3828610389564 1704.7807882438842 110.4403688140328
v -1826.0799792974885 1706.2808831330024 98.1582431319489
v -1825.5564875349098 1706.2808837890725 83.1673805239929
v -1825.6088954392717 1704.7808226883176 84.66639596190538
v -1826.0799792974885 1706.2808831330024 98.1582431319489
v -1825.6088954392717 1704.7808226883176 84.66639596190538
v -1826.0276888493345 1704.7808221634614 96.65908604827017
v -1430.9116292255437 1706.2808498694926 96.94866435480225
v -1431.4351209881222 1706.2808492134225 111.93952696275824
v -1431.3828610389564 1704.7807882438842 110.4403688140328
v -1430.9116292255437 1706.2808498694926 96.94866435480225
v -1431.3828610389564 1704.7807882438842 110.4403688140328
v -1430.9640676288934 1704.7807887687404 98.447678727668
vt 0.7043522596359253 0.5353541970252991
vt 0.7043522596359253 0.7133352756500244
vt 0.6079446077346802 0.7133352756500244
vt 0.7043522596359253 0.5353541970252991
vt 0.6079446077346802 0.7133352756500244
vt 0.6079448461532593 0.5353541970252991
vt 0.5979960560798645 0.5444279909133911
vt 0.5979960560798645 0.722412109375
vt 0.5943339467048645 0.722412109375
vt 0.5979960560798645 0.5444279909133911
vt 0.5943339467048645 0.722412109375
vt 0.5943339467048645 0.5444279909133911
vt 0.9357340931892395 0.21777117252349854
vt 0.9357340931892395 0.39575231075286865
vt 0.8393265604972839 0.39575231075286865
vt 0.9357340931892395 0.21777117252349854
vt 0.8393265604972839 0.39575231075286865
vt 0.8393265604972839 0.21777117252349854
vt 0.7996267080307007 0.9164538383483887
vt 0.7996267080307007 0.9201159477233887
vt 0.7032195329666138 0.9201159477233887
vt 0.7996267080307007 0.9164538383483887
vt 0.7032195329666138 0.9201159477233887
vt 0.7032195329666138 0.9164538383483887
vt 0.9881693124771118 0.004536867141723633
vt 0.9881693124771118 0.1825212836265564
vt 0.9845073223114014 0.1825212836265564
vt 0.9881693124771118 0.004536867141723633
vt 0.9845073223114014 0.1825212836265564
vt 0.9845073223114014 0.004536867141723633
vt 0.812105119228363 0.8983062505722046
vt 0.90851229429245 0.8983062505722046
vt 0.90851229429245 0.9019683599472046
vt 0.812105119228363 0.8983062505722046
vt 0.90851229429245 0.9019683599472046
vt 0.812105119228363 0.9019683599472046
vt 0.7043522596359253 0.7197439670562744
vt 0.6079446077346802 0.7197439670562744
vt 0.6079446077346802 0.7133352756500244
vt 0.7043522596359253 0.7197439670562744
vt 0.6079446077346802 0.7133352756500244
vt 0.7043522596359253 0.7133352756500244
vt 0.7910199761390686 0.9638916850090027
vt 0.6946108937263489 0.9638916850090027
vt 0.6946108937263489 0.9620077013969421
vt 0.7910199761390686 0.9638916850090027
vt 0.6946108937263489 0.9620077013969421
vt 0.7910199761390686 0.9620077013969421
vt 0.8393265604972839 0.39575231075286865
vt 0.9357340931892395 0.39575231075286865
vt 0.9357340931892395 0.39763617515563965
vt 0.8393265604972839 0.39575231075286865
vt 0.9357340931892395 0.39763617515563965
vt 0.8393265604972839 0.39763617515563965
vt 0.9039761424064636 0.803031325340271
vt 0.9039761424064636 0.805961012840271
vt 0.8075682520866394 0.805961012840271
vt 0.9039761424064636 0.803031325340271
vt 0.8075682520866394 0.805961012840271
vt 0.8075682520866394 0.803031325340271
vt 0.8075682520866394 0.817781388759613
vt 0.8075682520866394 0.812105119228363
vt 0.9039759039878845 0.812105119228363
vt 0.8075682520866394 0.817781388759613
vt 0.9039759039878845 0.812105119228363
vt 0.9039759039878845 0.817781388759613
vt 0.9039790034294128 0.7395147085189819
vt 0.9039790034294128 0.7410322427749634
vt 0.8075682520866394 0.7410322427749634
vt 0.9039790034294128 0.7395147085189819
vt 0.8075682520866394 0.7410322427749634
vt 0.8075682520866394 0.7395147085189819
vt 0.8075681924819946 0.7455691695213318
vt 0.8075681924819946 0.7440516352653503
vt 0.9039789438247681 0.7440516352653503
vt 0.8075681924819946 0.7455691695213318
vt 0.9039789438247681 0.7440516352653503
vt 0.9039789438247681 0.7455691695213318
vt 0.8075682520866394 0.7894206643104553
vt 0.9039761424064636 0.7894206643104553
vt 0.9039761424064636 0.7923503518104553
vt 0.8075682520866394 0.7894206643104553
vt 0.9039761424064636 0.7923503518104553
vt 0.8075682520866394 0.7923503518104553
vt 0.5979962944984436 0.7288209199905396
vt 0.5943339467048645 0.7288209199905396
vt 0.5947003960609436 0.7284547090530396
vt 0.5979962944984436 0.7288209199905396
vt 0.5947003960609436 0.7284547090530396
vt 0.5976298451423645 0.7284547090530396
vt 0.9881693124771118 0.18893003463745117
vt 0.9845073223114014 0.18893003463745117
vt 0.9848735332489014 0.1885637640953064
vt 0.9881693124771118 0.18893003463745117
vt 0.9848735332489014 0.1885637640953064
vt 0.9878032207489014 0.1885637640953064
vt 0.5976298451423645 0.7284547090530396
vt 0.5976298451423645 0.7227783203125
vt 0.5979960560798645 0.722412109375
vt 0.5976298451423645 0.7284547090530396
vt 0.5979960560798645 0.722412109375
vt 0.5979962944984436 0.7288209199905396
vt 0.9848735332489014 0.18288743495941162
vt 0.9848735332489014 0.1885637640953064
vt 0.9845073223114014 0.18893003463745117
vt 0.9848735332489014 0.18288743495941162
vt 0.9845073223114014 0.18893003463745117
vt 0.9845073223114014 0.1825212836265564
vt 0.9881693124771118 0.1870461106300354
vt 0.9881693124771118 0.18893003463745117
vt 0.9878032207489014 0.1885637640953064
vt 0.9881693124771118 0.1870461106300354
vt 0.9878032207489014 0.1885637640953064
vt 0.9878032207489014 0.1870461106300354
vt 0.8897358775138855 0.9599463939666748
vt 0.7933260798454285 0.9599463939666748
vt 0.7933260798454285 0.9595801830291748
vt 0.8897358775138855 0.9599463939666748
vt 0.7933260798454285 0.9595801830291748
vt 0.8897358775138855 0.9595801830291748
vt 0.5943339467048645 0.7288209199905396
vt 0.5943339467048645 0.726936936378479
vt 0.5947003960609436 0.726936936378479
vt 0.5943339467048645 0.7288209199905396
vt 0.5947003960609436 0.726936936378479
vt 0.5947003960609436 0.7284547090530396
vt 0.5943339467048645 0.7242959141731262
vt 0.5943339467048645 0.722412109375
vt 0.5947003960609436 0.7227783203125
vt 0.5943339467048645 0.7242959141731262
vt 0.5947003960609436 0.7227783203125
vt 0.5947003960609436 0.7242959141731262
vt 0.2090729922056198 0.9956322312355042
vt 0.30548274517059326 0.9956322312355042
vt 0.30548274517059326 0.9959984421730042
vt 0.2090729922056198 0.9956322312355042
vt 0.30548274517059326 0.9959984421730042
vt 0.2090729922056198 0.9959984421730042
vt 0.9881693124771118 0.1825212836265564
vt 0.9881693124771118 0.18440508842468262
vt 0.9878032207489014 0.18440508842468262
vt 0.9881693124771118 0.1825212836265564
vt 0.9878032207489014 0.18440508842468262
vt 0.9878032207489014 0.18288743495941162
vt 0.5943339467048645 0.722412109375
vt 0.5979960560798645 0.722412109375
vt 0.5976298451423645 0.7227783203125
vt 0.5943339467048645 0.722412109375
vt 0.5976298451423645 0.7227783203125
vt 0.5947003960609436 0.7227783203125
vt 0.9845073223114014 0.1825212836265564
vt 0.9881693124771118 0.1825212836265564
vt 0.9878032207489014 0.18288743495941162
vt 0.9845073223114014 0.1825212836265564
vt 0.9878032207489014 0.18288743495941162
vt 0.9848735332489014 0.18288743495941162
vn 0.03489945042318176 5.434897771959109e-8 -0.9993908286352027
vn 0.03489945042318176 5.434897771959109e-8 -0.9993908286352027
vn 0.03489945042318176 5.434897771959109e-8 -0.9993908286352027
vn 0.03489945042318176 5.434897771959109e-8 -0.9993908286352027
vn 0.03489945042318176 5.434897771959109e-8 -0.9993908286352027
vn 0.03489945042318176 5.434897771959109e-8 -0.9993908286352027
vn -0.9993908286351818 2.132288206208148e-7 -0.03489945042317073
vn -0.9993908286351818 2.132288206208148e-7 -0.03489945042317073
vn -0.9993908286351818 2.132288206208148e-7 -0.03489945042317073
vn -0.9993908286351818 2.132288206208148e-7 -0.03489945042317073
vn -0.9993908286351818 2.132288206208148e-7 -0.03489945042317073
vn -0.9993908286351818 2.132288206208148e-7 -0.03489945042317073
vn -0.03489945042318217 -5.434897771959106e-8 0.9993908286352027
vn -0.03489945042318217 -5.434897771959106e-8 0.9993908286352027
vn -0.03489945042318217 -5.434897771959106e-8 0.9993908286352027
vn -0.03489945042318217 -5.434897771959106e-8 0.9993908286352027
vn -0.03489945042318217 -5.434897771959106e-8 0.9993908286352027
vn -0.03489945042318217 -5.434897771959106e-8 0.9993908286352027
vn 1.2449400945337392e-7 0.9999999999998371 5.570485056154073e-7
vn 1.2449400945337392e-7 0.9999999999998371 5.570485056154073e-7
vn 1.2449400945337392e-7 0.9999999999998371 5.570485056154073e-7
vn 1.2449400945337392e-7 0.9999999999998371 5.570485056154073e-7
vn 1.2449400945337392e-7 0.9999999999998371 5.570485056154073e-7
vn 1.2449400945337392e-7 0.9999999999998371 5.570485056154073e-7
vn 0.9993908286351818 -2.132288206208148e-7 0.03489945042317073
vn 0.9993908286351818 -2.132288206208148e-7 0.03489945042317073
vn 0.9993908286351818 -2.132288206208148e-7 0.03489945042317073
vn 0.9993908286351818 -2.132288206208148e-7 0.03489945042317073
vn 0.9993908286351818 -2.132288206208148e-7 0.03489945042317073
vn 0.9993908286351818 -2.132288348316697e-7 0.03489945042317073
vn -8.431851403971921e-8 -0.9999999999999953 -4.6709139377037426e-8
vn -8.431851403971921e-8 -0.9999999999999953 -4.6709139377037426e-8
vn -8.431851403971921e-8 -0.9999999999999953 -4.6709139377037426e-8
vn -8.431851403971921e-8 -0.9999999999999953 -4.6709139377037426e-8
vn -8.431851403971921e-8 -0.9999999999999953 -4.6709139377037426e-8
vn -8.431851403971921e-8 -0.9999999999999953 -4.6709139377037426e-8
vn 0.03489945042327797 0.0000019379294659576823 -0.9993908286333218
vn 0.03489945042327797 0.0000019379293522708433 -0.9993908286333218
vn 0.03489945042318176 5.434897771959109e-8 -0.9993908286352027
vn 0.03489945042327797 0.0000019379294659576823 -0.9993908286333218
vn 0.03489945042318176 5.434897771959109e-8 -0.9993908286352027
vn 0.03489945042318176 5.434897771959109e-8 -0.9993908286352027
vn -0.03489945042318087 -4.373801570636938e-8 0.9993908286352033
vn -0.03489945042318087 -4.373801570636938e-8 0.9993908286352033
vn -0.03489945042318087 -4.373801570636938e-8 0.9993908286352033
vn -0.03489945042318087 -4.373801570636938e-8 0.9993908286352033
vn -0.03489945042318087 -4.373801570636938e-8 0.9993908286352033
vn -0.03489945042318087 -4.373801570636938e-8 0.9993908286352033
vn -0.03489945042318217 -5.434897771959106e-8 0.9993908286352027
vn -0.03489945042318217 -5.434897771959106e-8 0.9993908286352027
vn -0.034899450422549466 -0.000008942154247877722 0.9993908285952208
vn -0.03489945042318217 -5.434897771959106e-8 0.9993908286352027
vn -0.034899450422549466 -0.000008942154247877722 0.9993908285952208
vn -0.034899450422549466 -0.000008942154247877722 0.9993908285952208
vn 8.431851403971921e-8 0.9999999999999953 4.6709139377037426e-8
vn 8.431851403971921e-8 0.9999999999999953 4.6709139377037426e-8
vn 8.431851403971921e-8 0.9999999999999953 4.6709139377037426e-8
vn 8.431851403971921e-8 0.9999999999999953 4.6709139377037426e-8
vn 8.431851403971921e-8 0.9999999999999953 4.6709139377037426e-8
vn 8.431851403971921e-8 0.9999999999999953 4.6709139377037426e-8
vn -0.03489945042318087 -4.373801570636938e-8 0.9993908286352033
vn -0.03489945042318087 -4.373801570636938e-8 0.9993908286352033
vn -0.03489945042318087 -4.373801570636938e-8 0.9993908286352033
vn -0.03489945042318087 -4.373801570636938e-8 0.9993908286352033
vn -0.03489945042318087 -4.373801570636938e-8 0.9993908286352033
vn -0.03489945042318087 -4.373801570636938e-8 0.9993908286352033
vn 0.03489945042318087 4.373801570636938e-8 -0.9993908286352033
vn 0.03489945042318087 4.373801570636938e-8 -0.9993908286352033
vn 0.03489945042318087 4.373801570636938e-8 -0.9993908286352033
vn 0.03489945042318087 4.373801570636938e-8 -0.9993908286352033
vn 0.03489945042318087 4.373801570636938e-8 -0.9993908286352033
vn 0.03489945042318087 4.373801570636938e-8 -0.9993908286352033
vn 0.03489945042318087 4.373801570636938e-8 -0.9993908286352033
vn 0.03489945042318087 4.373801570636938e-8 -0.9993908286352033
vn 0.03489945042318087 4.373801570636938e-8 -0.9993908286352033
vn 0.03489945042318087 4.373801570636938e-8 -0.9993908286352033
vn 0.03489945042318087 4.373801570636938e-8 -0.9993908286352033
vn 0.03489945042318087 4.373801570636938e-8 -0.9993908286352033
vn -8.431851403971921e-8 -0.9999999999999953 -4.6709139377037426e-8
vn -8.431851403971921e-8 -0.9999999999999953 -4.6709139377037426e-8
vn -8.431851403971921e-8 -0.9999999999999953 -4.6709139377037426e-8
vn -8.431851403971921e-8 -0.9999999999999953 -4.6709139377037426e-8
vn -8.431851403971921e-8 -0.9999999999999953 -4.6709139377037426e-8
vn -8.431851403971921e-8 -0.9999999999999953 -4.6709139377037426e-8
vn -0.9993904735603819 5.25008785222301e-7 -0.03490961696266302
vn -0.9993908286352006 8.589727290944221e-8 -0.03489945042317696
vn -0.9993908286352006 8.589727290944221e-8 -0.03489945042317696
vn -0.9993904735603819 5.25008785222301e-7 -0.03490961696266302
vn -0.9993908286352006 8.589727290944221e-8 -0.03489945042317696
vn -0.9993904735599692 5.250092683918842e-7 -0.03490961697447925
vn 0.9993908286352006 -8.589727290944221e-8 0.03489945042317696
vn 0.9993902959841174 -7.445645271218555e-7 0.03491470023104822
vn 0.9993902959834823 -7.445652660871047e-7 0.03491470024922702
vn 0.9993908286352006 -8.589727290944221e-8 0.03489945042317696
vn 0.9993902959834823 -7.445652660871047e-7 0.03491470024922702
vn 0.9993908286352006 -8.589727290944221e-8 0.03489945042317696
vn -0.9993904735599692 5.250092683918842e-7 -0.03490961697447925
vn -0.9993904733359754 0.000020868870529212058 -0.03490961715323479
vn -0.9993904733615995 0.000020870305711835545 -0.03490961641880989
vn -0.9993904735599692 5.250092683918842e-7 -0.03490961697447925
vn -0.9993904733615995 0.000020870305711835545 -0.03490961641880989
vn -0.9993904735603819 5.25008785222301e-7 -0.03490961696266302
vn 0.9993902954857186 -0.000031260353508935106 0.03491470051079694
vn 0.9993902959834823 -7.445652660871047e-7 0.03491470024922702
vn 0.9993902959841174 -7.445645271218555e-7 0.03491470023104822
vn 0.9993902954857186 -0.000031260353508935106 0.03491470051079694
vn 0.9993902959841174 -7.445645271218555e-7 0.03491470023104822
vn 0.9993902955240744 -0.00003126251083034238 0.03491469941097688
vn 0.9993908286352006 -8.589727290944221e-8 0.03489945042317696
vn 0.9993908286352006 -8.589727290944221e-8 0.03489945042317696
vn 0.9993908286352006 -8.589727290944221e-8 0.03489945042317696
vn 0.9993908286352006 -8.589727290944221e-8 0.03489945042317696
vn 0.9993908286352006 -8.589727290944221e-8 0.03489945042317696
vn 0.9993908286352006 -8.589727290944221e-8 0.03489945042317696
vn 8.431851403971921e-8 0.9999999999999953 4.6709139377037426e-8
vn 8.431851403971921e-8 0.9999999999999953 4.6709139377037426e-8
vn 8.431851403971921e-8 0.9999999999999953 4.6709139377037426e-8
vn 8.431851403971921e-8 0.9999999999999953 4.6709139377037426e-8
vn 8.431851403971921e-8 0.9999999999999953 4.6709139377037426e-8
vn 8.431851403971921e-8 0.9999999999999953 4.6709139377037426e-8
vn -0.9993908286352006 8.589727290944221e-8 -0.03489945042317696
vn -0.9993908286352006 8.589727290944221e-8 -0.03489945042317696
vn -0.9993908286352006 8.589727290944221e-8 -0.03489945042317696
vn -0.9993908286352006 8.589727290944221e-8 -0.03489945042317696
vn -0.9993908286352006 8.589727290944221e-8 -0.03489945042317696
vn -0.9993908286352006 8.589727290944221e-8 -0.03489945042317696
vn -0.9993914620346328 0.000004466449566991572 -0.03488130720500465
vn -0.9993911451246263 0.000022620441906294794 -0.03489037882860928
vn -0.999391145125071 0.000022620420078421145 -0.03489037881588412
vn -0.9993914620346328 0.000004466449566991572 -0.03488130720500465
vn -0.999391145125071 0.000022620420078421145 -0.03489037881588412
vn -0.9993914620346328 0.000004466449566991572 -0.03488130720500465
vn -8.431851403971921e-8 -0.9999999999999953 -4.6709139377037426e-8
vn -8.431851403971921e-8 -0.9999999999999953 -4.6709139377037426e-8
vn -8.431851403971921e-8 -0.9999999999999953 -4.6709139377037426e-8
vn -8.431851403971921e-8 -0.9999999999999953 -4.6709139377037426e-8
vn -8.431851403971921e-8 -0.9999999999999953 -4.6709139377037426e-8
vn -8.431851403971921e-8 -0.9999999999999953 -4.6709139377037426e-8
vn 0.9993913031481646 -0.00003388771511999451 0.03488584302315187
vn 0.9993917786036409 -0.000006656726167336455 0.03487223559136002
vn 0.9993917786036409 -0.000006656726167336455 0.03487223559136002
vn 0.9993913031481646 -0.00003388771511999451 0.03488584302315187
vn 0.9993917786036409 -0.000006656726167336455 0.03487223559136002
vn 0.9993913031488323 -0.00003388767874020524 0.03488584300406415
vn -0.9993911451246263 0.000022620441906294794 -0.03489037882860928
vn -0.9993904733615995 0.000020870305711835545 -0.03490961641880989
vn -0.9993904733359754 0.000020868870529212058 -0.03490961715323479
vn -0.9993911451246263 0.000022620441906294794 -0.03489037882860928
vn -0.9993904733359754 0.000020868870529212058 -0.03490961715323479
vn -0.999391145125071 0.000022620420078421145 -0.03489037881588412
vn 0.9993902955240744 -0.00003126251083034238 0.03491469941097688
vn 0.9993913031481646 -0.00003388771511999451 0.03488584302315187
vn 0.9993913031488323 -0.00003388767874020524 0.03488584300406415
vn 0.9993902955240744 -0.00003126251083034238 0.03491469941097688
vn 0.9993913031488323 -0.00003388767874020524 0.03488584300406415
vn 0.9993902954857186 -0.000031260353508935106 0.03491470051079694
f 2725/2725/2725 2726/2726/2726 2727/2727/2727
f 2728/2728/2728 2729/2729/2729 2730/2730/2730
f 2731/2731/2731 2732/2732/2732 2733/2733/2733
f 2734/2734/2734 2735/2735/2735 2736/2736/2736
f 2737/2737/2737 2738/2738/2738 2739/2739/2739
f 2740/2740/2740 2741/2741/2741 2742/2742/2742
f 2743/2743/2743 2744/2744/2744 2745/2745/2745
f 2746/2746/2746 2747/2747/2747 2748/2748/2748
f 2749/2749/2749 2750/2750/2750 2751/2751/2751
f 2752/2752/2752 2753/2753/2753 2754/2754/2754
f 2755/2755/2755 2756/2756/2756 2757/2757/2757
f 2758/2758/2758 2759/2759/2759 2760/2760/2760
f 2761/2761/2761 2762/2762/2762 2763/2763/2763
f 2764/2764/2764 2765/2765/2765 2766/2766/2766
f 2767/2767/2767 2768/2768/2768 2769/2769/2769
f 2770/2770/2770 2771/2771/2771 2772/2772/2772
f 2773/2773/2773 2774/2774/2774 2775/2775/2775
f 2776/2776/2776 2777/2777/2777 2778/2778/2778
f 2779/2779/2779 2780/2780/2780 2781/2781/2781
f 2782/2782/2782 2783/2783/2783 2784/2784/2784
f 2785/2785/2785 2786/2786/2786 2787/2787/2787
f 2788/2788/2788 2789/2789/2789 2790/2790/2790
f 2791/2791/2791 2792/2792/2792 2793/2793/2793
f 2794/2794/2794 2795/2795/2795 2796/2796/2796
f 2797/2797/2797 2798/2798/2798 2799/2799/2799
f 2800/2800/2800 2801/2801/2801 2802/2802/2802
f 2803/2803/2803 2804/2804/2804 2805/2805/2805
f 2806/2806/2806 2807/2807/2807 2808/2808/2808
f 2809/2809/2809 2810/2810/2810 2811/2811/2811
f 2812/2812/2812 2813/2813/2813 2814/2814/2814
f 2815/2815/2815 2816/2816/2816 2817/2817/2817
f 2818/2818/2818 2819/2819/2819 2820/2820/2820
f 2821/2821/2821 2822/2822/2822 2823/2823/2823
f 2824/2824/2824 2825/2825/2825 2826/2826/2826
f 2827/2827/2827 2828/2828/2828 2829/2829/2829
f 2830/2830/2830 2831/2831/2831 2832/2832/2832
f 2833/2833/2833 2834/2834/2834 2835/2835/2835
f 2836/2836/2836 2837/2837/2837 2838/2838/2838
f 2839/2839/2839 2840/2840/2840 2841/2841/2841
f 2842/2842/2842 2843/2843/2843 2844/2844/2844
f 2845/2845/2845 2846/2846/2846 2847/2847/2847
f 2848/2848/2848 2849/2849/2849 2850/2850/2850
f 2851/2851/2851 2852/2852/2852 2853/2853/2853
f 2854/2854/2854 2855/2855/2855 2856/2856/2856
f 2857/2857/2857 2858/2858/2858 2859/2859/2859
f 2860/2860/2860 2861/2861/2861 2862/2862/2862
f 2863/2863/2863 2864/2864/2864 2865/2865/2865
f 2866/2866/2866 2867/2867/2867 2868/2868/2868
f 2869/2869/2869 2870/2870/2870 2871/2871/2871
f 2872/2872/2872 2873/2873/2873 2874/2874/2874
f 2875/2875/2875 2876/2876/2876 2877/2877/2877
f 2878/2878/2878 2879/2879/2879 2880/2880/2880
o door_big008
usemtl DefaultMaterial
v -1032.5831938281458 1706.2808837890598 83.16738911125037
v -1427.4084327631622 1706.2809186122824 90.05910951859289
v -1427.408490736383 2425.2914776943267 90.05914959960364
v -1032.5831938281458 1706.2808837890598 83.16738911125037
v -1427.408490736383 2425.2914776943267 90.05914959960364
v -1032.5832212884363 2425.2914428711015 83.16742865965438
v -1032.5832212884363 2425.2914428711015 83.16742865965438
v -1032.3214344196406 2425.291442215331 98.1651443116434
v -1032.32140695935 1706.280883133289 98.16510476323941
v -1032.5832212884363 2425.2914428711015 83.16742865965438
v -1032.32140695935 1706.280883133289 98.16510476323941
v -1032.5831938281458 1706.2808837890598 83.16738911125037
v -1427.1466458943664 1706.2809179565118 105.05682517058193
v -1032.32140695935 1706.280883133289 98.16510476323941
v -1032.3214344196406 2425.291442215331 98.1651443116434
v -1427.1466458943664 1706.2809179565118 105.05682517058193
v -1032.3214344196406 2425.291442215331 98.1651443116434
v -1427.1467038675873 2425.291477038556 105.05686525159267
v -1427.1467038675873 2425.291477038556 105.05686525159267
v -1032.3214344196406 2425.291442215331 98.1651443116434
v -1032.5832212884363 2425.2914428711015 83.16742865965438
v -1427.1467038675873 2425.291477038556 105.05686525159267
v -1032.5832212884363 2425.2914428711015 83.16742865965438
v -1427.408490736383 2425.2914776943267 90.05914959960364
v -1427.4084327631622 1706.2809186122824 90.05910951859289
v -1427.1466458943664 1706.2809179565118 105.05682517058193
v -1427.1467038675873 2425.291477038556 105.05686525159267
v -1427.4084327631622 1706.2809186122824 90.05910951859289
v -1427.1467038675873 2425.291477038556 105.05686525159267
v -1427.408490736383 2425.2914776943267 90.05914959960364
v -1427.1465892907768 1670.030856921353 105.056753922525
v -1427.4083761595725 1670.0308575771237 90.05903827053596
v -1032.5831372245561 1670.030822753901 83.16731786319345
v -1427.1465892907768 1670.030856921353 105.056753922525
v -1032.5831372245561 1670.030822753901 83.16731786319345
v -1032.3213503557606 1670.0308220981303 98.16503351518249
v -1427.4083761595725 1670.0308575771237 90.05903827053596
v -1427.4084327631622 1706.2809186122824 90.05910951859289
v -1032.5831938281458 1706.2808837890598 83.16738911125037
v -1427.4083761595725 1670.0308575771237 90.05903827053596
v -1032.5831938281458 1706.2808837890598 83.16738911125037
v -1032.5831372245561 1670.030822753901 83.16731786319345
v -1032.3213503557606 1670.0308220981303 98.16503351518249
v -1032.3213496694982 1677.7472527621928 98.16503384060235
v -1427.1465886045146 1677.7472875854155 105.05675424794487
v -1032.3213503557606 1670.0308220981303 98.16503351518249
v -1427.1465886045146 1677.7472875854155 105.05675424794487
v -1427.1465892907768 1670.030856921353 105.056753922525
v -1427.1466458943664 1706.2809179565118 105.05682517058193
v -1427.1465867531383 1698.5644262572905 105.05675512585212
v -1032.3213478181217 1698.564391434068 98.1650347185096
v -1427.1466458943664 1706.2809179565118 105.05682517058193
v -1032.3213478181217 1698.564391434068 98.1650347185096
v -1032.32140695935 1706.280883133289 98.16510476323941
v -1032.556958404274 1671.530822688324 84.66708949165084
v -1427.38219733929 1671.5308575115466 91.55880989899336
v -1427.1727678442535 1671.53085698693 103.55698242058459
v -1032.556958404274 1671.530822688324 84.66708949165084
v -1427.1727678442535 1671.53085698693 103.55698242058459
v -1032.3475289092373 1671.5308221637074 96.66526201324209
v -1032.5569554471783 1704.780822688324 84.66709089388084
v -1427.3821943821947 1704.7808575115469 91.55881130122336
v -1427.38219733929 1671.5308575115466 91.55880989899336
v -1032.5569554471783 1704.780822688324 84.66709089388084
v -1427.38219733929 1671.5308575115466 91.55880989899336
v -1032.556958404274 1671.530822688324 84.66708949165084
v -1427.172767291394 1677.7472876509926 103.55698268274597
v -1032.3475283563778 1677.74725282777 96.66526227540345
v -1032.3475289092373 1671.5308221637074 96.66526201324209
v -1427.172767291394 1677.7472876509926 103.55698268274597
v -1032.3475289092373 1671.5308221637074 96.66526201324209
v -1427.1727678442535 1671.53085698693 103.55698242058459
v -1032.3475265050013 1698.564391499645 96.6652631533107
v -1427.1727654400177 1698.5644263228678 103.55698356065322
v -1427.172764887158 1704.7808569869303 103.55698382281459
v -1032.3475265050013 1698.564391499645 96.6652631533107
v -1427.172764887158 1704.7808569869303 103.55698382281459
v -1032.347525952142 1704.7808221637074 96.66526341547208
v -1427.172764887158 1704.7808569869303 103.55698382281459
v -1427.3821943821947 1704.7808575115469 91.55881130122336
v -1032.5569554471783 1704.780822688324 84.66709089388084
v -1427.172764887158 1704.7808569869303 103.55698382281459
v -1032.5569554471783 1704.780822688324 84.66709089388084
v -1032.347525952142 1704.7808221637074 96.66526341547208
v -1032.5831372245561 1670.030822753901 83.16731786319345
v -1032.556958404274 1671.530822688324 84.66708949165084
v -1032.3475289092373 1671.5308221637074 96.66526201324209
v -1032.5831372245561 1670.030822753901 83.16731786319345
v -1032.3475289092373 1671.5308221637074 96.66526201324209
v -1032.3213503557606 1670.0308220981303 98.16503351518249
v -1427.1465892907768 1670.030856921353 105.056753922525
v -1427.1727678442535 1671.53085698693 103.55698242058459
v -1427.38219733929 1671.5308575115466 91.55880989899336
v -1427.1465892907768 1670.030856921353 105.056753922525
v -1427.38219733929 1671.5308575115466 91.55880989899336
v -1427.4083761595725 1670.0308575771237 90.05903827053596
v -1032.5831938281458 1706.2808837890598 83.16738911125037
v -1032.5569554471783 1704.780822688324 84.66709089388084
v -1032.556958404274 1671.530822688324 84.66708949165084
v -1032.5831938281458 1706.2808837890598 83.16738911125037
v -1032.556958404274 1671.530822688324 84.66708949165084
v -1032.5831372245561 1670.030822753901 83.16731786319345
v -1427.4083761595725 1670.0308575771237 90.05903827053596
v -1427.38219733929 1671.5308575115466 91.55880989899336
v -1427.3821943821947 1704.7808575115469 91.55881130122336
v -1427.4083761595725 1670.0308575771237 90.05903827053596
v -1427.3821943821947 1704.7808575115469 91.55881130122336
v -1427.4084327631622 1706.2809186122824 90.05910951859289
v -1427.1465886045146 1677.7472875854155 105.05675424794487
v -1427.172767291394 1677.7472876509926 103.55698268274597
v -1427.1727678442535 1671.53085698693 103.55698242058459
v -1427.1465886045146 1677.7472875854155 105.05675424794487
v -1427.1727678442535 1671.53085698693 103.55698242058459
v -1427.1465892907768 1670.030856921353 105.056753922525
v -1032.3213496694982 1677.7472527621928 98.16503384060235
v -1032.3475283563778 1677.74725282777 96.66526227540345
v -1427.172767291394 1677.7472876509926 103.55698268274597
v -1032.3213496694982 1677.7472527621928 98.16503384060235
v -1427.172767291394 1677.7472876509926 103.55698268274597
v -1427.1465886045146 1677.7472875854155 105.05675424794487
v -1032.3213503557606 1670.0308220981303 98.16503351518249
v -1032.3475289092373 1671.5308221637074 96.66526201324209
v -1032.3475283563778 1677.74725282777 96.66526227540345
v -1032.3213503557606 1670.0308220981303 98.16503351518249
v -1032.3475283563778 1677.74725282777 96.66526227540345
v -1032.3213496694982 1677.7472527621928 98.16503384060235
v -1032.3213478181217 1698.564391434068 98.1650347185096
v -1032.3475265050013 1698.564391499645 96.6652631533107
v -1032.347525952142 1704.7808221637074 96.66526341547208
v -1032.3213478181217 1698.564391434068 98.1650347185096
v -1032.347525952142 1704.7808221637074 96.66526341547208
v -1032.32140695935 1706.280883133289 98.16510476323941
v -1427.1465867531383 1698.5644262572905 105.05675512585212
v -1427.1727654400177 1698.5644263228678 103.55698356065322
v -1032.3475265050013 1698.564391499645 96.6652631533107
v -1427.1465867531383 1698.5644262572905 105.05675512585212
v -1032.3475265050013 1698.564391499645 96.6652631533107
v -1032.3213478181217 1698.564391434068 98.1650347185096
v -1427.1466458943664 1706.2809179565118 105.05682517058193
v -1427.172764887158 1704.7808569869303 103.55698382281459
v -1427.1727654400177 1698.5644263228678 103.55698356065322
v -1427.1466458943664 1706.2809179565118 105.05682517058193
v -1427.1727654400177 1698.5644263228678 103.55698356065322
v -1427.1465867531383 1698.5644262572905 105.05675512585212
v -1032.32140695935 1706.280883133289 98.16510476323941
v -1032.347525952142 1704.7808221637074 96.66526341547208
v -1032.5569554471783 1704.780822688324 84.66709089388084
v -1032.32140695935 1706.280883133289 98.16510476323941
v -1032.5569554471783 1704.780822688324 84.66709089388084
v -1032.5831938281458 1706.2808837890598 83.16738911125037
v -1427.4084327631622 1706.2809186122824 90.05910951859289
v -1427.3821943821947 1704.7808575115469 91.55881130122336
v -1427.172764887158 1704.7808569869303 103.55698382281459
v -1427.4084327631622 1706.2809186122824 90.05910951859289
v -1427.172764887158 1704.7808569869303 103.55698382281459
v -1427.1466458943664 1706.2809179565118 105.05682517058193
vt 0.6079446077346802 0.7133352756500244
vt 0.7043522596359253 0.7133352756500244
vt 0.7043522596359253 0.5353541970252991
vt 0.6079446077346802 0.7133352756500244
vt 0.7043522596359253 0.5353541970252991
vt 0.6079448461532593 0.5353541970252991
vt 0.5979960560798645 0.5444279909133911
vt 0.5943339467048645 0.5444279909133911
vt 0.5943339467048645 0.722412109375
vt 0.5979960560798645 0.5444279909133911
vt 0.5943339467048645 0.722412109375
vt 0.5979960560798645 0.722412109375
vt 0.8393265604972839 0.39575231075286865
vt 0.9357340931892395 0.39575231075286865
vt 0.9357340931892395 0.21777117252349854
vt 0.8393265604972839 0.39575231075286865
vt 0.9357340931892395 0.21777117252349854
vt 0.8393265604972839 0.21777117252349854
vt 0.7032195329666138 0.9201159477233887
vt 0.7996267080307007 0.9201159477233887
vt 0.7996267080307007 0.9164538383483887
vt 0.7032195329666138 0.9201159477233887
vt 0.7996267080307007 0.9164538383483887
vt 0.7032195329666138 0.9164538383483887
vt 0.9845073223114014 0.1825212836265564
vt 0.9881693124771118 0.1825212836265564
vt 0.9881693124771118 0.004536867141723633
vt 0.9845073223114014 0.1825212836265564
vt 0.9881693124771118 0.004536867141723633
vt 0.9845073223114014 0.004536867141723633
vt 0.812105119228363 0.8983062505722046
vt 0.812105119228363 0.9019683599472046
vt 0.90851229429245 0.9019683599472046
vt 0.812105119228363 0.8983062505722046
vt 0.90851229429245 0.9019683599472046
vt 0.90851229429245 0.8983062505722046
vt 0.7043522596359253 0.7197439670562744
vt 0.7043522596359253 0.7133352756500244
vt 0.6079446077346802 0.7133352756500244
vt 0.7043522596359253 0.7197439670562744
vt 0.6079446077346802 0.7133352756500244
vt 0.6079446077346802 0.7197439670562744
vt 0.7910199761390686 0.9638916850090027
vt 0.7910199761390686 0.9620077013969421
vt 0.6946108937263489 0.9620077013969421
vt 0.7910199761390686 0.9638916850090027
vt 0.6946108937263489 0.9620077013969421
vt 0.6946108937263489 0.9638916850090027
vt 0.8393265604972839 0.39575231075286865
vt 0.8393265604972839 0.39763617515563965
vt 0.9357340931892395 0.39763617515563965
vt 0.8393265604972839 0.39575231075286865
vt 0.9357340931892395 0.39763617515563965
vt 0.9357340931892395 0.39575231075286865
vt 0.9039761424064636 0.803031325340271
vt 0.8075682520866394 0.803031325340271
vt 0.8075682520866394 0.805961012840271
vt 0.9039761424064636 0.803031325340271
vt 0.8075682520866394 0.805961012840271
vt 0.9039761424064636 0.805961012840271
vt 0.9039759039878845 0.812105119228363
vt 0.8075682520866394 0.812105119228363
vt 0.8075682520866394 0.817781388759613
vt 0.9039759039878845 0.812105119228363
vt 0.8075682520866394 0.817781388759613
vt 0.9039759039878845 0.817781388759613
vt 0.9039790034294128 0.7395147085189819
vt 0.8075682520866394 0.7395147085189819
vt 0.8075682520866394 0.7410322427749634
vt 0.9039790034294128 0.7395147085189819
vt 0.8075682520866394 0.7410322427749634
vt 0.9039790034294128 0.7410322427749634
vt 0.8075681924819946 0.7455691695213318
vt 0.9039789438247681 0.7455691695213318
vt 0.9039789438247681 0.7440516352653503
vt 0.8075681924819946 0.7455691695213318
vt 0.9039789438247681 0.7440516352653503
vt 0.8075681924819946 0.7440516352653503
vt 0.8075682520866394 0.7894206643104553
vt 0.8075682520866394 0.7923503518104553
vt 0.9039761424064636 0.7923503518104553
vt 0.8075682520866394 0.7894206643104553
vt 0.9039761424064636 0.7923503518104553
vt 0.9039761424064636 0.7894206643104553
vt 0.5979962944984436 0.7288209199905396
vt 0.5976298451423645 0.7284547090530396
vt 0.5947003960609436 0.7284547090530396
vt 0.5979962944984436 0.7288209199905396
vt 0.5947003960609436 0.7284547090530396
vt 0.5943339467048645 0.7288209199905396
vt 0.9881693124771118 0.18893003463745117
vt 0.9878032207489014 0.1885637640953064
vt 0.9848735332489014 0.1885637640953064
vt 0.9881693124771118 0.18893003463745117
vt 0.9848735332489014 0.1885637640953064
vt 0.9845073223114014 0.18893003463745117
vt 0.5979960560798645 0.722412109375
vt 0.5976298451423645 0.7227783203125
vt 0.5976298451423645 0.7284547090530396
vt 0.5979960560798645 0.722412109375
vt 0.5976298451423645 0.7284547090530396
vt 0.5979962944984436 0.7288209199905396
vt 0.9845073223114014 0.18893003463745117
vt 0.9848735332489014 0.1885637640953064
vt 0.9848735332489014 0.18288743495941162
vt 0.9845073223114014 0.18893003463745117
vt 0.9848735332489014 0.18288743495941162
vt 0.9845073223114014 0.1825212836265564
vt 0.9881693124771118 0.1870461106300354
vt 0.9878032207489014 0.1870461106300354
vt 0.9878032207489014 0.1885637640953064
vt 0.9881693124771118 0.1870461106300354
vt 0.9878032207489014 0.1885637640953064
vt 0.9881693124771118 0.18893003463745117
vt 0.8897358775138855 0.9599463939666748
vt 0.8897358775138855 0.9595801830291748
vt 0.7933260798454285 0.9595801830291748
vt 0.8897358775138855 0.9599463939666748
vt 0.7933260798454285 0.9595801830291748
vt 0.7933260798454285 0.9599463939666748
vt 0.5943339467048645 0.7288209199905396
vt 0.5947003960609436 0.7284547090530396
vt 0.5947003960609436 0.726936936378479
vt 0.5943339467048645 0.7288209199905396
vt 0.5947003960609436 0.726936936378479
vt 0.5943339467048645 0.726936936378479
vt 0.5943339467048645 0.7242959141731262
vt 0.5947003960609436 0.7242959141731262
vt 0.5947003960609436 0.7227783203125
vt 0.5943339467048645 0.7242959141731262
vt 0.5947003960609436 0.7227783203125
vt 0.5943339467048645 0.722412109375
vt 0.2090729922056198 0.9956322312355042
vt 0.2090729922056198 0.9959984421730042
vt 0.30548274517059326 0.9959984421730042
vt 0.2090729922056198 0.9956322312355042
vt 0.30548274517059326 0.9959984421730042
vt 0.30548274517059326 0.9956322312355042
vt 0.9881693124771118 0.1825212836265564
vt 0.9878032207489014 0.18288743495941162
vt 0.9878032207489014 0.18440508842468262
vt 0.9881693124771118 0.1825212836265564
vt 0.9878032207489014 0.18440508842468262
vt 0.9881693124771118 0.18440508842468262
vt 0.5943339467048645 0.722412109375
vt 0.5947003960609436 0.7227783203125
vt 0.5976298451423645 0.7227783203125
vt 0.5943339467048645 0.722412109375
vt 0.5976298451423645 0.7227783203125
vt 0.5979960560798645 0.722412109375
vt 0.9845073223114014 0.1825212836265564
vt 0.9848735332489014 0.18288743495941162
vt 0.9878032207489014 0.18288743495941162
vt 0.9845073223114014 0.1825212836265564
vt 0.9878032207489014 0.18288743495941162
vt 0.9881693124771118 0.1825212836265564
vn -0.017452457642699273 5.432901022396084e-8 -0.9998476942625946
vn -0.017452457642699273 5.432901022396084e-8 -0.9998476942625946
vn -0.017452457642699273 5.432901022396084e-8 -0.9998476942625946
vn -0.017452457642699273 5.432901022396084e-8 -0.9998476942625946
vn -0.017452457642699273 5.432901022396084e-8 -0.9998476942625946
vn -0.017452457642699273 5.432901022396084e-8 -0.9998476942625946
vn 0.9998476942625953 3.914593039321586e-8 -0.017452457642698486
vn 0.9998476942625953 3.914593039321586e-8 -0.017452457642698486
vn 0.9998476942625953 3.914593039321586e-8 -0.017452457642698486
vn 0.9998476942625953 3.914593039321586e-8 -0.017452457642698486
vn 0.9998476942625953 3.914593039321586e-8 -0.017452457642698486
vn 0.9998476942625953 3.914593039321586e-8 -0.017452457642698486
vn 0.017452457642699273 -5.432901022396084e-8 0.9998476942625946
vn 0.017452457642699273 -5.432901022396084e-8 0.9998476942625946
vn 0.017452457642699273 -5.432901022396084e-8 0.9998476942625946
vn 0.017452457642699273 -5.432901022396084e-8 0.9998476942625946
vn 0.017452457642699273 -5.432901022396084e-8 0.9998476942625946
vn 0.017452457642699273 -5.432901022396084e-8 0.9998476942625946
vn 8.893520240287338e-8 0.9999999999999953 4.2172330739128535e-8
vn 8.893520240287338e-8 0.9999999999999953 4.2172330739128535e-8
vn 8.893520240287338e-8 0.9999999999999953 4.2172330739128535e-8
vn 8.893520240287338e-8 0.9999999999999953 4.2172330739128535e-8
vn 8.893520240287338e-8 0.9999999999999953 4.2172330739128535e-8
vn 8.893520240287338e-8 0.9999999999999953 4.2172330739128535e-8
vn -0.9998476942625929 -8.158976085103434e-8 0.017452457642696588
vn -0.9998476942625929 -8.158976085103434e-8 0.017452457642696588
vn -0.9998476942625929 -8.158976085103434e-8 0.017452457642696588
vn -0.9998476942625929 -8.158976085103434e-8 0.017452457642696588
vn -0.9998476942625929 -8.158976085103434e-8 0.017452457642696588
vn -0.9998476942625929 -8.158976085103434e-8 0.017452457642696588
vn -8.893520240287338e-8 -0.9999999999999953 -4.2172330739128535e-8
vn -8.893520240287338e-8 -0.9999999999999953 -4.2172330739128535e-8
vn -8.893520240287338e-8 -0.9999999999999953 -4.2172330739128535e-8
vn -8.893520240287338e-8 -0.9999999999999953 -4.2172330739128535e-8
vn -8.893520240287338e-8 -0.9999999999999953 -4.2172330739128535e-8
vn -8.893520240287338e-8 -0.9999999999999953 -4.2172330739128535e-8
vn -0.01745245764250045 0.00000193790938958845 -0.9998476942607215
vn -0.017452457642699273 5.432901022396084e-8 -0.9998476942625946
vn -0.017452457642699273 5.432901022396084e-8 -0.9998476942625946
vn -0.01745245764250045 0.00000193790938958845 -0.9998476942607215
vn -0.017452457642699273 5.432901022396084e-8 -0.9998476942625946
vn -0.01745245764250045 0.00000193790938958845 -0.9998476942607215
vn 0.017452457642700217 -4.371804550407853e-8 0.999847694262595
vn 0.017452457642700217 -4.371804550407853e-8 0.999847694262595
vn 0.017452457642700217 -4.371804550407853e-8 0.999847694262595
vn 0.017452457642700217 -4.371804550407853e-8 0.999847694262595
vn 0.017452457642700217 -4.371804550407853e-8 0.999847694262595
vn 0.017452457642700217 -4.371804550407853e-8 0.999847694262595
vn 0.017452457642699273 -5.432901022396084e-8 0.9998476942625946
vn 0.01745245764121788 -0.000008942133403507232 0.999847694222635
vn 0.01745245764121788 -0.000008942134313001949 0.999847694222635
vn 0.017452457642699273 -5.432901022396084e-8 0.9998476942625946
vn 0.01745245764121788 -0.000008942134313001949 0.999847694222635
vn 0.017452457642699273 -5.432901022396084e-8 0.9998476942625946
vn 8.893520240287338e-8 0.9999999999999953 4.2172330739128535e-8
vn 8.893520240287338e-8 0.9999999999999953 4.2172330739128535e-8
vn 8.893520240287338e-8 0.9999999999999953 4.2172330739128535e-8
vn 8.893520240287338e-8 0.9999999999999953 4.2172330739128535e-8
vn 8.893520240287338e-8 0.9999999999999953 4.2172330739128535e-8
vn 8.893520240287338e-8 0.9999999999999953 4.2172330739128535e-8
vn 0.017452457642700217 -4.371804550407853e-8 0.999847694262595
vn 0.017452457642700217 -4.371804550407853e-8 0.999847694262595
vn 0.017452457642700217 -4.371804550407853e-8 0.999847694262595
vn 0.017452457642700217 -4.371804550407853e-8 0.999847694262595
vn 0.017452457642700217 -4.371804550407853e-8 0.999847694262595
vn 0.017452457642700217 -4.371804550407853e-8 0.999847694262595
vn -0.017452457642700217 4.371804550407853e-8 -0.999847694262595
vn -0.017452457642700217 4.371804550407853e-8 -0.999847694262595
vn -0.017452457642700217 4.371804550407853e-8 -0.999847694262595
vn -0.017452457642700217 4.371804550407853e-8 -0.999847694262595
vn -0.017452457642700217 4.371804550407853e-8 -0.999847694262595
vn -0.017452457642700217 4.371804550407853e-8 -0.999847694262595
vn -0.017452457642700217 4.371804550407853e-8 -0.999847694262595
vn -0.017452457642700217 4.371804550407853e-8 -0.999847694262595
vn -0.017452457642700217 4.371804550407853e-8 -0.999847694262595
vn -0.017452457642700217 4.371804550407853e-8 -0.999847694262595
vn -0.017452457642700217 4.371804550407853e-8 -0.999847694262595
vn -0.017452457642700217 4.371804550407853e-8 -0.999847694262595
vn -8.893520240287338e-8 -0.9999999999999953 -4.2172330739128535e-8
vn -8.893520240287338e-8 -0.9999999999999953 -4.2172330739128535e-8
vn -8.893520240287338e-8 -0.9999999999999953 -4.2172330739128535e-8
vn -8.893520240287338e-8 -0.9999999999999953 -4.2172330739128535e-8
vn -8.893520240287338e-8 -0.9999999999999953 -4.2172330739128535e-8
vn -8.893520240287338e-8 -0.9999999999999953 -4.2172330739128535e-8
vn 0.999847516671517 3.509258676166213e-7 -0.017462628830670936
vn 0.9998475166713103 3.509263507862061e-7 -0.017462628842492563
vn 0.999847694262592 -8.818564624537141e-8 -0.017452457642704
vn 0.999847516671517 3.509258676166213e-7 -0.017462628830670936
vn 0.999847694262592 -8.818564624537141e-8 -0.017452457642704
vn 0.999847694262592 -8.818564624537141e-8 -0.017452457642704
vn -0.999847694262592 8.818564624537141e-8 0.017452457642704
vn -0.999847694262592 8.818564624537141e-8 0.017452457642704
vn -0.9998475166713262 -3.509262939427466e-7 0.017462628841583207
vn -0.999847694262592 8.818564624537141e-8 0.017452457642704
vn -0.9998475166713262 -3.509262939427466e-7 0.017462628841583207
vn -0.9998475166715328 -3.5092575392974204e-7 0.01746262882976158
vn 0.9998475164668145 0.000020696222875037842 -0.01746262829043206
vn 0.9998475164540114 0.00002069478769240864 -0.017462629025192307
vn 0.9998475166713103 3.509263507862061e-7 -0.017462628842492563
vn 0.9998475164668145 0.000020696222875037842 -0.01746262829043206
vn 0.9998475166713103 3.509263507862061e-7 -0.017462628842492563
vn 0.999847516671517 3.509258676166213e-7 -0.017462628830670936
vn -0.9998475166715328 -3.5092575392974204e-7 0.01746262882976158
vn -0.9998475166713262 -3.509262939427466e-7 0.017462628841583207
vn -0.9998475164540431 -0.000020694784054429693 0.017462629023373595
vn -0.9998475166715328 -3.5092575392974204e-7 0.01746262882976158
vn -0.9998475164540431 -0.000020694784054429693 0.017462629023373595
vn -0.9998475164668303 -0.0000206962228750378 0.017462628289522705
vn -0.999847694262592 8.818564624537141e-8 0.017452457642704
vn -0.999847694262592 8.818564624537141e-8 0.017452457642704
vn -0.999847694262592 8.818564624537141e-8 0.017452457642704
vn -0.999847694262592 8.818564624537141e-8 0.017452457642704
vn -0.999847694262592 8.818564624537141e-8 0.017452457642704
vn -0.999847694262592 8.818564624537141e-8 0.017452457642704
vn 8.893520240287338e-8 0.9999999999999953 4.2172330739128535e-8
vn 8.893520240287338e-8 0.9999999999999953 4.2172330739128535e-8
vn 8.893520240287338e-8 0.9999999999999953 4.2172330739128535e-8
vn 8.893520240287338e-8 0.9999999999999953 4.2172330739128535e-8
vn 8.893520240287338e-8 0.9999999999999953 4.2172330739128535e-8
vn 8.893520240287338e-8 0.9999999999999953 4.2172330739128535e-8
vn 0.999847694262592 -8.818564624537141e-8 -0.017452457642704
vn 0.999847694262592 -8.818564624537141e-8 -0.017452457642704
vn 0.999847694262592 -8.818564624537141e-8 -0.017452457642704
vn 0.999847694262592 -8.818564624537141e-8 -0.017452457642704
vn 0.999847694262592 -8.818564624537141e-8 -0.017452457642704
vn 0.999847694262592 -8.818564624537141e-8 -0.017452457642704
vn 0.9998480109252696 0.00000429236666562036 -0.017434306133531655
vn 0.9998480109252696 0.00000429236666562036 -0.017434306133531655
vn 0.9998478523876895 0.000022446337248960537 -0.017443381893635375
vn 0.9998480109252696 0.00000429236666562036 -0.017434306133531655
vn 0.9998478523876895 0.000022446337248960537 -0.017443381893635375
vn 0.9998478523874668 0.00002244635907683427 -0.01744338190636635
vn -8.893520240287338e-8 -0.9999999999999953 -4.2172330739128535e-8
vn -8.893520240287338e-8 -0.9999999999999953 -4.2172330739128535e-8
vn -8.893520240287338e-8 -0.9999999999999953 -4.2172330739128535e-8
vn -8.893520240287338e-8 -0.9999999999999953 -4.2172330739128535e-8
vn -8.893520240287338e-8 -0.9999999999999953 -4.2172330739128535e-8
vn -8.893520240287338e-8 -0.9999999999999953 -4.2172330739128535e-8
vn -0.9998478523874668 -0.00002244635907683427 0.01744338190636635
vn -0.9998478523876895 -0.000022446337248960537 0.017443381893635375
vn -0.9998480109252696 -0.00000429236666562036 0.017434306133531655
vn -0.9998478523874668 -0.00002244635907683427 0.01744338190636635
vn -0.9998480109252696 -0.00000429236666562036 0.017434306133531655
vn -0.9998480109252696 -0.00000429236666562036 0.017434306133531655
vn 0.9998478523874668 0.00002244635907683427 -0.01744338190636635
vn 0.9998478523876895 0.000022446337248960537 -0.017443381893635375
vn 0.9998475164540114 0.00002069478769240864 -0.017462629025192307
vn 0.9998478523874668 0.00002244635907683427 -0.01744338190636635
vn 0.9998475164540114 0.00002069478769240864 -0.017462629025192307
vn 0.9998475164668145 0.000020696222875037842 -0.01746262829043206
vn -0.9998475164668303 -0.0000206962228750378 0.017462628289522705
vn -0.9998475164540431 -0.000020694784054429693 0.017462629023373595
vn -0.9998478523876895 -0.000022446337248960537 0.017443381893635375
vn -0.9998475164668303 -0.0000206962228750378 0.017462628289522705
vn -0.9998478523876895 -0.000022446337248960537 0.017443381893635375
vn -0.9998478523874668 -0.00002244635907683427 0.01744338190636635
f 2881/2881/2881 2882/2882/2882 2883/2883/2883
f 2884/2884/2884 2885/2885/2885 2886/2886/2886
f 2887/2887/2887 2888/2888/2888 2889/2889/2889
f 2890/2890/2890 2891/2891/2891 2892/2892/2892
f 2893/2893/2893 2894/2894/2894 2895/2895/2895
f 2896/2896/2896 2897/2897/2897 2898/2898/2898
f 2899/2899/2899 2900/2900/2900 2901/2901/2901
f 2902/2902/2902 2903/2903/2903 2904/2904/2904
f 2905/2905/2905 2906/2906/2906 2907/2907/2907
f 2908/2908/2908 2909/2909/2909 2910/2910/2910
f 2911/2911/2911 2912/2912/2912 2913/2913/2913
f 2914/2914/2914 2915/2915/2915 2916/2916/2916
f 2917/2917/2917 2918/2918/2918 2919/2919/2919
f 2920/2920/2920 2921/2921/2921 2922/2922/2922
f 2923/2923/2923 2924/2924/2924 2925/2925/2925
f 2926/2926/2926 2927/2927/2927 2928/2928/2928
f 2929/2929/2929 2930/2930/2930 2931/2931/2931
f 2932/2932/2932 2933/2933/2933 2934/2934/2934
f 2935/2935/2935 2936/2936/2936 2937/2937/2937
f 2938/2938/2938 2939/2939/2939 2940/2940/2940
f 2941/2941/2941 2942/2942/2942 2943/2943/2943
f 2944/2944/2944 2945/2945/2945 2946/2946/2946
f 2947/2947/2947 2948/2948/2948 2949/2949/2949
f 2950/2950/2950 2951/2951/2951 2952/2952/2952
f 2953/2953/2953 2954/2954/2954 2955/2955/2955
f 2956/2956/2956 2957/2957/2957 2958/2958/2958
f 2959/2959/2959 2960/2960/2960 2961/2961/2961
f 2962/2962/2962 2963/2963/2963 2964/2964/2964
f 2965/2965/2965 2966/2966/2966 2967/2967/2967
f 2968/2968/2968 2969/2969/2969 2970/2970/2970
f 2971/2971/2971 2972/2972/2972 2973/2973/2973
f 2974/2974/2974 2975/2975/2975 2976/2976/2976
f 2977/2977/2977 2978/2978/2978 2979/2979/2979
f 2980/2980/2980 2981/2981/2981 2982/2982/2982
f 2983/2983/2983 2984/2984/2984 2985/2985/2985
f 2986/2986/2986 2987/2987/2987 2988/2988/2988
f 2989/2989/2989 2990/2990/2990 2991/2991/2991
f 2992/2992/2992 2993/2993/2993 2994/2994/2994
f 2995/2995/2995 2996/2996/2996 2997/2997/2997
f 2998/2998/2998 2999/2999/2999 3000/3000/3000
f 3001/3001/3001 3002/3002/3002 3003/3003/3003
f 3004/3004/3004 3005/3005/3005 3006/3006/3006
f 3007/3007/3007 3008/3008/3008 3009/3009/3009
f 3010/3010/3010 3011/3011/3011 3012/3012/3012
f 3013/3013/3013 3014/3014/3014 3015/3015/3015
f 3016/3016/3016 3017/3017/3017 3018/3018/3018
f 3019/3019/3019 3020/3020/3020 3021/3021/3021
f 3022/3022/3022 3023/3023/3023 3024/3024/3024
f 3025/3025/3025 3026/3026/3026 3027/3027/3027
f 3028/3028/3028 3029/3029/3029 3030/3030/3030
f 3031/3031/3031 3032/3032/3032 3033/3033/3033
f 3034/3034/3034 3035/3035/3035 3036/3036/3036
o shelf_small002
usemtl DefaultMaterial
v -1808.54052734375 2054.640755436141 71.27176633476222
v -1048.54052734375 2054.6407554361394 71.2717358171841
v -1048.54052734375 2054.6407406118324 -311.50392946601903
v -1808.54052734375 2054.640755436141 71.27176633476222
v -1048.54052734375 2054.6407406118324 -311.50392946601903
v -1808.54052734375 2054.6407406118324 -311.50392946601903
v -1048.54052734375 2039.6407406118326 -311.5039288103482
v -1048.54052734375 2039.6407554361397 71.27173647285493
v -1808.54052734375 2039.640755436141 71.27176699043305
v -1048.54052734375 2039.6407406118326 -311.5039288103482
v -1808.54052734375 2039.640755436141 71.27176699043305
v -1808.54052734375 2039.6407406118326 -311.5039288103482
v -1048.54052734375 2054.6407554361394 71.2717358171841
v -1808.54052734375 2054.640755436141 71.27176633476222
v -1808.54052734375 2039.640755436141 71.27176699043305
v -1048.54052734375 2054.6407554361394 71.2717358171841
v -1808.54052734375 2039.640755436141 71.27176699043305
v -1048.54052734375 2039.6407554361397 71.27173647285493
vt 0.4037841260433197 0.6759981513023376
vt 0.5893310308456421 0.6759981513023376
vt 0.5893310308456421 0.7694492340087891
vt 0.4037841260433197 0.6759981513023376
vt 0.5893310308456421 0.7694492340087891
vt 0.4037841260433197 0.7694492340087891
vt 0.784417450428009 0.34480440616607666
vt 0.784417450428009 0.4382556676864624
vt 0.5988708138465881 0.4382556676864624
vt 0.784417450428009 0.34480440616607666
vt 0.5988708138465881 0.4382556676864624
vt 0.5988708138465881 0.34480440616607666
vt 0.9819622039794922 0.8566672205924988
vt 0.7964118719100952 0.8566672205924988
vt 0.7964118719100952 0.8530053496360779
vt 0.9819622039794922 0.8566672205924988
vt 0.7964118719100952 0.8530053496360779
vt 0.9819622039794922 0.8530053496360779
vn 1.0004427901006718e-16 0.9999999999999992 -3.872844644980944e-8
vn 1.0004427901006718e-16 0.9999999999999992 -3.872844644980944e-8
vn 1.0004427901006718e-16 0.9999999999999992 -3.872844644980944e-8
vn 1.0004427901006718e-16 0.9999999999999992 -3.872844644980944e-8
vn 1.0004427901006718e-16 0.9999999999999992 -3.872844644980944e-8
vn 1.0004427901006718e-16 0.9999999999999992 -3.872844644980944e-8
vn -1.0004427901006718e-16 -0.9999999999999992 3.872844644980944e-8
vn -1.0004427901006718e-16 -0.9999999999999992 3.872844644980944e-8
vn -1.0004427901006718e-16 -0.9999999999999992 3.872844644980944e-8
vn -1.0004427901006718e-16 -0.9999999999999992 3.872844644980944e-8
vn -1.0004427901006718e-16 -0.9999999999999992 3.872844644980944e-8
vn -1.0004427901006718e-16 -0.9999999999999992 3.872844644980944e-8
vn 4.015470977947189e-8 4.371138806469329e-8 0.9999999999999983
vn 4.015470977947189e-8 4.371138806469329e-8 0.9999999999999983
vn 4.015470977947189e-8 4.371138806469329e-8 0.9999999999999983
vn 4.015470977947189e-8 4.371138806469329e-8 0.9999999999999983
vn 4.015470977947189e-8 4.371138806469329e-8 0.9999999999999983
vn 4.015470977947189e-8 4.371138806469329e-8 0.9999999999999983
f 3037/3037/3037 3038/3038/3038 3039/3039/3039
f 3040/3040/3040 3041/3041/3041 3042/3042/3042
f 3043/3043/3043 3044/3044/3044 3045/3045/3045
f 3046/3046/3046 3047/3047/3047 3048/3048/3048
f 3049/3049/3049 3050/3050/3050 3051/3051/3051
f 3052/3052/3052 3053/3053/3053 3054/3054/3054
o base_small004
usemtl DefaultMaterial
v -2628.54052734375 1664.742806654505 82.77580407172887
v -2628.54052734375 1664.7427890486204 -319.9998917290523
v -1828.54052734375 1664.7427890486204 -319.9998917290523
v -2628.54052734375 1664.742806654505 82.77580407172887
v -1828.54052734375 1664.7427890486204 -319.9998917290523
v -1828.54052734375 1664.7428066545037 82.77577355415075
v -2628.54052734375 2429.679024916223 82.77576300591046
v -1828.54052734375 2429.6790249162223 82.77573248833234
v -1828.54052734375 2429.679007310339 -319.9999251654762
v -2628.54052734375 2429.679024916223 82.77576300591046
v -1828.54052734375 2429.679007310339 -319.9999251654762
v -2628.54052734375 2429.679007310339 -319.9999251654762
v -1828.54052734375 1664.7428066545037 82.77577355415075
v -1828.54052734375 1664.7427890486204 -319.9998917290523
v -1828.54052734375 2429.679007310339 -319.9999251654762
v -1828.54052734375 1664.7428066545037 82.77577355415075
v -1828.54052734375 2429.679007310339 -319.9999251654762
v -1828.54052734375 2429.6790249162223 82.77573248833234
v -1828.54052734375 1664.7427890486204 -319.9998917290523
v -2628.54052734375 1664.7427890486204 -319.9998917290523
v -2628.54052734375 2429.679007310339 -319.9999251654762
v -1828.54052734375 1664.7427890486204 -319.9998917290523
v -2628.54052734375 2429.679007310339 -319.9999251654762
v -1828.54052734375 2429.679007310339 -319.9999251654762
v -2628.54052734375 1664.7427890486204 -319.9998917290523
v -2628.54052734375 1664.742806654505 82.77580407172887
v -2628.54052734375 2429.679024916223 82.77576300591046
v -2628.54052734375 1664.7427890486204 -319.9998917290523
v -2628.54052734375 2429.679024916223 82.77576300591046
v -2628.54052734375 2429.679007310339 -319.9999251654762
v -1848.54052734375 1684.7427918301967 -299.99989260328016
v -2608.54052734375 1684.7427918301967 -299.99989260328016
v -2608.54052734375 1684.742806654505 82.7758031975011
v -1848.54052734375 1684.7427918301967 -299.99989260328016
v -2608.54052734375 1684.742806654505 82.7758031975011
v -1848.54052734375 1684.7428066545037 82.77577267992298
v -1848.54052734375 2409.6790081845666 -299.9999242912484
v -1848.54052734375 2409.6790249162223 82.77573336256009
v -2608.54052734375 2409.679024916223 82.77576388013821
v -1848.54052734375 2409.6790081845666 -299.9999242912484
v -2608.54052734375 2409.679024916223 82.77576388013821
v -2608.5411376953125 2409.6790081845666 -299.9999242912484
v -1848.54052734375 2409.6790081845666 -299.9999242912484
v -1848.54052734375 1684.7427918301967 -299.99989260328016
v -1848.54052734375 1684.7428066545037 82.77577267992298
v -1848.54052734375 2409.6790081845666 -299.9999242912484
v -1848.54052734375 1684.7428066545037 82.77577267992298
v -1848.54052734375 2409.6790249162223 82.77573336256009
v -2608.5411376953125 2409.6790081845666 -299.9999242912484
v -2608.54052734375 1684.7427918301967 -299.99989260328016
v -1848.54052734375 1684.7427918301967 -299.99989260328016
v -2608.5411376953125 2409.6790081845666 -299.9999242912484
v -1848.54052734375 1684.7427918301967 -299.99989260328016
v -1848.54052734375 2409.6790081845666 -299.9999242912484
v -2608.54052734375 2409.679024916223 82.77576388013821
v -2608.54052734375 1684.742806654505 82.7758031975011
v -2608.54052734375 1684.7427918301967 -299.99989260328016
v -2608.54052734375 2409.679024916223 82.77576388013821
v -2608.54052734375 1684.7427918301967 -299.99989260328016
v -2608.5411376953125 2409.6790081845666 -299.9999242912484
v -2628.54052734375 1664.742806654505 82.77580407172887
v -1828.54052734375 1664.7428066545037 82.77577355415075
v -1848.54052734375 1684.7428066545037 82.77577267992298
v -2628.54052734375 1664.742806654505 82.77580407172887
v -1848.54052734375 1684.7428066545037 82.77577267992298
v -2608.54052734375 1684.742806654505 82.7758031975011
v -1828.54052734375 2429.6790249162223 82.77573248833234
v -2628.54052734375 2429.679024916223 82.77576300591046
v -2608.54052734375 2409.679024916223 82.77576388013821
v -1828.54052734375 2429.6790249162223 82.77573248833234
v -2608.54052734375 2409.679024916223 82.77576388013821
v -1848.54052734375 2409.6790249162223 82.77573336256009
v -1828.54052734375 1664.7428066545037 82.77577355415075
v -1828.54052734375 2429.6790249162223 82.77573248833234
v -1848.54052734375 2409.6790249162223 82.77573336256009
v -1828.54052734375 1664.7428066545037 82.77577355415075
v -1848.54052734375 2409.6790249162223 82.77573336256009
v -1848.54052734375 1684.7428066545037 82.77577267992298
v -2628.54052734375 2429.679024916223 82.77576300591046
v -2628.54052734375 1664.742806654505 82.77580407172887
v -2608.54052734375 1684.742806654505 82.7758031975011
v -2628.54052734375 2429.679024916223 82.77576300591046
v -2608.54052734375 1684.742806654505 82.7758031975011
v -2608.54052734375 2409.679024916223 82.77576388013821
vt 0.018147602677345276 0.33425265550613403
vt 0.018147602677345276 0.2359188199043274
vt 0.2134602814912796 0.2359188199043274
vt 0.018147602677345276 0.33425265550613403
vt 0.2134602814912796 0.2359188199043274
vt 0.2134602814912796 0.33425265550613403
vt 0.22684502601623535 0.2359188199043274
vt 0.42215752601623535 0.2359188199043274
vt 0.42215752601623535 0.33425265550613403
vt 0.22684502601623535 0.2359188199043274
vt 0.42215752601623535 0.33425265550613403
vt 0.22684502601623535 0.33425265550613403
vt 0.009073801338672638 0.662387490272522
vt 0.10740763694047928 0.662387490272522
vt 0.10740763694047928 0.8491393327713013
vt 0.009073801338672638 0.662387490272522
vt 0.10740763694047928 0.8491393327713013
vt 0.009073801338672638 0.8491393327713013
vt 0.9130619168281555 0.768184244632721
vt 0.998227596282959 0.768184244632721
vt 0.998227596282959 0.8496171832084656
vt 0.9130619168281555 0.768184244632721
vt 0.998227596282959 0.8496171832084656
vt 0.9130619168281555 0.8496171832084656
vt 0.10888560116291046 0.6623874306678772
vt 0.20721958577632904 0.6623874306678772
vt 0.20721958577632904 0.8491392731666565
vt 0.10888560116291046 0.6623874306678772
vt 0.20721958577632904 0.8491392731666565
vt 0.10888560116291046 0.8491392731666565
vt 0.784417450428009 0.533530592918396
vt 0.5988708138465881 0.533530592918396
vt 0.5988708138465881 0.44007933139801025
vt 0.784417450428009 0.533530592918396
vt 0.5988708138465881 0.44007933139801025
vt 0.784417450428009 0.44007933139801025
vt 0.589330792427063 0.7712730169296265
vt 0.589330792427063 0.8647242188453674
vt 0.4037841260433197 0.8647242188453674
vt 0.589330792427063 0.7712730169296265
vt 0.4037841260433197 0.8647242188453674
vt 0.4037841260433197 0.7712730169296265
vt 0.803031325340271 0.5853074789047241
vt 0.803031325340271 0.4083210229873657
vt 0.8964824676513672 0.4083210229873657
vt 0.803031325340271 0.5853074789047241
vt 0.8964824676513672 0.4083210229873657
vt 0.8964824676513672 0.5853074789047241
vt 0.4037841260433197 0.6715084910392761
vt 0.4037843644618988 0.4945221543312073
vt 0.5893312692642212 0.4945221543312073
vt 0.4037841260433197 0.6715084910392761
vt 0.5893312692642212 0.4945221543312073
vt 0.5893312692642212 0.6715084910392761
vt 0.7077564597129822 0.7214147448539734
vt 0.7077564597129822 0.5444280505180359
vt 0.801207423210144 0.5444280505180359
vt 0.7077564597129822 0.7214147448539734
vt 0.801207423210144 0.5444280505180359
vt 0.801207423210144 0.7214147448539734
vt 0.018147602677345276 0.3357306122779846
vt 0.21346016228199005 0.3357306122779846
vt 0.20857705175876617 0.3406134247779846
vt 0.018147602677345276 0.3357306122779846
vt 0.20857705175876617 0.3406134247779846
vt 0.0230301171541214 0.3406134247779846
vt 0.6308549642562866 0.22719091176986694
vt 0.43554243445396423 0.22719091176986694
vt 0.4404250681400299 0.22230809926986694
vt 0.6308549642562866 0.22719091176986694
vt 0.4404250681400299 0.22230809926986694
vt 0.6259720325469971 0.22230809926986694
vt 0.20450642704963684 0.36295199394226074
vt 0.20450642704963684 0.5497039556503296
vt 0.19962361454963684 0.5448213815689087
vt 0.20450642704963684 0.36295199394226074
vt 0.19962361454963684 0.5448213815689087
vt 0.19962361454963684 0.36783480644226074
vt 0.002405771054327488 0.8356552720069885
vt 0.002405771054327488 0.6489033102989197
vt 0.007288583554327488 0.6537861227989197
vt 0.002405771054327488 0.8356552720069885
vt 0.007288583554327488 0.6537861227989197
vt 0.007288583554327488 0.8307725787162781
vn 0 -0.9999999999999992 4.371138806469333e-8
vn 0 -0.9999999999999992 4.371138806469333e-8
vn 0 -0.9999999999999992 4.371138806469333e-8
vn 0 -0.9999999999999992 4.371138806469333e-8
vn 0 -0.9999999999999992 4.371138806469333e-8
vn 0 -0.9999999999999992 4.371138806469333e-8
vn 0 0.9999999999999992 -4.371138806469333e-8
vn 0 0.9999999999999992 -4.371138806469333e-8
vn 0 0.9999999999999992 -4.371138806469333e-8
vn 0 0.9999999999999992 -4.371138806469333e-8
vn 0 0.9999999999999992 -4.371138806469333e-8
vn 0 0.9999999999999992 -4.371138806469333e-8
vn 1 0 0
vn 1 0 0
vn 1 0 0
vn 1 0 0
vn 1 0 0
vn 1 0 0
vn 0 -4.371138806469333e-8 -0.9999999999999992
vn 0 -4.371138806469333e-8 -0.9999999999999992
vn 0 -4.371138806469333e-8 -0.9999999999999992
vn 0 -4.371138806469333e-8 -0.9999999999999992
vn 0 -4.371138806469333e-8 -0.9999999999999992
vn 0 -4.371138806469333e-8 -0.9999999999999992
vn -1 0 0
vn -1 0 0
vn -1 0 0
vn -1 0 0
vn -1 0 0
vn -1 0 0
vn 1.0004427901006718e-16 0.9999999999999992 -3.872844644980944e-8
vn 1.0004427901006718e-16 0.9999999999999992 -3.872844644980944e-8
vn 1.0004427901006718e-16 0.9999999999999992 -3.872844644980944e-8
vn 1.0004427901006718e-16 0.9999999999999992 -3.872844644980944e-8
vn 1.0004427901006718e-16 0.9999999999999992 -3.872844644980944e-8
vn 1.0004427901006718e-16 0.9999999999999992 -3.872844644980944e-8
vn 0 -0.9999999999999992 4.371138806469333e-8
vn 0 -0.9999999999999992 4.371138806469333e-8
vn 0 -0.9999999999999992 4.371138806469333e-8
vn 0 -0.9999999999999992 4.371138806469333e-8
vn 0 -0.9999999999999992 4.371138806469333e-8
vn 0 -0.9999999999999992 4.371138806469333e-8
vn -1 0 0
vn -1 0 0
vn -1 0 0
vn -1 0 0
vn -1 0 0
vn -1 0 0
vn 0 4.371138806469333e-8 0.9999999999999992
vn 0 4.371138806469333e-8 0.9999999999999992
vn 0 4.371138806469333e-8 0.9999999999999992
vn 0 4.371138806469333e-8 0.9999999999999992
vn 0 4.371138806469333e-8 0.9999999999999992
vn 0 4.371138806469333e-8 0.9999999999999992
vn 0.9999999999995937 4.209690807165774e-7 -7.972705204628386e-7
vn 0.9999999999995937 4.209690807165774e-7 -7.972705204628386e-7
vn 0.9999999999995937 4.209690807165774e-7 -7.972705204628386e-7
vn 0.9999999999995937 4.209690807165774e-7 -7.972705204628386e-7
vn 0.9999999999995937 4.209690807165774e-7 -7.972705204628386e-7
vn 0.9999999999995937 4.209690807165774e-7 -7.972705204628386e-7
vn 1.9562552466823052e-8 4.8832226040573794e-8 0.9999999999999988
vn 1.9562552466823052e-8 4.8832226040573794e-8 0.9999999999999988
vn 1.9562550690466213e-8 4.8832225596484584e-8 0.9999999999999988
vn 1.9562552466823052e-8 4.8832226040573794e-8 0.9999999999999988
vn 1.9562550690466213e-8 4.8832225596484584e-8 0.9999999999999988
vn 1.9562550690466213e-8 4.8832225596484584e-8 0.9999999999999988
vn 1.9562552466823052e-8 4.8832226040573794e-8 0.9999999999999988
vn 1.9562552466823052e-8 4.8832226040573794e-8 0.9999999999999988
vn 1.9562550690466213e-8 4.8832225596484584e-8 0.9999999999999988
vn 1.9562552466823052e-8 4.8832226040573794e-8 0.9999999999999988
vn 1.9562550690466213e-8 4.8832225596484584e-8 0.9999999999999988
vn 1.9562550690466213e-8 4.8832225596484584e-8 0.9999999999999988
vn 1.9562552466823052e-8 4.8832226040573794e-8 0.9999999999999988
vn 1.9562552466823052e-8 4.8832226040573794e-8 0.9999999999999988
vn 1.9562550690466213e-8 4.8832225596484584e-8 0.9999999999999988
vn 1.9562552466823052e-8 4.8832226040573794e-8 0.9999999999999988
vn 1.9562550690466213e-8 4.8832225596484584e-8 0.9999999999999988
vn 1.9562550690466213e-8 4.8832225596484584e-8 0.9999999999999988
vn 1.9562552466823052e-8 4.8832226040573794e-8 0.9999999999999988
vn 1.9562552466823052e-8 4.8832226040573794e-8 0.9999999999999988
vn 1.9562550690466213e-8 4.8832225596484584e-8 0.9999999999999988
vn 1.9562552466823052e-8 4.8832226040573794e-8 0.9999999999999988
vn 1.9562550690466213e-8 4.8832225596484584e-8 0.9999999999999988
vn 1.9562550690466213e-8 4.8832225596484584e-8 0.9999999999999988
f 3055/3055/3055 3056/3056/3056 3057/3057/3057
f 3058/3058/3058 3059/3059/3059 3060/3060/3060
f 3061/3061/3061 3062/3062/3062 3063/3063/3063
f 3064/3064/3064 3065/3065/3065 3066/3066/3066
f 3067/3067/3067 3068/3068/3068 3069/3069/3069
f 3070/3070/3070 3071/3071/3071 3072/3072/3072
f 3073/3073/3073 3074/3074/3074 3075/3075/3075
f 3076/3076/3076 3077/3077/3077 3078/3078/3078
f 3079/3079/3079 3080/3080/3080 3081/3081/3081
f 3082/3082/3082 3083/3083/3083 3084/3084/3084
f 3085/3085/3085 3086/3086/3086 3087/3087/3087
f 3088/3088/3088 3089/3089/3089 3090/3090/3090
f 3091/3091/3091 3092/3092/3092 3093/3093/3093
f 3094/3094/3094 3095/3095/3095 3096/3096/3096
f 3097/3097/3097 3098/3098/3098 3099/3099/3099
f 3100/3100/3100 3101/3101/3101 3102/3102/3102
f 3103/3103/3103 3104/3104/3104 3105/3105/3105
f 3106/3106/3106 3107/3107/3107 3108/3108/3108
f 3109/3109/3109 3110/3110/3110 3111/3111/3111
f 3112/3112/3112 3113/3113/3113 3114/3114/3114
f 3115/3115/3115 3116/3116/3116 3117/3117/3117
f 3118/3118/3118 3119/3119/3119 3120/3120/3120
f 3121/3121/3121 3122/3122/3122 3123/3123/3123
f 3124/3124/3124 3125/3125/3125 3126/3126/3126
f 3127/3127/3127 3128/3128/3128 3129/3129/3129
f 3130/3130/3130 3131/3131/3131 3132/3132/3132
f 3133/3133/3133 3134/3134/3134 3135/3135/3135
f 3136/3136/3136 3137/3137/3137 3138/3138/3138
o base_small005
usemtl DefaultMaterial
v -3428.54052734375 1664.74256251388 82.77586510688512
v -3428.54052734375 1664.7425449079954 -319.99983069389606
v -2628.54052734375 1664.7425449079954 -319.99983069389606
v -3428.54052734375 1664.74256251388 82.77586510688512
v -2628.54052734375 1664.7425449079954 -319.99983069389606
v -2628.54052734375 1664.7425625138787 82.775834589307
v -3428.54052734375 2429.678780775598 82.77582404106671
v -2628.54052734375 2429.6787807755973 82.77579352348859
v -2628.54052734375 2429.678763169714 -319.99986413031996
v -3428.54052734375 2429.678780775598 82.77582404106671
v -2628.54052734375 2429.678763169714 -319.99986413031996
v -3428.54052734375 2429.678763169714 -319.99986413031996
v -2628.54052734375 1664.7425625138787 82.775834589307
v -2628.54052734375 1664.7425449079954 -319.99983069389606
v -2628.54052734375 2429.678763169714 -319.99986413031996
v -2628.54052734375 1664.7425625138787 82.775834589307
v -2628.54052734375 2429.678763169714 -319.99986413031996
v -2628.54052734375 2429.6787807755973 82.77579352348859
v -2628.54052734375 1664.7425449079954 -319.99983069389606
v -3428.54052734375 1664.7425449079954 -319.99983069389606
v -3428.54052734375 2429.678763169714 -319.99986413031996
v -2628.54052734375 1664.7425449079954 -319.99983069389606
v -3428.54052734375 2429.678763169714 -319.99986413031996
v -2628.54052734375 2429.678763169714 -319.99986413031996
v -3428.54052734375 1664.7425449079954 -319.99983069389606
v -3428.54052734375 1664.74256251388 82.77586510688512
v -3428.54052734375 2429.678780775598 82.77582404106671
v -3428.54052734375 1664.7425449079954 -319.99983069389606
v -3428.54052734375 2429.678780775598 82.77582404106671
v -3428.54052734375 2429.678763169714 -319.99986413031996
v -2648.54052734375 1684.7425476895717 -299.9998315681239
v -3408.54052734375 1684.7425476895717 -299.9998315681239
v -3408.54052734375 1684.74256251388 82.77586423265736
v -2648.54052734375 1684.7425476895717 -299.9998315681239
v -3408.54052734375 1684.74256251388 82.77586423265736
v -2648.54052734375 1684.7425625138787 82.77583371507923
v -2648.54052734375 2409.6787640439416 -299.99986325609217
v -2648.54052734375 2409.6787807755973 82.77579439771634
v -3408.54052734375 2409.678780775598 82.77582491529446
v -2648.54052734375 2409.6787640439416 -299.99986325609217
v -3408.54052734375 2409.678780775598 82.77582491529446
v -3408.5411376953125 2409.6787640439416 -299.99986325609217
v -2648.54052734375 2409.6787640439416 -299.99986325609217
v -2648.54052734375 1684.7425476895717 -299.9998315681239
v -2648.54052734375 1684.7425625138787 82.77583371507923
v -2648.54052734375 2409.6787640439416 -299.99986325609217
v -2648.54052734375 1684.7425625138787 82.77583371507923
v -2648.54052734375 2409.6787807755973 82.77579439771634
v -3408.5411376953125 2409.6787640439416 -299.99986325609217
v -3408.54052734375 1684.7425476895717 -299.9998315681239
v -2648.54052734375 1684.7425476895717 -299.9998315681239
v -3408.5411376953125 2409.6787640439416 -299.99986325609217
v -2648.54052734375 1684.7425476895717 -299.9998315681239
v -2648.54052734375 2409.6787640439416 -299.99986325609217
v -3408.54052734375 2409.678780775598 82.77582491529446
v -3408.54052734375 1684.74256251388 82.77586423265736
v -3408.54052734375 1684.7425476895717 -299.9998315681239
v -3408.54052734375 2409.678780775598 82.77582491529446
v -3408.54052734375 1684.7425476895717 -299.9998315681239
v -3408.5411376953125 2409.6787640439416 -299.99986325609217
v -3428.54052734375 1664.74256251388 82.77586510688512
v -2628.54052734375 1664.7425625138787 82.775834589307
v -2648.54052734375 1684.7425625138787 82.77583371507923
v -3428.54052734375 1664.74256251388 82.77586510688512
v -2648.54052734375 1684.7425625138787 82.77583371507923
v -3408.54052734375 1684.74256251388 82.77586423265736
v -2628.54052734375 2429.6787807755973 82.77579352348859
v -3428.54052734375 2429.678780775598 82.77582404106671
v -3408.54052734375 2409.678780775598 82.77582491529446
v -2628.54052734375 2429.6787807755973 82.77579352348859
v -3408.54052734375 2409.678780775598 82.77582491529446
v -2648.54052734375 2409.6787807755973 82.77579439771634
v -2628.54052734375 1664.7425625138787 82.775834589307
v -2628.54052734375 2429.6787807755973 82.77579352348859
v -2648.54052734375 2409.6787807755973 82.77579439771634
v -2628.54052734375 1664.7425625138787 82.775834589307
v -2648.54052734375 2409.6787807755973 82.77579439771634
v -2648.54052734375 1684.7425625138787 82.77583371507923
v -3428.54052734375 2429.678780775598 82.77582404106671
v -3428.54052734375 1664.74256251388 82.77586510688512
v -3408.54052734375 1684.74256251388 82.77586423265736
v -3428.54052734375 2429.678780775598 82.77582404106671
v -3408.54052734375 1684.74256251388 82.77586423265736
v -3408.54052734375 2409.678780775598 82.77582491529446
vt 0.018147602677345276 0.33425265550613403
vt 0.018147602677345276 0.2359188199043274
vt 0.2134602814912796 0.2359188199043274
vt 0.018147602677345276 0.33425265550613403
vt 0.2134602814912796 0.2359188199043274
vt 0.2134602814912796 0.33425265550613403
vt 0.22684502601623535 0.2359188199043274
vt 0.42215752601623535 0.2359188199043274
vt 0.42215752601623535 0.33425265550613403
vt 0.22684502601623535 0.2359188199043274
vt 0.42215752601623535 0.33425265550613403
vt 0.22684502601623535 0.33425265550613403
vt 0.009073801338672638 0.662387490272522
vt 0.10740763694047928 0.662387490272522
vt 0.10740763694047928 0.8491393327713013
vt 0.009073801338672638 0.662387490272522
vt 0.10740763694047928 0.8491393327713013
vt 0.009073801338672638 0.8491393327713013
vt 0.9130619168281555 0.768184244632721
vt 0.998227596282959 0.768184244632721
vt 0.998227596282959 0.8496171832084656
vt 0.9130619168281555 0.768184244632721
vt 0.998227596282959 0.8496171832084656
vt 0.9130619168281555 0.8496171832084656
vt 0.10888560116291046 0.6623874306678772
vt 0.20721958577632904 0.6623874306678772
vt 0.20721958577632904 0.8491392731666565
vt 0.10888560116291046 0.6623874306678772
vt 0.20721958577632904 0.8491392731666565
vt 0.10888560116291046 0.8491392731666565
vt 0.784417450428009 0.533530592918396
vt 0.5988708138465881 0.533530592918396
vt 0.5988708138465881 0.44007933139801025
vt 0.784417450428009 0.533530592918396
vt 0.5988708138465881 0.44007933139801025
vt 0.784417450428009 0.44007933139801025
vt 0.589330792427063 0.7712730169296265
vt 0.589330792427063 0.8647242188453674
vt 0.4037841260433197 0.8647242188453674
vt 0.589330792427063 0.7712730169296265
vt 0.4037841260433197 0.8647242188453674
vt 0.4037841260433197 0.7712730169296265
vt 0.803031325340271 0.5853074789047241
vt 0.803031325340271 0.4083210229873657
vt 0.8964824676513672 0.4083210229873657
vt 0.803031325340271 0.5853074789047241
vt 0.8964824676513672 0.4083210229873657
vt 0.8964824676513672 0.5853074789047241
vt 0.4037841260433197 0.6715084910392761
vt 0.4037843644618988 0.4945221543312073
vt 0.5893312692642212 0.4945221543312073
vt 0.4037841260433197 0.6715084910392761
vt 0.5893312692642212 0.4945221543312073
vt 0.5893312692642212 0.6715084910392761
vt 0.7077564597129822 0.7214147448539734
vt 0.7077564597129822 0.5444280505180359
vt 0.801207423210144 0.5444280505180359
vt 0.7077564597129822 0.7214147448539734
vt 0.801207423210144 0.5444280505180359
vt 0.801207423210144 0.7214147448539734
vt 0.018147602677345276 0.3357306122779846
vt 0.21346016228199005 0.3357306122779846
vt 0.20857705175876617 0.3406134247779846
vt 0.018147602677345276 0.3357306122779846
vt 0.20857705175876617 0.3406134247779846
vt 0.0230301171541214 0.3406134247779846
vt 0.6308549642562866 0.22719091176986694
vt 0.43554243445396423 0.22719091176986694
vt 0.4404250681400299 0.22230809926986694
vt 0.6308549642562866 0.22719091176986694
vt 0.4404250681400299 0.22230809926986694
vt 0.6259720325469971 0.22230809926986694
vt 0.20450642704963684 0.36295199394226074
vt 0.20450642704963684 0.5497039556503296
vt 0.19962361454963684 0.5448213815689087
vt 0.20450642704963684 0.36295199394226074
vt 0.19962361454963684 0.5448213815689087
vt 0.19962361454963684 0.36783480644226074
vt 0.002405771054327488 0.8356552720069885
vt 0.002405771054327488 0.6489033102989197
vt 0.007288583554327488 0.6537861227989197
vt 0.002405771054327488 0.8356552720069885
vt 0.007288583554327488 0.6537861227989197
vt 0.007288583554327488 0.8307725787162781
vn 0 -0.9999999999999992 4.371138806469333e-8
vn 0 -0.9999999999999992 4.371138806469333e-8
vn 0 -0.9999999999999992 4.371138806469333e-8
vn 0 -0.9999999999999992 4.371138806469333e-8
vn 0 -0.9999999999999992 4.371138806469333e-8
vn 0 -0.9999999999999992 4.371138806469333e-8
vn 0 0.9999999999999992 -4.371138806469333e-8
vn 0 0.9999999999999992 -4.371138806469333e-8
vn 0 0.9999999999999992 -4.371138806469333e-8
vn 0 0.9999999999999992 -4.371138806469333e-8
vn 0 0.9999999999999992 -4.371138806469333e-8
vn 0 0.9999999999999992 -4.371138806469333e-8
vn 1 0 0
vn 1 0 0
vn 1 0 0
vn 1 0 0
vn 1 0 0
vn 1 0 0
vn 0 -4.371138806469333e-8 -0.9999999999999992
vn 0 -4.371138806469333e-8 -0.9999999999999992
vn 0 -4.371138806469333e-8 -0.9999999999999992
vn 0 -4.371138806469333e-8 -0.9999999999999992
vn 0 -4.371138806469333e-8 -0.9999999999999992
vn 0 -4.371138806469333e-8 -0.9999999999999992
vn -1 0 0
vn -1 0 0
vn -1 0 0
vn -1 0 0
vn -1 0 0
vn -1 0 0
vn 1.0004427901006718e-16 0.9999999999999992 -3.872844644980944e-8
vn 1.0004427901006718e-16 0.9999999999999992 -3.872844644980944e-8
vn 1.0004427901006718e-16 0.9999999999999992 -3.872844644980944e-8
vn 1.0004427901006718e-16 0.9999999999999992 -3.872844644980944e-8
vn 1.0004427901006718e-16 0.9999999999999992 -3.872844644980944e-8
vn 1.0004427901006718e-16 0.9999999999999992 -3.872844644980944e-8
vn 0 -0.9999999999999992 4.371138806469333e-8
vn 0 -0.9999999999999992 4.371138806469333e-8
vn 0 -0.9999999999999992 4.371138806469333e-8
vn 0 -0.9999999999999992 4.371138806469333e-8
vn 0 -0.9999999999999992 4.371138806469333e-8
vn 0 -0.9999999999999992 4.371138806469333e-8
vn -1 0 0
vn -1 0 0
vn -1 0 0
vn -1 0 0
vn -1 0 0
vn -1 0 0
vn 0 4.371138806469333e-8 0.9999999999999992
vn 0 4.371138806469333e-8 0.9999999999999992
vn 0 4.371138806469333e-8 0.9999999999999992
vn 0 4.371138806469333e-8 0.9999999999999992
vn 0 4.371138806469333e-8 0.9999999999999992
vn 0 4.371138806469333e-8 0.9999999999999992
vn 0.9999999999995937 4.209690807165774e-7 -7.972705204628386e-7
vn 0.9999999999995937 4.209690807165774e-7 -7.972705204628386e-7
vn 0.9999999999995937 4.209690807165774e-7 -7.972705204628386e-7
vn 0.9999999999995937 4.209690807165774e-7 -7.972705204628386e-7
vn 0.9999999999995937 4.209690807165774e-7 -7.972705204628386e-7
vn 0.9999999999995937 4.209690807165774e-7 -7.972705204628386e-7
vn 1.9562552466823052e-8 4.8832226040573794e-8 0.9999999999999988
vn 1.9562552466823052e-8 4.8832226040573794e-8 0.9999999999999988
vn 1.9562550690466213e-8 4.8832225596484584e-8 0.9999999999999988
vn 1.9562552466823052e-8 4.8832226040573794e-8 0.9999999999999988
vn 1.9562550690466213e-8 4.8832225596484584e-8 0.9999999999999988
vn 1.9562550690466213e-8 4.8832225596484584e-8 0.9999999999999988
vn 1.9562552466823052e-8 4.8832226040573794e-8 0.9999999999999988
vn 1.9562552466823052e-8 4.8832226040573794e-8 0.9999999999999988
vn 1.9562550690466213e-8 4.8832225596484584e-8 0.9999999999999988
vn 1.9562552466823052e-8 4.8832226040573794e-8 0.9999999999999988
vn 1.9562550690466213e-8 4.8832225596484584e-8 0.9999999999999988
vn 1.9562550690466213e-8 4.8832225596484584e-8 0.9999999999999988
vn 1.9562552466823052e-8 4.8832226040573794e-8 0.9999999999999988
vn 1.9562552466823052e-8 4.8832226040573794e-8 0.9999999999999988
vn 1.9562550690466213e-8 4.8832225596484584e-8 0.9999999999999988
vn 1.9562552466823052e-8 4.8832226040573794e-8 0.9999999999999988
vn 1.9562550690466213e-8 4.8832225596484584e-8 0.9999999999999988
vn 1.9562550690466213e-8 4.8832225596484584e-8 0.9999999999999988
vn 1.9562552466823052e-8 4.8832226040573794e-8 0.9999999999999988
vn 1.9562552466823052e-8 4.8832226040573794e-8 0.9999999999999988
vn 1.9562550690466213e-8 4.8832225596484584e-8 0.9999999999999988
vn 1.9562552466823052e-8 4.8832226040573794e-8 0.9999999999999988
vn 1.9562550690466213e-8 4.8832225596484584e-8 0.9999999999999988
vn 1.9562550690466213e-8 4.8832225596484584e-8 0.9999999999999988
f 3139/3139/3139 3140/3140/3140 3141/3141/3141
f 3142/3142/3142 3143/3143/3143 3144/3144/3144
f 3145/3145/3145 3146/3146/3146 3147/3147/3147
f 3148/3148/3148 3149/3149/3149 3150/3150/3150
f 3151/3151/3151 3152/3152/3152 3153/3153/3153
f 3154/3154/3154 3155/3155/3155 3156/3156/3156
f 3157/3157/3157 3158/3158/3158 3159/3159/3159
f 3160/3160/3160 3161/3161/3161 3162/3162/3162
f 3163/3163/3163 3164/3164/3164 3165/3165/3165
f 3166/3166/3166 3167/3167/3167 3168/3168/3168
f 3169/3169/3169 3170/3170/3170 3171/3171/3171
f 3172/3172/3172 3173/3173/3173 3174/3174/3174
f 3175/3175/3175 3176/3176/3176 3177/3177/3177
f 3178/3178/3178 3179/3179/3179 3180/3180/3180
f 3181/3181/3181 3182/3182/3182 3183/3183/3183
f 3184/3184/3184 3185/3185/3185 3186/3186/3186
f 3187/3187/3187 3188/3188/3188 3189/3189/3189
f 3190/3190/3190 3191/3191/3191 3192/3192/3192
f 3193/3193/3193 3194/3194/3194 3195/3195/3195
f 3196/3196/3196 3197/3197/3197 3198/3198/3198
f 3199/3199/3199 3200/3200/3200 3201/3201/3201
f 3202/3202/3202 3203/3203/3203 3204/3204/3204
f 3205/3205/3205 3206/3206/3206 3207/3207/3207
f 3208/3208/3208 3209/3209/3209 3210/3210/3210
f 3211/3211/3211 3212/3212/3212 3213/3213/3213
f 3214/3214/3214 3215/3215/3215 3216/3216/3216
f 3217/3217/3217 3218/3218/3218 3219/3219/3219
f 3220/3220/3220 3221/3221/3221 3222/3222/3222
o door_big009
usemtl DefaultMaterial
v -2230.8061213017554 2425.2916682003734 93.50444379540698
v -2230.806273814337 1706.2810938595585 93.5044007192171
v -2625.5563660702915 1706.281127929698 83.16750445678011
v -2230.8061213017554 2425.2916682003734 93.50444379540698
v -2625.5563660702915 1706.281127929698 83.16750445678011
v -2625.5562135577084 2425.291717529302 83.1675475329707
v -2625.5562135577084 2425.291717529302 83.1675475329707
v -2625.5563660702915 1706.281127929698 83.16750445678011
v -2625.9490203476757 1706.2811272738022 98.16236445023796
v -2625.5562135577084 2425.291717529302 83.1675475329707
v -2625.9490203476757 1706.2811272738022 98.16236445023796
v -2625.9488678350926 2425.291716873406 98.16240752642854
v -2625.9488678350926 2425.291716873406 98.16240752642854
v -2625.9490203476757 1706.2811272738022 98.16236445023796
v -2231.1989280917214 1706.2810932036627 108.49926071267495
v -2625.9488678350926 2425.291716873406 98.16240752642854
v -2231.1989280917214 1706.2810932036627 108.49926071267495
v -2231.198775579141 2425.2916522856885 108.49930378886414
v -2625.5562135577084 2425.291717529302 83.1675475329707
v -2625.9488678350926 2425.291716873406 98.16240752642854
v -2231.198775579141 2425.2916522856885 108.49930378886414
v -2625.5562135577084 2425.291717529302 83.1675475329707
v -2231.198775579141 2425.2916522856885 108.49930378886414
v -2230.8061213017554 2425.2916682003734 93.50444379540698
v -2231.198775579141 2425.2916522856885 108.49930378886414
v -2231.1989280917214 1706.2810932036627 108.49926071267495
v -2230.806273814337 1706.2810938595585 93.5044007192171
v -2231.198775579141 2425.2916522856885 108.49930378886414
v -2230.806273814337 1706.2810938595585 93.5044007192171
v -2230.8061213017554 2425.2916682003734 93.50444379540698
v -2231.1990209006935 1670.0310321685174 108.49918800867036
v -2625.9490826495266 1670.0310662386541 98.16229254509054
v -2625.5564283721424 1670.0310668945497 83.16743255163269
v -2231.1990209006935 1670.0310321685174 108.49918800867036
v -2625.5564283721424 1670.0310668945497 83.16743255163269
v -2230.8063666233093 1670.031032824413 93.50432801521251
v -2230.8063666233093 1670.031032824413 93.50432801521251
v -2625.5564283721424 1670.0310668945497 83.16743255163269
v -2625.5563660702915 1706.281127929698 83.16750445678011
v -2230.8063666233093 1670.031032824413 93.50432801521251
v -2625.5563660702915 1706.281127929698 83.16750445678011
v -2230.806273814337 1706.2810938595585 93.5044007192171
v -2625.9490826495266 1670.0310662386541 98.16229254509054
v -2231.1990209006935 1670.0310321685174 108.49918800867036
v -2231.1990202439915 1677.74746283258 108.49918836339384
v -2625.9490826495266 1670.0310662386541 98.16229254509054
v -2231.1990202439915 1677.74746283258 108.49918836339384
v -2625.9490819928246 1677.7474969027166 98.16229289981402
v -2231.1989280917214 1706.2810932036627 108.49926071267495
v -2625.9490203476757 1706.2811272738022 98.16236445023796
v -2625.949080221196 1698.5646355745916 98.16229385677562
v -2231.1989280917214 1706.2810932036627 108.49926071267495
v -2625.949080221196 1698.5646355745916 98.16229385677562
v -2231.1990184723622 1698.564601504455 108.49918932035544
v -2625.595693672224 1671.53106682896 84.66691861993331
v -2625.9098170941315 1671.5310663042437 96.66280661469959
v -2231.1597553452984 1671.531032234107 106.99970207827941
v -2625.595693672224 1671.53106682896 84.66691861993331
v -2231.1597553452984 1671.531032234107 106.99970207827941
v -2230.845631923391 1671.5310327588234 95.00381408351313
v -2230.845631923391 1671.5310327588234 95.00381408351313
v -2230.845629093671 1704.7810327588236 95.00381561201202
v -2625.595690842504 1704.7810668289603 84.6669201484322
v -2230.845631923391 1671.5310327588234 95.00381408351313
v -2625.595690842504 1704.7810668289603 84.6669201484322
v -2625.595693672224 1671.53106682896 84.66691861993331
v -2231.159754816253 1677.7474628981695 106.99970236404805
v -2231.1597553452984 1671.531032234107 106.99970207827941
v -2625.9098170941315 1671.5310663042437 96.66280661469959
v -2231.159754816253 1677.7474628981695 106.99970236404805
v -2625.9098170941315 1671.5310663042437 96.66280661469959
v -2625.909816565086 1677.7474969683062 96.66280690046823
v -2625.9098147934574 1698.5646356401812 96.66280785742984
v -2625.9098142644116 1704.7810663042437 96.66280814319848
v -2231.1597525155785 1704.781032234107 106.9997036067783
v -2625.9098147934574 1698.5646356401812 96.66280785742984
v -2231.1597525155785 1704.781032234107 106.9997036067783
v -2231.159753044624 1698.5646015700445 106.99970332100966
v -2231.1597525155785 1704.781032234107 106.9997036067783
v -2625.9098142644116 1704.7810663042437 96.66280814319848
v -2625.595690842504 1704.7810668289603 84.6669201484322
v -2231.1597525155785 1704.781032234107 106.9997036067783
v -2625.595690842504 1704.7810668289603 84.6669201484322
v -2230.845629093671 1704.7810327588236 95.00381561201202
v -2625.5564283721424 1670.0310668945497 83.16743255163269
v -2625.9490826495266 1670.0310662386541 98.16229254509054
v -2625.9098170941315 1671.5310663042437 96.66280661469959
v -2625.5564283721424 1670.0310668945497 83.16743255163269
v -2625.9098170941315 1671.5310663042437 96.66280661469959
v -2625.595693672224 1671.53106682896 84.66691861993331
v -2231.1990209006935 1670.0310321685174 108.49918800867036
v -2230.8063666233093 1670.031032824413 93.50432801521251
v -2230.845631923391 1671.5310327588234 95.00381408351313
v -2231.1990209006935 1670.0310321685174 108.49918800867036
v -2230.845631923391 1671.5310327588234 95.00381408351313
v -2231.1597553452984 1671.531032234107 106.99970207827941
v -2625.595693672224 1671.53106682896 84.66691861993331
v -2625.595690842504 1704.7810668289603 84.6669201484322
v -2625.5563660702915 1706.281127929698 83.16750445678011
v -2625.595693672224 1671.53106682896 84.66691861993331
v -2625.5563660702915 1706.281127929698 83.16750445678011
v -2625.5564283721424 1670.0310668945497 83.16743255163269
v -2230.845629093671 1704.7810327588236 95.00381561201202
v -2230.845631923391 1671.5310327588234 95.00381408351313
v -2230.8063666233093 1670.031032824413 93.50432801521251
v -2230.845629093671 1704.7810327588236 95.00381561201202
v -2230.8063666233093 1670.031032824413 93.50432801521251
v -2230.806273814337 1706.2810938595585 93.5044007192171
v -2231.1990202439915 1677.74746283258 108.49918836339384
v -2231.1990209006935 1670.0310321685174 108.49918800867036
v -2231.1597553452984 1671.531032234107 106.99970207827941
v -2231.1990202439915 1677.74746283258 108.49918836339384
v -2231.1597553452984 1671.531032234107 106.99970207827941
v -2231.159754816253 1677.7474628981695 106.99970236404805
v -2625.9490819928246 1677.7474969027166 98.16229289981402
v -2231.1990202439915 1677.74746283258 108.49918836339384
v -2231.159754816253 1677.7474628981695 106.99970236404805
v -2625.9490819928246 1677.7474969027166 98.16229289981402
v -2231.159754816253 1677.7474628981695 106.99970236404805
v -2625.909816565086 1677.7474969683062 96.66280690046823
v -2625.9490826495266 1670.0310662386541 98.16229254509054
v -2625.9490819928246 1677.7474969027166 98.16229289981402
v -2625.909816565086 1677.7474969683062 96.66280690046823
v -2625.9490826495266 1670.0310662386541 98.16229254509054
v -2625.909816565086 1677.7474969683062 96.66280690046823
v -2625.9098170941315 1671.5310663042437 96.66280661469959
v -2625.949080221196 1698.5646355745916 98.16229385677562
v -2625.9490203476757 1706.2811272738022 98.16236445023796
v -2625.9098142644116 1704.7810663042437 96.66280814319848
v -2625.949080221196 1698.5646355745916 98.16229385677562
v -2625.9098142644116 1704.7810663042437 96.66280814319848
v -2625.9098147934574 1698.5646356401812 96.66280785742984
v -2231.1990184723622 1698.564601504455 108.49918932035544
v -2625.949080221196 1698.5646355745916 98.16229385677562
v -2625.9098147934574 1698.5646356401812 96.66280785742984
v -2231.1990184723622 1698.564601504455 108.49918932035544
v -2625.9098147934574 1698.5646356401812 96.66280785742984
v -2231.159753044624 1698.5646015700445 106.99970332100966
v -2231.1989280917214 1706.2810932036627 108.49926071267495
v -2231.1990184723622 1698.564601504455 108.49918932035544
v -2231.159753044624 1698.5646015700445 106.99970332100966
v -2231.1989280917214 1706.2810932036627 108.49926071267495
v -2231.159753044624 1698.5646015700445 106.99970332100966
v -2231.1597525155785 1704.781032234107 106.9997036067783
v -2625.9490203476757 1706.2811272738022 98.16236445023796
v -2625.5563660702915 1706.281127929698 83.16750445678011
v -2625.595690842504 1704.7810668289603 84.6669201484322
v -2625.9490203476757 1706.2811272738022 98.16236445023796
v -2625.595690842504 1704.7810668289603 84.6669201484322
v -2625.9098142644116 1704.7810663042437 96.66280814319848
v -2230.806273814337 1706.2810938595585 93.5044007192171
v -2231.1989280917214 1706.2810932036627 108.49926071267495
v -2231.1597525155785 1704.781032234107 106.9997036067783
v -2230.806273814337 1706.2810938595585 93.5044007192171
v -2231.1597525155785 1704.781032234107 106.9997036067783
v -2230.845629093671 1704.7810327588236 95.00381561201202
vt 0.7043522596359253 0.5353541970252991
vt 0.7043522596359253 0.7133352756500244
vt 0.6079446077346802 0.7133352756500244
vt 0.7043522596359253 0.5353541970252991
vt 0.6079446077346802 0.7133352756500244
vt 0.6079448461532593 0.5353541970252991
vt 0.5979960560798645 0.5444279909133911
vt 0.5979960560798645 0.722412109375
vt 0.5943339467048645 0.722412109375
vt 0.5979960560798645 0.5444279909133911
vt 0.5943339467048645 0.722412109375
vt 0.5943339467048645 0.5444279909133911
vt 0.9357340931892395 0.21777117252349854
vt 0.9357340931892395 0.39575231075286865
vt 0.8393265604972839 0.39575231075286865
vt 0.9357340931892395 0.21777117252349854
vt 0.8393265604972839 0.39575231075286865
vt 0.8393265604972839 0.21777117252349854
vt 0.7996267080307007 0.9164538383483887
vt 0.7996267080307007 0.9201159477233887
vt 0.7032195329666138 0.9201159477233887
vt 0.7996267080307007 0.9164538383483887
vt 0.7032195329666138 0.9201159477233887
vt 0.7032195329666138 0.9164538383483887
vt 0.9881693124771118 0.004536867141723633
vt 0.9881693124771118 0.1825212836265564
vt 0.9845073223114014 0.1825212836265564
vt 0.9881693124771118 0.004536867141723633
vt 0.9845073223114014 0.1825212836265564
vt 0.9845073223114014 0.004536867141723633
vt 0.812105119228363 0.8983062505722046
vt 0.90851229429245 0.8983062505722046
vt 0.90851229429245 0.9019683599472046
vt 0.812105119228363 0.8983062505722046
vt 0.90851229429245 0.9019683599472046
vt 0.812105119228363 0.9019683599472046
vt 0.7043522596359253 0.7197439670562744
vt 0.6079446077346802 0.7197439670562744
vt 0.6079446077346802 0.7133352756500244
vt 0.7043522596359253 0.7197439670562744
vt 0.6079446077346802 0.7133352756500244
vt 0.7043522596359253 0.7133352756500244
vt 0.7910199761390686 0.9638916850090027
vt 0.6946108937263489 0.9638916850090027
vt 0.6946108937263489 0.9620077013969421
vt 0.7910199761390686 0.9638916850090027
vt 0.6946108937263489 0.9620077013969421
vt 0.7910199761390686 0.9620077013969421
vt 0.8393265604972839 0.39575231075286865
vt 0.9357340931892395 0.39575231075286865
vt 0.9357340931892395 0.39763617515563965
vt 0.8393265604972839 0.39575231075286865
vt 0.9357340931892395 0.39763617515563965
vt 0.8393265604972839 0.39763617515563965
vt 0.9039761424064636 0.803031325340271
vt 0.9039761424064636 0.805961012840271
vt 0.8075682520866394 0.805961012840271
vt 0.9039761424064636 0.803031325340271
vt 0.8075682520866394 0.805961012840271
vt 0.8075682520866394 0.803031325340271
vt 0.8075682520866394 0.817781388759613
vt 0.8075682520866394 0.812105119228363
vt 0.9039759039878845 0.812105119228363
vt 0.8075682520866394 0.817781388759613
vt 0.9039759039878845 0.812105119228363
vt 0.9039759039878845 0.817781388759613
vt 0.9039790034294128 0.7395147085189819
vt 0.9039790034294128 0.7410322427749634
vt 0.8075682520866394 0.7410322427749634
vt 0.9039790034294128 0.7395147085189819
vt 0.8075682520866394 0.7410322427749634
vt 0.8075682520866394 0.7395147085189819
vt 0.8075681924819946 0.7455691695213318
vt 0.8075681924819946 0.7440516352653503
vt 0.9039789438247681 0.7440516352653503
vt 0.8075681924819946 0.7455691695213318
vt 0.9039789438247681 0.7440516352653503
vt 0.9039789438247681 0.7455691695213318
vt 0.8075682520866394 0.7894206643104553
vt 0.9039761424064636 0.7894206643104553
vt 0.9039761424064636 0.7923503518104553
vt 0.8075682520866394 0.7894206643104553
vt 0.9039761424064636 0.7923503518104553
vt 0.8075682520866394 0.7923503518104553
vt 0.5979962944984436 0.7288209199905396
vt 0.5943339467048645 0.7288209199905396
vt 0.5947003960609436 0.7284547090530396
vt 0.5979962944984436 0.7288209199905396
vt 0.5947003960609436 0.7284547090530396
vt 0.5976298451423645 0.7284547090530396
vt 0.9881693124771118 0.18893003463745117
vt 0.9845073223114014 0.18893003463745117
vt 0.9848735332489014 0.1885637640953064
vt 0.9881693124771118 0.18893003463745117
vt 0.9848735332489014 0.1885637640953064
vt 0.9878032207489014 0.1885637640953064
vt 0.5976298451423645 0.7284547090530396
vt 0.5976298451423645 0.7227783203125
vt 0.5979960560798645 0.722412109375
vt 0.5976298451423645 0.7284547090530396
vt 0.5979960560798645 0.722412109375
vt 0.5979962944984436 0.7288209199905396
vt 0.9848735332489014 0.18288743495941162
vt 0.9848735332489014 0.1885637640953064
vt 0.9845073223114014 0.18893003463745117
vt 0.9848735332489014 0.18288743495941162
vt 0.9845073223114014 0.18893003463745117
vt 0.9845073223114014 0.1825212836265564
vt 0.9881693124771118 0.1870461106300354
vt 0.9881693124771118 0.18893003463745117
vt 0.9878032207489014 0.1885637640953064
vt 0.9881693124771118 0.1870461106300354
vt 0.9878032207489014 0.1885637640953064
vt 0.9878032207489014 0.1870461106300354
vt 0.8897358775138855 0.9599463939666748
vt 0.7933260798454285 0.9599463939666748
vt 0.7933260798454285 0.9595801830291748
vt 0.8897358775138855 0.9599463939666748
vt 0.7933260798454285 0.9595801830291748
vt 0.8897358775138855 0.9595801830291748
vt 0.5943339467048645 0.7288209199905396
vt 0.5943339467048645 0.726936936378479
vt 0.5947003960609436 0.726936936378479
vt 0.5943339467048645 0.7288209199905396
vt 0.5947003960609436 0.726936936378479
vt 0.5947003960609436 0.7284547090530396
vt 0.5943339467048645 0.7242959141731262
vt 0.5943339467048645 0.722412109375
vt 0.5947003960609436 0.7227783203125
vt 0.5943339467048645 0.7242959141731262
vt 0.5947003960609436 0.7227783203125
vt 0.5947003960609436 0.7242959141731262
vt 0.2090729922056198 0.9956322312355042
vt 0.30548274517059326 0.9956322312355042
vt 0.30548274517059326 0.9959984421730042
vt 0.2090729922056198 0.9956322312355042
vt 0.30548274517059326 0.9959984421730042
vt 0.2090729922056198 0.9959984421730042
vt 0.9881693124771118 0.1825212836265564
vt 0.9881693124771118 0.18440508842468262
vt 0.9878032207489014 0.18440508842468262
vt 0.9881693124771118 0.1825212836265564
vt 0.9878032207489014 0.18440508842468262
vt 0.9878032207489014 0.18288743495941162
vt 0.5943339467048645 0.722412109375
vt 0.5979960560798645 0.722412109375
vt 0.5976298451423645 0.7227783203125
vt 0.5943339467048645 0.722412109375
vt 0.5976298451423645 0.7227783203125
vt 0.5947003960609436 0.7227783203125
vt 0.9845073223114014 0.1825212836265564
vt 0.9881693124771118 0.1825212836265564
vt 0.9878032207489014 0.18288743495941162
vt 0.9845073223114014 0.1825212836265564
vt 0.9878032207489014 0.18288743495941162
vt 0.9848735332489014 0.18288743495941162
vn 0.026176951615919864 5.433732818321033e-8 -0.9996573248889316
vn 0.026176951615919864 5.433732818321033e-8 -0.9996573248889316
vn 0.026176951615919864 5.433732818321033e-8 -0.9996573248889316
vn 0.026176951615919864 5.433732818321033e-8 -0.9996573248889316
vn 0.026176951615919864 5.433732818321033e-8 -0.9996573248889316
vn 0.026176951615919864 5.433732818321033e-8 -0.9996573248889316
vn -0.9996573248889105 2.1361009439482198e-7 -0.026176951615909022
vn -0.9996573248889105 2.1361009439482198e-7 -0.026176951615909022
vn -0.9996573248889105 2.1361009439482198e-7 -0.026176951615909022
vn -0.9996573248889105 2.1361009439482198e-7 -0.026176951615909022
vn -0.9996573248889105 2.1361009439482198e-7 -0.026176951615909022
vn -0.9996573248889105 2.1361009439482198e-7 -0.026176951615909022
vn -0.026176951615920274 -5.43373281832103e-8 0.9996573248889316
vn -0.026176951615920274 -5.43373281832103e-8 0.9996573248889316
vn -0.026176951615920274 -5.43373281832103e-8 0.9996573248889316
vn -0.026176951615920274 -5.43373281832103e-8 0.9996573248889316
vn -0.026176951615920274 -5.43373281832103e-8 0.9996573248889316
vn -0.026176951615920274 -5.43373281832103e-8 0.9996573248889316
vn 1.2973179381581854e-7 0.9999999999998371 5.559392370198407e-7
vn 1.2973179381581854e-7 0.9999999999998371 5.559392370198407e-7
vn 1.2973179381581854e-7 0.9999999999998371 5.559392370198407e-7
vn 1.2973179381581854e-7 0.9999999999998371 5.559392370198407e-7
vn 1.2973179381581854e-7 0.9999999999998371 5.559392370198407e-7
vn 1.2973179381581854e-7 0.9999999999998371 5.559392370198407e-7
vn 0.9996573248889105 -2.1361009439482198e-7 0.026176951615909022
vn 0.9996573248889105 -2.1361009439482198e-7 0.026176951615909022
vn 0.9996573248889105 -2.1361009439482198e-7 0.026176951615909022
vn 0.9996573248889105 -2.1361009439482198e-7 0.026176951615909022
vn 0.9996573248889105 -2.1361009439482198e-7 0.026176951615909022
vn 0.9996573248889105 -2.136101086056768e-7 0.026176951615909022
vn -8.510435869556325e-8 -0.9999999999999953 -4.596989162887766e-8
vn -8.510435869556325e-8 -0.9999999999999953 -4.596989162887766e-8
vn -8.510435869556325e-8 -0.9999999999999953 -4.596989162887766e-8
vn -8.510435869556325e-8 -0.9999999999999953 -4.596989162887766e-8
vn -8.510435869556325e-8 -0.9999999999999953 -4.596989162887766e-8
vn -8.510435869556325e-8 -0.9999999999999953 -4.596989162887766e-8
vn 0.026176951616033207 0.000001937917809091454 -0.9996573248870517
vn 0.026176951616033207 0.0000019379176954046154 -0.9996573248870517
vn 0.026176951615919864 5.433732818321033e-8 -0.9996573248889316
vn 0.026176951616033207 0.000001937917809091454 -0.9996573248870517
vn 0.026176951615919864 5.433732818321033e-8 -0.9996573248889316
vn 0.026176951615919864 5.433732818321033e-8 -0.9996573248889316
vn -0.026176951615918962 -4.372636621128057e-8 0.999657324888932
vn -0.026176951615918962 -4.372636621128057e-8 0.999657324888932
vn -0.026176951615918962 -4.372636621128057e-8 0.999657324888932
vn -0.026176951615918962 -4.372636621128057e-8 0.999657324888932
vn -0.026176951615918962 -4.372636621128057e-8 0.999657324888932
vn -0.026176951615918962 -4.372636621128057e-8 0.999657324888932
vn -0.026176951615920274 -5.43373281832103e-8 0.9996573248889316
vn -0.026176951615920274 -5.43373281832103e-8 0.9996573248889316
vn -0.026176951615639883 -0.000008942142563754945 0.9996573248489455
vn -0.026176951615920274 -5.43373281832103e-8 0.9996573248889316
vn -0.026176951615639883 -0.000008942142563754945 0.9996573248489455
vn -0.026176951615639883 -0.000008942142563754945 0.9996573248489455
vn 8.510435869556325e-8 0.9999999999999953 4.596989162887766e-8
vn 8.510435869556325e-8 0.9999999999999953 4.596989162887766e-8
vn 8.510435869556325e-8 0.9999999999999953 4.596989162887766e-8
vn 8.510435869556325e-8 0.9999999999999953 4.596989162887766e-8
vn 8.510435869556325e-8 0.9999999999999953 4.596989162887766e-8
vn 8.510435869556325e-8 0.9999999999999953 4.596989162887766e-8
vn -0.026176951615918962 -4.372636621128057e-8 0.999657324888932
vn -0.026176951615918962 -4.372636621128057e-8 0.999657324888932
vn -0.026176951615918962 -4.372636621128057e-8 0.999657324888932
vn -0.026176951615918962 -4.372636621128057e-8 0.999657324888932
vn -0.026176951615918962 -4.372636621128057e-8 0.999657324888932
vn -0.026176951615918962 -4.372636621128057e-8 0.999657324888932
vn 0.026176951615918962 4.372636621128057e-8 -0.999657324888932
vn 0.026176951615918962 4.372636621128057e-8 -0.999657324888932
vn 0.026176951615918962 4.372636621128057e-8 -0.999657324888932
vn 0.026176951615918962 4.372636621128057e-8 -0.999657324888932
vn 0.026176951615918962 4.372636621128057e-8 -0.999657324888932
vn 0.026176951615918962 4.372636621128057e-8 -0.999657324888932
vn 0.026176951615918962 4.372636621128057e-8 -0.999657324888932
vn 0.026176951615918962 4.372636621128057e-8 -0.999657324888932
vn 0.026176951615918962 4.372636621128057e-8 -0.999657324888932
vn 0.026176951615918962 4.372636621128057e-8 -0.999657324888932
vn 0.026176951615918962 4.372636621128057e-8 -0.999657324888932
vn 0.026176951615918962 4.372636621128057e-8 -0.999657324888932
vn -8.510435869556325e-8 -0.9999999999999953 -4.596989162887766e-8
vn -8.510435869556325e-8 -0.9999999999999953 -4.596989162887766e-8
vn -8.510435869556325e-8 -0.9999999999999953 -4.596989162887766e-8
vn -8.510435869556325e-8 -0.9999999999999953 -4.596989162887766e-8
vn -8.510435869556325e-8 -0.9999999999999953 -4.596989162887766e-8
vn -8.510435869556325e-8 -0.9999999999999953 -4.596989162887766e-8
vn -0.999657058545794 5.253900576645089e-7 -0.026187120866850284
vn -0.9996573248889293 8.627854717895293e-8 -0.026176951615915083
vn -0.9996573248889293 8.627854717895293e-8 -0.026176951615915083
vn -0.999657058545794 5.253900576645089e-7 -0.026187120866850284
vn -0.9996573248889293 8.627854717895293e-8 -0.026176951615915083
vn -0.9996570585454843 5.253905408340899e-7 -0.026187120878669656
vn 0.9996573248889293 -8.627854717895293e-8 0.026176951615915083
vn 0.9996569253353607 -7.449457986503971e-7 0.026192205491299154
vn 0.999656925334884 -7.449465376156431e-7 0.026192205509482806
vn 0.9996573248889293 -8.627854717895293e-8 0.026176951615915083
vn 0.999656925334884 -7.449465376156431e-7 0.026192205509482806
vn 0.9996573248889293 -8.627854717895293e-8 0.026176951615915083
vn -0.9996570585454843 5.253905408340899e-7 -0.026187120878669656
vn -0.9996570583230511 0.00002086925172248719 -0.0261871210593731
vn -0.9996570583422653 0.0000208706869051051 -0.026187120324752552
vn -0.9996570585454843 5.253905408340899e-7 -0.026187120878669656
vn -0.9996570583422653 0.0000208706869051051 -0.026187120324752552
vn -0.999657058545794 5.253900576645089e-7 -0.026187120866850284
vn 0.9996569248394103 -0.00003126073466171299 0.02619220577538654
vn 0.999656925334884 -7.449465376156431e-7 0.026192205509482806
vn 0.9996569253353607 -7.449457986503971e-7 0.026192205491299154
vn 0.9996569248394103 -0.00003126073466171299 0.02619220577538654
vn 0.9996569253353607 -7.449457986503971e-7 0.026192205491299154
vn 0.999656924868167 -0.00003126289198311187 0.026192204675273636
vn 0.9996573248889293 -8.627854717895293e-8 0.026176951615915083
vn 0.9996573248889293 -8.627854717895293e-8 0.026176951615915083
vn 0.9996573248889293 -8.627854717895293e-8 0.026176951615915083
vn 0.9996573248889293 -8.627854717895293e-8 0.026176951615915083
vn 0.9996573248889293 -8.627854717895293e-8 0.026176951615915083
vn 0.9996573248889293 -8.627854717895293e-8 0.026176951615915083
vn 8.510435869556325e-8 0.9999999999999953 4.596989162887766e-8
vn 8.510435869556325e-8 0.9999999999999953 4.596989162887766e-8
vn 8.510435869556325e-8 0.9999999999999953 4.596989162887766e-8
vn 8.510435869556325e-8 0.9999999999999953 4.596989162887766e-8
vn 8.510435869556325e-8 0.9999999999999953 4.596989162887766e-8
vn 8.510435869556325e-8 0.9999999999999953 4.596989162887766e-8
vn -0.9996573248889293 8.627854717895293e-8 -0.026176951615915083
vn -0.9996573248889293 8.627854717895293e-8 -0.026176951615915083
vn -0.9996573248889293 8.627854717895293e-8 -0.026176951615915083
vn -0.9996573248889293 8.627854717895293e-8 -0.026176951615915083
vn -0.9996573248889293 8.627854717895293e-8 -0.026176951615915083
vn -0.9996573248889293 8.627854717895293e-8 -0.026176951615915083
vn -0.999657799937705 0.000004466830824425829 -0.026158803561221883
vn -0.9996575622031537 0.000022620823092978022 -0.026167877604921532
vn -0.9996575622034874 0.000022620801265104468 -0.02616787759219298
vn -0.999657799937705 0.000004466830824425829 -0.026158803561221883
vn -0.9996575622034874 0.000022620801265104468 -0.02616787759219298
vn -0.999657799937705 0.000004466830824425829 -0.026158803561221883
vn -8.510435869556325e-8 -0.9999999999999953 -4.596989162887766e-8
vn -8.510435869556325e-8 -0.9999999999999953 -4.596989162887766e-8
vn -8.510435869556325e-8 -0.9999999999999953 -4.596989162887766e-8
vn -8.510435869556325e-8 -0.9999999999999953 -4.596989162887766e-8
vn -8.510435869556325e-8 -0.9999999999999953 -4.596989162887766e-8
vn -8.510435869556325e-8 -0.9999999999999953 -4.596989162887766e-8
vn 0.9996576806390285 -0.000033888096262884516 0.02616334059318157
vn 0.9996580373313501 -0.000006657107416353034 0.026149729530457598
vn 0.9996580373313501 -0.000006657107416353034 0.026149729530457598
vn 0.9996576806390285 -0.000033888096262884516 0.02616334059318157
vn 0.9996580373313501 -0.000006657107416353034 0.026149729530457598
vn 0.9996576806395294 -0.00003388805988309537 0.026163340574088752
vn -0.9996575622031537 0.000022620823092978022 -0.026167877604921532
vn -0.9996570583422653 0.0000208706869051051 -0.026187120324752552
vn -0.9996570583230511 0.00002086925172248719 -0.0261871210593731
vn -0.9996575622031537 0.000022620823092978022 -0.026167877604921532
vn -0.9996570583230511 0.00002086925172248719 -0.0261871210593731
vn -0.9996575622034874 0.000022620801265104468 -0.02616787759219298
vn 0.999656924868167 -0.00003126289198311187 0.026192204675273636
vn 0.9996576806390285 -0.000033888096262884516 0.02616334059318157
vn 0.9996576806395294 -0.00003388805988309537 0.026163340574088752
vn 0.999656924868167 -0.00003126289198311187 0.026192204675273636
vn 0.9996576806395294 -0.00003388805988309537 0.026163340574088752
vn 0.9996569248394103 -0.00003126073466171299 0.02619220577538654
f 3223/3223/3223 3224/3224/3224 3225/3225/3225
f 3226/3226/3226 3227/3227/3227 3228/3228/3228
f 3229/3229/3229 3230/3230/3230 3231/3231/3231
f 3232/3232/3232 3233/3233/3233 3234/3234/3234
f 3235/3235/3235 3236/3236/3236 3237/3237/3237
f 3238/3238/3238 3239/3239/3239 3240/3240/3240
f 3241/3241/3241 3242/3242/3242 3243/3243/3243
f 3244/3244/3244 3245/3245/3245 3246/3246/3246
f 3247/3247/3247 3248/3248/3248 3249/3249/3249
f 3250/3250/3250 3251/3251/3251 3252/3252/3252
f 3253/3253/3253 3254/3254/3254 3255/3255/3255
f 3256/3256/3256 3257/3257/3257 3258/3258/3258
f 3259/3259/3259 3260/3260/3260 3261/3261/3261
f 3262/3262/3262 3263/3263/3263 3264/3264/3264
f 3265/3265/3265 3266/3266/3266 3267/3267/3267
f 3268/3268/3268 3269/3269/3269 3270/3270/3270
f 3271/3271/3271 3272/3272/3272 3273/3273/3273
f 3274/3274/3274 3275/3275/3275 3276/3276/3276
f 3277/3277/3277 3278/3278/3278 3279/3279/3279
f 3280/3280/3280 3281/3281/3281 3282/3282/3282
f 3283/3283/3283 3284/3284/3284 3285/3285/3285
f 3286/3286/3286 3287/3287/3287 3288/3288/3288
f 3289/3289/3289 3290/3290/3290 3291/3291/3291
f 3292/3292/3292 3293/3293/3293 3294/3294/3294
f 3295/3295/3295 3296/3296/3296 3297/3297/3297
f 3298/3298/3298 3299/3299/3299 3300/3300/3300
f 3301/3301/3301 3302/3302/3302 3303/3303/3303
f 3304/3304/3304 3305/3305/3305 3306/3306/3306
f 3307/3307/3307 3308/3308/3308 3309/3309/3309
f 3310/3310/3310 3311/3311/3311 3312/3312/3312
f 3313/3313/3313 3314/3314/3314 3315/3315/3315
f 3316/3316/3316 3317/3317/3317 3318/3318/3318
f 3319/3319/3319 3320/3320/3320 3321/3321/3321
f 3322/3322/3322 3323/3323/3323 3324/3324/3324
f 3325/3325/3325 3326/3326/3326 3327/3327/3327
f 3328/3328/3328 3329/3329/3329 3330/3330/3330
f 3331/3331/3331 3332/3332/3332 3333/3333/3333
f 3334/3334/3334 3335/3335/3335 3336/3336/3336
f 3337/3337/3337 3338/3338/3338 3339/3339/3339
f 3340/3340/3340 3341/3341/3341 3342/3342/3342
f 3343/3343/3343 3344/3344/3344 3345/3345/3345
f 3346/3346/3346 3347/3347/3347 3348/3348/3348
f 3349/3349/3349 3350/3350/3350 3351/3351/3351
f 3352/3352/3352 3353/3353/3353 3354/3354/3354
f 3355/3355/3355 3356/3356/3356 3357/3357/3357
f 3358/3358/3358 3359/3359/3359 3360/3360/3360
f 3361/3361/3361 3362/3362/3362 3363/3363/3363
f 3364/3364/3364 3365/3365/3365 3366/3366/3366
f 3367/3367/3367 3368/3368/3368 3369/3369/3369
f 3370/3370/3370 3371/3371/3371 3372/3372/3372
f 3373/3373/3373 3374/3374/3374 3375/3375/3375
f 3376/3376/3376 3377/3377/3377 3378/3378/3378
o door_big010
usemtl DefaultMaterial
v -1832.5829512820758 1706.2808837890602 83.16751287662235
v -2227.092488401727 1706.2809190639532 100.39222675383868
v -2227.0925444831614 2425.2914781459976 100.39226832791246
v -1832.5829512820758 1706.2808837890602 83.16751287662235
v -2227.0925444831614 2425.2914781459976 100.39226832791246
v -1832.5829768749777 2425.291442871102 83.16755311953376
v -1832.5829768749777 2425.291442871102 83.16755311953376
v -1831.9286839487856 2425.291442214807 98.1532766150172
v -1831.9286583558837 1706.2808831327652 98.15323637210581
v -1832.5829768749777 2425.291442871102 83.16755311953376
v -1831.9286583558837 1706.2808831327652 98.15323637210581
v -1832.5829512820758 1706.2808837890602 83.16751287662235
v -2226.438195475535 1706.2809184076584 115.37795024932214
v -1831.9286583558837 1706.2808831327652 98.15323637210581
v -1831.9286839487856 2425.291442214807 98.1532766150172
v -2226.438195475535 1706.2809184076584 115.37795024932214
v -1831.9286839487856 2425.291442214807 98.1532766150172
v -2226.4382515569696 2425.2914774897026 115.37799182339592
v -2226.4382515569696 2425.2914774897026 115.37799182339592
v -1831.9286839487856 2425.291442214807 98.1532766150172
v -1832.5829768749777 2425.291442871102 83.16755311953376
v -2226.4382515569696 2425.2914774897026 115.37799182339592
v -1832.5829768749777 2425.291442871102 83.16755311953376
v -2227.0925444831614 2425.2914781459976 100.39226832791246
v -2227.092488401727 1706.2809190639532 100.39222675383868
v -2226.438195475535 1706.2809184076584 115.37795024932214
v -2226.4382515569696 2425.2914774897026 115.37799182339592
v -2227.092488401727 1706.2809190639532 100.39222675383868
v -2226.4382515569696 2425.2914774897026 115.37799182339592
v -2227.0925444831614 2425.2914781459976 100.39226832791246
v -2226.4381407978835 1670.0308573724997 115.37787754450886
v -2227.092433724076 1670.0308580287947 100.39215404902541
v -1832.5828966044246 1670.0308227539012 83.16744017180908
v -2226.4381407978835 1670.0308573724997 115.37787754450886
v -1832.5828966044246 1670.0308227539012 83.16744017180908
v -1831.9286036782325 1670.0308220976065 98.15316366729252
v -2227.092433724076 1670.0308580287947 100.39215404902541
v -2227.092488401727 1706.2809190639532 100.39222675383868
v -1832.5829512820758 1706.2808837890602 83.16751287662235
v -2227.092433724076 1670.0308580287947 100.39215404902541
v -1832.5829512820758 1706.2808837890602 83.16751287662235
v -1832.5828966044246 1670.0308227539012 83.16744017180908
v -1831.9286036782325 1670.0308220976065 98.15316366729252
v -1831.9286029748573 1677.747252761669 98.153163974521
v -2226.4381400945085 1677.7472880365622 115.37787785173732
v -1831.9286036782325 1670.0308220976065 98.15316366729252
v -2226.4381400945085 1677.7472880365622 115.37787785173732
v -2226.4381407978835 1670.0308573724997 115.37787754450886
v -2226.438195475535 1706.2809184076584 115.37795024932214
v -2226.438138196966 1698.5644267084372 115.37787868056839
v -1831.9286010773146 1698.5643914335442 98.15316480335206
v -2226.438195475535 1706.2809184076584 115.37795024932214
v -1831.9286010773146 1698.5643914335442 98.15316480335206
v -1831.9286583558837 1706.2808831327652 98.15323637210581
v -1832.517467175076 1671.5308226882719 84.66601258107968
v -2227.0270042947272 1671.530857963165 101.89072645829603
v -2226.5035699537734 1671.5308574381293 113.87930525468278
v -1832.517467175076 1671.5308226882719 84.66601258107968
v -2226.5035699537734 1671.5308574381293 113.87930525468278
v -1831.9940328341224 1671.5308221632358 96.65459137746645
v -1832.5174641442418 1704.780822688272 84.66601390492315
v -2227.027001263893 1704.780857963165 101.89072778213949
v -2227.0270042947272 1671.530857963165 101.89072645829603
v -1832.5174641442418 1704.780822688272 84.66601390492315
v -2227.0270042947272 1671.530857963165 101.89072645829603
v -1832.517467175076 1671.5308226882719 84.66601258107968
v -2226.5035693871278 1677.7472881021918 113.87930550218897
v -1831.9940322674765 1677.7472528272983 96.65459162497264
v -1831.9940328341224 1671.5308221632358 96.65459137746645
v -2226.5035693871278 1677.7472881021918 113.87930550218897
v -1831.9940328341224 1671.5308221632358 96.65459137746645
v -2226.5035699537734 1671.5308574381293 113.87930525468278
v -1831.9940303699339 1698.5643914991736 96.65459245380372
v -2226.503567489585 1698.5644267740668 113.87930633102005
v -2226.503566922939 1704.7808574381293 113.87930657852624
v -1831.9940303699339 1698.5643914991736 96.65459245380372
v -2226.503566922939 1704.7808574381293 113.87930657852624
v -1831.994029803288 1704.780822163236 96.65459270130991
v -2226.503566922939 1704.7808574381293 113.87930657852624
v -2227.027001263893 1704.780857963165 101.89072778213949
v -1832.5174641442418 1704.780822688272 84.66601390492315
v -2226.503566922939 1704.7808574381293 113.87930657852624
v -1832.5174641442418 1704.780822688272 84.66601390492315
v -1831.994029803288 1704.780822163236 96.65459270130991
v -1832.5828966044246 1670.0308227539012 83.16744017180908
v -1832.517467175076 1671.5308226882719 84.66601258107968
v -1831.9940328341224 1671.5308221632358 96.65459137746645
v -1832.5828966044246 1670.0308227539012 83.16744017180908
v -1831.9940328341224 1671.5308221632358 96.65459137746645
v -1831.9286036782325 1670.0308220976065 98.15316366729252
v -2226.4381407978835 1670.0308573724997 115.37787754450886
v -2226.5035699537734 1671.5308574381293 113.87930525468278
v -2227.0270042947272 1671.530857963165 101.89072645829603
v -2226.4381407978835 1670.0308573724997 115.37787754450886
v -2227.0270042947272 1671.530857963165 101.89072645829603
v -2227.092433724076 1670.0308580287947 100.39215404902541
v -1832.5829512820758 1706.2808837890602 83.16751287662235
v -1832.5174641442418 1704.780822688272 84.66601390492315
v -1832.517467175076 1671.5308226882719 84.66601258107968
v -1832.5829512820758 1706.2808837890602 83.16751287662235
v -1832.517467175076 1671.5308226882719 84.66601258107968
v -1832.5828966044246 1670.0308227539012 83.16744017180908
v -2227.092433724076 1670.0308580287947 100.39215404902541
v -2227.0270042947272 1671.530857963165 101.89072645829603
v -2227.027001263893 1704.780857963165 101.89072778213949
v -2227.092433724076 1670.0308580287947 100.39215404902541
v -2227.027001263893 1704.780857963165 101.89072778213949
v -2227.092488401727 1706.2809190639532 100.39222675383868
v -2226.4381400945085 1677.7472880365622 115.37787785173732
v -2226.5035693871278 1677.7472881021918 113.87930550218897
v -2226.5035699537734 1671.5308574381293 113.87930525468278
v -2226.4381400945085 1677.7472880365622 115.37787785173732
v -2226.5035699537734 1671.5308574381293 113.87930525468278
v -2226.4381407978835 1670.0308573724997 115.37787754450886
v -1831.9286029748573 1677.747252761669 98.153163974521
v -1831.9940322674765 1677.7472528272983 96.65459162497264
v -2226.5035693871278 1677.7472881021918 113.87930550218897
v -1831.9286029748573 1677.747252761669 98.153163974521
v -2226.5035693871278 1677.7472881021918 113.87930550218897
v -2226.4381400945085 1677.7472880365622 115.37787785173732
v -1831.9286036782325 1670.0308220976065 98.15316366729252
v -1831.9940328341224 1671.5308221632358 96.65459137746645
v -1831.9940322674765 1677.7472528272983 96.65459162497264
v -1831.9286036782325 1670.0308220976065 98.15316366729252
v -1831.9940322674765 1677.7472528272983 96.65459162497264
v -1831.9286029748573 1677.747252761669 98.153163974521
v -1831.9286010773146 1698.5643914335442 98.15316480335206
v -1831.9940303699339 1698.5643914991736 96.65459245380372
v -1831.994029803288 1704.780822163236 96.65459270130991
v -1831.9286010773146 1698.5643914335442 98.15316480335206
v -1831.994029803288 1704.780822163236 96.65459270130991
v -1831.9286583558837 1706.2808831327652 98.15323637210581
v -2226.438138196966 1698.5644267084372 115.37787868056839
v -2226.503567489585 1698.5644267740668 113.87930633102005
v -1831.9940303699339 1698.5643914991736 96.65459245380372
v -2226.438138196966 1698.5644267084372 115.37787868056839
v -1831.9940303699339 1698.5643914991736 96.65459245380372
v -1831.9286010773146 1698.5643914335442 98.15316480335206
v -2226.438195475535 1706.2809184076584 115.37795024932214
v -2226.503566922939 1704.7808574381293 113.87930657852624
v -2226.503567489585 1698.5644267740668 113.87930633102005
v -2226.438195475535 1706.2809184076584 115.37795024932214
v -2226.503567489585 1698.5644267740668 113.87930633102005
v -2226.438138196966 1698.5644267084372 115.37787868056839
v -1831.9286583558837 1706.2808831327652 98.15323637210581
v -1831.994029803288 1704.780822163236 96.65459270130991
v -1832.5174641442418 1704.780822688272 84.66601390492315
v -1831.9286583558837 1706.2808831327652 98.15323637210581
v -1832.5174641442418 1704.780822688272 84.66601390492315
v -1832.5829512820758 1706.2808837890602 83.16751287662235
v -2227.092488401727 1706.2809190639532 100.39222675383868
v -2227.027001263893 1704.780857963165 101.89072778213949
v -2226.503566922939 1704.7808574381293 113.87930657852624
v -2227.092488401727 1706.2809190639532 100.39222675383868
v -2226.503566922939 1704.7808574381293 113.87930657852624
v -2226.438195475535 1706.2809184076584 115.37795024932214
vt 0.6079446077346802 0.7133352756500244
vt 0.7043522596359253 0.7133352756500244
vt 0.7043522596359253 0.5353541970252991
vt 0.6079446077346802 0.7133352756500244
vt 0.7043522596359253 0.5353541970252991
vt 0.6079448461532593 0.5353541970252991
vt 0.5979960560798645 0.5444279909133911
vt 0.5943339467048645 0.5444279909133911
vt 0.5943339467048645 0.722412109375
vt 0.5979960560798645 0.5444279909133911
vt 0.5943339467048645 0.722412109375
vt 0.5979960560798645 0.722412109375
vt 0.8393265604972839 0.39575231075286865
vt 0.9357340931892395 0.39575231075286865
vt 0.9357340931892395 0.21777117252349854
vt 0.8393265604972839 0.39575231075286865
vt 0.9357340931892395 0.21777117252349854
vt 0.8393265604972839 0.21777117252349854
vt 0.7032195329666138 0.9201159477233887
vt 0.7996267080307007 0.9201159477233887
vt 0.7996267080307007 0.9164538383483887
vt 0.7032195329666138 0.9201159477233887
vt 0.7996267080307007 0.9164538383483887
vt 0.7032195329666138 0.9164538383483887
vt 0.9845073223114014 0.1825212836265564
vt 0.9881693124771118 0.1825212836265564
vt 0.9881693124771118 0.004536867141723633
vt 0.9845073223114014 0.1825212836265564
vt 0.9881693124771118 0.004536867141723633
vt 0.9845073223114014 0.004536867141723633
vt 0.812105119228363 0.8983062505722046
vt 0.812105119228363 0.9019683599472046
vt 0.90851229429245 0.9019683599472046
vt 0.812105119228363 0.8983062505722046
vt 0.90851229429245 0.9019683599472046
vt 0.90851229429245 0.8983062505722046
vt 0.7043522596359253 0.7197439670562744
vt 0.7043522596359253 0.7133352756500244
vt 0.6079446077346802 0.7133352756500244
vt 0.7043522596359253 0.7197439670562744
vt 0.6079446077346802 0.7133352756500244
vt 0.6079446077346802 0.7197439670562744
vt 0.7910199761390686 0.9638916850090027
vt 0.7910199761390686 0.9620077013969421
vt 0.6946108937263489 0.9620077013969421
vt 0.7910199761390686 0.9638916850090027
vt 0.6946108937263489 0.9620077013969421
vt 0.6946108937263489 0.9638916850090027
vt 0.8393265604972839 0.39575231075286865
vt 0.8393265604972839 0.39763617515563965
vt 0.9357340931892395 0.39763617515563965
vt 0.8393265604972839 0.39575231075286865
vt 0.9357340931892395 0.39763617515563965
vt 0.9357340931892395 0.39575231075286865
vt 0.9039761424064636 0.803031325340271
vt 0.8075682520866394 0.803031325340271
vt 0.8075682520866394 0.805961012840271
vt 0.9039761424064636 0.803031325340271
vt 0.8075682520866394 0.805961012840271
vt 0.9039761424064636 0.805961012840271
vt 0.9039759039878845 0.812105119228363
vt 0.8075682520866394 0.812105119228363
vt 0.8075682520866394 0.817781388759613
vt 0.9039759039878845 0.812105119228363
vt 0.8075682520866394 0.817781388759613
vt 0.9039759039878845 0.817781388759613
vt 0.9039790034294128 0.7395147085189819
vt 0.8075682520866394 0.7395147085189819
vt 0.8075682520866394 0.7410322427749634
vt 0.9039790034294128 0.7395147085189819
vt 0.8075682520866394 0.7410322427749634
vt 0.9039790034294128 0.7410322427749634
vt 0.8075681924819946 0.7455691695213318
vt 0.9039789438247681 0.7455691695213318
vt 0.9039789438247681 0.7440516352653503
vt 0.8075681924819946 0.7455691695213318
vt 0.9039789438247681 0.7440516352653503
vt 0.8075681924819946 0.7440516352653503
vt 0.8075682520866394 0.7894206643104553
vt 0.8075682520866394 0.7923503518104553
vt 0.9039761424064636 0.7923503518104553
vt 0.8075682520866394 0.7894206643104553
vt 0.9039761424064636 0.7923503518104553
vt 0.9039761424064636 0.7894206643104553
vt 0.5979962944984436 0.7288209199905396
vt 0.5976298451423645 0.7284547090530396
vt 0.5947003960609436 0.7284547090530396
vt 0.5979962944984436 0.7288209199905396
vt 0.5947003960609436 0.7284547090530396
vt 0.5943339467048645 0.7288209199905396
vt 0.9881693124771118 0.18893003463745117
vt 0.9878032207489014 0.1885637640953064
vt 0.9848735332489014 0.1885637640953064
vt 0.9881693124771118 0.18893003463745117
vt 0.9848735332489014 0.1885637640953064
vt 0.9845073223114014 0.18893003463745117
vt 0.5979960560798645 0.722412109375
vt 0.5976298451423645 0.7227783203125
vt 0.5976298451423645 0.7284547090530396
vt 0.5979960560798645 0.722412109375
vt 0.5976298451423645 0.7284547090530396
vt 0.5979962944984436 0.7288209199905396
vt 0.9845073223114014 0.18893003463745117
vt 0.9848735332489014 0.1885637640953064
vt 0.9848735332489014 0.18288743495941162
vt 0.9845073223114014 0.18893003463745117
vt 0.9848735332489014 0.18288743495941162
vt 0.9845073223114014 0.1825212836265564
vt 0.9881693124771118 0.1870461106300354
vt 0.9878032207489014 0.1870461106300354
vt 0.9878032207489014 0.1885637640953064
vt 0.9881693124771118 0.1870461106300354
vt 0.9878032207489014 0.1885637640953064
vt 0.9881693124771118 0.18893003463745117
vt 0.8897358775138855 0.9599463939666748
vt 0.8897358775138855 0.9595801830291748
vt 0.7933260798454285 0.9595801830291748
vt 0.8897358775138855 0.9599463939666748
vt 0.7933260798454285 0.9595801830291748
vt 0.7933260798454285 0.9599463939666748
vt 0.5943339467048645 0.7288209199905396
vt 0.5947003960609436 0.7284547090530396
vt 0.5947003960609436 0.726936936378479
vt 0.5943339467048645 0.7288209199905396
vt 0.5947003960609436 0.726936936378479
vt 0.5943339467048645 0.726936936378479
vt 0.5943339467048645 0.7242959141731262
vt 0.5947003960609436 0.7242959141731262
vt 0.5947003960609436 0.7227783203125
vt 0.5943339467048645 0.7242959141731262
vt 0.5947003960609436 0.7227783203125
vt 0.5943339467048645 0.722412109375
vt 0.2090729922056198 0.9956322312355042
vt 0.2090729922056198 0.9959984421730042
vt 0.30548274517059326 0.9959984421730042
vt 0.2090729922056198 0.9956322312355042
vt 0.30548274517059326 0.9959984421730042
vt 0.30548274517059326 0.9956322312355042
vt 0.9881693124771118 0.1825212836265564
vt 0.9878032207489014 0.18288743495941162
vt 0.9878032207489014 0.18440508842468262
vt 0.9881693124771118 0.1825212836265564
vt 0.9878032207489014 0.18440508842468262
vt 0.9881693124771118 0.18440508842468262
vt 0.5943339467048645 0.722412109375
vt 0.5947003960609436 0.7227783203125
vt 0.5976298451423645 0.7227783203125
vt 0.5943339467048645 0.722412109375
vt 0.5976298451423645 0.7227783203125
vt 0.5979960560798645 0.722412109375
vt 0.9845073223114014 0.1825212836265564
vt 0.9848735332489014 0.18288743495941162
vt 0.9878032207489014 0.18288743495941162
vt 0.9845073223114014 0.1825212836265564
vt 0.9878032207489014 0.18288743495941162
vt 0.9881693124771118 0.1825212836265564
vn -0.04361952764546425 5.436395760345197e-8 -0.9990482154570836
vn -0.04361952764546425 5.436395760345197e-8 -0.9990482154570836
vn -0.04361952764546425 5.436395760345197e-8 -0.9990482154570836
vn -0.04361952764546425 5.436395760345197e-8 -0.9990482154570836
vn -0.04361952764546425 5.436395760345197e-8 -0.9990482154570836
vn -0.04361952764546425 5.436395760345197e-8 -0.9990482154570836
vn 0.9990482154570846 3.800212915015809e-8 -0.043619527645463514
vn 0.9990482154570846 3.800212915015809e-8 -0.043619527645463514
vn 0.9990482154570846 3.800212915015809e-8 -0.043619527645463514
vn 0.9990482154570846 3.800212915015809e-8 -0.043619527645463514
vn 0.9990482154570846 3.800212915015809e-8 -0.043619527645463514
vn 0.9990482154570846 3.800212915015809e-8 -0.043619527645463514
vn 0.04361952764546425 -5.436395760345197e-8 0.9990482154570836
vn 0.04361952764546425 -5.436395760345197e-8 0.9990482154570836
vn 0.04361952764546425 -5.436395760345197e-8 0.9990482154570836
vn 0.04361952764546425 -5.436395760345197e-8 0.9990482154570836
vn 0.04361952764546425 -5.436395760345197e-8 0.9990482154570836
vn 0.04361952764546425 -5.436395760345197e-8 0.9990482154570836
vn 9.115291020167747e-8 0.9999999999999951 3.981484112918302e-8
vn 9.115291020167747e-8 0.9999999999999951 3.981484112918302e-8
vn 9.115291020167747e-8 0.9999999999999951 3.981484112918302e-8
vn 9.115291020167747e-8 0.9999999999999951 3.981484112918302e-8
vn 9.115291020167747e-8 0.9999999999999951 3.981484112918302e-8
vn 9.115291020167747e-8 0.9999999999999951 3.981484112918302e-8
vn -0.9990482154570821 -8.044595968095722e-8 0.04361952764546156
vn -0.9990482154570821 -8.044595968095722e-8 0.04361952764546156
vn -0.9990482154570821 -8.044595968095722e-8 0.04361952764546156
vn -0.9990482154570821 -8.044595968095722e-8 0.04361952764546156
vn -0.9990482154570821 -8.044595968095722e-8 0.04361952764546156
vn -0.9990482154570821 -8.044595968095722e-8 0.04361952764546156
vn -9.115291020167747e-8 -0.9999999999999951 -3.981484112918302e-8
vn -9.115291020167747e-8 -0.9999999999999951 -3.981484112918302e-8
vn -9.115291020167747e-8 -0.9999999999999951 -3.981484112918302e-8
vn -9.115291020167747e-8 -0.9999999999999951 -3.981484112918302e-8
vn -9.115291020167747e-8 -0.9999999999999951 -3.981484112918302e-8
vn -9.115291020167747e-8 -0.9999999999999951 -3.981484112918302e-8
vn -0.043619527645214304 0.0000019379443402066913 -0.9990482154552165
vn -0.04361952764546425 5.436395760345197e-8 -0.9990482154570836
vn -0.04361952764546425 5.436395760345197e-8 -0.9990482154570836
vn -0.043619527645214304 0.0000019379443402066913 -0.9990482154552165
vn -0.04361952764546425 5.436395760345197e-8 -0.9990482154570836
vn -0.043619527645214304 0.0000019379443402066913 -0.9990482154552165
vn 0.043619527645465214 -4.375299286532449e-8 0.999048215457084
vn 0.043619527645465214 -4.375299286532449e-8 0.999048215457084
vn 0.043619527645465214 -4.375299286532449e-8 0.999048215457084
vn 0.043619527645465214 -4.375299286532449e-8 0.999048215457084
vn 0.043619527645465214 -4.375299286532449e-8 0.999048215457084
vn 0.043619527645465214 -4.375299286532449e-8 0.999048215457084
vn 0.04361952764546425 -5.436395760345197e-8 0.9990482154570836
vn 0.04361952764292717 -0.000008942168366168989 0.9990482154171767
vn 0.04361952764292717 -0.000008942169275663706 0.9990482154171767
vn 0.04361952764546425 -5.436395760345197e-8 0.9990482154570836
vn 0.04361952764292717 -0.000008942169275663706 0.9990482154171767
vn 0.04361952764546425 -5.436395760345197e-8 0.9990482154570836
vn 9.115291020167747e-8 0.9999999999999951 3.981484112918302e-8
vn 9.115291020167747e-8 0.9999999999999951 3.981484112918302e-8
vn 9.115291020167747e-8 0.9999999999999951 3.981484112918302e-8
vn 9.115291020167747e-8 0.9999999999999951 3.981484112918302e-8
vn 9.115291020167747e-8 0.9999999999999951 3.981484112918302e-8
vn 9.115291020167747e-8 0.9999999999999951 3.981484112918302e-8
vn 0.043619527645465214 -4.375299286532449e-8 0.999048215457084
vn 0.043619527645465214 -4.375299286532449e-8 0.999048215457084
vn 0.043619527645465214 -4.375299286532449e-8 0.999048215457084
vn 0.043619527645465214 -4.375299286532449e-8 0.999048215457084
vn 0.043619527645465214 -4.375299286532449e-8 0.999048215457084
vn 0.043619527645465214 -4.375299286532449e-8 0.999048215457084
vn -0.043619527645465214 4.375299286532449e-8 -0.999048215457084
vn -0.043619527645465214 4.375299286532449e-8 -0.999048215457084
vn -0.043619527645465214 4.375299286532449e-8 -0.999048215457084
vn -0.043619527645465214 4.375299286532449e-8 -0.999048215457084
vn -0.043619527645465214 4.375299286532449e-8 -0.999048215457084
vn -0.043619527645465214 4.375299286532449e-8 -0.999048215457084
vn -0.043619527645465214 4.375299286532449e-8 -0.999048215457084
vn -0.043619527645465214 4.375299286532449e-8 -0.999048215457084
vn -0.043619527645465214 4.375299286532449e-8 -0.999048215457084
vn -0.043619527645465214 4.375299286532449e-8 -0.999048215457084
vn -0.043619527645465214 4.375299286532449e-8 -0.999048215457084
vn -0.043619527645465214 4.375299286532449e-8 -0.999048215457084
vn -9.115291020167747e-8 -0.9999999999999951 -3.981484112918302e-8
vn -9.115291020167747e-8 -0.9999999999999951 -3.981484112918302e-8
vn -9.115291020167747e-8 -0.9999999999999951 -3.981484112918302e-8
vn -9.115291020167747e-8 -0.9999999999999951 -3.981484112918302e-8
vn -9.115291020167747e-8 -0.9999999999999951 -3.981484112918302e-8
vn -9.115291020167747e-8 -0.9999999999999951 -3.981484112918302e-8
vn 0.9990477716752941 3.4978206726522707e-7 -0.043629690699191814
vn 0.9990477716747782 3.4978255043481307e-7 -0.04362969071100398
vn 0.999048215457081 -8.932944770737137e-8 -0.04361952764546894
vn 0.9990477716752941 3.4978206726522707e-7 -0.043629690699191814
vn 0.999048215457081 -8.932944770737137e-8 -0.04361952764546894
vn 0.999048215457081 -8.932944770737137e-8 -0.04361952764546894
vn -0.999048215457081 8.932944770737137e-8 0.04361952764546894
vn -0.999048215457081 8.932944770737137e-8 0.04361952764546894
vn -0.9990477716748178 -3.4978249359135345e-7 0.04362969071009535
vn -0.999048215457081 8.932944770737137e-8 0.04361952764546894
vn -0.9990477716748178 -3.4978249359135345e-7 0.04362969071009535
vn -0.9990477716753338 -3.497819535783476e-7 0.04362969069828319
vn 0.9990477714848269 0.000020695079109669696 -0.043629690153779876
vn 0.9990477714527942 0.000020693643927038054 -0.04362969088795318
vn 0.9990477716747782 3.4978255043481307e-7 -0.04362969071100398
vn 0.9990477714848269 0.000020695079109669696 -0.043629690153779876
vn 0.9990477716747782 3.4978255043481307e-7 -0.04362969071100398
vn 0.9990477716752941 3.4978206726522707e-7 -0.043629690699191814
vn -0.9990477716753338 -3.497819535783476e-7 0.04362969069828319
vn -0.9990477716748178 -3.4978249359135345e-7 0.04362969071009535
vn -0.9990477714528736 -0.000020693640289059105 0.04362969088613592
vn -0.9990477716753338 -3.497819535783476e-7 0.04362969069828319
vn -0.9990477714528736 -0.000020693640289059105 0.04362969088613592
vn -0.9990477714848666 -0.00002069507910966966 0.04362969015287124
vn -0.999048215457081 8.932944770737137e-8 0.04361952764546894
vn -0.999048215457081 8.932944770737137e-8 0.04361952764546894
vn -0.999048215457081 8.932944770737137e-8 0.04361952764546894
vn -0.999048215457081 8.932944770737137e-8 0.04361952764546894
vn -0.999048215457081 8.932944770737137e-8 0.04361952764546894
vn -0.999048215457081 8.932944770737137e-8 0.04361952764546894
vn 9.115291020167747e-8 0.9999999999999951 3.981484112918302e-8
vn 9.115291020167747e-8 0.9999999999999951 3.981484112918302e-8
vn 9.115291020167747e-8 0.9999999999999951 3.981484112918302e-8
vn 9.115291020167747e-8 0.9999999999999951 3.981484112918302e-8
vn 9.115291020167747e-8 0.9999999999999951 3.981484112918302e-8
vn 9.115291020167747e-8 0.9999999999999951 3.981484112918302e-8
vn 0.999048215457081 -8.932944770737137e-8 -0.04361952764546894
vn 0.999048215457081 -8.932944770737137e-8 -0.04361952764546894
vn 0.999048215457081 -8.932944770737137e-8 -0.04361952764546894
vn 0.999048215457081 -8.932944770737137e-8 -0.04361952764546894
vn 0.999048215457081 -8.932944770737137e-8 -0.04361952764546894
vn 0.999048215457081 -8.932944770737137e-8 -0.04361952764546894
vn 0.9990490071639861 0.000004291222871056321 -0.043601390645698665
vn 0.9990490071639861 0.000004291222871056321 -0.043601390645698665
vn 0.9990486111042418 0.000022445193485928976 -0.04361045914570098
vn 0.9990490071639861 0.000004291222871056321 -0.043601390645698665
vn 0.9990486111042418 0.000022445193485928976 -0.04361045914570098
vn 0.9990486111036859 0.000022445215313802743 -0.043610459158421766
vn -9.115291020167747e-8 -0.9999999999999951 -3.981484112918302e-8
vn -9.115291020167747e-8 -0.9999999999999951 -3.981484112918302e-8
vn -9.115291020167747e-8 -0.9999999999999951 -3.981484112918302e-8
vn -9.115291020167747e-8 -0.9999999999999951 -3.981484112918302e-8
vn -9.115291020167747e-8 -0.9999999999999951 -3.981484112918302e-8
vn -9.115291020167747e-8 -0.9999999999999951 -3.981484112918302e-8
vn -0.9990486111036859 -0.000022445215313802743 0.043610459158421766
vn -0.9990486111042418 -0.000022445193485928976 0.04361045914570098
vn -0.9990490071639861 -0.000004291222871056321 0.043601390645698665
vn -0.9990486111036859 -0.000022445215313802743 0.043610459158421766
vn -0.9990490071639861 -0.000004291222871056321 0.043601390645698665
vn -0.9990490071639861 -0.000004291222871056321 0.043601390645698665
vn 0.9990486111036859 0.000022445215313802743 -0.043610459158421766
vn 0.9990486111042418 0.000022445193485928976 -0.04361045914570098
vn 0.9990477714527942 0.000020693643927038054 -0.04362969088795318
vn 0.9990486111036859 0.000022445215313802743 -0.043610459158421766
vn 0.9990477714527942 0.000020693643927038054 -0.04362969088795318
vn 0.9990477714848269 0.000020695079109669696 -0.043629690153779876
vn -0.9990477714848666 -0.00002069507910966966 0.04362969015287124
vn -0.9990477714528736 -0.000020693640289059105 0.04362969088613592
vn -0.9990486111042418 -0.000022445193485928976 0.04361045914570098
vn -0.9990477714848666 -0.00002069507910966966 0.04362969015287124
vn -0.9990486111042418 -0.000022445193485928976 0.04361045914570098
vn -0.9990486111036859 -0.000022445215313802743 0.043610459158421766
f 3379/3379/3379 3380/3380/3380 3381/3381/3381
f 3382/3382/3382 3383/3383/3383 3384/3384/3384
f 3385/3385/3385 3386/3386/3386 3387/3387/3387
f 3388/3388/3388 3389/3389/3389 3390/3390/3390
f 3391/3391/3391 3392/3392/3392 3393/3393/3393
f 3394/3394/3394 3395/3395/3395 3396/3396/3396
f 3397/3397/3397 3398/3398/3398 3399/3399/3399
f 3400/3400/3400 3401/3401/3401 3402/3402/3402
f 3403/3403/3403 3404/3404/3404 3405/3405/3405
f 3406/3406/3406 3407/3407/3407 3408/3408/3408
f 3409/3409/3409 3410/3410/3410 3411/3411/3411
f 3412/3412/3412 3413/3413/3413 3414/3414/3414
f 3415/3415/3415 3416/3416/3416 3417/3417/3417
f 3418/3418/3418 3419/3419/3419 3420/3420/3420
f 3421/3421/3421 3422/3422/3422 3423/3423/3423
f 3424/3424/3424 3425/3425/3425 3426/3426/3426
f 3427/3427/3427 3428/3428/3428 3429/3429/3429
f 3430/3430/3430 3431/3431/3431 3432/3432/3432
f 3433/3433/3433 3434/3434/3434 3435/3435/3435
f 3436/3436/3436 3437/3437/3437 3438/3438/3438
f 3439/3439/3439 3440/3440/3440 3441/3441/3441
f 3442/3442/3442 3443/3443/3443 3444/3444/3444
f 3445/3445/3445 3446/3446/3446 3447/3447/3447
f 3448/3448/3448 3449/3449/3449 3450/3450/3450
f 3451/3451/3451 3452/3452/3452 3453/3453/3453
f 3454/3454/3454 3455/3455/3455 3456/3456/3456
f 3457/3457/3457 3458/3458/3458 3459/3459/3459
f 3460/3460/3460 3461/3461/3461 3462/3462/3462
f 3463/3463/3463 3464/3464/3464 3465/3465/3465
f 3466/3466/3466 3467/3467/3467 3468/3468/3468
f 3469/3469/3469 3470/3470/3470 3471/3471/3471
f 3472/3472/3472 3473/3473/3473 3474/3474/3474
f 3475/3475/3475 3476/3476/3476 3477/3477/3477
f 3478/3478/3478 3479/3479/3479 3480/3480/3480
f 3481/3481/3481 3482/3482/3482 3483/3483/3483
f 3484/3484/3484 3485/3485/3485 3486/3486/3486
f 3487/3487/3487 3488/3488/3488 3489/3489/3489
f 3490/3490/3490 3491/3491/3491 3492/3492/3492
f 3493/3493/3493 3494/3494/3494 3495/3495/3495
f 3496/3496/3496 3497/3497/3497 3498/3498/3498
f 3499/3499/3499 3500/3500/3500 3501/3501/3501
f 3502/3502/3502 3503/3503/3503 3504/3504/3504
f 3505/3505/3505 3506/3506/3506 3507/3507/3507
f 3508/3508/3508 3509/3509/3509 3510/3510/3510
f 3511/3511/3511 3512/3512/3512 3513/3513/3513
f 3514/3514/3514 3515/3515/3515 3516/3516/3516
f 3517/3517/3517 3518/3518/3518 3519/3519/3519
f 3520/3520/3520 3521/3521/3521 3522/3522/3522
f 3523/3523/3523 3524/3524/3524 3525/3525/3525
f 3526/3526/3526 3527/3527/3527 3528/3528/3528
f 3529/3529/3529 3530/3530/3530 3531/3531/3531
f 3532/3532/3532 3533/3533/3533 3534/3534/3534
o door_big011
usemtl DefaultMaterial
v -3030.9113552986255 2425.2911800696825 96.94883082936704
v -3030.911507155231 1706.2806057288676 96.94878642511475
v -3425.556365464597 1706.2806396484475 83.1675025943054
v -3030.9113552986255 2425.2911800696825 96.94883082936704
v -3425.556365464597 1706.2806396484475 83.1675025943054
v -3425.5562136079902 2425.2912292480514 83.16754699855841
v -3425.5562136079902 2425.2912292480514 83.16754699855841
v -3425.556365464597 1706.2806396484475 83.1675025943054
v -3426.0798572271756 1706.2806389923774 98.1583652022614
v -3425.5562136079902 2425.2912292480514 83.16754699855841
v -3426.0798572271756 1706.2806389923774 98.1583652022614
v -3426.0797053705687 2425.2912285919815 98.1584096065144
v -3426.0797053705687 2425.2912285919815 98.1584096065144
v -3426.0798572271756 1706.2806389923774 98.1583652022614
v -3031.4349989178095 1706.2806050727975 111.93964903307074
v -3426.0797053705687 2425.2912285919815 98.1584096065144
v -3031.4349989178095 1706.2806050727975 111.93964903307074
v -3031.434847061205 2425.2911641548235 111.93969343732232
v -3425.5562136079902 2425.2912292480514 83.16754699855841
v -3426.0797053705687 2425.2912285919815 98.1584096065144
v -3031.434847061205 2425.2911641548235 111.93969343732232
v -3425.5562136079902 2425.2912292480514 83.16754699855841
v -3031.434847061205 2425.2911641548235 111.93969343732232
v -3030.9113552986255 2425.2911800696825 96.94883082936704
v -3031.434847061205 2425.2911641548235 111.93969343732232
v -3031.4349989178095 1706.2806050727975 111.93964903307074
v -3030.911507155231 1706.2806057288676 96.94878642511475
v -3031.434847061205 2425.2911641548235 111.93969343732232
v -3030.911507155231 1706.2806057288676 96.94878642511475
v -3030.9113552986255 2425.2911800696825 96.94883082936704
v -3031.43509107497 1670.030544037652 111.93957552199831
v -3426.079918885348 1670.0305779572293 98.15829275623568
v -3425.5564271227695 1670.0305786132994 83.16743014827969
v -3031.43509107497 1670.030544037652 111.93957552199831
v -3425.5564271227695 1670.0305786132994 83.16743014827969
v -3030.9115993123914 1670.0305446937223 96.94871291404232
v -3030.9115993123914 1670.0305446937223 96.94871291404232
v -3425.5564271227695 1670.0305786132994 83.16743014827969
v -3425.556365464597 1706.2806396484475 83.1675025943054
v -3030.9115993123914 1670.0305446937223 96.94871291404232
v -3425.556365464597 1706.2806396484475 83.1675025943054
v -3030.911507155231 1706.2806057288676 96.94878642511475
v -3426.079918885348 1670.0305779572293 98.15829275623568
v -3031.43509107497 1670.030544037652 111.93957552199831
v -3031.435090424332 1677.7469747017144 111.93957588242614
v -3426.079918885348 1670.0305779572293 98.15829275623568
v -3031.435090424332 1677.7469747017144 111.93957588242614
v -3426.07991823471 1677.7470086212918 98.15829311666351
v -3031.4349989178095 1706.2806050727975 111.93964903307074
v -3426.0798572271756 1706.2806389923774 98.1583652022614
v -3426.07991647944 1698.564147293167 98.15829408901415
v -3031.4349989178095 1706.2806050727975 111.93964903307074
v -3426.07991647944 1698.564147293167 98.15829408901415
v -3031.4350886690618 1698.5641133735894 111.93957685477677
v -3425.6087761725494 1671.5305785476926 84.666516479139
v -3426.027569582612 1671.5305780228364 96.6592065655038
v -3031.382741772234 1671.530544103259 110.44048933126642
v -3425.6087761725494 1671.5305785476926 84.666516479139
v -3031.382741772234 1671.530544103259 110.44048933126642
v -3030.9639483621713 1671.5305446281152 98.44779924490163
v -3030.9639483621713 1671.5305446281152 98.44779924490163
v -3030.9639455585807 1704.7805446281154 98.4478007979805
v -3425.6087733689587 1704.7805785476926 84.66651803221788
v -3030.9639483621713 1671.5305446281152 98.44779924490163
v -3425.6087733689587 1704.7805785476926 84.66651803221788
v -3425.6087761725494 1671.5305785476926 84.666516479139
v -3031.382741248074 1677.7469747673215 110.44048962163055
v -3031.382741772234 1671.530544103259 110.44048933126642
v -3426.027569582612 1671.5305780228364 96.6592065655038
v -3031.382741248074 1677.7469747673215 110.44048962163055
v -3426.027569582612 1671.5305780228364 96.6592065655038
v -3426.027569058452 1677.7470086868989 96.65920685586792
v -3426.027567303182 1698.5641473587739 96.65920782821854
v -3426.027566779022 1704.7805780228364 96.65920811858267
v -3031.3827389686435 1704.7805441032592 110.4404908843453
v -3426.027567303182 1698.5641473587739 96.65920782821854
v -3031.3827389686435 1704.7805441032592 110.4404908843453
v -3031.382739492804 1698.5641134391967 110.44049059398117
v -3031.3827389686435 1704.7805441032592 110.4404908843453
v -3426.027566779022 1704.7805780228364 96.65920811858267
v -3425.6087733689587 1704.7805785476926 84.66651803221788
v -3031.3827389686435 1704.7805441032592 110.4404908843453
v -3425.6087733689587 1704.7805785476926 84.66651803221788
v -3030.9639455585807 1704.7805446281154 98.4478007979805
v -3425.5564271227695 1670.0305786132994 83.16743014827969
v -3426.079918885348 1670.0305779572293 98.15829275623568
v -3426.027569582612 1671.5305780228364 96.6592065655038
v -3425.5564271227695 1670.0305786132994 83.16743014827969
v -3426.027569582612 1671.5305780228364 96.6592065655038
v -3425.6087761725494 1671.5305785476926 84.666516479139
v -3031.43509107497 1670.030544037652 111.93957552199831
v -3030.9115993123914 1670.0305446937223 96.94871291404232
v -3030.9639483621713 1671.5305446281152 98.44779924490163
v -3031.43509107497 1670.030544037652 111.93957552199831
v -3030.9639483621713 1671.5305446281152 98.44779924490163
v -3031.382741772234 1671.530544103259 110.44048933126642
v -3425.6087761725494 1671.5305785476926 84.666516479139
v -3425.6087733689587 1704.7805785476926 84.66651803221788
v -3425.556365464597 1706.2806396484475 83.1675025943054
v -3425.6087761725494 1671.5305785476926 84.666516479139
v -3425.556365464597 1706.2806396484475 83.1675025943054
v -3425.5564271227695 1670.0305786132994 83.16743014827969
v -3030.9639455585807 1704.7805446281154 98.4478007979805
v -3030.9639483621713 1671.5305446281152 98.44779924490163
v -3030.9115993123914 1670.0305446937223 96.94871291404232
v -3030.9639455585807 1704.7805446281154 98.4478007979805
v -3030.9115993123914 1670.0305446937223 96.94871291404232
v -3030.911507155231 1706.2806057288676 96.94878642511475
v -3031.435090424332 1677.7469747017144 111.93957588242614
v -3031.43509107497 1670.030544037652 111.93957552199831
v -3031.382741772234 1671.530544103259 110.44048933126642
v -3031.435090424332 1677.7469747017144 111.93957588242614
v -3031.382741772234 1671.530544103259 110.44048933126642
v -3031.382741248074 1677.7469747673215 110.44048962163055
v -3426.07991823471 1677.7470086212918 98.15829311666351
v -3031.435090424332 1677.7469747017144 111.93957588242614
v -3031.382741248074 1677.7469747673215 110.44048962163055
v -3426.07991823471 1677.7470086212918 98.15829311666351
v -3031.382741248074 1677.7469747673215 110.44048962163055
v -3426.027569058452 1677.7470086868989 96.65920685586792
v -3426.079918885348 1670.0305779572293 98.15829275623568
v -3426.07991823471 1677.7470086212918 98.15829311666351
v -3426.027569058452 1677.7470086868989 96.65920685586792
v -3426.079918885348 1670.0305779572293 98.15829275623568
v -3426.027569058452 1677.7470086868989 96.65920685586792
v -3426.027569582612 1671.5305780228364 96.6592065655038
v -3426.07991647944 1698.564147293167 98.15829408901415
v -3426.0798572271756 1706.2806389923774 98.1583652022614
v -3426.027566779022 1704.7805780228364 96.65920811858267
v -3426.07991647944 1698.564147293167 98.15829408901415
v -3426.027566779022 1704.7805780228364 96.65920811858267
v -3426.027567303182 1698.5641473587739 96.65920782821854
v -3031.4350886690618 1698.5641133735894 111.93957685477677
v -3426.07991647944 1698.564147293167 98.15829408901415
v -3426.027567303182 1698.5641473587739 96.65920782821854
v -3031.4350886690618 1698.5641133735894 111.93957685477677
v -3426.027567303182 1698.5641473587739 96.65920782821854
v -3031.382739492804 1698.5641134391967 110.44049059398117
v -3031.4349989178095 1706.2806050727975 111.93964903307074
v -3031.4350886690618 1698.5641133735894 111.93957685477677
v -3031.382739492804 1698.5641134391967 110.44049059398117
v -3031.4349989178095 1706.2806050727975 111.93964903307074
v -3031.382739492804 1698.5641134391967 110.44049059398117
v -3031.3827389686435 1704.7805441032592 110.4404908843453
v -3426.0798572271756 1706.2806389923774 98.1583652022614
v -3425.556365464597 1706.2806396484475 83.1675025943054
v -3425.6087733689587 1704.7805785476926 84.66651803221788
v -3426.0798572271756 1706.2806389923774 98.1583652022614
v -3425.6087733689587 1704.7805785476926 84.66651803221788
v -3426.027566779022 1704.7805780228364 96.65920811858267
v -3030.911507155231 1706.2806057288676 96.94878642511475
v -3031.4349989178095 1706.2806050727975 111.93964903307074
v -3031.3827389686435 1704.7805441032592 110.4404908843453
v -3030.911507155231 1706.2806057288676 96.94878642511475
v -3031.3827389686435 1704.7805441032592 110.4404908843453
v -3030.9639455585807 1704.7805446281154 98.4478007979805
vt 0.7043522596359253 0.5353541970252991
vt 0.7043522596359253 0.7133352756500244
vt 0.6079446077346802 0.7133352756500244
vt 0.7043522596359253 0.5353541970252991
vt 0.6079446077346802 0.7133352756500244
vt 0.6079448461532593 0.5353541970252991
vt 0.5979960560798645 0.5444279909133911
vt 0.5979960560798645 0.722412109375
vt 0.5943339467048645 0.722412109375
vt 0.5979960560798645 0.5444279909133911
vt 0.5943339467048645 0.722412109375
vt 0.5943339467048645 0.5444279909133911
vt 0.9357340931892395 0.21777117252349854
vt 0.9357340931892395 0.39575231075286865
vt 0.8393265604972839 0.39575231075286865
vt 0.9357340931892395 0.21777117252349854
vt 0.8393265604972839 0.39575231075286865
vt 0.8393265604972839 0.21777117252349854
vt 0.7996267080307007 0.9164538383483887
vt 0.7996267080307007 0.9201159477233887
vt 0.7032195329666138 0.9201159477233887
vt 0.7996267080307007 0.9164538383483887
vt 0.7032195329666138 0.9201159477233887
vt 0.7032195329666138 0.9164538383483887
vt 0.9881693124771118 0.004536867141723633
vt 0.9881693124771118 0.1825212836265564
vt 0.9845073223114014 0.1825212836265564
vt 0.9881693124771118 0.004536867141723633
vt 0.9845073223114014 0.1825212836265564
vt 0.9845073223114014 0.004536867141723633
vt 0.812105119228363 0.8983062505722046
vt 0.90851229429245 0.8983062505722046
vt 0.90851229429245 0.9019683599472046
vt 0.812105119228363 0.8983062505722046
vt 0.90851229429245 0.9019683599472046
vt 0.812105119228363 0.9019683599472046
vt 0.7043522596359253 0.7197439670562744
vt 0.6079446077346802 0.7197439670562744
vt 0.6079446077346802 0.7133352756500244
vt 0.7043522596359253 0.7197439670562744
vt 0.6079446077346802 0.7133352756500244
vt 0.7043522596359253 0.7133352756500244
vt 0.7910199761390686 0.9638916850090027
vt 0.6946108937263489 0.9638916850090027
vt 0.6946108937263489 0.9620077013969421
vt 0.7910199761390686 0.9638916850090027
vt 0.6946108937263489 0.9620077013969421
vt 0.7910199761390686 0.9620077013969421
vt 0.8393265604972839 0.39575231075286865
vt 0.9357340931892395 0.39575231075286865
vt 0.9357340931892395 0.39763617515563965
vt 0.8393265604972839 0.39575231075286865
vt 0.9357340931892395 0.39763617515563965
vt 0.8393265604972839 0.39763617515563965
vt 0.9039761424064636 0.803031325340271
vt 0.9039761424064636 0.805961012840271
vt 0.8075682520866394 0.805961012840271
vt 0.9039761424064636 0.803031325340271
vt 0.8075682520866394 0.805961012840271
vt 0.8075682520866394 0.803031325340271
vt 0.8075682520866394 0.817781388759613
vt 0.8075682520866394 0.812105119228363
vt 0.9039759039878845 0.812105119228363
vt 0.8075682520866394 0.817781388759613
vt 0.9039759039878845 0.812105119228363
vt 0.9039759039878845 0.817781388759613
vt 0.9039790034294128 0.7395147085189819
vt 0.9039790034294128 0.7410322427749634
vt 0.8075682520866394 0.7410322427749634
vt 0.9039790034294128 0.7395147085189819
vt 0.8075682520866394 0.7410322427749634
vt 0.8075682520866394 0.7395147085189819
vt 0.8075681924819946 0.7455691695213318
vt 0.8075681924819946 0.7440516352653503
vt 0.9039789438247681 0.7440516352653503
vt 0.8075681924819946 0.7455691695213318
vt 0.9039789438247681 0.7440516352653503
vt 0.9039789438247681 0.7455691695213318
vt 0.8075682520866394 0.7894206643104553
vt 0.9039761424064636 0.7894206643104553
vt 0.9039761424064636 0.7923503518104553
vt 0.8075682520866394 0.7894206643104553
vt 0.9039761424064636 0.7923503518104553
vt 0.8075682520866394 0.7923503518104553
vt 0.5979962944984436 0.7288209199905396
vt 0.5943339467048645 0.7288209199905396
vt 0.5947003960609436 0.7284547090530396
vt 0.5979962944984436 0.7288209199905396
vt 0.5947003960609436 0.7284547090530396
vt 0.5976298451423645 0.7284547090530396
vt 0.9881693124771118 0.18893003463745117
vt 0.9845073223114014 0.18893003463745117
vt 0.9848735332489014 0.1885637640953064
vt 0.9881693124771118 0.18893003463745117
vt 0.9848735332489014 0.1885637640953064
vt 0.9878032207489014 0.1885637640953064
vt 0.5976298451423645 0.7284547090530396
vt 0.5976298451423645 0.7227783203125
vt 0.5979960560798645 0.722412109375
vt 0.5976298451423645 0.7284547090530396
vt 0.5979960560798645 0.722412109375
vt 0.5979962944984436 0.7288209199905396
vt 0.9848735332489014 0.18288743495941162
vt 0.9848735332489014 0.1885637640953064
vt 0.9845073223114014 0.18893003463745117
vt 0.9848735332489014 0.18288743495941162
vt 0.9845073223114014 0.18893003463745117
vt 0.9845073223114014 0.1825212836265564
vt 0.9881693124771118 0.1870461106300354
vt 0.9881693124771118 0.18893003463745117
vt 0.9878032207489014 0.1885637640953064
vt 0.9881693124771118 0.1870461106300354
vt 0.9878032207489014 0.1885637640953064
vt 0.9878032207489014 0.1870461106300354
vt 0.8897358775138855 0.9599463939666748
vt 0.7933260798454285 0.9599463939666748
vt 0.7933260798454285 0.9595801830291748
vt 0.8897358775138855 0.9599463939666748
vt 0.7933260798454285 0.9595801830291748
vt 0.8897358775138855 0.9595801830291748
vt 0.5943339467048645 0.7288209199905396
vt 0.5943339467048645 0.726936936378479
vt 0.5947003960609436 0.726936936378479
vt 0.5943339467048645 0.7288209199905396
vt 0.5947003960609436 0.726936936378479
vt 0.5947003960609436 0.7284547090530396
vt 0.5943339467048645 0.7242959141731262
vt 0.5943339467048645 0.722412109375
vt 0.5947003960609436 0.7227783203125
vt 0.5943339467048645 0.7242959141731262
vt 0.5947003960609436 0.7227783203125
vt 0.5947003960609436 0.7242959141731262
vt 0.2090729922056198 0.9956322312355042
vt 0.30548274517059326 0.9956322312355042
vt 0.30548274517059326 0.9959984421730042
vt 0.2090729922056198 0.9956322312355042
vt 0.30548274517059326 0.9959984421730042
vt 0.2090729922056198 0.9959984421730042
vt 0.9881693124771118 0.1825212836265564
vt 0.9881693124771118 0.18440508842468262
vt 0.9878032207489014 0.18440508842468262
vt 0.9881693124771118 0.1825212836265564
vt 0.9878032207489014 0.18440508842468262
vt 0.9878032207489014 0.18288743495941162
vt 0.5943339467048645 0.722412109375
vt 0.5979960560798645 0.722412109375
vt 0.5976298451423645 0.7227783203125
vt 0.5943339467048645 0.722412109375
vt 0.5976298451423645 0.7227783203125
vt 0.5947003960609436 0.7227783203125
vt 0.9845073223114014 0.1825212836265564
vt 0.9881693124771118 0.1825212836265564
vt 0.9878032207489014 0.18288743495941162
vt 0.9845073223114014 0.1825212836265564
vt 0.9878032207489014 0.18288743495941162
vt 0.9848735332489014 0.18288743495941162
vn 0.03489945042318176 5.434897771959109e-8 -0.9993908286352027
vn 0.03489945042318176 5.434897771959109e-8 -0.9993908286352027
vn 0.03489945042318176 5.434897771959109e-8 -0.9993908286352027
vn 0.03489945042318176 5.434897771959109e-8 -0.9993908286352027
vn 0.03489945042318176 5.434897771959109e-8 -0.9993908286352027
vn 0.03489945042318176 5.434897771959109e-8 -0.9993908286352027
vn -0.9993908286351818 2.132288206208148e-7 -0.03489945042317073
vn -0.9993908286351818 2.132288206208148e-7 -0.03489945042317073
vn -0.9993908286351818 2.132288206208148e-7 -0.03489945042317073
vn -0.9993908286351818 2.132288206208148e-7 -0.03489945042317073
vn -0.9993908286351818 2.132288206208148e-7 -0.03489945042317073
vn -0.9993908286351818 2.132288206208148e-7 -0.03489945042317073
vn -0.03489945042318217 -5.434897771959106e-8 0.9993908286352027
vn -0.03489945042318217 -5.434897771959106e-8 0.9993908286352027
vn -0.03489945042318217 -5.434897771959106e-8 0.9993908286352027
vn -0.03489945042318217 -5.434897771959106e-8 0.9993908286352027
vn -0.03489945042318217 -5.434897771959106e-8 0.9993908286352027
vn -0.03489945042318217 -5.434897771959106e-8 0.9993908286352027
vn 1.2449400945337392e-7 0.9999999999998371 5.570485056154073e-7
vn 1.2449400945337392e-7 0.9999999999998371 5.570485056154073e-7
vn 1.2449400945337392e-7 0.9999999999998371 5.570485056154073e-7
vn 1.2449400945337392e-7 0.9999999999998371 5.570485056154073e-7
vn 1.2449400945337392e-7 0.9999999999998371 5.570485056154073e-7
vn 1.2449400945337392e-7 0.9999999999998371 5.570485056154073e-7
vn 0.9993908286351818 -2.132288206208148e-7 0.03489945042317073
vn 0.9993908286351818 -2.132288206208148e-7 0.03489945042317073
vn 0.9993908286351818 -2.132288206208148e-7 0.03489945042317073
vn 0.9993908286351818 -2.132288206208148e-7 0.03489945042317073
vn 0.9993908286351818 -2.132288206208148e-7 0.03489945042317073
vn 0.9993908286351818 -2.132288348316697e-7 0.03489945042317073
vn -8.431851403971921e-8 -0.9999999999999953 -4.6709139377037426e-8
vn -8.431851403971921e-8 -0.9999999999999953 -4.6709139377037426e-8
vn -8.431851403971921e-8 -0.9999999999999953 -4.6709139377037426e-8
vn -8.431851403971921e-8 -0.9999999999999953 -4.6709139377037426e-8
vn -8.431851403971921e-8 -0.9999999999999953 -4.6709139377037426e-8
vn -8.431851403971921e-8 -0.9999999999999953 -4.6709139377037426e-8
vn 0.03489945042327797 0.0000019379294659576823 -0.9993908286333218
vn 0.03489945042327797 0.0000019379293522708433 -0.9993908286333218
vn 0.03489945042318176 5.434897771959109e-8 -0.9993908286352027
vn 0.03489945042327797 0.0000019379294659576823 -0.9993908286333218
vn 0.03489945042318176 5.434897771959109e-8 -0.9993908286352027
vn 0.03489945042318176 5.434897771959109e-8 -0.9993908286352027
vn -0.03489945042318087 -4.373801570636938e-8 0.9993908286352033
vn -0.03489945042318087 -4.373801570636938e-8 0.9993908286352033
vn -0.03489945042318087 -4.373801570636938e-8 0.9993908286352033
vn -0.03489945042318087 -4.373801570636938e-8 0.9993908286352033
vn -0.03489945042318087 -4.373801570636938e-8 0.9993908286352033
vn -0.03489945042318087 -4.373801570636938e-8 0.9993908286352033
vn -0.03489945042318217 -5.434897771959106e-8 0.9993908286352027
vn -0.03489945042318217 -5.434897771959106e-8 0.9993908286352027
vn -0.034899450422549466 -0.000008942154247877722 0.9993908285952208
vn -0.03489945042318217 -5.434897771959106e-8 0.9993908286352027
vn -0.034899450422549466 -0.000008942154247877722 0.9993908285952208
vn -0.034899450422549466 -0.000008942154247877722 0.9993908285952208
vn 8.431851403971921e-8 0.9999999999999953 4.6709139377037426e-8
vn 8.431851403971921e-8 0.9999999999999953 4.6709139377037426e-8
vn 8.431851403971921e-8 0.9999999999999953 4.6709139377037426e-8
vn 8.431851403971921e-8 0.9999999999999953 4.6709139377037426e-8
vn 8.431851403971921e-8 0.9999999999999953 4.6709139377037426e-8
vn 8.431851403971921e-8 0.9999999999999953 4.6709139377037426e-8
vn -0.03489945042318087 -4.373801570636938e-8 0.9993908286352033
vn -0.03489945042318087 -4.373801570636938e-8 0.9993908286352033
vn -0.03489945042318087 -4.373801570636938e-8 0.9993908286352033
vn -0.03489945042318087 -4.373801570636938e-8 0.9993908286352033
vn -0.03489945042318087 -4.373801570636938e-8 0.9993908286352033
vn -0.03489945042318087 -4.373801570636938e-8 0.9993908286352033
vn 0.03489945042318087 4.373801570636938e-8 -0.9993908286352033
vn 0.03489945042318087 4.373801570636938e-8 -0.9993908286352033
vn 0.03489945042318087 4.373801570636938e-8 -0.9993908286352033
vn 0.03489945042318087 4.373801570636938e-8 -0.9993908286352033
vn 0.03489945042318087 4.373801570636938e-8 -0.9993908286352033
vn 0.03489945042318087 4.373801570636938e-8 -0.9993908286352033
vn 0.03489945042318087 4.373801570636938e-8 -0.9993908286352033
vn 0.03489945042318087 4.373801570636938e-8 -0.9993908286352033
vn 0.03489945042318087 4.373801570636938e-8 -0.9993908286352033
vn 0.03489945042318087 4.373801570636938e-8 -0.9993908286352033
vn 0.03489945042318087 4.373801570636938e-8 -0.9993908286352033
vn 0.03489945042318087 4.373801570636938e-8 -0.9993908286352033
vn -8.431851403971921e-8 -0.9999999999999953 -4.6709139377037426e-8
vn -8.431851403971921e-8 -0.9999999999999953 -4.6709139377037426e-8
vn -8.431851403971921e-8 -0.9999999999999953 -4.6709139377037426e-8
vn -8.431851403971921e-8 -0.9999999999999953 -4.6709139377037426e-8
vn -8.431851403971921e-8 -0.9999999999999953 -4.6709139377037426e-8
vn -8.431851403971921e-8 -0.9999999999999953 -4.6709139377037426e-8
vn -0.9993904735603819 5.25008785222301e-7 -0.03490961696266302
vn -0.9993908286352006 8.589727290944221e-8 -0.03489945042317696
vn -0.9993908286352006 8.589727290944221e-8 -0.03489945042317696
vn -0.9993904735603819 5.25008785222301e-7 -0.03490961696266302
vn -0.9993908286352006 8.589727290944221e-8 -0.03489945042317696
vn -0.9993904735599692 5.250092683918842e-7 -0.03490961697447925
vn 0.9993908286352006 -8.589727290944221e-8 0.03489945042317696
vn 0.9993902959841174 -7.445645271218555e-7 0.03491470023104822
vn 0.9993902959834823 -7.445652660871047e-7 0.03491470024922702
vn 0.9993908286352006 -8.589727290944221e-8 0.03489945042317696
vn 0.9993902959834823 -7.445652660871047e-7 0.03491470024922702
vn 0.9993908286352006 -8.589727290944221e-8 0.03489945042317696
vn -0.9993904735599692 5.250092683918842e-7 -0.03490961697447925
vn -0.9993904733359754 0.000020868870529212058 -0.03490961715323479
vn -0.9993904733615995 0.000020870305711835545 -0.03490961641880989
vn -0.9993904735599692 5.250092683918842e-7 -0.03490961697447925
vn -0.9993904733615995 0.000020870305711835545 -0.03490961641880989
vn -0.9993904735603819 5.25008785222301e-7 -0.03490961696266302
vn 0.9993902954857186 -0.000031260353508935106 0.03491470051079694
vn 0.9993902959834823 -7.445652660871047e-7 0.03491470024922702
vn 0.9993902959841174 -7.445645271218555e-7 0.03491470023104822
vn 0.9993902954857186 -0.000031260353508935106 0.03491470051079694
vn 0.9993902959841174 -7.445645271218555e-7 0.03491470023104822
vn 0.9993902955240744 -0.00003126251083034238 0.03491469941097688
vn 0.9993908286352006 -8.589727290944221e-8 0.03489945042317696
vn 0.9993908286352006 -8.589727290944221e-8 0.03489945042317696
vn 0.9993908286352006 -8.589727290944221e-8 0.03489945042317696
vn 0.9993908286352006 -8.589727290944221e-8 0.03489945042317696
vn 0.9993908286352006 -8.589727290944221e-8 0.03489945042317696
vn 0.9993908286352006 -8.589727290944221e-8 0.03489945042317696
vn 8.431851403971921e-8 0.9999999999999953 4.6709139377037426e-8
vn 8.431851403971921e-8 0.9999999999999953 4.6709139377037426e-8
vn 8.431851403971921e-8 0.9999999999999953 4.6709139377037426e-8
vn 8.431851403971921e-8 0.9999999999999953 4.6709139377037426e-8
vn 8.431851403971921e-8 0.9999999999999953 4.6709139377037426e-8
vn 8.431851403971921e-8 0.9999999999999953 4.6709139377037426e-8
vn -0.9993908286352006 8.589727290944221e-8 -0.03489945042317696
vn -0.9993908286352006 8.589727290944221e-8 -0.03489945042317696
vn -0.9993908286352006 8.589727290944221e-8 -0.03489945042317696
vn -0.9993908286352006 8.589727290944221e-8 -0.03489945042317696
vn -0.9993908286352006 8.589727290944221e-8 -0.03489945042317696
vn -0.9993908286352006 8.589727290944221e-8 -0.03489945042317696
vn -0.9993914620346328 0.000004466449566991572 -0.03488130720500465
vn -0.9993911451246263 0.000022620441906294794 -0.03489037882860928
vn -0.999391145125071 0.000022620420078421145 -0.03489037881588412
vn -0.9993914620346328 0.000004466449566991572 -0.03488130720500465
vn -0.999391145125071 0.000022620420078421145 -0.03489037881588412
vn -0.9993914620346328 0.000004466449566991572 -0.03488130720500465
vn -8.431851403971921e-8 -0.9999999999999953 -4.6709139377037426e-8
vn -8.431851403971921e-8 -0.9999999999999953 -4.6709139377037426e-8
vn -8.431851403971921e-8 -0.9999999999999953 -4.6709139377037426e-8
vn -8.431851403971921e-8 -0.9999999999999953 -4.6709139377037426e-8
vn -8.431851403971921e-8 -0.9999999999999953 -4.6709139377037426e-8
vn -8.431851403971921e-8 -0.9999999999999953 -4.6709139377037426e-8
vn 0.9993913031481646 -0.00003388771511999451 0.03488584302315187
vn 0.9993917786036409 -0.000006656726167336455 0.03487223559136002
vn 0.9993917786036409 -0.000006656726167336455 0.03487223559136002
vn 0.9993913031481646 -0.00003388771511999451 0.03488584302315187
vn 0.9993917786036409 -0.000006656726167336455 0.03487223559136002
vn 0.9993913031488323 -0.00003388767874020524 0.03488584300406415
vn -0.9993911451246263 0.000022620441906294794 -0.03489037882860928
vn -0.9993904733615995 0.000020870305711835545 -0.03490961641880989
vn -0.9993904733359754 0.000020868870529212058 -0.03490961715323479
vn -0.9993911451246263 0.000022620441906294794 -0.03489037882860928
vn -0.9993904733359754 0.000020868870529212058 -0.03490961715323479
vn -0.999391145125071 0.000022620420078421145 -0.03489037881588412
vn 0.9993902955240744 -0.00003126251083034238 0.03491469941097688
vn 0.9993913031481646 -0.00003388771511999451 0.03488584302315187
vn 0.9993913031488323 -0.00003388767874020524 0.03488584300406415
vn 0.9993902955240744 -0.00003126251083034238 0.03491469941097688
vn 0.9993913031488323 -0.00003388767874020524 0.03488584300406415
vn 0.9993902954857186 -0.000031260353508935106 0.03491470051079694
f 3535/3535/3535 3536/3536/3536 3537/3537/3537
f 3538/3538/3538 3539/3539/3539 3540/3540/3540
f 3541/3541/3541 3542/3542/3542 3543/3543/3543
f 3544/3544/3544 3545/3545/3545 3546/3546/3546
f 3547/3547/3547 3548/3548/3548 3549/3549/3549
f 3550/3550/3550 3551/3551/3551 3552/3552/3552
f 3553/3553/3553 3554/3554/3554 3555/3555/3555
f 3556/3556/3556 3557/3557/3557 3558/3558/3558
f 3559/3559/3559 3560/3560/3560 3561/3561/3561
f 3562/3562/3562 3563/3563/3563 3564/3564/3564
f 3565/3565/3565 3566/3566/3566 3567/3567/3567
f 3568/3568/3568 3569/3569/3569 3570/3570/3570
f 3571/3571/3571 3572/3572/3572 3573/3573/3573
f 3574/3574/3574 3575/3575/3575 3576/3576/3576
f 3577/3577/3577 3578/3578/3578 3579/3579/3579
f 3580/3580/3580 3581/3581/3581 3582/3582/3582
f 3583/3583/3583 3584/3584/3584 3585/3585/3585
f 3586/3586/3586 3587/3587/3587 3588/3588/3588
f 3589/3589/3589 3590/3590/3590 3591/3591/3591
f 3592/3592/3592 3593/3593/3593 3594/3594/3594
f 3595/3595/3595 3596/3596/3596 3597/3597/3597
f 3598/3598/3598 3599/3599/3599 3600/3600/3600
f 3601/3601/3601 3602/3602/3602 3603/3603/3603
f 3604/3604/3604 3605/3605/3605 3606/3606/3606
f 3607/3607/3607 3608/3608/3608 3609/3609/3609
f 3610/3610/3610 3611/3611/3611 3612/3612/3612
f 3613/3613/3613 3614/3614/3614 3615/3615/3615
f 3616/3616/3616 3617/3617/3617 3618/3618/3618
f 3619/3619/3619 3620/3620/3620 3621/3621/3621
f 3622/3622/3622 3623/3623/3623 3624/3624/3624
f 3625/3625/3625 3626/3626/3626 3627/3627/3627
f 3628/3628/3628 3629/3629/3629 3630/3630/3630
f 3631/3631/3631 3632/3632/3632 3633/3633/3633
f 3634/3634/3634 3635/3635/3635 3636/3636/3636
f 3637/3637/3637 3638/3638/3638 3639/3639/3639
f 3640/3640/3640 3641/3641/3641 3642/3642/3642
f 3643/3643/3643 3644/3644/3644 3645/3645/3645
f 3646/3646/3646 3647/3647/3647 3648/3648/3648
f 3649/3649/3649 3650/3650/3650 3651/3651/3651
f 3652/3652/3652 3653/3653/3653 3654/3654/3654
f 3655/3655/3655 3656/3656/3656 3657/3657/3657
f 3658/3658/3658 3659/3659/3659 3660/3660/3660
f 3661/3661/3661 3662/3662/3662 3663/3663/3663
f 3664/3664/3664 3665/3665/3665 3666/3666/3666
f 3667/3667/3667 3668/3668/3668 3669/3669/3669
f 3670/3670/3670 3671/3671/3671 3672/3672/3672
f 3673/3673/3673 3674/3674/3674 3675/3675/3675
f 3676/3676/3676 3677/3677/3677 3678/3678/3678
f 3679/3679/3679 3680/3680/3680 3681/3681/3681
f 3682/3682/3682 3683/3683/3683 3684/3684/3684
f 3685/3685/3685 3686/3686/3686 3687/3687/3687
f 3688/3688/3688 3689/3689/3689 3690/3690/3690
o door_big012
usemtl DefaultMaterial
v -2632.583072294285 1706.2808837890598 83.16751174194643
v -3027.333134043118 1706.2809187628802 93.50450135353648
v -3027.3331913900834 2425.2914778449244 93.50454193774189
v -2632.583072294285 1706.2808837890598 83.16751174194643
v -3027.3331913900834 2425.2914778449244 93.50454193774189
v -2632.5830991341295 2425.2914428711015 83.16755152728737
v -2632.5830991341295 2425.2914428711015 83.16755152728737
v -2632.1904412804665 2425.2914422152057 98.16241152074522
v -2632.1904144406226 1706.2808831331643 98.16237173540428
v -2632.5830991341295 2425.2914428711015 83.16755152728737
v -2632.1904144406226 1706.2808831331643 98.16237173540428
v -2632.583072294285 1706.2808837890598 83.16751174194643
v -3026.9404761894557 1706.2809181069847 108.49936134699435
v -2632.1904144406226 1706.2808831331643 98.16237173540428
v -2632.1904412804665 2425.2914422152057 98.16241152074522
v -3026.9404761894557 1706.2809181069847 108.49936134699435
v -2632.1904412804665 2425.2914422152057 98.16241152074522
v -3026.940533536421 2425.2914771890287 108.49940193119974
v -3026.940533536421 2425.2914771890287 108.49940193119974
v -2632.1904412804665 2425.2914422152057 98.16241152074522
v -2632.5830991341295 2425.2914428711015 83.16755152728737
v -3026.940533536421 2425.2914771890287 108.49940193119974
v -2632.5830991341295 2425.2914428711015 83.16755152728737
v -3027.3331913900834 2425.2914778449244 93.50454193774189
v -3027.333134043118 1706.2809187628802 93.50450135353648
v -3026.9404761894557 1706.2809181069847 108.49936134699435
v -3026.940533536421 2425.2914771890287 108.49940193119974
v -3027.333134043118 1706.2809187628802 93.50450135353648
v -3026.940533536421 2425.2914771890287 108.49940193119974
v -3027.3331913900834 2425.2914778449244 93.50454193774189
v -3026.940420223612 1670.0308570718257 108.49928960774682
v -3027.3330780772744 1670.0308577277215 93.50442961428897
v -2632.5830163284413 1670.0308227539012 83.1674400026989
v -3026.940420223612 1670.0308570718257 108.49928960774682
v -2632.5830163284413 1670.0308227539012 83.1674400026989
v -2632.1903584747783 1670.0308220980055 98.16229999615675
v -3027.3330780772744 1670.0308577277215 93.50442961428897
v -3027.333134043118 1706.2809187628802 93.50450135353648
v -2632.583072294285 1706.2808837890598 83.16751174194643
v -3027.3330780772744 1670.0308577277215 93.50442961428897
v -2632.583072294285 1706.2808837890598 83.16751174194643
v -2632.5830163284413 1670.0308227539012 83.1674400026989
v -2632.1903584747783 1670.0308220980055 98.16229999615675
v -2632.190357782759 1677.747252762068 98.16230031556258
v -3026.940419531592 1677.7472877358882 108.49928992715265
v -2632.1903584747783 1670.0308220980055 98.16229999615675
v -3026.940419531592 1677.7472877358882 108.49928992715265
v -3026.940420223612 1670.0308570718257 108.49928960774682
v -3026.9404761894557 1706.2809181069847 108.49936134699435
v -3026.940417664684 1698.5644264077634 108.4992907888354
v -2632.190355915851 1698.564391433943 98.16230117724533
v -3026.9404761894557 1706.2809181069847 108.49936134699435
v -2632.190355915851 1698.564391433943 98.16230117724533
v -2632.1904144406226 1706.2808831331643 98.16237173540428
v -2632.543750408553 1671.5308226883117 84.6669260641341
v -3027.293812157386 1671.530857662132 95.00391567572417
v -3026.9796858744558 1671.5308571374153 106.99980367049045
v -2632.543750408553 1671.5308226883117 84.6669260641341
v -3026.9796858744558 1671.5308571374153 106.99980367049045
v -2632.2296241256226 1671.530822163595 96.66281405890038
v -2632.54374742665 1704.7808226883117 84.66692744044965
v -3027.293809175483 1704.780857662132 95.00391705203972
v -3027.293812157386 1671.530857662132 95.00391567572417
v -2632.54374742665 1704.7808226883117 84.66692744044965
v -3027.293812157386 1671.530857662132 95.00391567572417
v -2632.543750408553 1671.5308226883117 84.6669260641341
v -3026.9796853169582 1677.7472878014778 106.99980392780685
v -2632.229623568125 1677.7472528276576 96.66281431621678
v -2632.2296241256226 1671.530822163595 96.66281405890038
v -3026.9796853169582 1677.7472878014778 106.99980392780685
v -2632.2296241256226 1671.530822163595 96.66281405890038
v -3026.9796858744558 1671.5308571374153 106.99980367049045
v -2632.229621701217 1698.5643914995326 96.66281517789955
v -3026.9796834500503 1698.564426473353 106.99980478948962
v -3026.979682892553 1704.7808571374155 106.99980504680602
v -2632.229621701217 1698.5643914995326 96.66281517789955
v -3026.979682892553 1704.7808571374155 106.99980504680602
v -2632.2296211437197 1704.780822163595 96.66281543521595
v -3026.979682892553 1704.7808571374155 106.99980504680602
v -3027.293809175483 1704.780857662132 95.00391705203972
v -2632.54374742665 1704.7808226883117 84.66692744044965
v -3026.979682892553 1704.7808571374155 106.99980504680602
v -2632.54374742665 1704.7808226883117 84.66692744044965
v -2632.2296211437197 1704.780822163595 96.66281543521595
v -2632.5830163284413 1670.0308227539012 83.1674400026989
v -2632.543750408553 1671.5308226883117 84.6669260641341
v -2632.2296241256226 1671.530822163595 96.66281405890038
v -2632.5830163284413 1670.0308227539012 83.1674400026989
v -2632.2296241256226 1671.530822163595 96.66281405890038
v -2632.1903584747783 1670.0308220980055 98.16229999615675
v -3026.940420223612 1670.0308570718257 108.49928960774682
v -3026.9796858744558 1671.5308571374153 106.99980367049045
v -3027.293812157386 1671.530857662132 95.00391567572417
v -3026.940420223612 1670.0308570718257 108.49928960774682
v -3027.293812157386 1671.530857662132 95.00391567572417
v -3027.3330780772744 1670.0308577277215 93.50442961428897
v -2632.583072294285 1706.2808837890598 83.16751174194643
v -2632.54374742665 1704.7808226883117 84.66692744044965
v -2632.543750408553 1671.5308226883117 84.6669260641341
v -2632.583072294285 1706.2808837890598 83.16751174194643
v -2632.543750408553 1671.5308226883117 84.6669260641341
v -2632.5830163284413 1670.0308227539012 83.1674400026989
v -3027.3330780772744 1670.0308577277215 93.50442961428897
v -3027.293812157386 1671.530857662132 95.00391567572417
v -3027.293809175483 1704.780857662132 95.00391705203972
v -3027.3330780772744 1670.0308577277215 93.50442961428897
v -3027.293809175483 1704.780857662132 95.00391705203972
v -3027.333134043118 1706.2809187628802 93.50450135353648
v -3026.940419531592 1677.7472877358882 108.49928992715265
v -3026.9796853169582 1677.7472878014778 106.99980392780685
v -3026.9796858744558 1671.5308571374153 106.99980367049045
v -3026.940419531592 1677.7472877358882 108.49928992715265
v -3026.9796858744558 1671.5308571374153 106.99980367049045
v -3026.940420223612 1670.0308570718257 108.49928960774682
v -2632.190357782759 1677.747252762068 98.16230031556258
v -2632.229623568125 1677.7472528276576 96.66281431621678
v -3026.9796853169582 1677.7472878014778 106.99980392780685
v -2632.190357782759 1677.747252762068 98.16230031556258
v -3026.9796853169582 1677.7472878014778 106.99980392780685
v -3026.940419531592 1677.7472877358882 108.49928992715265
v -2632.1903584747783 1670.0308220980055 98.16229999615675
v -2632.2296241256226 1671.530822163595 96.66281405890038
v -2632.229623568125 1677.7472528276576 96.66281431621678
v -2632.1903584747783 1670.0308220980055 98.16229999615675
v -2632.229623568125 1677.7472528276576 96.66281431621678
v -2632.190357782759 1677.747252762068 98.16230031556258
v -2632.190355915851 1698.564391433943 98.16230117724533
v -2632.229621701217 1698.5643914995326 96.66281517789955
v -2632.2296211437197 1704.780822163595 96.66281543521595
v -2632.190355915851 1698.564391433943 98.16230117724533
v -2632.2296211437197 1704.780822163595 96.66281543521595
v -2632.1904144406226 1706.2808831331643 98.16237173540428
v -3026.940417664684 1698.5644264077634 108.4992907888354
v -3026.9796834500503 1698.564426473353 106.99980478948962
v -2632.229621701217 1698.5643914995326 96.66281517789955
v -3026.940417664684 1698.5644264077634 108.4992907888354
v -2632.229621701217 1698.5643914995326 96.66281517789955
v -2632.190355915851 1698.564391433943 98.16230117724533
v -3026.9404761894557 1706.2809181069847 108.49936134699435
v -3026.979682892553 1704.7808571374155 106.99980504680602
v -3026.9796834500503 1698.564426473353 106.99980478948962
v -3026.9404761894557 1706.2809181069847 108.49936134699435
v -3026.9796834500503 1698.564426473353 106.99980478948962
v -3026.940417664684 1698.5644264077634 108.4992907888354
v -2632.1904144406226 1706.2808831331643 98.16237173540428
v -2632.2296211437197 1704.780822163595 96.66281543521595
v -2632.54374742665 1704.7808226883117 84.66692744044965
v -2632.1904144406226 1706.2808831331643 98.16237173540428
v -2632.54374742665 1704.7808226883117 84.66692744044965
v -2632.583072294285 1706.2808837890598 83.16751174194643
v -3027.333134043118 1706.2809187628802 93.50450135353648
v -3027.293809175483 1704.780857662132 95.00391705203972
v -3026.979682892553 1704.7808571374155 106.99980504680602
v -3027.333134043118 1706.2809187628802 93.50450135353648
v -3026.979682892553 1704.7808571374155 106.99980504680602
v -3026.9404761894557 1706.2809181069847 108.49936134699435
vt 0.6079446077346802 0.7133352756500244
vt 0.7043522596359253 0.7133352756500244
vt 0.7043522596359253 0.5353541970252991
vt 0.6079446077346802 0.7133352756500244
vt 0.7043522596359253 0.5353541970252991
vt 0.6079448461532593 0.5353541970252991
vt 0.5979960560798645 0.5444279909133911
vt 0.5943339467048645 0.5444279909133911
vt 0.5943339467048645 0.722412109375
vt 0.5979960560798645 0.5444279909133911
vt 0.5943339467048645 0.722412109375
vt 0.5979960560798645 0.722412109375
vt 0.8393265604972839 0.39575231075286865
vt 0.9357340931892395 0.39575231075286865
vt 0.9357340931892395 0.21777117252349854
vt 0.8393265604972839 0.39575231075286865
vt 0.9357340931892395 0.21777117252349854
vt 0.8393265604972839 0.21777117252349854
vt 0.7032195329666138 0.9201159477233887
vt 0.7996267080307007 0.9201159477233887
vt 0.7996267080307007 0.9164538383483887
vt 0.7032195329666138 0.9201159477233887
vt 0.7996267080307007 0.9164538383483887
vt 0.7032195329666138 0.9164538383483887
vt 0.9845073223114014 0.1825212836265564
vt 0.9881693124771118 0.1825212836265564
vt 0.9881693124771118 0.004536867141723633
vt 0.9845073223114014 0.1825212836265564
vt 0.9881693124771118 0.004536867141723633
vt 0.9845073223114014 0.004536867141723633
vt 0.812105119228363 0.8983062505722046
vt 0.812105119228363 0.9019683599472046
vt 0.90851229429245 0.9019683599472046
vt 0.812105119228363 0.8983062505722046
vt 0.90851229429245 0.9019683599472046
vt 0.90851229429245 0.8983062505722046
vt 0.7043522596359253 0.7197439670562744
vt 0.7043522596359253 0.7133352756500244
vt 0.6079446077346802 0.7133352756500244
vt 0.7043522596359253 0.7197439670562744
vt 0.6079446077346802 0.7133352756500244
vt 0.6079446077346802 0.7197439670562744
vt 0.7910199761390686 0.9638916850090027
vt 0.7910199761390686 0.9620077013969421
vt 0.6946108937263489 0.9620077013969421
vt 0.7910199761390686 0.9638916850090027
vt 0.6946108937263489 0.9620077013969421
vt 0.6946108937263489 0.9638916850090027
vt 0.8393265604972839 0.39575231075286865
vt 0.8393265604972839 0.39763617515563965
vt 0.9357340931892395 0.39763617515563965
vt 0.8393265604972839 0.39575231075286865
vt 0.9357340931892395 0.39763617515563965
vt 0.9357340931892395 0.39575231075286865
vt 0.9039761424064636 0.803031325340271
vt 0.8075682520866394 0.803031325340271
vt 0.8075682520866394 0.805961012840271
vt 0.9039761424064636 0.803031325340271
vt 0.8075682520866394 0.805961012840271
vt 0.9039761424064636 0.805961012840271
vt 0.9039759039878845 0.812105119228363
vt 0.8075682520866394 0.812105119228363
vt 0.8075682520866394 0.817781388759613
vt 0.9039759039878845 0.812105119228363
vt 0.8075682520866394 0.817781388759613
vt 0.9039759039878845 0.817781388759613
vt 0.9039790034294128 0.7395147085189819
vt 0.8075682520866394 0.7395147085189819
vt 0.8075682520866394 0.7410322427749634
vt 0.9039790034294128 0.7395147085189819
vt 0.8075682520866394 0.7410322427749634
vt 0.9039790034294128 0.7410322427749634
vt 0.8075681924819946 0.7455691695213318
vt 0.9039789438247681 0.7455691695213318
vt 0.9039789438247681 0.7440516352653503
vt 0.8075681924819946 0.7455691695213318
vt 0.9039789438247681 0.7440516352653503
vt 0.8075681924819946 0.7440516352653503
vt 0.8075682520866394 0.7894206643104553
vt 0.8075682520866394 0.7923503518104553
vt 0.9039761424064636 0.7923503518104553
vt 0.8075682520866394 0.7894206643104553
vt 0.9039761424064636 0.7923503518104553
vt 0.9039761424064636 0.7894206643104553
vt 0.5979962944984436 0.7288209199905396
vt 0.5976298451423645 0.7284547090530396
vt 0.5947003960609436 0.7284547090530396
vt 0.5979962944984436 0.7288209199905396
vt 0.5947003960609436 0.7284547090530396
vt 0.5943339467048645 0.7288209199905396
vt 0.9881693124771118 0.18893003463745117
vt 0.9878032207489014 0.1885637640953064
vt 0.9848735332489014 0.1885637640953064
vt 0.9881693124771118 0.18893003463745117
vt 0.9848735332489014 0.1885637640953064
vt 0.9845073223114014 0.18893003463745117
vt 0.5979960560798645 0.722412109375
vt 0.5976298451423645 0.7227783203125
vt 0.5976298451423645 0.7284547090530396
vt 0.5979960560798645 0.722412109375
vt 0.5976298451423645 0.7284547090530396
vt 0.5979962944984436 0.7288209199905396
vt 0.9845073223114014 0.18893003463745117
vt 0.9848735332489014 0.1885637640953064
vt 0.9848735332489014 0.18288743495941162
vt 0.9845073223114014 0.18893003463745117
vt 0.9848735332489014 0.18288743495941162
vt 0.9845073223114014 0.1825212836265564
vt 0.9881693124771118 0.1870461106300354
vt 0.9878032207489014 0.1870461106300354
vt 0.9878032207489014 0.1885637640953064
vt 0.9881693124771118 0.1870461106300354
vt 0.9878032207489014 0.1885637640953064
vt 0.9881693124771118 0.18893003463745117
vt 0.8897358775138855 0.9599463939666748
vt 0.8897358775138855 0.9595801830291748
vt 0.7933260798454285 0.9595801830291748
vt 0.8897358775138855 0.9599463939666748
vt 0.7933260798454285 0.9595801830291748
vt 0.7933260798454285 0.9599463939666748
vt 0.5943339467048645 0.7288209199905396
vt 0.5947003960609436 0.7284547090530396
vt 0.5947003960609436 0.726936936378479
vt 0.5943339467048645 0.7288209199905396
vt 0.5947003960609436 0.726936936378479
vt 0.5943339467048645 0.726936936378479
vt 0.5943339467048645 0.7242959141731262
vt 0.5947003960609436 0.7242959141731262
vt 0.5947003960609436 0.7227783203125
vt 0.5943339467048645 0.7242959141731262
vt 0.5947003960609436 0.7227783203125
vt 0.5943339467048645 0.722412109375
vt 0.2090729922056198 0.9956322312355042
vt 0.2090729922056198 0.9959984421730042
vt 0.30548274517059326 0.9959984421730042
vt 0.2090729922056198 0.9956322312355042
vt 0.30548274517059326 0.9959984421730042
vt 0.30548274517059326 0.9956322312355042
vt 0.9881693124771118 0.1825212836265564
vt 0.9878032207489014 0.18288743495941162
vt 0.9878032207489014 0.18440508842468262
vt 0.9881693124771118 0.1825212836265564
vt 0.9878032207489014 0.18440508842468262
vt 0.9881693124771118 0.18440508842468262
vt 0.5943339467048645 0.722412109375
vt 0.5947003960609436 0.7227783203125
vt 0.5976298451423645 0.7227783203125
vt 0.5943339467048645 0.722412109375
vt 0.5976298451423645 0.7227783203125
vt 0.5979960560798645 0.722412109375
vt 0.9845073223114014 0.1825212836265564
vt 0.9848735332489014 0.18288743495941162
vt 0.9878032207489014 0.18288743495941162
vt 0.9845073223114014 0.1825212836265564
vt 0.9878032207489014 0.18288743495941162
vt 0.9881693124771118 0.1825212836265564
vn -0.026177189871113105 5.43373335442761e-8 -0.9996573186499705
vn -0.026177189871113105 5.43373335442761e-8 -0.9996573186499705
vn -0.026177189871113105 5.43373335442761e-8 -0.9996573186499705
vn -0.026177189871113105 5.43373335442761e-8 -0.9996573186499705
vn -0.026177189871113105 5.43373335442761e-8 -0.9996573186499705
vn -0.026177189871113105 5.43373335442761e-8 -0.9996573186499705
vn 0.9996573186499712 3.876455940938285e-8 -0.026177189871112328
vn 0.9996573186499712 3.876455940938285e-8 -0.026177189871112328
vn 0.9996573186499712 3.876455940938285e-8 -0.026177189871112328
vn 0.9996573186499712 3.876455940938285e-8 -0.026177189871112328
vn 0.9996573186499712 3.876455940938285e-8 -0.026177189871112328
vn 0.9996573186499712 3.876455940938285e-8 -0.026177189871112328
vn 0.026177189871113105 -5.43373335442761e-8 0.9996573186499705
vn 0.026177189871113105 -5.43373335442761e-8 0.9996573186499705
vn 0.026177189871113105 -5.43373335442761e-8 0.9996573186499705
vn 0.026177189871113105 -5.43373335442761e-8 0.9996573186499705
vn 0.026177189871113105 -5.43373335442761e-8 0.9996573186499705
vn 0.026177189871113105 -5.43373335442761e-8 0.9996573186499705
vn 8.968130021746578e-8 0.9999999999999953 4.1392949009554074e-8
vn 8.968130021746578e-8 0.9999999999999953 4.1392949009554074e-8
vn 8.968130021746578e-8 0.9999999999999953 4.1392949009554074e-8
vn 8.968130021746578e-8 0.9999999999999953 4.1392949009554074e-8
vn 8.968130021746578e-8 0.9999999999999953 4.1392949009554074e-8
vn 8.968130021746578e-8 0.9999999999999953 4.1392949009554074e-8
vn -0.9996573186499688 -8.120838979842866e-8 0.026177189871110406
vn -0.9996573186499688 -8.120838979842866e-8 0.026177189871110406
vn -0.9996573186499688 -8.120838979842866e-8 0.026177189871110406
vn -0.9996573186499688 -8.120838979842866e-8 0.026177189871110406
vn -0.9996573186499688 -8.120838979842866e-8 0.026177189871110406
vn -0.9996573186499688 -8.120838979842866e-8 0.026177189871110406
vn -8.968130021746578e-8 -0.9999999999999953 -4.1392949009554074e-8
vn -8.968130021746578e-8 -0.9999999999999953 -4.1392949009554074e-8
vn -8.968130021746578e-8 -0.9999999999999953 -4.1392949009554074e-8
vn -8.968130021746578e-8 -0.9999999999999953 -4.1392949009554074e-8
vn -8.968130021746578e-8 -0.9999999999999953 -4.1392949009554074e-8
vn -8.968130021746578e-8 -0.9999999999999953 -4.1392949009554074e-8
vn -0.026177189870897222 0.000001937917709856759 -0.9996573186480993
vn -0.026177189871113105 5.43373335442761e-8 -0.9996573186499705
vn -0.026177189871113105 5.43373335442761e-8 -0.9996573186499705
vn -0.026177189870897222 0.000001937917709856759 -0.9996573186480993
vn -0.026177189871113105 5.43373335442761e-8 -0.9996573186499705
vn -0.026177189870897222 0.000001937917709856759 -0.9996573186480993
vn 0.026177189871114056 -4.372636884158697e-8 0.999657318649971
vn 0.026177189871114056 -4.372636884158697e-8 0.999657318649971
vn 0.026177189871114056 -4.372636884158697e-8 0.999657318649971
vn 0.026177189871114056 -4.372636884158697e-8 0.999657318649971
vn 0.026177189871114056 -4.372636884158697e-8 0.999657318649971
vn 0.026177189871114056 -4.372636884158697e-8 0.999657318649971
vn 0.026177189871113105 -5.43373335442761e-8 0.9996573186499705
vn 0.02617718986927966 -0.000008942141712426443 0.9996573186100254
vn 0.02617718986927966 -0.000008942142621921157 0.9996573186100254
vn 0.026177189871113105 -5.43373335442761e-8 0.9996573186499705
vn 0.02617718986927966 -0.000008942142621921157 0.9996573186100254
vn 0.026177189871113105 -5.43373335442761e-8 0.9996573186499705
vn 8.968130021746578e-8 0.9999999999999953 4.1392949009554074e-8
vn 8.968130021746578e-8 0.9999999999999953 4.1392949009554074e-8
vn 8.968130021746578e-8 0.9999999999999953 4.1392949009554074e-8
vn 8.968130021746578e-8 0.9999999999999953 4.1392949009554074e-8
vn 8.968130021746578e-8 0.9999999999999953 4.1392949009554074e-8
vn 8.968130021746578e-8 0.9999999999999953 4.1392949009554074e-8
vn 0.026177189871114056 -4.372636884158697e-8 0.999657318649971
vn 0.026177189871114056 -4.372636884158697e-8 0.999657318649971
vn 0.026177189871114056 -4.372636884158697e-8 0.999657318649971
vn 0.026177189871114056 -4.372636884158697e-8 0.999657318649971
vn 0.026177189871114056 -4.372636884158697e-8 0.999657318649971
vn 0.026177189871114056 -4.372636884158697e-8 0.999657318649971
vn -0.026177189871114056 4.372636884158697e-8 -0.999657318649971
vn -0.026177189871114056 4.372636884158697e-8 -0.999657318649971
vn -0.026177189871114056 4.372636884158697e-8 -0.999657318649971
vn -0.026177189871114056 4.372636884158697e-8 -0.999657318649971
vn -0.026177189871114056 4.372636884158697e-8 -0.999657318649971
vn -0.026177189871114056 4.372636884158697e-8 -0.999657318649971
vn -0.026177189871114056 4.372636884158697e-8 -0.999657318649971
vn -0.026177189871114056 4.372636884158697e-8 -0.999657318649971
vn -0.026177189871114056 4.372636884158697e-8 -0.999657318649971
vn -0.026177189871114056 4.372636884158697e-8 -0.999657318649971
vn -0.026177189871114056 4.372636884158697e-8 -0.999657318649971
vn -0.026177189871114056 4.372636884158697e-8 -0.999657318649971
vn -8.968130021746578e-8 -0.9999999999999953 -4.1392949009554074e-8
vn -8.968130021746578e-8 -0.9999999999999953 -4.1392949009554074e-8
vn -8.968130021746578e-8 -0.9999999999999953 -4.1392949009554074e-8
vn -8.968130021746578e-8 -0.9999999999999953 -4.1392949009554074e-8
vn -8.968130021746578e-8 -0.9999999999999953 -4.1392949009554074e-8
vn -8.968130021746578e-8 -0.9999999999999953 -4.1392949009554074e-8
vn 0.9996570523044855 3.50544496212296e-7 -0.026187359121991535
vn 0.999657052304176 3.505449793818802e-7 -0.026187359133810914
vn 0.999657318649968 -8.856701702288631e-8 -0.026177189871117813
vn 0.9996570523044855 3.50544496212296e-7 -0.026187359121991535
vn 0.999657318649968 -8.856701702288631e-8 -0.026177189871117813
vn 0.999657318649968 -8.856701702288631e-8 -0.026177189871117813
vn -0.999657318649968 8.856701702288631e-8 0.026177189871117813
vn -0.999657318649968 8.856701702288631e-8 0.026177189871117813
vn -0.9996570523041997 -3.505449225384207e-7 0.026187359132901725
vn -0.999657318649968 8.856701702288631e-8 0.026177189871117813
vn -0.9996570523041997 -3.505449225384207e-7 0.026187359132901725
vn -0.9996570523045094 -3.5054438252541695e-7 0.026187359121082353
vn 0.999657052104513 0.000020695841470667665 -0.026187358579986882
vn 0.9996570520852984 0.000020694406288040793 -0.02618735931460742
vn 0.999657052304176 3.505449793818802e-7 -0.026187359133810914
vn 0.999657052104513 0.000020695841470667665 -0.026187358579986882
vn 0.999657052304176 3.505449793818802e-7 -0.026187359133810914
vn 0.9996570523044855 3.50544496212296e-7 -0.026187359121991535
vn -0.9996570523045094 -3.5054438252541695e-7 0.026187359121082353
vn -0.9996570523041997 -3.505449225384207e-7 0.026187359132901725
vn -0.999657052085346 -0.000020694402650061854 0.02618735931278906
vn -0.9996570523045094 -3.5054438252541695e-7 0.026187359121082353
vn -0.999657052085346 -0.000020694402650061854 0.02618735931278906
vn -0.9996570521045369 -0.000020695841470667625 0.0261873585790777
vn -0.999657318649968 8.856701702288631e-8 0.026177189871117813
vn -0.999657318649968 8.856701702288631e-8 0.026177189871117813
vn -0.999657318649968 8.856701702288631e-8 0.026177189871117813
vn -0.999657318649968 8.856701702288631e-8 0.026177189871117813
vn -0.999657318649968 8.856701702288631e-8 0.026177189871117813
vn -0.999657318649968 8.856701702288631e-8 0.026177189871117813
vn 8.968130021746578e-8 0.9999999999999953 4.1392949009554074e-8
vn 8.968130021746578e-8 0.9999999999999953 4.1392949009554074e-8
vn 8.968130021746578e-8 0.9999999999999953 4.1392949009554074e-8
vn 8.968130021746578e-8 0.9999999999999953 4.1392949009554074e-8
vn 8.968130021746578e-8 0.9999999999999953 4.1392949009554074e-8
vn 8.968130021746578e-8 0.9999999999999953 4.1392949009554074e-8
vn 0.999657318649968 -8.856701702288631e-8 -0.026177189871117813
vn 0.999657318649968 -8.856701702288631e-8 -0.026177189871117813
vn 0.999657318649968 -8.856701702288631e-8 -0.026177189871117813
vn 0.999657318649968 -8.856701702288631e-8 -0.026177189871117813
vn 0.999657318649968 -8.856701702288631e-8 -0.026177189871117813
vn 0.999657318649968 -8.856701702288631e-8 -0.026177189871117813
vn 0.9996577937038347 0.000004291985287593902 -0.026159041816557885
vn 0.9996577937038347 0.000004291985287593902 -0.026159041816557885
vn 0.9996575559706273 0.000022445955841594405 -0.026168115847555407
vn 0.9996577937038347 0.000004291985287593902 -0.026159041816557885
vn 0.9996575559706273 0.000022445955841594405 -0.026168115847555407
vn 0.9996575559702935 0.000022445977669468098 -0.026168115860283957
vn -8.968130021746578e-8 -0.9999999999999953 -4.1392949009554074e-8
vn -8.968130021746578e-8 -0.9999999999999953 -4.1392949009554074e-8
vn -8.968130021746578e-8 -0.9999999999999953 -4.1392949009554074e-8
vn -8.968130021746578e-8 -0.9999999999999953 -4.1392949009554074e-8
vn -8.968130021746578e-8 -0.9999999999999953 -4.1392949009554074e-8
vn -8.968130021746578e-8 -0.9999999999999953 -4.1392949009554074e-8
vn -0.9996575559702935 -0.000022445977669468098 0.026168115860283957
vn -0.9996575559706273 -0.000022445955841594405 0.026168115847555407
vn -0.9996577937038347 -0.000004291985287593902 0.026159041816557885
vn -0.9996575559702935 -0.000022445977669468098 0.026168115860283957
vn -0.9996577937038347 -0.000004291985287593902 0.026159041816557885
vn -0.9996577937038347 -0.000004291985287593902 0.026159041816557885
vn 0.9996575559702935 0.000022445977669468098 -0.026168115860283957
vn 0.9996575559706273 0.000022445955841594405 -0.026168115847555407
vn 0.9996570520852984 0.000020694406288040793 -0.02618735931460742
vn 0.9996575559702935 0.000022445977669468098 -0.026168115860283957
vn 0.9996570520852984 0.000020694406288040793 -0.02618735931460742
vn 0.999657052104513 0.000020695841470667665 -0.026187358579986882
vn -0.9996570521045369 -0.000020695841470667625 0.0261873585790777
vn -0.999657052085346 -0.000020694402650061854 0.02618735931278906
vn -0.9996575559706273 -0.000022445955841594405 0.026168115847555407
vn -0.9996570521045369 -0.000020695841470667625 0.0261873585790777
vn -0.9996575559706273 -0.000022445955841594405 0.026168115847555407
vn -0.9996575559702935 -0.000022445977669468098 0.026168115860283957
f 3691/3691/3691 3692/3692/3692 3693/3693/3693
f 3694/3694/3694 3695/3695/3695 3696/3696/3696
f 3697/3697/3697 3698/3698/3698 3699/3699/3699
f 3700/3700/3700 3701/3701/3701 3702/3702/3702
f 3703/3703/3703 3704/3704/3704 3705/3705/3705
f 3706/3706/3706 3707/3707/3707 3708/3708/3708
f 3709/3709/3709 3710/3710/3710 3711/3711/3711
f 3712/3712/3712 3713/3713/3713 3714/3714/3714
f 3715/3715/3715 3716/3716/3716 3717/3717/3717
f 3718/3718/3718 3719/3719/3719 3720/3720/3720
f 3721/3721/3721 3722/3722/3722 3723/3723/3723
f 3724/3724/3724 3725/3725/3725 3726/3726/3726
f 3727/3727/3727 3728/3728/3728 3729/3729/3729
f 3730/3730/3730 3731/3731/3731 3732/3732/3732
f 3733/3733/3733 3734/3734/3734 3735/3735/3735
f 3736/3736/3736 3737/3737/3737 3738/3738/3738
f 3739/3739/3739 3740/3740/3740 3741/3741/3741
f 3742/3742/3742 3743/3743/3743 3744/3744/3744
f 3745/3745/3745 3746/3746/3746 3747/3747/3747
f 3748/3748/3748 3749/3749/3749 3750/3750/3750
f 3751/3751/3751 3752/3752/3752 3753/3753/3753
f 3754/3754/3754 3755/3755/3755 3756/3756/3756
f 3757/3757/3757 3758/3758/3758 3759/3759/3759
f 3760/3760/3760 3761/3761/3761 3762/3762/3762
f 3763/3763/3763 3764/3764/3764 3765/3765/3765
f 3766/3766/3766 3767/3767/3767 3768/3768/3768
f 3769/3769/3769 3770/3770/3770 3771/3771/3771
f 3772/3772/3772 3773/3773/3773 3774/3774/3774
f 3775/3775/3775 3776/3776/3776 3777/3777/3777
f 3778/3778/3778 3779/3779/3779 3780/3780/3780
f 3781/3781/3781 3782/3782/3782 3783/3783/3783
f 3784/3784/3784 3785/3785/3785 3786/3786/3786
f 3787/3787/3787 3788/3788/3788 3789/3789/3789
f 3790/3790/3790 3791/3791/3791 3792/3792/3792
f 3793/3793/3793 3794/3794/3794 3795/3795/3795
f 3796/3796/3796 3797/3797/3797 3798/3798/3798
f 3799/3799/3799 3800/3800/3800 3801/3801/3801
f 3802/3802/3802 3803/3803/3803 3804/3804/3804
f 3805/3805/3805 3806/3806/3806 3807/3807/3807
f 3808/3808/3808 3809/3809/3809 3810/3810/3810
f 3811/3811/3811 3812/3812/3812 3813/3813/3813
f 3814/3814/3814 3815/3815/3815 3816/3816/3816
f 3817/3817/3817 3818/3818/3818 3819/3819/3819
f 3820/3820/3820 3821/3821/3821 3822/3822/3822
f 3823/3823/3823 3824/3824/3824 3825/3825/3825
f 3826/3826/3826 3827/3827/3827 3828/3828/3828
f 3829/3829/3829 3830/3830/3830 3831/3831/3831
f 3832/3832/3832 3833/3833/3833 3834/3834/3834
f 3835/3835/3835 3836/3836/3836 3837/3837/3837
f 3838/3838/3838 3839/3839/3839 3840/3840/3840
f 3841/3841/3841 3842/3842/3842 3843/3843/3843
f 3844/3844/3844 3845/3845/3845 3846/3846/3846
o shelf_small003
usemtl DefaultMaterial
v -2608.54052734375 2054.6408775064533 71.27188077568019
v -1848.54052734375 2054.640877506452 71.27185025810206
v -1848.54052734375 2054.640862682145 -311.50381502510106
v -2608.54052734375 2054.6408775064533 71.27188077568019
v -1848.54052734375 2054.640862682145 -311.50381502510106
v -2608.54052734375 2054.640862682145 -311.50381502510106
v -1848.54052734375 2039.640862682145 -311.50381436943024
v -1848.54052734375 2039.6408775064522 71.2718509137729
v -2608.54052734375 2039.6408775064535 71.27188143135102
v -1848.54052734375 2039.640862682145 -311.50381436943024
v -2608.54052734375 2039.6408775064535 71.27188143135102
v -2608.54052734375 2039.640862682145 -311.50381436943024
v -1848.54052734375 2054.640877506452 71.27185025810206
v -2608.54052734375 2054.6408775064533 71.27188077568019
v -2608.54052734375 2039.6408775064535 71.27188143135102
v -1848.54052734375 2054.640877506452 71.27185025810206
v -2608.54052734375 2039.6408775064535 71.27188143135102
v -1848.54052734375 2039.6408775064522 71.2718509137729
vt 0.4037841260433197 0.6759981513023376
vt 0.5893310308456421 0.6759981513023376
vt 0.5893310308456421 0.7694492340087891
vt 0.4037841260433197 0.6759981513023376
vt 0.5893310308456421 0.7694492340087891
vt 0.4037841260433197 0.7694492340087891
vt 0.784417450428009 0.34480440616607666
vt 0.784417450428009 0.4382556676864624
vt 0.5988708138465881 0.4382556676864624
vt 0.784417450428009 0.34480440616607666
vt 0.5988708138465881 0.4382556676864624
vt 0.5988708138465881 0.34480440616607666
vt 0.9819622039794922 0.8566672205924988
vt 0.7964118719100952 0.8566672205924988
vt 0.7964118719100952 0.8530053496360779
vt 0.9819622039794922 0.8566672205924988
vt 0.7964118719100952 0.8530053496360779
vt 0.9819622039794922 0.8530053496360779
vn 1.0004427901006718e-16 0.9999999999999992 -3.872844644980944e-8
vn 1.0004427901006718e-16 0.9999999999999992 -3.872844644980944e-8
vn 1.0004427901006718e-16 0.9999999999999992 -3.872844644980944e-8
vn 1.0004427901006718e-16 0.9999999999999992 -3.872844644980944e-8
vn 1.0004427901006718e-16 0.9999999999999992 -3.872844644980944e-8
vn 1.0004427901006718e-16 0.9999999999999992 -3.872844644980944e-8
vn -1.0004427901006718e-16 -0.9999999999999992 3.872844644980944e-8
vn -1.0004427901006718e-16 -0.9999999999999992 3.872844644980944e-8
vn -1.0004427901006718e-16 -0.9999999999999992 3.872844644980944e-8
vn -1.0004427901006718e-16 -0.9999999999999992 3.872844644980944e-8
vn -1.0004427901006718e-16 -0.9999999999999992 3.872844644980944e-8
vn -1.0004427901006718e-16 -0.9999999999999992 3.872844644980944e-8
vn 4.015470977947189e-8 4.371138806469329e-8 0.9999999999999983
vn 4.015470977947189e-8 4.371138806469329e-8 0.9999999999999983
vn 4.015470977947189e-8 4.371138806469329e-8 0.9999999999999983
vn 4.015470977947189e-8 4.371138806469329e-8 0.9999999999999983
vn 4.015470977947189e-8 4.371138806469329e-8 0.9999999999999983
vn 4.015470977947189e-8 4.371138806469329e-8 0.9999999999999983
f 3847/3847/3847 3848/3848/3848 3849/3849/3849
f 3850/3850/3850 3851/3851/3851 3852/3852/3852
f 3853/3853/3853 3854/3854/3854 3855/3855/3855
f 3856/3856/3856 3857/3857/3857 3858/3858/3858
f 3859/3859/3859 3860/3860/3860 3861/3861/3861
f 3862/3862/3862 3863/3863/3863 3864/3864/3864
o shelf_small004
usemtl DefaultMaterial
v -3408.54052734375 2054.6406333658283 71.27188077568019
v -2648.54052734375 2054.640633365827 71.27185025810206
v -2648.54052734375 2054.64061854152 -311.50381502510106
v -3408.54052734375 2054.6406333658283 71.27188077568019
v -2648.54052734375 2054.64061854152 -311.50381502510106
v -3408.54052734375 2054.64061854152 -311.50381502510106
v -2648.54052734375 2039.64061854152 -311.50381436943024
v -2648.54052734375 2039.6406333658272 71.2718509137729
v -3408.54052734375 2039.6406333658285 71.27188143135102
v -2648.54052734375 2039.64061854152 -311.50381436943024
v -3408.54052734375 2039.6406333658285 71.27188143135102
v -3408.54052734375 2039.64061854152 -311.50381436943024
v -2648.54052734375 2054.640633365827 71.27185025810206
v -3408.54052734375 2054.6406333658283 71.27188077568019
v -3408.54052734375 2039.6406333658285 71.27188143135102
v -2648.54052734375 2054.640633365827 71.27185025810206
v -3408.54052734375 2039.6406333658285 71.27188143135102
v -2648.54052734375 2039.6406333658272 71.2718509137729
vt 0.4037841260433197 0.6759981513023376
vt 0.5893310308456421 0.6759981513023376
vt 0.5893310308456421 0.7694492340087891
vt 0.4037841260433197 0.6759981513023376
vt 0.5893310308456421 0.7694492340087891
vt 0.4037841260433197 0.7694492340087891
vt 0.784417450428009 0.34480440616607666
vt 0.784417450428009 0.4382556676864624
vt 0.5988708138465881 0.4382556676864624
vt 0.784417450428009 0.34480440616607666
vt 0.5988708138465881 0.4382556676864624
vt 0.5988708138465881 0.34480440616607666
vt 0.9819622039794922 0.8566672205924988
vt 0.7964118719100952 0.8566672205924988
vt 0.7964118719100952 0.8530053496360779
vt 0.9819622039794922 0.8566672205924988
vt 0.7964118719100952 0.8530053496360779
vt 0.9819622039794922 0.8530053496360779
vn 1.0004427901006718e-16 0.9999999999999992 -3.872844644980944e-8
vn 1.0004427901006718e-16 0.9999999999999992 -3.872844644980944e-8
vn 1.0004427901006718e-16 0.9999999999999992 -3.872844644980944e-8
vn 1.0004427901006718e-16 0.9999999999999992 -3.872844644980944e-8
vn 1.0004427901006718e-16 0.9999999999999992 -3.872844644980944e-8
vn 1.0004427901006718e-16 0.9999999999999992 -3.872844644980944e-8
vn -1.0004427901006718e-16 -0.9999999999999992 3.872844644980944e-8
vn -1.0004427901006718e-16 -0.9999999999999992 3.872844644980944e-8
vn -1.0004427901006718e-16 -0.9999999999999992 3.872844644980944e-8
vn -1.0004427901006718e-16 -0.9999999999999992 3.872844644980944e-8
vn -1.0004427901006718e-16 -0.9999999999999992 3.872844644980944e-8
vn -1.0004427901006718e-16 -0.9999999999999992 3.872844644980944e-8
vn 4.015470977947189e-8 4.371138806469329e-8 0.9999999999999983
vn 4.015470977947189e-8 4.371138806469329e-8 0.9999999999999983
vn 4.015470977947189e-8 4.371138806469329e-8 0.9999999999999983
vn 4.015470977947189e-8 4.371138806469329e-8 0.9999999999999983
vn 4.015470977947189e-8 4.371138806469329e-8 0.9999999999999983
vn 4.015470977947189e-8 4.371138806469329e-8 0.9999999999999983
f 3865/3865/3865 3866/3866/3866 3867/3867/3867
f 3868/3868/3868 3869/3869/3869 3870/3870/3870
f 3871/3871/3871 3872/3872/3872 3873/3873/3873
f 3874/3874/3874 3875/3875/3875 3876/3876/3876
f 3877/3877/3877 3878/3878/3878 3879/3879/3879
f 3880/3880/3880 3881/3881/3881 3882/3882/3882
o box_medium003
usemtl DefaultMaterial
v -1831.9630737304688 243.6999945189323 311.13659995804153
v -1831.9630737304688 243.69999386326148 296.13659995804153
v -1039.6895141601562 243.69999386326148 296.13659995804153
v -1831.9630737304688 243.6999945189323 311.13659995804153
v -1039.6895141601562 243.69999386326148 296.13659995804153
v -1039.6895141601562 243.6999945189323 311.13659995804153
v -1039.6895141601562 243.6999945189323 311.13659995804153
v -1039.6895141601562 357.4499945189323 311.1365949858711
v -1831.9630737304688 357.4499945189323 311.1365949858711
v -1039.6895141601562 243.6999945189323 311.13659995804153
v -1831.9630737304688 357.4499945189323 311.1365949858711
v -1831.9630737304688 243.6999945189323 311.13659995804153
v -1039.6895141601562 243.69999386326148 296.13659995804153
v -1039.6895141601562 357.44999386326145 296.1365949858711
v -1039.6895141601562 357.4499945189323 311.1365949858711
v -1039.6895141601562 243.69999386326148 296.13659995804153
v -1039.6895141601562 357.4499945189323 311.1365949858711
v -1039.6895141601562 243.6999945189323 311.13659995804153
v -1831.9630737304688 243.69999386326148 296.13659995804153
v -1831.9630737304688 357.44999386326145 296.1365949858711
v -1039.6895141601562 357.44999386326145 296.1365949858711
v -1831.9630737304688 243.69999386326148 296.13659995804153
v -1039.6895141601562 357.44999386326145 296.1365949858711
v -1039.6895141601562 243.69999386326148 296.13659995804153
v -1831.9630737304688 243.6999945189323 311.13659995804153
v -1831.9630737304688 357.4499945189323 311.1365949858711
v -1831.9630737304688 357.44999386326145 296.1365949858711
v -1831.9630737304688 243.6999945189323 311.13659995804153
v -1831.9630737304688 357.44999386326145 296.1365949858711
v -1831.9630737304688 243.69999386326148 296.13659995804153
v -1831.9630737304688 393.6999945189323 311.1365934013333
v -1039.6895141601562 393.6999945189323 311.1365934013333
v -1039.6895141601562 393.69999386326145 296.1365934013333
v -1831.9630737304688 393.6999945189323 311.1365934013333
v -1039.6895141601562 393.69999386326145 296.1365934013333
v -1831.9630737304688 393.69999386326145 296.1365934013333
v -1831.9630737304688 393.69999386326145 296.1365934013333
v -1039.6895141601562 393.69999386326145 296.1365934013333
v -1039.6895141601562 357.44999386326145 296.1365949858711
v -1831.9630737304688 393.69999386326145 296.1365934013333
v -1039.6895141601562 357.44999386326145 296.1365949858711
v -1831.9630737304688 357.44999386326145 296.1365949858711
v -1039.6895141601562 393.6999945189323 311.1365934013333
v -1831.9630737304688 393.6999945189323 311.1365934013333
v -1831.9630737304688 385.9835943724479 311.1365937386279
v -1039.6895141601562 393.6999945189323 311.1365934013333
v -1831.9630737304688 385.9835943724479 311.1365937386279
v -1039.6895141601562 385.9835943724479 311.1365937386279
v -1831.9630737304688 357.4499945189323 311.1365949858711
v -1039.6895141601562 357.4499945189323 311.1365949858711
v -1039.6895141601562 365.16639466541665 311.1365946485766
v -1831.9630737304688 357.4499945189323 311.1365949858711
v -1039.6895141601562 365.16639466541665 311.1365946485766
v -1831.9630737304688 365.16639466541665 311.1365946485766
v -1039.6895141601562 392.1999939288286 297.6365934669004
v -1039.6895141601562 392.1999944533652 309.6365934669004
v -1831.9630737304688 392.1999944533652 309.6365934669004
v -1039.6895141601562 392.1999939288286 297.6365934669004
v -1831.9630737304688 392.1999944533652 309.6365934669004
v -1831.9630737304688 392.1999939288286 297.6365934669004
v -1831.9630737304688 392.1999939288286 297.6365934669004
v -1831.9630737304688 358.9499939288286 297.63659492030405
v -1039.6895141601562 358.9499939288286 297.63659492030405
v -1831.9630737304688 392.1999939288286 297.6365934669004
v -1039.6895141601562 358.9499939288286 297.63659492030405
v -1039.6895141601562 392.1999939288286 297.6365934669004
v -1831.9630737304688 385.98359430688083 309.6365937386279
v -1831.9630737304688 392.1999944533652 309.6365934669004
v -1039.6895141601562 392.1999944533652 309.6365934669004
v -1831.9630737304688 385.98359430688083 309.6365937386279
v -1039.6895141601562 392.1999944533652 309.6365934669004
v -1039.6895141601562 385.98359430688083 309.6365937386279
v -1039.6895141601562 365.1663945998496 309.6365946485766
v -1039.6895141601562 358.9499944533652 309.63659492030405
v -1831.9630737304688 358.9499944533652 309.63659492030405
v -1039.6895141601562 365.1663945998496 309.6365946485766
v -1831.9630737304688 358.9499944533652 309.63659492030405
v -1831.9630737304688 365.1663945998496 309.6365946485766
v -1831.9630737304688 358.9499944533652 309.63659492030405
v -1039.6895141601562 358.9499944533652 309.63659492030405
v -1039.6895141601562 358.9499939288286 297.63659492030405
v -1831.9630737304688 358.9499944533652 309.63659492030405
v -1039.6895141601562 358.9499939288286 297.63659492030405
v -1831.9630737304688 358.9499939288286 297.63659492030405
v -1039.6895141601562 393.69999386326145 296.1365934013333
v -1039.6895141601562 393.6999945189323 311.1365934013333
v -1039.6895141601562 392.1999944533652 309.6365934669004
v -1039.6895141601562 393.69999386326145 296.1365934013333
v -1039.6895141601562 392.1999944533652 309.6365934669004
v -1039.6895141601562 392.1999939288286 297.6365934669004
v -1831.9630737304688 393.6999945189323 311.1365934013333
v -1831.9630737304688 393.69999386326145 296.1365934013333
v -1831.9630737304688 392.1999939288286 297.6365934669004
v -1831.9630737304688 393.6999945189323 311.1365934013333
v -1831.9630737304688 392.1999939288286 297.6365934669004
v -1831.9630737304688 392.1999944533652 309.6365934669004
v -1039.6895141601562 392.1999939288286 297.6365934669004
v -1039.6895141601562 358.9499939288286 297.63659492030405
v -1039.6895141601562 357.44999386326145 296.1365949858711
v -1039.6895141601562 392.1999939288286 297.6365934669004
v -1039.6895141601562 357.44999386326145 296.1365949858711
v -1039.6895141601562 393.69999386326145 296.1365934013333
v -1831.9630737304688 358.9499939288286 297.63659492030405
v -1831.9630737304688 392.1999939288286 297.6365934669004
v -1831.9630737304688 393.69999386326145 296.1365934013333
v -1831.9630737304688 358.9499939288286 297.63659492030405
v -1831.9630737304688 393.69999386326145 296.1365934013333
v -1831.9630737304688 357.44999386326145 296.1365949858711
v -1831.9630737304688 385.9835943724479 311.1365937386279
v -1831.9630737304688 393.6999945189323 311.1365934013333
v -1831.9630737304688 392.1999944533652 309.6365934669004
v -1831.9630737304688 385.9835943724479 311.1365937386279
v -1831.9630737304688 392.1999944533652 309.6365934669004
v -1831.9630737304688 385.98359430688083 309.6365937386279
v -1039.6895141601562 385.9835943724479 311.1365937386279
v -1831.9630737304688 385.9835943724479 311.1365937386279
v -1831.9630737304688 385.98359430688083 309.6365937386279
v -1039.6895141601562 385.9835943724479 311.1365937386279
v -1831.9630737304688 385.98359430688083 309.6365937386279
v -1039.6895141601562 385.98359430688083 309.6365937386279
v -1039.6895141601562 393.6999945189323 311.1365934013333
v -1039.6895141601562 385.9835943724479 311.1365937386279
v -1039.6895141601562 385.98359430688083 309.6365937386279
v -1039.6895141601562 393.6999945189323 311.1365934013333
v -1039.6895141601562 385.98359430688083 309.6365937386279
v -1039.6895141601562 392.1999944533652 309.6365934669004
v -1039.6895141601562 365.16639466541665 311.1365946485766
v -1039.6895141601562 357.4499945189323 311.1365949858711
v -1039.6895141601562 358.9499944533652 309.63659492030405
v -1039.6895141601562 365.16639466541665 311.1365946485766
v -1039.6895141601562 358.9499944533652 309.63659492030405
v -1039.6895141601562 365.1663945998496 309.6365946485766
v -1831.9630737304688 365.16639466541665 311.1365946485766
v -1039.6895141601562 365.16639466541665 311.1365946485766
v -1039.6895141601562 365.1663945998496 309.6365946485766
v -1831.9630737304688 365.16639466541665 311.1365946485766
v -1039.6895141601562 365.1663945998496 309.6365946485766
v -1831.9630737304688 365.1663945998496 309.6365946485766
v -1831.9630737304688 357.4499945189323 311.1365949858711
v -1831.9630737304688 365.16639466541665 311.1365946485766
v -1831.9630737304688 365.1663945998496 309.6365946485766
v -1831.9630737304688 357.4499945189323 311.1365949858711
v -1831.9630737304688 365.1663945998496 309.6365946485766
v -1831.9630737304688 358.9499944533652 309.63659492030405
v -1039.6895141601562 357.4499945189323 311.1365949858711
v -1039.6895141601562 357.44999386326145 296.1365949858711
v -1039.6895141601562 358.9499939288286 297.63659492030405
v -1039.6895141601562 357.4499945189323 311.1365949858711
v -1039.6895141601562 358.9499939288286 297.63659492030405
v -1039.6895141601562 358.9499944533652 309.63659492030405
v -1831.9630737304688 357.44999386326145 296.1365949858711
v -1831.9630737304688 357.4499945189323 311.1365949858711
v -1831.9630737304688 358.9499944533652 309.63659492030405
v -1831.9630737304688 357.44999386326145 296.1365949858711
v -1831.9630737304688 358.9499944533652 309.63659492030405
v -1831.9630737304688 358.9499939288286 297.63659492030405
v -1821.9630126953125 253.69999387493368 296.4036283295214
v -1821.9630126953125 253.699968859974 -275.8719454009472
v -1049.6895446777344 253.699968859974 -275.8719454009472
v -1821.9630126953125 253.69999387493368 296.4036283295214
v -1049.6895446777344 253.699968859974 -275.8719454009472
v -1049.6895446777344 253.69999387493368 296.4036283295214
v -1049.6895446777344 253.69999387493368 296.4036283295214
v -1049.6895446777344 253.699968859974 -275.8719454009472
v -1049.6895446777344 383.699968859974 -275.8719510834277
v -1049.6895446777344 253.69999387493368 296.4036283295214
v -1049.6895446777344 383.699968859974 -275.8719510834277
v -1049.6895446777344 383.6999938749336 296.40362264704095
v -1821.9630126953125 253.699968859974 -275.8719454009472
v -1821.9630126953125 253.69999387493368 296.4036283295214
v -1821.9630126953125 383.6999938749336 296.40362264704095
v -1821.9630126953125 253.699968859974 -275.8719454009472
v -1821.9630126953125 383.6999938749336 296.40362264704095
v -1821.9630126953125 383.699968859974 -275.8719510834277
v -1821.9630126953125 383.699968859974 -275.8719510834277
v -1049.6895446777344 383.699968859974 -275.8719510834277
v -1049.6895446777344 253.699968859974 -275.8719454009472
v -1821.9630126953125 383.699968859974 -275.8719510834277
v -1049.6895446777344 253.699968859974 -275.8719454009472
v -1821.9630126953125 253.699968859974 -275.8719454009472
v -1055.6895446777344 259.69996912224235 -269.87194566321557
v -1815.9630126953125 259.6999691222263 -269.87231187415307
v -1815.9630126953125 259.6999938749337 296.40362806725307
v -1055.6895446777344 259.69996912224235 -269.87194566321557
v -1815.9630126953125 259.6999938749337 296.40362806725307
v -1055.6895446777344 259.6999938749337 296.40362806725307
v -1055.6895446777344 383.6999691222423 -269.8719510834277
v -1055.6895446777344 259.69996912224235 -269.87194566321557
v -1055.6895446777344 259.6999938749337 296.40362806725307
v -1055.6895446777344 383.6999691222423 -269.8719510834277
v -1055.6895446777344 259.6999938749337 296.40362806725307
v -1055.6895446777344 383.6999938749336 296.40362264704095
v -1815.9630126953125 383.6999938749336 296.40362264704095
v -1815.9630126953125 259.6999938749337 296.40362806725307
v -1815.9630126953125 259.6999691222263 -269.87231187415307
v -1815.9630126953125 383.6999938749336 296.40362264704095
v -1815.9630126953125 259.6999691222263 -269.87231187415307
v -1815.9630126953125 383.6999691222423 -269.8719510834277
v -1055.6895446777344 259.69996912224235 -269.87194566321557
v -1055.6895446777344 383.6999691222423 -269.8719510834277
v -1815.9630126953125 383.6999691222423 -269.8719510834277
v -1055.6895446777344 259.69996912224235 -269.87194566321557
v -1815.9630126953125 383.6999691222423 -269.8719510834277
v -1815.9630126953125 259.6999691222263 -269.87231187415307
v -1049.6895446777344 383.6999938749336 296.40362264704095
v -1049.6895446777344 383.699968859974 -275.8719510834277
v -1055.6895446777344 383.6999691222423 -269.8719510834277
v -1049.6895446777344 383.6999938749336 296.40362264704095
v -1055.6895446777344 383.6999691222423 -269.8719510834277
v -1055.6895446777344 383.6999938749336 296.40362264704095
v -1821.9630126953125 383.699968859974 -275.8719510834277
v -1821.9630126953125 383.6999938749336 296.40362264704095
v -1815.9630126953125 383.6999938749336 296.40362264704095
v -1821.9630126953125 383.699968859974 -275.8719510834277
v -1815.9630126953125 383.6999938749336 296.40362264704095
v -1815.9630126953125 383.6999691222423 -269.8719510834277
v -1049.6895446777344 383.699968859974 -275.8719510834277
v -1821.9630126953125 383.699968859974 -275.8719510834277
v -1815.9630126953125 383.6999691222423 -269.8719510834277
v -1049.6895446777344 383.699968859974 -275.8719510834277
v -1815.9630126953125 383.6999691222423 -269.8719510834277
v -1055.6895446777344 383.6999691222423 -269.8719510834277
vt 0.43554240465164185 0.31670820713043213
vt 0.43554240465164185 0.31304609775543213
vt 0.6289682984352112 0.31304609775543213
vt 0.43554240465164185 0.31670820713043213
vt 0.6289682984352112 0.31304609775543213
vt 0.6289682984352112 0.31670820713043213
vt 0.6289687752723694 0.23138189315795898
vt 0.6289687752723694 0.26159441471099854
vt 0.43554240465164185 0.26159441471099854
vt 0.6289687752723694 0.23138189315795898
vt 0.43554240465164185 0.26159441471099854
vt 0.43554240465164185 0.23138189315795898
vt 0.9110421538352966 0.8075682520866394
vt 0.9110421538352966 0.8377806544303894
vt 0.9073800444602966 0.8377806544303894
vt 0.9110421538352966 0.8075682520866394
vt 0.9073800444602966 0.8377806544303894
vt 0.9073800444602966 0.8075682520866394
vt 0.8376659750938416 0.2132343053817749
vt 0.8376659750938416 0.2434467077255249
vt 0.6442398428916931 0.2434467077255249
vt 0.8376659750938416 0.2132343053817749
vt 0.6442398428916931 0.2434467077255249
vt 0.6442398428916931 0.2132343053817749
vt 0.9790956377983093 0.9164538383483887
vt 0.9790956377983093 0.9466661214828491
vt 0.9754335284233093 0.9466661214828491
vt 0.9790956377983093 0.9164538383483887
vt 0.9754335284233093 0.9466661214828491
vt 0.9754335284233093 0.9164538383483887
vt 0.6397029161453247 0.3039723038673401
vt 0.8331276178359985 0.3039723038673401
vt 0.8331276178359985 0.30763453245162964
vt 0.6397029161453247 0.3039723038673401
vt 0.8331276178359985 0.30763453245162964
vt 0.6397029161453247 0.30763453245162964
vt 0.8376659750938416 0.2498553991317749
vt 0.6442398428916931 0.2498553991317749
vt 0.6442398428916931 0.2434467077255249
vt 0.8376659750938416 0.2498553991317749
vt 0.6442398428916931 0.2434467077255249
vt 0.8376659750938416 0.2434467077255249
vt 0.9783109426498413 0.17882299423217773
vt 0.7848837375640869 0.17882299423217773
vt 0.7848837375640869 0.17693912982940674
vt 0.9783109426498413 0.17882299423217773
vt 0.7848837375640869 0.17693912982940674
vt 0.9783109426498413 0.17693912982940674
vt 0.43554240465164185 0.26159441471099854
vt 0.6289687752723694 0.26159441471099854
vt 0.6289687752723694 0.26347827911376953
vt 0.43554240465164185 0.26159441471099854
vt 0.6289687752723694 0.26347827911376953
vt 0.43554240465164185 0.26347827911376953
vt 0.21610765159130096 0.34480440616607666
vt 0.21610765159130096 0.34773409366607666
vt 0.022684499621391296 0.34773409366607666
vt 0.21610765159130096 0.34480440616607666
vt 0.022684499621391296 0.34773409366607666
vt 0.022684499621391296 0.34480440616607666
vt 0.7848837375640869 0.1962260603904724
vt 0.7848837375640869 0.1905497908592224
vt 0.978310227394104 0.1905497908592224
vt 0.7848837375640869 0.1962260603904724
vt 0.978310227394104 0.1905497908592224
vt 0.978310227394104 0.1962260603904724
vt 0.8331221342086792 0.31304609775543213
vt 0.8331221342086792 0.3145638704299927
vt 0.6397029161453247 0.3145638704299927
vt 0.8331221342086792 0.31304609775543213
vt 0.6397029161453247 0.3145638704299927
vt 0.6397029161453247 0.31304609775543213
vt 0.7848837375640869 0.18299365043640137
vt 0.7848837375640869 0.18147599697113037
vt 0.9783104658126831 0.18147599697113037
vt 0.7848837375640869 0.18299365043640137
vt 0.9783104658126831 0.18147599697113037
vt 0.9783104658126831 0.18299365043640137
vt 0.7848837375640869 0.18601292371749878
vt 0.9783103466033936 0.18601292371749878
vt 0.9783103466033936 0.18894261121749878
vt 0.7848837375640869 0.18601292371749878
vt 0.9783103466033936 0.18894261121749878
vt 0.7848837375640869 0.18894261121749878
vt 0.9110421538352966 0.8441893458366394
vt 0.9073800444602966 0.8441893458366394
vt 0.9077462553977966 0.8438231348991394
vt 0.9110421538352966 0.8441893458366394
vt 0.9077462553977966 0.8438231348991394
vt 0.9106759428977966 0.8438231348991394
vt 0.9790956377983093 0.9530749320983887
vt 0.9754335284233093 0.9530749320983887
vt 0.9757997393608093 0.9527084827423096
vt 0.9790956377983093 0.9530749320983887
vt 0.9757997393608093 0.9527084827423096
vt 0.9787294268608093 0.9527084827423096
vt 0.9106759428977966 0.8438231348991394
vt 0.9106759428977966 0.8381468653678894
vt 0.9110421538352966 0.8377806544303894
vt 0.9106759428977966 0.8438231348991394
vt 0.9110421538352966 0.8377806544303894
vt 0.9110421538352966 0.8441893458366394
vt 0.9757997393608093 0.9470323324203491
vt 0.9757997393608093 0.9527084827423096
vt 0.9754335284233093 0.9530749320983887
vt 0.9757997393608093 0.9470323324203491
vt 0.9754335284233093 0.9530749320983887
vt 0.9754335284233093 0.9466661214828491
vt 0.9790956377983093 0.9511909484863281
vt 0.9790956377983093 0.9530749320983887
vt 0.9787294268608093 0.9527084827423096
vt 0.9790956377983093 0.9511909484863281
vt 0.9787294268608093 0.9527084827423096
vt 0.9787294268608093 0.9511909484863281
vt 0.9783143997192383 0.17276841402053833
vt 0.7848837375640869 0.17276841402053833
vt 0.7848837375640869 0.17240220308303833
vt 0.9783143997192383 0.17276841402053833
vt 0.7848837375640869 0.17240220308303833
vt 0.9783143997192383 0.17240220308303833
vt 0.9073800444602966 0.8441893458366394
vt 0.9073800444602966 0.8423054814338684
vt 0.9077462553977966 0.8423054814338684
vt 0.9073800444602966 0.8441893458366394
vt 0.9077462553977966 0.8423054814338684
vt 0.9077462553977966 0.8438231348991394
vt 0.9073800444602966 0.8396645188331604
vt 0.9073800444602966 0.8377806544303894
vt 0.9077462553977966 0.8381468653678894
vt 0.9073800444602966 0.8396645188331604
vt 0.9077462553977966 0.8381468653678894
vt 0.9077462553977966 0.8396645188331604
vt 0.7848837375640869 0.1633284091949463
vt 0.9783152341842651 0.1633284091949463
vt 0.9783152341842651 0.1636946201324463
vt 0.7848837375640869 0.1633284091949463
vt 0.9783152341842651 0.1636946201324463
vt 0.7848837375640869 0.1636946201324463
vt 0.9790956377983093 0.9466661214828491
vt 0.9790956377983093 0.9485499858856201
vt 0.9787294268608093 0.9485499858856201
vt 0.9790956377983093 0.9466661214828491
vt 0.9787294268608093 0.9485499858856201
vt 0.9787294268608093 0.9470323324203491
vt 0.9073800444602966 0.8377806544303894
vt 0.9110421538352966 0.8377806544303894
vt 0.9106759428977966 0.8381468653678894
vt 0.9073800444602966 0.8377806544303894
vt 0.9106759428977966 0.8381468653678894
vt 0.9077462553977966 0.8381468653678894
vt 0.9754335284233093 0.9466661214828491
vt 0.9790956377983093 0.9466661214828491
vt 0.9787294268608093 0.9470323324203491
vt 0.9754335284233093 0.9466661214828491
vt 0.9787294268608093 0.9470323324203491
vt 0.9757997393608093 0.9470323324203491
vt 0.009073801338672638 0.5026677846908569
vt 0.009073801338672638 0.36295199394226074
vt 0.19761711359024048 0.36295199394226074
vt 0.009073801338672638 0.5026677846908569
vt 0.19761711359024048 0.36295199394226074
vt 0.19761711359024048 0.5026677846908569
vt 0.20897559821605682 0.9262559413909912
vt 0.3486913740634918 0.9262559413909912
vt 0.3486913740634918 0.9579942226409912
vt 0.20897559821605682 0.9262559413909912
vt 0.3486913740634918 0.9579942226409912
vt 0.20897559821605682 0.9579942226409912
vt 0.508132815361023 0.9300645589828491
vt 0.6478482484817505 0.9300645589828491
vt 0.6478482484817505 0.9618029594421387
vt 0.508132815361023 0.9300645589828491
vt 0.6478482484817505 0.9618029594421387
vt 0.508132815361023 0.9618029594421387
vt 0.998194694519043 0.6220537424087524
vt 0.9159804582595825 0.6220537424087524
vt 0.9159804582595825 0.6082141995429993
vt 0.998194694519043 0.6220537424087524
vt 0.9159804582595825 0.6082141995429993
vt 0.998194694519043 0.6082141995429993
vt 0.3943110406398773 0.891376256942749
vt 0.20869740843772888 0.891376256942749
vt 0.20869740843772888 0.7531254291534424
vt 0.3943110406398773 0.891376256942749
vt 0.20869740843772888 0.7531254291534424
vt 0.3943110406398773 0.7531254291534424
vt 0.6941457390785217 0.9558010697364807
vt 0.6941457390785217 0.9255276322364807
vt 0.8323965668678284 0.9255276322364807
vt 0.6941457390785217 0.9558010697364807
vt 0.8323965668678284 0.9255276322364807
vt 0.8323965668678284 0.9558010697364807
vt 0.508132815361023 0.9966331720352173
vt 0.508132815361023 0.9663597345352173
vt 0.6463839411735535 0.9663597345352173
vt 0.508132815361023 0.9966331720352173
vt 0.6463839411735535 0.9663597345352173
vt 0.6463838219642639 0.9966331720352173
vt 0.39431098103523254 0.8937693238258362
vt 0.39431098103523254 0.9240427613258362
vt 0.2086973935365677 0.9240427613258362
vt 0.39431098103523254 0.8937693238258362
vt 0.2086973935365677 0.9240427613258362
vt 0.2086973935365677 0.8937693238258362
vt 0.8226437568664551 0.5988707542419434
vt 0.8226437568664551 0.7385871410369873
vt 0.8211789131164551 0.7371222972869873
vt 0.8226437568664551 0.5988707542419434
vt 0.8211789131164551 0.7371222972869873
vt 0.8211789131164551 0.5988707542419434
vt 0.8166420459747314 0.7385871410369873
vt 0.8166420459747314 0.5988707542419434
vt 0.8181068897247314 0.5988707542419434
vt 0.8166420459747314 0.7385871410369873
vt 0.8181068897247314 0.5988707542419434
vt 0.8181068897247314 0.7371222972869873
vt 0.6240864396095276 0.3326585292816162
vt 0.43554240465164185 0.3326585292816162
vt 0.43700724840164185 0.3311936855316162
vt 0.6240864396095276 0.3326585292816162
vt 0.43700724840164185 0.3311936855316162
vt 0.6226215958595276 0.3311936855316162
vn 0 -0.9999999999999992 4.371138806469333e-8
vn 0 -0.9999999999999992 4.371138806469333e-8
vn 0 -0.9999999999999992 4.371138806469333e-8
vn 0 -0.9999999999999992 4.371138806469333e-8
vn 0 -0.9999999999999992 4.371138806469333e-8
vn 0 -0.9999999999999992 4.371138806469333e-8
vn 0 4.371138806469333e-8 0.9999999999999992
vn 0 4.371138806469333e-8 0.9999999999999992
vn 0 4.371138806469333e-8 0.9999999999999992
vn 0 4.371138806469333e-8 0.9999999999999992
vn 0 4.371138806469333e-8 0.9999999999999992
vn 0 4.371138806469333e-8 0.9999999999999992
vn 1 0 0
vn 1 0 0
vn 1 0 0
vn 1 0 0
vn 1 0 0
vn 1 0 0
vn 0 -4.371138806469333e-8 -0.9999999999999992
vn 0 -4.371138806469333e-8 -0.9999999999999992
vn 0 -4.371138806469333e-8 -0.9999999999999992
vn 0 -4.371138806469333e-8 -0.9999999999999992
vn 0 -4.371138806469333e-8 -0.9999999999999992
vn 0 -4.371138806469333e-8 -0.9999999999999992
vn -1 0 0
vn -1 0 0
vn -1 0 0
vn -1 0 0
vn -1 0 0
vn -1 0 0
vn 0 0.9999999999999992 -4.371138806469333e-8
vn 0 0.9999999999999992 -4.371138806469333e-8
vn 0 0.9999999999999992 -4.371138806469333e-8
vn 0 0.9999999999999992 -4.371138806469333e-8
vn 0 0.9999999999999992 -4.371138806469333e-8
vn 0 0.9999999999999992 -4.371138806469333e-8
vn 0 -4.371138806469333e-8 -0.9999999999999992
vn 0 -4.371138806469333e-8 -0.9999999999999992
vn 0 -4.371138806469333e-8 -0.9999999999999992
vn 0 -4.371138806469333e-8 -0.9999999999999992
vn 0 -4.371138806469333e-8 -0.9999999999999992
vn 0 -4.371138806469333e-8 -0.9999999999999992
vn 0 4.371138806469333e-8 0.9999999999999992
vn 0 4.371138806469333e-8 0.9999999999999992
vn 0 4.371138806469333e-8 0.9999999999999992
vn 0 4.371138806469333e-8 0.9999999999999992
vn 0 4.371138806469333e-8 0.9999999999999992
vn 0 4.371138806469333e-8 0.9999999999999992
vn 0 4.371138806469333e-8 0.9999999999999992
vn 0 4.371138806469333e-8 0.9999999999999992
vn 0 4.371138806469333e-8 0.9999999999999992
vn 0 4.371138806469333e-8 0.9999999999999992
vn 0 4.371138806469333e-8 0.9999999999999992
vn 0 4.371138806469333e-8 0.9999999999999992
vn 0 -0.9999999999999992 4.371138806469333e-8
vn 0 -0.9999999999999992 4.371138806469333e-8
vn 0 -0.9999999999999992 4.371138806469333e-8
vn 0 -0.9999999999999992 4.371138806469333e-8
vn 0 -0.9999999999999992 4.371138806469333e-8
vn 0 -0.9999999999999992 4.371138806469333e-8
vn 0 4.371138806469333e-8 0.9999999999999992
vn 0 4.371138806469333e-8 0.9999999999999992
vn 0 4.371138806469333e-8 0.9999999999999992
vn 0 4.371138806469333e-8 0.9999999999999992
vn 0 4.371138806469333e-8 0.9999999999999992
vn 0 4.371138806469333e-8 0.9999999999999992
vn 0 -4.371138806469333e-8 -0.9999999999999992
vn 0 -4.371138806469333e-8 -0.9999999999999992
vn 0 -4.371138806469333e-8 -0.9999999999999992
vn 0 -4.371138806469333e-8 -0.9999999999999992
vn 0 -4.371138806469333e-8 -0.9999999999999992
vn 0 -4.371138806469333e-8 -0.9999999999999992
vn 0 -4.371138806469333e-8 -0.9999999999999992
vn 0 -4.371138806469333e-8 -0.9999999999999992
vn 0 -4.371138806469333e-8 -0.9999999999999992
vn 0 -4.371138806469333e-8 -0.9999999999999992
vn 0 -4.371138806469333e-8 -0.9999999999999992
vn 0 -4.371138806469333e-8 -0.9999999999999992
vn 0 0.9999999999999992 -4.371138806469333e-8
vn 0 0.9999999999999992 -4.371138806469333e-8
vn 0 0.9999999999999992 -4.371138806469333e-8
vn 0 0.9999999999999992 -4.371138806469333e-8
vn 0 0.9999999999999992 -4.371138806469333e-8
vn 0 0.9999999999999992 -4.371138806469333e-8
vn 1 0 0
vn 1 0 0
vn 1 0 0
vn 1 0 0
vn 1 0 0
vn 1 0 0
vn -1 0 0
vn -1 0 0
vn -1 0 0
vn -1 0 0
vn -1 0 0
vn -1 0 0
vn 1 0 0
vn 1 0 0
vn 1 0 0
vn 1 0 0
vn 1 0 0
vn 1 0 0
vn -1 0 0
vn -1 0 0
vn -1 0 0
vn -1 0 0
vn -1 0 0
vn -1 0 0
vn -1 0 0
vn -1 0 0
vn -1 0 0
vn -1 0 0
vn -1 0 0
vn -1 0 0
vn 0 -0.9999999999999992 4.371138806469333e-8
vn 0 -0.9999999999999992 4.371138806469333e-8
vn 0 -0.9999999999999992 4.371138806469333e-8
vn 0 -0.9999999999999992 4.371138806469333e-8
vn 0 -0.9999999999999992 4.371138806469333e-8
vn 0 -0.9999999999999992 4.371138806469333e-8
vn 1 0 0
vn 1 0 0
vn 1 0 0
vn 1 0 0
vn 1 0 0
vn 1 0 0
vn 1 0 0
vn 1 0 0
vn 1 0 0
vn 1 0 0
vn 1 0 0
vn 1 0 0
vn 0 0.9999999999999992 -4.371138806469333e-8
vn 0 0.9999999999999992 -4.371138806469333e-8
vn 0 0.9999999999999992 -4.371138806469333e-8
vn 0 0.9999999999999992 -4.371138806469333e-8
vn 0 0.9999999999999992 -4.371138806469333e-8
vn 0 0.9999999999999992 -4.371138806469333e-8
vn -1 0 0
vn -1 0 0
vn -1 0 0
vn -1 0 0
vn -1 0 0
vn -1 0 0
vn 1 0 0
vn 1 0 0
vn 1 0 0
vn 1 0 0
vn 1 0 0
vn 1 0 0
vn -1 0 0
vn -1 0 0
vn -1 0 0
vn -1 0 0
vn -1 0 0
vn -1 0 0
vn 0 -0.9999999999999992 4.371138806469333e-8
vn 0 -0.9999999999999992 4.371138806469333e-8
vn 0 -0.9999999999999992 4.371138806469333e-8
vn 0 -0.9999999999999992 4.371138806469333e-8
vn 0 -0.9999999999999992 4.371138806469333e-8
vn 0 -0.9999999999999992 4.371138806469333e-8
vn 1 0 0
vn 1 0 0
vn 1 0 0
vn 1 0 0
vn 1 0 0
vn 1 0 0
vn -1 0 0
vn -1 0 0
vn -1 0 0
vn -1 0 0
vn -1 0 0
vn -1 0 0
vn 0 -4.371138806469333e-8 -0.9999999999999992
vn 0 -4.371138806469333e-8 -0.9999999999999992
vn 0 -4.371138806469333e-8 -0.9999999999999992
vn 0 -4.371138806469333e-8 -0.9999999999999992
vn 0 -4.371138806469333e-8 -0.9999999999999992
vn 0 -4.371138806469333e-8 -0.9999999999999992
vn 0 0.9999999999999992 -4.371138806469333e-8
vn 0 0.9999999999999992 -4.371138806469333e-8
vn 0 0.9999999999999992 -4.371138806469333e-8
vn 0 0.9999999999999992 -4.371138806469333e-8
vn 0 0.9999999999999992 -4.371138806469333e-8
vn 0 0.9999999999999992 -4.371138806469333e-8
vn -1 0 0
vn -1 0 0
vn -1 0 0
vn -1 0 0
vn -1 0 0
vn -1 0 0
vn 1 0 0
vn 1 0 0
vn 1 0 0
vn 1 0 0
vn 1 0 0
vn 1 0 0
vn -2.4084161509536343e-7 -0.0000014329456876611182 0.9999999999989444
vn -2.4084161509536343e-7 -0.0000014329456876611182 0.9999999999989444
vn -2.4084161509536343e-7 -0.0000014329456876611182 0.9999999999989444
vn -2.4084161509536343e-7 -0.0000014329456876611182 0.9999999999989444
vn -2.4084161509536343e-7 -0.0000014329456876611182 0.9999999999989444
vn -2.4084161509536343e-7 -0.0000014329456876611182 0.9999999999989444
vn 0 0.9999999999999992 -4.371138806469333e-8
vn 0 0.9999999999999992 -4.371138806469333e-8
vn 0 0.9999999999999992 -4.371138806469333e-8
vn 0 0.9999999999999992 -4.371138806469333e-8
vn 0 0.9999999999999992 -4.371138806469333e-8
vn 0 0.9999999999999992 -4.371138806469333e-8
vn 0 0.9999999999999992 -4.371138806469333e-8
vn 0 0.9999999999999992 -4.371138806469333e-8
vn 0 0.9999999999999992 -4.371138806469333e-8
vn 0 0.9999999999999992 -4.371138806469333e-8
vn 0 0.9999999999999992 -4.371138806469333e-8
vn 0 0.9999999999999992 -4.371138806469333e-8
vn 0 0.9999999999999992 -4.371138806469333e-8
vn 0 0.9999999999999992 -4.371138806469333e-8
vn 0 0.9999999999999992 -4.371138806469333e-8
vn 0 0.9999999999999992 -4.371138806469333e-8
vn 0 0.9999999999999992 -4.371138806469333e-8
vn 0 0.9999999999999992 -4.371138806469333e-8
f 3883/3883/3883 3884/3884/3884 3885/3885/3885
f 3886/3886/3886 3887/3887/3887 3888/3888/3888
f 3889/3889/3889 3890/3890/3890 3891/3891/3891
f 3892/3892/3892 3893/3893/3893 3894/3894/3894
f 3895/3895/3895 3896/3896/3896 3897/3897/3897
f 3898/3898/3898 3899/3899/3899 3900/3900/3900
f 3901/3901/3901 3902/3902/3902 3903/3903/3903
f 3904/3904/3904 3905/3905/3905 3906/3906/3906
f 3907/3907/3907 3908/3908/3908 3909/3909/3909
f 3910/3910/3910 3911/3911/3911 3912/3912/3912
f 3913/3913/3913 3914/3914/3914 3915/3915/3915
f 3916/3916/3916 3917/3917/3917 3918/3918/3918
f 3919/3919/3919 3920/3920/3920 3921/3921/3921
f 3922/3922/3922 3923/3923/3923 3924/3924/3924
f 3925/3925/3925 3926/3926/3926 3927/3927/3927
f 3928/3928/3928 3929/3929/3929 3930/3930/3930
f 3931/3931/3931 3932/3932/3932 3933/3933/3933
f 3934/3934/3934 3935/3935/3935 3936/3936/3936
f 3937/3937/3937 3938/3938/3938 3939/3939/3939
f 3940/3940/3940 3941/3941/3941 3942/3942/3942
f 3943/3943/3943 3944/3944/3944 3945/3945/3945
f 3946/3946/3946 3947/3947/3947 3948/3948/3948
f 3949/3949/3949 3950/3950/3950 3951/3951/3951
f 3952/3952/3952 3953/3953/3953 3954/3954/3954
f 3955/3955/3955 3956/3956/3956 3957/3957/3957
f 3958/3958/3958 3959/3959/3959 3960/3960/3960
f 3961/3961/3961 3962/3962/3962 3963/3963/3963
f 3964/3964/3964 3965/3965/3965 3966/3966/3966
f 3967/3967/3967 3968/3968/3968 3969/3969/3969
f 3970/3970/3970 3971/3971/3971 3972/3972/3972
f 3973/3973/3973 3974/3974/3974 3975/3975/3975
f 3976/3976/3976 3977/3977/3977 3978/3978/3978
f 3979/3979/3979 3980/3980/3980 3981/3981/3981
f 3982/3982/3982 3983/3983/3983 3984/3984/3984
f 3985/3985/3985 3986/3986/3986 3987/3987/3987
f 3988/3988/3988 3989/3989/3989 3990/3990/3990
f 3991/3991/3991 3992/3992/3992 3993/3993/3993
f 3994/3994/3994 3995/3995/3995 3996/3996/3996
f 3997/3997/3997 3998/3998/3998 3999/3999/3999
f 4000/4000/4000 4001/4001/4001 4002/4002/4002
f 4003/4003/4003 4004/4004/4004 4005/4005/4005
f 4006/4006/4006 4007/4007/4007 4008/4008/4008
f 4009/4009/4009 4010/4010/4010 4011/4011/4011
f 4012/4012/4012 4013/4013/4013 4014/4014/4014
f 4015/4015/4015 4016/4016/4016 4017/4017/4017
f 4018/4018/4018 4019/4019/4019 4020/4020/4020
f 4021/4021/4021 4022/4022/4022 4023/4023/4023
f 4024/4024/4024 4025/4025/4025 4026/4026/4026
f 4027/4027/4027 4028/4028/4028 4029/4029/4029
f 4030/4030/4030 4031/4031/4031 4032/4032/4032
f 4033/4033/4033 4034/4034/4034 4035/4035/4035
f 4036/4036/4036 4037/4037/4037 4038/4038/4038
f 4039/4039/4039 4040/4040/4040 4041/4041/4041
f 4042/4042/4042 4043/4043/4043 4044/4044/4044
f 4045/4045/4045 4046/4046/4046 4047/4047/4047
f 4048/4048/4048 4049/4049/4049 4050/4050/4050
f 4051/4051/4051 4052/4052/4052 4053/4053/4053
f 4054/4054/4054 4055/4055/4055 4056/4056/4056
f 4057/4057/4057 4058/4058/4058 4059/4059/4059
f 4060/4060/4060 4061/4061/4061 4062/4062/4062
f 4063/4063/4063 4064/4064/4064 4065/4065/4065
f 4066/4066/4066 4067/4067/4067 4068/4068/4068
f 4069/4069/4069 4070/4070/4070 4071/4071/4071
f 4072/4072/4072 4073/4073/4073 4074/4074/4074
f 4075/4075/4075 4076/4076/4076 4077/4077/4077
f 4078/4078/4078 4079/4079/4079 4080/4080/4080
f 4081/4081/4081 4082/4082/4082 4083/4083/4083
f 4084/4084/4084 4085/4085/4085 4086/4086/4086
f 4087/4087/4087 4088/4088/4088 4089/4089/4089
f 4090/4090/4090 4091/4091/4091 4092/4092/4092
f 4093/4093/4093 4094/4094/4094 4095/4095/4095
f 4096/4096/4096 4097/4097/4097 4098/4098/4098
f 4099/4099/4099 4100/4100/4100 4101/4101/4101
f 4102/4102/4102 4103/4103/4103 4104/4104/4104
o box_medium004
usemtl DefaultMaterial
v -1831.9630737304688 395.31876893299483 319.91162437210403
v -1831.9630737304688 395.31876827732395 304.91162437210403
v -1039.6895141601562 395.31876827732395 304.91162437210403
v -1831.9630737304688 395.31876893299483 319.91162437210403
v -1039.6895141601562 395.31876827732395 304.91162437210403
v -1039.6895141601562 395.31876893299483 319.91162437210403
v -1039.6895141601562 395.31876893299483 319.91162437210403
v -1039.6895141601562 509.0687689329948 319.9116193999336
v -1831.9630737304688 509.0687689329948 319.9116193999336
v -1039.6895141601562 395.31876893299483 319.91162437210403
v -1831.9630737304688 509.0687689329948 319.9116193999336
v -1831.9630737304688 395.31876893299483 319.91162437210403
v -1039.6895141601562 395.31876827732395 304.91162437210403
v -1039.6895141601562 509.06876827732395 304.9116193999336
v -1039.6895141601562 509.0687689329948 319.9116193999336
v -1039.6895141601562 395.31876827732395 304.91162437210403
v -1039.6895141601562 509.0687689329948 319.9116193999336
v -1039.6895141601562 395.31876893299483 319.91162437210403
v -1831.9630737304688 395.31876827732395 304.91162437210403
v -1831.9630737304688 509.06876827732395 304.9116193999336
v -1039.6895141601562 509.06876827732395 304.9116193999336
v -1831.9630737304688 395.31876827732395 304.91162437210403
v -1039.6895141601562 509.06876827732395 304.9116193999336
v -1039.6895141601562 395.31876827732395 304.91162437210403
v -1831.9630737304688 395.31876893299483 319.91162437210403
v -1831.9630737304688 509.0687689329948 319.9116193999336
v -1831.9630737304688 509.06876827732395 304.9116193999336
v -1831.9630737304688 395.31876893299483 319.91162437210403
v -1831.9630737304688 509.06876827732395 304.9116193999336
v -1831.9630737304688 395.31876827732395 304.91162437210403
v -1831.9630737304688 545.3187689329948 319.9116178153958
v -1039.6895141601562 545.3187689329948 319.9116178153958
v -1039.6895141601562 545.3187682773239 304.9116178153958
v -1831.9630737304688 545.3187689329948 319.9116178153958
v -1039.6895141601562 545.3187682773239 304.9116178153958
v -1831.9630737304688 545.3187682773239 304.9116178153958
v -1831.9630737304688 545.3187682773239 304.9116178153958
v -1039.6895141601562 545.3187682773239 304.9116178153958
v -1039.6895141601562 509.06876827732395 304.9116193999336
v -1831.9630737304688 545.3187682773239 304.9116178153958
v -1039.6895141601562 509.06876827732395 304.9116193999336
v -1831.9630737304688 509.06876827732395 304.9116193999336
v -1039.6895141601562 545.3187689329948 319.9116178153958
v -1831.9630737304688 545.3187689329948 319.9116178153958
v -1831.9630737304688 537.6023687865104 319.9116181526904
v -1039.6895141601562 545.3187689329948 319.9116178153958
v -1831.9630737304688 537.6023687865104 319.9116181526904
v -1039.6895141601562 537.6023687865104 319.9116181526904
v -1831.9630737304688 509.0687689329948 319.9116193999336
v -1039.6895141601562 509.0687689329948 319.9116193999336
v -1039.6895141601562 516.7851690794791 319.9116190626391
v -1831.9630737304688 509.0687689329948 319.9116193999336
v -1039.6895141601562 516.7851690794791 319.9116190626391
v -1831.9630737304688 516.7851690794791 319.9116190626391
v -1039.6895141601562 543.8187683428911 306.4116178809629
v -1039.6895141601562 543.8187688674277 318.4116178809629
v -1831.9630737304688 543.8187688674277 318.4116178809629
v -1039.6895141601562 543.8187683428911 306.4116178809629
v -1831.9630737304688 543.8187688674277 318.4116178809629
v -1831.9630737304688 543.8187683428911 306.4116178809629
v -1831.9630737304688 543.8187683428911 306.4116178809629
v -1831.9630737304688 510.5687683428911 306.41161933436655
v -1039.6895141601562 510.5687683428911 306.41161933436655
v -1831.9630737304688 543.8187683428911 306.4116178809629
v -1039.6895141601562 510.5687683428911 306.41161933436655
v -1039.6895141601562 543.8187683428911 306.4116178809629
v -1831.9630737304688 537.6023687209433 318.4116181526904
v -1831.9630737304688 543.8187688674277 318.4116178809629
v -1039.6895141601562 543.8187688674277 318.4116178809629
v -1831.9630737304688 537.6023687209433 318.4116181526904
v -1039.6895141601562 543.8187688674277 318.4116178809629
v -1039.6895141601562 537.6023687209433 318.4116181526904
v -1039.6895141601562 516.7851690139121 318.4116190626391
v -1039.6895141601562 510.5687688674277 318.41161933436655
v -1831.9630737304688 510.5687688674277 318.41161933436655
v -1039.6895141601562 516.7851690139121 318.4116190626391
v -1831.9630737304688 510.5687688674277 318.41161933436655
v -1831.9630737304688 516.7851690139121 318.4116190626391
v -1831.9630737304688 510.5687688674277 318.41161933436655
v -1039.6895141601562 510.5687688674277 318.41161933436655
v -1039.6895141601562 510.5687683428911 306.41161933436655
v -1831.9630737304688 510.5687688674277 318.41161933436655
v -1039.6895141601562 510.5687683428911 306.41161933436655
v -1831.9630737304688 510.5687683428911 306.41161933436655
v -1039.6895141601562 545.3187682773239 304.9116178153958
v -1039.6895141601562 545.3187689329948 319.9116178153958
v -1039.6895141601562 543.8187688674277 318.4116178809629
v -1039.6895141601562 545.3187682773239 304.9116178153958
v -1039.6895141601562 543.8187688674277 318.4116178809629
v -1039.6895141601562 543.8187683428911 306.4116178809629
v -1831.9630737304688 545.3187689329948 319.9116178153958
v -1831.9630737304688 545.3187682773239 304.9116178153958
v -1831.9630737304688 543.8187683428911 306.4116178809629
v -1831.9630737304688 545.3187689329948 319.9116178153958
v -1831.9630737304688 543.8187683428911 306.4116178809629
v -1831.9630737304688 543.8187688674277 318.4116178809629
v -1039.6895141601562 543.8187683428911 306.4116178809629
v -1039.6895141601562 510.5687683428911 306.41161933436655
v -1039.6895141601562 509.06876827732395 304.9116193999336
v -1039.6895141601562 543.8187683428911 306.4116178809629
v -1039.6895141601562 509.06876827732395 304.9116193999336
v -1039.6895141601562 545.3187682773239 304.9116178153958
v -1831.9630737304688 510.5687683428911 306.41161933436655
v -1831.9630737304688 543.8187683428911 306.4116178809629
v -1831.9630737304688 545.3187682773239 304.9116178153958
v -1831.9630737304688 510.5687683428911 306.41161933436655
v -1831.9630737304688 545.3187682773239 304.9116178153958
v -1831.9630737304688 509.06876827732395 304.9116193999336
v -1831.9630737304688 537.6023687865104 319.9116181526904
v -1831.9630737304688 545.3187689329948 319.9116178153958
v -1831.9630737304688 543.8187688674277 318.4116178809629
v -1831.9630737304688 537.6023687865104 319.9116181526904
v -1831.9630737304688 543.8187688674277 318.4116178809629
v -1831.9630737304688 537.6023687209433 318.4116181526904
v -1039.6895141601562 537.6023687865104 319.9116181526904
v -1831.9630737304688 537.6023687865104 319.9116181526904
v -1831.9630737304688 537.6023687209433 318.4116181526904
v -1039.6895141601562 537.6023687865104 319.9116181526904
v -1831.9630737304688 537.6023687209433 318.4116181526904
v -1039.6895141601562 537.6023687209433 318.4116181526904
v -1039.6895141601562 545.3187689329948 319.9116178153958
v -1039.6895141601562 537.6023687865104 319.9116181526904
v -1039.6895141601562 537.6023687209433 318.4116181526904
v -1039.6895141601562 545.3187689329948 319.9116178153958
v -1039.6895141601562 537.6023687209433 318.4116181526904
v -1039.6895141601562 543.8187688674277 318.4116178809629
v -1039.6895141601562 516.7851690794791 319.9116190626391
v -1039.6895141601562 509.0687689329948 319.9116193999336
v -1039.6895141601562 510.5687688674277 318.41161933436655
v -1039.6895141601562 516.7851690794791 319.9116190626391
v -1039.6895141601562 510.5687688674277 318.41161933436655
v -1039.6895141601562 516.7851690139121 318.4116190626391
v -1831.9630737304688 516.7851690794791 319.9116190626391
v -1039.6895141601562 516.7851690794791 319.9116190626391
v -1039.6895141601562 516.7851690139121 318.4116190626391
v -1831.9630737304688 516.7851690794791 319.9116190626391
v -1039.6895141601562 516.7851690139121 318.4116190626391
v -1831.9630737304688 516.7851690139121 318.4116190626391
v -1831.9630737304688 509.0687689329948 319.9116193999336
v -1831.9630737304688 516.7851690794791 319.9116190626391
v -1831.9630737304688 516.7851690139121 318.4116190626391
v -1831.9630737304688 509.0687689329948 319.9116193999336
v -1831.9630737304688 516.7851690139121 318.4116190626391
v -1831.9630737304688 510.5687688674277 318.41161933436655
v -1039.6895141601562 509.0687689329948 319.9116193999336
v -1039.6895141601562 509.06876827732395 304.9116193999336
v -1039.6895141601562 510.5687683428911 306.41161933436655
v -1039.6895141601562 509.0687689329948 319.9116193999336
v -1039.6895141601562 510.5687683428911 306.41161933436655
v -1039.6895141601562 510.5687688674277 318.41161933436655
v -1831.9630737304688 509.06876827732395 304.9116193999336
v -1831.9630737304688 509.0687689329948 319.9116193999336
v -1831.9630737304688 510.5687688674277 318.41161933436655
v -1831.9630737304688 509.06876827732395 304.9116193999336
v -1831.9630737304688 510.5687688674277 318.41161933436655
v -1831.9630737304688 510.5687683428911 306.41161933436655
v -1821.9630126953125 405.3187682889962 305.1786527435839
v -1821.9630126953125 405.3187432740365 -267.0969209868847
v -1049.6895446777344 405.3187432740365 -267.0969209868847
v -1821.9630126953125 405.3187682889962 305.1786527435839
v -1049.6895446777344 405.3187432740365 -267.0969209868847
v -1049.6895446777344 405.3187682889962 305.1786527435839
v -1049.6895446777344 405.3187682889962 305.1786527435839
v -1049.6895446777344 405.3187432740365 -267.0969209868847
v -1049.6895446777344 535.3187432740365 -267.0969266693652
v -1049.6895446777344 405.3187682889962 305.1786527435839
v -1049.6895446777344 535.3187432740365 -267.0969266693652
v -1049.6895446777344 535.3187682889961 305.17864706110345
v -1821.9630126953125 405.3187432740365 -267.0969209868847
v -1821.9630126953125 405.3187682889962 305.1786527435839
v -1821.9630126953125 535.3187682889961 305.17864706110345
v -1821.9630126953125 405.3187432740365 -267.0969209868847
v -1821.9630126953125 535.3187682889961 305.17864706110345
v -1821.9630126953125 535.3187432740365 -267.0969266693652
v -1821.9630126953125 535.3187432740365 -267.0969266693652
v -1049.6895446777344 535.3187432740365 -267.0969266693652
v -1049.6895446777344 405.3187432740365 -267.0969209868847
v -1821.9630126953125 535.3187432740365 -267.0969266693652
v -1049.6895446777344 405.3187432740365 -267.0969209868847
v -1821.9630126953125 405.3187432740365 -267.0969209868847
v -1055.6895446777344 411.31874353630485 -261.09692124915307
v -1815.9630126953125 411.3187435362888 -261.09728746009057
v -1815.9630126953125 411.3187682889962 305.17865248131557
v -1055.6895446777344 411.31874353630485 -261.09692124915307
v -1815.9630126953125 411.3187682889962 305.17865248131557
v -1055.6895446777344 411.3187682889962 305.17865248131557
v -1055.6895446777344 535.3187435363047 -261.0969266693652
v -1055.6895446777344 411.31874353630485 -261.09692124915307
v -1055.6895446777344 411.3187682889962 305.17865248131557
v -1055.6895446777344 535.3187435363047 -261.0969266693652
v -1055.6895446777344 411.3187682889962 305.17865248131557
v -1055.6895446777344 535.3187682889961 305.17864706110345
v -1815.9630126953125 535.3187682889961 305.17864706110345
v -1815.9630126953125 411.3187682889962 305.17865248131557
v -1815.9630126953125 411.3187435362888 -261.09728746009057
v -1815.9630126953125 535.3187682889961 305.17864706110345
v -1815.9630126953125 411.3187435362888 -261.09728746009057
v -1815.9630126953125 535.3187435363047 -261.0969266693652
v -1055.6895446777344 411.31874353630485 -261.09692124915307
v -1055.6895446777344 535.3187435363047 -261.0969266693652
v -1815.9630126953125 535.3187435363047 -261.0969266693652
v -1055.6895446777344 411.31874353630485 -261.09692124915307
v -1815.9630126953125 535.3187435363047 -261.0969266693652
v -1815.9630126953125 411.3187435362888 -261.09728746009057
v -1049.6895446777344 535.3187682889961 305.17864706110345
v -1049.6895446777344 535.3187432740365 -267.0969266693652
v -1055.6895446777344 535.3187435363047 -261.0969266693652
v -1049.6895446777344 535.3187682889961 305.17864706110345
v -1055.6895446777344 535.3187435363047 -261.0969266693652
v -1055.6895446777344 535.3187682889961 305.17864706110345
v -1821.9630126953125 535.3187432740365 -267.0969266693652
v -1821.9630126953125 535.3187682889961 305.17864706110345
v -1815.9630126953125 535.3187682889961 305.17864706110345
v -1821.9630126953125 535.3187432740365 -267.0969266693652
v -1815.9630126953125 535.3187682889961 305.17864706110345
v -1815.9630126953125 535.3187435363047 -261.0969266693652
v -1049.6895446777344 535.3187432740365 -267.0969266693652
v -1821.9630126953125 535.3187432740365 -267.0969266693652
v -1815.9630126953125 535.3187435363047 -261.0969266693652
v -1049.6895446777344 535.3187432740365 -267.0969266693652
v -1815.9630126953125 535.3187435363047 -261.0969266693652
v -1055.6895446777344 535.3187435363047 -261.0969266693652
vt 0.43554240465164185 0.31670820713043213
vt 0.43554240465164185 0.31304609775543213
vt 0.6289682984352112 0.31304609775543213
vt 0.43554240465164185 0.31670820713043213
vt 0.6289682984352112 0.31304609775543213
vt 0.6289682984352112 0.31670820713043213
vt 0.6289687752723694 0.23138189315795898
vt 0.6289687752723694 0.26159441471099854
vt 0.43554240465164185 0.26159441471099854
vt 0.6289687752723694 0.23138189315795898
vt 0.43554240465164185 0.26159441471099854
vt 0.43554240465164185 0.23138189315795898
vt 0.9110421538352966 0.8075682520866394
vt 0.9110421538352966 0.8377806544303894
vt 0.9073800444602966 0.8377806544303894
vt 0.9110421538352966 0.8075682520866394
vt 0.9073800444602966 0.8377806544303894
vt 0.9073800444602966 0.8075682520866394
vt 0.8376659750938416 0.2132343053817749
vt 0.8376659750938416 0.2434467077255249
vt 0.6442398428916931 0.2434467077255249
vt 0.8376659750938416 0.2132343053817749
vt 0.6442398428916931 0.2434467077255249
vt 0.6442398428916931 0.2132343053817749
vt 0.9790956377983093 0.9164538383483887
vt 0.9790956377983093 0.9466661214828491
vt 0.9754335284233093 0.9466661214828491
vt 0.9790956377983093 0.9164538383483887
vt 0.9754335284233093 0.9466661214828491
vt 0.9754335284233093 0.9164538383483887
vt 0.6397029161453247 0.3039723038673401
vt 0.8331276178359985 0.3039723038673401
vt 0.8331276178359985 0.30763453245162964
vt 0.6397029161453247 0.3039723038673401
vt 0.8331276178359985 0.30763453245162964
vt 0.6397029161453247 0.30763453245162964
vt 0.8376659750938416 0.2498553991317749
vt 0.6442398428916931 0.2498553991317749
vt 0.6442398428916931 0.2434467077255249
vt 0.8376659750938416 0.2498553991317749
vt 0.6442398428916931 0.2434467077255249
vt 0.8376659750938416 0.2434467077255249
vt 0.9783109426498413 0.17882299423217773
vt 0.7848837375640869 0.17882299423217773
vt 0.7848837375640869 0.17693912982940674
vt 0.9783109426498413 0.17882299423217773
vt 0.7848837375640869 0.17693912982940674
vt 0.9783109426498413 0.17693912982940674
vt 0.43554240465164185 0.26159441471099854
vt 0.6289687752723694 0.26159441471099854
vt 0.6289687752723694 0.26347827911376953
vt 0.43554240465164185 0.26159441471099854
vt 0.6289687752723694 0.26347827911376953
vt 0.43554240465164185 0.26347827911376953
vt 0.21610765159130096 0.34480440616607666
vt 0.21610765159130096 0.34773409366607666
vt 0.022684499621391296 0.34773409366607666
vt 0.21610765159130096 0.34480440616607666
vt 0.022684499621391296 0.34773409366607666
vt 0.022684499621391296 0.34480440616607666
vt 0.7848837375640869 0.1962260603904724
vt 0.7848837375640869 0.1905497908592224
vt 0.978310227394104 0.1905497908592224
vt 0.7848837375640869 0.1962260603904724
vt 0.978310227394104 0.1905497908592224
vt 0.978310227394104 0.1962260603904724
vt 0.8331221342086792 0.31304609775543213
vt 0.8331221342086792 0.3145638704299927
vt 0.6397029161453247 0.3145638704299927
vt 0.8331221342086792 0.31304609775543213
vt 0.6397029161453247 0.3145638704299927
vt 0.6397029161453247 0.31304609775543213
vt 0.7848837375640869 0.18299365043640137
vt 0.7848837375640869 0.18147599697113037
vt 0.9783104658126831 0.18147599697113037
vt 0.7848837375640869 0.18299365043640137
vt 0.9783104658126831 0.18147599697113037
vt 0.9783104658126831 0.18299365043640137
vt 0.7848837375640869 0.18601292371749878
vt 0.9783103466033936 0.18601292371749878
vt 0.9783103466033936 0.18894261121749878
vt 0.7848837375640869 0.18601292371749878
vt 0.9783103466033936 0.18894261121749878
vt 0.7848837375640869 0.18894261121749878
vt 0.9110421538352966 0.8441893458366394
vt 0.9073800444602966 0.8441893458366394
vt 0.9077462553977966 0.8438231348991394
vt 0.9110421538352966 0.8441893458366394
vt 0.9077462553977966 0.8438231348991394
vt 0.9106759428977966 0.8438231348991394
vt 0.9790956377983093 0.9530749320983887
vt 0.9754335284233093 0.9530749320983887
vt 0.9757997393608093 0.9527084827423096
vt 0.9790956377983093 0.9530749320983887
vt 0.9757997393608093 0.9527084827423096
vt 0.9787294268608093 0.9527084827423096
vt 0.9106759428977966 0.8438231348991394
vt 0.9106759428977966 0.8381468653678894
vt 0.9110421538352966 0.8377806544303894
vt 0.9106759428977966 0.8438231348991394
vt 0.9110421538352966 0.8377806544303894
vt 0.9110421538352966 0.8441893458366394
vt 0.9757997393608093 0.9470323324203491
vt 0.9757997393608093 0.9527084827423096
vt 0.9754335284233093 0.9530749320983887
vt 0.9757997393608093 0.9470323324203491
vt 0.9754335284233093 0.9530749320983887
vt 0.9754335284233093 0.9466661214828491
vt 0.9790956377983093 0.9511909484863281
vt 0.9790956377983093 0.9530749320983887
vt 0.9787294268608093 0.9527084827423096
vt 0.9790956377983093 0.9511909484863281
vt 0.9787294268608093 0.9527084827423096
vt 0.9787294268608093 0.9511909484863281
vt 0.9783143997192383 0.17276841402053833
vt 0.7848837375640869 0.17276841402053833
vt 0.7848837375640869 0.17240220308303833
vt 0.9783143997192383 0.17276841402053833
vt 0.7848837375640869 0.17240220308303833
vt 0.9783143997192383 0.17240220308303833
vt 0.9073800444602966 0.8441893458366394
vt 0.9073800444602966 0.8423054814338684
vt 0.9077462553977966 0.8423054814338684
vt 0.9073800444602966 0.8441893458366394
vt 0.9077462553977966 0.8423054814338684
vt 0.9077462553977966 0.8438231348991394
vt 0.9073800444602966 0.8396645188331604
vt 0.9073800444602966 0.8377806544303894
vt 0.9077462553977966 0.8381468653678894
vt 0.9073800444602966 0.8396645188331604
vt 0.9077462553977966 0.8381468653678894
vt 0.9077462553977966 0.8396645188331604
vt 0.7848837375640869 0.1633284091949463
vt 0.9783152341842651 0.1633284091949463
vt 0.9783152341842651 0.1636946201324463
vt 0.7848837375640869 0.1633284091949463
vt 0.9783152341842651 0.1636946201324463
vt 0.7848837375640869 0.1636946201324463
vt 0.9790956377983093 0.9466661214828491
vt 0.9790956377983093 0.9485499858856201
vt 0.9787294268608093 0.9485499858856201
vt 0.9790956377983093 0.9466661214828491
vt 0.9787294268608093 0.9485499858856201
vt 0.9787294268608093 0.9470323324203491
vt 0.9073800444602966 0.8377806544303894
vt 0.9110421538352966 0.8377806544303894
vt 0.9106759428977966 0.8381468653678894
vt 0.9073800444602966 0.8377806544303894
vt 0.9106759428977966 0.8381468653678894
vt 0.9077462553977966 0.8381468653678894
vt 0.9754335284233093 0.9466661214828491
vt 0.9790956377983093 0.9466661214828491
vt 0.9787294268608093 0.9470323324203491
vt 0.9754335284233093 0.9466661214828491
vt 0.9787294268608093 0.9470323324203491
vt 0.9757997393608093 0.9470323324203491
vt 0.009073801338672638 0.5026677846908569
vt 0.009073801338672638 0.36295199394226074
vt 0.19761711359024048 0.36295199394226074
vt 0.009073801338672638 0.5026677846908569
vt 0.19761711359024048 0.36295199394226074
vt 0.19761711359024048 0.5026677846908569
vt 0.20897559821605682 0.9262559413909912
vt 0.3486913740634918 0.9262559413909912
vt 0.3486913740634918 0.9579942226409912
vt 0.20897559821605682 0.9262559413909912
vt 0.3486913740634918 0.9579942226409912
vt 0.20897559821605682 0.9579942226409912
vt 0.508132815361023 0.9300645589828491
vt 0.6478482484817505 0.9300645589828491
vt 0.6478482484817505 0.9618029594421387
vt 0.508132815361023 0.9300645589828491
vt 0.6478482484817505 0.9618029594421387
vt 0.508132815361023 0.9618029594421387
vt 0.998194694519043 0.6220537424087524
vt 0.9159804582595825 0.6220537424087524
vt 0.9159804582595825 0.6082141995429993
vt 0.998194694519043 0.6220537424087524
vt 0.9159804582595825 0.6082141995429993
vt 0.998194694519043 0.6082141995429993
vt 0.3943110406398773 0.891376256942749
vt 0.20869740843772888 0.891376256942749
vt 0.20869740843772888 0.7531254291534424
vt 0.3943110406398773 0.891376256942749
vt 0.20869740843772888 0.7531254291534424
vt 0.3943110406398773 0.7531254291534424
vt 0.6941457390785217 0.9558010697364807
vt 0.6941457390785217 0.9255276322364807
vt 0.8323965668678284 0.9255276322364807
vt 0.6941457390785217 0.9558010697364807
vt 0.8323965668678284 0.9255276322364807
vt 0.8323965668678284 0.9558010697364807
vt 0.508132815361023 0.9966331720352173
vt 0.508132815361023 0.9663597345352173
vt 0.6463839411735535 0.9663597345352173
vt 0.508132815361023 0.9966331720352173
vt 0.6463839411735535 0.9663597345352173
vt 0.6463838219642639 0.9966331720352173
vt 0.39431098103523254 0.8937693238258362
vt 0.39431098103523254 0.9240427613258362
vt 0.2086973935365677 0.9240427613258362
vt 0.39431098103523254 0.8937693238258362
vt 0.2086973935365677 0.9240427613258362
vt 0.2086973935365677 0.8937693238258362
vt 0.8226437568664551 0.5988707542419434
vt 0.8226437568664551 0.7385871410369873
vt 0.8211789131164551 0.7371222972869873
vt 0.8226437568664551 0.5988707542419434
vt 0.8211789131164551 0.7371222972869873
vt 0.8211789131164551 0.5988707542419434
vt 0.8166420459747314 0.7385871410369873
vt 0.8166420459747314 0.5988707542419434
vt 0.8181068897247314 0.5988707542419434
vt 0.8166420459747314 0.7385871410369873
vt 0.8181068897247314 0.5988707542419434
vt 0.8181068897247314 0.7371222972869873
vt 0.6240864396095276 0.3326585292816162
vt 0.43554240465164185 0.3326585292816162
vt 0.43700724840164185 0.3311936855316162
vt 0.6240864396095276 0.3326585292816162
vt 0.43700724840164185 0.3311936855316162
vt 0.6226215958595276 0.3311936855316162
vn 0 -0.9999999999999992 4.371138806469333e-8
vn 0 -0.9999999999999992 4.371138806469333e-8
vn 0 -0.9999999999999992 4.371138806469333e-8
vn 0 -0.9999999999999992 4.371138806469333e-8
vn 0 -0.9999999999999992 4.371138806469333e-8
vn 0 -0.9999999999999992 4.371138806469333e-8
vn 0 4.371138806469333e-8 0.9999999999999992
vn 0 4.371138806469333e-8 0.9999999999999992
vn 0 4.371138806469333e-8 0.9999999999999992
vn 0 4.371138806469333e-8 0.9999999999999992
vn 0 4.371138806469333e-8 0.9999999999999992
vn 0 4.371138806469333e-8 0.9999999999999992
vn 1 0 0
vn 1 0 0
vn 1 0 0
vn 1 0 0
vn 1 0 0
vn 1 0 0
vn 0 -4.371138806469333e-8 -0.9999999999999992
vn 0 -4.371138806469333e-8 -0.9999999999999992
vn 0 -4.371138806469333e-8 -0.9999999999999992
vn 0 -4.371138806469333e-8 -0.9999999999999992
vn 0 -4.371138806469333e-8 -0.9999999999999992
vn 0 -4.371138806469333e-8 -0.9999999999999992
vn -1 0 0
vn -1 0 0
vn -1 0 0
vn -1 0 0
vn -1 0 0
vn -1 0 0
vn 0 0.9999999999999992 -4.371138806469333e-8
vn 0 0.9999999999999992 -4.371138806469333e-8
vn 0 0.9999999999999992 -4.371138806469333e-8
vn 0 0.9999999999999992 -4.371138806469333e-8
vn 0 0.9999999999999992 -4.371138806469333e-8
vn 0 0.9999999999999992 -4.371138806469333e-8
vn 0 -4.371138806469333e-8 -0.9999999999999992
vn 0 -4.371138806469333e-8 -0.9999999999999992
vn 0 -4.371138806469333e-8 -0.9999999999999992
vn 0 -4.371138806469333e-8 -0.9999999999999992
vn 0 -4.371138806469333e-8 -0.9999999999999992
vn 0 -4.371138806469333e-8 -0.9999999999999992
vn 0 4.371138806469333e-8 0.9999999999999992
vn 0 4.371138806469333e-8 0.9999999999999992
vn 0 4.371138806469333e-8 0.9999999999999992
vn 0 4.371138806469333e-8 0.9999999999999992
vn 0 4.371138806469333e-8 0.9999999999999992
vn 0 4.371138806469333e-8 0.9999999999999992
vn 0 4.371138806469333e-8 0.9999999999999992
vn 0 4.371138806469333e-8 0.9999999999999992
vn 0 4.371138806469333e-8 0.9999999999999992
vn 0 4.371138806469333e-8 0.9999999999999992
vn 0 4.371138806469333e-8 0.9999999999999992
vn 0 4.371138806469333e-8 0.9999999999999992
vn 0 -0.9999999999999992 4.371138806469333e-8
vn 0 -0.9999999999999992 4.371138806469333e-8
vn 0 -0.9999999999999992 4.371138806469333e-8
vn 0 -0.9999999999999992 4.371138806469333e-8
vn 0 -0.9999999999999992 4.371138806469333e-8
vn 0 -0.9999999999999992 4.371138806469333e-8
vn 0 4.371138806469333e-8 0.9999999999999992
vn 0 4.371138806469333e-8 0.9999999999999992
vn 0 4.371138806469333e-8 0.9999999999999992
vn 0 4.371138806469333e-8 0.9999999999999992
vn 0 4.371138806469333e-8 0.9999999999999992
vn 0 4.371138806469333e-8 0.9999999999999992
vn 0 -4.371138806469333e-8 -0.9999999999999992
vn 0 -4.371138806469333e-8 -0.9999999999999992
vn 0 -4.371138806469333e-8 -0.9999999999999992
vn 0 -4.371138806469333e-8 -0.9999999999999992
vn 0 -4.371138806469333e-8 -0.9999999999999992
vn 0 -4.371138806469333e-8 -0.9999999999999992
vn 0 -4.371138806469333e-8 -0.9999999999999992
vn 0 -4.371138806469333e-8 -0.9999999999999992
vn 0 -4.371138806469333e-8 -0.9999999999999992
vn 0 -4.371138806469333e-8 -0.9999999999999992
vn 0 -4.371138806469333e-8 -0.9999999999999992
vn 0 -4.371138806469333e-8 -0.9999999999999992
vn 0 0.9999999999999992 -4.371138806469333e-8
vn 0 0.9999999999999992 -4.371138806469333e-8
vn 0 0.9999999999999992 -4.371138806469333e-8
vn 0 0.9999999999999992 -4.371138806469333e-8
vn 0 0.9999999999999992 -4.371138806469333e-8
vn 0 0.9999999999999992 -4.371138806469333e-8
vn 1 0 0
vn 1 0 0
vn 1 0 0
vn 1 0 0
vn 1 0 0
vn 1 0 0
vn -1 0 0
vn -1 0 0
vn -1 0 0
vn -1 0 0
vn -1 0 0
vn -1 0 0
vn 1 0 0
vn 1 0 0
vn 1 0 0
vn 1 0 0
vn 1 0 0
vn 1 0 0
vn -1 0 0
vn -1 0 0
vn -1 0 0
vn -1 0 0
vn -1 0 0
vn -1 0 0
vn -1 0 0
vn -1 0 0
vn -1 0 0
vn -1 0 0
vn -1 0 0
vn -1 0 0
vn 0 -0.9999999999999992 4.371138806469333e-8
vn 0 -0.9999999999999992 4.371138806469333e-8
vn 0 -0.9999999999999992 4.371138806469333e-8
vn 0 -0.9999999999999992 4.371138806469333e-8
vn 0 -0.9999999999999992 4.371138806469333e-8
vn 0 -0.9999999999999992 4.371138806469333e-8
vn 1 0 0
vn 1 0 0
vn 1 0 0
vn 1 0 0
vn 1 0 0
vn 1 0 0
vn 1 0 0
vn 1 0 0
vn 1 0 0
vn 1 0 0
vn 1 0 0
vn 1 0 0
vn 0 0.9999999999999992 -4.371138806469333e-8
vn 0 0.9999999999999992 -4.371138806469333e-8
vn 0 0.9999999999999992 -4.371138806469333e-8
vn 0 0.9999999999999992 -4.371138806469333e-8
vn 0 0.9999999999999992 -4.371138806469333e-8
vn 0 0.9999999999999992 -4.371138806469333e-8
vn -1 0 0
vn -1 0 0
vn -1 0 0
vn -1 0 0
vn -1 0 0
vn -1 0 0
vn 1 0 0
vn 1 0 0
vn 1 0 0
vn 1 0 0
vn 1 0 0
vn 1 0 0
vn -1 0 0
vn -1 0 0
vn -1 0 0
vn -1 0 0
vn -1 0 0
vn -1 0 0
vn 0 -0.9999999999999992 4.371138806469333e-8
vn 0 -0.9999999999999992 4.371138806469333e-8
vn 0 -0.9999999999999992 4.371138806469333e-8
vn 0 -0.9999999999999992 4.371138806469333e-8
vn 0 -0.9999999999999992 4.371138806469333e-8
vn 0 -0.9999999999999992 4.371138806469333e-8
vn 1 0 0
vn 1 0 0
vn 1 0 0
vn 1 0 0
vn 1 0 0
vn 1 0 0
vn -1 0 0
vn -1 0 0
vn -1 0 0
vn -1 0 0
vn -1 0 0
vn -1 0 0
vn 0 -4.371138806469333e-8 -0.9999999999999992
vn 0 -4.371138806469333e-8 -0.9999999999999992
vn 0 -4.371138806469333e-8 -0.9999999999999992
vn 0 -4.371138806469333e-8 -0.9999999999999992
vn 0 -4.371138806469333e-8 -0.9999999999999992
vn 0 -4.371138806469333e-8 -0.9999999999999992
vn 0 0.9999999999999992 -4.371138806469333e-8
vn 0 0.9999999999999992 -4.371138806469333e-8
vn 0 0.9999999999999992 -4.371138806469333e-8
vn 0 0.9999999999999992 -4.371138806469333e-8
vn 0 0.9999999999999992 -4.371138806469333e-8
vn 0 0.9999999999999992 -4.371138806469333e-8
vn -1 0 0
vn -1 0 0
vn -1 0 0
vn -1 0 0
vn -1 0 0
vn -1 0 0
vn 1 0 0
vn 1 0 0
vn 1 0 0
vn 1 0 0
vn 1 0 0
vn 1 0 0
vn -2.4084161509536343e-7 -0.0000014329456876611182 0.9999999999989444
vn -2.4084161509536343e-7 -0.0000014329456876611182 0.9999999999989444
vn -2.4084161509536343e-7 -0.0000014329456876611182 0.9999999999989444
vn -2.4084161509536343e-7 -0.0000014329456876611182 0.9999999999989444
vn -2.4084161509536343e-7 -0.0000014329456876611182 0.9999999999989444
vn -2.4084161509536343e-7 -0.0000014329456876611182 0.9999999999989444
vn 0 0.9999999999999992 -4.371138806469333e-8
vn 0 0.9999999999999992 -4.371138806469333e-8
vn 0 0.9999999999999992 -4.371138806469333e-8
vn 0 0.9999999999999992 -4.371138806469333e-8
vn 0 0.9999999999999992 -4.371138806469333e-8
vn 0 0.9999999999999992 -4.371138806469333e-8
vn 0 0.9999999999999992 -4.371138806469333e-8
vn 0 0.9999999999999992 -4.371138806469333e-8
vn 0 0.9999999999999992 -4.371138806469333e-8
vn 0 0.9999999999999992 -4.371138806469333e-8
vn 0 0.9999999999999992 -4.371138806469333e-8
vn 0 0.9999999999999992 -4.371138806469333e-8
vn 0 0.9999999999999992 -4.371138806469333e-8
vn 0 0.9999999999999992 -4.371138806469333e-8
vn 0 0.9999999999999992 -4.371138806469333e-8
vn 0 0.9999999999999992 -4.371138806469333e-8
vn 0 0.9999999999999992 -4.371138806469333e-8
vn 0 0.9999999999999992 -4.371138806469333e-8
f 4105/4105/4105 4106/4106/4106 4107/4107/4107
f 4108/4108/4108 4109/4109/4109 4110/4110/4110
f 4111/4111/4111 4112/4112/4112 4113/4113/4113
f 4114/4114/4114 4115/4115/4115 4116/4116/4116
f 4117/4117/4117 4118/4118/4118 4119/4119/4119
f 4120/4120/4120 4121/4121/4121 4122/4122/4122
f 4123/4123/4123 4124/4124/4124 4125/4125/4125
f 4126/4126/4126 4127/4127/4127 4128/4128/4128
f 4129/4129/4129 4130/4130/4130 4131/4131/4131
f 4132/4132/4132 4133/4133/4133 4134/4134/4134
f 4135/4135/4135 4136/4136/4136 4137/4137/4137
f 4138/4138/4138 4139/4139/4139 4140/4140/4140
f 4141/4141/4141 4142/4142/4142 4143/4143/4143
f 4144/4144/4144 4145/4145/4145 4146/4146/4146
f 4147/4147/4147 4148/4148/4148 4149/4149/4149
f 4150/4150/4150 4151/4151/4151 4152/4152/4152
f 4153/4153/4153 4154/4154/4154 4155/4155/4155
f 4156/4156/4156 4157/4157/4157 4158/4158/4158
f 4159/4159/4159 4160/4160/4160 4161/4161/4161
f 4162/4162/4162 4163/4163/4163 4164/4164/4164
f 4165/4165/4165 4166/4166/4166 4167/4167/4167
f 4168/4168/4168 4169/4169/4169 4170/4170/4170
f 4171/4171/4171 4172/4172/4172 4173/4173/4173
f 4174/4174/4174 4175/4175/4175 4176/4176/4176
f 4177/4177/4177 4178/4178/4178 4179/4179/4179
f 4180/4180/4180 4181/4181/4181 4182/4182/4182
f 4183/4183/4183 4184/4184/4184 4185/4185/4185
f 4186/4186/4186 4187/4187/4187 4188/4188/4188
f 4189/4189/4189 4190/4190/4190 4191/4191/4191
f 4192/4192/4192 4193/4193/4193 4194/4194/4194
f 4195/4195/4195 4196/4196/4196 4197/4197/4197
f 4198/4198/4198 4199/4199/4199 4200/4200/4200
f 4201/4201/4201 4202/4202/4202 4203/4203/4203
f 4204/4204/4204 4205/4205/4205 4206/4206/4206
f 4207/4207/4207 4208/4208/4208 4209/4209/4209
f 4210/4210/4210 4211/4211/4211 4212/4212/4212
f 4213/4213/4213 4214/4214/4214 4215/4215/4215
f 4216/4216/4216 4217/4217/4217 4218/4218/4218
f 4219/4219/4219 4220/4220/4220 4221/4221/4221
f 4222/4222/4222 4223/4223/4223 4224/4224/4224
f 4225/4225/4225 4226/4226/4226 4227/4227/4227
f 4228/4228/4228 4229/4229/4229 4230/4230/4230
f 4231/4231/4231 4232/4232/4232 4233/4233/4233
f 4234/4234/4234 4235/4235/4235 4236/4236/4236
f 4237/4237/4237 4238/4238/4238 4239/4239/4239
f 4240/4240/4240 4241/4241/4241 4242/4242/4242
f 4243/4243/4243 4244/4244/4244 4245/4245/4245
f 4246/4246/4246 4247/4247/4247 4248/4248/4248
f 4249/4249/4249 4250/4250/4250 4251/4251/4251
f 4252/4252/4252 4253/4253/4253 4254/4254/4254
f 4255/4255/4255 4256/4256/4256 4257/4257/4257
f 4258/4258/4258 4259/4259/4259 4260/4260/4260
f 4261/4261/4261 4262/4262/4262 4263/4263/4263
f 4264/4264/4264 4265/4265/4265 4266/4266/4266
f 4267/4267/4267 4268/4268/4268 4269/4269/4269
f 4270/4270/4270 4271/4271/4271 4272/4272/4272
f 4273/4273/4273 4274/4274/4274 4275/4275/4275
f 4276/4276/4276 4277/4277/4277 4278/4278/4278
f 4279/4279/4279 4280/4280/4280 4281/4281/4281
f 4282/4282/4282 4283/4283/4283 4284/4284/4284
f 4285/4285/4285 4286/4286/4286 4287/4287/4287
f 4288/4288/4288 4289/4289/4289 4290/4290/4290
f 4291/4291/4291 4292/4292/4292 4293/4293/4293
f 4294/4294/4294 4295/4295/4295 4296/4296/4296
f 4297/4297/4297 4298/4298/4298 4299/4299/4299
f 4300/4300/4300 4301/4301/4301 4302/4302/4302
f 4303/4303/4303 4304/4304/4304 4305/4305/4305
f 4306/4306/4306 4307/4307/4307 4308/4308/4308
f 4309/4309/4309 4310/4310/4310 4311/4311/4311
f 4312/4312/4312 4313/4313/4313 4314/4314/4314
f 4315/4315/4315 4316/4316/4316 4317/4317/4317
f 4318/4318/4318 4319/4319/4319 4320/4320/4320
f 4321/4321/4321 4322/4322/4322 4323/4323/4323
f 4324/4324/4324 4325/4325/4325 4326/4326/4326
o box_medium005
usemtl DefaultMaterial
v -1831.9630737304688 546.4751715208854 309.88305991897903
v -1831.9630737304688 546.4751708652145 294.88305991897903
v -1039.6895141601562 546.4751708652145 294.88305991897903
v -1831.9630737304688 546.4751715208854 309.88305991897903
v -1039.6895141601562 546.4751708652145 294.88305991897903
v -1039.6895141601562 546.4751715208854 309.88305991897903
v -1039.6895141601562 546.4751715208854 309.88305991897903
v -1039.6895141601562 660.2251715208854 309.8830549468086
v -1831.9630737304688 660.2251715208854 309.8830549468086
v -1039.6895141601562 546.4751715208854 309.88305991897903
v -1831.9630737304688 660.2251715208854 309.8830549468086
v -1831.9630737304688 546.4751715208854 309.88305991897903
v -1039.6895141601562 546.4751708652145 294.88305991897903
v -1039.6895141601562 660.2251708652145 294.8830549468086
v -1039.6895141601562 660.2251715208854 309.8830549468086
v -1039.6895141601562 546.4751708652145 294.88305991897903
v -1039.6895141601562 660.2251715208854 309.8830549468086
v -1039.6895141601562 546.4751715208854 309.88305991897903
v -1831.9630737304688 546.4751708652145 294.88305991897903
v -1831.9630737304688 660.2251708652145 294.8830549468086
v -1039.6895141601562 660.2251708652145 294.8830549468086
v -1831.9630737304688 546.4751708652145 294.88305991897903
v -1039.6895141601562 660.2251708652145 294.8830549468086
v -1039.6895141601562 546.4751708652145 294.88305991897903
v -1831.9630737304688 546.4751715208854 309.88305991897903
v -1831.9630737304688 660.2251715208854 309.8830549468086
v -1831.9630737304688 660.2251708652145 294.8830549468086
v -1831.9630737304688 546.4751715208854 309.88305991897903
v -1831.9630737304688 660.2251708652145 294.8830549468086
v -1831.9630737304688 546.4751708652145 294.88305991897903
v -1831.9630737304688 696.4751715208854 309.8830533622708
v -1039.6895141601562 696.4751715208854 309.8830533622708
v -1039.6895141601562 696.4751708652145 294.8830533622708
v -1831.9630737304688 696.4751715208854 309.8830533622708
v -1039.6895141601562 696.4751708652145 294.8830533622708
v -1831.9630737304688 696.4751708652145 294.8830533622708
v -1831.9630737304688 696.4751708652145 294.8830533622708
v -1039.6895141601562 696.4751708652145 294.8830533622708
v -1039.6895141601562 660.2251708652145 294.8830549468086
v -1831.9630737304688 696.4751708652145 294.8830533622708
v -1039.6895141601562 660.2251708652145 294.8830549468086
v -1831.9630737304688 660.2251708652145 294.8830549468086
v -1039.6895141601562 696.4751715208854 309.8830533622708
v -1831.9630737304688 696.4751715208854 309.8830533622708
v -1831.9630737304688 688.758771374401 309.8830536995654
v -1039.6895141601562 696.4751715208854 309.8830533622708
v -1831.9630737304688 688.758771374401 309.8830536995654
v -1039.6895141601562 688.758771374401 309.8830536995654
v -1831.9630737304688 660.2251715208854 309.8830549468086
v -1039.6895141601562 660.2251715208854 309.8830549468086
v -1039.6895141601562 667.9415716673698 309.8830546095141
v -1831.9630737304688 660.2251715208854 309.8830549468086
v -1039.6895141601562 667.9415716673698 309.8830546095141
v -1831.9630737304688 667.9415716673698 309.8830546095141
v -1039.6895141601562 694.9751709307816 296.3830534278379
v -1039.6895141601562 694.9751714553182 308.3830534278379
v -1831.9630737304688 694.9751714553182 308.3830534278379
v -1039.6895141601562 694.9751709307816 296.3830534278379
v -1831.9630737304688 694.9751714553182 308.3830534278379
v -1831.9630737304688 694.9751709307816 296.3830534278379
v -1831.9630737304688 694.9751709307816 296.3830534278379
v -1831.9630737304688 661.7251709307816 296.38305488124155
v -1039.6895141601562 661.7251709307816 296.38305488124155
v -1831.9630737304688 694.9751709307816 296.3830534278379
v -1039.6895141601562 661.7251709307816 296.38305488124155
v -1039.6895141601562 694.9751709307816 296.3830534278379
v -1831.9630737304688 688.7587713088338 308.3830536995654
v -1831.9630737304688 694.9751714553182 308.3830534278379
v -1039.6895141601562 694.9751714553182 308.3830534278379
v -1831.9630737304688 688.7587713088338 308.3830536995654
v -1039.6895141601562 694.9751714553182 308.3830534278379
v -1039.6895141601562 688.7587713088338 308.3830536995654
v -1039.6895141601562 667.9415716018027 308.3830546095141
v -1039.6895141601562 661.7251714553183 308.38305488124155
v -1831.9630737304688 661.7251714553183 308.38305488124155
v -1039.6895141601562 667.9415716018027 308.3830546095141
v -1831.9630737304688 661.7251714553183 308.38305488124155
v -1831.9630737304688 667.9415716018027 308.3830546095141
v -1831.9630737304688 661.7251714553183 308.38305488124155
v -1039.6895141601562 661.7251714553183 308.38305488124155
v -1039.6895141601562 661.7251709307816 296.38305488124155
v -1831.9630737304688 661.7251714553183 308.38305488124155
v -1039.6895141601562 661.7251709307816 296.38305488124155
v -1831.9630737304688 661.7251709307816 296.38305488124155
v -1039.6895141601562 696.4751708652145 294.8830533622708
v -1039.6895141601562 696.4751715208854 309.8830533622708
v -1039.6895141601562 694.9751714553182 308.3830534278379
v -1039.6895141601562 696.4751708652145 294.8830533622708
v -1039.6895141601562 694.9751714553182 308.3830534278379
v -1039.6895141601562 694.9751709307816 296.3830534278379
v -1831.9630737304688 696.4751715208854 309.8830533622708
v -1831.9630737304688 696.4751708652145 294.8830533622708
v -1831.9630737304688 694.9751709307816 296.3830534278379
v -1831.9630737304688 696.4751715208854 309.8830533622708
v -1831.9630737304688 694.9751709307816 296.3830534278379
v -1831.9630737304688 694.9751714553182 308.3830534278379
v -1039.6895141601562 694.9751709307816 296.3830534278379
v -1039.6895141601562 661.7251709307816 296.38305488124155
v -1039.6895141601562 660.2251708652145 294.8830549468086
v -1039.6895141601562 694.9751709307816 296.3830534278379
v -1039.6895141601562 660.2251708652145 294.8830549468086
v -1039.6895141601562 696.4751708652145 294.8830533622708
v -1831.9630737304688 661.7251709307816 296.38305488124155
v -1831.9630737304688 694.9751709307816 296.3830534278379
v -1831.9630737304688 696.4751708652145 294.8830533622708
v -1831.9630737304688 661.7251709307816 296.38305488124155
v -1831.9630737304688 696.4751708652145 294.8830533622708
v -1831.9630737304688 660.2251708652145 294.8830549468086
v -1831.9630737304688 688.758771374401 309.8830536995654
v -1831.9630737304688 696.4751715208854 309.8830533622708
v -1831.9630737304688 694.9751714553182 308.3830534278379
v -1831.9630737304688 688.758771374401 309.8830536995654
v -1831.9630737304688 694.9751714553182 308.3830534278379
v -1831.9630737304688 688.7587713088338 308.3830536995654
v -1039.6895141601562 688.758771374401 309.8830536995654
v -1831.9630737304688 688.758771374401 309.8830536995654
v -1831.9630737304688 688.7587713088338 308.3830536995654
v -1039.6895141601562 688.758771374401 309.8830536995654
v -1831.9630737304688 688.7587713088338 308.3830536995654
v -1039.6895141601562 688.7587713088338 308.3830536995654
v -1039.6895141601562 696.4751715208854 309.8830533622708
v -1039.6895141601562 688.758771374401 309.8830536995654
v -1039.6895141601562 688.7587713088338 308.3830536995654
v -1039.6895141601562 696.4751715208854 309.8830533622708
v -1039.6895141601562 688.7587713088338 308.3830536995654
v -1039.6895141601562 694.9751714553182 308.3830534278379
v -1039.6895141601562 667.9415716673698 309.8830546095141
v -1039.6895141601562 660.2251715208854 309.8830549468086
v -1039.6895141601562 661.7251714553183 308.38305488124155
v -1039.6895141601562 667.9415716673698 309.8830546095141
v -1039.6895141601562 661.7251714553183 308.38305488124155
v -1039.6895141601562 667.9415716018027 308.3830546095141
v -1831.9630737304688 667.9415716673698 309.8830546095141
v -1039.6895141601562 667.9415716673698 309.8830546095141
v -1039.6895141601562 667.9415716018027 308.3830546095141
v -1831.9630737304688 667.9415716673698 309.8830546095141
v -1039.6895141601562 667.9415716018027 308.3830546095141
v -1831.9630737304688 667.9415716018027 308.3830546095141
v -1831.9630737304688 660.2251715208854 309.8830549468086
v -1831.9630737304688 667.9415716673698 309.8830546095141
v -1831.9630737304688 667.9415716018027 308.3830546095141
v -1831.9630737304688 660.2251715208854 309.8830549468086
v -1831.9630737304688 667.9415716018027 308.3830546095141
v -1831.9630737304688 661.7251714553183 308.38305488124155
v -1039.6895141601562 660.2251715208854 309.8830549468086
v -1039.6895141601562 660.2251708652145 294.8830549468086
v -1039.6895141601562 661.7251709307816 296.38305488124155
v -1039.6895141601562 660.2251715208854 309.8830549468086
v -1039.6895141601562 661.7251709307816 296.38305488124155
v -1039.6895141601562 661.7251714553183 308.38305488124155
v -1831.9630737304688 660.2251708652145 294.8830549468086
v -1831.9630737304688 660.2251715208854 309.8830549468086
v -1831.9630737304688 661.7251714553183 308.38305488124155
v -1831.9630737304688 660.2251708652145 294.8830549468086
v -1831.9630737304688 661.7251714553183 308.38305488124155
v -1831.9630737304688 661.7251709307816 296.38305488124155
v -1821.9630126953125 556.4751708768868 295.1500882904589
v -1821.9630126953125 556.4751458619271 -277.1254854400097
v -1049.6895446777344 556.4751458619271 -277.1254854400097
v -1821.9630126953125 556.4751708768868 295.1500882904589
v -1049.6895446777344 556.4751458619271 -277.1254854400097
v -1049.6895446777344 556.4751708768868 295.1500882904589
v -1049.6895446777344 556.4751708768868 295.1500882904589
v -1049.6895446777344 556.4751458619271 -277.1254854400097
v -1049.6895446777344 686.4751458619271 -277.1254911224902
v -1049.6895446777344 556.4751708768868 295.1500882904589
v -1049.6895446777344 686.4751458619271 -277.1254911224902
v -1049.6895446777344 686.4751708768868 295.15008260797845
v -1821.9630126953125 556.4751458619271 -277.1254854400097
v -1821.9630126953125 556.4751708768868 295.1500882904589
v -1821.9630126953125 686.4751708768868 295.15008260797845
v -1821.9630126953125 556.4751458619271 -277.1254854400097
v -1821.9630126953125 686.4751708768868 295.15008260797845
v -1821.9630126953125 686.4751458619271 -277.1254911224902
v -1821.9630126953125 686.4751458619271 -277.1254911224902
v -1049.6895446777344 686.4751458619271 -277.1254911224902
v -1049.6895446777344 556.4751458619271 -277.1254854400097
v -1821.9630126953125 686.4751458619271 -277.1254911224902
v -1049.6895446777344 556.4751458619271 -277.1254854400097
v -1821.9630126953125 556.4751458619271 -277.1254854400097
v -1055.6895446777344 562.4751461241954 -271.12548570227807
v -1815.9630126953125 562.4751461241793 -271.12585191321557
v -1815.9630126953125 562.4751708768868 295.15008802819057
v -1055.6895446777344 562.4751461241954 -271.12548570227807
v -1815.9630126953125 562.4751708768868 295.15008802819057
v -1055.6895446777344 562.4751708768868 295.15008802819057
v -1055.6895446777344 686.4751461241954 -271.1254911224902
v -1055.6895446777344 562.4751461241954 -271.12548570227807
v -1055.6895446777344 562.4751708768868 295.15008802819057
v -1055.6895446777344 686.4751461241954 -271.1254911224902
v -1055.6895446777344 562.4751708768868 295.15008802819057
v -1055.6895446777344 686.4751708768868 295.15008260797845
v -1815.9630126953125 686.4751708768868 295.15008260797845
v -1815.9630126953125 562.4751708768868 295.15008802819057
v -1815.9630126953125 562.4751461241793 -271.12585191321557
v -1815.9630126953125 686.4751708768868 295.15008260797845
v -1815.9630126953125 562.4751461241793 -271.12585191321557
v -1815.9630126953125 686.4751461241954 -271.1254911224902
v -1055.6895446777344 562.4751461241954 -271.12548570227807
v -1055.6895446777344 686.4751461241954 -271.1254911224902
v -1815.9630126953125 686.4751461241954 -271.1254911224902
v -1055.6895446777344 562.4751461241954 -271.12548570227807
v -1815.9630126953125 686.4751461241954 -271.1254911224902
v -1815.9630126953125 562.4751461241793 -271.12585191321557
v -1049.6895446777344 686.4751708768868 295.15008260797845
v -1049.6895446777344 686.4751458619271 -277.1254911224902
v -1055.6895446777344 686.4751461241954 -271.1254911224902
v -1049.6895446777344 686.4751708768868 295.15008260797845
v -1055.6895446777344 686.4751461241954 -271.1254911224902
v -1055.6895446777344 686.4751708768868 295.15008260797845
v -1821.9630126953125 686.4751458619271 -277.1254911224902
v -1821.9630126953125 686.4751708768868 295.15008260797845
v -1815.9630126953125 686.4751708768868 295.15008260797845
v -1821.9630126953125 686.4751458619271 -277.1254911224902
v -1815.9630126953125 686.4751708768868 295.15008260797845
v -1815.9630126953125 686.4751461241954 -271.1254911224902
v -1049.6895446777344 686.4751458619271 -277.1254911224902
v -1821.9630126953125 686.4751458619271 -277.1254911224902
v -1815.9630126953125 686.4751461241954 -271.1254911224902
v -1049.6895446777344 686.4751458619271 -277.1254911224902
v -1815.9630126953125 686.4751461241954 -271.1254911224902
v -1055.6895446777344 686.4751461241954 -271.1254911224902
vt 0.43554240465164185 0.31670820713043213
vt 0.43554240465164185 0.31304609775543213
vt 0.6289682984352112 0.31304609775543213
vt 0.43554240465164185 0.31670820713043213
vt 0.6289682984352112 0.31304609775543213
vt 0.6289682984352112 0.31670820713043213
vt 0.6289687752723694 0.23138189315795898
vt 0.6289687752723694 0.26159441471099854
vt 0.43554240465164185 0.26159441471099854
vt 0.6289687752723694 0.23138189315795898
vt 0.43554240465164185 0.26159441471099854
vt 0.43554240465164185 0.23138189315795898
vt 0.9110421538352966 0.8075682520866394
vt 0.9110421538352966 0.8377806544303894
vt 0.9073800444602966 0.8377806544303894
vt 0.9110421538352966 0.8075682520866394
vt 0.9073800444602966 0.8377806544303894
vt 0.9073800444602966 0.8075682520866394
vt 0.8376659750938416 0.2132343053817749
vt 0.8376659750938416 0.2434467077255249
vt 0.6442398428916931 0.2434467077255249
vt 0.8376659750938416 0.2132343053817749
vt 0.6442398428916931 0.2434467077255249
vt 0.6442398428916931 0.2132343053817749
vt 0.9790956377983093 0.9164538383483887
vt 0.9790956377983093 0.9466661214828491
vt 0.9754335284233093 0.9466661214828491
vt 0.9790956377983093 0.9164538383483887
vt 0.9754335284233093 0.9466661214828491
vt 0.9754335284233093 0.9164538383483887
vt 0.6397029161453247 0.3039723038673401
vt 0.8331276178359985 0.3039723038673401
vt 0.8331276178359985 0.30763453245162964
vt 0.6397029161453247 0.3039723038673401
vt 0.8331276178359985 0.30763453245162964
vt 0.6397029161453247 0.30763453245162964
vt 0.8376659750938416 0.2498553991317749
vt 0.6442398428916931 0.2498553991317749
vt 0.6442398428916931 0.2434467077255249
vt 0.8376659750938416 0.2498553991317749
vt 0.6442398428916931 0.2434467077255249
vt 0.8376659750938416 0.2434467077255249
vt 0.9783109426498413 0.17882299423217773
vt 0.7848837375640869 0.17882299423217773
vt 0.7848837375640869 0.17693912982940674
vt 0.9783109426498413 0.17882299423217773
vt 0.7848837375640869 0.17693912982940674
vt 0.9783109426498413 0.17693912982940674
vt 0.43554240465164185 0.26159441471099854
vt 0.6289687752723694 0.26159441471099854
vt 0.6289687752723694 0.26347827911376953
vt 0.43554240465164185 0.26159441471099854
vt 0.6289687752723694 0.26347827911376953
vt 0.43554240465164185 0.26347827911376953
vt 0.21610765159130096 0.34480440616607666
vt 0.21610765159130096 0.34773409366607666
vt 0.022684499621391296 0.34773409366607666
vt 0.21610765159130096 0.34480440616607666
vt 0.022684499621391296 0.34773409366607666
vt 0.022684499621391296 0.34480440616607666
vt 0.7848837375640869 0.1962260603904724
vt 0.7848837375640869 0.1905497908592224
vt 0.978310227394104 0.1905497908592224
vt 0.7848837375640869 0.1962260603904724
vt 0.978310227394104 0.1905497908592224
vt 0.978310227394104 0.1962260603904724
vt 0.8331221342086792 0.31304609775543213
vt 0.8331221342086792 0.3145638704299927
vt 0.6397029161453247 0.3145638704299927
vt 0.8331221342086792 0.31304609775543213
vt 0.6397029161453247 0.3145638704299927
vt 0.6397029161453247 0.31304609775543213
vt 0.7848837375640869 0.18299365043640137
vt 0.7848837375640869 0.18147599697113037
vt 0.9783104658126831 0.18147599697113037
vt 0.7848837375640869 0.18299365043640137
vt 0.9783104658126831 0.18147599697113037
vt 0.9783104658126831 0.18299365043640137
vt 0.7848837375640869 0.18601292371749878
vt 0.9783103466033936 0.18601292371749878
vt 0.9783103466033936 0.18894261121749878
vt 0.7848837375640869 0.18601292371749878
vt 0.9783103466033936 0.18894261121749878
vt 0.7848837375640869 0.18894261121749878
vt 0.9110421538352966 0.8441893458366394
vt 0.9073800444602966 0.8441893458366394
vt 0.9077462553977966 0.8438231348991394
vt 0.9110421538352966 0.8441893458366394
vt 0.9077462553977966 0.8438231348991394
vt 0.9106759428977966 0.8438231348991394
vt 0.9790956377983093 0.9530749320983887
vt 0.9754335284233093 0.9530749320983887
vt 0.9757997393608093 0.9527084827423096
vt 0.9790956377983093 0.9530749320983887
vt 0.9757997393608093 0.9527084827423096
vt 0.9787294268608093 0.9527084827423096
vt 0.9106759428977966 0.8438231348991394
vt 0.9106759428977966 0.8381468653678894
vt 0.9110421538352966 0.8377806544303894
vt 0.9106759428977966 0.8438231348991394
vt 0.9110421538352966 0.8377806544303894
vt 0.9110421538352966 0.8441893458366394
vt 0.9757997393608093 0.9470323324203491
vt 0.9757997393608093 0.9527084827423096
vt 0.9754335284233093 0.9530749320983887
vt 0.9757997393608093 0.9470323324203491
vt 0.9754335284233093 0.9530749320983887
vt 0.9754335284233093 0.9466661214828491
vt 0.9790956377983093 0.9511909484863281
vt 0.9790956377983093 0.9530749320983887
vt 0.9787294268608093 0.9527084827423096
vt 0.9790956377983093 0.9511909484863281
vt 0.9787294268608093 0.9527084827423096
vt 0.9787294268608093 0.9511909484863281
vt 0.9783143997192383 0.17276841402053833
vt 0.7848837375640869 0.17276841402053833
vt 0.7848837375640869 0.17240220308303833
vt 0.9783143997192383 0.17276841402053833
vt 0.7848837375640869 0.17240220308303833
vt 0.9783143997192383 0.17240220308303833
vt 0.9073800444602966 0.8441893458366394
vt 0.9073800444602966 0.8423054814338684
vt 0.9077462553977966 0.8423054814338684
vt 0.9073800444602966 0.8441893458366394
vt 0.9077462553977966 0.8423054814338684
vt 0.9077462553977966 0.8438231348991394
vt 0.9073800444602966 0.8396645188331604
vt 0.9073800444602966 0.8377806544303894
vt 0.9077462553977966 0.8381468653678894
vt 0.9073800444602966 0.8396645188331604
vt 0.9077462553977966 0.8381468653678894
vt 0.9077462553977966 0.8396645188331604
vt 0.7848837375640869 0.1633284091949463
vt 0.9783152341842651 0.1633284091949463
vt 0.9783152341842651 0.1636946201324463
vt 0.7848837375640869 0.1633284091949463
vt 0.9783152341842651 0.1636946201324463
vt 0.7848837375640869 0.1636946201324463
vt 0.9790956377983093 0.9466661214828491
vt 0.9790956377983093 0.9485499858856201
vt 0.9787294268608093 0.9485499858856201
vt 0.9790956377983093 0.9466661214828491
vt 0.9787294268608093 0.9485499858856201
vt 0.9787294268608093 0.9470323324203491
vt 0.9073800444602966 0.8377806544303894
vt 0.9110421538352966 0.8377806544303894
vt 0.9106759428977966 0.8381468653678894
vt 0.9073800444602966 0.8377806544303894
vt 0.9106759428977966 0.8381468653678894
vt 0.9077462553977966 0.8381468653678894
vt 0.9754335284233093 0.9466661214828491
vt 0.9790956377983093 0.9466661214828491
vt 0.9787294268608093 0.9470323324203491
vt 0.9754335284233093 0.9466661214828491
vt 0.9787294268608093 0.9470323324203491
vt 0.9757997393608093 0.9470323324203491
vt 0.009073801338672638 0.5026677846908569
vt 0.009073801338672638 0.36295199394226074
vt 0.19761711359024048 0.36295199394226074
vt 0.009073801338672638 0.5026677846908569
vt 0.19761711359024048 0.36295199394226074
vt 0.19761711359024048 0.5026677846908569
vt 0.20897559821605682 0.9262559413909912
vt 0.3486913740634918 0.9262559413909912
vt 0.3486913740634918 0.9579942226409912
vt 0.20897559821605682 0.9262559413909912
vt 0.3486913740634918 0.9579942226409912
vt 0.20897559821605682 0.9579942226409912
vt 0.508132815361023 0.9300645589828491
vt 0.6478482484817505 0.9300645589828491
vt 0.6478482484817505 0.9618029594421387
vt 0.508132815361023 0.9300645589828491
vt 0.6478482484817505 0.9618029594421387
vt 0.508132815361023 0.9618029594421387
vt 0.998194694519043 0.6220537424087524
vt 0.9159804582595825 0.6220537424087524
vt 0.9159804582595825 0.6082141995429993
vt 0.998194694519043 0.6220537424087524
vt 0.9159804582595825 0.6082141995429993
vt 0.998194694519043 0.6082141995429993
vt 0.3943110406398773 0.891376256942749
vt 0.20869740843772888 0.891376256942749
vt 0.20869740843772888 0.7531254291534424
vt 0.3943110406398773 0.891376256942749
vt 0.20869740843772888 0.7531254291534424
vt 0.3943110406398773 0.7531254291534424
vt 0.6941457390785217 0.9558010697364807
vt 0.6941457390785217 0.9255276322364807
vt 0.8323965668678284 0.9255276322364807
vt 0.6941457390785217 0.9558010697364807
vt 0.8323965668678284 0.9255276322364807
vt 0.8323965668678284 0.9558010697364807
vt 0.508132815361023 0.9966331720352173
vt 0.508132815361023 0.9663597345352173
vt 0.6463839411735535 0.9663597345352173
vt 0.508132815361023 0.9966331720352173
vt 0.6463839411735535 0.9663597345352173
vt 0.6463838219642639 0.9966331720352173
vt 0.39431098103523254 0.8937693238258362
vt 0.39431098103523254 0.9240427613258362
vt 0.2086973935365677 0.9240427613258362
vt 0.39431098103523254 0.8937693238258362
vt 0.2086973935365677 0.9240427613258362
vt 0.2086973935365677 0.8937693238258362
vt 0.8226437568664551 0.5988707542419434
vt 0.8226437568664551 0.7385871410369873
vt 0.8211789131164551 0.7371222972869873
vt 0.8226437568664551 0.5988707542419434
vt 0.8211789131164551 0.7371222972869873
vt 0.8211789131164551 0.5988707542419434
vt 0.8166420459747314 0.7385871410369873
vt 0.8166420459747314 0.5988707542419434
vt 0.8181068897247314 0.5988707542419434
vt 0.8166420459747314 0.7385871410369873
vt 0.8181068897247314 0.5988707542419434
vt 0.8181068897247314 0.7371222972869873
vt 0.6240864396095276 0.3326585292816162
vt 0.43554240465164185 0.3326585292816162
vt 0.43700724840164185 0.3311936855316162
vt 0.6240864396095276 0.3326585292816162
vt 0.43700724840164185 0.3311936855316162
vt 0.6226215958595276 0.3311936855316162
vn 0 -0.9999999999999992 4.371138806469333e-8
vn 0 -0.9999999999999992 4.371138806469333e-8
vn 0 -0.9999999999999992 4.371138806469333e-8
vn 0 -0.9999999999999992 4.371138806469333e-8
vn 0 -0.9999999999999992 4.371138806469333e-8
vn 0 -0.9999999999999992 4.371138806469333e-8
vn 0 4.371138806469333e-8 0.9999999999999992
vn 0 4.371138806469333e-8 0.9999999999999992
vn 0 4.371138806469333e-8 0.9999999999999992
vn 0 4.371138806469333e-8 0.9999999999999992
vn 0 4.371138806469333e-8 0.9999999999999992
vn 0 4.371138806469333e-8 0.9999999999999992
vn 1 0 0
vn 1 0 0
vn 1 0 0
vn 1 0 0
vn 1 0 0
vn 1 0 0
vn 0 -4.371138806469333e-8 -0.9999999999999992
vn 0 -4.371138806469333e-8 -0.9999999999999992
vn 0 -4.371138806469333e-8 -0.9999999999999992
vn 0 -4.371138806469333e-8 -0.9999999999999992
vn 0 -4.371138806469333e-8 -0.9999999999999992
vn 0 -4.371138806469333e-8 -0.9999999999999992
vn -1 0 0
vn -1 0 0
vn -1 0 0
vn -1 0 0
vn -1 0 0
vn -1 0 0
vn 0 0.9999999999999992 -4.371138806469333e-8
vn 0 0.9999999999999992 -4.371138806469333e-8
vn 0 0.9999999999999992 -4.371138806469333e-8
vn 0 0.9999999999999992 -4.371138806469333e-8
vn 0 0.9999999999999992 -4.371138806469333e-8
vn 0 0.9999999999999992 -4.371138806469333e-8
vn 0 -4.371138806469333e-8 -0.9999999999999992
vn 0 -4.371138806469333e-8 -0.9999999999999992
vn 0 -4.371138806469333e-8 -0.9999999999999992
vn 0 -4.371138806469333e-8 -0.9999999999999992
vn 0 -4.371138806469333e-8 -0.9999999999999992
vn 0 -4.371138806469333e-8 -0.9999999999999992
vn 0 4.371138806469333e-8 0.9999999999999992
vn 0 4.371138806469333e-8 0.9999999999999992
vn 0 4.371138806469333e-8 0.9999999999999992
vn 0 4.371138806469333e-8 0.9999999999999992
vn 0 4.371138806469333e-8 0.9999999999999992
vn 0 4.371138806469333e-8 0.9999999999999992
vn 0 4.371138806469333e-8 0.9999999999999992
vn 0 4.371138806469333e-8 0.9999999999999992
vn 0 4.371138806469333e-8 0.9999999999999992
vn 0 4.371138806469333e-8 0.9999999999999992
vn 0 4.371138806469333e-8 0.9999999999999992
vn 0 4.371138806469333e-8 0.9999999999999992
vn 0 -0.9999999999999992 4.371138806469333e-8
vn 0 -0.9999999999999992 4.371138806469333e-8
vn 0 -0.9999999999999992 4.371138806469333e-8
vn 0 -0.9999999999999992 4.371138806469333e-8
vn 0 -0.9999999999999992 4.371138806469333e-8
vn 0 -0.9999999999999992 4.371138806469333e-8
vn 0 4.371138806469333e-8 0.9999999999999992
vn 0 4.371138806469333e-8 0.9999999999999992
vn 0 4.371138806469333e-8 0.9999999999999992
vn 0 4.371138806469333e-8 0.9999999999999992
vn 0 4.371138806469333e-8 0.9999999999999992
vn 0 4.371138806469333e-8 0.9999999999999992
vn 0 -4.371138806469333e-8 -0.9999999999999992
vn 0 -4.371138806469333e-8 -0.9999999999999992
vn 0 -4.371138806469333e-8 -0.9999999999999992
vn 0 -4.371138806469333e-8 -0.9999999999999992
vn 0 -4.371138806469333e-8 -0.9999999999999992
vn 0 -4.371138806469333e-8 -0.9999999999999992
vn 0 -4.371138806469333e-8 -0.9999999999999992
vn 0 -4.371138806469333e-8 -0.9999999999999992
vn 0 -4.371138806469333e-8 -0.9999999999999992
vn 0 -4.371138806469333e-8 -0.9999999999999992
vn 0 -4.371138806469333e-8 -0.9999999999999992
vn 0 -4.371138806469333e-8 -0.9999999999999992
vn 0 0.9999999999999992 -4.371138806469333e-8
vn 0 0.9999999999999992 -4.371138806469333e-8
vn 0 0.9999999999999992 -4.371138806469333e-8
vn 0 0.9999999999999992 -4.371138806469333e-8
vn 0 0.9999999999999992 -4.371138806469333e-8
vn 0 0.9999999999999992 -4.371138806469333e-8
vn 1 0 0
vn 1 0 0
vn 1 0 0
vn 1 0 0
vn 1 0 0
vn 1 0 0
vn -1 0 0
vn -1 0 0
vn -1 0 0
vn -1 0 0
vn -1 0 0
vn -1 0 0
vn 1 0 0
vn 1 0 0
vn 1 0 0
vn 1 0 0
vn 1 0 0
vn 1 0 0
vn -1 0 0
vn -1 0 0
vn -1 0 0
vn -1 0 0
vn -1 0 0
vn -1 0 0
vn -1 0 0
vn -1 0 0
vn -1 0 0
vn -1 0 0
vn -1 0 0
vn -1 0 0
vn 0 -0.9999999999999992 4.371138806469333e-8
vn 0 -0.9999999999999992 4.371138806469333e-8
vn 0 -0.9999999999999992 4.371138806469333e-8
vn 0 -0.9999999999999992 4.371138806469333e-8
vn 0 -0.9999999999999992 4.371138806469333e-8
vn 0 -0.9999999999999992 4.371138806469333e-8
vn 1 0 0
vn 1 0 0
vn 1 0 0
vn 1 0 0
vn 1 0 0
vn 1 0 0
vn 1 0 0
vn 1 0 0
vn 1 0 0
vn 1 0 0
vn 1 0 0
vn 1 0 0
vn 0 0.9999999999999992 -4.371138806469333e-8
vn 0 0.9999999999999992 -4.371138806469333e-8
vn 0 0.9999999999999992 -4.371138806469333e-8
vn 0 0.9999999999999992 -4.371138806469333e-8
vn 0 0.9999999999999992 -4.371138806469333e-8
vn 0 0.9999999999999992 -4.371138806469333e-8
vn -1 0 0
vn -1 0 0
vn -1 0 0
vn -1 0 0
vn -1 0 0
vn -1 0 0
vn 1 0 0
vn 1 0 0
vn 1 0 0
vn 1 0 0
vn 1 0 0
vn 1 0 0
vn -1 0 0
vn -1 0 0
vn -1 0 0
vn -1 0 0
vn -1 0 0
vn -1 0 0
vn 0 -0.9999999999999992 4.371138806469333e-8
vn 0 -0.9999999999999992 4.371138806469333e-8
vn 0 -0.9999999999999992 4.371138806469333e-8
vn 0 -0.9999999999999992 4.371138806469333e-8
vn 0 -0.9999999999999992 4.371138806469333e-8
vn 0 -0.9999999999999992 4.371138806469333e-8
vn 1 0 0
vn 1 0 0
vn 1 0 0
vn 1 0 0
vn 1 0 0
vn 1 0 0
vn -1 0 0
vn -1 0 0
vn -1 0 0
vn -1 0 0
vn -1 0 0
vn -1 0 0
vn 0 -4.371138806469333e-8 -0.9999999999999992
vn 0 -4.371138806469333e-8 -0.9999999999999992
vn 0 -4.371138806469333e-8 -0.9999999999999992
vn 0 -4.371138806469333e-8 -0.9999999999999992
vn 0 -4.371138806469333e-8 -0.9999999999999992
vn 0 -4.371138806469333e-8 -0.9999999999999992
vn 0 0.9999999999999992 -4.371138806469333e-8
vn 0 0.9999999999999992 -4.371138806469333e-8
vn 0 0.9999999999999992 -4.371138806469333e-8
vn 0 0.9999999999999992 -4.371138806469333e-8
vn 0 0.9999999999999992 -4.371138806469333e-8
vn 0 0.9999999999999992 -4.371138806469333e-8
vn -1 0 0
vn -1 0 0
vn -1 0 0
vn -1 0 0
vn -1 0 0
vn -1 0 0
vn 1 0 0
vn 1 0 0
vn 1 0 0
vn 1 0 0
vn 1 0 0
vn 1 0 0
vn -2.4084161509536343e-7 -0.0000014329456876611182 0.9999999999989444
vn -2.4084161509536343e-7 -0.0000014329456876611182 0.9999999999989444
vn -2.4084161509536343e-7 -0.0000014329456876611182 0.9999999999989444
vn -2.4084161509536343e-7 -0.0000014329456876611182 0.9999999999989444
vn -2.4084161509536343e-7 -0.0000014329456876611182 0.9999999999989444
vn -2.4084161509536343e-7 -0.0000014329456876611182 0.9999999999989444
vn 0 0.9999999999999992 -4.371138806469333e-8
vn 0 0.9999999999999992 -4.371138806469333e-8
vn 0 0.9999999999999992 -4.371138806469333e-8
vn 0 0.9999999999999992 -4.371138806469333e-8
vn 0 0.9999999999999992 -4.371138806469333e-8
vn 0 0.9999999999999992 -4.371138806469333e-8
vn 0 0.9999999999999992 -4.371138806469333e-8
vn 0 0.9999999999999992 -4.371138806469333e-8
vn 0 0.9999999999999992 -4.371138806469333e-8
vn 0 0.9999999999999992 -4.371138806469333e-8
vn 0 0.9999999999999992 -4.371138806469333e-8
vn 0 0.9999999999999992 -4.371138806469333e-8
vn 0 0.9999999999999992 -4.371138806469333e-8
vn 0 0.9999999999999992 -4.371138806469333e-8
vn 0 0.9999999999999992 -4.371138806469333e-8
vn 0 0.9999999999999992 -4.371138806469333e-8
vn 0 0.9999999999999992 -4.371138806469333e-8
vn 0 0.9999999999999992 -4.371138806469333e-8
f 4327/4327/4327 4328/4328/4328 4329/4329/4329
f 4330/4330/4330 4331/4331/4331 4332/4332/4332
f 4333/4333/4333 4334/4334/4334 4335/4335/4335
f 4336/4336/4336 4337/4337/4337 4338/4338/4338
f 4339/4339/4339 4340/4340/4340 4341/4341/4341
f 4342/4342/4342 4343/4343/4343 4344/4344/4344
f 4345/4345/4345 4346/4346/4346 4347/4347/4347
f 4348/4348/4348 4349/4349/4349 4350/4350/4350
f 4351/4351/4351 4352/4352/4352 4353/4353/4353
f 4354/4354/4354 4355/4355/4355 4356/4356/4356
f 4357/4357/4357 4358/4358/4358 4359/4359/4359
f 4360/4360/4360 4361/4361/4361 4362/4362/4362
f 4363/4363/4363 4364/4364/4364 4365/4365/4365
f 4366/4366/4366 4367/4367/4367 4368/4368/4368
f 4369/4369/4369 4370/4370/4370 4371/4371/4371
f 4372/4372/4372 4373/4373/4373 4374/4374/4374
f 4375/4375/4375 4376/4376/4376 4377/4377/4377
f 4378/4378/4378 4379/4379/4379 4380/4380/4380
f 4381/4381/4381 4382/4382/4382 4383/4383/4383
f 4384/4384/4384 4385/4385/4385 4386/4386/4386
f 4387/4387/4387 4388/4388/4388 4389/4389/4389
f 4390/4390/4390 4391/4391/4391 4392/4392/4392
f 4393/4393/4393 4394/4394/4394 4395/4395/4395
f 4396/4396/4396 4397/4397/4397 4398/4398/4398
f 4399/4399/4399 4400/4400/4400 4401/4401/4401
f 4402/4402/4402 4403/4403/4403 4404/4404/4404
f 4405/4405/4405 4406/4406/4406 4407/4407/4407
f 4408/4408/4408 4409/4409/4409 4410/4410/4410
f 4411/4411/4411 4412/4412/4412 4413/4413/4413
f 4414/4414/4414 4415/4415/4415 4416/4416/4416
f 4417/4417/4417 4418/4418/4418 4419/4419/4419
f 4420/4420/4420 4421/4421/4421 4422/4422/4422
f 4423/4423/4423 4424/4424/4424 4425/4425/4425
f 4426/4426/4426 4427/4427/4427 4428/4428/4428
f 4429/4429/4429 4430/4430/4430 4431/4431/4431
f 4432/4432/4432 4433/4433/4433 4434/4434/4434
f 4435/4435/4435 4436/4436/4436 4437/4437/4437
f 4438/4438/4438 4439/4439/4439 4440/4440/4440
f 4441/4441/4441 4442/4442/4442 4443/4443/4443
f 4444/4444/4444 4445/4445/4445 4446/4446/4446
f 4447/4447/4447 4448/4448/4448 4449/4449/4449
f 4450/4450/4450 4451/4451/4451 4452/4452/4452
f 4453/4453/4453 4454/4454/4454 4455/4455/4455
f 4456/4456/4456 4457/4457/4457 4458/4458/4458
f 4459/4459/4459 4460/4460/4460 4461/4461/4461
f 4462/4462/4462 4463/4463/4463 4464/4464/4464
f 4465/4465/4465 4466/4466/4466 4467/4467/4467
f 4468/4468/4468 4469/4469/4469 4470/4470/4470
f 4471/4471/4471 4472/4472/4472 4473/4473/4473
f 4474/4474/4474 4475/4475/4475 4476/4476/4476
f 4477/4477/4477 4478/4478/4478 4479/4479/4479
f 4480/4480/4480 4481/4481/4481 4482/4482/4482
f 4483/4483/4483 4484/4484/4484 4485/4485/4485
f 4486/4486/4486 4487/4487/4487 4488/4488/4488
f 4489/4489/4489 4490/4490/4490 4491/4491/4491
f 4492/4492/4492 4493/4493/4493 4494/4494/4494
f 4495/4495/4495 4496/4496/4496 4497/4497/4497
f 4498/4498/4498 4499/4499/4499 4500/4500/4500
f 4501/4501/4501 4502/4502/4502 4503/4503/4503
f 4504/4504/4504 4505/4505/4505 4506/4506/4506
f 4507/4507/4507 4508/4508/4508 4509/4509/4509
f 4510/4510/4510 4511/4511/4511 4512/4512/4512
f 4513/4513/4513 4514/4514/4514 4515/4515/4515
f 4516/4516/4516 4517/4517/4517 4518/4518/4518
f 4519/4519/4519 4520/4520/4520 4521/4521/4521
f 4522/4522/4522 4523/4523/4523 4524/4524/4524
f 4525/4525/4525 4526/4526/4526 4527/4527/4527
f 4528/4528/4528 4529/4529/4529 4530/4530/4530
f 4531/4531/4531 4532/4532/4532 4533/4533/4533
f 4534/4534/4534 4535/4535/4535 4536/4536/4536
f 4537/4537/4537 4538/4538/4538 4539/4539/4539
f 4540/4540/4540 4541/4541/4541 4542/4542/4542
f 4543/4543/4543 4544/4544/4544 4545/4545/4545
f 4546/4546/4546 4547/4547/4547 4548/4548/4548
o box_medium006
usemtl DefaultMaterial
v -1831.9630737304688 698.4148077513541 311.14380210647903
v -1831.9630737304688 698.4148070956833 296.14380210647903
v -1039.6895141601562 698.4148070956833 296.14380210647903
v -1831.9630737304688 698.4148077513541 311.14380210647903
v -1039.6895141601562 698.4148070956833 296.14380210647903
v -1039.6895141601562 698.4148077513541 311.14380210647903
v -1039.6895141601562 698.4148077513541 311.14380210647903
v -1039.6895141601562 812.1648077513541 311.1437971343086
v -1831.9630737304688 812.1648077513541 311.1437971343086
v -1039.6895141601562 698.4148077513541 311.14380210647903
v -1831.9630737304688 812.1648077513541 311.1437971343086
v -1831.9630737304688 698.4148077513541 311.14380210647903
v -1039.6895141601562 698.4148070956833 296.14380210647903
v -1039.6895141601562 812.1648070956833 296.1437971343086
v -1039.6895141601562 812.1648077513541 311.1437971343086
v -1039.6895141601562 698.4148070956833 296.14380210647903
v -1039.6895141601562 812.1648077513541 311.1437971343086
v -1039.6895141601562 698.4148077513541 311.14380210647903
v -1831.9630737304688 698.4148070956833 296.14380210647903
v -1831.9630737304688 812.1648070956833 296.1437971343086
v -1039.6895141601562 812.1648070956833 296.1437971343086
v -1831.9630737304688 698.4148070956833 296.14380210647903
v -1039.6895141601562 812.1648070956833 296.1437971343086
v -1039.6895141601562 698.4148070956833 296.14380210647903
v -1831.9630737304688 698.4148077513541 311.14380210647903
v -1831.9630737304688 812.1648077513541 311.1437971343086
v -1831.9630737304688 812.1648070956833 296.1437971343086
v -1831.9630737304688 698.4148077513541 311.14380210647903
v -1831.9630737304688 812.1648070956833 296.1437971343086
v -1831.9630737304688 698.4148070956833 296.14380210647903
v -1831.9630737304688 848.4148077513541 311.1437955497708
v -1039.6895141601562 848.4148077513541 311.1437955497708
v -1039.6895141601562 848.4148070956833 296.1437955497708
v -1831.9630737304688 848.4148077513541 311.1437955497708
v -1039.6895141601562 848.4148070956833 296.1437955497708
v -1831.9630737304688 848.4148070956833 296.1437955497708
v -1831.9630737304688 848.4148070956833 296.1437955497708
v -1039.6895141601562 848.4148070956833 296.1437955497708
v -1039.6895141601562 812.1648070956833 296.1437971343086
v -1831.9630737304688 848.4148070956833 296.1437955497708
v -1039.6895141601562 812.1648070956833 296.1437971343086
v -1831.9630737304688 812.1648070956833 296.1437971343086
v -1039.6895141601562 848.4148077513541 311.1437955497708
v -1831.9630737304688 848.4148077513541 311.1437955497708
v -1831.9630737304688 840.6984076048698 311.1437958870654
v -1039.6895141601562 848.4148077513541 311.1437955497708
v -1831.9630737304688 840.6984076048698 311.1437958870654
v -1039.6895141601562 840.6984076048698 311.1437958870654
v -1831.9630737304688 812.1648077513541 311.1437971343086
v -1039.6895141601562 812.1648077513541 311.1437971343086
v -1039.6895141601562 819.8812078978385 311.1437967970141
v -1831.9630737304688 812.1648077513541 311.1437971343086
v -1039.6895141601562 819.8812078978385 311.1437967970141
v -1831.9630737304688 819.8812078978385 311.1437967970141
v -1039.6895141601562 846.9148071612503 297.6437956153379
v -1039.6895141601562 846.914807685787 309.6437956153379
v -1831.9630737304688 846.914807685787 309.6437956153379
v -1039.6895141601562 846.9148071612503 297.6437956153379
v -1831.9630737304688 846.914807685787 309.6437956153379
v -1831.9630737304688 846.9148071612503 297.6437956153379
v -1831.9630737304688 846.9148071612503 297.6437956153379
v -1831.9630737304688 813.6648071612503 297.64379706874155
v -1039.6895141601562 813.6648071612503 297.64379706874155
v -1831.9630737304688 846.9148071612503 297.6437956153379
v -1039.6895141601562 813.6648071612503 297.64379706874155
v -1039.6895141601562 846.9148071612503 297.6437956153379
v -1831.9630737304688 840.6984075393026 309.6437958870654
v -1831.9630737304688 846.914807685787 309.6437956153379
v -1039.6895141601562 846.914807685787 309.6437956153379
v -1831.9630737304688 840.6984075393026 309.6437958870654
v -1039.6895141601562 846.914807685787 309.6437956153379
v -1039.6895141601562 840.6984075393026 309.6437958870654
v -1039.6895141601562 819.8812078322715 309.6437967970141
v -1039.6895141601562 813.6648076857871 309.64379706874155
v -1831.9630737304688 813.6648076857871 309.64379706874155
v -1039.6895141601562 819.8812078322715 309.6437967970141
v -1831.9630737304688 813.6648076857871 309.64379706874155
v -1831.9630737304688 819.8812078322715 309.6437967970141
v -1831.9630737304688 813.6648076857871 309.64379706874155
v -1039.6895141601562 813.6648076857871 309.64379706874155
v -1039.6895141601562 813.6648071612503 297.64379706874155
v -1831.9630737304688 813.6648076857871 309.64379706874155
v -1039.6895141601562 813.6648071612503 297.64379706874155
v -1831.9630737304688 813.6648071612503 297.64379706874155
v -1039.6895141601562 848.4148070956833 296.1437955497708
v -1039.6895141601562 848.4148077513541 311.1437955497708
v -1039.6895141601562 846.914807685787 309.6437956153379
v -1039.6895141601562 848.4148070956833 296.1437955497708
v -1039.6895141601562 846.914807685787 309.6437956153379
v -1039.6895141601562 846.9148071612503 297.6437956153379
v -1831.9630737304688 848.4148077513541 311.1437955497708
v -1831.9630737304688 848.4148070956833 296.1437955497708
v -1831.9630737304688 846.9148071612503 297.6437956153379
v -1831.9630737304688 848.4148077513541 311.1437955497708
v -1831.9630737304688 846.9148071612503 297.6437956153379
v -1831.9630737304688 846.914807685787 309.6437956153379
v -1039.6895141601562 846.9148071612503 297.6437956153379
v -1039.6895141601562 813.6648071612503 297.64379706874155
v -1039.6895141601562 812.1648070956833 296.1437971343086
v -1039.6895141601562 846.9148071612503 297.6437956153379
v -1039.6895141601562 812.1648070956833 296.1437971343086
v -1039.6895141601562 848.4148070956833 296.1437955497708
v -1831.9630737304688 813.6648071612503 297.64379706874155
v -1831.9630737304688 846.9148071612503 297.6437956153379
v -1831.9630737304688 848.4148070956833 296.1437955497708
v -1831.9630737304688 813.6648071612503 297.64379706874155
v -1831.9630737304688 848.4148070956833 296.1437955497708
v -1831.9630737304688 812.1648070956833 296.1437971343086
v -1831.9630737304688 840.6984076048698 311.1437958870654
v -1831.9630737304688 848.4148077513541 311.1437955497708
v -1831.9630737304688 846.914807685787 309.6437956153379
v -1831.9630737304688 840.6984076048698 311.1437958870654
v -1831.9630737304688 846.914807685787 309.6437956153379
v -1831.9630737304688 840.6984075393026 309.6437958870654
v -1039.6895141601562 840.6984076048698 311.1437958870654
v -1831.9630737304688 840.6984076048698 311.1437958870654
v -1831.9630737304688 840.6984075393026 309.6437958870654
v -1039.6895141601562 840.6984076048698 311.1437958870654
v -1831.9630737304688 840.6984075393026 309.6437958870654
v -1039.6895141601562 840.6984075393026 309.6437958870654
v -1039.6895141601562 848.4148077513541 311.1437955497708
v -1039.6895141601562 840.6984076048698 311.1437958870654
v -1039.6895141601562 840.6984075393026 309.6437958870654
v -1039.6895141601562 848.4148077513541 311.1437955497708
v -1039.6895141601562 840.6984075393026 309.6437958870654
v -1039.6895141601562 846.914807685787 309.6437956153379
v -1039.6895141601562 819.8812078978385 311.1437967970141
v -1039.6895141601562 812.1648077513541 311.1437971343086
v -1039.6895141601562 813.6648076857871 309.64379706874155
v -1039.6895141601562 819.8812078978385 311.1437967970141
v -1039.6895141601562 813.6648076857871 309.64379706874155
v -1039.6895141601562 819.8812078322715 309.6437967970141
v -1831.9630737304688 819.8812078978385 311.1437967970141
v -1039.6895141601562 819.8812078978385 311.1437967970141
v -1039.6895141601562 819.8812078322715 309.6437967970141
v -1831.9630737304688 819.8812078978385 311.1437967970141
v -1039.6895141601562 819.8812078322715 309.6437967970141
v -1831.9630737304688 819.8812078322715 309.6437967970141
v -1831.9630737304688 812.1648077513541 311.1437971343086
v -1831.9630737304688 819.8812078978385 311.1437967970141
v -1831.9630737304688 819.8812078322715 309.6437967970141
v -1831.9630737304688 812.1648077513541 311.1437971343086
v -1831.9630737304688 819.8812078322715 309.6437967970141
v -1831.9630737304688 813.6648076857871 309.64379706874155
v -1039.6895141601562 812.1648077513541 311.1437971343086
v -1039.6895141601562 812.1648070956833 296.1437971343086
v -1039.6895141601562 813.6648071612503 297.64379706874155
v -1039.6895141601562 812.1648077513541 311.1437971343086
v -1039.6895141601562 813.6648071612503 297.64379706874155
v -1039.6895141601562 813.6648076857871 309.64379706874155
v -1831.9630737304688 812.1648070956833 296.1437971343086
v -1831.9630737304688 812.1648077513541 311.1437971343086
v -1831.9630737304688 813.6648076857871 309.64379706874155
v -1831.9630737304688 812.1648070956833 296.1437971343086
v -1831.9630737304688 813.6648076857871 309.64379706874155
v -1831.9630737304688 813.6648071612503 297.64379706874155
v -1821.9630126953125 708.4148071073555 296.4108304779589
v -1821.9630126953125 708.4147820923959 -275.8647432525097
v -1049.6895446777344 708.4147820923959 -275.8647432525097
v -1821.9630126953125 708.4148071073555 296.4108304779589
v -1049.6895446777344 708.4147820923959 -275.8647432525097
v -1049.6895446777344 708.4148071073555 296.4108304779589
v -1049.6895446777344 708.4148071073555 296.4108304779589
v -1049.6895446777344 708.4147820923959 -275.8647432525097
v -1049.6895446777344 838.4147820923959 -275.8647489349902
v -1049.6895446777344 708.4148071073555 296.4108304779589
v -1049.6895446777344 838.4147820923959 -275.8647489349902
v -1049.6895446777344 838.4148071073555 296.41082479547845
v -1821.9630126953125 708.4147820923959 -275.8647432525097
v -1821.9630126953125 708.4148071073555 296.4108304779589
v -1821.9630126953125 838.4148071073555 296.41082479547845
v -1821.9630126953125 708.4147820923959 -275.8647432525097
v -1821.9630126953125 838.4148071073555 296.41082479547845
v -1821.9630126953125 838.4147820923959 -275.8647489349902
v -1821.9630126953125 838.4147820923959 -275.8647489349902
v -1049.6895446777344 838.4147820923959 -275.8647489349902
v -1049.6895446777344 708.4147820923959 -275.8647432525097
v -1821.9630126953125 838.4147820923959 -275.8647489349902
v -1049.6895446777344 708.4147820923959 -275.8647432525097
v -1821.9630126953125 708.4147820923959 -275.8647432525097
v -1055.6895446777344 714.4147823546641 -269.86474351477807
v -1815.9630126953125 714.4147823546481 -269.86510972571557
v -1815.9630126953125 714.4148071073555 296.41083021569057
v -1055.6895446777344 714.4147823546641 -269.86474351477807
v -1815.9630126953125 714.4148071073555 296.41083021569057
v -1055.6895446777344 714.4148071073555 296.41083021569057
v -1055.6895446777344 838.4147823546641 -269.8647489349902
v -1055.6895446777344 714.4147823546641 -269.86474351477807
v -1055.6895446777344 714.4148071073555 296.41083021569057
v -1055.6895446777344 838.4147823546641 -269.8647489349902
v -1055.6895446777344 714.4148071073555 296.41083021569057
v -1055.6895446777344 838.4148071073555 296.41082479547845
v -1815.9630126953125 838.4148071073555 296.41082479547845
v -1815.9630126953125 714.4148071073555 296.41083021569057
v -1815.9630126953125 714.4147823546481 -269.86510972571557
v -1815.9630126953125 838.4148071073555 296.41082479547845
v -1815.9630126953125 714.4147823546481 -269.86510972571557
v -1815.9630126953125 838.4147823546641 -269.8647489349902
v -1055.6895446777344 714.4147823546641 -269.86474351477807
v -1055.6895446777344 838.4147823546641 -269.8647489349902
v -1815.9630126953125 838.4147823546641 -269.8647489349902
v -1055.6895446777344 714.4147823546641 -269.86474351477807
v -1815.9630126953125 838.4147823546641 -269.8647489349902
v -1815.9630126953125 714.4147823546481 -269.86510972571557
v -1049.6895446777344 838.4148071073555 296.41082479547845
v -1049.6895446777344 838.4147820923959 -275.8647489349902
v -1055.6895446777344 838.4147823546641 -269.8647489349902
v -1049.6895446777344 838.4148071073555 296.41082479547845
v -1055.6895446777344 838.4147823546641 -269.8647489349902
v -1055.6895446777344 838.4148071073555 296.41082479547845
v -1821.9630126953125 838.4147820923959 -275.8647489349902
v -1821.9630126953125 838.4148071073555 296.41082479547845
v -1815.9630126953125 838.4148071073555 296.41082479547845
v -1821.9630126953125 838.4147820923959 -275.8647489349902
v -1815.9630126953125 838.4148071073555 296.41082479547845
v -1815.9630126953125 838.4147823546641 -269.8647489349902
v -1049.6895446777344 838.4147820923959 -275.8647489349902
v -1821.9630126953125 838.4147820923959 -275.8647489349902
v -1815.9630126953125 838.4147823546641 -269.8647489349902
v -1049.6895446777344 838.4147820923959 -275.8647489349902
v -1815.9630126953125 838.4147823546641 -269.8647489349902
v -1055.6895446777344 838.4147823546641 -269.8647489349902
vt 0.43554240465164185 0.31670820713043213
vt 0.43554240465164185 0.31304609775543213
vt 0.6289682984352112 0.31304609775543213
vt 0.43554240465164185 0.31670820713043213
vt 0.6289682984352112 0.31304609775543213
vt 0.6289682984352112 0.31670820713043213
vt 0.6289687752723694 0.23138189315795898
vt 0.6289687752723694 0.26159441471099854
vt 0.43554240465164185 0.26159441471099854
vt 0.6289687752723694 0.23138189315795898
vt 0.43554240465164185 0.26159441471099854
vt 0.43554240465164185 0.23138189315795898
vt 0.9110421538352966 0.8075682520866394
vt 0.9110421538352966 0.8377806544303894
vt 0.9073800444602966 0.8377806544303894
vt 0.9110421538352966 0.8075682520866394
vt 0.9073800444602966 0.8377806544303894
vt 0.9073800444602966 0.8075682520866394
vt 0.8376659750938416 0.2132343053817749
vt 0.8376659750938416 0.2434467077255249
vt 0.6442398428916931 0.2434467077255249
vt 0.8376659750938416 0.2132343053817749
vt 0.6442398428916931 0.2434467077255249
vt 0.6442398428916931 0.2132343053817749
vt 0.9790956377983093 0.9164538383483887
vt 0.9790956377983093 0.9466661214828491
vt 0.9754335284233093 0.9466661214828491
vt 0.9790956377983093 0.9164538383483887
vt 0.9754335284233093 0.9466661214828491
vt 0.9754335284233093 0.9164538383483887
vt 0.6397029161453247 0.3039723038673401
vt 0.8331276178359985 0.3039723038673401
vt 0.8331276178359985 0.30763453245162964
vt 0.6397029161453247 0.3039723038673401
vt 0.8331276178359985 0.30763453245162964
vt 0.6397029161453247 0.30763453245162964
vt 0.8376659750938416 0.2498553991317749
vt 0.6442398428916931 0.2498553991317749
vt 0.6442398428916931 0.2434467077255249
vt 0.8376659750938416 0.2498553991317749
vt 0.6442398428916931 0.2434467077255249
vt 0.8376659750938416 0.2434467077255249
vt 0.9783109426498413 0.17882299423217773
vt 0.7848837375640869 0.17882299423217773
vt 0.7848837375640869 0.17693912982940674
vt 0.9783109426498413 0.17882299423217773
vt 0.7848837375640869 0.17693912982940674
vt 0.9783109426498413 0.17693912982940674
vt 0.43554240465164185 0.26159441471099854
vt 0.6289687752723694 0.26159441471099854
vt 0.6289687752723694 0.26347827911376953
vt 0.43554240465164185 0.26159441471099854
vt 0.6289687752723694 0.26347827911376953
vt 0.43554240465164185 0.26347827911376953
vt 0.21610765159130096 0.34480440616607666
vt 0.21610765159130096 0.34773409366607666
vt 0.022684499621391296 0.34773409366607666
vt 0.21610765159130096 0.34480440616607666
vt 0.022684499621391296 0.34773409366607666
vt 0.022684499621391296 0.34480440616607666
vt 0.7848837375640869 0.1962260603904724
vt 0.7848837375640869 0.1905497908592224
vt 0.978310227394104 0.1905497908592224
vt 0.7848837375640869 0.1962260603904724
vt 0.978310227394104 0.1905497908592224
vt 0.978310227394104 0.1962260603904724
vt 0.8331221342086792 0.31304609775543213
vt 0.8331221342086792 0.3145638704299927
vt 0.6397029161453247 0.3145638704299927
vt 0.8331221342086792 0.31304609775543213
vt 0.6397029161453247 0.3145638704299927
vt 0.6397029161453247 0.31304609775543213
vt 0.7848837375640869 0.18299365043640137
vt 0.7848837375640869 0.18147599697113037
vt 0.9783104658126831 0.18147599697113037
vt 0.7848837375640869 0.18299365043640137
vt 0.9783104658126831 0.18147599697113037
vt 0.9783104658126831 0.18299365043640137
vt 0.7848837375640869 0.18601292371749878
vt 0.9783103466033936 0.18601292371749878
vt 0.9783103466033936 0.18894261121749878
vt 0.7848837375640869 0.18601292371749878
vt 0.9783103466033936 0.18894261121749878
vt 0.7848837375640869 0.18894261121749878
vt 0.9110421538352966 0.8441893458366394
vt 0.9073800444602966 0.8441893458366394
vt 0.9077462553977966 0.8438231348991394
vt 0.9110421538352966 0.8441893458366394
vt 0.9077462553977966 0.8438231348991394
vt 0.9106759428977966 0.8438231348991394
vt 0.9790956377983093 0.9530749320983887
vt 0.9754335284233093 0.9530749320983887
vt 0.9757997393608093 0.9527084827423096
vt 0.9790956377983093 0.9530749320983887
vt 0.9757997393608093 0.9527084827423096
vt 0.9787294268608093 0.9527084827423096
vt 0.9106759428977966 0.8438231348991394
vt 0.9106759428977966 0.8381468653678894
vt 0.9110421538352966 0.8377806544303894
vt 0.9106759428977966 0.8438231348991394
vt 0.9110421538352966 0.8377806544303894
vt 0.9110421538352966 0.8441893458366394
vt 0.9757997393608093 0.9470323324203491
vt 0.9757997393608093 0.9527084827423096
vt 0.9754335284233093 0.9530749320983887
vt 0.9757997393608093 0.9470323324203491
vt 0.9754335284233093 0.9530749320983887
vt 0.9754335284233093 0.9466661214828491
vt 0.9790956377983093 0.9511909484863281
vt 0.9790956377983093 0.9530749320983887
vt 0.9787294268608093 0.9527084827423096
vt 0.9790956377983093 0.9511909484863281
vt 0.9787294268608093 0.9527084827423096
vt 0.9787294268608093 0.9511909484863281
vt 0.9783143997192383 0.17276841402053833
vt 0.7848837375640869 0.17276841402053833
vt 0.7848837375640869 0.17240220308303833
vt 0.9783143997192383 0.17276841402053833
vt 0.7848837375640869 0.17240220308303833
vt 0.9783143997192383 0.17240220308303833
vt 0.9073800444602966 0.8441893458366394
vt 0.9073800444602966 0.8423054814338684
vt 0.9077462553977966 0.8423054814338684
vt 0.9073800444602966 0.8441893458366394
vt 0.9077462553977966 0.8423054814338684
vt 0.9077462553977966 0.8438231348991394
vt 0.9073800444602966 0.8396645188331604
vt 0.9073800444602966 0.8377806544303894
vt 0.9077462553977966 0.8381468653678894
vt 0.9073800444602966 0.8396645188331604
vt 0.9077462553977966 0.8381468653678894
vt 0.9077462553977966 0.8396645188331604
vt 0.7848837375640869 0.1633284091949463
vt 0.9783152341842651 0.1633284091949463
vt 0.9783152341842651 0.1636946201324463
vt 0.7848837375640869 0.1633284091949463
vt 0.9783152341842651 0.1636946201324463
vt 0.7848837375640869 0.1636946201324463
vt 0.9790956377983093 0.9466661214828491
vt 0.9790956377983093 0.9485499858856201
vt 0.9787294268608093 0.9485499858856201
vt 0.9790956377983093 0.9466661214828491
vt 0.9787294268608093 0.9485499858856201
vt 0.9787294268608093 0.9470323324203491
vt 0.9073800444602966 0.8377806544303894
vt 0.9110421538352966 0.8377806544303894
vt 0.9106759428977966 0.8381468653678894
vt 0.9073800444602966 0.8377806544303894
vt 0.9106759428977966 0.8381468653678894
vt 0.9077462553977966 0.8381468653678894
vt 0.9754335284233093 0.9466661214828491
vt 0.9790956377983093 0.9466661214828491
vt 0.9787294268608093 0.9470323324203491
vt 0.9754335284233093 0.9466661214828491
vt 0.9787294268608093 0.9470323324203491
vt 0.9757997393608093 0.9470323324203491
vt 0.009073801338672638 0.5026677846908569
vt 0.009073801338672638 0.36295199394226074
vt 0.19761711359024048 0.36295199394226074
vt 0.009073801338672638 0.5026677846908569
vt 0.19761711359024048 0.36295199394226074
vt 0.19761711359024048 0.5026677846908569
vt 0.20897559821605682 0.9262559413909912
vt 0.3486913740634918 0.9262559413909912
vt 0.3486913740634918 0.9579942226409912
vt 0.20897559821605682 0.9262559413909912
vt 0.3486913740634918 0.9579942226409912
vt 0.20897559821605682 0.9579942226409912
vt 0.508132815361023 0.9300645589828491
vt 0.6478482484817505 0.9300645589828491
vt 0.6478482484817505 0.9618029594421387
vt 0.508132815361023 0.9300645589828491
vt 0.6478482484817505 0.9618029594421387
vt 0.508132815361023 0.9618029594421387
vt 0.998194694519043 0.6220537424087524
vt 0.9159804582595825 0.6220537424087524
vt 0.9159804582595825 0.6082141995429993
vt 0.998194694519043 0.6220537424087524
vt 0.9159804582595825 0.6082141995429993
vt 0.998194694519043 0.6082141995429993
vt 0.3943110406398773 0.891376256942749
vt 0.20869740843772888 0.891376256942749
vt 0.20869740843772888 0.7531254291534424
vt 0.3943110406398773 0.891376256942749
vt 0.20869740843772888 0.7531254291534424
vt 0.3943110406398773 0.7531254291534424
vt 0.6941457390785217 0.9558010697364807
vt 0.6941457390785217 0.9255276322364807
vt 0.8323965668678284 0.9255276322364807
vt 0.6941457390785217 0.9558010697364807
vt 0.8323965668678284 0.9255276322364807
vt 0.8323965668678284 0.9558010697364807
vt 0.508132815361023 0.9966331720352173
vt 0.508132815361023 0.9663597345352173
vt 0.6463839411735535 0.9663597345352173
vt 0.508132815361023 0.9966331720352173
vt 0.6463839411735535 0.9663597345352173
vt 0.6463838219642639 0.9966331720352173
vt 0.39431098103523254 0.8937693238258362
vt 0.39431098103523254 0.9240427613258362
vt 0.2086973935365677 0.9240427613258362
vt 0.39431098103523254 0.8937693238258362
vt 0.2086973935365677 0.9240427613258362
vt 0.2086973935365677 0.8937693238258362
vt 0.8226437568664551 0.5988707542419434
vt 0.8226437568664551 0.7385871410369873
vt 0.8211789131164551 0.7371222972869873
vt 0.8226437568664551 0.5988707542419434
vt 0.8211789131164551 0.7371222972869873
vt 0.8211789131164551 0.5988707542419434
vt 0.8166420459747314 0.7385871410369873
vt 0.8166420459747314 0.5988707542419434
vt 0.8181068897247314 0.5988707542419434
vt 0.8166420459747314 0.7385871410369873
vt 0.8181068897247314 0.5988707542419434
vt 0.8181068897247314 0.7371222972869873
vt 0.6240864396095276 0.3326585292816162
vt 0.43554240465164185 0.3326585292816162
vt 0.43700724840164185 0.3311936855316162
vt 0.6240864396095276 0.3326585292816162
vt 0.43700724840164185 0.3311936855316162
vt 0.6226215958595276 0.3311936855316162
vn 0 -0.9999999999999992 4.371138806469333e-8
vn 0 -0.9999999999999992 4.371138806469333e-8
vn 0 -0.9999999999999992 4.371138806469333e-8
vn 0 -0.9999999999999992 4.371138806469333e-8
vn 0 -0.9999999999999992 4.371138806469333e-8
vn 0 -0.9999999999999992 4.371138806469333e-8
vn 0 4.371138806469333e-8 0.9999999999999992
vn 0 4.371138806469333e-8 0.9999999999999992
vn 0 4.371138806469333e-8 0.9999999999999992
vn 0 4.371138806469333e-8 0.9999999999999992
vn 0 4.371138806469333e-8 0.9999999999999992
vn 0 4.371138806469333e-8 0.9999999999999992
vn 1 0 0
vn 1 0 0
vn 1 0 0
vn 1 0 0
vn 1 0 0
vn 1 0 0
vn 0 -4.371138806469333e-8 -0.9999999999999992
vn 0 -4.371138806469333e-8 -0.9999999999999992
vn 0 -4.371138806469333e-8 -0.9999999999999992
vn 0 -4.371138806469333e-8 -0.9999999999999992
vn 0 -4.371138806469333e-8 -0.9999999999999992
vn 0 -4.371138806469333e-8 -0.9999999999999992
vn -1 0 0
vn -1 0 0
vn -1 0 0
vn -1 0 0
vn -1 0 0
vn -1 0 0
vn 0 0.9999999999999992 -4.371138806469333e-8
vn 0 0.9999999999999992 -4.371138806469333e-8
vn 0 0.9999999999999992 -4.371138806469333e-8
vn 0 0.9999999999999992 -4.371138806469333e-8
vn 0 0.9999999999999992 -4.371138806469333e-8
vn 0 0.9999999999999992 -4.371138806469333e-8
vn 0 -4.371138806469333e-8 -0.9999999999999992
vn 0 -4.371138806469333e-8 -0.9999999999999992
vn 0 -4.371138806469333e-8 -0.9999999999999992
vn 0 -4.371138806469333e-8 -0.9999999999999992
vn 0 -4.371138806469333e-8 -0.9999999999999992
vn 0 -4.371138806469333e-8 -0.9999999999999992
vn 0 4.371138806469333e-8 0.9999999999999992
vn 0 4.371138806469333e-8 0.9999999999999992
vn 0 4.371138806469333e-8 0.9999999999999992
vn 0 4.371138806469333e-8 0.9999999999999992
vn 0 4.371138806469333e-8 0.9999999999999992
vn 0 4.371138806469333e-8 0.9999999999999992
vn 0 4.371138806469333e-8 0.9999999999999992
vn 0 4.371138806469333e-8 0.9999999999999992
vn 0 4.371138806469333e-8 0.9999999999999992
vn 0 4.371138806469333e-8 0.9999999999999992
vn 0 4.371138806469333e-8 0.9999999999999992
vn 0 4.371138806469333e-8 0.9999999999999992
vn 0 -0.9999999999999992 4.371138806469333e-8
vn 0 -0.9999999999999992 4.371138806469333e-8
vn 0 -0.9999999999999992 4.371138806469333e-8
vn 0 -0.9999999999999992 4.371138806469333e-8
vn 0 -0.9999999999999992 4.371138806469333e-8
vn 0 -0.9999999999999992 4.371138806469333e-8
vn 0 4.371138806469333e-8 0.9999999999999992
vn 0 4.371138806469333e-8 0.9999999999999992
vn 0 4.371138806469333e-8 0.9999999999999992
vn 0 4.371138806469333e-8 0.9999999999999992
vn 0 4.371138806469333e-8 0.9999999999999992
vn 0 4.371138806469333e-8 0.9999999999999992
vn 0 -4.371138806469333e-8 -0.9999999999999992
vn 0 -4.371138806469333e-8 -0.9999999999999992
vn 0 -4.371138806469333e-8 -0.9999999999999992
vn 0 -4.371138806469333e-8 -0.9999999999999992
vn 0 -4.371138806469333e-8 -0.9999999999999992
vn 0 -4.371138806469333e-8 -0.9999999999999992
vn 0 -4.371138806469333e-8 -0.9999999999999992
vn 0 -4.371138806469333e-8 -0.9999999999999992
vn 0 -4.371138806469333e-8 -0.9999999999999992
vn 0 -4.371138806469333e-8 -0.9999999999999992
vn 0 -4.371138806469333e-8 -0.9999999999999992
vn 0 -4.371138806469333e-8 -0.9999999999999992
vn 0 0.9999999999999992 -4.371138806469333e-8
vn 0 0.9999999999999992 -4.371138806469333e-8
vn 0 0.9999999999999992 -4.371138806469333e-8
vn 0 0.9999999999999992 -4.371138806469333e-8
vn 0 0.9999999999999992 -4.371138806469333e-8
vn 0 0.9999999999999992 -4.371138806469333e-8
vn 1 0 0
vn 1 0 0
vn 1 0 0
vn 1 0 0
vn 1 0 0
vn 1 0 0
vn -1 0 0
vn -1 0 0
vn -1 0 0
vn -1 0 0
vn -1 0 0
vn -1 0 0
vn 1 0 0
vn 1 0 0
vn 1 0 0
vn 1 0 0
vn 1 0 0
vn 1 0 0
vn -1 0 0
vn -1 0 0
vn -1 0 0
vn -1 0 0
vn -1 0 0
vn -1 0 0
vn -1 0 0
vn -1 0 0
vn -1 0 0
vn -1 0 0
vn -1 0 0
vn -1 0 0
vn 0 -0.9999999999999992 4.371138806469333e-8
vn 0 -0.9999999999999992 4.371138806469333e-8
vn 0 -0.9999999999999992 4.371138806469333e-8
vn 0 -0.9999999999999992 4.371138806469333e-8
vn 0 -0.9999999999999992 4.371138806469333e-8
vn 0 -0.9999999999999992 4.371138806469333e-8
vn 1 0 0
vn 1 0 0
vn 1 0 0
vn 1 0 0
vn 1 0 0
vn 1 0 0
vn 1 0 0
vn 1 0 0
vn 1 0 0
vn 1 0 0
vn 1 0 0
vn 1 0 0
vn 0 0.9999999999999992 -4.371138806469333e-8
vn 0 0.9999999999999992 -4.371138806469333e-8
vn 0 0.9999999999999992 -4.371138806469333e-8
vn 0 0.9999999999999992 -4.371138806469333e-8
vn 0 0.9999999999999992 -4.371138806469333e-8
vn 0 0.9999999999999992 -4.371138806469333e-8
vn -1 0 0
vn -1 0 0
vn -1 0 0
vn -1 0 0
vn -1 0 0
vn -1 0 0
vn 1 0 0
vn 1 0 0
vn 1 0 0
vn 1 0 0
vn 1 0 0
vn 1 0 0
vn -1 0 0
vn -1 0 0
vn -1 0 0
vn -1 0 0
vn -1 0 0
vn -1 0 0
vn 0 -0.9999999999999992 4.371138806469333e-8
vn 0 -0.9999999999999992 4.371138806469333e-8
vn 0 -0.9999999999999992 4.371138806469333e-8
vn 0 -0.9999999999999992 4.371138806469333e-8
vn 0 -0.9999999999999992 4.371138806469333e-8
vn 0 -0.9999999999999992 4.371138806469333e-8
vn 1 0 0
vn 1 0 0
vn 1 0 0
vn 1 0 0
vn 1 0 0
vn 1 0 0
vn -1 0 0
vn -1 0 0
vn -1 0 0
vn -1 0 0
vn -1 0 0
vn -1 0 0
vn 0 -4.371138806469333e-8 -0.9999999999999992
vn 0 -4.371138806469333e-8 -0.9999999999999992
vn 0 -4.371138806469333e-8 -0.9999999999999992
vn 0 -4.371138806469333e-8 -0.9999999999999992
vn 0 -4.371138806469333e-8 -0.9999999999999992
vn 0 -4.371138806469333e-8 -0.9999999999999992
vn 0 0.9999999999999992 -4.371138806469333e-8
vn 0 0.9999999999999992 -4.371138806469333e-8
vn 0 0.9999999999999992 -4.371138806469333e-8
vn 0 0.9999999999999992 -4.371138806469333e-8
vn 0 0.9999999999999992 -4.371138806469333e-8
vn 0 0.9999999999999992 -4.371138806469333e-8
vn -1 0 0
vn -1 0 0
vn -1 0 0
vn -1 0 0
vn -1 0 0
vn -1 0 0
vn 1 0 0
vn 1 0 0
vn 1 0 0
vn 1 0 0
vn 1 0 0
vn 1 0 0
vn -2.4084161509536343e-7 -0.0000014329456876611182 0.9999999999989444
vn -2.4084161509536343e-7 -0.0000014329456876611182 0.9999999999989444
vn -2.4084161509536343e-7 -0.0000014329456876611182 0.9999999999989444
vn -2.4084161509536343e-7 -0.0000014329456876611182 0.9999999999989444
vn -2.4084161509536343e-7 -0.0000014329456876611182 0.9999999999989444
vn -2.4084161509536343e-7 -0.0000014329456876611182 0.9999999999989444
vn 0 0.9999999999999992 -4.371138806469333e-8
vn 0 0.9999999999999992 -4.371138806469333e-8
vn 0 0.9999999999999992 -4.371138806469333e-8
vn 0 0.9999999999999992 -4.371138806469333e-8
vn 0 0.9999999999999992 -4.371138806469333e-8
vn 0 0.9999999999999992 -4.371138806469333e-8
vn 0 0.9999999999999992 -4.371138806469333e-8
vn 0 0.9999999999999992 -4.371138806469333e-8
vn 0 0.9999999999999992 -4.371138806469333e-8
vn 0 0.9999999999999992 -4.371138806469333e-8
vn 0 0.9999999999999992 -4.371138806469333e-8
vn 0 0.9999999999999992 -4.371138806469333e-8
vn 0 0.9999999999999992 -4.371138806469333e-8
vn 0 0.9999999999999992 -4.371138806469333e-8
vn 0 0.9999999999999992 -4.371138806469333e-8
vn 0 0.9999999999999992 -4.371138806469333e-8
vn 0 0.9999999999999992 -4.371138806469333e-8
vn 0 0.9999999999999992 -4.371138806469333e-8
f 4549/4549/4549 4550/4550/4550 4551/4551/4551
f 4552/4552/4552 4553/4553/4553 4554/4554/4554
f 4555/4555/4555 4556/4556/4556 4557/4557/4557
f 4558/4558/4558 4559/4559/4559 4560/4560/4560
f 4561/4561/4561 4562/4562/4562 4563/4563/4563
f 4564/4564/4564 4565/4565/4565 4566/4566/4566
f 4567/4567/4567 4568/4568/4568 4569/4569/4569
f 4570/4570/4570 4571/4571/4571 4572/4572/4572
f 4573/4573/4573 4574/4574/4574 4575/4575/4575
f 4576/4576/4576 4577/4577/4577 4578/4578/4578
f 4579/4579/4579 4580/4580/4580 4581/4581/4581
f 4582/4582/4582 4583/4583/4583 4584/4584/4584
f 4585/4585/4585 4586/4586/4586 4587/4587/4587
f 4588/4588/4588 4589/4589/4589 4590/4590/4590
f 4591/4591/4591 4592/4592/4592 4593/4593/4593
f 4594/4594/4594 4595/4595/4595 4596/4596/4596
f 4597/4597/4597 4598/4598/4598 4599/4599/4599
f 4600/4600/4600 4601/4601/4601 4602/4602/4602
f 4603/4603/4603 4604/4604/4604 4605/4605/4605
f 4606/4606/4606 4607/4607/4607 4608/4608/4608
f 4609/4609/4609 4610/4610/4610 4611/4611/4611
f 4612/4612/4612 4613/4613/4613 4614/4614/4614
f 4615/4615/4615 4616/4616/4616 4617/4617/4617
f 4618/4618/4618 4619/4619/4619 4620/4620/4620
f 4621/4621/4621 4622/4622/4622 4623/4623/4623
f 4624/4624/4624 4625/4625/4625 4626/4626/4626
f 4627/4627/4627 4628/4628/4628 4629/4629/4629
f 4630/4630/4630 4631/4631/4631 4632/4632/4632
f 4633/4633/4633 4634/4634/4634 4635/4635/4635
f 4636/4636/4636 4637/4637/4637 4638/4638/4638
f 4639/4639/4639 4640/4640/4640 4641/4641/4641
f 4642/4642/4642 4643/4643/4643 4644/4644/4644
f 4645/4645/4645 4646/4646/4646 4647/4647/4647
f 4648/4648/4648 4649/4649/4649 4650/4650/4650
f 4651/4651/4651 4652/4652/4652 4653/4653/4653
f 4654/4654/4654 4655/4655/4655 4656/4656/4656
f 4657/4657/4657 4658/4658/4658 4659/4659/4659
f 4660/4660/4660 4661/4661/4661 4662/4662/4662
f 4663/4663/4663 4664/4664/4664 4665/4665/4665
f 4666/4666/4666 4667/4667/4667 4668/4668/4668
f 4669/4669/4669 4670/4670/4670 4671/4671/4671
f 4672/4672/4672 4673/4673/4673 4674/4674/4674
f 4675/4675/4675 4676/4676/4676 4677/4677/4677
f 4678/4678/4678 4679/4679/4679 4680/4680/4680
f 4681/4681/4681 4682/4682/4682 4683/4683/4683
f 4684/4684/4684 4685/4685/4685 4686/4686/4686
f 4687/4687/4687 4688/4688/4688 4689/4689/4689
f 4690/4690/4690 4691/4691/4691 4692/4692/4692
f 4693/4693/4693 4694/4694/4694 4695/4695/4695
f 4696/4696/4696 4697/4697/4697 4698/4698/4698
f 4699/4699/4699 4700/4700/4700 4701/4701/4701
f 4702/4702/4702 4703/4703/4703 4704/4704/4704
f 4705/4705/4705 4706/4706/4706 4707/4707/4707
f 4708/4708/4708 4709/4709/4709 4710/4710/4710
f 4711/4711/4711 4712/4712/4712 4713/4713/4713
f 4714/4714/4714 4715/4715/4715 4716/4716/4716
f 4717/4717/4717 4718/4718/4718 4719/4719/4719
f 4720/4720/4720 4721/4721/4721 4722/4722/4722
f 4723/4723/4723 4724/4724/4724 4725/4725/4725
f 4726/4726/4726 4727/4727/4727 4728/4728/4728
f 4729/4729/4729 4730/4730/4730 4731/4731/4731
f 4732/4732/4732 4733/4733/4733 4734/4734/4734
f 4735/4735/4735 4736/4736/4736 4737/4737/4737
f 4738/4738/4738 4739/4739/4739 4740/4740/4740
f 4741/4741/4741 4742/4742/4742 4743/4743/4743
f 4744/4744/4744 4745/4745/4745 4746/4746/4746
f 4747/4747/4747 4748/4748/4748 4749/4749/4749
f 4750/4750/4750 4751/4751/4751 4752/4752/4752
f 4753/4753/4753 4754/4754/4754 4755/4755/4755
f 4756/4756/4756 4757/4757/4757 4758/4758/4758
f 4759/4759/4759 4760/4760/4760 4761/4761/4761
f 4762/4762/4762 4763/4763/4763 4764/4764/4764
f 4765/4765/4765 4766/4766/4766 4767/4767/4767
f 4768/4768/4768 4769/4769/4769 4770/4770/4770
o box_big003
usemtl DefaultMaterial
v -2648.1392211914062 278.9863409544792 314.4807780167205
v -2648.1392211914062 278.9863402988084 299.48077801672054
v -1855.8656616210938 278.9863402988084 299.48077801672054
v -2648.1392211914062 278.9863409544792 314.4807780167205
v -1855.8656616210938 278.9863402988084 299.48077801672054
v -1855.8656616210938 278.9863409544792 314.4807780167205
v -1855.8656616210938 278.9863409544792 314.4807780167205
v -1855.8656616210938 429.91566224354165 314.48077141939035
v -2648.1392211914062 429.91566224354165 314.48077141939035
v -1855.8656616210938 278.9863409544792 314.4807780167205
v -2648.1392211914062 429.91566224354165 314.48077141939035
v -2648.1392211914062 278.9863409544792 314.4807780167205
v -1855.8656616210938 278.9863402988084 299.48077801672054
v -1855.8656616210938 429.91566158787083 299.48077141939035
v -1855.8656616210938 429.91566224354165 314.48077141939035
v -1855.8656616210938 278.9863402988084 299.48077801672054
v -1855.8656616210938 429.91566224354165 314.48077141939035
v -1855.8656616210938 278.9863409544792 314.4807780167205
v -2648.1392211914062 278.9863402988084 299.48077801672054
v -2648.1392211914062 429.91566158787083 299.48077141939035
v -1855.8656616210938 429.91566158787083 299.48077141939035
v -2648.1392211914062 278.9863402988084 299.48077801672054
v -1855.8656616210938 429.91566158787083 299.48077141939035
v -1855.8656616210938 278.9863402988084 299.48077801672054
v -2648.1392211914062 278.9863409544792 314.4807780167205
v -2648.1392211914062 429.91566224354165 314.48077141939035
v -2648.1392211914062 429.91566158787083 299.48077141939035
v -2648.1392211914062 278.9863409544792 314.4807780167205
v -2648.1392211914062 429.91566158787083 299.48077141939035
v -2648.1392211914062 278.9863402988084 299.48077801672054
v -2648.1392211914062 466.16566224354165 314.48076983485254
v -1855.8656616210938 466.16566224354165 314.48076983485254
v -1855.8656616210938 466.16566158787083 299.48076983485254
v -2648.1392211914062 466.16566224354165 314.48076983485254
v -1855.8656616210938 466.16566158787083 299.48076983485254
v -2648.1392211914062 466.16566158787083 299.48076983485254
v -2648.1392211914062 466.16566158787083 299.48076983485254
v -1855.8656616210938 466.16566158787083 299.48076983485254
v -1855.8656616210938 429.91566158787083 299.48077141939035
v -2648.1392211914062 466.16566158787083 299.48076983485254
v -1855.8656616210938 429.91566158787083 299.48077141939035
v -2648.1392211914062 429.91566158787083 299.48077141939035
v -1855.8656616210938 466.16566224354165 314.48076983485254
v -2648.1392211914062 466.16566224354165 314.48076983485254
v -2648.1392211914062 458.4492620970573 314.4807701721471
v -1855.8656616210938 466.16566224354165 314.48076983485254
v -2648.1392211914062 458.4492620970573 314.4807701721471
v -1855.8656616210938 458.4492620970573 314.4807701721471
v -2648.1392211914062 429.91566224354165 314.48077141939035
v -1855.8656616210938 429.91566224354165 314.48077141939035
v -1855.8656616210938 437.632062390026 314.4807710820958
v -2648.1392211914062 429.91566224354165 314.48077141939035
v -1855.8656616210938 437.632062390026 314.4807710820958
v -2648.1392211914062 437.632062390026 314.4807710820958
v -1855.8656616210938 464.66566165343795 300.98076990041966
v -1855.8656616210938 464.6656621779746 312.98076990041966
v -2648.1392211914062 464.6656621779746 312.98076990041966
v -1855.8656616210938 464.66566165343795 300.98076990041966
v -2648.1392211914062 464.6656621779746 312.98076990041966
v -2648.1392211914062 464.66566165343795 300.98076990041966
v -2648.1392211914062 464.66566165343795 300.98076990041966
v -2648.1392211914062 431.41566165343795 300.9807713538233
v -1855.8656616210938 431.41566165343795 300.9807713538233
v -2648.1392211914062 464.66566165343795 300.98076990041966
v -1855.8656616210938 431.41566165343795 300.9807713538233
v -1855.8656616210938 464.66566165343795 300.98076990041966
v -2648.1392211914062 458.4492620314902 312.9807701721471
v -2648.1392211914062 464.6656621779746 312.98076990041966
v -1855.8656616210938 464.6656621779746 312.98076990041966
v -2648.1392211914062 458.4492620314902 312.9807701721471
v -1855.8656616210938 464.6656621779746 312.98076990041966
v -1855.8656616210938 458.4492620314902 312.9807701721471
v -1855.8656616210938 437.63206232445896 312.9807710820958
v -1855.8656616210938 431.4156621779746 312.9807713538233
v -2648.1392211914062 431.4156621779746 312.9807713538233
v -1855.8656616210938 437.63206232445896 312.9807710820958
v -2648.1392211914062 431.4156621779746 312.9807713538233
v -2648.1392211914062 437.63206232445896 312.9807710820958
v -2648.1392211914062 431.4156621779746 312.9807713538233
v -1855.8656616210938 431.4156621779746 312.9807713538233
v -1855.8656616210938 431.41566165343795 300.9807713538233
v -2648.1392211914062 431.4156621779746 312.9807713538233
v -1855.8656616210938 431.41566165343795 300.9807713538233
v -2648.1392211914062 431.41566165343795 300.9807713538233
v -1855.8656616210938 466.16566158787083 299.48076983485254
v -1855.8656616210938 466.16566224354165 314.48076983485254
v -1855.8656616210938 464.6656621779746 312.98076990041966
v -1855.8656616210938 466.16566158787083 299.48076983485254
v -1855.8656616210938 464.6656621779746 312.98076990041966
v -1855.8656616210938 464.66566165343795 300.98076990041966
v -2648.1392211914062 466.16566224354165 314.48076983485254
v -2648.1392211914062 466.16566158787083 299.48076983485254
v -2648.1392211914062 464.66566165343795 300.98076990041966
v -2648.1392211914062 466.16566224354165 314.48076983485254
v -2648.1392211914062 464.66566165343795 300.98076990041966
v -2648.1392211914062 464.6656621779746 312.98076990041966
v -1855.8656616210938 464.66566165343795 300.98076990041966
v -1855.8656616210938 431.41566165343795 300.9807713538233
v -1855.8656616210938 429.91566158787083 299.48077141939035
v -1855.8656616210938 464.66566165343795 300.98076990041966
v -1855.8656616210938 429.91566158787083 299.48077141939035
v -1855.8656616210938 466.16566158787083 299.48076983485254
v -2648.1392211914062 431.41566165343795 300.9807713538233
v -2648.1392211914062 464.66566165343795 300.98076990041966
v -2648.1392211914062 466.16566158787083 299.48076983485254
v -2648.1392211914062 431.41566165343795 300.9807713538233
v -2648.1392211914062 466.16566158787083 299.48076983485254
v -2648.1392211914062 429.91566158787083 299.48077141939035
v -2648.1392211914062 458.4492620970573 314.4807701721471
v -2648.1392211914062 466.16566224354165 314.48076983485254
v -2648.1392211914062 464.6656621779746 312.98076990041966
v -2648.1392211914062 458.4492620970573 314.4807701721471
v -2648.1392211914062 464.6656621779746 312.98076990041966
v -2648.1392211914062 458.4492620314902 312.9807701721471
v -1855.8656616210938 458.4492620970573 314.4807701721471
v -2648.1392211914062 458.4492620970573 314.4807701721471
v -2648.1392211914062 458.4492620314902 312.9807701721471
v -1855.8656616210938 458.4492620970573 314.4807701721471
v -2648.1392211914062 458.4492620314902 312.9807701721471
v -1855.8656616210938 458.4492620314902 312.9807701721471
v -1855.8656616210938 466.16566224354165 314.48076983485254
v -1855.8656616210938 458.4492620970573 314.4807701721471
v -1855.8656616210938 458.4492620314902 312.9807701721471
v -1855.8656616210938 466.16566224354165 314.48076983485254
v -1855.8656616210938 458.4492620314902 312.9807701721471
v -1855.8656616210938 464.6656621779746 312.98076990041966
v -1855.8656616210938 437.632062390026 314.4807710820958
v -1855.8656616210938 429.91566224354165 314.48077141939035
v -1855.8656616210938 431.4156621779746 312.9807713538233
v -1855.8656616210938 437.632062390026 314.4807710820958
v -1855.8656616210938 431.4156621779746 312.9807713538233
v -1855.8656616210938 437.63206232445896 312.9807710820958
v -2648.1392211914062 437.632062390026 314.4807710820958
v -1855.8656616210938 437.632062390026 314.4807710820958
v -1855.8656616210938 437.63206232445896 312.9807710820958
v -2648.1392211914062 437.632062390026 314.4807710820958
v -1855.8656616210938 437.63206232445896 312.9807710820958
v -2648.1392211914062 437.63206232445896 312.9807710820958
v -2648.1392211914062 429.91566224354165 314.48077141939035
v -2648.1392211914062 437.632062390026 314.4807710820958
v -2648.1392211914062 437.63206232445896 312.9807710820958
v -2648.1392211914062 429.91566224354165 314.48077141939035
v -2648.1392211914062 437.63206232445896 312.9807710820958
v -2648.1392211914062 431.4156621779746 312.9807713538233
v -1855.8656616210938 429.91566224354165 314.48077141939035
v -1855.8656616210938 429.91566158787083 299.48077141939035
v -1855.8656616210938 431.41566165343795 300.9807713538233
v -1855.8656616210938 429.91566224354165 314.48077141939035
v -1855.8656616210938 431.41566165343795 300.9807713538233
v -1855.8656616210938 431.4156621779746 312.9807713538233
v -2648.1392211914062 429.91566158787083 299.48077141939035
v -2648.1392211914062 429.91566224354165 314.48077141939035
v -2648.1392211914062 431.4156621779746 312.9807713538233
v -2648.1392211914062 429.91566158787083 299.48077141939035
v -2648.1392211914062 431.4156621779746 312.9807713538233
v -2648.1392211914062 431.41566165343795 300.9807713538233
v -2638.13916015625 288.98634031048056 299.7478063882004
v -2638.13916015625 288.98631529552085 -272.52776734226825
v -1865.8656921386719 288.98631529552085 -272.52776734226825
v -2638.13916015625 288.98634031048056 299.7478063882004
v -1865.8656921386719 288.98631529552085 -272.52776734226825
v -1865.8656921386719 288.98634031048056 299.7478063882004
v -1865.8656921386719 288.98634031048056 299.7478063882004
v -1865.8656921386719 288.98631529552085 -272.52776734226825
v -1865.8656921386719 456.16563658458335 -272.52777464990845
v -1865.8656921386719 288.98634031048056 299.7478063882004
v -1865.8656921386719 456.16563658458335 -272.52777464990845
v -1865.8656921386719 456.165661599543 299.7477990805602
v -2638.13916015625 288.98631529552085 -272.52776734226825
v -2638.13916015625 288.98634031048056 299.7478063882004
v -2638.13916015625 456.165661599543 299.7477990805602
v -2638.13916015625 288.98631529552085 -272.52776734226825
v -2638.13916015625 456.165661599543 299.7477990805602
v -2638.13916015625 456.16563658458335 -272.52777464990845
v -2638.13916015625 456.16563658458335 -272.52777464990845
v -1865.8656921386719 456.16563658458335 -272.52777464990845
v -1865.8656921386719 288.98631529552085 -272.52776734226825
v -2638.13916015625 456.16563658458335 -272.52777464990845
v -1865.8656921386719 288.98631529552085 -272.52776734226825
v -2638.13916015625 288.98631529552085 -272.52776734226825
v -1871.8656921386719 294.9863155577892 -266.5277676045366
v -2632.13916015625 294.9863155577732 -266.5281338154741
v -2632.13916015625 294.98634031048056 299.7478061259321
v -1871.8656921386719 294.9863155577892 -266.5277676045366
v -2632.13916015625 294.98634031048056 299.7478061259321
v -1871.8656921386719 294.98634031048056 299.7478061259321
v -1871.8656921386719 456.16563684685167 -266.52777464990845
v -1871.8656921386719 294.9863155577892 -266.5277676045366
v -1871.8656921386719 294.98634031048056 299.7478061259321
v -1871.8656921386719 456.16563684685167 -266.52777464990845
v -1871.8656921386719 294.98634031048056 299.7478061259321
v -1871.8656921386719 456.165661599543 299.7477990805602
v -2632.13916015625 456.165661599543 299.7477990805602
v -2632.13916015625 294.98634031048056 299.7478061259321
v -2632.13916015625 294.9863155577732 -266.5281338154741
v -2632.13916015625 456.165661599543 299.7477990805602
v -2632.13916015625 294.9863155577732 -266.5281338154741
v -2632.13916015625 456.16563684685167 -266.52777464990845
v -1871.8656921386719 294.9863155577892 -266.5277676045366
v -1871.8656921386719 456.16563684685167 -266.52777464990845
v -2632.13916015625 456.16563684685167 -266.52777464990845
v -1871.8656921386719 294.9863155577892 -266.5277676045366
v -2632.13916015625 456.16563684685167 -266.52777464990845
v -2632.13916015625 294.9863155577732 -266.5281338154741
v -1865.8656921386719 456.165661599543 299.7477990805602
v -1865.8656921386719 456.16563658458335 -272.52777464990845
v -1871.8656921386719 456.16563684685167 -266.52777464990845
v -1865.8656921386719 456.165661599543 299.7477990805602
v -1871.8656921386719 456.16563684685167 -266.52777464990845
v -1871.8656921386719 456.165661599543 299.7477990805602
v -2638.13916015625 456.16563658458335 -272.52777464990845
v -2638.13916015625 456.165661599543 299.7477990805602
v -2632.13916015625 456.165661599543 299.7477990805602
v -2638.13916015625 456.16563658458335 -272.52777464990845
v -2632.13916015625 456.165661599543 299.7477990805602
v -2632.13916015625 456.16563684685167 -266.52777464990845
v -1865.8656921386719 456.16563658458335 -272.52777464990845
v -2638.13916015625 456.16563658458335 -272.52777464990845
v -2632.13916015625 456.16563684685167 -266.52777464990845
v -1865.8656921386719 456.16563658458335 -272.52777464990845
v -2632.13916015625 456.16563684685167 -266.52777464990845
v -1871.8656921386719 456.16563684685167 -266.52777464990845
vt 0.022684499621391296 0.3530033826828003
vt 0.022684499621391296 0.3493412733078003
vt 0.216104194521904 0.3493412733078003
vt 0.022684499621391296 0.3530033826828003
vt 0.216104194521904 0.3493412733078003
vt 0.216104194521904 0.3530033826828003
vt 0.6289684176445007 0.26767706871032715
vt 0.6289684176445007 0.30696654319763184
vt 0.43554240465164185 0.30696654319763184
vt 0.6289684176445007 0.26767706871032715
vt 0.43554240465164185 0.30696654319763184
vt 0.43554240465164185 0.26767706871032715
vt 0.9110421538352966 0.7485885620117188
vt 0.9110421538352966 0.7878782749176025
vt 0.9073800444602966 0.7878782749176025
vt 0.9110421538352966 0.7485885620117188
vt 0.9073800444602966 0.7878782749176025
vt 0.9073800444602966 0.7485885620117188
vt 0.833128809928894 0.2540664076805115
vt 0.833128809928894 0.29335540533065796
vt 0.6397029161453247 0.29335540533065796
vt 0.833128809928894 0.2540664076805115
vt 0.6397029161453247 0.29335540533065796
vt 0.6397029161453247 0.2540664076805115
vt 0.9076334238052368 0.4191323518753052
vt 0.9076334238052368 0.45842015743255615
vt 0.9039710760116577 0.45842015743255615
vt 0.9076334238052368 0.4191323518753052
vt 0.9039710760116577 0.45842015743255615
vt 0.9039710760116577 0.4191323518753052
vt 0.22684502601623535 0.34480440616607666
vt 0.42026472091674805 0.34480440616607666
vt 0.42026472091674805 0.3484666347503662
vt 0.22684502601623535 0.34480440616607666
vt 0.42026472091674805 0.3484666347503662
vt 0.22684502601623535 0.3484666347503662
vt 0.833128809928894 0.29976457357406616
vt 0.6397029161453247 0.29976457357406616
vt 0.6397029161453247 0.29335540533065796
vt 0.833128809928894 0.29976457357406616
vt 0.6397029161453247 0.29335540533065796
vt 0.833128809928894 0.29335540533065796
vt 0.4202786982059479 0.3376144766807556
vt 0.22684499621391296 0.3376144766807556
vt 0.22684499621391296 0.3357306122779846
vt 0.4202786982059479 0.3376144766807556
vt 0.22684499621391296 0.3357306122779846
vt 0.4202786982059479 0.3357306122779846
vt 0.43554240465164185 0.30696654319763184
vt 0.6289684176445007 0.30696654319763184
vt 0.6289684176445007 0.30885040760040283
vt 0.43554240465164185 0.30696654319763184
vt 0.6289684176445007 0.30885040760040283
vt 0.43554240465164185 0.30885040760040283
vt 0.6289593577384949 0.3266568183898926
vt 0.6289593577384949 0.32958662509918213
vt 0.43554240465164185 0.32958662509918213
vt 0.6289593577384949 0.3266568183898926
vt 0.43554240465164185 0.32958662509918213
vt 0.43554240465164185 0.3266568183898926
vt 0.7848837375640869 0.205299973487854
vt 0.7848837375640869 0.19962358474731445
vt 0.9783101081848145 0.19962358474731445
vt 0.7848837375640869 0.205299973487854
vt 0.9783101081848145 0.19962358474731445
vt 0.9783101081848145 0.205299973487854
vt 0.6289615035057068 0.32211995124816895
vt 0.6289615035057068 0.3236377239227295
vt 0.43554240465164185 0.3236377239227295
vt 0.6289615035057068 0.32211995124816895
vt 0.43554240465164185 0.3236377239227295
vt 0.43554240465164185 0.32211995124816895
vt 0.6397029161453247 0.3191007971763611
vt 0.6397029161453247 0.31758302450180054
vt 0.8331220149993896 0.31758302450180054
vt 0.6397029161453247 0.3191007971763611
vt 0.8331220149993896 0.31758302450180054
vt 0.8331220149993896 0.3191007971763611
vt 0.6397029161453247 0.32211995124816895
vt 0.8331198692321777 0.32211995124816895
vt 0.8331198692321777 0.3250497579574585
vt 0.6397029161453247 0.32211995124816895
vt 0.8331198692321777 0.3250497579574585
vt 0.6397029161453247 0.3250497579574585
vt 0.9110421538352966 0.7942872047424316
vt 0.9073800444602966 0.7942872047424316
vt 0.9077461361885071 0.7939211130142212
vt 0.9110421538352966 0.7942872047424316
vt 0.9077461361885071 0.7939211130142212
vt 0.9106759428977966 0.7939211130142212
vt 0.9076334238052368 0.46482884883880615
vt 0.9039710760116577 0.46482884883880615
vt 0.9043375253677368 0.46446263790130615
vt 0.9076334238052368 0.46482884883880615
vt 0.9043375253677368 0.46446263790130615
vt 0.9072672128677368 0.46446263790130615
vt 0.9106759428977966 0.7939211130142212
vt 0.9106759428977966 0.7882444858551025
vt 0.9110421538352966 0.7878782749176025
vt 0.9106759428977966 0.7939211130142212
vt 0.9110421538352966 0.7878782749176025
vt 0.9110421538352966 0.7942872047424316
vt 0.9043375253677368 0.45878636837005615
vt 0.9043375253677368 0.46446263790130615
vt 0.9039710760116577 0.46482884883880615
vt 0.9043375253677368 0.45878636837005615
vt 0.9039710760116577 0.46482884883880615
vt 0.9039710760116577 0.45842015743255615
vt 0.9076334238052368 0.46294522285461426
vt 0.9076334238052368 0.46482884883880615
vt 0.9072672128677368 0.46446263790130615
vt 0.9076334238052368 0.46294522285461426
vt 0.9072672128677368 0.46446263790130615
vt 0.9072672128677368 0.46294522285461426
vt 0.40666520595550537 0.340633749961853
vt 0.2132343053817749 0.340633749961853
vt 0.2132343053817749 0.340267539024353
vt 0.40666520595550537 0.340633749961853
vt 0.2132343053817749 0.340267539024353
vt 0.40666520595550537 0.340267539024353
vt 0.9073800444602966 0.7942872047424316
vt 0.9073800444602966 0.7924035787582397
vt 0.9077461361885071 0.7924035787582397
vt 0.9073800444602966 0.7942872047424316
vt 0.9077461361885071 0.7924035787582397
vt 0.9077461361885071 0.7939211130142212
vt 0.9073800444602966 0.7897622585296631
vt 0.9073800444602966 0.7878782749176025
vt 0.9077461361885071 0.7882444858551025
vt 0.9073800444602966 0.7897622585296631
vt 0.9077461361885071 0.7882444858551025
vt 0.9077461361885071 0.7897622585296631
vt 0.7848837375640869 0.16786527633666992
vt 0.9783146381378174 0.16786527633666992
vt 0.9783146381378174 0.16823148727416992
vt 0.7848837375640869 0.16786527633666992
vt 0.9783146381378174 0.16823148727416992
vt 0.7848837375640869 0.16823148727416992
vt 0.9076334238052368 0.45842015743255615
vt 0.9076334238052368 0.46030402183532715
vt 0.9072672128677368 0.46030402183532715
vt 0.9076334238052368 0.45842015743255615
vt 0.9072672128677368 0.46030402183532715
vt 0.9072672128677368 0.45878636837005615
vt 0.9073800444602966 0.7878782749176025
vt 0.9110421538352966 0.7878782749176025
vt 0.9106759428977966 0.7882444858551025
vt 0.9073800444602966 0.7878782749176025
vt 0.9106759428977966 0.7882444858551025
vt 0.9077461361885071 0.7882444858551025
vt 0.9039710760116577 0.45842015743255615
vt 0.9076334238052368 0.45842015743255615
vt 0.9072672128677368 0.45878636837005615
vt 0.9039710760116577 0.45842015743255615
vt 0.9072672128677368 0.45878636837005615
vt 0.9043375253677368 0.45878636837005615
vt 0.009073801338672638 0.6523854732513428
vt 0.009073801338672638 0.5126697421073914
vt 0.1976170539855957 0.5126697421073914
vt 0.009073801338672638 0.6523854732513428
vt 0.1976170539855957 0.5126697421073914
vt 0.1976170539855957 0.6523854732513428
vt 0.4037841260433197 0.8846955299377441
vt 0.5435001850128174 0.8846955299377441
vt 0.5435001850128174 0.9255106449127197
vt 0.4037841260433197 0.8846955299377441
vt 0.5435001850128174 0.9255106449127197
vt 0.4037841260433197 0.9255106449127197
vt 0.5535018444061279 0.8846955299377441
vt 0.6932177543640137 0.8846955299377441
vt 0.6932177543640137 0.9255106449127197
vt 0.5535018444061279 0.8846955299377441
vt 0.6932177543640137 0.9255106449127197
vt 0.5535018444061279 0.9255106449127197
vt 0.998194694519043 0.6064916253089905
vt 0.9159804582595825 0.6064916253089905
vt 0.9159804582595825 0.588694155216217
vt 0.998194694519043 0.6064916253089905
vt 0.9159804582595825 0.588694155216217
vt 0.998194694519043 0.588694155216217
vt 0.589397668838501 0.4921290874481201
vt 0.4037841260433197 0.4921290874481201
vt 0.4037841260433197 0.3538782596588135
vt 0.589397668838501 0.4921290874481201
vt 0.4037841260433197 0.3538782596588135
vt 0.589397668838501 0.3538782596588135
vt 0.8347896337509155 0.9558043479919434
vt 0.8347896337509155 0.9164538383483887
vt 0.9730404019355774 0.9164538383483887
vt 0.8347896337509155 0.9558043479919434
vt 0.9730404019355774 0.9164538383483887
vt 0.9730404019355774 0.9558043479919434
vt 0.3566424548625946 0.9991044998168945
vt 0.3566424548625946 0.9597541689872742
vt 0.4948939383029938 0.9597541689872742
vt 0.3566424548625946 0.9991044998168945
vt 0.4948939383029938 0.9597541689872742
vt 0.4948936998844147 0.9991044998168945
vt 0.3943112790584564 0.7032195329666138
vt 0.3943112790584564 0.7425698041915894
vt 0.20869740843772888 0.7425698041915894
vt 0.3943112790584564 0.7032195329666138
vt 0.20869740843772888 0.7425698041915894
vt 0.20869740843772888 0.7032195329666138
vt 0.813569962978363 0.5988707542419434
vt 0.813569962978363 0.7385897636413574
vt 0.812105119228363 0.737125039100647
vt 0.813569962978363 0.5988707542419434
vt 0.812105119228363 0.737125039100647
vt 0.812105119228363 0.5988707542419434
vt 0.19508670270442963 0.992650032043457
vt 0.19508670270442963 0.8529372215270996
vt 0.19655154645442963 0.8529372215270996
vt 0.19508670270442963 0.992650032043457
vt 0.19655154645442963 0.8529372215270996
vt 0.19655154645442963 0.9911853075027466
vt 0.8282506465911865 0.3281216025352478
vt 0.6397029161453247 0.3281216025352478
vt 0.6411676406860352 0.3266568183898926
vt 0.8282506465911865 0.3281216025352478
vt 0.6411676406860352 0.3266568183898926
vt 0.8267860412597656 0.3266568183898926
vn 0 -0.9999999999999992 4.371138806469333e-8
vn 0 -0.9999999999999992 4.371138806469333e-8
vn 0 -0.9999999999999992 4.371138806469333e-8
vn 0 -0.9999999999999992 4.371138806469333e-8
vn 0 -0.9999999999999992 4.371138806469333e-8
vn 0 -0.9999999999999992 4.371138806469333e-8
vn 0 4.371138806469333e-8 0.9999999999999992
vn 0 4.371138806469333e-8 0.9999999999999992
vn 0 4.371138806469333e-8 0.9999999999999992
vn 0 4.371138806469333e-8 0.9999999999999992
vn 0 4.371138806469333e-8 0.9999999999999992
vn 0 4.371138806469333e-8 0.9999999999999992
vn 1 0 0
vn 1 0 0
vn 1 0 0
vn 1 0 0
vn 1 0 0
vn 1 0 0
vn 0 -4.371138806469333e-8 -0.9999999999999992
vn 0 -4.371138806469333e-8 -0.9999999999999992
vn 0 -4.371138806469333e-8 -0.9999999999999992
vn 0 -4.371138806469333e-8 -0.9999999999999992
vn 0 -4.371138806469333e-8 -0.9999999999999992
vn 0 -4.371138806469333e-8 -0.9999999999999992
vn -1 0 0
vn -1 0 0
vn -1 0 0
vn -1 0 0
vn -1 0 0
vn -1 0 0
vn 0 0.9999999999999992 -4.371138806469333e-8
vn 0 0.9999999999999992 -4.371138806469333e-8
vn 0 0.9999999999999992 -4.371138806469333e-8
vn 0 0.9999999999999992 -4.371138806469333e-8
vn 0 0.9999999999999992 -4.371138806469333e-8
vn 0 0.9999999999999992 -4.371138806469333e-8
vn 0 -4.371138806469333e-8 -0.9999999999999992
vn 0 -4.371138806469333e-8 -0.9999999999999992
vn 0 -4.371138806469333e-8 -0.9999999999999992
vn 0 -4.371138806469333e-8 -0.9999999999999992
vn 0 -4.371138806469333e-8 -0.9999999999999992
vn 0 -4.371138806469333e-8 -0.9999999999999992
vn 0 4.371138806469333e-8 0.9999999999999992
vn 0 4.371138806469333e-8 0.9999999999999992
vn 0 4.371138806469333e-8 0.9999999999999992
vn 0 4.371138806469333e-8 0.9999999999999992
vn 0 4.371138806469333e-8 0.9999999999999992
vn 0 4.371138806469333e-8 0.9999999999999992
vn 0 4.371138806469333e-8 0.9999999999999992
vn 0 4.371138806469333e-8 0.9999999999999992
vn 0 4.371138806469333e-8 0.9999999999999992
vn 0 4.371138806469333e-8 0.9999999999999992
vn 0 4.371138806469333e-8 0.9999999999999992
vn 0 4.371138806469333e-8 0.9999999999999992
vn 0 -0.9999999999999992 4.371138806469333e-8
vn 0 -0.9999999999999992 4.371138806469333e-8
vn 0 -0.9999999999999992 4.371138806469333e-8
vn 0 -0.9999999999999992 4.371138806469333e-8
vn 0 -0.9999999999999992 4.371138806469333e-8
vn 0 -0.9999999999999992 4.371138806469333e-8
vn 0 4.371138806469333e-8 0.9999999999999992
vn 0 4.371138806469333e-8 0.9999999999999992
vn 0 4.371138806469333e-8 0.9999999999999992
vn 0 4.371138806469333e-8 0.9999999999999992
vn 0 4.371138806469333e-8 0.9999999999999992
vn 0 4.371138806469333e-8 0.9999999999999992
vn 0 -4.371138806469333e-8 -0.9999999999999992
vn 0 -4.371138806469333e-8 -0.9999999999999992
vn 0 -4.371138806469333e-8 -0.9999999999999992
vn 0 -4.371138806469333e-8 -0.9999999999999992
vn 0 -4.371138806469333e-8 -0.9999999999999992
vn 0 -4.371138806469333e-8 -0.9999999999999992
vn 0 -4.371138806469333e-8 -0.9999999999999992
vn 0 -4.371138806469333e-8 -0.9999999999999992
vn 0 -4.371138806469333e-8 -0.9999999999999992
vn 0 -4.371138806469333e-8 -0.9999999999999992
vn 0 -4.371138806469333e-8 -0.9999999999999992
vn 0 -4.371138806469333e-8 -0.9999999999999992
vn 0 0.9999999999999992 -4.371138806469333e-8
vn 0 0.9999999999999992 -4.371138806469333e-8
vn 0 0.9999999999999992 -4.371138806469333e-8
vn 0 0.9999999999999992 -4.371138806469333e-8
vn 0 0.9999999999999992 -4.371138806469333e-8
vn 0 0.9999999999999992 -4.371138806469333e-8
vn 1 0 0
vn 1 0 0
vn 1 0 0
vn 1 0 0
vn 1 0 0
vn 1 0 0
vn -1 0 0
vn -1 0 0
vn -1 0 0
vn -1 0 0
vn -1 0 0
vn -1 0 0
vn 1 0 0
vn 1 0 0
vn 1 0 0
vn 1 0 0
vn 1 0 0
vn 1 0 0
vn -1 0 0
vn -1 0 0
vn -1 0 0
vn -1 0 0
vn -1 0 0
vn -1 0 0
vn -1 0 0
vn -1 0 0
vn -1 0 0
vn -1 0 0
vn -1 0 0
vn -1 0 0
vn 0 -0.9999999999999992 4.371138806469333e-8
vn 0 -0.9999999999999992 4.371138806469333e-8
vn 0 -0.9999999999999992 4.371138806469333e-8
vn 0 -0.9999999999999992 4.371138806469333e-8
vn 0 -0.9999999999999992 4.371138806469333e-8
vn 0 -0.9999999999999992 4.371138806469333e-8
vn 1 0 0
vn 1 0 0
vn 1 0 0
vn 1 0 0
vn 1 0 0
vn 1 0 0
vn 1 0 0
vn 1 0 0
vn 1 0 0
vn 1 0 0
vn 1 0 0
vn 1 0 0
vn 0 0.9999999999999992 -4.371138806469333e-8
vn 0 0.9999999999999992 -4.371138806469333e-8
vn 0 0.9999999999999992 -4.371138806469333e-8
vn 0 0.9999999999999992 -4.371138806469333e-8
vn 0 0.9999999999999992 -4.371138806469333e-8
vn 0 0.9999999999999992 -4.371138806469333e-8
vn -1 0 0
vn -1 0 0
vn -1 0 0
vn -1 0 0
vn -1 0 0
vn -1 0 0
vn 1 0 0
vn 1 0 0
vn 1 0 0
vn 1 0 0
vn 1 0 0
vn 1 0 0
vn -1 0 0
vn -1 0 0
vn -1 0 0
vn -1 0 0
vn -1 0 0
vn -1 0 0
vn 0 -0.9999999999999992 4.371138806469333e-8
vn 0 -0.9999999999999992 4.371138806469333e-8
vn 0 -0.9999999999999992 4.371138806469333e-8
vn 0 -0.9999999999999992 4.371138806469333e-8
vn 0 -0.9999999999999992 4.371138806469333e-8
vn 0 -0.9999999999999992 4.371138806469333e-8
vn 1 0 0
vn 1 0 0
vn 1 0 0
vn 1 0 0
vn 1 0 0
vn 1 0 0
vn -1 0 0
vn -1 0 0
vn -1 0 0
vn -1 0 0
vn -1 0 0
vn -1 0 0
vn 0 -4.371138806469333e-8 -0.9999999999999992
vn 0 -4.371138806469333e-8 -0.9999999999999992
vn 0 -4.371138806469333e-8 -0.9999999999999992
vn 0 -4.371138806469333e-8 -0.9999999999999992
vn 0 -4.371138806469333e-8 -0.9999999999999992
vn 0 -4.371138806469333e-8 -0.9999999999999992
vn 0 0.9999999999999992 -4.371138806469333e-8
vn 0 0.9999999999999992 -4.371138806469333e-8
vn 0 0.9999999999999992 -4.371138806469333e-8
vn 0 0.9999999999999992 -4.371138806469333e-8
vn 0 0.9999999999999992 -4.371138806469333e-8
vn 0 0.9999999999999992 -4.371138806469333e-8
vn -1 0 0
vn -1 0 0
vn -1 0 0
vn -1 0 0
vn -1 0 0
vn -1 0 0
vn 1 0 0
vn 1 0 0
vn 1 0 0
vn 1 0 0
vn 1 0 0
vn 1 0 0
vn -2.4084158667376115e-7 -0.0000010923243467512563 0.9999999999993745
vn -2.4084158667376115e-7 -0.0000010923243467512563 0.9999999999993745
vn -2.4084158667376115e-7 -0.0000010923243467512563 0.9999999999993745
vn -2.4084158667376115e-7 -0.0000010923243467512563 0.9999999999993745
vn -2.4084158667376115e-7 -0.0000010923243467512563 0.9999999999993745
vn -2.4084158667376115e-7 -0.0000010923243467512563 0.9999999999993745
vn 0 0.9999999999999992 -4.371138806469333e-8
vn 0 0.9999999999999992 -4.371138806469333e-8
vn 0 0.9999999999999992 -4.371138806469333e-8
vn 0 0.9999999999999992 -4.371138806469333e-8
vn 0 0.9999999999999992 -4.371138806469333e-8
vn 0 0.9999999999999992 -4.371138806469333e-8
vn 0 0.9999999999999992 -4.371138806469333e-8
vn 0 0.9999999999999992 -4.371138806469333e-8
vn 0 0.9999999999999992 -4.371138806469333e-8
vn 0 0.9999999999999992 -4.371138806469333e-8
vn 0 0.9999999999999992 -4.371138806469333e-8
vn 0 0.9999999999999992 -4.371138806469333e-8
vn 0 0.9999999999999992 -4.371138806469333e-8
vn 0 0.9999999999999992 -4.371138806469333e-8
vn 0 0.9999999999999992 -4.371138806469333e-8
vn 0 0.9999999999999992 -4.371138806469333e-8
vn 0 0.9999999999999992 -4.371138806469333e-8
vn 0 0.9999999999999992 -4.371138806469333e-8
f 4771/4771/4771 4772/4772/4772 4773/4773/4773
f 4774/4774/4774 4775/4775/4775 4776/4776/4776
f 4777/4777/4777 4778/4778/4778 4779/4779/4779
f 4780/4780/4780 4781/4781/4781 4782/4782/4782
f 4783/4783/4783 4784/4784/4784 4785/4785/4785
f 4786/4786/4786 4787/4787/4787 4788/4788/4788
f 4789/4789/4789 4790/4790/4790 4791/4791/4791
f 4792/4792/4792 4793/4793/4793 4794/4794/4794
f 4795/4795/4795 4796/4796/4796 4797/4797/4797
f 4798/4798/4798 4799/4799/4799 4800/4800/4800
f 4801/4801/4801 4802/4802/4802 4803/4803/4803
f 4804/4804/4804 4805/4805/4805 4806/4806/4806
f 4807/4807/4807 4808/4808/4808 4809/4809/4809
f 4810/4810/4810 4811/4811/4811 4812/4812/4812
f 4813/4813/4813 4814/4814/4814 4815/4815/4815
f 4816/4816/4816 4817/4817/4817 4818/4818/4818
f 4819/4819/4819 4820/4820/4820 4821/4821/4821
f 4822/4822/4822 4823/4823/4823 4824/4824/4824
f 4825/4825/4825 4826/4826/4826 4827/4827/4827
f 4828/4828/4828 4829/4829/4829 4830/4830/4830
f 4831/4831/4831 4832/4832/4832 4833/4833/4833
f 4834/4834/4834 4835/4835/4835 4836/4836/4836
f 4837/4837/4837 4838/4838/4838 4839/4839/4839
f 4840/4840/4840 4841/4841/4841 4842/4842/4842
f 4843/4843/4843 4844/4844/4844 4845/4845/4845
f 4846/4846/4846 4847/4847/4847 4848/4848/4848
f 4849/4849/4849 4850/4850/4850 4851/4851/4851
f 4852/4852/4852 4853/4853/4853 4854/4854/4854
f 4855/4855/4855 4856/4856/4856 4857/4857/4857
f 4858/4858/4858 4859/4859/4859 4860/4860/4860
f 4861/4861/4861 4862/4862/4862 4863/4863/4863
f 4864/4864/4864 4865/4865/4865 4866/4866/4866
f 4867/4867/4867 4868/4868/4868 4869/4869/4869
f 4870/4870/4870 4871/4871/4871 4872/4872/4872
f 4873/4873/4873 4874/4874/4874 4875/4875/4875
f 4876/4876/4876 4877/4877/4877 4878/4878/4878
f 4879/4879/4879 4880/4880/4880 4881/4881/4881
f 4882/4882/4882 4883/4883/4883 4884/4884/4884
f 4885/4885/4885 4886/4886/4886 4887/4887/4887
f 4888/4888/4888 4889/4889/4889 4890/4890/4890
f 4891/4891/4891 4892/4892/4892 4893/4893/4893
f 4894/4894/4894 4895/4895/4895 4896/4896/4896
f 4897/4897/4897 4898/4898/4898 4899/4899/4899
f 4900/4900/4900 4901/4901/4901 4902/4902/4902
f 4903/4903/4903 4904/4904/4904 4905/4905/4905
f 4906/4906/4906 4907/4907/4907 4908/4908/4908
f 4909/4909/4909 4910/4910/4910 4911/4911/4911
f 4912/4912/4912 4913/4913/4913 4914/4914/4914
f 4915/4915/4915 4916/4916/4916 4917/4917/4917
f 4918/4918/4918 4919/4919/4919 4920/4920/4920
f 4921/4921/4921 4922/4922/4922 4923/4923/4923
f 4924/4924/4924 4925/4925/4925 4926/4926/4926
f 4927/4927/4927 4928/4928/4928 4929/4929/4929
f 4930/4930/4930 4931/4931/4931 4932/4932/4932
f 4933/4933/4933 4934/4934/4934 4935/4935/4935
f 4936/4936/4936 4937/4937/4937 4938/4938/4938
f 4939/4939/4939 4940/4940/4940 4941/4941/4941
f 4942/4942/4942 4943/4943/4943 4944/4944/4944
f 4945/4945/4945 4946/4946/4946 4947/4947/4947
f 4948/4948/4948 4949/4949/4949 4950/4950/4950
f 4951/4951/4951 4952/4952/4952 4953/4953/4953
f 4954/4954/4954 4955/4955/4955 4956/4956/4956
f 4957/4957/4957 4958/4958/4958 4959/4959/4959
f 4960/4960/4960 4961/4961/4961 4962/4962/4962
f 4963/4963/4963 4964/4964/4964 4965/4965/4965
f 4966/4966/4966 4967/4967/4967 4968/4968/4968
f 4969/4969/4969 4970/4970/4970 4971/4971/4971
f 4972/4972/4972 4973/4973/4973 4974/4974/4974
f 4975/4975/4975 4976/4976/4976 4977/4977/4977
f 4978/4978/4978 4979/4979/4979 4980/4980/4980
f 4981/4981/4981 4982/4982/4982 4983/4983/4983
f 4984/4984/4984 4985/4985/4985 4986/4986/4986
f 4987/4987/4987 4988/4988/4988 4989/4989/4989
f 4990/4990/4990 4991/4991/4991 4992/4992/4992
o box_big004
usemtl DefaultMaterial
v -2648.1392211914062 468.7959112669792 305.7138712784392
v -2648.1392211914062 468.7959106113084 290.7138712784393
v -1855.8656616210938 468.7959106113084 290.7138712784393
v -2648.1392211914062 468.7959112669792 305.7138712784392
v -1855.8656616210938 468.7959106113084 290.7138712784393
v -1855.8656616210938 468.7959112669792 305.7138712784392
v -1855.8656616210938 468.7959112669792 305.7138712784392
v -1855.8656616210938 619.7252325560416 305.7138646811091
v -2648.1392211914062 619.7252325560416 305.7138646811091
v -1855.8656616210938 468.7959112669792 305.7138712784392
v -2648.1392211914062 619.7252325560416 305.7138646811091
v -2648.1392211914062 468.7959112669792 305.7138712784392
v -1855.8656616210938 468.7959106113084 290.7138712784393
v -1855.8656616210938 619.7252319003709 290.7138646811091
v -1855.8656616210938 619.7252325560416 305.7138646811091
v -1855.8656616210938 468.7959106113084 290.7138712784393
v -1855.8656616210938 619.7252325560416 305.7138646811091
v -1855.8656616210938 468.7959112669792 305.7138712784392
v -2648.1392211914062 468.7959106113084 290.7138712784393
v -2648.1392211914062 619.7252319003709 290.7138646811091
v -1855.8656616210938 619.7252319003709 290.7138646811091
v -2648.1392211914062 468.7959106113084 290.7138712784393
v -1855.8656616210938 619.7252319003709 290.7138646811091
v -1855.8656616210938 468.7959106113084 290.7138712784393
v -2648.1392211914062 468.7959112669792 305.7138712784392
v -2648.1392211914062 619.7252325560416 305.7138646811091
v -2648.1392211914062 619.7252319003709 290.7138646811091
v -2648.1392211914062 468.7959112669792 305.7138712784392
v -2648.1392211914062 619.7252319003709 290.7138646811091
v -2648.1392211914062 468.7959106113084 290.7138712784393
v -2648.1392211914062 655.9752325560416 305.7138630965713
v -1855.8656616210938 655.9752325560416 305.7138630965713
v -1855.8656616210938 655.9752319003708 290.7138630965713
v -2648.1392211914062 655.9752325560416 305.7138630965713
v -1855.8656616210938 655.9752319003708 290.7138630965713
v -2648.1392211914062 655.9752319003708 290.7138630965713
v -2648.1392211914062 655.9752319003708 290.7138630965713
v -1855.8656616210938 655.9752319003708 290.7138630965713
v -1855.8656616210938 619.7252319003709 290.7138646811091
v -2648.1392211914062 655.9752319003708 290.7138630965713
v -1855.8656616210938 619.7252319003709 290.7138646811091
v -2648.1392211914062 619.7252319003709 290.7138646811091
v -1855.8656616210938 655.9752325560416 305.7138630965713
v -2648.1392211914062 655.9752325560416 305.7138630965713
v -2648.1392211914062 648.2588324095573 305.71386343386587
v -1855.8656616210938 655.9752325560416 305.7138630965713
v -2648.1392211914062 648.2588324095573 305.71386343386587
v -1855.8656616210938 648.2588324095573 305.71386343386587
v -2648.1392211914062 619.7252325560416 305.7138646811091
v -1855.8656616210938 619.7252325560416 305.7138646811091
v -1855.8656616210938 627.441632702526 305.7138643438146
v -2648.1392211914062 619.7252325560416 305.7138646811091
v -1855.8656616210938 627.441632702526 305.7138643438146
v -2648.1392211914062 627.441632702526 305.7138643438146
v -1855.8656616210938 654.475231965938 292.2138631621384
v -1855.8656616210938 654.4752324904746 304.2138631621384
v -2648.1392211914062 654.4752324904746 304.2138631621384
v -1855.8656616210938 654.475231965938 292.2138631621384
v -2648.1392211914062 654.4752324904746 304.2138631621384
v -2648.1392211914062 654.475231965938 292.2138631621384
v -2648.1392211914062 654.475231965938 292.2138631621384
v -2648.1392211914062 621.225231965938 292.21386461554204
v -1855.8656616210938 621.225231965938 292.21386461554204
v -2648.1392211914062 654.475231965938 292.2138631621384
v -1855.8656616210938 621.225231965938 292.21386461554204
v -1855.8656616210938 654.475231965938 292.2138631621384
v -2648.1392211914062 648.2588323439902 304.21386343386587
v -2648.1392211914062 654.4752324904746 304.2138631621384
v -1855.8656616210938 654.4752324904746 304.2138631621384
v -2648.1392211914062 648.2588323439902 304.21386343386587
v -1855.8656616210938 654.4752324904746 304.2138631621384
v -1855.8656616210938 648.2588323439902 304.21386343386587
v -1855.8656616210938 627.441632636959 304.2138643438146
v -1855.8656616210938 621.2252324904746 304.21386461554204
v -2648.1392211914062 621.2252324904746 304.21386461554204
v -1855.8656616210938 627.441632636959 304.2138643438146
v -2648.1392211914062 621.2252324904746 304.21386461554204
v -2648.1392211914062 627.441632636959 304.2138643438146
v -2648.1392211914062 621.2252324904746 304.21386461554204
v -1855.8656616210938 621.2252324904746 304.21386461554204
v -1855.8656616210938 621.225231965938 292.21386461554204
v -2648.1392211914062 621.2252324904746 304.21386461554204
v -1855.8656616210938 621.225231965938 292.21386461554204
v -2648.1392211914062 621.225231965938 292.21386461554204
v -1855.8656616210938 655.9752319003708 290.7138630965713
v -1855.8656616210938 655.9752325560416 305.7138630965713
v -1855.8656616210938 654.4752324904746 304.2138631621384
v -1855.8656616210938 655.9752319003708 290.7138630965713
v -1855.8656616210938 654.4752324904746 304.2138631621384
v -1855.8656616210938 654.475231965938 292.2138631621384
v -2648.1392211914062 655.9752325560416 305.7138630965713
v -2648.1392211914062 655.9752319003708 290.7138630965713
v -2648.1392211914062 654.475231965938 292.2138631621384
v -2648.1392211914062 655.9752325560416 305.7138630965713
v -2648.1392211914062 654.475231965938 292.2138631621384
v -2648.1392211914062 654.4752324904746 304.2138631621384
v -1855.8656616210938 654.475231965938 292.2138631621384
v -1855.8656616210938 621.225231965938 292.21386461554204
v -1855.8656616210938 619.7252319003709 290.7138646811091
v -1855.8656616210938 654.475231965938 292.2138631621384
v -1855.8656616210938 619.7252319003709 290.7138646811091
v -1855.8656616210938 655.9752319003708 290.7138630965713
v -2648.1392211914062 621.225231965938 292.21386461554204
v -2648.1392211914062 654.475231965938 292.2138631621384
v -2648.1392211914062 655.9752319003708 290.7138630965713
v -2648.1392211914062 621.225231965938 292.21386461554204
v -2648.1392211914062 655.9752319003708 290.7138630965713
v -2648.1392211914062 619.7252319003709 290.7138646811091
v -2648.1392211914062 648.2588324095573 305.71386343386587
v -2648.1392211914062 655.9752325560416 305.7138630965713
v -2648.1392211914062 654.4752324904746 304.2138631621384
v -2648.1392211914062 648.2588324095573 305.71386343386587
v -2648.1392211914062 654.4752324904746 304.2138631621384
v -2648.1392211914062 648.2588323439902 304.21386343386587
v -1855.8656616210938 648.2588324095573 305.71386343386587
v -2648.1392211914062 648.2588324095573 305.71386343386587
v -2648.1392211914062 648.2588323439902 304.21386343386587
v -1855.8656616210938 648.2588324095573 305.71386343386587
v -2648.1392211914062 648.2588323439902 304.21386343386587
v -1855.8656616210938 648.2588323439902 304.21386343386587
v -1855.8656616210938 655.9752325560416 305.7138630965713
v -1855.8656616210938 648.2588324095573 305.71386343386587
v -1855.8656616210938 648.2588323439902 304.21386343386587
v -1855.8656616210938 655.9752325560416 305.7138630965713
v -1855.8656616210938 648.2588323439902 304.21386343386587
v -1855.8656616210938 654.4752324904746 304.2138631621384
v -1855.8656616210938 627.441632702526 305.7138643438146
v -1855.8656616210938 619.7252325560416 305.7138646811091
v -1855.8656616210938 621.2252324904746 304.21386461554204
v -1855.8656616210938 627.441632702526 305.7138643438146
v -1855.8656616210938 621.2252324904746 304.21386461554204
v -1855.8656616210938 627.441632636959 304.2138643438146
v -2648.1392211914062 627.441632702526 305.7138643438146
v -1855.8656616210938 627.441632702526 305.7138643438146
v -1855.8656616210938 627.441632636959 304.2138643438146
v -2648.1392211914062 627.441632702526 305.7138643438146
v -1855.8656616210938 627.441632636959 304.2138643438146
v -2648.1392211914062 627.441632636959 304.2138643438146
v -2648.1392211914062 619.7252325560416 305.7138646811091
v -2648.1392211914062 627.441632702526 305.7138643438146
v -2648.1392211914062 627.441632636959 304.2138643438146
v -2648.1392211914062 619.7252325560416 305.7138646811091
v -2648.1392211914062 627.441632636959 304.2138643438146
v -2648.1392211914062 621.2252324904746 304.21386461554204
v -1855.8656616210938 619.7252325560416 305.7138646811091
v -1855.8656616210938 619.7252319003709 290.7138646811091
v -1855.8656616210938 621.225231965938 292.21386461554204
v -1855.8656616210938 619.7252325560416 305.7138646811091
v -1855.8656616210938 621.225231965938 292.21386461554204
v -1855.8656616210938 621.2252324904746 304.21386461554204
v -2648.1392211914062 619.7252319003709 290.7138646811091
v -2648.1392211914062 619.7252325560416 305.7138646811091
v -2648.1392211914062 621.2252324904746 304.21386461554204
v -2648.1392211914062 619.7252319003709 290.7138646811091
v -2648.1392211914062 621.2252324904746 304.21386461554204
v -2648.1392211914062 621.225231965938 292.21386461554204
v -2638.13916015625 478.79591062298056 290.98089964991914
v -2638.13916015625 478.79588560802085 -281.2946740805495
v -1865.8656921386719 478.79588560802085 -281.2946740805495
v -2638.13916015625 478.79591062298056 290.98089964991914
v -1865.8656921386719 478.79588560802085 -281.2946740805495
v -1865.8656921386719 478.79591062298056 290.98089964991914
v -1865.8656921386719 478.79591062298056 290.98089964991914
v -1865.8656921386719 478.79588560802085 -281.2946740805495
v -1865.8656921386719 645.9752068970834 -281.2946813881897
v -1865.8656921386719 478.79591062298056 290.98089964991914
v -1865.8656921386719 645.9752068970834 -281.2946813881897
v -1865.8656921386719 645.975231912043 290.98089234227893
v -2638.13916015625 478.79588560802085 -281.2946740805495
v -2638.13916015625 478.79591062298056 290.98089964991914
v -2638.13916015625 645.975231912043 290.98089234227893
v -2638.13916015625 478.79588560802085 -281.2946740805495
v -2638.13916015625 645.975231912043 290.98089234227893
v -2638.13916015625 645.9752068970834 -281.2946813881897
v -2638.13916015625 645.9752068970834 -281.2946813881897
v -1865.8656921386719 645.9752068970834 -281.2946813881897
v -1865.8656921386719 478.79588560802085 -281.2946740805495
v -2638.13916015625 645.9752068970834 -281.2946813881897
v -1865.8656921386719 478.79588560802085 -281.2946740805495
v -2638.13916015625 478.79588560802085 -281.2946740805495
v -1871.8656921386719 484.7958858702892 -275.29467434281787
v -2632.13916015625 484.7958858702732 -275.29504055375537
v -2632.13916015625 484.79591062298056 290.9808993876508
v -1871.8656921386719 484.7958858702892 -275.29467434281787
v -2632.13916015625 484.79591062298056 290.9808993876508
v -1871.8656921386719 484.79591062298056 290.9808993876508
v -1871.8656921386719 645.9752071593516 -275.2946813881897
v -1871.8656921386719 484.7958858702892 -275.29467434281787
v -1871.8656921386719 484.79591062298056 290.9808993876508
v -1871.8656921386719 645.9752071593516 -275.2946813881897
v -1871.8656921386719 484.79591062298056 290.9808993876508
v -1871.8656921386719 645.975231912043 290.98089234227893
v -2632.13916015625 645.975231912043 290.98089234227893
v -2632.13916015625 484.79591062298056 290.9808993876508
v -2632.13916015625 484.7958858702732 -275.29504055375537
v -2632.13916015625 645.975231912043 290.98089234227893
v -2632.13916015625 484.7958858702732 -275.29504055375537
v -2632.13916015625 645.9752071593516 -275.2946813881897
v -1871.8656921386719 484.7958858702892 -275.29467434281787
v -1871.8656921386719 645.9752071593516 -275.2946813881897
v -2632.13916015625 645.9752071593516 -275.2946813881897
v -1871.8656921386719 484.7958858702892 -275.29467434281787
v -2632.13916015625 645.9752071593516 -275.2946813881897
v -2632.13916015625 484.7958858702732 -275.29504055375537
v -1865.8656921386719 645.975231912043 290.98089234227893
v -1865.8656921386719 645.9752068970834 -281.2946813881897
v -1871.8656921386719 645.9752071593516 -275.2946813881897
v -1865.8656921386719 645.975231912043 290.98089234227893
v -1871.8656921386719 645.9752071593516 -275.2946813881897
v -1871.8656921386719 645.975231912043 290.98089234227893
v -2638.13916015625 645.9752068970834 -281.2946813881897
v -2638.13916015625 645.975231912043 290.98089234227893
v -2632.13916015625 645.975231912043 290.98089234227893
v -2638.13916015625 645.9752068970834 -281.2946813881897
v -2632.13916015625 645.975231912043 290.98089234227893
v -2632.13916015625 645.9752071593516 -275.2946813881897
v -1865.8656921386719 645.9752068970834 -281.2946813881897
v -2638.13916015625 645.9752068970834 -281.2946813881897
v -2632.13916015625 645.9752071593516 -275.2946813881897
v -1865.8656921386719 645.9752068970834 -281.2946813881897
v -2632.13916015625 645.9752071593516 -275.2946813881897
v -1871.8656921386719 645.9752071593516 -275.2946813881897
vt 0.022684499621391296 0.3530033826828003
vt 0.022684499621391296 0.3493412733078003
vt 0.216104194521904 0.3493412733078003
vt 0.022684499621391296 0.3530033826828003
vt 0.216104194521904 0.3493412733078003
vt 0.216104194521904 0.3530033826828003
vt 0.6289684176445007 0.26767706871032715
vt 0.6289684176445007 0.30696654319763184
vt 0.43554240465164185 0.30696654319763184
vt 0.6289684176445007 0.26767706871032715
vt 0.43554240465164185 0.30696654319763184
vt 0.43554240465164185 0.26767706871032715
vt 0.9110421538352966 0.7485885620117188
vt 0.9110421538352966 0.7878782749176025
vt 0.9073800444602966 0.7878782749176025
vt 0.9110421538352966 0.7485885620117188
vt 0.9073800444602966 0.7878782749176025
vt 0.9073800444602966 0.7485885620117188
vt 0.833128809928894 0.2540664076805115
vt 0.833128809928894 0.29335540533065796
vt 0.6397029161453247 0.29335540533065796
vt 0.833128809928894 0.2540664076805115
vt 0.6397029161453247 0.29335540533065796
vt 0.6397029161453247 0.2540664076805115
vt 0.9076334238052368 0.4191323518753052
vt 0.9076334238052368 0.45842015743255615
vt 0.9039710760116577 0.45842015743255615
vt 0.9076334238052368 0.4191323518753052
vt 0.9039710760116577 0.45842015743255615
vt 0.9039710760116577 0.4191323518753052
vt 0.22684502601623535 0.34480440616607666
vt 0.42026472091674805 0.34480440616607666
vt 0.42026472091674805 0.3484666347503662
vt 0.22684502601623535 0.34480440616607666
vt 0.42026472091674805 0.3484666347503662
vt 0.22684502601623535 0.3484666347503662
vt 0.833128809928894 0.29976457357406616
vt 0.6397029161453247 0.29976457357406616
vt 0.6397029161453247 0.29335540533065796
vt 0.833128809928894 0.29976457357406616
vt 0.6397029161453247 0.29335540533065796
vt 0.833128809928894 0.29335540533065796
vt 0.4202786982059479 0.3376144766807556
vt 0.22684499621391296 0.3376144766807556
vt 0.22684499621391296 0.3357306122779846
vt 0.4202786982059479 0.3376144766807556
vt 0.22684499621391296 0.3357306122779846
vt 0.4202786982059479 0.3357306122779846
vt 0.43554240465164185 0.30696654319763184
vt 0.6289684176445007 0.30696654319763184
vt 0.6289684176445007 0.30885040760040283
vt 0.43554240465164185 0.30696654319763184
vt 0.6289684176445007 0.30885040760040283
vt 0.43554240465164185 0.30885040760040283
vt 0.6289593577384949 0.3266568183898926
vt 0.6289593577384949 0.32958662509918213
vt 0.43554240465164185 0.32958662509918213
vt 0.6289593577384949 0.3266568183898926
vt 0.43554240465164185 0.32958662509918213
vt 0.43554240465164185 0.3266568183898926
vt 0.7848837375640869 0.205299973487854
vt 0.7848837375640869 0.19962358474731445
vt 0.9783101081848145 0.19962358474731445
vt 0.7848837375640869 0.205299973487854
vt 0.9783101081848145 0.19962358474731445
vt 0.9783101081848145 0.205299973487854
vt 0.6289615035057068 0.32211995124816895
vt 0.6289615035057068 0.3236377239227295
vt 0.43554240465164185 0.3236377239227295
vt 0.6289615035057068 0.32211995124816895
vt 0.43554240465164185 0.3236377239227295
vt 0.43554240465164185 0.32211995124816895
vt 0.6397029161453247 0.3191007971763611
vt 0.6397029161453247 0.31758302450180054
vt 0.8331220149993896 0.31758302450180054
vt 0.6397029161453247 0.3191007971763611
vt 0.8331220149993896 0.31758302450180054
vt 0.8331220149993896 0.3191007971763611
vt 0.6397029161453247 0.32211995124816895
vt 0.8331198692321777 0.32211995124816895
vt 0.8331198692321777 0.3250497579574585
vt 0.6397029161453247 0.32211995124816895
vt 0.8331198692321777 0.3250497579574585
vt 0.6397029161453247 0.3250497579574585
vt 0.9110421538352966 0.7942872047424316
vt 0.9073800444602966 0.7942872047424316
vt 0.9077461361885071 0.7939211130142212
vt 0.9110421538352966 0.7942872047424316
vt 0.9077461361885071 0.7939211130142212
vt 0.9106759428977966 0.7939211130142212
vt 0.9076334238052368 0.46482884883880615
vt 0.9039710760116577 0.46482884883880615
vt 0.9043375253677368 0.46446263790130615
vt 0.9076334238052368 0.46482884883880615
vt 0.9043375253677368 0.46446263790130615
vt 0.9072672128677368 0.46446263790130615
vt 0.9106759428977966 0.7939211130142212
vt 0.9106759428977966 0.7882444858551025
vt 0.9110421538352966 0.7878782749176025
vt 0.9106759428977966 0.7939211130142212
vt 0.9110421538352966 0.7878782749176025
vt 0.9110421538352966 0.7942872047424316
vt 0.9043375253677368 0.45878636837005615
vt 0.9043375253677368 0.46446263790130615
vt 0.9039710760116577 0.46482884883880615
vt 0.9043375253677368 0.45878636837005615
vt 0.9039710760116577 0.46482884883880615
vt 0.9039710760116577 0.45842015743255615
vt 0.9076334238052368 0.46294522285461426
vt 0.9076334238052368 0.46482884883880615
vt 0.9072672128677368 0.46446263790130615
vt 0.9076334238052368 0.46294522285461426
vt 0.9072672128677368 0.46446263790130615
vt 0.9072672128677368 0.46294522285461426
vt 0.40666520595550537 0.340633749961853
vt 0.2132343053817749 0.340633749961853
vt 0.2132343053817749 0.340267539024353
vt 0.40666520595550537 0.340633749961853
vt 0.2132343053817749 0.340267539024353
vt 0.40666520595550537 0.340267539024353
vt 0.9073800444602966 0.7942872047424316
vt 0.9073800444602966 0.7924035787582397
vt 0.9077461361885071 0.7924035787582397
vt 0.9073800444602966 0.7942872047424316
vt 0.9077461361885071 0.7924035787582397
vt 0.9077461361885071 0.7939211130142212
vt 0.9073800444602966 0.7897622585296631
vt 0.9073800444602966 0.7878782749176025
vt 0.9077461361885071 0.7882444858551025
vt 0.9073800444602966 0.7897622585296631
vt 0.9077461361885071 0.7882444858551025
vt 0.9077461361885071 0.7897622585296631
vt 0.7848837375640869 0.16786527633666992
vt 0.9783146381378174 0.16786527633666992
vt 0.9783146381378174 0.16823148727416992
vt 0.7848837375640869 0.16786527633666992
vt 0.9783146381378174 0.16823148727416992
vt 0.7848837375640869 0.16823148727416992
vt 0.9076334238052368 0.45842015743255615
vt 0.9076334238052368 0.46030402183532715
vt 0.9072672128677368 0.46030402183532715
vt 0.9076334238052368 0.45842015743255615
vt 0.9072672128677368 0.46030402183532715
vt 0.9072672128677368 0.45878636837005615
vt 0.9073800444602966 0.7878782749176025
vt 0.9110421538352966 0.7878782749176025
vt 0.9106759428977966 0.7882444858551025
vt 0.9073800444602966 0.7878782749176025
vt 0.9106759428977966 0.7882444858551025
vt 0.9077461361885071 0.7882444858551025
vt 0.9039710760116577 0.45842015743255615
vt 0.9076334238052368 0.45842015743255615
vt 0.9072672128677368 0.45878636837005615
vt 0.9039710760116577 0.45842015743255615
vt 0.9072672128677368 0.45878636837005615
vt 0.9043375253677368 0.45878636837005615
vt 0.009073801338672638 0.6523854732513428
vt 0.009073801338672638 0.5126697421073914
vt 0.1976170539855957 0.5126697421073914
vt 0.009073801338672638 0.6523854732513428
vt 0.1976170539855957 0.5126697421073914
vt 0.1976170539855957 0.6523854732513428
vt 0.4037841260433197 0.8846955299377441
vt 0.5435001850128174 0.8846955299377441
vt 0.5435001850128174 0.9255106449127197
vt 0.4037841260433197 0.8846955299377441
vt 0.5435001850128174 0.9255106449127197
vt 0.4037841260433197 0.9255106449127197
vt 0.5535018444061279 0.8846955299377441
vt 0.6932177543640137 0.8846955299377441
vt 0.6932177543640137 0.9255106449127197
vt 0.5535018444061279 0.8846955299377441
vt 0.6932177543640137 0.9255106449127197
vt 0.5535018444061279 0.9255106449127197
vt 0.998194694519043 0.6064916253089905
vt 0.9159804582595825 0.6064916253089905
vt 0.9159804582595825 0.588694155216217
vt 0.998194694519043 0.6064916253089905
vt 0.9159804582595825 0.588694155216217
vt 0.998194694519043 0.588694155216217
vt 0.589397668838501 0.4921290874481201
vt 0.4037841260433197 0.4921290874481201
vt 0.4037841260433197 0.3538782596588135
vt 0.589397668838501 0.4921290874481201
vt 0.4037841260433197 0.3538782596588135
vt 0.589397668838501 0.3538782596588135
vt 0.8347896337509155 0.9558043479919434
vt 0.8347896337509155 0.9164538383483887
vt 0.9730404019355774 0.9164538383483887
vt 0.8347896337509155 0.9558043479919434
vt 0.9730404019355774 0.9164538383483887
vt 0.9730404019355774 0.9558043479919434
vt 0.3566424548625946 0.9991044998168945
vt 0.3566424548625946 0.9597541689872742
vt 0.4948939383029938 0.9597541689872742
vt 0.3566424548625946 0.9991044998168945
vt 0.4948939383029938 0.9597541689872742
vt 0.4948936998844147 0.9991044998168945
vt 0.3943112790584564 0.7032195329666138
vt 0.3943112790584564 0.7425698041915894
vt 0.20869740843772888 0.7425698041915894
vt 0.3943112790584564 0.7032195329666138
vt 0.20869740843772888 0.7425698041915894
vt 0.20869740843772888 0.7032195329666138
vt 0.813569962978363 0.5988707542419434
vt 0.813569962978363 0.7385897636413574
vt 0.812105119228363 0.737125039100647
vt 0.813569962978363 0.5988707542419434
vt 0.812105119228363 0.737125039100647
vt 0.812105119228363 0.5988707542419434
vt 0.19508670270442963 0.992650032043457
vt 0.19508670270442963 0.8529372215270996
vt 0.19655154645442963 0.8529372215270996
vt 0.19508670270442963 0.992650032043457
vt 0.19655154645442963 0.8529372215270996
vt 0.19655154645442963 0.9911853075027466
vt 0.8282506465911865 0.3281216025352478
vt 0.6397029161453247 0.3281216025352478
vt 0.6411676406860352 0.3266568183898926
vt 0.8282506465911865 0.3281216025352478
vt 0.6411676406860352 0.3266568183898926
vt 0.8267860412597656 0.3266568183898926
vn 0 -0.9999999999999992 4.371138806469333e-8
vn 0 -0.9999999999999992 4.371138806469333e-8
vn 0 -0.9999999999999992 4.371138806469333e-8
vn 0 -0.9999999999999992 4.371138806469333e-8
vn 0 -0.9999999999999992 4.371138806469333e-8
vn 0 -0.9999999999999992 4.371138806469333e-8
vn 0 4.371138806469333e-8 0.9999999999999992
vn 0 4.371138806469333e-8 0.9999999999999992
vn 0 4.371138806469333e-8 0.9999999999999992
vn 0 4.371138806469333e-8 0.9999999999999992
vn 0 4.371138806469333e-8 0.9999999999999992
vn 0 4.371138806469333e-8 0.9999999999999992
vn 1 0 0
vn 1 0 0
vn 1 0 0
vn 1 0 0
vn 1 0 0
vn 1 0 0
vn 0 -4.371138806469333e-8 -0.9999999999999992
vn 0 -4.371138806469333e-8 -0.9999999999999992
vn 0 -4.371138806469333e-8 -0.9999999999999992
vn 0 -4.371138806469333e-8 -0.9999999999999992
vn 0 -4.371138806469333e-8 -0.9999999999999992
vn 0 -4.371138806469333e-8 -0.9999999999999992
vn -1 0 0
vn -1 0 0
vn -1 0 0
vn -1 0 0
vn -1 0 0
vn -1 0 0
vn 0 0.9999999999999992 -4.371138806469333e-8
vn 0 0.9999999999999992 -4.371138806469333e-8
vn 0 0.9999999999999992 -4.371138806469333e-8
vn 0 0.9999999999999992 -4.371138806469333e-8
vn 0 0.9999999999999992 -4.371138806469333e-8
vn 0 0.9999999999999992 -4.371138806469333e-8
vn 0 -4.371138806469333e-8 -0.9999999999999992
vn 0 -4.371138806469333e-8 -0.9999999999999992
vn 0 -4.371138806469333e-8 -0.9999999999999992
vn 0 -4.371138806469333e-8 -0.9999999999999992
vn 0 -4.371138806469333e-8 -0.9999999999999992
vn 0 -4.371138806469333e-8 -0.9999999999999992
vn 0 4.371138806469333e-8 0.9999999999999992
vn 0 4.371138806469333e-8 0.9999999999999992
vn 0 4.371138806469333e-8 0.9999999999999992
vn 0 4.371138806469333e-8 0.9999999999999992
vn 0 4.371138806469333e-8 0.9999999999999992
vn 0 4.371138806469333e-8 0.9999999999999992
vn 0 4.371138806469333e-8 0.9999999999999992
vn 0 4.371138806469333e-8 0.9999999999999992
vn 0 4.371138806469333e-8 0.9999999999999992
vn 0 4.371138806469333e-8 0.9999999999999992
vn 0 4.371138806469333e-8 0.9999999999999992
vn 0 4.371138806469333e-8 0.9999999999999992
vn 0 -0.9999999999999992 4.371138806469333e-8
vn 0 -0.9999999999999992 4.371138806469333e-8
vn 0 -0.9999999999999992 4.371138806469333e-8
vn 0 -0.9999999999999992 4.371138806469333e-8
vn 0 -0.9999999999999992 4.371138806469333e-8
vn 0 -0.9999999999999992 4.371138806469333e-8
vn 0 4.371138806469333e-8 0.9999999999999992
vn 0 4.371138806469333e-8 0.9999999999999992
vn 0 4.371138806469333e-8 0.9999999999999992
vn 0 4.371138806469333e-8 0.9999999999999992
vn 0 4.371138806469333e-8 0.9999999999999992
vn 0 4.371138806469333e-8 0.9999999999999992
vn 0 -4.371138806469333e-8 -0.9999999999999992
vn 0 -4.371138806469333e-8 -0.9999999999999992
vn 0 -4.371138806469333e-8 -0.9999999999999992
vn 0 -4.371138806469333e-8 -0.9999999999999992
vn 0 -4.371138806469333e-8 -0.9999999999999992
vn 0 -4.371138806469333e-8 -0.9999999999999992
vn 0 -4.371138806469333e-8 -0.9999999999999992
vn 0 -4.371138806469333e-8 -0.9999999999999992
vn 0 -4.371138806469333e-8 -0.9999999999999992
vn 0 -4.371138806469333e-8 -0.9999999999999992
vn 0 -4.371138806469333e-8 -0.9999999999999992
vn 0 -4.371138806469333e-8 -0.9999999999999992
vn 0 0.9999999999999992 -4.371138806469333e-8
vn 0 0.9999999999999992 -4.371138806469333e-8
vn 0 0.9999999999999992 -4.371138806469333e-8
vn 0 0.9999999999999992 -4.371138806469333e-8
vn 0 0.9999999999999992 -4.371138806469333e-8
vn 0 0.9999999999999992 -4.371138806469333e-8
vn 1 0 0
vn 1 0 0
vn 1 0 0
vn 1 0 0
vn 1 0 0
vn 1 0 0
vn -1 0 0
vn -1 0 0
vn -1 0 0
vn -1 0 0
vn -1 0 0
vn -1 0 0
vn 1 0 0
vn 1 0 0
vn 1 0 0
vn 1 0 0
vn 1 0 0
vn 1 0 0
vn -1 0 0
vn -1 0 0
vn -1 0 0
vn -1 0 0
vn -1 0 0
vn -1 0 0
vn -1 0 0
vn -1 0 0
vn -1 0 0
vn -1 0 0
vn -1 0 0
vn -1 0 0
vn 0 -0.9999999999999992 4.371138806469333e-8
vn 0 -0.9999999999999992 4.371138806469333e-8
vn 0 -0.9999999999999992 4.371138806469333e-8
vn 0 -0.9999999999999992 4.371138806469333e-8
vn 0 -0.9999999999999992 4.371138806469333e-8
vn 0 -0.9999999999999992 4.371138806469333e-8
vn 1 0 0
vn 1 0 0
vn 1 0 0
vn 1 0 0
vn 1 0 0
vn 1 0 0
vn 1 0 0
vn 1 0 0
vn 1 0 0
vn 1 0 0
vn 1 0 0
vn 1 0 0
vn 0 0.9999999999999992 -4.371138806469333e-8
vn 0 0.9999999999999992 -4.371138806469333e-8
vn 0 0.9999999999999992 -4.371138806469333e-8
vn 0 0.9999999999999992 -4.371138806469333e-8
vn 0 0.9999999999999992 -4.371138806469333e-8
vn 0 0.9999999999999992 -4.371138806469333e-8
vn -1 0 0
vn -1 0 0
vn -1 0 0
vn -1 0 0
vn -1 0 0
vn -1 0 0
vn 1 0 0
vn 1 0 0
vn 1 0 0
vn 1 0 0
vn 1 0 0
vn 1 0 0
vn -1 0 0
vn -1 0 0
vn -1 0 0
vn -1 0 0
vn -1 0 0
vn -1 0 0
vn 0 -0.9999999999999992 4.371138806469333e-8
vn 0 -0.9999999999999992 4.371138806469333e-8
vn 0 -0.9999999999999992 4.371138806469333e-8
vn 0 -0.9999999999999992 4.371138806469333e-8
vn 0 -0.9999999999999992 4.371138806469333e-8
vn 0 -0.9999999999999992 4.371138806469333e-8
vn 1 0 0
vn 1 0 0
vn 1 0 0
vn 1 0 0
vn 1 0 0
vn 1 0 0
vn -1 0 0
vn -1 0 0
vn -1 0 0
vn -1 0 0
vn -1 0 0
vn -1 0 0
vn 0 -4.371138806469333e-8 -0.9999999999999992
vn 0 -4.371138806469333e-8 -0.9999999999999992
vn 0 -4.371138806469333e-8 -0.9999999999999992
vn 0 -4.371138806469333e-8 -0.9999999999999992
vn 0 -4.371138806469333e-8 -0.9999999999999992
vn 0 -4.371138806469333e-8 -0.9999999999999992
vn 0 0.9999999999999992 -4.371138806469333e-8
vn 0 0.9999999999999992 -4.371138806469333e-8
vn 0 0.9999999999999992 -4.371138806469333e-8
vn 0 0.9999999999999992 -4.371138806469333e-8
vn 0 0.9999999999999992 -4.371138806469333e-8
vn 0 0.9999999999999992 -4.371138806469333e-8
vn -1 0 0
vn -1 0 0
vn -1 0 0
vn -1 0 0
vn -1 0 0
vn -1 0 0
vn 1 0 0
vn 1 0 0
vn 1 0 0
vn 1 0 0
vn 1 0 0
vn 1 0 0
vn -2.4084158667376115e-7 -0.0000010923243467512563 0.9999999999993745
vn -2.4084158667376115e-7 -0.0000010923243467512563 0.9999999999993745
vn -2.4084158667376115e-7 -0.0000010923243467512563 0.9999999999993745
vn -2.4084158667376115e-7 -0.0000010923243467512563 0.9999999999993745
vn -2.4084158667376115e-7 -0.0000010923243467512563 0.9999999999993745
vn -2.4084158667376115e-7 -0.0000010923243467512563 0.9999999999993745
vn 0 0.9999999999999992 -4.371138806469333e-8
vn 0 0.9999999999999992 -4.371138806469333e-8
vn 0 0.9999999999999992 -4.371138806469333e-8
vn 0 0.9999999999999992 -4.371138806469333e-8
vn 0 0.9999999999999992 -4.371138806469333e-8
vn 0 0.9999999999999992 -4.371138806469333e-8
vn 0 0.9999999999999992 -4.371138806469333e-8
vn 0 0.9999999999999992 -4.371138806469333e-8
vn 0 0.9999999999999992 -4.371138806469333e-8
vn 0 0.9999999999999992 -4.371138806469333e-8
vn 0 0.9999999999999992 -4.371138806469333e-8
vn 0 0.9999999999999992 -4.371138806469333e-8
vn 0 0.9999999999999992 -4.371138806469333e-8
vn 0 0.9999999999999992 -4.371138806469333e-8
vn 0 0.9999999999999992 -4.371138806469333e-8
vn 0 0.9999999999999992 -4.371138806469333e-8
vn 0 0.9999999999999992 -4.371138806469333e-8
vn 0 0.9999999999999992 -4.371138806469333e-8
f 4993/4993/4993 4994/4994/4994 4995/4995/4995
f 4996/4996/4996 4997/4997/4997 4998/4998/4998
f 4999/4999/4999 5000/5000/5000 5001/5001/5001
f 5002/5002/5002 5003/5003/5003 5004/5004/5004
f 5005/5005/5005 5006/5006/5006 5007/5007/5007
f 5008/5008/5008 5009/5009/5009 5010/5010/5010
f 5011/5011/5011 5012/5012/5012 5013/5013/5013
f 5014/5014/5014 5015/5015/5015 5016/5016/5016
f 5017/5017/5017 5018/5018/5018 5019/5019/5019
f 5020/5020/5020 5021/5021/5021 5022/5022/5022
f 5023/5023/5023 5024/5024/5024 5025/5025/5025
f 5026/5026/5026 5027/5027/5027 5028/5028/5028
f 5029/5029/5029 5030/5030/5030 5031/5031/5031
f 5032/5032/5032 5033/5033/5033 5034/5034/5034
f 5035/5035/5035 5036/5036/5036 5037/5037/5037
f 5038/5038/5038 5039/5039/5039 5040/5040/5040
f 5041/5041/5041 5042/5042/5042 5043/5043/5043
f 5044/5044/5044 5045/5045/5045 5046/5046/5046
f 5047/5047/5047 5048/5048/5048 5049/5049/5049
f 5050/5050/5050 5051/5051/5051 5052/5052/5052
f 5053/5053/5053 5054/5054/5054 5055/5055/5055
f 5056/5056/5056 5057/5057/5057 5058/5058/5058
f 5059/5059/5059 5060/5060/5060 5061/5061/5061
f 5062/5062/5062 5063/5063/5063 5064/5064/5064
f 5065/5065/5065 5066/5066/5066 5067/5067/5067
f 5068/5068/5068 5069/5069/5069 5070/5070/5070
f 5071/5071/5071 5072/5072/5072 5073/5073/5073
f 5074/5074/5074 5075/5075/5075 5076/5076/5076
f 5077/5077/5077 5078/5078/5078 5079/5079/5079
f 5080/5080/5080 5081/5081/5081 5082/5082/5082
f 5083/5083/5083 5084/5084/5084 5085/5085/5085
f 5086/5086/5086 5087/5087/5087 5088/5088/5088
f 5089/5089/5089 5090/5090/5090 5091/5091/5091
f 5092/5092/5092 5093/5093/5093 5094/5094/5094
f 5095/5095/5095 5096/5096/5096 5097/5097/5097
f 5098/5098/5098 5099/5099/5099 5100/5100/5100
f 5101/5101/5101 5102/5102/5102 5103/5103/5103
f 5104/5104/5104 5105/5105/5105 5106/5106/5106
f 5107/5107/5107 5108/5108/5108 5109/5109/5109
f 5110/5110/5110 5111/5111/5111 5112/5112/5112
f 5113/5113/5113 5114/5114/5114 5115/5115/5115
f 5116/5116/5116 5117/5117/5117 5118/5118/5118
f 5119/5119/5119 5120/5120/5120 5121/5121/5121
f 5122/5122/5122 5123/5123/5123 5124/5124/5124
f 5125/5125/5125 5126/5126/5126 5127/5127/5127
f 5128/5128/5128 5129/5129/5129 5130/5130/5130
f 5131/5131/5131 5132/5132/5132 5133/5133/5133
f 5134/5134/5134 5135/5135/5135 5136/5136/5136
f 5137/5137/5137 5138/5138/5138 5139/5139/5139
f 5140/5140/5140 5141/5141/5141 5142/5142/5142
f 5143/5143/5143 5144/5144/5144 5145/5145/5145
f 5146/5146/5146 5147/5147/5147 5148/5148/5148
f 5149/5149/5149 5150/5150/5150 5151/5151/5151
f 5152/5152/5152 5153/5153/5153 5154/5154/5154
f 5155/5155/5155 5156/5156/5156 5157/5157/5157
f 5158/5158/5158 5159/5159/5159 5160/5160/5160
f 5161/5161/5161 5162/5162/5162 5163/5163/5163
f 5164/5164/5164 5165/5165/5165 5166/5166/5166
f 5167/5167/5167 5168/5168/5168 5169/5169/5169
f 5170/5170/5170 5171/5171/5171 5172/5172/5172
f 5173/5173/5173 5174/5174/5174 5175/5175/5175
f 5176/5176/5176 5177/5177/5177 5178/5178/5178
f 5179/5179/5179 5180/5180/5180 5181/5181/5181
f 5182/5182/5182 5183/5183/5183 5184/5184/5184
f 5185/5185/5185 5186/5186/5186 5187/5187/5187
f 5188/5188/5188 5189/5189/5189 5190/5190/5190
f 5191/5191/5191 5192/5192/5192 5193/5193/5193
f 5194/5194/5194 5195/5195/5195 5196/5196/5196
f 5197/5197/5197 5198/5198/5198 5199/5199/5199
f 5200/5200/5200 5201/5201/5201 5202/5202/5202
f 5203/5203/5203 5204/5204/5204 5205/5205/5205
f 5206/5206/5206 5207/5207/5207 5208/5208/5208
f 5209/5209/5209 5210/5210/5210 5211/5211/5211
f 5212/5212/5212 5213/5213/5213 5214/5214/5214
o box_big005
usemtl DefaultMaterial
v -2648.1392211914062 659.5988897826041 314.3145792862517
v -2648.1392211914062 659.5988891269333 299.3145792862518
v -1855.8656616210938 659.5988891269333 299.3145792862518
v -2648.1392211914062 659.5988897826041 314.3145792862517
v -1855.8656616210938 659.5988891269333 299.3145792862518
v -1855.8656616210938 659.5988897826041 314.3145792862517
v -1855.8656616210938 659.5988897826041 314.3145792862517
v -1855.8656616210938 810.5282110716666 314.3145726889216
v -2648.1392211914062 810.5282110716666 314.3145726889216
v -1855.8656616210938 659.5988897826041 314.3145792862517
v -2648.1392211914062 810.5282110716666 314.3145726889216
v -2648.1392211914062 659.5988897826041 314.3145792862517
v -1855.8656616210938 659.5988891269333 299.3145792862518
v -1855.8656616210938 810.5282104159958 299.3145726889216
v -1855.8656616210938 810.5282110716666 314.3145726889216
v -1855.8656616210938 659.5988891269333 299.3145792862518
v -1855.8656616210938 810.5282110716666 314.3145726889216
v -1855.8656616210938 659.5988897826041 314.3145792862517
v -2648.1392211914062 659.5988891269333 299.3145792862518
v -2648.1392211914062 810.5282104159958 299.3145726889216
v -1855.8656616210938 810.5282104159958 299.3145726889216
v -2648.1392211914062 659.5988891269333 299.3145792862518
v -1855.8656616210938 810.5282104159958 299.3145726889216
v -1855.8656616210938 659.5988891269333 299.3145792862518
v -2648.1392211914062 659.5988897826041 314.3145792862517
v -2648.1392211914062 810.5282110716666 314.3145726889216
v -2648.1392211914062 810.5282104159958 299.3145726889216
v -2648.1392211914062 659.5988897826041 314.3145792862517
v -2648.1392211914062 810.5282104159958 299.3145726889216
v -2648.1392211914062 659.5988891269333 299.3145792862518
v -2648.1392211914062 846.7782110716666 314.3145711043838
v -1855.8656616210938 846.7782110716666 314.3145711043838
v -1855.8656616210938 846.7782104159958 299.3145711043838
v -2648.1392211914062 846.7782110716666 314.3145711043838
v -1855.8656616210938 846.7782104159958 299.3145711043838
v -2648.1392211914062 846.7782104159958 299.3145711043838
v -2648.1392211914062 846.7782104159958 299.3145711043838
v -1855.8656616210938 846.7782104159958 299.3145711043838
v -1855.8656616210938 810.5282104159958 299.3145726889216
v -2648.1392211914062 846.7782104159958 299.3145711043838
v -1855.8656616210938 810.5282104159958 299.3145726889216
v -2648.1392211914062 810.5282104159958 299.3145726889216
v -1855.8656616210938 846.7782110716666 314.3145711043838
v -2648.1392211914062 846.7782110716666 314.3145711043838
v -2648.1392211914062 839.0618109251823 314.31457144167837
v -1855.8656616210938 846.7782110716666 314.3145711043838
v -2648.1392211914062 839.0618109251823 314.31457144167837
v -1855.8656616210938 839.0618109251823 314.31457144167837
v -2648.1392211914062 810.5282110716666 314.3145726889216
v -1855.8656616210938 810.5282110716666 314.3145726889216
v -1855.8656616210938 818.244611218151 314.3145723516271
v -2648.1392211914062 810.5282110716666 314.3145726889216
v -1855.8656616210938 818.244611218151 314.3145723516271
v -2648.1392211914062 818.244611218151 314.3145723516271
v -1855.8656616210938 845.2782104815628 300.8145711699509
v -1855.8656616210938 845.2782110060995 312.8145711699509
v -2648.1392211914062 845.2782110060995 312.8145711699509
v -1855.8656616210938 845.2782104815628 300.8145711699509
v -2648.1392211914062 845.2782110060995 312.8145711699509
v -2648.1392211914062 845.2782104815628 300.8145711699509
v -2648.1392211914062 845.2782104815628 300.8145711699509
v -2648.1392211914062 812.0282104815628 300.81457262335454
v -1855.8656616210938 812.0282104815628 300.81457262335454
v -2648.1392211914062 845.2782104815628 300.8145711699509
v -1855.8656616210938 812.0282104815628 300.81457262335454
v -1855.8656616210938 845.2782104815628 300.8145711699509
v -2648.1392211914062 839.0618108596151 312.81457144167837
v -2648.1392211914062 845.2782110060995 312.8145711699509
v -1855.8656616210938 845.2782110060995 312.8145711699509
v -2648.1392211914062 839.0618108596151 312.81457144167837
v -1855.8656616210938 845.2782110060995 312.8145711699509
v -1855.8656616210938 839.0618108596151 312.81457144167837
v -1855.8656616210938 818.244611152584 312.8145723516271
v -1855.8656616210938 812.0282110060996 312.81457262335454
v -2648.1392211914062 812.0282110060996 312.81457262335454
v -1855.8656616210938 818.244611152584 312.8145723516271
v -2648.1392211914062 812.0282110060996 312.81457262335454
v -2648.1392211914062 818.244611152584 312.8145723516271
v -2648.1392211914062 812.0282110060996 312.81457262335454
v -1855.8656616210938 812.0282110060996 312.81457262335454
v -1855.8656616210938 812.0282104815628 300.81457262335454
v -2648.1392211914062 812.0282110060996 312.81457262335454
v -1855.8656616210938 812.0282104815628 300.81457262335454
v -2648.1392211914062 812.0282104815628 300.81457262335454
v -1855.8656616210938 846.7782104159958 299.3145711043838
v -1855.8656616210938 846.7782110716666 314.3145711043838
v -1855.8656616210938 845.2782110060995 312.8145711699509
v -1855.8656616210938 846.7782104159958 299.3145711043838
v -1855.8656616210938 845.2782110060995 312.8145711699509
v -1855.8656616210938 845.2782104815628 300.8145711699509
v -2648.1392211914062 846.7782110716666 314.3145711043838
v -2648.1392211914062 846.7782104159958 299.3145711043838
v -2648.1392211914062 845.2782104815628 300.8145711699509
v -2648.1392211914062 846.7782110716666 314.3145711043838
v -2648.1392211914062 845.2782104815628 300.8145711699509
v -2648.1392211914062 845.2782110060995 312.8145711699509
v -1855.8656616210938 845.2782104815628 300.8145711699509
v -1855.8656616210938 812.0282104815628 300.81457262335454
v -1855.8656616210938 810.5282104159958 299.3145726889216
v -1855.8656616210938 845.2782104815628 300.8145711699509
v -1855.8656616210938 810.5282104159958 299.3145726889216
v -1855.8656616210938 846.7782104159958 299.3145711043838
v -2648.1392211914062 812.0282104815628 300.81457262335454
v -2648.1392211914062 845.2782104815628 300.8145711699509
v -2648.1392211914062 846.7782104159958 299.3145711043838
v -2648.1392211914062 812.0282104815628 300.81457262335454
v -2648.1392211914062 846.7782104159958 299.3145711043838
v -2648.1392211914062 810.5282104159958 299.3145726889216
v -2648.1392211914062 839.0618109251823 314.31457144167837
v -2648.1392211914062 846.7782110716666 314.3145711043838
v -2648.1392211914062 845.2782110060995 312.8145711699509
v -2648.1392211914062 839.0618109251823 314.31457144167837
v -2648.1392211914062 845.2782110060995 312.8145711699509
v -2648.1392211914062 839.0618108596151 312.81457144167837
v -1855.8656616210938 839.0618109251823 314.31457144167837
v -2648.1392211914062 839.0618109251823 314.31457144167837
v -2648.1392211914062 839.0618108596151 312.81457144167837
v -1855.8656616210938 839.0618109251823 314.31457144167837
v -2648.1392211914062 839.0618108596151 312.81457144167837
v -1855.8656616210938 839.0618108596151 312.81457144167837
v -1855.8656616210938 846.7782110716666 314.3145711043838
v -1855.8656616210938 839.0618109251823 314.31457144167837
v -1855.8656616210938 839.0618108596151 312.81457144167837
v -1855.8656616210938 846.7782110716666 314.3145711043838
v -1855.8656616210938 839.0618108596151 312.81457144167837
v -1855.8656616210938 845.2782110060995 312.8145711699509
v -1855.8656616210938 818.244611218151 314.3145723516271
v -1855.8656616210938 810.5282110716666 314.3145726889216
v -1855.8656616210938 812.0282110060996 312.81457262335454
v -1855.8656616210938 818.244611218151 314.3145723516271
v -1855.8656616210938 812.0282110060996 312.81457262335454
v -1855.8656616210938 818.244611152584 312.8145723516271
v -2648.1392211914062 818.244611218151 314.3145723516271
v -1855.8656616210938 818.244611218151 314.3145723516271
v -1855.8656616210938 818.244611152584 312.8145723516271
v -2648.1392211914062 818.244611218151 314.3145723516271
v -1855.8656616210938 818.244611152584 312.8145723516271
v -2648.1392211914062 818.244611152584 312.8145723516271
v -2648.1392211914062 810.5282110716666 314.3145726889216
v -2648.1392211914062 818.244611218151 314.3145723516271
v -2648.1392211914062 818.244611152584 312.8145723516271
v -2648.1392211914062 810.5282110716666 314.3145726889216
v -2648.1392211914062 818.244611152584 312.8145723516271
v -2648.1392211914062 812.0282110060996 312.81457262335454
v -1855.8656616210938 810.5282110716666 314.3145726889216
v -1855.8656616210938 810.5282104159958 299.3145726889216
v -1855.8656616210938 812.0282104815628 300.81457262335454
v -1855.8656616210938 810.5282110716666 314.3145726889216
v -1855.8656616210938 812.0282104815628 300.81457262335454
v -1855.8656616210938 812.0282110060996 312.81457262335454
v -2648.1392211914062 810.5282104159958 299.3145726889216
v -2648.1392211914062 810.5282110716666 314.3145726889216
v -2648.1392211914062 812.0282110060996 312.81457262335454
v -2648.1392211914062 810.5282104159958 299.3145726889216
v -2648.1392211914062 812.0282110060996 312.81457262335454
v -2648.1392211914062 812.0282104815628 300.81457262335454
v -2638.13916015625 669.5988891386055 299.58160765773164
v -2638.13916015625 669.5988641236459 -272.693966072737
v -1865.8656921386719 669.5988641236459 -272.693966072737
v -2638.13916015625 669.5988891386055 299.58160765773164
v -1865.8656921386719 669.5988641236459 -272.693966072737
v -1865.8656921386719 669.5988891386055 299.58160765773164
v -1865.8656921386719 669.5988891386055 299.58160765773164
v -1865.8656921386719 669.5988641236459 -272.693966072737
v -1865.8656921386719 836.7781854127084 -272.6939733803772
v -1865.8656921386719 669.5988891386055 299.58160765773164
v -1865.8656921386719 836.7781854127084 -272.6939733803772
v -1865.8656921386719 836.778210427668 299.58160035009143
v -2638.13916015625 669.5988641236459 -272.693966072737
v -2638.13916015625 669.5988891386055 299.58160765773164
v -2638.13916015625 836.778210427668 299.58160035009143
v -2638.13916015625 669.5988641236459 -272.693966072737
v -2638.13916015625 836.778210427668 299.58160035009143
v -2638.13916015625 836.7781854127084 -272.6939733803772
v -2638.13916015625 836.7781854127084 -272.6939733803772
v -1865.8656921386719 836.7781854127084 -272.6939733803772
v -1865.8656921386719 669.5988641236459 -272.693966072737
v -2638.13916015625 836.7781854127084 -272.6939733803772
v -1865.8656921386719 669.5988641236459 -272.693966072737
v -2638.13916015625 669.5988641236459 -272.693966072737
v -1871.8656921386719 675.5988643859141 -266.69396633500537
v -2632.13916015625 675.5988643858982 -266.69433254594287
v -2632.13916015625 675.5988891386055 299.5816073954633
v -1871.8656921386719 675.5988643859141 -266.69396633500537
v -2632.13916015625 675.5988891386055 299.5816073954633
v -1871.8656921386719 675.5988891386055 299.5816073954633
v -1871.8656921386719 836.7781856749766 -266.6939733803772
v -1871.8656921386719 675.5988643859141 -266.69396633500537
v -1871.8656921386719 675.5988891386055 299.5816073954633
v -1871.8656921386719 836.7781856749766 -266.6939733803772
v -1871.8656921386719 675.5988891386055 299.5816073954633
v -1871.8656921386719 836.778210427668 299.58160035009143
v -2632.13916015625 836.778210427668 299.58160035009143
v -2632.13916015625 675.5988891386055 299.5816073954633
v -2632.13916015625 675.5988643858982 -266.69433254594287
v -2632.13916015625 836.778210427668 299.58160035009143
v -2632.13916015625 675.5988643858982 -266.69433254594287
v -2632.13916015625 836.7781856749766 -266.6939733803772
v -1871.8656921386719 675.5988643859141 -266.69396633500537
v -1871.8656921386719 836.7781856749766 -266.6939733803772
v -2632.13916015625 836.7781856749766 -266.6939733803772
v -1871.8656921386719 675.5988643859141 -266.69396633500537
v -2632.13916015625 836.7781856749766 -266.6939733803772
v -2632.13916015625 675.5988643858982 -266.69433254594287
v -1865.8656921386719 836.778210427668 299.58160035009143
v -1865.8656921386719 836.7781854127084 -272.6939733803772
v -1871.8656921386719 836.7781856749766 -266.6939733803772
v -1865.8656921386719 836.778210427668 299.58160035009143
v -1871.8656921386719 836.7781856749766 -266.6939733803772
v -1871.8656921386719 836.778210427668 299.58160035009143
v -2638.13916015625 836.7781854127084 -272.6939733803772
v -2638.13916015625 836.778210427668 299.58160035009143
v -2632.13916015625 836.778210427668 299.58160035009143
v -2638.13916015625 836.7781854127084 -272.6939733803772
v -2632.13916015625 836.778210427668 299.58160035009143
v -2632.13916015625 836.7781856749766 -266.6939733803772
v -1865.8656921386719 836.7781854127084 -272.6939733803772
v -2638.13916015625 836.7781854127084 -272.6939733803772
v -2632.13916015625 836.7781856749766 -266.6939733803772
v -1865.8656921386719 836.7781854127084 -272.6939733803772
v -2632.13916015625 836.7781856749766 -266.6939733803772
v -1871.8656921386719 836.7781856749766 -266.6939733803772
vt 0.022684499621391296 0.3530033826828003
vt 0.022684499621391296 0.3493412733078003
vt 0.216104194521904 0.3493412733078003
vt 0.022684499621391296 0.3530033826828003
vt 0.216104194521904 0.3493412733078003
vt 0.216104194521904 0.3530033826828003
vt 0.6289684176445007 0.26767706871032715
vt 0.6289684176445007 0.30696654319763184
vt 0.43554240465164185 0.30696654319763184
vt 0.6289684176445007 0.26767706871032715
vt 0.43554240465164185 0.30696654319763184
vt 0.43554240465164185 0.26767706871032715
vt 0.9110421538352966 0.7485885620117188
vt 0.9110421538352966 0.7878782749176025
vt 0.9073800444602966 0.7878782749176025
vt 0.9110421538352966 0.7485885620117188
vt 0.9073800444602966 0.7878782749176025
vt 0.9073800444602966 0.7485885620117188
vt 0.833128809928894 0.2540664076805115
vt 0.833128809928894 0.29335540533065796
vt 0.6397029161453247 0.29335540533065796
vt 0.833128809928894 0.2540664076805115
vt 0.6397029161453247 0.29335540533065796
vt 0.6397029161453247 0.2540664076805115
vt 0.9076334238052368 0.4191323518753052
vt 0.9076334238052368 0.45842015743255615
vt 0.9039710760116577 0.45842015743255615
vt 0.9076334238052368 0.4191323518753052
vt 0.9039710760116577 0.45842015743255615
vt 0.9039710760116577 0.4191323518753052
vt 0.22684502601623535 0.34480440616607666
vt 0.42026472091674805 0.34480440616607666
vt 0.42026472091674805 0.3484666347503662
vt 0.22684502601623535 0.34480440616607666
vt 0.42026472091674805 0.3484666347503662
vt 0.22684502601623535 0.3484666347503662
vt 0.833128809928894 0.29976457357406616
vt 0.6397029161453247 0.29976457357406616
vt 0.6397029161453247 0.29335540533065796
vt 0.833128809928894 0.29976457357406616
vt 0.6397029161453247 0.29335540533065796
vt 0.833128809928894 0.29335540533065796
vt 0.4202786982059479 0.3376144766807556
vt 0.22684499621391296 0.3376144766807556
vt 0.22684499621391296 0.3357306122779846
vt 0.4202786982059479 0.3376144766807556
vt 0.22684499621391296 0.3357306122779846
vt 0.4202786982059479 0.3357306122779846
vt 0.43554240465164185 0.30696654319763184
vt 0.6289684176445007 0.30696654319763184
vt 0.6289684176445007 0.30885040760040283
vt 0.43554240465164185 0.30696654319763184
vt 0.6289684176445007 0.30885040760040283
vt 0.43554240465164185 0.30885040760040283
vt 0.6289593577384949 0.3266568183898926
vt 0.6289593577384949 0.32958662509918213
vt 0.43554240465164185 0.32958662509918213
vt 0.6289593577384949 0.3266568183898926
vt 0.43554240465164185 0.32958662509918213
vt 0.43554240465164185 0.3266568183898926
vt 0.7848837375640869 0.205299973487854
vt 0.7848837375640869 0.19962358474731445
vt 0.9783101081848145 0.19962358474731445
vt 0.7848837375640869 0.205299973487854
vt 0.9783101081848145 0.19962358474731445
vt 0.9783101081848145 0.205299973487854
vt 0.6289615035057068 0.32211995124816895
vt 0.6289615035057068 0.3236377239227295
vt 0.43554240465164185 0.3236377239227295
vt 0.6289615035057068 0.32211995124816895
vt 0.43554240465164185 0.3236377239227295
vt 0.43554240465164185 0.32211995124816895
vt 0.6397029161453247 0.3191007971763611
vt 0.6397029161453247 0.31758302450180054
vt 0.8331220149993896 0.31758302450180054
vt 0.6397029161453247 0.3191007971763611
vt 0.8331220149993896 0.31758302450180054
vt 0.8331220149993896 0.3191007971763611
vt 0.6397029161453247 0.32211995124816895
vt 0.8331198692321777 0.32211995124816895
vt 0.8331198692321777 0.3250497579574585
vt 0.6397029161453247 0.32211995124816895
vt 0.8331198692321777 0.3250497579574585
vt 0.6397029161453247 0.3250497579574585
vt 0.9110421538352966 0.7942872047424316
vt 0.9073800444602966 0.7942872047424316
vt 0.9077461361885071 0.7939211130142212
vt 0.9110421538352966 0.7942872047424316
vt 0.9077461361885071 0.7939211130142212
vt 0.9106759428977966 0.7939211130142212
vt 0.9076334238052368 0.46482884883880615
vt 0.9039710760116577 0.46482884883880615
vt 0.9043375253677368 0.46446263790130615
vt 0.9076334238052368 0.46482884883880615
vt 0.9043375253677368 0.46446263790130615
vt 0.9072672128677368 0.46446263790130615
vt 0.9106759428977966 0.7939211130142212
vt 0.9106759428977966 0.7882444858551025
vt 0.9110421538352966 0.7878782749176025
vt 0.9106759428977966 0.7939211130142212
vt 0.9110421538352966 0.7878782749176025
vt 0.9110421538352966 0.7942872047424316
vt 0.9043375253677368 0.45878636837005615
vt 0.9043375253677368 0.46446263790130615
vt 0.9039710760116577 0.46482884883880615
vt 0.9043375253677368 0.45878636837005615
vt 0.9039710760116577 0.46482884883880615
vt 0.9039710760116577 0.45842015743255615
vt 0.9076334238052368 0.46294522285461426
vt 0.9076334238052368 0.46482884883880615
vt 0.9072672128677368 0.46446263790130615
vt 0.9076334238052368 0.46294522285461426
vt 0.9072672128677368 0.46446263790130615
vt 0.9072672128677368 0.46294522285461426
vt 0.40666520595550537 0.340633749961853
vt 0.2132343053817749 0.340633749961853
vt 0.2132343053817749 0.340267539024353
vt 0.40666520595550537 0.340633749961853
vt 0.2132343053817749 0.340267539024353
vt 0.40666520595550537 0.340267539024353
vt 0.9073800444602966 0.7942872047424316
vt 0.9073800444602966 0.7924035787582397
vt 0.9077461361885071 0.7924035787582397
vt 0.9073800444602966 0.7942872047424316
vt 0.9077461361885071 0.7924035787582397
vt 0.9077461361885071 0.7939211130142212
vt 0.9073800444602966 0.7897622585296631
vt 0.9073800444602966 0.7878782749176025
vt 0.9077461361885071 0.7882444858551025
vt 0.9073800444602966 0.7897622585296631
vt 0.9077461361885071 0.7882444858551025
vt 0.9077461361885071 0.7897622585296631
vt 0.7848837375640869 0.16786527633666992
vt 0.9783146381378174 0.16786527633666992
vt 0.9783146381378174 0.16823148727416992
vt 0.7848837375640869 0.16786527633666992
vt 0.9783146381378174 0.16823148727416992
vt 0.7848837375640869 0.16823148727416992
vt 0.9076334238052368 0.45842015743255615
vt 0.9076334238052368 0.46030402183532715
vt 0.9072672128677368 0.46030402183532715
vt 0.9076334238052368 0.45842015743255615
vt 0.9072672128677368 0.46030402183532715
vt 0.9072672128677368 0.45878636837005615
vt 0.9073800444602966 0.7878782749176025
vt 0.9110421538352966 0.7878782749176025
vt 0.9106759428977966 0.7882444858551025
vt 0.9073800444602966 0.7878782749176025
vt 0.9106759428977966 0.7882444858551025
vt 0.9077461361885071 0.7882444858551025
vt 0.9039710760116577 0.45842015743255615
vt 0.9076334238052368 0.45842015743255615
vt 0.9072672128677368 0.45878636837005615
vt 0.9039710760116577 0.45842015743255615
vt 0.9072672128677368 0.45878636837005615
vt 0.9043375253677368 0.45878636837005615
vt 0.009073801338672638 0.6523854732513428
vt 0.009073801338672638 0.5126697421073914
vt 0.1976170539855957 0.5126697421073914
vt 0.009073801338672638 0.6523854732513428
vt 0.1976170539855957 0.5126697421073914
vt 0.1976170539855957 0.6523854732513428
vt 0.4037841260433197 0.8846955299377441
vt 0.5435001850128174 0.8846955299377441
vt 0.5435001850128174 0.9255106449127197
vt 0.4037841260433197 0.8846955299377441
vt 0.5435001850128174 0.9255106449127197
vt 0.4037841260433197 0.9255106449127197
vt 0.5535018444061279 0.8846955299377441
vt 0.6932177543640137 0.8846955299377441
vt 0.6932177543640137 0.9255106449127197
vt 0.5535018444061279 0.8846955299377441
vt 0.6932177543640137 0.9255106449127197
vt 0.5535018444061279 0.9255106449127197
vt 0.998194694519043 0.6064916253089905
vt 0.9159804582595825 0.6064916253089905
vt 0.9159804582595825 0.588694155216217
vt 0.998194694519043 0.6064916253089905
vt 0.9159804582595825 0.588694155216217
vt 0.998194694519043 0.588694155216217
vt 0.589397668838501 0.4921290874481201
vt 0.4037841260433197 0.4921290874481201
vt 0.4037841260433197 0.3538782596588135
vt 0.589397668838501 0.4921290874481201
vt 0.4037841260433197 0.3538782596588135
vt 0.589397668838501 0.3538782596588135
vt 0.8347896337509155 0.9558043479919434
vt 0.8347896337509155 0.9164538383483887
vt 0.9730404019355774 0.9164538383483887
vt 0.8347896337509155 0.9558043479919434
vt 0.9730404019355774 0.9164538383483887
vt 0.9730404019355774 0.9558043479919434
vt 0.3566424548625946 0.9991044998168945
vt 0.3566424548625946 0.9597541689872742
vt 0.4948939383029938 0.9597541689872742
vt 0.3566424548625946 0.9991044998168945
vt 0.4948939383029938 0.9597541689872742
vt 0.4948936998844147 0.9991044998168945
vt 0.3943112790584564 0.7032195329666138
vt 0.3943112790584564 0.7425698041915894
vt 0.20869740843772888 0.7425698041915894
vt 0.3943112790584564 0.7032195329666138
vt 0.20869740843772888 0.7425698041915894
vt 0.20869740843772888 0.7032195329666138
vt 0.813569962978363 0.5988707542419434
vt 0.813569962978363 0.7385897636413574
vt 0.812105119228363 0.737125039100647
vt 0.813569962978363 0.5988707542419434
vt 0.812105119228363 0.737125039100647
vt 0.812105119228363 0.5988707542419434
vt 0.19508670270442963 0.992650032043457
vt 0.19508670270442963 0.8529372215270996
vt 0.19655154645442963 0.8529372215270996
vt 0.19508670270442963 0.992650032043457
vt 0.19655154645442963 0.8529372215270996
vt 0.19655154645442963 0.9911853075027466
vt 0.8282506465911865 0.3281216025352478
vt 0.6397029161453247 0.3281216025352478
vt 0.6411676406860352 0.3266568183898926
vt 0.8282506465911865 0.3281216025352478
vt 0.6411676406860352 0.3266568183898926
vt 0.8267860412597656 0.3266568183898926
vn 0 -0.9999999999999992 4.371138806469333e-8
vn 0 -0.9999999999999992 4.371138806469333e-8
vn 0 -0.9999999999999992 4.371138806469333e-8
vn 0 -0.9999999999999992 4.371138806469333e-8
vn 0 -0.9999999999999992 4.371138806469333e-8
vn 0 -0.9999999999999992 4.371138806469333e-8
vn 0 4.371138806469333e-8 0.9999999999999992
vn 0 4.371138806469333e-8 0.9999999999999992
vn 0 4.371138806469333e-8 0.9999999999999992
vn 0 4.371138806469333e-8 0.9999999999999992
vn 0 4.371138806469333e-8 0.9999999999999992
vn 0 4.371138806469333e-8 0.9999999999999992
vn 1 0 0
vn 1 0 0
vn 1 0 0
vn 1 0 0
vn 1 0 0
vn 1 0 0
vn 0 -4.371138806469333e-8 -0.9999999999999992
vn 0 -4.371138806469333e-8 -0.9999999999999992
vn 0 -4.371138806469333e-8 -0.9999999999999992
vn 0 -4.371138806469333e-8 -0.9999999999999992
vn 0 -4.371138806469333e-8 -0.9999999999999992
vn 0 -4.371138806469333e-8 -0.9999999999999992
vn -1 0 0
vn -1 0 0
vn -1 0 0
vn -1 0 0
vn -1 0 0
vn -1 0 0
vn 0 0.9999999999999992 -4.371138806469333e-8
vn 0 0.9999999999999992 -4.371138806469333e-8
vn 0 0.9999999999999992 -4.371138806469333e-8
vn 0 0.9999999999999992 -4.371138806469333e-8
vn 0 0.9999999999999992 -4.371138806469333e-8
vn 0 0.9999999999999992 -4.371138806469333e-8
vn 0 -4.371138806469333e-8 -0.9999999999999992
vn 0 -4.371138806469333e-8 -0.9999999999999992
vn 0 -4.371138806469333e-8 -0.9999999999999992
vn 0 -4.371138806469333e-8 -0.9999999999999992
vn 0 -4.371138806469333e-8 -0.9999999999999992
vn 0 -4.371138806469333e-8 -0.9999999999999992
vn 0 4.371138806469333e-8 0.9999999999999992
vn 0 4.371138806469333e-8 0.9999999999999992
vn 0 4.371138806469333e-8 0.9999999999999992
vn 0 4.371138806469333e-8 0.9999999999999992
vn 0 4.371138806469333e-8 0.9999999999999992
vn 0 4.371138806469333e-8 0.9999999999999992
vn 0 4.371138806469333e-8 0.9999999999999992
vn 0 4.371138806469333e-8 0.9999999999999992
vn 0 4.371138806469333e-8 0.9999999999999992
vn 0 4.371138806469333e-8 0.9999999999999992
vn 0 4.371138806469333e-8 0.9999999999999992
vn 0 4.371138806469333e-8 0.9999999999999992
vn 0 -0.9999999999999992 4.371138806469333e-8
vn 0 -0.9999999999999992 4.371138806469333e-8
vn 0 -0.9999999999999992 4.371138806469333e-8
vn 0 -0.9999999999999992 4.371138806469333e-8
vn 0 -0.9999999999999992 4.371138806469333e-8
vn 0 -0.9999999999999992 4.371138806469333e-8
vn 0 4.371138806469333e-8 0.9999999999999992
vn 0 4.371138806469333e-8 0.9999999999999992
vn 0 4.371138806469333e-8 0.9999999999999992
vn 0 4.371138806469333e-8 0.9999999999999992
vn 0 4.371138806469333e-8 0.9999999999999992
vn 0 4.371138806469333e-8 0.9999999999999992
vn 0 -4.371138806469333e-8 -0.9999999999999992
vn 0 -4.371138806469333e-8 -0.9999999999999992
vn 0 -4.371138806469333e-8 -0.9999999999999992
vn 0 -4.371138806469333e-8 -0.9999999999999992
vn 0 -4.371138806469333e-8 -0.9999999999999992
vn 0 -4.371138806469333e-8 -0.9999999999999992
vn 0 -4.371138806469333e-8 -0.9999999999999992
vn 0 -4.371138806469333e-8 -0.9999999999999992
vn 0 -4.371138806469333e-8 -0.9999999999999992
vn 0 -4.371138806469333e-8 -0.9999999999999992
vn 0 -4.371138806469333e-8 -0.9999999999999992
vn 0 -4.371138806469333e-8 -0.9999999999999992
vn 0 0.9999999999999992 -4.371138806469333e-8
vn 0 0.9999999999999992 -4.371138806469333e-8
vn 0 0.9999999999999992 -4.371138806469333e-8
vn 0 0.9999999999999992 -4.371138806469333e-8
vn 0 0.9999999999999992 -4.371138806469333e-8
vn 0 0.9999999999999992 -4.371138806469333e-8
vn 1 0 0
vn 1 0 0
vn 1 0 0
vn 1 0 0
vn 1 0 0
vn 1 0 0
vn -1 0 0
vn -1 0 0
vn -1 0 0
vn -1 0 0
vn -1 0 0
vn -1 0 0
vn 1 0 0
vn 1 0 0
vn 1 0 0
vn 1 0 0
vn 1 0 0
vn 1 0 0
vn -1 0 0
vn -1 0 0
vn -1 0 0
vn -1 0 0
vn -1 0 0
vn -1 0 0
vn -1 0 0
vn -1 0 0
vn -1 0 0
vn -1 0 0
vn -1 0 0
vn -1 0 0
vn 0 -0.9999999999999992 4.371138806469333e-8
vn 0 -0.9999999999999992 4.371138806469333e-8
vn 0 -0.9999999999999992 4.371138806469333e-8
vn 0 -0.9999999999999992 4.371138806469333e-8
vn 0 -0.9999999999999992 4.371138806469333e-8
vn 0 -0.9999999999999992 4.371138806469333e-8
vn 1 0 0
vn 1 0 0
vn 1 0 0
vn 1 0 0
vn 1 0 0
vn 1 0 0
vn 1 0 0
vn 1 0 0
vn 1 0 0
vn 1 0 0
vn 1 0 0
vn 1 0 0
vn 0 0.9999999999999992 -4.371138806469333e-8
vn 0 0.9999999999999992 -4.371138806469333e-8
vn 0 0.9999999999999992 -4.371138806469333e-8
vn 0 0.9999999999999992 -4.371138806469333e-8
vn 0 0.9999999999999992 -4.371138806469333e-8
vn 0 0.9999999999999992 -4.371138806469333e-8
vn -1 0 0
vn -1 0 0
vn -1 0 0
vn -1 0 0
vn -1 0 0
vn -1 0 0
vn 1 0 0
vn 1 0 0
vn 1 0 0
vn 1 0 0
vn 1 0 0
vn 1 0 0
vn -1 0 0
vn -1 0 0
vn -1 0 0
vn -1 0 0
vn -1 0 0
vn -1 0 0
vn 0 -0.9999999999999992 4.371138806469333e-8
vn 0 -0.9999999999999992 4.371138806469333e-8
vn 0 -0.9999999999999992 4.371138806469333e-8
vn 0 -0.9999999999999992 4.371138806469333e-8
vn 0 -0.9999999999999992 4.371138806469333e-8
vn 0 -0.9999999999999992 4.371138806469333e-8
vn 1 0 0
vn 1 0 0
vn 1 0 0
vn 1 0 0
vn 1 0 0
vn 1 0 0
vn -1 0 0
vn -1 0 0
vn -1 0 0
vn -1 0 0
vn -1 0 0
vn -1 0 0
vn 0 -4.371138806469333e-8 -0.9999999999999992
vn 0 -4.371138806469333e-8 -0.9999999999999992
vn 0 -4.371138806469333e-8 -0.9999999999999992
vn 0 -4.371138806469333e-8 -0.9999999999999992
vn 0 -4.371138806469333e-8 -0.9999999999999992
vn 0 -4.371138806469333e-8 -0.9999999999999992
vn 0 0.9999999999999992 -4.371138806469333e-8
vn 0 0.9999999999999992 -4.371138806469333e-8
vn 0 0.9999999999999992 -4.371138806469333e-8
vn 0 0.9999999999999992 -4.371138806469333e-8
vn 0 0.9999999999999992 -4.371138806469333e-8
vn 0 0.9999999999999992 -4.371138806469333e-8
vn -1 0 0
vn -1 0 0
vn -1 0 0
vn -1 0 0
vn -1 0 0
vn -1 0 0
vn 1 0 0
vn 1 0 0
vn 1 0 0
vn 1 0 0
vn 1 0 0
vn 1 0 0
vn -2.4084158667376115e-7 -0.0000010923243467512563 0.9999999999993745
vn -2.4084158667376115e-7 -0.0000010923243467512563 0.9999999999993745
vn -2.4084158667376115e-7 -0.0000010923243467512563 0.9999999999993745
vn -2.4084158667376115e-7 -0.0000010923243467512563 0.9999999999993745
vn -2.4084158667376115e-7 -0.0000010923243467512563 0.9999999999993745
vn -2.4084158667376115e-7 -0.0000010923243467512563 0.9999999999993745
vn 0 0.9999999999999992 -4.371138806469333e-8
vn 0 0.9999999999999992 -4.371138806469333e-8
vn 0 0.9999999999999992 -4.371138806469333e-8
vn 0 0.9999999999999992 -4.371138806469333e-8
vn 0 0.9999999999999992 -4.371138806469333e-8
vn 0 0.9999999999999992 -4.371138806469333e-8
vn 0 0.9999999999999992 -4.371138806469333e-8
vn 0 0.9999999999999992 -4.371138806469333e-8
vn 0 0.9999999999999992 -4.371138806469333e-8
vn 0 0.9999999999999992 -4.371138806469333e-8
vn 0 0.9999999999999992 -4.371138806469333e-8
vn 0 0.9999999999999992 -4.371138806469333e-8
vn 0 0.9999999999999992 -4.371138806469333e-8
vn 0 0.9999999999999992 -4.371138806469333e-8
vn 0 0.9999999999999992 -4.371138806469333e-8
vn 0 0.9999999999999992 -4.371138806469333e-8
vn 0 0.9999999999999992 -4.371138806469333e-8
vn 0 0.9999999999999992 -4.371138806469333e-8
f 5215/5215/5215 5216/5216/5216 5217/5217/5217
f 5218/5218/5218 5219/5219/5219 5220/5220/5220
f 5221/5221/5221 5222/5222/5222 5223/5223/5223
f 5224/5224/5224 5225/5225/5225 5226/5226/5226
f 5227/5227/5227 5228/5228/5228 5229/5229/5229
f 5230/5230/5230 5231/5231/5231 5232/5232/5232
f 5233/5233/5233 5234/5234/5234 5235/5235/5235
f 5236/5236/5236 5237/5237/5237 5238/5238/5238
f 5239/5239/5239 5240/5240/5240 5241/5241/5241
f 5242/5242/5242 5243/5243/5243 5244/5244/5244
f 5245/5245/5245 5246/5246/5246 5247/5247/5247
f 5248/5248/5248 5249/5249/5249 5250/5250/5250
f 5251/5251/5251 5252/5252/5252 5253/5253/5253
f 5254/5254/5254 5255/5255/5255 5256/5256/5256
f 5257/5257/5257 5258/5258/5258 5259/5259/5259
f 5260/5260/5260 5261/5261/5261 5262/5262/5262
f 5263/5263/5263 5264/5264/5264 5265/5265/5265
f 5266/5266/5266 5267/5267/5267 5268/5268/5268
f 5269/5269/5269 5270/5270/5270 5271/5271/5271
f 5272/5272/5272 5273/5273/5273 5274/5274/5274
f 5275/5275/5275 5276/5276/5276 5277/5277/5277
f 5278/5278/5278 5279/5279/5279 5280/5280/5280
f 5281/5281/5281 5282/5282/5282 5283/5283/5283
f 5284/5284/5284 5285/5285/5285 5286/5286/5286
f 5287/5287/5287 5288/5288/5288 5289/5289/5289
f 5290/5290/5290 5291/5291/5291 5292/5292/5292
f 5293/5293/5293 5294/5294/5294 5295/5295/5295
f 5296/5296/5296 5297/5297/5297 5298/5298/5298
f 5299/5299/5299 5300/5300/5300 5301/5301/5301
f 5302/5302/5302 5303/5303/5303 5304/5304/5304
f 5305/5305/5305 5306/5306/5306 5307/5307/5307
f 5308/5308/5308 5309/5309/5309 5310/5310/5310
f 5311/5311/5311 5312/5312/5312 5313/5313/5313
f 5314/5314/5314 5315/5315/5315 5316/5316/5316
f 5317/5317/5317 5318/5318/5318 5319/5319/5319
f 5320/5320/5320 5321/5321/5321 5322/5322/5322
f 5323/5323/5323 5324/5324/5324 5325/5325/5325
f 5326/5326/5326 5327/5327/5327 5328/5328/5328
f 5329/5329/5329 5330/5330/5330 5331/5331/5331
f 5332/5332/5332 5333/5333/5333 5334/5334/5334
f 5335/5335/5335 5336/5336/5336 5337/5337/5337
f 5338/5338/5338 5339/5339/5339 5340/5340/5340
f 5341/5341/5341 5342/5342/5342 5343/5343/5343
f 5344/5344/5344 5345/5345/5345 5346/5346/5346
f 5347/5347/5347 5348/5348/5348 5349/5349/5349
f 5350/5350/5350 5351/5351/5351 5352/5352/5352
f 5353/5353/5353 5354/5354/5354 5355/5355/5355
f 5356/5356/5356 5357/5357/5357 5358/5358/5358
f 5359/5359/5359 5360/5360/5360 5361/5361/5361
f 5362/5362/5362 5363/5363/5363 5364/5364/5364
f 5365/5365/5365 5366/5366/5366 5367/5367/5367
f 5368/5368/5368 5369/5369/5369 5370/5370/5370
f 5371/5371/5371 5372/5372/5372 5373/5373/5373
f 5374/5374/5374 5375/5375/5375 5376/5376/5376
f 5377/5377/5377 5378/5378/5378 5379/5379/5379
f 5380/5380/5380 5381/5381/5381 5382/5382/5382
f 5383/5383/5383 5384/5384/5384 5385/5385/5385
f 5386/5386/5386 5387/5387/5387 5388/5388/5388
f 5389/5389/5389 5390/5390/5390 5391/5391/5391
f 5392/5392/5392 5393/5393/5393 5394/5394/5394
f 5395/5395/5395 5396/5396/5396 5397/5397/5397
f 5398/5398/5398 5399/5399/5399 5400/5400/5400
f 5401/5401/5401 5402/5402/5402 5403/5403/5403
f 5404/5404/5404 5405/5405/5405 5406/5406/5406
f 5407/5407/5407 5408/5408/5408 5409/5409/5409
f 5410/5410/5410 5411/5411/5411 5412/5412/5412
f 5413/5413/5413 5414/5414/5414 5415/5415/5415
f 5416/5416/5416 5417/5417/5417 5418/5418/5418
f 5419/5419/5419 5420/5420/5420 5421/5421/5421
f 5422/5422/5422 5423/5423/5423 5424/5424/5424
f 5425/5425/5425 5426/5426/5426 5427/5427/5427
f 5428/5428/5428 5429/5429/5429 5430/5430/5430
f 5431/5431/5431 5432/5432/5432 5433/5433/5433
f 5434/5434/5434 5435/5435/5435 5436/5436/5436
o shelf_big003
usemtl DefaultMaterial
v -1000.8921203613281 463.0936254587205 271.8185581754065
v -240.29135131835938 463.0936254587205 271.8185581754065
v -240.29135131835938 483.04946652317363 271.818557303109
v -1000.8921203613281 463.0936254587205 271.8185581754065
v -240.29135131835938 483.04946652317363 271.818557303109
v -1000.8921203613281 483.04946652317363 271.818557303109
v -240.29135131835938 483.0494409475295 -313.2839817593909
v -1000.8921203613281 483.0494409475295 -313.2839817593909
v -1000.8921203613281 483.04946652317363 271.818557303109
v -240.29135131835938 483.0494409475295 -313.2839817593909
v -1000.8921203613281 483.04946652317363 271.818557303109
v -240.29135131835938 483.04946652317363 271.818557303109
v -1000.8921203613281 463.0936254587205 271.8185581754065
v -1000.8921203613281 463.09359988307637 -313.2839808870934
v -240.29135131835938 463.09359988307637 -313.2839808870934
v -1000.8921203613281 463.0936254587205 271.8185581754065
v -240.29135131835938 463.09359988307637 -313.2839808870934
v -240.29135131835938 463.0936254587205 271.8185581754065
vt 0.43100547790527344 0.3357306122779846
vt 0.6166994571685791 0.3357306122779846
vt 0.6166994571685791 0.3406025767326355
vt 0.43100547790527344 0.3357306122779846
vt 0.6166994571685791 0.3406025767326355
vt 0.43100547790527344 0.3406025767326355
vt 0.1884208768606186 0.9931547045707703
vt 0.002727189566940069 0.9931547045707703
vt 0.002727189566940069 0.8503074645996094
vt 0.1884208768606186 0.9931547045707703
vt 0.002727189566940069 0.8503074645996094
vt 0.1884208768606186 0.8503074645996094
vt 0.20869740843772888 0.5057992935180664
vt 0.20869740843772888 0.36295199394226074
vt 0.39439091086387634 0.36295199394226074
vt 0.20869740843772888 0.5057992935180664
vt 0.39439091086387634 0.36295199394226074
vt 0.39439091086387634 0.5057992935180664
vn 0 4.371138806469333e-8 0.9999999999999992
vn 0 4.371138806469333e-8 0.9999999999999992
vn 0 4.371138806469333e-8 0.9999999999999992
vn 0 4.371138806469333e-8 0.9999999999999992
vn 0 4.371138806469333e-8 0.9999999999999992
vn 0 4.371138806469333e-8 0.9999999999999992
vn 0 0.9999999999999992 -4.371138806469333e-8
vn 0 0.9999999999999992 -4.371138806469333e-8
vn 0 0.9999999999999992 -4.371138806469333e-8
vn 0 0.9999999999999992 -4.371138806469333e-8
vn 0 0.9999999999999992 -4.371138806469333e-8
vn 0 0.9999999999999992 -4.371138806469333e-8
vn 0 -0.9999999999999992 4.371138806469333e-8
vn 0 -0.9999999999999992 4.371138806469333e-8
vn 0 -0.9999999999999992 4.371138806469333e-8
vn 0 -0.9999999999999992 4.371138806469333e-8
vn 0 -0.9999999999999992 4.371138806469333e-8
vn 0 -0.9999999999999992 4.371138806469333e-8
f 5437/5437/5437 5438/5438/5438 5439/5439/5439
f 5440/5440/5440 5441/5441/5441 5442/5442/5442
f 5443/5443/5443 5444/5444/5444 5445/5445/5445
f 5446/5446/5446 5447/5447/5447 5448/5448/5448
f 5449/5449/5449 5450/5450/5450 5451/5451/5451
f 5452/5452/5452 5453/5453/5453 5454/5454/5454
o shelf_big004
usemtl DefaultMaterial
v -3449.0315856933594 626.800778779033 271.8185581754065
v -2688.4308166503906 626.800778779033 271.8185581754065
v -2688.4308166503906 646.7566198434861 271.818557303109
v -3449.0315856933594 626.800778779033 271.8185581754065
v -2688.4308166503906 646.7566198434861 271.818557303109
v -3449.0315856933594 646.7566198434861 271.818557303109
v -2688.4308166503906 646.756594267842 -313.2839817593909
v -3449.0315856933594 646.756594267842 -313.2839817593909
v -3449.0315856933594 646.7566198434861 271.818557303109
v -2688.4308166503906 646.756594267842 -313.2839817593909
v -3449.0315856933594 646.7566198434861 271.818557303109
v -2688.4308166503906 646.7566198434861 271.818557303109
v -3449.0315856933594 626.800778779033 271.8185581754065
v -3449.0315856933594 626.8007532033889 -313.2839808870934
v -2688.4308166503906 626.8007532033889 -313.2839808870934
v -3449.0315856933594 626.800778779033 271.8185581754065
v -2688.4308166503906 626.8007532033889 -313.2839808870934
v -2688.4308166503906 626.800778779033 271.8185581754065
vt 0.43100547790527344 0.3357306122779846
vt 0.6166994571685791 0.3357306122779846
vt 0.6166994571685791 0.3406025767326355
vt 0.43100547790527344 0.3357306122779846
vt 0.6166994571685791 0.3406025767326355
vt 0.43100547790527344 0.3406025767326355
vt 0.1884208768606186 0.9931547045707703
vt 0.002727189566940069 0.9931547045707703
vt 0.002727189566940069 0.8503074645996094
vt 0.1884208768606186 0.9931547045707703
vt 0.002727189566940069 0.8503074645996094
vt 0.1884208768606186 0.8503074645996094
vt 0.20869740843772888 0.5057992935180664
vt 0.20869740843772888 0.36295199394226074
vt 0.39439091086387634 0.36295199394226074
vt 0.20869740843772888 0.5057992935180664
vt 0.39439091086387634 0.36295199394226074
vt 0.39439091086387634 0.5057992935180664
vn 0 4.371138806469333e-8 0.9999999999999992
vn 0 4.371138806469333e-8 0.9999999999999992
vn 0 4.371138806469333e-8 0.9999999999999992
vn 0 4.371138806469333e-8 0.9999999999999992
vn 0 4.371138806469333e-8 0.9999999999999992
vn 0 4.371138806469333e-8 0.9999999999999992
vn 0 0.9999999999999992 -4.371138806469333e-8
vn 0 0.9999999999999992 -4.371138806469333e-8
vn 0 0.9999999999999992 -4.371138806469333e-8
vn 0 0.9999999999999992 -4.371138806469333e-8
vn 0 0.9999999999999992 -4.371138806469333e-8
vn 0 0.9999999999999992 -4.371138806469333e-8
vn 0 -0.9999999999999992 4.371138806469333e-8
vn 0 -0.9999999999999992 4.371138806469333e-8
vn 0 -0.9999999999999992 4.371138806469333e-8
vn 0 -0.9999999999999992 4.371138806469333e-8
vn 0 -0.9999999999999992 4.371138806469333e-8
vn 0 -0.9999999999999992 4.371138806469333e-8
f 5455/5455/5455 5456/5456/5456 5457/5457/5457
f 5458/5458/5458 5459/5459/5459 5460/5460/5460
f 5461/5461/5461 5462/5462/5462 5463/5463/5463
f 5464/5464/5464 5465/5465/5465 5466/5466/5466
f 5467/5467/5467 5468/5468/5468 5469/5469/5469
f 5470/5470/5470 5471/5471/5471 5472/5472/5472
o shelf_big005
usemtl DefaultMaterial
v -3449.0315856933594 356.8161291208299 271.8185581754065
v -2688.4308166503906 356.8161291208299 271.8185581754065
v -2688.4308166503906 376.771970185283 271.818557303109
v -3449.0315856933594 356.8161291208299 271.8185581754065
v -2688.4308166503906 376.771970185283 271.818557303109
v -3449.0315856933594 376.771970185283 271.818557303109
v -2688.4308166503906 376.77194460963887 -313.2839817593909
v -3449.0315856933594 376.77194460963887 -313.2839817593909
v -3449.0315856933594 376.771970185283 271.818557303109
v -2688.4308166503906 376.77194460963887 -313.2839817593909
v -3449.0315856933594 376.771970185283 271.818557303109
v -2688.4308166503906 376.771970185283 271.818557303109
v -3449.0315856933594 356.8161291208299 271.8185581754065
v -3449.0315856933594 356.81610354518574 -313.2839808870934
v -2688.4308166503906 356.81610354518574 -313.2839808870934
v -3449.0315856933594 356.8161291208299 271.8185581754065
v -2688.4308166503906 356.81610354518574 -313.2839808870934
v -2688.4308166503906 356.8161291208299 271.8185581754065
vt 0.43100547790527344 0.3357306122779846
vt 0.6166994571685791 0.3357306122779846
vt 0.6166994571685791 0.3406025767326355
vt 0.43100547790527344 0.3357306122779846
vt 0.6166994571685791 0.3406025767326355
vt 0.43100547790527344 0.3406025767326355
vt 0.1884208768606186 0.9931547045707703
vt 0.002727189566940069 0.9931547045707703
vt 0.002727189566940069 0.8503074645996094
vt 0.1884208768606186 0.9931547045707703
vt 0.002727189566940069 0.8503074645996094
vt 0.1884208768606186 0.8503074645996094
vt 0.20869740843772888 0.5057992935180664
vt 0.20869740843772888 0.36295199394226074
vt 0.39439091086387634 0.36295199394226074
vt 0.20869740843772888 0.5057992935180664
vt 0.39439091086387634 0.36295199394226074
vt 0.39439091086387634 0.5057992935180664
vn 0 4.371138806469333e-8 0.9999999999999992
vn 0 4.371138806469333e-8 0.9999999999999992
vn 0 4.371138806469333e-8 0.9999999999999992
vn 0 4.371138806469333e-8 0.9999999999999992
vn 0 4.371138806469333e-8 0.9999999999999992
vn 0 4.371138806469333e-8 0.9999999999999992
vn 0 0.9999999999999992 -4.371138806469333e-8
vn 0 0.9999999999999992 -4.371138806469333e-8
vn 0 0.9999999999999992 -4.371138806469333e-8
vn 0 0.9999999999999992 -4.371138806469333e-8
vn 0 0.9999999999999992 -4.371138806469333e-8
vn 0 0.9999999999999992 -4.371138806469333e-8
vn 0 -0.9999999999999992 4.371138806469333e-8
vn 0 -0.9999999999999992 4.371138806469333e-8
vn 0 -0.9999999999999992 4.371138806469333e-8
vn 0 -0.9999999999999992 4.371138806469333e-8
vn 0 -0.9999999999999992 4.371138806469333e-8
vn 0 -0.9999999999999992 4.371138806469333e-8
f 5473/5473/5473 5474/5474/5474 5475/5475/5475
f 5476/5476/5476 5477/5477/5477 5478/5478/5478
f 5479/5479/5479 5480/5480/5480 5481/5481/5481
f 5482/5482/5482 5483/5483/5483 5484/5484/5484
f 5485/5485/5485 5486/5486/5486 5487/5487/5487
f 5488/5488/5488 5489/5489/5489 5490/5490/5490
