mtllib marble table.mtl
o Cube
usemtl Material.002
v -233.8349609375 162.84570427791184 -0.000026530933934087342
v -233.8349609375 190.90435791015622 -0.00003110226904604146
v -233.8349609375 190.90431069000067 -289.83526669797214
v -233.8349609375 162.84570427791184 -0.000026530933934087342
v -233.8349609375 190.90431069000067 -289.83526669797214
v -233.8349609375 162.84565705775628 -289.8352621266371
v -233.8349609375 -190.90435791015622 0.00003110226904604146
v 233.8349609375 -190.90435791015622 0.00003110226904604146
v 233.8349609375 -190.90431069000067 289.83526669797214
v -233.8349609375 -190.90435791015622 0.00003110226904604146
v 233.8349609375 -190.90431069000067 289.83526669797214
v -233.8349609375 -190.90431069000067 289.83526669797214
v -233.8349609375 21.345728898597457 289.83523211805
v 233.13629442919046 21.345728898597457 289.83523211805
v 233.8349609375 21.91612612757544 289.8352320251205
v 233.8349609375 91.52534439170275 289.8352206843389
v -233.8349609375 21.345728898597457 289.83523211805
v 233.8349609375 21.91612612757544 289.8352320251205
v -233.8349609375 21.345728898597457 289.83523211805
v 233.8349609375 91.52534439170275 289.8352206843389
v 233.13629442919046 92.09574019833242 289.8352205914096
v 233.13629442919046 92.09574019833242 289.8352205914096
v -233.8349609375 92.09574019833242 289.8352205914096
v -233.8349609375 21.345728898597457 289.83523211805
v 233.13629442919046 21.345634458286348 -289.83523907335626
v -233.8349609375 21.345634458286348 -289.83523907335626
v -233.8349609375 92.09564575802132 -289.83525059999664
v 233.13629442919046 92.09564575802132 -289.83525059999664
v 233.13629442919046 21.345634458286348 -289.83523907335626
v -233.8349609375 92.09564575802132 -289.83525059999664
v 233.13629442919046 21.345634458286348 -289.83523907335626
v 233.13629442919046 92.09564575802132 -289.83525059999664
v 233.8349609375 91.52524995139164 -289.83525050706737
v 233.8349609375 91.52524995139164 -289.83525050706737
v 233.8349609375 21.91603168726433 -289.83523916628576
v 233.13629442919046 21.345634458286348 -289.83523907335626
v 233.8349609375 -190.90435791015622 0.00003110226904604146
v 233.8349609375 -190.90440513031177 -289.8352044934341
v 236.3611599606229 -190.90440513031177 -289.8352044934341
v 233.8349609375 -190.90435791015622 0.00003110226904604146
v 236.3611599606229 -190.90440513031177 -289.8352044934341
v 236.3611599606229 -190.90435791015622 0.00003110226904604146
v -233.8349609375 92.09569297817687 -0.000015004293523445552
v -233.8349609375 162.84570427791184 -0.000026530933934087342
v -233.8349609375 162.84565705775628 -289.8352621266371
v -233.8349609375 92.09569297817687 -0.000015004293523445552
v -233.8349609375 162.84565705775628 -289.8352621266371
v -233.8349609375 92.09564575802132 -289.83525059999664
v 233.8349609375 162.84570427791184 -0.000026530933934087342
v 233.8349609375 162.84565705775628 -289.8352621266371
v 233.8349609375 162.84565705775628 -289.8352621266371
v 233.8349609375 162.84570427791184 -0.000026530933934087342
v 233.8349609375 162.84565705775628 -289.8352621266371
v 233.8349609375 162.84570427791184 -0.000026530933934087342
v 233.8349609375 190.90431069000067 -289.83526669797214
v 233.8349609375 190.90440513031177 289.8352044934341
v 233.8349609375 190.90440513031177 289.8352044934341
v 233.8349609375 190.90431069000067 -289.83526669797214
v 233.8349609375 190.90440513031177 289.8352044934341
v 233.8349609375 190.90431069000067 -289.83526669797214
v -233.8349609375 -190.90435791015622 0.00003110226904604146
v -233.8349609375 -120.15434092102804 0.00001957562770847982
v -233.8349609375 -120.15438814118359 -289.8352160200754
v -233.8349609375 -190.90435791015622 0.00003110226904604146
v -233.8349609375 -120.15438814118359 -289.8352160200754
v -233.8349609375 -190.90440513031177 -289.8352044934341
v -233.8349609375 -120.15434092102804 0.00001957562770847982
v -233.8349609375 -49.404335310686285 0.00000804898822475788
v -233.8349609375 -49.404382530841836 -289.8352275467149
v -233.8349609375 -120.15434092102804 0.00001957562770847982
v -233.8349609375 -49.404382530841836 -289.8352275467149
v -233.8349609375 -120.15438814118359 -289.8352160200754
v -233.8349609375 -49.404335310686285 0.00000804898822475788
v -233.8349609375 21.345681678441903 -0.0000034776531128037605
v -233.8349609375 21.345634458286348 -289.83523907335626
v -233.8349609375 -49.404335310686285 0.00000804898822475788
v -233.8349609375 21.345634458286348 -289.83523907335626
v -233.8349609375 -49.404382530841836 -289.8352275467149
v -233.8349609375 21.345681678441903 -0.0000034776531128037605
v -233.8349609375 92.09569297817687 -0.000015004293523445552
v -233.8349609375 92.09564575802132 -289.83525059999664
v -233.8349609375 21.345681678441903 -0.0000034776531128037605
v -233.8349609375 92.09564575802132 -289.83525059999664
v -233.8349609375 21.345634458286348 -289.83523907335626
v -233.8349609375 92.09574019833242 289.8352205914096
v 233.13629442919046 92.09574019833242 289.8352205914096
v 233.8349609375 92.6661360049621 289.83522049848034
v 233.8349609375 162.8457514980674 289.8352090647692
v -233.8349609375 92.09574019833242 289.8352205914096
v 233.8349609375 92.6661360049621 289.83522049848034
v -233.8349609375 92.09574019833242 289.8352205914096
v 233.8349609375 162.8457514980674 289.8352090647692
v -233.8349609375 162.8457514980674 289.8352090647692
v 233.8349609375 92.666041564651 -289.8352506929259
v 233.8349609375 162.84565705775628 -289.8352621266371
v 236.3611599606229 162.84565705775628 -289.8352621266371
v 233.8349609375 92.666041564651 -289.8352506929259
v 236.3611599606229 162.84565705775628 -289.8352621266371
v 236.3611599606229 92.666041564651 -289.8352506929259
v 233.8349609375 162.84570427791184 -0.000026530933934087342
v 233.8349609375 162.8457514980674 289.8352090647692
v 236.3611599606229 162.8457514980674 289.8352090647692
v 233.8349609375 162.84570427791184 -0.000026530933934087342
v 236.3611599606229 162.8457514980674 289.8352090647692
v 236.3611599606229 162.84570427791184 -0.000026530933934087342
v 233.8349609375 -120.72473672765771 0.00001966855698487109
v 233.8349609375 -120.72468950750216 289.8352552642601
v 236.3611599606229 -120.72468950750216 289.8352552642601
v 233.8349609375 -120.72473672765771 0.00001966855698487109
v 236.3611599606229 -120.72468950750216 289.8352552642601
v 236.3611599606229 -120.72473672765771 0.00001966855698487109
v 233.8349609375 -190.90440513031177 -289.8352044934341
v -233.8349609375 -190.90440513031177 -289.8352044934341
v -233.8349609375 -120.15438814118359 -289.8352160200754
v 233.13629442919046 -120.15438814118359 -289.8352160200754
v 233.8349609375 -190.90440513031177 -289.8352044934341
v -233.8349609375 -120.15438814118359 -289.8352160200754
v 233.8349609375 -190.90440513031177 -289.8352044934341
v 233.13629442919046 -120.15438814118359 -289.8352160200754
v 233.8349609375 -120.72478394781326 -289.8352159271461
v 233.13629442919046 -120.15438814118359 -289.8352160200754
v -233.8349609375 -120.15438814118359 -289.8352160200754
v -233.8349609375 -49.404382530841836 -289.8352275467149
v 233.13629442919046 -49.404382530841836 -289.8352275467149
v 233.13629442919046 -120.15438814118359 -289.8352160200754
v -233.8349609375 -49.404382530841836 -289.8352275467149
v 233.13629442919046 -120.15438814118359 -289.8352160200754
v 233.13629442919046 -49.404382530841836 -289.8352275467149
v 233.8349609375 -49.97477833747151 -289.83522745378565
v 233.8349609375 -49.97477833747151 -289.83522745378565
v 233.8349609375 -119.58399233455391 -289.8352161130047
v 233.13629442919046 -120.15438814118359 -289.8352160200754
v 233.13629442919046 -49.404382530841836 -289.8352275467149
v -233.8349609375 -49.404382530841836 -289.8352275467149
v -233.8349609375 21.345634458286348 -289.83523907335626
v 233.13629442919046 21.345634458286348 -289.83523907335626
v 233.13629442919046 -49.404382530841836 -289.8352275467149
v -233.8349609375 21.345634458286348 -289.83523907335626
v 233.13629442919046 -49.404382530841836 -289.8352275467149
v 233.13629442919046 21.345634458286348 -289.83523907335626
v 233.8349609375 20.775237229308367 -289.8352389804267
v 233.8349609375 20.775237229308367 -289.8352389804267
v 233.8349609375 -48.83398672421216 -289.8352276396442
v 233.13629442919046 -49.404382530841836 -289.8352275467149
v 233.8349609375 20.775331669619476 289.83523221097954
v 233.8349609375 -48.83389228390106 289.83524355176206
v 236.3611599606229 -48.83389228390106 289.83524355176206
v 233.8349609375 20.775331669619476 289.83523221097954
v 236.3611599606229 -48.83389228390106 289.83524355176206
v 236.3611599606229 20.775331669619476 289.83523221097954
v 231.4322773667518 92.666041564651 -289.8352506929259
v 231.4322773667518 91.52524995139164 -289.83525050706737
v 230.73361085844226 92.09564575802132 -289.83525059999664
v -233.8349609375 -190.90431069000067 289.83526669797214
v 233.8349609375 -190.90431069000067 289.83526669797214
v 233.8349609375 -120.72468950750216 289.8352552642601
v 233.13629442919046 -120.15429370087249 289.83525517133086
v -233.8349609375 -190.90431069000067 289.83526669797214
v 233.8349609375 -120.72468950750216 289.8352552642601
v -233.8349609375 -190.90431069000067 289.83526669797214
v 233.13629442919046 -120.15429370087249 289.83525517133086
v -233.8349609375 -120.15429370087249 289.83525517133086
v -233.8349609375 -120.15429370087249 289.83525517133086
v 233.13629442919046 -120.15429370087249 289.83525517133086
v 233.8349609375 -119.58389789424281 289.83525507840153
v 233.8349609375 -49.97468389716041 289.8352437376206
v -233.8349609375 -120.15429370087249 289.83525517133086
v 233.8349609375 -119.58389789424281 289.83525507840153
v -233.8349609375 -120.15429370087249 289.83525517133086
v 233.8349609375 -49.97468389716041 289.8352437376206
v 233.13629442919046 -49.404288090530734 289.83524364469133
v 233.13629442919046 -49.404288090530734 289.83524364469133
v -233.8349609375 -49.404282401137515 289.8352436446904
v -233.8349609375 -120.15429370087249 289.83525517133086
v -233.8349609375 -49.404282401137515 289.8352436446904
v 233.13629442919046 -49.404288090530734 289.83524364469133
v 233.8349609375 -48.83389228390106 289.83524355176206
v 233.8349609375 20.775331669619476 289.83523221097954
v -233.8349609375 -49.404282401137515 289.8352436446904
v 233.8349609375 -48.83389228390106 289.83524355176206
v -233.8349609375 -49.404282401137515 289.8352436446904
v 233.8349609375 20.775331669619476 289.83523221097954
v 233.13629442919046 21.345728898597457 289.83523211805
v 233.13629442919046 21.345728898597457 289.83523211805
v -233.8349609375 21.345728898597457 289.83523211805
v -233.8349609375 -49.404282401137515 289.8352436446904
v 233.13629442919046 21.345634458286348 -289.83523907335626
v 233.8349609375 21.91603168726433 -289.83523916628576
v 231.4322773667518 21.91603168726433 -289.83523916628576
v 233.13629442919046 21.345634458286348 -289.83523907335626
v 231.4322773667518 21.91603168726433 -289.83523916628576
v 230.73361085844226 21.345634458286348 -289.83523907335626
v 233.8349609375 -120.72473672765771 0.00001966855698487109
v 233.8349609375 -120.72478394781326 -289.8352159271461
v 231.4322773667518 -120.72478394781326 -289.8352159271461
v 233.8349609375 -120.72473672765771 0.00001966855698487109
v 231.4322773667518 -120.72478394781326 -289.8352159271461
v 231.4322773667518 -120.72473672765771 0.00001966855698487109
v 233.8349609375 21.91612612757544 289.8352320251205
v 233.13629442919046 21.345728898597457 289.83523211805
v 230.73361085844226 21.345728898597457 289.83523211805
v 233.8349609375 21.91612612757544 289.8352320251205
v 230.73361085844226 21.345728898597457 289.83523211805
v 231.4322773667518 21.91612612757544 289.8352320251205
v 233.8349609375 91.52524995139164 -289.83525050706737
v 233.13629442919046 92.09564575802132 -289.83525059999664
v 230.73361085844226 92.09564575802132 -289.83525059999664
v 233.8349609375 91.52524995139164 -289.83525050706737
v 230.73361085844226 92.09564575802132 -289.83525059999664
v 231.4322773667518 91.52524995139164 -289.83525050706737
v 233.8349609375 -119.58394511439836 0.000019482698432088556
v 233.8349609375 -119.58389789424281 289.83525507840153
v 231.4322773667518 -119.58389789424281 289.83525507840153
v 233.8349609375 -119.58394511439836 0.000019482698432088556
v 231.4322773667518 -119.58389789424281 289.83525507840153
v 231.4322773667518 -119.58394511439836 0.000019482698432088556
v 233.13629442919046 -120.15438814118359 -289.8352160200754
v 233.8349609375 -119.58399233455391 -289.8352161130047
v 231.4322773667518 -119.58399233455391 -289.8352161130047
v 233.13629442919046 -120.15438814118359 -289.8352160200754
v 231.4322773667518 -119.58399233455391 -289.8352161130047
v 230.73361085844226 -120.15438814118359 -289.8352160200754
v 233.8349609375 91.5252971715472 -0.000014911364247054285
v 233.8349609375 91.52524995139164 -289.83525050706737
v 231.4322773667518 91.52524995139164 -289.83525050706737
v 233.8349609375 91.5252971715472 -0.000014911364247054285
v 231.4322773667518 91.52524995139164 -289.83525050706737
v 231.4322773667518 91.5252971715472 -0.000014911364247054285
v 233.8349609375 -119.58389789424281 289.83525507840153
v 233.13629442919046 -120.15429370087249 289.83525517133086
v 230.73361085844226 -120.15429370087249 289.83525517133086
v 233.8349609375 -119.58389789424281 289.83525507840153
v 230.73361085844226 -120.15429370087249 289.83525517133086
v 231.4322773667518 -119.58389789424281 289.83525507840153
v 233.8349609375 -49.97477833747151 -289.83522745378565
v 233.13629442919046 -49.404382530841836 -289.8352275467149
v 230.73361085844226 -49.404382530841836 -289.8352275467149
v 233.8349609375 -49.97477833747151 -289.83522745378565
v 230.73361085844226 -49.404382530841836 -289.8352275467149
v 231.4322773667518 -49.97477833747151 -289.83522745378565
v 233.8349609375 92.66608878480655 -0.000015097222799836817
v 233.8349609375 92.6661360049621 289.83522049848034
v 231.4322773667518 92.6661360049621 289.83522049848034
v 233.8349609375 92.66608878480655 -0.000015097222799836817
v 231.4322773667518 92.6661360049621 289.83522049848034
v 231.4322773667518 92.66608878480655 -0.000015097222799836817
v 233.13629442919046 21.345728898597457 289.83523211805
v 233.8349609375 20.775331669619476 289.83523221097954
v 231.4322773667518 20.775331669619476 289.83523221097954
v 233.13629442919046 21.345728898597457 289.83523211805
v 231.4322773667518 20.775331669619476 289.83523221097954
v 230.73361085844226 21.345728898597457 289.83523211805
v 233.13629442919046 92.09564575802132 -289.83525059999664
v 233.8349609375 92.666041564651 -289.8352506929259
v 231.4322773667518 92.666041564651 -289.8352506929259
v 233.13629442919046 92.09564575802132 -289.83525059999664
v 231.4322773667518 92.666041564651 -289.8352506929259
v 230.73361085844226 92.09564575802132 -289.83525059999664
v 233.13629442919046 92.09564575802132 -289.83525059999664
v -233.8349609375 92.09564575802132 -289.83525059999664
v -233.8349609375 162.84565705775628 -289.8352621266371
v 233.8349609375 162.84565705775628 -289.8352621266371
v 233.13629442919046 92.09564575802132 -289.83525059999664
v -233.8349609375 162.84565705775628 -289.8352621266371
v 233.13629442919046 92.09564575802132 -289.83525059999664
v 233.8349609375 162.84565705775628 -289.8352621266371
v 233.8349609375 92.666041564651 -289.8352506929259
v 231.4322773667518 21.91603168726433 -289.83523916628576
v 231.4322773667518 20.775237229308367 -289.8352389804267
v 230.73361085844226 21.345634458286348 -289.83523907335626
v 231.4322773667518 -48.83398672421216 -289.8352276396442
v 231.4322773667518 -49.97477833747151 -289.83522745378565
v 230.73361085844226 -49.404382530841836 -289.8352275467149
v 231.4322773667518 -119.58399233455391 -289.8352161130047
v 231.4322773667518 -120.72478394781326 -289.8352159271461
v 230.73361085844226 -120.15438814118359 -289.8352160200754
v 231.4322773667518 91.52534439170275 289.8352206843389
v 231.4322773667518 92.6661360049621 289.83522049848034
v 230.73361085844226 92.09574019833242 289.8352205914096
v 231.4322773667518 20.775331669619476 289.83523221097954
v 231.4322773667518 21.91612612757544 289.8352320251205
v 230.73361085844226 21.345728898597457 289.83523211805
v 231.4322773667518 -49.97468389716041 289.8352437376206
v 231.4322773667518 -48.83389228390106 289.83524355176206
v 230.73361085844226 -49.404288090530734 289.83524364469133
v 231.4322773667518 -120.72468950750216 289.8352552642601
v 231.4322773667518 -119.58389789424281 289.83525507840153
v 230.73361085844226 -120.15429370087249 289.83525517133086
v 231.4322773667518 -119.58394511439836 0.000019482698432088556
v 231.4322773667518 -119.58389789424281 289.83525507840153
v 231.4322773667518 -120.72468950750216 289.8352552642601
v 231.4322773667518 -119.58394511439836 0.000019482698432088556
v 231.4322773667518 -120.72468950750216 289.8352552642601
v 231.4322773667518 -120.72473672765771 0.00001966855698487109
v 231.4322773667518 -48.83393950405661 0.000007956058948366614
v 231.4322773667518 -48.83389228390106 289.83524355176206
v 231.4322773667518 -49.97468389716041 289.8352437376206
v 231.4322773667518 -48.83393950405661 0.000007956058948366614
v 231.4322773667518 -49.97468389716041 289.8352437376206
v 231.4322773667518 -49.97473111731596 0.000008141917501149146
v 231.4322773667518 21.916078907419884 -0.0000035705826209249886
v 231.4322773667518 21.91612612757544 289.8352320251205
v 231.4322773667518 20.775331669619476 289.83523221097954
v 231.4322773667518 21.916078907419884 -0.0000035705826209249886
v 231.4322773667518 20.775331669619476 289.83523221097954
v 231.4322773667518 20.77528444946392 -0.0000033847236046825324
v 231.4322773667518 92.66608878480655 -0.000015097222799836817
v 231.4322773667518 92.6661360049621 289.83522049848034
v 231.4322773667518 91.52534439170275 289.8352206843389
v 231.4322773667518 92.66608878480655 -0.000015097222799836817
v 231.4322773667518 91.52534439170275 289.8352206843389
v 231.4322773667518 91.5252971715472 -0.000014911364247054285
v 233.13629442919046 -49.404288090530734 289.83524364469133
v 233.8349609375 -49.97468389716041 289.8352437376206
v 231.4322773667518 -49.97468389716041 289.8352437376206
v 233.13629442919046 -49.404288090530734 289.83524364469133
v 231.4322773667518 -49.97468389716041 289.8352437376206
v 230.73361085844226 -49.404288090530734 289.83524364469133
v 233.8349609375 -120.72478394781326 -289.8352159271461
v 233.13629442919046 -120.15438814118359 -289.8352160200754
v 230.73361085844226 -120.15438814118359 -289.8352160200754
v 233.8349609375 -120.72478394781326 -289.8352159271461
v 230.73361085844226 -120.15438814118359 -289.8352160200754
v 231.4322773667518 -120.72478394781326 -289.8352159271461
v 233.8349609375 -48.83393950405661 0.000007956058948366614
v 233.8349609375 -48.83389228390106 289.83524355176206
v 231.4322773667518 -48.83389228390106 289.83524355176206
v 233.8349609375 -48.83393950405661 0.000007956058948366614
v 231.4322773667518 -48.83389228390106 289.83524355176206
v 231.4322773667518 -48.83393950405661 0.000007956058948366614
v 233.13629442919046 92.09574019833242 289.8352205914096
v 233.8349609375 91.52534439170275 289.8352206843389
v 231.4322773667518 91.52534439170275 289.8352206843389
v 233.13629442919046 92.09574019833242 289.8352205914096
v 231.4322773667518 91.52534439170275 289.8352206843389
v 230.73361085844226 92.09574019833242 289.8352205914096
v 233.8349609375 -49.97473111731596 0.000008141917501149146
v 233.8349609375 -49.97477833747151 -289.83522745378565
v 231.4322773667518 -49.97477833747151 -289.83522745378565
v 233.8349609375 -49.97473111731596 0.000008141917501149146
v 231.4322773667518 -49.97477833747151 -289.83522745378565
v 231.4322773667518 -49.97473111731596 0.000008141917501149146
v 233.8349609375 20.775237229308367 -289.8352389804267
v 233.13629442919046 21.345634458286348 -289.83523907335626
v 230.73361085844226 21.345634458286348 -289.83523907335626
v 233.8349609375 20.775237229308367 -289.8352389804267
v 230.73361085844226 21.345634458286348 -289.83523907335626
v 231.4322773667518 20.775237229308367 -289.8352389804267
v 233.8349609375 -48.83389228390106 289.83524355176206
v 233.13629442919046 -49.404288090530734 289.83524364469133
v 230.73361085844226 -49.404288090530734 289.83524364469133
v 233.8349609375 -48.83389228390106 289.83524355176206
v 230.73361085844226 -49.404288090530734 289.83524364469133
v 231.4322773667518 -48.83389228390106 289.83524355176206
v 233.8349609375 21.916078907419884 -0.0000035705826209249886
v 233.8349609375 21.91612612757544 289.8352320251205
v 231.4322773667518 21.91612612757544 289.8352320251205
v 233.8349609375 21.916078907419884 -0.0000035705826209249886
v 231.4322773667518 21.91612612757544 289.8352320251205
v 231.4322773667518 21.916078907419884 -0.0000035705826209249886
v 233.13629442919046 -49.404382530841836 -289.8352275467149
v 233.8349609375 -48.83398672421216 -289.8352276396442
v 231.4322773667518 -48.83398672421216 -289.8352276396442
v 233.13629442919046 -49.404382530841836 -289.8352275467149
v 231.4322773667518 -48.83398672421216 -289.8352276396442
v 230.73361085844226 -49.404382530841836 -289.8352275467149
v 233.13629442919046 -120.15429370087249 289.83525517133086
v 233.8349609375 -120.72468950750216 289.8352552642601
v 231.4322773667518 -120.72468950750216 289.8352552642601
v 233.13629442919046 -120.15429370087249 289.83525517133086
v 231.4322773667518 -120.72468950750216 289.8352552642601
v 230.73361085844226 -120.15429370087249 289.83525517133086
v 233.8349609375 92.6661360049621 289.83522049848034
v 233.13629442919046 92.09574019833242 289.8352205914096
v 230.73361085844226 92.09574019833242 289.8352205914096
v 233.8349609375 92.6661360049621 289.83522049848034
v 230.73361085844226 92.09574019833242 289.8352205914096
v 231.4322773667518 92.6661360049621 289.83522049848034
v 233.8349609375 20.77528444946392 -0.0000033847236046825324
v 233.8349609375 20.775237229308367 -289.8352389804267
v 231.4322773667518 20.775237229308367 -289.8352389804267
v 233.8349609375 20.77528444946392 -0.0000033847236046825324
v 231.4322773667518 20.775237229308367 -289.8352389804267
v 231.4322773667518 20.77528444946392 -0.0000033847236046825324
v 236.3611599606229 21.916078907419884 -0.0000035705826209249886
v 236.3611599606229 91.5252971715472 -0.000014911364247054285
v 236.3611599606229 91.52534439170275 289.8352206843389
v 236.3611599606229 21.916078907419884 -0.0000035705826209249886
v 236.3611599606229 91.52534439170275 289.8352206843389
v 236.3611599606229 21.91612612757544 289.8352320251205
v 236.3611599606229 -190.90435791015622 0.00003110226904604146
v 236.3611599606229 -120.72473672765771 0.00001966855698487109
v 236.3611599606229 -120.72468950750216 289.8352552642601
v 236.3611599606229 -190.90435791015622 0.00003110226904604146
v 236.3611599606229 -120.72468950750216 289.8352552642601
v 236.3611599606229 -190.90431069000067 289.83526669797214
v 236.3611599606229 -119.58394511439836 0.000019482698432088556
v 236.3611599606229 -49.97473111731596 0.000008141917501149146
v 236.3611599606229 -49.97468389716041 289.8352437376206
v 236.3611599606229 -119.58394511439836 0.000019482698432088556
v 236.3611599606229 -49.97468389716041 289.8352437376206
v 236.3611599606229 -119.58389789424281 289.83525507840153
v 236.3611599606229 -48.83393950405661 0.000007956058948366614
v 236.3611599606229 20.77528444946392 -0.0000033847236046825324
v 236.3611599606229 20.775331669619476 289.83523221097954
v 236.3611599606229 -48.83393950405661 0.000007956058948366614
v 236.3611599606229 20.775331669619476 289.83523221097954
v 236.3611599606229 -48.83389228390106 289.83524355176206
v 236.3611599606229 92.66608878480655 -0.000015097222799836817
v 236.3611599606229 162.84570427791184 -0.000026530933934087342
v 236.3611599606229 162.8457514980674 289.8352090647692
v 236.3611599606229 92.66608878480655 -0.000015097222799836817
v 236.3611599606229 162.8457514980674 289.8352090647692
v 236.3611599606229 92.6661360049621 289.83522049848034
v 233.8349609375 -48.83393950405661 0.000007956058948366614
v 233.8349609375 -48.83398672421216 -289.8352276396442
v 236.3611599606229 -48.83398672421216 -289.8352276396442
v 233.8349609375 -48.83393950405661 0.000007956058948366614
v 236.3611599606229 -48.83398672421216 -289.8352276396442
v 236.3611599606229 -48.83393950405661 0.000007956058948366614
v 233.8349609375 -119.58399233455391 -289.8352161130047
v 233.8349609375 -49.97477833747151 -289.83522745378565
v 236.3611599606229 -49.97477833747151 -289.83522745378565
v 233.8349609375 -119.58399233455391 -289.8352161130047
v 236.3611599606229 -49.97477833747151 -289.83522745378565
v 236.3611599606229 -119.58399233455391 -289.8352161130047
v 233.8349609375 21.91603168726433 -289.83523916628576
v 233.8349609375 91.52524995139164 -289.83525050706737
v 236.3611599606229 91.52524995139164 -289.83525050706737
v 233.8349609375 21.91603168726433 -289.83523916628576
v 236.3611599606229 91.52524995139164 -289.83525050706737
v 236.3611599606229 21.91603168726433 -289.83523916628576
v 233.8349609375 -49.97473111731596 0.000008141917501149146
v 233.8349609375 -49.97468389716041 289.8352437376206
v 236.3611599606229 -49.97468389716041 289.8352437376206
v 233.8349609375 -49.97473111731596 0.000008141917501149146
v 236.3611599606229 -49.97468389716041 289.8352437376206
v 236.3611599606229 -49.97473111731596 0.000008141917501149146
v 233.8349609375 -49.97468389716041 289.8352437376206
v 233.8349609375 -119.58389789424281 289.83525507840153
v 236.3611599606229 -119.58389789424281 289.83525507840153
v 233.8349609375 -49.97468389716041 289.8352437376206
v 236.3611599606229 -119.58389789424281 289.83525507840153
v 236.3611599606229 -49.97468389716041 289.8352437376206
v 233.8349609375 91.52534439170275 289.8352206843389
v 233.8349609375 21.91612612757544 289.8352320251205
v 236.3611599606229 21.91612612757544 289.8352320251205
v 233.8349609375 91.52534439170275 289.8352206843389
v 236.3611599606229 21.91612612757544 289.8352320251205
v 236.3611599606229 91.52534439170275 289.8352206843389
v 233.8349609375 21.916078907419884 -0.0000035705826209249886
v 233.8349609375 21.91603168726433 -289.83523916628576
v 236.3611599606229 21.91603168726433 -289.83523916628576
v 233.8349609375 21.916078907419884 -0.0000035705826209249886
v 236.3611599606229 21.91603168726433 -289.83523916628576
v 236.3611599606229 21.916078907419884 -0.0000035705826209249886
v 233.8349609375 162.8457514980674 289.8352090647692
v 233.8349609375 92.6661360049621 289.83522049848034
v 236.3611599606229 92.6661360049621 289.83522049848034
v 233.8349609375 162.8457514980674 289.8352090647692
v 236.3611599606229 92.6661360049621 289.83522049848034
v 236.3611599606229 162.8457514980674 289.8352090647692
v 233.8349609375 20.77528444946392 -0.0000033847236046825324
v 233.8349609375 20.775331669619476 289.83523221097954
v 236.3611599606229 20.775331669619476 289.83523221097954
v 233.8349609375 20.77528444946392 -0.0000033847236046825324
v 236.3611599606229 20.775331669619476 289.83523221097954
v 236.3611599606229 20.77528444946392 -0.0000033847236046825324
v 233.8349609375 -190.90440513031177 -289.8352044934341
v 233.8349609375 -120.72478394781326 -289.8352159271461
v 236.3611599606229 -120.72478394781326 -289.8352159271461
v 233.8349609375 -190.90440513031177 -289.8352044934341
v 236.3611599606229 -120.72478394781326 -289.8352159271461
v 236.3611599606229 -190.90440513031177 -289.8352044934341
v 233.8349609375 92.66608878480655 -0.000015097222799836817
v 233.8349609375 92.666041564651 -289.8352506929259
v 236.3611599606229 92.666041564651 -289.8352506929259
v 233.8349609375 92.66608878480655 -0.000015097222799836817
v 236.3611599606229 92.666041564651 -289.8352506929259
v 236.3611599606229 92.66608878480655 -0.000015097222799836817
v 233.8349609375 -120.72468950750216 289.8352552642601
v 233.8349609375 -190.90431069000067 289.83526669797214
v 236.3611599606229 -190.90431069000067 289.83526669797214
v 233.8349609375 -120.72468950750216 289.8352552642601
v 236.3611599606229 -190.90431069000067 289.83526669797214
v 236.3611599606229 -120.72468950750216 289.8352552642601
v 233.8349609375 -48.83398672421216 -289.8352276396442
v 233.8349609375 20.775237229308367 -289.8352389804267
v 236.3611599606229 20.775237229308367 -289.8352389804267
v 233.8349609375 -48.83398672421216 -289.8352276396442
v 236.3611599606229 20.775237229308367 -289.8352389804267
v 236.3611599606229 -48.83398672421216 -289.8352276396442
v 233.8349609375 91.5252971715472 -0.000014911364247054285
v 233.8349609375 91.52534439170275 289.8352206843389
v 236.3611599606229 91.52534439170275 289.8352206843389
v 233.8349609375 91.5252971715472 -0.000014911364247054285
v 236.3611599606229 91.52534439170275 289.8352206843389
v 236.3611599606229 91.5252971715472 -0.000014911364247054285
v 233.8349609375 -119.58394511439836 0.000019482698432088556
v 233.8349609375 -119.58399233455391 -289.8352161130047
v 236.3611599606229 -119.58399233455391 -289.8352161130047
v 233.8349609375 -119.58394511439836 0.000019482698432088556
v 236.3611599606229 -119.58399233455391 -289.8352161130047
v 236.3611599606229 -119.58394511439836 0.000019482698432088556
v 233.8349609375 -119.58389789424281 289.83525507840153
v 233.8349609375 -119.58394511439836 0.000019482698432088556
v 236.3611599606229 -119.58394511439836 0.000019482698432088556
v 233.8349609375 -119.58389789424281 289.83525507840153
v 236.3611599606229 -119.58394511439836 0.000019482698432088556
v 236.3611599606229 -119.58389789424281 289.83525507840153
v 233.8349609375 91.52524995139164 -289.83525050706737
v 233.8349609375 91.5252971715472 -0.000014911364247054285
v 236.3611599606229 91.5252971715472 -0.000014911364247054285
v 233.8349609375 91.52524995139164 -289.83525050706737
v 236.3611599606229 91.5252971715472 -0.000014911364247054285
v 236.3611599606229 91.52524995139164 -289.83525050706737
v 233.8349609375 92.6661360049621 289.83522049848034
v 233.8349609375 92.66608878480655 -0.000015097222799836817
v 236.3611599606229 92.66608878480655 -0.000015097222799836817
v 233.8349609375 92.6661360049621 289.83522049848034
v 236.3611599606229 92.66608878480655 -0.000015097222799836817
v 236.3611599606229 92.6661360049621 289.83522049848034
v 233.8349609375 20.775237229308367 -289.8352389804267
v 233.8349609375 20.77528444946392 -0.0000033847236046825324
v 236.3611599606229 20.77528444946392 -0.0000033847236046825324
v 233.8349609375 20.775237229308367 -289.8352389804267
v 236.3611599606229 20.77528444946392 -0.0000033847236046825324
v 236.3611599606229 20.775237229308367 -289.8352389804267
v 233.8349609375 21.91612612757544 289.8352320251205
v 233.8349609375 21.916078907419884 -0.0000035705826209249886
v 236.3611599606229 21.916078907419884 -0.0000035705826209249886
v 233.8349609375 21.91612612757544 289.8352320251205
v 236.3611599606229 21.916078907419884 -0.0000035705826209249886
v 236.3611599606229 21.91612612757544 289.8352320251205
v 233.8349609375 -49.97477833747151 -289.83522745378565
v 233.8349609375 -49.97473111731596 0.000008141917501149146
v 236.3611599606229 -49.97473111731596 0.000008141917501149146
v 233.8349609375 -49.97477833747151 -289.83522745378565
v 236.3611599606229 -49.97473111731596 0.000008141917501149146
v 236.3611599606229 -49.97477833747151 -289.83522745378565
v 233.8349609375 -48.83389228390106 289.83524355176206
v 233.8349609375 -48.83393950405661 0.000007956058948366614
v 236.3611599606229 -48.83393950405661 0.000007956058948366614
v 233.8349609375 -48.83389228390106 289.83524355176206
v 236.3611599606229 -48.83393950405661 0.000007956058948366614
v 236.3611599606229 -48.83389228390106 289.83524355176206
v 236.3611599606229 92.666041564651 -289.8352506929259
v 236.3611599606229 162.84565705775628 -289.8352621266371
v 236.3611599606229 162.84570427791184 -0.000026530933934087342
v 236.3611599606229 92.666041564651 -289.8352506929259
v 236.3611599606229 162.84570427791184 -0.000026530933934087342
v 236.3611599606229 92.66608878480655 -0.000015097222799836817
v 236.3611599606229 -48.83398672421216 -289.8352276396442
v 236.3611599606229 20.775237229308367 -289.8352389804267
v 236.3611599606229 20.77528444946392 -0.0000033847236046825324
v 236.3611599606229 -48.83398672421216 -289.8352276396442
v 236.3611599606229 20.77528444946392 -0.0000033847236046825324
v 236.3611599606229 -48.83393950405661 0.000007956058948366614
v 236.3611599606229 -119.58399233455391 -289.8352161130047
v 236.3611599606229 -49.97477833747151 -289.83522745378565
v 236.3611599606229 -49.97473111731596 0.000008141917501149146
v 236.3611599606229 -119.58399233455391 -289.8352161130047
v 236.3611599606229 -49.97473111731596 0.000008141917501149146
v 236.3611599606229 -119.58394511439836 0.000019482698432088556
v 236.3611599606229 -190.90440513031177 -289.8352044934341
v 236.3611599606229 -120.72478394781326 -289.8352159271461
v 236.3611599606229 -120.72473672765771 0.00001966855698487109
v 236.3611599606229 -190.90440513031177 -289.8352044934341
v 236.3611599606229 -120.72473672765771 0.00001966855698487109
v 236.3611599606229 -190.90435791015622 0.00003110226904604146
v 236.3611599606229 21.91603168726433 -289.83523916628576
v 236.3611599606229 91.52524995139164 -289.83525050706737
v 236.3611599606229 91.5252971715472 -0.000014911364247054285
v 236.3611599606229 21.91603168726433 -289.83523916628576
v 236.3611599606229 91.5252971715472 -0.000014911364247054285
v 236.3611599606229 21.916078907419884 -0.0000035705826209249886
v 233.8349609375 20.775331669619476 289.83523221097954
v 233.8349609375 20.77528444946392 -0.0000033847236046825324
v 231.4322773667518 20.77528444946392 -0.0000033847236046825324
v 233.8349609375 20.775331669619476 289.83523221097954
v 231.4322773667518 20.77528444946392 -0.0000033847236046825324
v 231.4322773667518 20.775331669619476 289.83523221097954
v 233.8349609375 21.91603168726433 -289.83523916628576
v 233.8349609375 21.916078907419884 -0.0000035705826209249886
v 231.4322773667518 21.916078907419884 -0.0000035705826209249886
v 233.8349609375 21.91603168726433 -289.83523916628576
v 231.4322773667518 21.916078907419884 -0.0000035705826209249886
v 231.4322773667518 21.91603168726433 -289.83523916628576
v 233.8349609375 -49.97468389716041 289.8352437376206
v 233.8349609375 -49.97473111731596 0.000008141917501149146
v 231.4322773667518 -49.97473111731596 0.000008141917501149146
v 233.8349609375 -49.97468389716041 289.8352437376206
v 231.4322773667518 -49.97473111731596 0.000008141917501149146
v 231.4322773667518 -49.97468389716041 289.8352437376206
v 233.8349609375 -48.83398672421216 -289.8352276396442
v 233.8349609375 -48.83393950405661 0.000007956058948366614
v 231.4322773667518 -48.83393950405661 0.000007956058948366614
v 233.8349609375 -48.83398672421216 -289.8352276396442
v 231.4322773667518 -48.83393950405661 0.000007956058948366614
v 231.4322773667518 -48.83398672421216 -289.8352276396442
v 231.4322773667518 92.666041564651 -289.8352506929259
v 231.4322773667518 92.66608878480655 -0.000015097222799836817
v 231.4322773667518 91.5252971715472 -0.000014911364247054285
v 231.4322773667518 92.666041564651 -289.8352506929259
v 231.4322773667518 91.5252971715472 -0.000014911364247054285
v 231.4322773667518 91.52524995139164 -289.83525050706737
v 231.4322773667518 21.91603168726433 -289.83523916628576
v 231.4322773667518 21.916078907419884 -0.0000035705826209249886
v 231.4322773667518 20.77528444946392 -0.0000033847236046825324
v 231.4322773667518 21.91603168726433 -289.83523916628576
v 231.4322773667518 20.77528444946392 -0.0000033847236046825324
v 231.4322773667518 20.775237229308367 -289.8352389804267
v 231.4322773667518 -48.83398672421216 -289.8352276396442
v 231.4322773667518 -48.83393950405661 0.000007956058948366614
v 231.4322773667518 -49.97473111731596 0.000008141917501149146
v 231.4322773667518 -48.83398672421216 -289.8352276396442
v 231.4322773667518 -49.97473111731596 0.000008141917501149146
v 231.4322773667518 -49.97477833747151 -289.83522745378565
v 231.4322773667518 -119.58399233455391 -289.8352161130047
v 231.4322773667518 -119.58394511439836 0.000019482698432088556
v 231.4322773667518 -120.72473672765771 0.00001966855698487109
v 231.4322773667518 -119.58399233455391 -289.8352161130047
v 231.4322773667518 -120.72473672765771 0.00001966855698487109
v 231.4322773667518 -120.72478394781326 -289.8352159271461
v 233.8349609375 92.666041564651 -289.8352506929259
v 233.8349609375 92.66608878480655 -0.000015097222799836817
v 231.4322773667518 92.66608878480655 -0.000015097222799836817
v 233.8349609375 92.666041564651 -289.8352506929259
v 231.4322773667518 92.66608878480655 -0.000015097222799836817
v 231.4322773667518 92.666041564651 -289.8352506929259
v 233.8349609375 91.52534439170275 289.8352206843389
v 233.8349609375 91.5252971715472 -0.000014911364247054285
v 231.4322773667518 91.5252971715472 -0.000014911364247054285
v 233.8349609375 91.52534439170275 289.8352206843389
v 231.4322773667518 91.5252971715472 -0.000014911364247054285
v 231.4322773667518 91.52534439170275 289.8352206843389
v 233.8349609375 -119.58399233455391 -289.8352161130047
v 233.8349609375 -119.58394511439836 0.000019482698432088556
v 231.4322773667518 -119.58394511439836 0.000019482698432088556
v 233.8349609375 -119.58399233455391 -289.8352161130047
v 231.4322773667518 -119.58394511439836 0.000019482698432088556
v 231.4322773667518 -119.58399233455391 -289.8352161130047
v 233.8349609375 -120.72468950750216 289.8352552642601
v 233.8349609375 -120.72473672765771 0.00001966855698487109
v 231.4322773667518 -120.72473672765771 0.00001966855698487109
v 233.8349609375 -120.72468950750216 289.8352552642601
v 231.4322773667518 -120.72473672765771 0.00001966855698487109
v 231.4322773667518 -120.72468950750216 289.8352552642601
v 233.8349609375 -120.72478394781326 -289.8352159271461
v 233.8349609375 -120.72473672765771 0.00001966855698487109
v 236.3611599606229 -120.72473672765771 0.00001966855698487109
v 233.8349609375 -120.72478394781326 -289.8352159271461
v 236.3611599606229 -120.72473672765771 0.00001966855698487109
v 236.3611599606229 -120.72478394781326 -289.8352159271461
v 233.8349609375 162.84565705775628 -289.8352621266371
v 233.8349609375 162.84570427791184 -0.000026530933934087342
v 236.3611599606229 162.84570427791184 -0.000026530933934087342
v 233.8349609375 162.84565705775628 -289.8352621266371
v 236.3611599606229 162.84570427791184 -0.000026530933934087342
v 236.3611599606229 162.84565705775628 -289.8352621266371
v -233.8349609375 21.345728898597457 289.83523211805
v -233.8349609375 92.09574019833242 289.8352205914096
v -233.8349609375 92.09569297817687 -0.000015004293523445552
v -233.8349609375 21.345728898597457 289.83523211805
v -233.8349609375 92.09569297817687 -0.000015004293523445552
v -233.8349609375 21.345681678441903 -0.0000034776531128037605
v -233.8349609375 -49.404282401137515 289.8352436446904
v -233.8349609375 21.345728898597457 289.83523211805
v -233.8349609375 21.345681678441903 -0.0000034776531128037605
v -233.8349609375 -49.404282401137515 289.8352436446904
v -233.8349609375 21.345681678441903 -0.0000034776531128037605
v -233.8349609375 -49.404335310686285 0.00000804898822475788
v -233.8349609375 -120.15429370087249 289.83525517133086
v -233.8349609375 -49.404282401137515 289.8352436446904
v -233.8349609375 -49.404335310686285 0.00000804898822475788
v -233.8349609375 -120.15429370087249 289.83525517133086
v -233.8349609375 -49.404335310686285 0.00000804898822475788
v -233.8349609375 -120.15434092102804 0.00001957562770847982
v -233.8349609375 -190.90431069000067 289.83526669797214
v -233.8349609375 -120.15429370087249 289.83525517133086
v -233.8349609375 -120.15434092102804 0.00001957562770847982
v -233.8349609375 -190.90431069000067 289.83526669797214
v -233.8349609375 -120.15434092102804 0.00001957562770847982
v -233.8349609375 -190.90435791015622 0.00003110226904604146
v 233.8349609375 162.8457514980674 289.8352090647692
v 233.8349609375 162.84570427791184 -0.000026530933934087342
v 233.8349609375 162.84570427791184 -0.000026530933934087342
v 233.8349609375 162.8457514980674 289.8352090647692
v 233.8349609375 162.84570427791184 -0.000026530933934087342
v 233.8349609375 162.8457514980674 289.8352090647692
v -233.8349609375 92.09574019833242 289.8352205914096
v -233.8349609375 162.8457514980674 289.8352090647692
v -233.8349609375 162.84570427791184 -0.000026530933934087342
v -233.8349609375 92.09574019833242 289.8352205914096
v -233.8349609375 162.84570427791184 -0.000026530933934087342
v -233.8349609375 92.09569297817687 -0.000015004293523445552
v 233.8349609375 -190.90431069000067 289.83526669797214
v 233.8349609375 -190.90435791015622 0.00003110226904604146
v 236.3611599606229 -190.90435791015622 0.00003110226904604146
v 233.8349609375 -190.90431069000067 289.83526669797214
v 236.3611599606229 -190.90435791015622 0.00003110226904604146
v 236.3611599606229 -190.90431069000067 289.83526669797214
v -233.8349609375 -190.90440513031177 -289.8352044934341
v 233.8349609375 -190.90440513031177 -289.8352044934341
v 233.8349609375 -190.90435791015622 0.00003110226904604146
v -233.8349609375 -190.90440513031177 -289.8352044934341
v 233.8349609375 -190.90435791015622 0.00003110226904604146
v -233.8349609375 -190.90435791015622 0.00003110226904604146
v -233.8349609375 162.8457514980674 289.8352090647692
v -233.8349609375 190.90440513031177 289.8352044934341
v -233.8349609375 190.90435791015622 -0.00003110226904604146
v -233.8349609375 162.8457514980674 289.8352090647692
v -233.8349609375 190.90435791015622 -0.00003110226904604146
v -233.8349609375 162.84570427791184 -0.000026530933934087342
vt 0.37600308656692505 -0.46740901470184326
vt 0.3766888976097107 -0.5886321067810059
vt 0.9265377521514893 -0.5816316604614258
vt 0.37600308656692505 -0.46740901470184326
vt 0.9265377521514893 -0.5816316604614258
vt 0.9258520007133484 -0.4604085683822632
vt 0.4227362275123596 0.2481558918952942
vt 0.4119046926498413 0.4177777171134949
vt 0.33891165256500244 0.4092863202095032
vt 0.4227362275123596 0.2481558918952942
vt 0.33891165256500244 0.4092863202095032
vt 0.3332911729812622 0.24737274646759033
vt 0.151811882853508 -0.03557467460632324
vt 0.16185057163238525 0.946923017501831
vt 0.14673452079296112 0.9756117463111877
vt 0.08113013207912445 1.2609930038452148
vt 0.151811882853508 -0.03557467460632324
vt 0.14673452079296112 0.9756117463111877
vt 0.151811882853508 -0.03557467460632324
vt 0.08113013207912445 1.2609930038452148
vt 0.07138131558895111 1.2616046667099
vt 0.07138131558895111 1.2616046667099
vt 0.02739769220352173 -0.20629119873046875
vt 0.151811882853508 -0.03557467460632324
vt 0.6430952548980713 0.7054266929626465
vt 0.660270094871521 -0.007512450218200684
vt 0.7684592008590698 -0.19003379344940186
vt 0.7487353086471558 0.9422281980514526
vt 0.6430952548980713 0.7054266929626465
vt 0.7684592008590698 -0.19003379344940186
vt 0.6430952548980713 0.7054266929626465
vt 0.7487353086471558 0.9422281980514526
vt 0.7466064691543579 0.9332464933395386
vt 0.7466064691543579 0.9332464933395386
vt 0.6487952470779419 0.7188240885734558
vt 0.6430952548980713 0.7054266929626465
vt 0.4119046926498413 0.4177777171134949
vt 0.4848977029323578 0.42626917362213135
vt 0.4894934594631195 0.4260857105255127
vt 0.4119046926498413 0.4177777171134949
vt 0.4894934594631195 0.4260857105255127
vt 0.4106663465499878 0.4235842823982239
vt 0.3979284465312958 -0.19816255569458008
vt 0.37600308656692505 -0.46740901470184326
vt 0.9258520007133484 -0.4604085683822632
vt 0.3979284465312958 -0.19816255569458008
vt 0.9258520007133484 -0.4604085683822632
vt 0.7684592008590698 -0.19003379344940186
vt 0.41958341002464294 1.394031047821045
vt 0.9262701869010925 1.1939501762390137
vt 0.9262701869010925 1.1939501762390137
vt 0.41958341002464294 1.394031047821045
vt 0.9262701869010925 1.1939501762390137
vt 0.41958341002464294 1.394031047821045
vt 0.9268540740013123 0.522093653678894
vt 0.9268540740013123 -0.5949876308441162
vt 0.9275988936424255 -0.5956325531005859
vt 0.9268540740013123 0.522093653678894
vt 0.9275988936424255 -0.5956325531005859
vt 0.9275988340377808 0.5214487314224243
vt 0.4227362275123596 0.2481558918952942
vt 0.41836291551589966 0.18521898984909058
vt 0.5382651686668396 0.19707131385803223
vt 0.4227362275123596 0.2481558918952942
vt 0.5382651686668396 0.19707131385803223
vt 0.512181282043457 0.24893903732299805
vt 0.41836291551589966 0.18521898984909058
vt 0.4136204719543457 0.0962267518043518
vt 0.5861032009124756 0.117184579372406
vt 0.41836291551589966 0.18521898984909058
vt 0.5861032009124756 0.117184579372406
vt 0.5382651686668396 0.19707131385803223
vt 0.4136204719543457 0.0962267518043518
vt 0.4060409963130951 -0.02154362201690674
vt 0.660270094871521 -0.007512450218200684
vt 0.4136204719543457 0.0962267518043518
vt 0.660270094871521 -0.007512450218200684
vt 0.5861032009124756 0.117184579372406
vt 0.4060409963130951 -0.02154362201690674
vt 0.3979284465312958 -0.19816255569458008
vt 0.7684592008590698 -0.19003379344940186
vt 0.4060409963130951 -0.02154362201690674
vt 0.7684592008590698 -0.19003379344940186
vt 0.660270094871521 -0.007512450218200684
vt 0.02739769220352173 -0.20629119873046875
vt 0.07138131558895111 1.2616046667099
vt 0.05276878923177719 1.2767829895019531
vt -0.08710336685180664 1.5941119194030762
vt 0.02739769220352173 -0.20629119873046875
vt 0.05276878923177719 1.2767829895019531
vt 0.02739769220352173 -0.20629119873046875
vt -0.08710336685180664 1.5941119194030762
vt -0.17384585738182068 -0.47440946102142334
vt 0.7512798309326172 0.9541612863540649
vt 0.9262701869010925 1.1939501762390137
vt 0.9132899641990662 1.1903302669525146
vt 0.7512798309326172 0.9541612863540649
vt 0.9132899641990662 1.1903302669525146
vt 0.7496570348739624 0.9693433046340942
vt 0.41958341002464294 1.394031047821045
vt -0.08710336685180664 1.5941119194030762
vt -0.06054127216339111 1.5712077617645264
vt 0.41958341002464294 1.394031047821045
vt -0.06054127216339111 1.5712077617645264
vt 0.4263743460178375 1.3807690143585205
vt 0.40862780809402466 0.49965381622314453
vt 0.30128374695777893 0.5094601511955261
vt 0.3102535009384155 0.49757325649261475
vt 0.40862780809402466 0.49965381622314453
vt 0.3102535009384155 0.49757325649261475
vt 0.4100762605667114 0.4943500757217407
vt 0.4848977029323578 0.42626917362213135
vt 0.512181282043457 0.24893903732299805
vt 0.5382651686668396 0.19707131385803223
vt 0.519912838935852 0.48934006690979004
vt 0.4848977029323578 0.42626917362213135
vt 0.5382651686668396 0.19707131385803223
vt 0.4848977029323578 0.42626917362213135
vt 0.519912838935852 0.48934006690979004
vt 0.515971839427948 0.4898475408554077
vt 0.519912838935852 0.48934006690979004
vt 0.5382651686668396 0.19707131385803223
vt 0.5861032009124756 0.117184579372406
vt 0.5650604963302612 0.5587674379348755
vt 0.519912838935852 0.48934006690979004
vt 0.5861032009124756 0.117184579372406
vt 0.519912838935852 0.48934006690979004
vt 0.5650604963302612 0.5587674379348755
vt 0.5640425682067871 0.5641635656356812
vt 0.5640425682067871 0.5641635656356812
vt 0.5215170979499817 0.4880932569503784
vt 0.519912838935852 0.48934006690979004
vt 0.5650604963302612 0.5587674379348755
vt 0.5861032009124756 0.117184579372406
vt 0.660270094871521 -0.007512450218200684
vt 0.6430952548980713 0.7054266929626465
vt 0.5650604963302612 0.5587674379348755
vt 0.660270094871521 -0.007512450218200684
vt 0.5650604963302612 0.5587674379348755
vt 0.6430952548980713 0.7054266929626465
vt 0.6433387994766235 0.7058844566345215
vt 0.6433387994766235 0.7058844566345215
vt 0.5699915885925293 0.5653524398803711
vt 0.5650604963302612 0.5587674379348755
vt 0.17387652397155762 0.9300865530967712
vt 0.22491979598999023 0.7237393856048584
vt 0.21400856971740723 0.743603527545929
vt 0.17387652397155762 0.9300865530967712
vt 0.21400856971740723 0.743603527545929
vt 0.18828502297401428 0.9046272039413452
vt 0.7413681745529175 0.94950932264328
vt 0.7411455512046814 0.9443978071212769
vt 0.7414790987968445 0.9466204643249512
vt 0.3332911729812622 0.24737274646759033
vt 0.33891165256500244 0.4092863202095032
vt 0.30128374695777893 0.5094601511955261
vt 0.29440838098526 0.5156893134117126
vt 0.3332911729812622 0.24737274646759033
vt 0.30128374695777893 0.5094601511955261
vt 0.3332911729812622 0.24737274646759033
vt 0.29440838098526 0.5156893134117126
vt 0.2984606623649597 0.17336666584014893
vt 0.2984606623649597 0.17336666584014893
vt 0.29440838098526 0.5156893134117126
vt 0.2857288122177124 0.5354362726211548
vt 0.24554109573364258 0.6867786049842834
vt 0.2984606623649597 0.17336666584014893
vt 0.2857288122177124 0.5354362726211548
vt 0.2984606623649597 0.17336666584014893
vt 0.24554109573364258 0.6867786049842834
vt 0.23597323894500732 0.7023589015007019
vt 0.23597323894500732 0.7023589015007019
vt 0.24113771319389343 0.07526892423629761
vt 0.2984606623649597 0.17336666584014893
vt 0.24113771319389343 0.07526892423629761
vt 0.23597323894500732 0.7023589015007019
vt 0.22491979598999023 0.7237393856048584
vt 0.17387652397155762 0.9300865530967712
vt 0.24113771319389343 0.07526892423629761
vt 0.22491979598999023 0.7237393856048584
vt 0.24113771319389343 0.07526892423629761
vt 0.17387652397155762 0.9300865530967712
vt 0.16185057163238525 0.946923017501831
vt 0.16185057163238525 0.946923017501831
vt 0.151811882853508 -0.03557467460632324
vt 0.24113771319389343 0.07526892423629761
vt 0.6430952548980713 0.7054266929626465
vt 0.6487952470779419 0.7188240885734558
vt 0.6405576467514038 0.7164948582649231
vt 0.6430952548980713 0.7054266929626465
vt 0.6405576467514038 0.7164948582649231
vt 0.6405922770500183 0.7142388820648193
vt 0.40862780809402466 0.49965381622314453
vt 0.515971839427948 0.4898475408554077
vt 0.5166683197021484 0.4917701482772827
vt 0.40862780809402466 0.49965381622314453
vt 0.5166683197021484 0.4917701482772827
vt 0.40861454606056213 0.5067570209503174
vt 0.14673452079296112 0.9756117463111877
vt 0.16185057163238525 0.946923017501831
vt 0.17081108689308167 0.9556248188018799
vt 0.14673452079296112 0.9756117463111877
vt 0.17081108689308167 0.9556248188018799
vt 0.16785266995429993 0.9620504379272461
vt 0.7466064691543579 0.9332464933395386
vt 0.7487353086471558 0.9422281980514526
vt 0.7414790987968445 0.9466204643249512
vt 0.7466064691543579 0.9332464933395386
vt 0.7414790987968445 0.9466204643249512
vt 0.7411455512046814 0.9443978071212769
vt 0.40362295508384705 0.5117647647857666
vt 0.2857288122177124 0.5354362726211548
vt 0.2973731458187103 0.5282549858093262
vt 0.40362295508384705 0.5117647647857666
vt 0.2973731458187103 0.5282549858093262
vt 0.4077494144439697 0.5094681978225708
vt 0.519912838935852 0.48934006690979004
vt 0.5215170979499817 0.4880932569503784
vt 0.5181256532669067 0.49068140983581543
vt 0.519912838935852 0.48934006690979004
vt 0.5181256532669067 0.49068140983581543
vt 0.5174283981323242 0.4911530613899231
vt 0.4138683080673218 1.0971198081970215
vt 0.7466064691543579 0.9332464933395386
vt 0.7411455512046814 0.9443978071212769
vt 0.4138683080673218 1.0971198081970215
vt 0.7411455512046814 0.9443978071212769
vt 0.41008812189102173 1.1075115203857422
vt 0.2857288122177124 0.5354362726211548
vt 0.29440838098526 0.5156893134117126
vt 0.29881367087364197 0.5246478319168091
vt 0.2857288122177124 0.5354362726211548
vt 0.29881367087364197 0.5246478319168091
vt 0.2973731458187103 0.5282549858093262
vt 0.5640425682067871 0.5641635656356812
vt 0.5650604963302612 0.5587674379348755
vt 0.564193606376648 0.5667505264282227
vt 0.5640425682067871 0.5641635656356812
vt 0.564193606376648 0.5667505264282227
vt 0.5639911890029907 0.5667954683303833
vt 0.4020242989063263 1.1154720783233643
vt 0.05276878923177719 1.2767829895019531
vt 0.07313597202301025 1.27421236038208
vt 0.4020242989063263 1.1154720783233643
vt 0.07313597202301025 1.27421236038208
vt 0.40725207328796387 1.1118608713150024
vt 0.16185057163238525 0.946923017501831
vt 0.17387652397155762 0.9300865530967712
vt 0.17422734200954437 0.9503085017204285
vt 0.16185057163238525 0.946923017501831
vt 0.17422734200954437 0.9503085017204285
vt 0.17081108689308167 0.9556248188018799
vt 0.7487353086471558 0.9422281980514526
vt 0.7512798309326172 0.9541612863540649
vt 0.7413681745529175 0.94950932264328
vt 0.7487353086471558 0.9422281980514526
vt 0.7413681745529175 0.94950932264328
vt 0.7414790987968445 0.9466204643249512
vt 0.7487353086471558 0.9422281980514526
vt 0.7684592008590698 -0.19003379344940186
vt 0.9258520007133484 -0.4604085683822632
vt 0.9262701869010925 1.1939501762390137
vt 0.7487353086471558 0.9422281980514526
vt 0.9258520007133484 -0.4604085683822632
vt 0.7487353086471558 0.9422281980514526
vt 0.9262701869010925 1.1939501762390137
vt 0.7512798309326172 0.9541612863540649
vt 0.6405576467514038 0.7164948582649231
vt 0.6404891610145569 0.7126716375350952
vt 0.6405922770500183 0.7142388820648193
vt 0.5644205808639526 0.5672004222869873
vt 0.5639911890029907 0.5667954683303833
vt 0.564193606376648 0.5667505264282227
vt 0.5181256532669067 0.49068140983581543
vt 0.5166683197021484 0.4917701482772827
vt 0.5174283981323242 0.4911530613899231
vt 0.07903067767620087 1.270625114440918
vt 0.07313597202301025 1.27421236038208
vt 0.0760713666677475 1.2719242572784424
vt 0.17422734200954437 0.9503085017204285
vt 0.16785266995429993 0.9620504379272461
vt 0.17081108689308167 0.9556248188018799
vt 0.24588018655776978 0.7037627696990967
vt 0.2407776564359665 0.7132298946380615
vt 0.24312493205070496 0.7081218361854553
vt 0.30056077241897583 0.5217439532279968
vt 0.2973731458187103 0.5282549858093262
vt 0.29881367087364197 0.5246478319168091
vt 0.4077494144439697 0.5094681978225708
vt 0.2973731458187103 0.5282549858093262
vt 0.30056077241897583 0.5217439532279968
vt 0.4077494144439697 0.5094681978225708
vt 0.30056077241897583 0.5217439532279968
vt 0.40861454606056213 0.5067570209503174
vt 0.40259912610054016 0.6402151584625244
vt 0.2407776564359665 0.7132298946380615
vt 0.24588018655776978 0.7037627696990967
vt 0.40259912610054016 0.6402151584625244
vt 0.24588018655776978 0.7037627696990967
vt 0.40493568778038025 0.63527911901474
vt 0.4042051434516907 0.8392726182937622
vt 0.16785266995429993 0.9620504379272461
vt 0.17422734200954437 0.9503085017204285
vt 0.4042051434516907 0.8392726182937622
vt 0.17422734200954437 0.9503085017204285
vt 0.4073582589626312 0.8314900398254395
vt 0.40725207328796387 1.1118608713150024
vt 0.07313597202301025 1.27421236038208
vt 0.07903067767620087 1.270625114440918
vt 0.40725207328796387 1.1118608713150024
vt 0.07903067767620087 1.270625114440918
vt 0.41008812189102173 1.1075115203857422
vt 0.23597323894500732 0.7023589015007019
vt 0.24554109573364258 0.6867786049842834
vt 0.24588018655776978 0.7037627696990967
vt 0.23597323894500732 0.7023589015007019
vt 0.24588018655776978 0.7037627696990967
vt 0.24312493205070496 0.7081218361854553
vt 0.515971839427948 0.4898475408554077
vt 0.519912838935852 0.48934006690979004
vt 0.5174283981323242 0.4911530613899231
vt 0.515971839427948 0.4898475408554077
vt 0.5174283981323242 0.4911530613899231
vt 0.5166683197021484 0.4917701482772827
vt 0.39745569229125977 0.6445459127426147
vt 0.22491979598999023 0.7237393856048584
vt 0.2407776564359665 0.7132298946380615
vt 0.39745569229125977 0.6445459127426147
vt 0.2407776564359665 0.7132298946380615
vt 0.40259912610054016 0.6402151584625244
vt 0.07138131558895111 1.2616046667099
vt 0.08113013207912445 1.2609930038452148
vt 0.07903067767620087 1.270625114440918
vt 0.07138131558895111 1.2616046667099
vt 0.07903067767620087 1.270625114440918
vt 0.0760713666677475 1.2719242572784424
vt 0.40479183197021484 0.6254711151123047
vt 0.5640425682067871 0.5641635656356812
vt 0.5639911890029907 0.5667954683303833
vt 0.40479183197021484 0.6254711151123047
vt 0.5639911890029907 0.5667954683303833
vt 0.40493568778038025 0.63527911901474
vt 0.6433387994766235 0.7058844566345215
vt 0.6430952548980713 0.7054266929626465
vt 0.6405922770500183 0.7142388820648193
vt 0.6433387994766235 0.7058844566345215
vt 0.6405922770500183 0.7142388820648193
vt 0.6404891610145569 0.7126716375350952
vt 0.22491979598999023 0.7237393856048584
vt 0.23597323894500732 0.7023589015007019
vt 0.24312493205070496 0.7081218361854553
vt 0.22491979598999023 0.7237393856048584
vt 0.24312493205070496 0.7081218361854553
vt 0.2407776564359665 0.7132298946380615
vt 0.3977648913860321 0.8472179174423218
vt 0.14673452079296112 0.9756117463111877
vt 0.16785266995429993 0.9620504379272461
vt 0.3977648913860321 0.8472179174423218
vt 0.16785266995429993 0.9620504379272461
vt 0.4042051434516907 0.8392726182937622
vt 0.5650604963302612 0.5587674379348755
vt 0.5699915885925293 0.5653524398803711
vt 0.5644205808639526 0.5672004222869873
vt 0.5650604963302612 0.5587674379348755
vt 0.5644205808639526 0.5672004222869873
vt 0.564193606376648 0.5667505264282227
vt 0.29440838098526 0.5156893134117126
vt 0.30128374695777893 0.5094601511955261
vt 0.30056077241897583 0.5217439532279968
vt 0.29440838098526 0.5156893134117126
vt 0.30056077241897583 0.5217439532279968
vt 0.29881367087364197 0.5246478319168091
vt 0.05276878923177719 1.2767829895019531
vt 0.07138131558895111 1.2616046667099
vt 0.0760713666677475 1.2719242572784424
vt 0.05276878923177719 1.2767829895019531
vt 0.0760713666677475 1.2719242572784424
vt 0.07313597202301025 1.27421236038208
vt 0.4086076617240906 0.8179855346679688
vt 0.6433387994766235 0.7058844566345215
vt 0.6404891610145569 0.7126716375350952
vt 0.4086076617240906 0.8179855346679688
vt 0.6404891610145569 0.7126716375350952
vt 0.4073582589626312 0.8314900398254395
vt 0.39195966720581055 0.867809534072876
vt 0.4183382987976074 1.0896905660629272
vt 0.09649096429347992 1.2527828216552734
vt 0.39195966720581055 0.867809534072876
vt 0.09649096429347992 1.2527828216552734
vt 0.13267013430595398 1.0012104511260986
vt 0.4106663465499878 0.4235842823982239
vt 0.4100762605667114 0.4943500757217407
vt 0.3102535009384155 0.49757325649261475
vt 0.4106663465499878 0.4235842823982239
vt 0.3102535009384155 0.49757325649261475
vt 0.33183926343917847 0.42108285427093506
vt 0.3998252749443054 0.5202043056488037
vt 0.4085976481437683 0.6172795295715332
vt 0.25675052404403687 0.6649742126464844
vt 0.3998252749443054 0.5202043056488037
vt 0.25675052404403687 0.6649742126464844
vt 0.2775840759277344 0.5543729662895203
vt 0.3931003510951996 0.65793776512146
vt 0.4129098653793335 0.8047649264335632
vt 0.18828502297401428 0.9046272039413452
vt 0.3931003510951996 0.65793776512146
vt 0.18828502297401428 0.9046272039413452
vt 0.21400856971740723 0.743603527545929
vt 0.39414680004119873 1.1279587745666504
vt 0.4263743460178375 1.3807690143585205
vt -0.06054127216339111 1.5712077617645264
vt 0.39414680004119873 1.1279587745666504
vt -0.06054127216339111 1.5712077617645264
vt 0.038636546581983566 1.2865742444992065
vt 0.39745569229125977 0.6445459127426147
vt 0.5699915885925293 0.5653524398803711
vt 0.5721921324729919 0.5722720623016357
vt 0.39745569229125977 0.6445459127426147
vt 0.5721921324729919 0.5722720623016357
vt 0.3931003510951996 0.65793776512146
vt 0.5215170979499817 0.4880932569503784
vt 0.5640425682067871 0.5641635656356812
vt 0.5604447722434998 0.5695849061012268
vt 0.5215170979499817 0.4880932569503784
vt 0.5604447722434998 0.5695849061012268
vt 0.5220664739608765 0.4860355854034424
vt 0.6487952470779419 0.7188240885734558
vt 0.7466064691543579 0.9332464933395386
vt 0.7401856184005737 0.9265982508659363
vt 0.6487952470779419 0.7188240885734558
vt 0.7401856184005737 0.9265982508659363
vt 0.6512491703033447 0.7344086170196533
vt 0.40479183197021484 0.6254711151123047
vt 0.24554109573364258 0.6867786049842834
vt 0.25675052404403687 0.6649742126464844
vt 0.40479183197021484 0.6254711151123047
vt 0.25675052404403687 0.6649742126464844
vt 0.4085976481437683 0.6172795295715332
vt 0.24554109573364258 0.6867786049842834
vt 0.2857288122177124 0.5354362726211548
vt 0.2775840759277344 0.5543729662895203
vt 0.24554109573364258 0.6867786049842834
vt 0.2775840759277344 0.5543729662895203
vt 0.25675052404403687 0.6649742126464844
vt 0.08113013207912445 1.2609930038452148
vt 0.14673452079296112 0.9756117463111877
vt 0.13267013430595398 1.0012104511260986
vt 0.08113013207912445 1.2609930038452148
vt 0.13267013430595398 1.0012104511260986
vt 0.09649096429347992 1.2527828216552734
vt 0.3977648913860321 0.8472179174423218
vt 0.6487952470779419 0.7188240885734558
vt 0.6512491703033447 0.7344086170196533
vt 0.3977648913860321 0.8472179174423218
vt 0.6512491703033447 0.7344086170196533
vt 0.39195966720581055 0.867809534072876
vt -0.08710336685180664 1.5941119194030762
vt 0.05276878923177719 1.2767829895019531
vt 0.038636546581983566 1.2865742444992065
vt -0.08710336685180664 1.5941119194030762
vt 0.038636546581983566 1.2865742444992065
vt -0.06054127216339111 1.5712077617645264
vt 0.4086076617240906 0.8179855346679688
vt 0.17387652397155762 0.9300865530967712
vt 0.18828502297401428 0.9046272039413452
vt 0.4086076617240906 0.8179855346679688
vt 0.18828502297401428 0.9046272039413452
vt 0.4129098653793335 0.8047649264335632
vt 0.4848977029323578 0.42626917362213135
vt 0.515971839427948 0.4898475408554077
vt 0.5098990201950073 0.4911268949508667
vt 0.4848977029323578 0.42626917362213135
vt 0.5098990201950073 0.4911268949508667
vt 0.4894934594631195 0.4260857105255127
vt 0.4020242989063263 1.1154720783233643
vt 0.7512798309326172 0.9541612863540649
vt 0.7496570348739624 0.9693433046340942
vt 0.4020242989063263 1.1154720783233643
vt 0.7496570348739624 0.9693433046340942
vt 0.39414680004119873 1.1279587745666504
vt 0.30128374695777893 0.5094601511955261
vt 0.33891165256500244 0.4092863202095032
vt 0.33183926343917847 0.42108285427093506
vt 0.30128374695777893 0.5094601511955261
vt 0.33183926343917847 0.42108285427093506
vt 0.3102535009384155 0.49757325649261475
vt 0.5699915885925293 0.5653524398803711
vt 0.6433387994766235 0.7058844566345215
vt 0.6375347375869751 0.7049026489257812
vt 0.5699915885925293 0.5653524398803711
vt 0.6375347375869751 0.7049026489257812
vt 0.5721921324729919 0.5722720623016357
vt 0.4138683080673218 1.0971198081970215
vt 0.08113013207912445 1.2609930038452148
vt 0.09649096429347992 1.2527828216552734
vt 0.4138683080673218 1.0971198081970215
vt 0.09649096429347992 1.2527828216552734
vt 0.4183382987976074 1.0896905660629272
vt 0.40362295508384705 0.5117647647857666
vt 0.5215170979499817 0.4880932569503784
vt 0.5220664739608765 0.4860355854034424
vt 0.40362295508384705 0.5117647647857666
vt 0.5220664739608765 0.4860355854034424
vt 0.3998252749443054 0.5202043056488037
vt 0.2857288122177124 0.5354362726211548
vt 0.40362295508384705 0.5117647647857666
vt 0.3998252749443054 0.5202043056488037
vt 0.2857288122177124 0.5354362726211548
vt 0.3998252749443054 0.5202043056488037
vt 0.2775840759277344 0.5543729662895203
vt 0.7466064691543579 0.9332464933395386
vt 0.4138683080673218 1.0971198081970215
vt 0.4183382987976074 1.0896905660629272
vt 0.7466064691543579 0.9332464933395386
vt 0.4183382987976074 1.0896905660629272
vt 0.7401856184005737 0.9265982508659363
vt 0.05276878923177719 1.2767829895019531
vt 0.4020242989063263 1.1154720783233643
vt 0.39414680004119873 1.1279587745666504
vt 0.05276878923177719 1.2767829895019531
vt 0.39414680004119873 1.1279587745666504
vt 0.038636546581983566 1.2865742444992065
vt 0.6433387994766235 0.7058844566345215
vt 0.4086076617240906 0.8179855346679688
vt 0.4129098653793335 0.8047649264335632
vt 0.6433387994766235 0.7058844566345215
vt 0.4129098653793335 0.8047649264335632
vt 0.6375347375869751 0.7049026489257812
vt 0.14673452079296112 0.9756117463111877
vt 0.3977648913860321 0.8472179174423218
vt 0.39195966720581055 0.867809534072876
vt 0.14673452079296112 0.9756117463111877
vt 0.39195966720581055 0.867809534072876
vt 0.13267013430595398 1.0012104511260986
vt 0.5640425682067871 0.5641635656356812
vt 0.40479183197021484 0.6254711151123047
vt 0.4085976481437683 0.6172795295715332
vt 0.5640425682067871 0.5641635656356812
vt 0.4085976481437683 0.6172795295715332
vt 0.5604447722434998 0.5695849061012268
vt 0.22491979598999023 0.7237393856048584
vt 0.39745569229125977 0.6445459127426147
vt 0.3931003510951996 0.65793776512146
vt 0.22491979598999023 0.7237393856048584
vt 0.3931003510951996 0.65793776512146
vt 0.21400856971740723 0.743603527545929
vt 0.7496570348739624 0.9693433046340942
vt 0.9132899641990662 1.1903302669525146
vt 0.4263743460178375 1.3807690143585205
vt 0.7496570348739624 0.9693433046340942
vt 0.4263743460178375 1.3807690143585205
vt 0.39414680004119873 1.1279587745666504
vt 0.5721921324729919 0.5722720623016357
vt 0.6375347375869751 0.7049026489257812
vt 0.4129098653793335 0.8047649264335632
vt 0.5721921324729919 0.5722720623016357
vt 0.4129098653793335 0.8047649264335632
vt 0.3931003510951996 0.65793776512146
vt 0.5220664739608765 0.4860355854034424
vt 0.5604447722434998 0.5695849061012268
vt 0.4085976481437683 0.6172795295715332
vt 0.5220664739608765 0.4860355854034424
vt 0.4085976481437683 0.6172795295715332
vt 0.3998252749443054 0.5202043056488037
vt 0.4894934594631195 0.4260857105255127
vt 0.5098990201950073 0.4911268949508667
vt 0.4100762605667114 0.4943500757217407
vt 0.4894934594631195 0.4260857105255127
vt 0.4100762605667114 0.4943500757217407
vt 0.4106663465499878 0.4235842823982239
vt 0.6512491703033447 0.7344086170196533
vt 0.7401856184005737 0.9265982508659363
vt 0.4183382987976074 1.0896905660629272
vt 0.6512491703033447 0.7344086170196533
vt 0.4183382987976074 1.0896905660629272
vt 0.39195966720581055 0.867809534072876
vt 0.17387652397155762 0.9300865530967712
vt 0.4086076617240906 0.8179855346679688
vt 0.4073582589626312 0.8314900398254395
vt 0.17387652397155762 0.9300865530967712
vt 0.4073582589626312 0.8314900398254395
vt 0.17422734200954437 0.9503085017204285
vt 0.6487952470779419 0.7188240885734558
vt 0.3977648913860321 0.8472179174423218
vt 0.4042051434516907 0.8392726182937622
vt 0.6487952470779419 0.7188240885734558
vt 0.4042051434516907 0.8392726182937622
vt 0.6405576467514038 0.7164948582649231
vt 0.24554109573364258 0.6867786049842834
vt 0.40479183197021484 0.6254711151123047
vt 0.40493568778038025 0.63527911901474
vt 0.24554109573364258 0.6867786049842834
vt 0.40493568778038025 0.63527911901474
vt 0.24588018655776978 0.7037627696990967
vt 0.5699915885925293 0.5653524398803711
vt 0.39745569229125977 0.6445459127426147
vt 0.40259912610054016 0.6402151584625244
vt 0.5699915885925293 0.5653524398803711
vt 0.40259912610054016 0.6402151584625244
vt 0.5644205808639526 0.5672004222869873
vt 0.7413681745529175 0.94950932264328
vt 0.40725207328796387 1.1118608713150024
vt 0.41008812189102173 1.1075115203857422
vt 0.7413681745529175 0.94950932264328
vt 0.41008812189102173 1.1075115203857422
vt 0.7411455512046814 0.9443978071212769
vt 0.6405576467514038 0.7164948582649231
vt 0.4042051434516907 0.8392726182937622
vt 0.4073582589626312 0.8314900398254395
vt 0.6405576467514038 0.7164948582649231
vt 0.4073582589626312 0.8314900398254395
vt 0.6404891610145569 0.7126716375350952
vt 0.5644205808639526 0.5672004222869873
vt 0.40259912610054016 0.6402151584625244
vt 0.40493568778038025 0.63527911901474
vt 0.5644205808639526 0.5672004222869873
vt 0.40493568778038025 0.63527911901474
vt 0.5639911890029907 0.5667954683303833
vt 0.5181256532669067 0.49068140983581543
vt 0.4077494144439697 0.5094681978225708
vt 0.40861454606056213 0.5067570209503174
vt 0.5181256532669067 0.49068140983581543
vt 0.40861454606056213 0.5067570209503174
vt 0.5166683197021484 0.4917701482772827
vt 0.7512798309326172 0.9541612863540649
vt 0.4020242989063263 1.1154720783233643
vt 0.40725207328796387 1.1118608713150024
vt 0.7512798309326172 0.9541612863540649
vt 0.40725207328796387 1.1118608713150024
vt 0.7413681745529175 0.94950932264328
vt 0.08113013207912445 1.2609930038452148
vt 0.4138683080673218 1.0971198081970215
vt 0.41008812189102173 1.1075115203857422
vt 0.08113013207912445 1.2609930038452148
vt 0.41008812189102173 1.1075115203857422
vt 0.07903067767620087 1.270625114440918
vt 0.5215170979499817 0.4880932569503784
vt 0.40362295508384705 0.5117647647857666
vt 0.4077494144439697 0.5094681978225708
vt 0.5215170979499817 0.4880932569503784
vt 0.4077494144439697 0.5094681978225708
vt 0.5181256532669067 0.49068140983581543
vt 0.30128374695777893 0.5094601511955261
vt 0.40862780809402466 0.49965381622314453
vt 0.40861454606056213 0.5067570209503174
vt 0.30128374695777893 0.5094601511955261
vt 0.40861454606056213 0.5067570209503174
vt 0.30056077241897583 0.5217439532279968
vt 0.515971839427948 0.4898475408554077
vt 0.40862780809402466 0.49965381622314453
vt 0.4100762605667114 0.4943500757217407
vt 0.515971839427948 0.4898475408554077
vt 0.4100762605667114 0.4943500757217407
vt 0.5098990201950073 0.4911268949508667
vt 0.9262701869010925 1.1939501762390137
vt 0.41958341002464294 1.394031047821045
vt 0.4263743460178375 1.3807690143585205
vt 0.9262701869010925 1.1939501762390137
vt 0.4263743460178375 1.3807690143585205
vt 0.9132899641990662 1.1903302669525146
vt 0.151811882853508 -0.03557467460632324
vt 0.02739769220352173 -0.20629119873046875
vt 0.3979284465312958 -0.19816255569458008
vt 0.151811882853508 -0.03557467460632324
vt 0.3979284465312958 -0.19816255569458008
vt 0.4060409963130951 -0.02154362201690674
vt 0.24113771319389343 0.07526892423629761
vt 0.151811882853508 -0.03557467460632324
vt 0.4060409963130951 -0.02154362201690674
vt 0.24113771319389343 0.07526892423629761
vt 0.4060409963130951 -0.02154362201690674
vt 0.4136204719543457 0.0962267518043518
vt 0.2984606623649597 0.17336666584014893
vt 0.24113771319389343 0.07526892423629761
vt 0.4136204719543457 0.0962267518043518
vt 0.2984606623649597 0.17336666584014893
vt 0.4136204719543457 0.0962267518043518
vt 0.41836291551589966 0.18521898984909058
vt 0.3332911729812622 0.24737274646759033
vt 0.2984606623649597 0.17336666584014893
vt 0.41836291551589966 0.18521898984909058
vt 0.3332911729812622 0.24737274646759033
vt 0.41836291551589966 0.18521898984909058
vt 0.4227362275123596 0.2481558918952942
vt -0.08710336685180664 1.5941119194030762
vt 0.41958341002464294 1.394031047821045
vt 0.41958341002464294 1.394031047821045
vt -0.08710336685180664 1.5941119194030762
vt 0.41958341002464294 1.394031047821045
vt -0.08710336685180664 1.5941119194030762
vt 0.02739769220352173 -0.20629119873046875
vt -0.17384585738182068 -0.47440946102142334
vt 0.37600308656692505 -0.46740901470184326
vt 0.02739769220352173 -0.20629119873046875
vt 0.37600308656692505 -0.46740901470184326
vt 0.3979284465312958 -0.19816255569458008
vt 0.33891165256500244 0.4092863202095032
vt 0.4119046926498413 0.4177777171134949
vt 0.4106663465499878 0.4235842823982239
vt 0.33891165256500244 0.4092863202095032
vt 0.4106663465499878 0.4235842823982239
vt 0.33183926343917847 0.42108285427093506
vt 0.512181282043457 0.24893903732299805
vt 0.4848977029323578 0.42626917362213135
vt 0.4119046926498413 0.4177777171134949
vt 0.512181282043457 0.24893903732299805
vt 0.4119046926498413 0.4177777171134949
vt 0.4227362275123596 0.2481558918952942
vt -0.17384585738182068 -0.47440946102142334
vt -0.17315992712974548 -0.5956325531005859
vt 0.3766888976097107 -0.5886321067810059
vt -0.17384585738182068 -0.47440946102142334
vt 0.3766888976097107 -0.5886321067810059
vt 0.37600308656692505 -0.46740901470184326
vn -1 0 0
vn -1 0 0
vn -1 0 0
vn -1 0 0
vn -1 0 0
vn -1 0 0
vn 0 -0.9999999999999868 1.629206864972588e-7
vn 0 -0.9999999999999868 1.629206864972588e-7
vn 0 -0.9999999999999868 1.629206864972588e-7
vn 0 -0.9999999999999868 1.629206864972588e-7
vn 0 -0.9999999999999868 1.629206864972588e-7
vn 0 -0.9999999999999868 1.629206864972588e-7
vn 0 1.6292068649725877e-7 0.9999999999999866
vn 0 1.6292068649725877e-7 0.9999999999999866
vn 0 1.6292068649725877e-7 0.9999999999999866
vn 0 1.6292068649725877e-7 0.9999999999999866
vn 0 1.6292068649725877e-7 0.9999999999999866
vn 0 1.6292068649725877e-7 0.9999999999999866
vn 0 1.6292068649725877e-7 0.9999999999999866
vn 0 1.6292068649725877e-7 0.9999999999999866
vn 0 1.6292068649725877e-7 0.9999999999999866
vn 0 1.6292068649725877e-7 0.9999999999999866
vn 0 1.6292068649725877e-7 0.9999999999999866
vn 0 1.6292068649725877e-7 0.9999999999999866
vn 0 -1.6292068649725877e-7 -0.9999999999999866
vn 0 -1.6292068649725877e-7 -0.9999999999999866
vn 0 -1.6292068649725877e-7 -0.9999999999999866
vn 0 -1.6292068649725877e-7 -0.9999999999999866
vn 0 -1.6292068649725877e-7 -0.9999999999999866
vn 0 -1.6292068649725877e-7 -0.9999999999999866
vn 0 -1.6292068649725877e-7 -0.9999999999999866
vn 0 -1.6292068649725877e-7 -0.9999999999999866
vn 0 -1.6292068649725877e-7 -0.9999999999999866
vn 0 -1.6292068649725877e-7 -0.9999999999999866
vn 0 -1.6292068649725877e-7 -0.9999999999999866
vn 0 -1.6292068649725877e-7 -0.9999999999999866
vn 0 -0.9999999999999868 1.629206864972588e-7
vn 0 -0.9999999999999868 1.629206864972588e-7
vn 0 -0.9999999999999868 1.629206864972588e-7
vn 0 -0.9999999999999868 1.629206864972588e-7
vn 0 -0.9999999999999868 1.629206864972588e-7
vn 0 -0.9999999999999868 1.629206864972588e-7
vn -1 0 0
vn -1 0 0
vn -1 0 0
vn -1 0 0
vn -1 0 0
vn -1 0 0
vn 0 0.9999999999999868 -1.629206864972588e-7
vn 0 0.9999999999999868 -1.629206864972588e-7
vn 0 0.9999999999999868 -1.629206864972588e-7
vn 0 0.9999999999999868 -1.629206864972588e-7
vn 0 0.9999999999999868 -1.629206864972588e-7
vn 0 0.9999999999999868 -1.629206864972588e-7
vn 0 0.9999999999999868 -1.629206864972588e-7
vn 0 0.9999999999999868 -1.629206864972588e-7
vn 0 0.9999999999999868 -1.629206864972588e-7
vn 0 0.9999999999999868 -1.629206864972588e-7
vn 0 0.9999999999999868 -1.629206864972588e-7
vn 0 0.9999999999999868 -1.629206864972588e-7
vn -1 0 0
vn -1 0 0
vn -1 0 0
vn -1 0 0
vn -1 0 0
vn -1 0 0
vn -1 0 0
vn -1 0 0
vn -1 0 0
vn -1 0 0
vn -1 0 0
vn -1 0 0
vn -1 0 0
vn -1 0 0
vn -1 0 0
vn -1 0 0
vn -1 0 0
vn -1 0 0
vn -1 0 0
vn -1 0 0
vn -1 0 0
vn -1 0 0
vn -1 0 0
vn -1 0 0
vn 0 1.6292068649725877e-7 0.9999999999999866
vn 0 1.6292068649725877e-7 0.9999999999999866
vn 0 1.6292068649725877e-7 0.9999999999999866
vn 0 1.6292068649725877e-7 0.9999999999999866
vn 0 1.6292068649725877e-7 0.9999999999999866
vn 0 1.6292068649725877e-7 0.9999999999999866
vn 0 1.6292068649725877e-7 0.9999999999999866
vn 0 1.6292068649725877e-7 0.9999999999999866
vn 0 1.6292068649725877e-7 0.9999999999999866
vn 0 -1.6292068649725877e-7 -0.9999999999999866
vn 0 -1.6292068649725877e-7 -0.9999999999999866
vn 0 -1.6292068649725877e-7 -0.9999999999999866
vn 0 -1.6292068649725877e-7 -0.9999999999999866
vn 0 -1.6292068649725877e-7 -0.9999999999999866
vn 0 -1.6292068649725877e-7 -0.9999999999999866
vn 0 0.9999999999999868 -1.629206864972588e-7
vn 0 0.9999999999999868 -1.629206864972588e-7
vn 0 0.9999999999999868 -1.629206864972588e-7
vn 0 0.9999999999999868 -1.629206864972588e-7
vn 0 0.9999999999999868 -1.629206864972588e-7
vn 0 0.9999999999999868 -1.629206864972588e-7
vn 0 0.9999999999999868 -1.629206864972588e-7
vn 0 0.9999999999999868 -1.629206864972588e-7
vn 0 0.9999999999999868 -1.629206864972588e-7
vn 0 0.9999999999999868 -1.629206864972588e-7
vn 0 0.9999999999999868 -1.629206864972588e-7
vn 0 0.9999999999999868 -1.629206864972588e-7
vn 0 -1.6292068649725877e-7 -0.9999999999999866
vn 0 -1.6292068649725877e-7 -0.9999999999999866
vn 0 -1.6292068649725877e-7 -0.9999999999999866
vn 0 -1.6292068649725877e-7 -0.9999999999999866
vn 0 -1.6292068649725877e-7 -0.9999999999999866
vn 0 -1.6292068649725877e-7 -0.9999999999999866
vn 0 -1.6292068649725877e-7 -0.9999999999999866
vn 0 -1.6292068649725877e-7 -0.9999999999999866
vn 0 -1.6292068649725877e-7 -0.9999999999999866
vn 0 -1.6292068649725877e-7 -0.9999999999999866
vn 0 -1.6292068649725877e-7 -0.9999999999999866
vn 0 -1.6292068649725877e-7 -0.9999999999999866
vn 0 -1.6292068649725877e-7 -0.9999999999999866
vn 0 -1.6292068649725877e-7 -0.9999999999999866
vn 0 -1.6292068649725877e-7 -0.9999999999999866
vn 0 -1.6292068649725877e-7 -0.9999999999999866
vn 0 -1.6292068649725877e-7 -0.9999999999999866
vn 0 -1.6292068649725877e-7 -0.9999999999999866
vn 0 -1.6292068649725877e-7 -0.9999999999999866
vn 0 -1.6292068649725877e-7 -0.9999999999999866
vn 0 -1.6292068649725877e-7 -0.9999999999999866
vn 0 -1.6292068649725877e-7 -0.9999999999999866
vn 0 -1.6292068649725877e-7 -0.9999999999999866
vn 0 -1.6292068649725877e-7 -0.9999999999999866
vn 0 -1.6292068649725877e-7 -0.9999999999999866
vn 0 -1.6292068649725877e-7 -0.9999999999999866
vn 0 -1.6292068649725877e-7 -0.9999999999999866
vn 0 -1.6292068649725877e-7 -0.9999999999999866
vn 0 -1.6292068649725877e-7 -0.9999999999999866
vn 0 -1.6292068649725877e-7 -0.9999999999999866
vn 0 -1.6292068649725877e-7 -0.9999999999999866
vn 0 -1.6292068649725877e-7 -0.9999999999999866
vn 0 -1.6292068649725877e-7 -0.9999999999999866
vn 0 1.6292068649725877e-7 0.9999999999999866
vn 0 1.6292068649725877e-7 0.9999999999999866
vn 0 1.6292068649725877e-7 0.9999999999999866
vn 0 1.6292068649725877e-7 0.9999999999999866
vn 0 1.6292068649725877e-7 0.9999999999999866
vn 0 1.6292068649725877e-7 0.9999999999999866
vn 0 -1.6292068649725877e-7 -0.9999999999999866
vn 0 -1.6292068649725877e-7 -0.9999999999999866
vn 0 -1.6292068649725877e-7 -0.9999999999999866
vn 0 1.6292068649725877e-7 0.9999999999999866
vn 0 1.6292068649725877e-7 0.9999999999999866
vn 0 1.6292068649725877e-7 0.9999999999999866
vn 0 1.6292068649725877e-7 0.9999999999999866
vn 0 1.6292068649725877e-7 0.9999999999999866
vn 0 1.6292068649725877e-7 0.9999999999999866
vn 0 1.6292068649725877e-7 0.9999999999999866
vn 0 1.6292068649725877e-7 0.9999999999999866
vn 0 1.6292068649725877e-7 0.9999999999999866
vn 0 1.6292068649725877e-7 0.9999999999999866
vn 0 1.6292068649725877e-7 0.9999999999999866
vn 0 1.6292068649725877e-7 0.9999999999999866
vn 0 1.6292068649725877e-7 0.9999999999999866
vn 0 1.6292068649725877e-7 0.9999999999999866
vn 0 1.6292068649725877e-7 0.9999999999999866
vn 0 1.6292068649725877e-7 0.9999999999999866
vn 0 1.6292068649725877e-7 0.9999999999999866
vn 0 1.6292068649725877e-7 0.9999999999999866
vn 0 1.6292068649725877e-7 0.9999999999999866
vn 0 1.6292068649725877e-7 0.9999999999999866
vn 0 1.6292068649725877e-7 0.9999999999999866
vn 0 1.6292068649725877e-7 0.9999999999999866
vn 0 1.6292068649725877e-7 0.9999999999999866
vn 0 1.6292068649725877e-7 0.9999999999999866
vn 0 1.6292068649725877e-7 0.9999999999999866
vn 0 1.6292068649725877e-7 0.9999999999999866
vn 0 1.6292068649725877e-7 0.9999999999999866
vn 0 1.6292068649725877e-7 0.9999999999999866
vn 0 1.6292068649725877e-7 0.9999999999999866
vn 0 1.6292068649725877e-7 0.9999999999999866
vn 0 1.6292068649725877e-7 0.9999999999999866
vn 0 1.6292068649725877e-7 0.9999999999999866
vn 0 1.6292068649725877e-7 0.9999999999999866
vn 0 1.6292068649725877e-7 0.9999999999999866
vn 0 1.6292068649725877e-7 0.9999999999999866
vn 0 1.6292068649725877e-7 0.9999999999999866
vn 0 1.6292068649725877e-7 0.9999999999999866
vn 0 1.6292068649725877e-7 0.9999999999999866
vn 0 1.6292068649725877e-7 0.9999999999999866
vn 0 0.9999999999999868 -1.629206864972588e-7
vn 0 0.9999999999999868 -1.629206864972588e-7
vn 0 0.9999999999999868 -1.629206864972588e-7
vn 0 0.9999999999999868 -1.629206864972588e-7
vn 0 0.9999999999999868 -1.629206864972588e-7
vn 0 0.9999999999999868 -1.629206864972588e-7
vn 0 -1.6292068649725877e-7 -0.9999999999999866
vn 0 -1.6292068649725877e-7 -0.9999999999999866
vn 0 -1.6292068649725877e-7 -0.9999999999999866
vn 0 -1.6292068649725877e-7 -0.9999999999999866
vn 0 -1.6292068649725877e-7 -0.9999999999999866
vn 0 -1.6292068649725877e-7 -0.9999999999999866
vn 0 1.6292068649725877e-7 0.9999999999999866
vn 0 1.6292068649725877e-7 0.9999999999999866
vn 0 1.6292068649725877e-7 0.9999999999999866
vn 0 1.6292068649725877e-7 0.9999999999999866
vn 0 1.6292068649725877e-7 0.9999999999999866
vn 0 1.6292068649725877e-7 0.9999999999999866
vn 0 -0.9999999999999868 1.629206864972588e-7
vn 0 -0.9999999999999868 1.629206864972588e-7
vn 0 -0.9999999999999868 1.629206864972588e-7
vn 0 -0.9999999999999868 1.629206864972588e-7
vn 0 -0.9999999999999868 1.629206864972588e-7
vn 0 -0.9999999999999868 1.629206864972588e-7
vn 0 1.6292068649725877e-7 0.9999999999999866
vn 0 1.6292068649725877e-7 0.9999999999999866
vn 0 1.6292068649725877e-7 0.9999999999999866
vn 0 1.6292068649725877e-7 0.9999999999999866
vn 0 1.6292068649725877e-7 0.9999999999999866
vn 0 1.6292068649725877e-7 0.9999999999999866
vn 0 0.9999999999999868 -1.629206864972588e-7
vn 0 0.9999999999999868 -1.629206864972588e-7
vn 0 0.9999999999999868 -1.629206864972588e-7
vn 0 0.9999999999999868 -1.629206864972588e-7
vn 0 0.9999999999999868 -1.629206864972588e-7
vn 0 0.9999999999999868 -1.629206864972588e-7
vn 0 -1.6292068649725877e-7 -0.9999999999999866
vn 0 -1.6292068649725877e-7 -0.9999999999999866
vn 0 -1.6292068649725877e-7 -0.9999999999999866
vn 0 -1.6292068649725877e-7 -0.9999999999999866
vn 0 -1.6292068649725877e-7 -0.9999999999999866
vn 0 -1.6292068649725877e-7 -0.9999999999999866
vn 0 1.6292068649725877e-7 0.9999999999999866
vn 0 1.6292068649725877e-7 0.9999999999999866
vn 0 1.6292068649725877e-7 0.9999999999999866
vn 0 1.6292068649725877e-7 0.9999999999999866
vn 0 1.6292068649725877e-7 0.9999999999999866
vn 0 1.6292068649725877e-7 0.9999999999999866
vn 0 -0.9999999999999868 1.629206864972588e-7
vn 0 -0.9999999999999868 1.629206864972588e-7
vn 0 -0.9999999999999868 1.629206864972588e-7
vn 0 -0.9999999999999868 1.629206864972588e-7
vn 0 -0.9999999999999868 1.629206864972588e-7
vn 0 -0.9999999999999868 1.629206864972588e-7
vn 0 -1.6292068649725877e-7 -0.9999999999999866
vn 0 -1.6292068649725877e-7 -0.9999999999999866
vn 0 -1.6292068649725877e-7 -0.9999999999999866
vn 0 -1.6292068649725877e-7 -0.9999999999999866
vn 0 -1.6292068649725877e-7 -0.9999999999999866
vn 0 -1.6292068649725877e-7 -0.9999999999999866
vn 0 1.6292068649725877e-7 0.9999999999999866
vn 0 1.6292068649725877e-7 0.9999999999999866
vn 0 1.6292068649725877e-7 0.9999999999999866
vn 0 1.6292068649725877e-7 0.9999999999999866
vn 0 1.6292068649725877e-7 0.9999999999999866
vn 0 1.6292068649725877e-7 0.9999999999999866
vn 0 -1.6292068649725877e-7 -0.9999999999999866
vn 0 -1.6292068649725877e-7 -0.9999999999999866
vn 0 -1.6292068649725877e-7 -0.9999999999999866
vn 0 -1.6292068649725877e-7 -0.9999999999999866
vn 0 -1.6292068649725877e-7 -0.9999999999999866
vn 0 -1.6292068649725877e-7 -0.9999999999999866
vn 0 -1.6292068649725877e-7 -0.9999999999999866
vn 0 -1.6292068649725877e-7 -0.9999999999999866
vn 0 -1.6292068649725877e-7 -0.9999999999999866
vn 0 -1.6292068649725877e-7 -0.9999999999999866
vn 0 -1.6292068649725877e-7 -0.9999999999999866
vn 0 -1.6292068649725877e-7 -0.9999999999999866
vn 0 -1.6292068649725877e-7 -0.9999999999999866
vn 0 -1.6292068649725877e-7 -0.9999999999999866
vn 0 -1.6292068649725877e-7 -0.9999999999999866
vn 0 -1.6292068649725877e-7 -0.9999999999999866
vn 0 -1.6292068649725877e-7 -0.9999999999999866
vn 0 -1.6292068649725877e-7 -0.9999999999999866
vn 0 1.6292068649725877e-7 0.9999999999999866
vn 0 1.6292068649725877e-7 0.9999999999999866
vn 0 1.6292068649725877e-7 0.9999999999999866
vn 0 1.6292068649725877e-7 0.9999999999999866
vn 0 1.6292068649725877e-7 0.9999999999999866
vn 0 1.6292068649725877e-7 0.9999999999999866
vn 0 1.6292068649725877e-7 0.9999999999999866
vn 0 1.6292068649725877e-7 0.9999999999999866
vn 0 1.6292068649725877e-7 0.9999999999999866
vn 0 1.6292068649725877e-7 0.9999999999999866
vn 0 1.6292068649725877e-7 0.9999999999999866
vn 0 1.6292068649725877e-7 0.9999999999999866
vn 1 0 0
vn 1 0 0
vn 1 0 0
vn 1 0 0
vn 1 0 0
vn 1 0 0
vn 1 0 0
vn 1 0 0
vn 1 0 0
vn 1 0 0
vn 1 0 0
vn 1 0 0
vn 1 0 0
vn 1 0 0
vn 1 0 0
vn 1 0 0
vn 1 0 0
vn 1 0 0
vn 1 0 0
vn 1 0 0
vn 1 0 0
vn 1 0 0
vn 1 0 0
vn 1 0 0
vn 0 -1.6292068649725877e-7 -0.9999999999999866
vn 0 -1.6292068649725877e-7 -0.9999999999999866
vn 0 -1.6292068649725877e-7 -0.9999999999999866
vn 0 -1.6292068649725877e-7 -0.9999999999999866
vn 0 -1.6292068649725877e-7 -0.9999999999999866
vn 0 -1.6292068649725877e-7 -0.9999999999999866
vn 0 1.6292068649725877e-7 0.9999999999999866
vn 0 1.6292068649725877e-7 0.9999999999999866
vn 0 1.6292068649725877e-7 0.9999999999999866
vn 0 1.6292068649725877e-7 0.9999999999999866
vn 0 1.6292068649725877e-7 0.9999999999999866
vn 0 1.6292068649725877e-7 0.9999999999999866
vn 0 -0.9999999999999868 1.629206864972588e-7
vn 0 -0.9999999999999868 1.629206864972588e-7
vn 0 -0.9999999999999868 1.629206864972588e-7
vn 0 -0.9999999999999868 1.629206864972588e-7
vn 0 -0.9999999999999868 1.629206864972588e-7
vn 0 -0.9999999999999868 1.629206864972588e-7
vn 0 -1.6292068649725877e-7 -0.9999999999999866
vn 0 -1.6292068649725877e-7 -0.9999999999999866
vn 0 -1.6292068649725877e-7 -0.9999999999999866
vn 0 -1.6292068649725877e-7 -0.9999999999999866
vn 0 -1.6292068649725877e-7 -0.9999999999999866
vn 0 -1.6292068649725877e-7 -0.9999999999999866
vn 0 0.9999999999999868 -1.629206864972588e-7
vn 0 0.9999999999999868 -1.629206864972588e-7
vn 0 0.9999999999999868 -1.629206864972588e-7
vn 0 0.9999999999999868 -1.629206864972588e-7
vn 0 0.9999999999999868 -1.629206864972588e-7
vn 0 0.9999999999999868 -1.629206864972588e-7
vn 0 1.6292068649725877e-7 0.9999999999999866
vn 0 1.6292068649725877e-7 0.9999999999999866
vn 0 1.6292068649725877e-7 0.9999999999999866
vn 0 1.6292068649725877e-7 0.9999999999999866
vn 0 1.6292068649725877e-7 0.9999999999999866
vn 0 1.6292068649725877e-7 0.9999999999999866
vn 0 -1.6292068649725877e-7 -0.9999999999999866
vn 0 -1.6292068649725877e-7 -0.9999999999999866
vn 0 -1.6292068649725877e-7 -0.9999999999999866
vn 0 -1.6292068649725877e-7 -0.9999999999999866
vn 0 -1.6292068649725877e-7 -0.9999999999999866
vn 0 -1.6292068649725877e-7 -0.9999999999999866
vn 0 -0.9999999999999868 1.629206864972588e-7
vn 0 -0.9999999999999868 1.629206864972588e-7
vn 0 -0.9999999999999868 1.629206864972588e-7
vn 0 -0.9999999999999868 1.629206864972588e-7
vn 0 -0.9999999999999868 1.629206864972588e-7
vn 0 -0.9999999999999868 1.629206864972588e-7
vn 0 1.6292068649725877e-7 0.9999999999999866
vn 0 1.6292068649725877e-7 0.9999999999999866
vn 0 1.6292068649725877e-7 0.9999999999999866
vn 0 1.6292068649725877e-7 0.9999999999999866
vn 0 1.6292068649725877e-7 0.9999999999999866
vn 0 1.6292068649725877e-7 0.9999999999999866
vn 0 -1.6292068649725877e-7 -0.9999999999999866
vn 0 -1.6292068649725877e-7 -0.9999999999999866
vn 0 -1.6292068649725877e-7 -0.9999999999999866
vn 0 -1.6292068649725877e-7 -0.9999999999999866
vn 0 -1.6292068649725877e-7 -0.9999999999999866
vn 0 -1.6292068649725877e-7 -0.9999999999999866
vn 0 -1.6292068649725877e-7 -0.9999999999999866
vn 0 -1.6292068649725877e-7 -0.9999999999999866
vn 0 -1.6292068649725877e-7 -0.9999999999999866
vn 0 -1.6292068649725877e-7 -0.9999999999999866
vn 0 -1.6292068649725877e-7 -0.9999999999999866
vn 0 -1.6292068649725877e-7 -0.9999999999999866
vn 0 0.9999999999999868 -1.629206864972588e-7
vn 0 0.9999999999999868 -1.629206864972588e-7
vn 0 0.9999999999999868 -1.629206864972588e-7
vn 0 0.9999999999999868 -1.629206864972588e-7
vn 0 0.9999999999999868 -1.629206864972588e-7
vn 0 0.9999999999999868 -1.629206864972588e-7
vn 1 0 0
vn 1 0 0
vn 1 0 0
vn 1 0 0
vn 1 0 0
vn 1 0 0
vn 1 0 0
vn 1 0 0
vn 1 0 0
vn 1 0 0
vn 1 0 0
vn 1 0 0
vn 1 0 0
vn 1 0 0
vn 1 0 0
vn 1 0 0
vn 1 0 0
vn 1 0 0
vn 1 0 0
vn 1 0 0
vn 1 0 0
vn 1 0 0
vn 1 0 0
vn 1 0 0
vn 1 0 0
vn 1 0 0
vn 1 0 0
vn 1 0 0
vn 1 0 0
vn 1 0 0
vn 0 -0.9999999999999868 1.629206864972588e-7
vn 0 -0.9999999999999868 1.629206864972588e-7
vn 0 -0.9999999999999868 1.629206864972588e-7
vn 0 -0.9999999999999868 1.629206864972588e-7
vn 0 -0.9999999999999868 1.629206864972588e-7
vn 0 -0.9999999999999868 1.629206864972588e-7
vn 0 -1.6292068649725877e-7 -0.9999999999999866
vn 0 -1.6292068649725877e-7 -0.9999999999999866
vn 0 -1.6292068649725877e-7 -0.9999999999999866
vn 0 -1.6292068649725877e-7 -0.9999999999999866
vn 0 -1.6292068649725877e-7 -0.9999999999999866
vn 0 -1.6292068649725877e-7 -0.9999999999999866
vn 0 -1.6292068649725877e-7 -0.9999999999999866
vn 0 -1.6292068649725877e-7 -0.9999999999999866
vn 0 -1.6292068649725877e-7 -0.9999999999999866
vn 0 -1.6292068649725877e-7 -0.9999999999999866
vn 0 -1.6292068649725877e-7 -0.9999999999999866
vn 0 -1.6292068649725877e-7 -0.9999999999999866
vn 0 0.9999999999999868 -1.629206864972588e-7
vn 0 0.9999999999999868 -1.629206864972588e-7
vn 0 0.9999999999999868 -1.629206864972588e-7
vn 0 0.9999999999999868 -1.629206864972588e-7
vn 0 0.9999999999999868 -1.629206864972588e-7
vn 0 0.9999999999999868 -1.629206864972588e-7
vn 0 1.6292068649725877e-7 0.9999999999999866
vn 0 1.6292068649725877e-7 0.9999999999999866
vn 0 1.6292068649725877e-7 0.9999999999999866
vn 0 1.6292068649725877e-7 0.9999999999999866
vn 0 1.6292068649725877e-7 0.9999999999999866
vn 0 1.6292068649725877e-7 0.9999999999999866
vn 0 1.6292068649725877e-7 0.9999999999999866
vn 0 1.6292068649725877e-7 0.9999999999999866
vn 0 1.6292068649725877e-7 0.9999999999999866
vn 0 1.6292068649725877e-7 0.9999999999999866
vn 0 1.6292068649725877e-7 0.9999999999999866
vn 0 1.6292068649725877e-7 0.9999999999999866
vn 0 -0.9999999999999868 1.629206864972588e-7
vn 0 -0.9999999999999868 1.629206864972588e-7
vn 0 -0.9999999999999868 1.629206864972588e-7
vn 0 -0.9999999999999868 1.629206864972588e-7
vn 0 -0.9999999999999868 1.629206864972588e-7
vn 0 -0.9999999999999868 1.629206864972588e-7
vn 0 1.6292068649725877e-7 0.9999999999999866
vn 0 1.6292068649725877e-7 0.9999999999999866
vn 0 1.6292068649725877e-7 0.9999999999999866
vn 0 1.6292068649725877e-7 0.9999999999999866
vn 0 1.6292068649725877e-7 0.9999999999999866
vn 0 1.6292068649725877e-7 0.9999999999999866
vn 0 0.9999999999999868 -1.629206864972588e-7
vn 0 0.9999999999999868 -1.629206864972588e-7
vn 0 0.9999999999999868 -1.629206864972588e-7
vn 0 0.9999999999999868 -1.629206864972588e-7
vn 0 0.9999999999999868 -1.629206864972588e-7
vn 0 0.9999999999999868 -1.629206864972588e-7
vn 0 -1.6292068649725877e-7 -0.9999999999999866
vn 0 -1.6292068649725877e-7 -0.9999999999999866
vn 0 -1.6292068649725877e-7 -0.9999999999999866
vn 0 -1.6292068649725877e-7 -0.9999999999999866
vn 0 -1.6292068649725877e-7 -0.9999999999999866
vn 0 -1.6292068649725877e-7 -0.9999999999999866
vn 0 -0.9999999999999868 1.629206864972588e-7
vn 0 -0.9999999999999868 1.629206864972588e-7
vn 0 -0.9999999999999868 1.629206864972588e-7
vn 0 -0.9999999999999868 1.629206864972588e-7
vn 0 -0.9999999999999868 1.629206864972588e-7
vn 0 -0.9999999999999868 1.629206864972588e-7
vn 0 1.6292068649725877e-7 0.9999999999999866
vn 0 1.6292068649725877e-7 0.9999999999999866
vn 0 1.6292068649725877e-7 0.9999999999999866
vn 0 1.6292068649725877e-7 0.9999999999999866
vn 0 1.6292068649725877e-7 0.9999999999999866
vn 0 1.6292068649725877e-7 0.9999999999999866
vn 0 -1.6292068649725877e-7 -0.9999999999999866
vn 0 -1.6292068649725877e-7 -0.9999999999999866
vn 0 -1.6292068649725877e-7 -0.9999999999999866
vn 0 -1.6292068649725877e-7 -0.9999999999999866
vn 0 -1.6292068649725877e-7 -0.9999999999999866
vn 0 -1.6292068649725877e-7 -0.9999999999999866
vn 0 0.9999999999999868 -1.629206864972588e-7
vn 0 0.9999999999999868 -1.629206864972588e-7
vn 0 0.9999999999999868 -1.629206864972588e-7
vn 0 0.9999999999999868 -1.629206864972588e-7
vn 0 0.9999999999999868 -1.629206864972588e-7
vn 0 0.9999999999999868 -1.629206864972588e-7
vn 0 -0.9999999999999868 1.629206864972588e-7
vn 0 -0.9999999999999868 1.629206864972588e-7
vn 0 -0.9999999999999868 1.629206864972588e-7
vn 0 -0.9999999999999868 1.629206864972588e-7
vn 0 -0.9999999999999868 1.629206864972588e-7
vn 0 -0.9999999999999868 1.629206864972588e-7
vn 0 -0.9999999999999868 1.629206864972588e-7
vn 0 -0.9999999999999868 1.629206864972588e-7
vn 0 -0.9999999999999868 1.629206864972588e-7
vn 0 -0.9999999999999868 1.629206864972588e-7
vn 0 -0.9999999999999868 1.629206864972588e-7
vn 0 -0.9999999999999868 1.629206864972588e-7
vn 0 0.9999999999999868 -1.629206864972588e-7
vn 0 0.9999999999999868 -1.629206864972588e-7
vn 0 0.9999999999999868 -1.629206864972588e-7
vn 0 0.9999999999999868 -1.629206864972588e-7
vn 0 0.9999999999999868 -1.629206864972588e-7
vn 0 0.9999999999999868 -1.629206864972588e-7
vn 0 -0.9999999999999868 1.629206864972588e-7
vn 0 -0.9999999999999868 1.629206864972588e-7
vn 0 -0.9999999999999868 1.629206864972588e-7
vn 0 -0.9999999999999868 1.629206864972588e-7
vn 0 -0.9999999999999868 1.629206864972588e-7
vn 0 -0.9999999999999868 1.629206864972588e-7
vn 0 0.9999999999999868 -1.629206864972588e-7
vn 0 0.9999999999999868 -1.629206864972588e-7
vn 0 0.9999999999999868 -1.629206864972588e-7
vn 0 0.9999999999999868 -1.629206864972588e-7
vn 0 0.9999999999999868 -1.629206864972588e-7
vn 0 0.9999999999999868 -1.629206864972588e-7
vn 0 -0.9999999999999868 1.629206864972588e-7
vn 0 -0.9999999999999868 1.629206864972588e-7
vn 0 -0.9999999999999868 1.629206864972588e-7
vn 0 -0.9999999999999868 1.629206864972588e-7
vn 0 -0.9999999999999868 1.629206864972588e-7
vn 0 -0.9999999999999868 1.629206864972588e-7
vn 0 0.9999999999999868 -1.629206864972588e-7
vn 0 0.9999999999999868 -1.629206864972588e-7
vn 0 0.9999999999999868 -1.629206864972588e-7
vn 0 0.9999999999999868 -1.629206864972588e-7
vn 0 0.9999999999999868 -1.629206864972588e-7
vn 0 0.9999999999999868 -1.629206864972588e-7
vn 0 -0.9999999999999868 1.629206864972588e-7
vn 0 -0.9999999999999868 1.629206864972588e-7
vn 0 -0.9999999999999868 1.629206864972588e-7
vn 0 -0.9999999999999868 1.629206864972588e-7
vn 0 -0.9999999999999868 1.629206864972588e-7
vn 0 -0.9999999999999868 1.629206864972588e-7
vn 1 0 0
vn 1 0 0
vn 1 0 0
vn 1 0 0
vn 1 0 0
vn 1 0 0
vn 1 0 0
vn 1 0 0
vn 1 0 0
vn 1 0 0
vn 1 0 0
vn 1 0 0
vn 1 0 0
vn 1 0 0
vn 1 0 0
vn 1 0 0
vn 1 0 0
vn 1 0 0
vn 1 0 0
vn 1 0 0
vn 1 0 0
vn 1 0 0
vn 1 0 0
vn 1 0 0
vn 1 0 0
vn 1 0 0
vn 1 0 0
vn 1 0 0
vn 1 0 0
vn 1 0 0
vn 0 0.9999999999999868 -1.629206864972588e-7
vn 0 0.9999999999999868 -1.629206864972588e-7
vn 0 0.9999999999999868 -1.629206864972588e-7
vn 0 0.9999999999999868 -1.629206864972588e-7
vn 0 0.9999999999999868 -1.629206864972588e-7
vn 0 0.9999999999999868 -1.629206864972588e-7
vn 0 -0.9999999999999868 1.629206864972588e-7
vn 0 -0.9999999999999868 1.629206864972588e-7
vn 0 -0.9999999999999868 1.629206864972588e-7
vn 0 -0.9999999999999868 1.629206864972588e-7
vn 0 -0.9999999999999868 1.629206864972588e-7
vn 0 -0.9999999999999868 1.629206864972588e-7
vn 0 0.9999999999999868 -1.629206864972588e-7
vn 0 0.9999999999999868 -1.629206864972588e-7
vn 0 0.9999999999999868 -1.629206864972588e-7
vn 0 0.9999999999999868 -1.629206864972588e-7
vn 0 0.9999999999999868 -1.629206864972588e-7
vn 0 0.9999999999999868 -1.629206864972588e-7
vn 0 -0.9999999999999868 1.629206864972588e-7
vn 0 -0.9999999999999868 1.629206864972588e-7
vn 0 -0.9999999999999868 1.629206864972588e-7
vn 0 -0.9999999999999868 1.629206864972588e-7
vn 0 -0.9999999999999868 1.629206864972588e-7
vn 0 -0.9999999999999868 1.629206864972588e-7
vn 1 0 0
vn 1 0 0
vn 1 0 0
vn 1 0 0
vn 1 0 0
vn 1 0 0
vn 1 0 0
vn 1 0 0
vn 1 0 0
vn 1 0 0
vn 1 0 0
vn 1 0 0
vn 1 0 0
vn 1 0 0
vn 1 0 0
vn 1 0 0
vn 1 0 0
vn 1 0 0
vn 1 0 0
vn 1 0 0
vn 1 0 0
vn 1 0 0
vn 1 0 0
vn 1 0 0
vn 0 -0.9999999999999868 1.629206864972588e-7
vn 0 -0.9999999999999868 1.629206864972588e-7
vn 0 -0.9999999999999868 1.629206864972588e-7
vn 0 -0.9999999999999868 1.629206864972588e-7
vn 0 -0.9999999999999868 1.629206864972588e-7
vn 0 -0.9999999999999868 1.629206864972588e-7
vn 0 0.9999999999999868 -1.629206864972588e-7
vn 0 0.9999999999999868 -1.629206864972588e-7
vn 0 0.9999999999999868 -1.629206864972588e-7
vn 0 0.9999999999999868 -1.629206864972588e-7
vn 0 0.9999999999999868 -1.629206864972588e-7
vn 0 0.9999999999999868 -1.629206864972588e-7
vn 0 -0.9999999999999868 1.629206864972588e-7
vn 0 -0.9999999999999868 1.629206864972588e-7
vn 0 -0.9999999999999868 1.629206864972588e-7
vn 0 -0.9999999999999868 1.629206864972588e-7
vn 0 -0.9999999999999868 1.629206864972588e-7
vn 0 -0.9999999999999868 1.629206864972588e-7
vn 0 0.9999999999999868 -1.629206864972588e-7
vn 0 0.9999999999999868 -1.629206864972588e-7
vn 0 0.9999999999999868 -1.629206864972588e-7
vn 0 0.9999999999999868 -1.629206864972588e-7
vn 0 0.9999999999999868 -1.629206864972588e-7
vn 0 0.9999999999999868 -1.629206864972588e-7
vn 0 0.9999999999999868 -1.629206864972588e-7
vn 0 0.9999999999999868 -1.629206864972588e-7
vn 0 0.9999999999999868 -1.629206864972588e-7
vn 0 0.9999999999999868 -1.629206864972588e-7
vn 0 0.9999999999999868 -1.629206864972588e-7
vn 0 0.9999999999999868 -1.629206864972588e-7
vn 0 0.9999999999999868 -1.629206864972588e-7
vn 0 0.9999999999999868 -1.629206864972588e-7
vn 0 0.9999999999999868 -1.629206864972588e-7
vn 0 0.9999999999999868 -1.629206864972588e-7
vn 0 0.9999999999999868 -1.629206864972588e-7
vn 0 0.9999999999999868 -1.629206864972588e-7
vn -1 0 0
vn -1 0 0
vn -1 0 0
vn -1 0 0
vn -1 0 0
vn -1 0 0
vn -1 0 0
vn -1 0 0
vn -1 0 0
vn -1 0 0
vn -1 0 0
vn -1 0 0
vn -1 0 0
vn -1 0 0
vn -1 0 0
vn -1 0 0
vn -1 0 0
vn -1 0 0
vn -1 0 0
vn -1 0 0
vn -1 0 0
vn -1 0 0
vn -1 0 0
vn -1 0 0
vn 0 0.9999999999999868 -1.629206864972588e-7
vn 0 0.9999999999999868 -1.629206864972588e-7
vn 0 0.9999999999999868 -1.629206864972588e-7
vn 0 0.9999999999999868 -1.629206864972588e-7
vn 0 0.9999999999999868 -1.629206864972588e-7
vn 0 0.9999999999999868 -1.629206864972588e-7
vn -1 0 0
vn -1 0 0
vn -1 0 0
vn -1 0 0
vn -1 0 0
vn -1 0 0
vn 0 -0.9999999999999868 1.629206864972588e-7
vn 0 -0.9999999999999868 1.629206864972588e-7
vn 0 -0.9999999999999868 1.629206864972588e-7
vn 0 -0.9999999999999868 1.629206864972588e-7
vn 0 -0.9999999999999868 1.629206864972588e-7
vn 0 -0.9999999999999868 1.629206864972588e-7
vn 0 -0.9999999999999868 1.629206864972588e-7
vn 0 -0.9999999999999868 1.629206864972588e-7
vn 0 -0.9999999999999868 1.629206864972588e-7
vn 0 -0.9999999999999868 1.629206864972588e-7
vn 0 -0.9999999999999868 1.629206864972588e-7
vn 0 -0.9999999999999868 1.629206864972588e-7
vn -1 0 0
vn -1 0 0
vn -1 0 0
vn -1 0 0
vn -1 0 0
vn -1 0 0
f 1/1/1 2/2/2 3/3/3
f 4/4/4 5/5/5 6/6/6
f 7/7/7 8/8/8 9/9/9
f 10/10/10 11/11/11 12/12/12
f 13/13/13 14/14/14 15/15/15
f 16/16/16 17/17/17 18/18/18
f 19/19/19 20/20/20 21/21/21
f 22/22/22 23/23/23 24/24/24
f 25/25/25 26/26/26 27/27/27
f 28/28/28 29/29/29 30/30/30
f 31/31/31 32/32/32 33/33/33
f 34/34/34 35/35/35 36/36/36
f 37/37/37 38/38/38 39/39/39
f 40/40/40 41/41/41 42/42/42
f 43/43/43 44/44/44 45/45/45
f 46/46/46 47/47/47 48/48/48
f 49/49/49 50/50/50 51/51/51
f 52/52/52 53/53/53 54/54/54
f 55/55/55 56/56/56 57/57/57
f 58/58/58 59/59/59 60/60/60
f 61/61/61 62/62/62 63/63/63
f 64/64/64 65/65/65 66/66/66
f 67/67/67 68/68/68 69/69/69
f 70/70/70 71/71/71 72/72/72
f 73/73/73 74/74/74 75/75/75
f 76/76/76 77/77/77 78/78/78
f 79/79/79 80/80/80 81/81/81
f 82/82/82 83/83/83 84/84/84
f 85/85/85 86/86/86 87/87/87
f 88/88/88 89/89/89 90/90/90
f 91/91/91 92/92/92 93/93/93
f 94/94/94 95/95/95 96/96/96
f 97/97/97 98/98/98 99/99/99
f 100/100/100 101/101/101 102/102/102
f 103/103/103 104/104/104 105/105/105
f 106/106/106 107/107/107 108/108/108
f 109/109/109 110/110/110 111/111/111
f 112/112/112 113/113/113 114/114/114
f 115/115/115 116/116/116 117/117/117
f 118/118/118 119/119/119 120/120/120
f 121/121/121 122/122/122 123/123/123
f 124/124/124 125/125/125 126/126/126
f 127/127/127 128/128/128 129/129/129
f 130/130/130 131/131/131 132/132/132
f 133/133/133 134/134/134 135/135/135
f 136/136/136 137/137/137 138/138/138
f 139/139/139 140/140/140 141/141/141
f 142/142/142 143/143/143 144/144/144
f 145/145/145 146/146/146 147/147/147
f 148/148/148 149/149/149 150/150/150
f 151/151/151 152/152/152 153/153/153
f 154/154/154 155/155/155 156/156/156
f 157/157/157 158/158/158 159/159/159
f 160/160/160 161/161/161 162/162/162
f 163/163/163 164/164/164 165/165/165
f 166/166/166 167/167/167 168/168/168
f 169/169/169 170/170/170 171/171/171
f 172/172/172 173/173/173 174/174/174
f 175/175/175 176/176/176 177/177/177
f 178/178/178 179/179/179 180/180/180
f 181/181/181 182/182/182 183/183/183
f 184/184/184 185/185/185 186/186/186
f 187/187/187 188/188/188 189/189/189
f 190/190/190 191/191/191 192/192/192
f 193/193/193 194/194/194 195/195/195
f 196/196/196 197/197/197 198/198/198
f 199/199/199 200/200/200 201/201/201
f 202/202/202 203/203/203 204/204/204
f 205/205/205 206/206/206 207/207/207
f 208/208/208 209/209/209 210/210/210
f 211/211/211 212/212/212 213/213/213
f 214/214/214 215/215/215 216/216/216
f 217/217/217 218/218/218 219/219/219
f 220/220/220 221/221/221 222/222/222
f 223/223/223 224/224/224 225/225/225
f 226/226/226 227/227/227 228/228/228
f 229/229/229 230/230/230 231/231/231
f 232/232/232 233/233/233 234/234/234
f 235/235/235 236/236/236 237/237/237
f 238/238/238 239/239/239 240/240/240
f 241/241/241 242/242/242 243/243/243
f 244/244/244 245/245/245 246/246/246
f 247/247/247 248/248/248 249/249/249
f 250/250/250 251/251/251 252/252/252
f 253/253/253 254/254/254 255/255/255
f 256/256/256 257/257/257 258/258/258
f 259/259/259 260/260/260 261/261/261
f 262/262/262 263/263/263 264/264/264
f 265/265/265 266/266/266 267/267/267
f 268/268/268 269/269/269 270/270/270
f 271/271/271 272/272/272 273/273/273
f 274/274/274 275/275/275 276/276/276
f 277/277/277 278/278/278 279/279/279
f 280/280/280 281/281/281 282/282/282
f 283/283/283 284/284/284 285/285/285
f 286/286/286 287/287/287 288/288/288
f 289/289/289 290/290/290 291/291/291
f 292/292/292 293/293/293 294/294/294
f 295/295/295 296/296/296 297/297/297
f 298/298/298 299/299/299 300/300/300
f 301/301/301 302/302/302 303/303/303
f 304/304/304 305/305/305 306/306/306
f 307/307/307 308/308/308 309/309/309
f 310/310/310 311/311/311 312/312/312
f 313/313/313 314/314/314 315/315/315
f 316/316/316 317/317/317 318/318/318
f 319/319/319 320/320/320 321/321/321
f 322/322/322 323/323/323 324/324/324
f 325/325/325 326/326/326 327/327/327
f 328/328/328 329/329/329 330/330/330
f 331/331/331 332/332/332 333/333/333
f 334/334/334 335/335/335 336/336/336
f 337/337/337 338/338/338 339/339/339
f 340/340/340 341/341/341 342/342/342
f 343/343/343 344/344/344 345/345/345
f 346/346/346 347/347/347 348/348/348
f 349/349/349 350/350/350 351/351/351
f 352/352/352 353/353/353 354/354/354
f 355/355/355 356/356/356 357/357/357
f 358/358/358 359/359/359 360/360/360
f 361/361/361 362/362/362 363/363/363
f 364/364/364 365/365/365 366/366/366
f 367/367/367 368/368/368 369/369/369
f 370/370/370 371/371/371 372/372/372
f 373/373/373 374/374/374 375/375/375
f 376/376/376 377/377/377 378/378/378
f 379/379/379 380/380/380 381/381/381
f 382/382/382 383/383/383 384/384/384
f 385/385/385 386/386/386 387/387/387
f 388/388/388 389/389/389 390/390/390
f 391/391/391 392/392/392 393/393/393
f 394/394/394 395/395/395 396/396/396
f 397/397/397 398/398/398 399/399/399
f 400/400/400 401/401/401 402/402/402
f 403/403/403 404/404/404 405/405/405
f 406/406/406 407/407/407 408/408/408
f 409/409/409 410/410/410 411/411/411
f 412/412/412 413/413/413 414/414/414
f 415/415/415 416/416/416 417/417/417
f 418/418/418 419/419/419 420/420/420
f 421/421/421 422/422/422 423/423/423
f 424/424/424 425/425/425 426/426/426
f 427/427/427 428/428/428 429/429/429
f 430/430/430 431/431/431 432/432/432
f 433/433/433 434/434/434 435/435/435
f 436/436/436 437/437/437 438/438/438
f 439/439/439 440/440/440 441/441/441
f 442/442/442 443/443/443 444/444/444
f 445/445/445 446/446/446 447/447/447
f 448/448/448 449/449/449 450/450/450
f 451/451/451 452/452/452 453/453/453
f 454/454/454 455/455/455 456/456/456
f 457/457/457 458/458/458 459/459/459
f 460/460/460 461/461/461 462/462/462
f 463/463/463 464/464/464 465/465/465
f 466/466/466 467/467/467 468/468/468
f 469/469/469 470/470/470 471/471/471
f 472/472/472 473/473/473 474/474/474
f 475/475/475 476/476/476 477/477/477
f 478/478/478 479/479/479 480/480/480
f 481/481/481 482/482/482 483/483/483
f 484/484/484 485/485/485 486/486/486
f 487/487/487 488/488/488 489/489/489
f 490/490/490 491/491/491 492/492/492
f 493/493/493 494/494/494 495/495/495
f 496/496/496 497/497/497 498/498/498
f 499/499/499 500/500/500 501/501/501
f 502/502/502 503/503/503 504/504/504
f 505/505/505 506/506/506 507/507/507
f 508/508/508 509/509/509 510/510/510
f 511/511/511 512/512/512 513/513/513
f 514/514/514 515/515/515 516/516/516
f 517/517/517 518/518/518 519/519/519
f 520/520/520 521/521/521 522/522/522
f 523/523/523 524/524/524 525/525/525
f 526/526/526 527/527/527 528/528/528
f 529/529/529 530/530/530 531/531/531
f 532/532/532 533/533/533 534/534/534
f 535/535/535 536/536/536 537/537/537
f 538/538/538 539/539/539 540/540/540
f 541/541/541 542/542/542 543/543/543
f 544/544/544 545/545/545 546/546/546
f 547/547/547 548/548/548 549/549/549
f 550/550/550 551/551/551 552/552/552
f 553/553/553 554/554/554 555/555/555
f 556/556/556 557/557/557 558/558/558
f 559/559/559 560/560/560 561/561/561
f 562/562/562 563/563/563 564/564/564
f 565/565/565 566/566/566 567/567/567
f 568/568/568 569/569/569 570/570/570
f 571/571/571 572/572/572 573/573/573
f 574/574/574 575/575/575 576/576/576
f 577/577/577 578/578/578 579/579/579
f 580/580/580 581/581/581 582/582/582
f 583/583/583 584/584/584 585/585/585
f 586/586/586 587/587/587 588/588/588
f 589/589/589 590/590/590 591/591/591
f 592/592/592 593/593/593 594/594/594
f 595/595/595 596/596/596 597/597/597
f 598/598/598 599/599/599 600/600/600
f 601/601/601 602/602/602 603/603/603
f 604/604/604 605/605/605 606/606/606
f 607/607/607 608/608/608 609/609/609
f 610/610/610 611/611/611 612/612/612
f 613/613/613 614/614/614 615/615/615
f 616/616/616 617/617/617 618/618/618
f 619/619/619 620/620/620 621/621/621
f 622/622/622 623/623/623 624/624/624
f 625/625/625 626/626/626 627/627/627
f 628/628/628 629/629/629 630/630/630
f 631/631/631 632/632/632 633/633/633
f 634/634/634 635/635/635 636/636/636
f 637/637/637 638/638/638 639/639/639
f 640/640/640 641/641/641 642/642/642
f 643/643/643 644/644/644 645/645/645
f 646/646/646 647/647/647 648/648/648
f 649/649/649 650/650/650 651/651/651
f 652/652/652 653/653/653 654/654/654
f 655/655/655 656/656/656 657/657/657
f 658/658/658 659/659/659 660/660/660
f 661/661/661 662/662/662 663/663/663
f 664/664/664 665/665/665 666/666/666
f 667/667/667 668/668/668 669/669/669
f 670/670/670 671/671/671 672/672/672
f 673/673/673 674/674/674 675/675/675
f 676/676/676 677/677/677 678/678/678
f 679/679/679 680/680/680 681/681/681
f 682/682/682 683/683/683 684/684/684
f 685/685/685 686/686/686 687/687/687
f 688/688/688 689/689/689 690/690/690
f 691/691/691 692/692/692 693/693/693
f 694/694/694 695/695/695 696/696/696
f 697/697/697 698/698/698 699/699/699
f 700/700/700 701/701/701 702/702/702
f 703/703/703 704/704/704 705/705/705
f 706/706/706 707/707/707 708/708/708
f 709/709/709 710/710/710 711/711/711
f 712/712/712 713/713/713 714/714/714
o Cube001
usemtl Material.001
v -233.8349609375 162.84565705775628 -289.8352621266371
v -233.8349609375 190.90431069000067 -289.83526669797214
v 233.8349609375 190.90431069000067 -289.83526669797214
v -233.8349609375 162.84565705775628 -289.8352621266371
v 233.8349609375 190.90431069000067 -289.83526669797214
v 233.8349609375 162.84565705775628 -289.8352621266371
v 233.8349609375 162.8457514980674 289.8352090647692
v 233.8349609375 190.90440513031177 289.8352044934341
v -233.8349609375 190.90440513031177 289.8352044934341
v 233.8349609375 162.8457514980674 289.8352090647692
v -233.8349609375 190.90440513031177 289.8352044934341
v -233.8349609375 162.8457514980674 289.8352090647692
v 233.8349609375 190.90431069000067 -289.83526669797214
v -233.8349609375 190.90431069000067 -289.83526669797214
v -233.8349609375 190.90440513031177 289.8352044934341
v 233.8349609375 190.90431069000067 -289.83526669797214
v -233.8349609375 190.90440513031177 289.8352044934341
v 233.8349609375 190.90440513031177 289.8352044934341
v 233.8349609375 162.84565705775628 -289.8352621266371
v 233.8349609375 162.84565705775628 -289.8352621266371
v 233.8349609375 190.90431069000067 -289.83526669797214
v 233.8349609375 190.90431069000067 -289.83526669797214
v 233.8349609375 162.84565705775628 -289.8352621266371
v 233.8349609375 190.90431069000067 -289.83526669797214
v 233.8349609375 162.84565705775628 -289.8352621266371
v 233.8349609375 190.90431069000067 -289.83526669797214
v 237.05628630588762 189.79519761818835 -289.8352665172747
v 239.7872015290195 186.63674235108363 -289.835266002697
v 233.8349609375 162.84565705775628 -289.8352621266371
v 237.05628630588762 189.79519761818835 -289.8352665172747
v 233.8349609375 162.84565705775628 -289.8352621266371
v 239.7872015290195 186.63674235108363 -289.835266002697
v 241.61191863857675 181.9097896460388 -289.83526523257865
v 242.25268814968877 176.3339680938351 -289.8352643241619
v 233.8349609375 162.84565705775628 -289.8352621266371
v 241.61191863857675 181.9097896460388 -289.83526523257865
v 233.8349609375 162.84565705775628 -289.8352621266371
v 242.25268814968877 176.3339680938351 -289.8352643241619
v 242.25268814968877 175.0682260266857 -289.8352641179464
v 241.61191863857675 170.39085069415694 -289.83526335590517
v 233.8349609375 162.84565705775628 -289.8352621266371
v 242.25268814968877 175.0682260266857 -289.8352641179464
v 233.8349609375 162.84565705775628 -289.8352621266371
v 241.61191863857675 170.39085069415694 -289.83526335590517
v 239.7872015290195 166.42555981700013 -289.83526270987727
v 239.7872015290195 166.42555981700013 -289.83526270987727
v 237.05628630588762 163.77604353096638 -289.83526227821625
v 233.8349609375 162.84565705775628 -289.8352621266371
v 233.8349609375 190.90440513031177 289.8352044934341
v 233.8349609375 190.90440513031177 289.8352044934341
v 233.8349609375 162.8457514980674 289.8352090647692
v 233.8349609375 162.8457514980674 289.8352090647692
v 233.8349609375 190.90440513031177 289.8352044934341
v 233.8349609375 162.8457514980674 289.8352090647692
v 233.8349609375 190.90440513031177 289.8352044934341
v 233.8349609375 162.8457514980674 289.8352090647692
v 237.05628630588762 163.77613797127748 289.83520891319
v 239.7872015290195 166.42565425731124 289.835208481529
v 233.8349609375 190.90440513031177 289.8352044934341
v 237.05628630588762 163.77613797127748 289.83520891319
v 233.8349609375 190.90440513031177 289.8352044934341
v 239.7872015290195 166.42565425731124 289.835208481529
v 241.61191863857675 170.39094513446804 289.8352078355011
v 242.25268814968877 175.0683204669968 289.83520707345986
v 233.8349609375 190.90440513031177 289.8352044934341
v 241.61191863857675 170.39094513446804 289.8352078355011
v 233.8349609375 190.90440513031177 289.8352044934341
v 242.25268814968877 175.0683204669968 289.83520707345986
v 242.25268814968877 176.3340625341462 289.8352068672443
v 241.61191863857675 181.9098840863499 289.8352059588276
v 233.8349609375 190.90440513031177 289.8352044934341
v 242.25268814968877 176.3340625341462 289.8352068672443
v 233.8349609375 190.90440513031177 289.8352044934341
v 241.61191863857675 181.9098840863499 289.8352059588276
v 239.7872015290195 186.63683679139473 289.83520518870927
v 239.7872015290195 186.63683679139473 289.83520518870927
v 237.05628630588762 189.79529205849946 289.83520467413155
v 233.8349609375 190.90440513031177 289.8352044934341
v 242.25268814968877 175.0682260266857 -289.8352641179464
v 242.25268814968877 175.0683204669968 289.83520707345986
v 241.61191863857675 170.39094513446804 289.8352078355011
v 242.25268814968877 175.0682260266857 -289.8352641179464
v 241.61191863857675 170.39094513446804 289.8352078355011
v 241.61191863857675 170.39085069415694 -289.83526335590517
v 241.61191863857675 170.39085069415694 -289.83526335590517
v 241.61191863857675 170.39094513446804 289.8352078355011
v 239.7872015290195 166.42565425731124 289.835208481529
v 241.61191863857675 170.39085069415694 -289.83526335590517
v 239.7872015290195 166.42565425731124 289.835208481529
v 239.7872015290195 166.42555981700013 -289.83526270987727
v 239.7872015290195 166.42555981700013 -289.83526270987727
v 239.7872015290195 166.42565425731124 289.835208481529
v 237.05628630588762 163.77613797127748 289.83520891319
v 239.7872015290195 166.42555981700013 -289.83526270987727
v 237.05628630588762 163.77613797127748 289.83520891319
v 237.05628630588762 163.77604353096638 -289.83526227821625
v 237.05628630588762 163.77604353096638 -289.83526227821625
v 237.05628630588762 163.77613797127748 289.83520891319
v 233.8349609375 162.8457514980674 289.8352090647692
v 237.05628630588762 163.77604353096638 -289.83526227821625
v 233.8349609375 162.8457514980674 289.8352090647692
v 233.8349609375 162.84565705775628 -289.8352621266371
v 233.8349609375 190.90431069000067 -289.83526669797214
v 233.8349609375 190.90440513031177 289.8352044934341
v 237.05628630588762 189.79529205849946 289.83520467413155
v 233.8349609375 190.90431069000067 -289.83526669797214
v 237.05628630588762 189.79529205849946 289.83520467413155
v 237.05628630588762 189.79519761818835 -289.8352665172747
v 237.05628630588762 189.79519761818835 -289.8352665172747
v 237.05628630588762 189.79529205849946 289.83520467413155
v 239.7872015290195 186.63683679139473 289.83520518870927
v 237.05628630588762 189.79519761818835 -289.8352665172747
v 239.7872015290195 186.63683679139473 289.83520518870927
v 239.7872015290195 186.63674235108363 -289.835266002697
v 239.7872015290195 186.63674235108363 -289.835266002697
v 239.7872015290195 186.63683679139473 289.83520518870927
v 241.61191863857675 181.9098840863499 289.8352059588276
v 239.7872015290195 186.63674235108363 -289.835266002697
v 241.61191863857675 181.9098840863499 289.8352059588276
v 241.61191863857675 181.9097896460388 -289.83526523257865
v 241.61191863857675 181.9097896460388 -289.83526523257865
v 241.61191863857675 181.9098840863499 289.8352059588276
v 242.25268814968877 176.3340625341462 289.8352068672443
v 241.61191863857675 181.9097896460388 -289.83526523257865
v 242.25268814968877 176.3340625341462 289.8352068672443
v 242.25268814968877 176.3339680938351 -289.8352643241619
v 242.25268814968877 175.0682260266857 -289.8352641179464
v 242.25268814968877 176.3339680938351 -289.8352643241619
v 242.25268814968877 176.3340625341462 289.8352068672443
v 242.25268814968877 175.0682260266857 -289.8352641179464
v 242.25268814968877 176.3340625341462 289.8352068672443
v 242.25268814968877 175.0683204669968 289.83520707345986
vt -0.14252489805221558 1.2402055263519287
vt -0.1430038958787918 1.14484441280365
vt 0.718533456325531 1.147104024887085
vt -0.14252489805221558 1.2402055263519287
vt 0.718533456325531 1.147104024887085
vt 0.7258060574531555 1.230466365814209
vt 0.7314507365226746 -0.22258782386779785
vt 0.7223752737045288 -0.13841211795806885
vt -0.14150236546993256 -0.14426279067993164
vt 0.7314507365226746 -0.22258782386779785
vt -0.14150236546993256 -0.14426279067993164
vt -0.1430038958787918 -0.2402055263519287
vt 0.718533456325531 1.147104024887085
vt -0.1430038958787918 1.14484441280365
vt -0.14150236546993256 -0.14426279067993164
vt 0.718533456325531 1.147104024887085
vt -0.14150236546993256 -0.14426279067993164
vt 0.7223752737045288 -0.13841211795806885
vt 0.7331982851028442 1.2191975116729736
vt 0.7258060574531555 1.230466365814209
vt 0.718533456325531 1.147104024887085
vt 0.7172781229019165 1.1488008499145508
vt 0.7331982851028442 1.2191975116729736
vt 0.718533456325531 1.147104024887085
vt 0.7331982851028442 1.2191975116729736
vt 0.7172781229019165 1.1488008499145508
vt 0.7203824520111084 1.1530015468597412
vt 0.7241979241371155 1.159299612045288
vt 0.7331982851028442 1.2191975116729736
vt 0.7203824520111084 1.1530015468597412
vt 0.7331982851028442 1.2191975116729736
vt 0.7241979241371155 1.159299612045288
vt 0.7291936278343201 1.1678563356399536
vt 0.7347228527069092 1.1783382892608643
vt 0.7331982851028442 1.2191975116729736
vt 0.7291936278343201 1.1678563356399536
vt 0.7331982851028442 1.2191975116729736
vt 0.7347228527069092 1.1783382892608643
vt 0.7320846319198608 1.1841676235198975
vt 0.7348030209541321 1.1935985088348389
vt 0.7331982851028442 1.2191975116729736
vt 0.7320846319198608 1.1841676235198975
vt 0.7331982851028442 1.2191975116729736
vt 0.7348030209541321 1.1935985088348389
vt 0.7362037301063538 1.2029039859771729
vt 0.7362037301063538 1.2029039859771729
vt 0.7356610894203186 1.2114924192428589
vt 0.7331982851028442 1.2191975116729736
vt 0.7196226716041565 -0.1432095766067505
vt 0.7223752737045288 -0.13841211795806885
vt 0.7314507365226746 -0.22258782386779785
vt 0.738366961479187 -0.21714377403259277
vt 0.7196226716041565 -0.1432095766067505
vt 0.7314507365226746 -0.22258782386779785
vt 0.7196226716041565 -0.1432095766067505
vt 0.738366961479187 -0.21714377403259277
vt 0.738275945186615 -0.2118213176727295
vt 0.7385357022285461 -0.2031261920928955
vt 0.7196226716041565 -0.1432095766067505
vt 0.738275945186615 -0.2118213176727295
vt 0.7196226716041565 -0.1432095766067505
vt 0.7385357022285461 -0.2031261920928955
vt 0.7372879981994629 -0.19336223602294922
vt 0.7349008321762085 -0.18330812454223633
vt 0.7196226716041565 -0.1432095766067505
vt 0.7372879981994629 -0.19336223602294922
vt 0.7196226716041565 -0.1432095766067505
vt 0.7349008321762085 -0.18330812454223633
vt 0.7376530170440674 -0.17745685577392578
vt 0.7318559288978577 -0.1658153533935547
vt 0.7196226716041565 -0.1432095766067505
vt 0.7376530170440674 -0.17745685577392578
vt 0.7196226716041565 -0.1432095766067505
vt 0.7318559288978577 -0.1658153533935547
vt 0.7265832424163818 -0.15616512298583984
vt 0.7265832424163818 -0.15616512298583984
vt 0.7225217819213867 -0.1488180160522461
vt 0.7196226716041565 -0.1432095766067505
vt 0.7320846319198608 1.1841676235198975
vt 0.7349008321762085 -0.18330812454223633
vt 0.7372879981994629 -0.19336223602294922
vt 0.7320846319198608 1.1841676235198975
vt 0.7372879981994629 -0.19336223602294922
vt 0.7348030209541321 1.1935985088348389
vt 0.7348030209541321 1.1935985088348389
vt 0.7372879981994629 -0.19336223602294922
vt 0.7385357022285461 -0.2031261920928955
vt 0.7348030209541321 1.1935985088348389
vt 0.7385357022285461 -0.2031261920928955
vt 0.7362037301063538 1.2029039859771729
vt 0.7362037301063538 1.2029039859771729
vt 0.7385357022285461 -0.2031261920928955
vt 0.738275945186615 -0.2118213176727295
vt 0.7362037301063538 1.2029039859771729
vt 0.738275945186615 -0.2118213176727295
vt 0.7356610894203186 1.2114924192428589
vt 0.7356610894203186 1.2114924192428589
vt 0.738275945186615 -0.2118213176727295
vt 0.738366961479187 -0.21714377403259277
vt 0.7356610894203186 1.2114924192428589
vt 0.738366961479187 -0.21714377403259277
vt 0.7331982851028442 1.2191975116729736
vt 0.7172781229019165 1.1488008499145508
vt 0.7196226716041565 -0.1432095766067505
vt 0.7225217819213867 -0.1488180160522461
vt 0.7172781229019165 1.1488008499145508
vt 0.7225217819213867 -0.1488180160522461
vt 0.7203824520111084 1.1530015468597412
vt 0.7203824520111084 1.1530015468597412
vt 0.7225217819213867 -0.1488180160522461
vt 0.7265832424163818 -0.15616512298583984
vt 0.7203824520111084 1.1530015468597412
vt 0.7265832424163818 -0.15616512298583984
vt 0.7241979241371155 1.159299612045288
vt 0.7241979241371155 1.159299612045288
vt 0.7265832424163818 -0.15616512298583984
vt 0.7318559288978577 -0.1658153533935547
vt 0.7241979241371155 1.159299612045288
vt 0.7318559288978577 -0.1658153533935547
vt 0.7291936278343201 1.1678563356399536
vt 0.7291936278343201 1.1678563356399536
vt 0.7318559288978577 -0.1658153533935547
vt 0.7376530170440674 -0.17745685577392578
vt 0.7291936278343201 1.1678563356399536
vt 0.7376530170440674 -0.17745685577392578
vt 0.7347228527069092 1.1783382892608643
vt 0.7320846319198608 1.1841676235198975
vt 0.7347228527069092 1.1783382892608643
vt 0.7376530170440674 -0.17745685577392578
vt 0.7320846319198608 1.1841676235198975
vt 0.7376530170440674 -0.17745685577392578
vt 0.7349008321762085 -0.18330812454223633
vn 0 -1.6292068649725877e-7 -0.9999999999999866
vn 0 -1.6292068649725877e-7 -0.9999999999999866
vn 0 -1.6292068649725877e-7 -0.9999999999999866
vn 0 -1.6292068649725877e-7 -0.9999999999999866
vn 0 -1.6292068649725877e-7 -0.9999999999999866
vn 0 -1.6292068649725877e-7 -0.9999999999999866
vn 0 1.6292068649725877e-7 0.9999999999999866
vn 0 1.6292068649725877e-7 0.9999999999999866
vn 0 1.6292068649725877e-7 0.9999999999999866
vn 0 1.6292068649725877e-7 0.9999999999999866
vn 0 1.6292068649725877e-7 0.9999999999999866
vn 0 1.6292068649725877e-7 0.9999999999999866
vn 0 0.9999999999999868 -1.629206864972588e-7
vn 0 0.9999999999999868 -1.629206864972588e-7
vn 0 0.9999999999999868 -1.629206864972588e-7
vn 0 0.9999999999999868 -1.629206864972588e-7
vn 0 0.9999999999999868 -1.629206864972588e-7
vn 0 0.9999999999999868 -1.629206864972588e-7
vn 0 -1.6292068649725877e-7 -0.9999999999999866
vn 0 -1.6292068649725877e-7 -0.9999999999999866
vn 0 -1.6292068649725877e-7 -0.9999999999999866
vn 0 -1.6292068649725877e-7 -0.9999999999999866
vn 0 -1.6292068649725877e-7 -0.9999999999999866
vn 0 -1.6292068649725877e-7 -0.9999999999999866
vn 0 -1.6292068649725877e-7 -0.9999999999999866
vn 0 -1.6292068649725877e-7 -0.9999999999999866
vn 0 -1.6292068649725877e-7 -0.9999999999999866
vn 0 -1.6292068649725877e-7 -0.9999999999999866
vn 0 -1.6292068649725877e-7 -0.9999999999999866
vn 0 -1.6292068649725877e-7 -0.9999999999999866
vn 0 -1.6292068649725877e-7 -0.9999999999999866
vn 0 -1.6292068649725877e-7 -0.9999999999999866
vn 0 -1.6292068649725877e-7 -0.9999999999999866
vn 0 -1.6292068649725877e-7 -0.9999999999999866
vn 0 -1.6292068649725877e-7 -0.9999999999999866
vn 0 -1.6292068649725877e-7 -0.9999999999999866
vn 0 -1.6292068649725877e-7 -0.9999999999999866
vn 0 -1.6292068649725877e-7 -0.9999999999999866
vn 0 -1.6292068649725877e-7 -0.9999999999999866
vn 0 -1.6292068649725877e-7 -0.9999999999999866
vn 0 -1.6292068649725877e-7 -0.9999999999999866
vn 0 -1.6292068649725877e-7 -0.9999999999999866
vn 0 -1.6292068649725877e-7 -0.9999999999999866
vn 0 -1.6292068649725877e-7 -0.9999999999999866
vn 0 -1.6292068649725877e-7 -0.9999999999999866
vn 0 -1.6292068649725877e-7 -0.9999999999999866
vn 0 -1.6292068649725877e-7 -0.9999999999999866
vn 0 -1.6292068649725877e-7 -0.9999999999999866
vn 0 1.6292068649725877e-7 0.9999999999999866
vn 0 1.6292068649725877e-7 0.9999999999999866
vn 0 1.6292068649725877e-7 0.9999999999999866
vn 0 1.6292068649725877e-7 0.9999999999999866
vn 0 1.6292068649725877e-7 0.9999999999999866
vn 0 1.6292068649725877e-7 0.9999999999999866
vn 0 1.6292068649725877e-7 0.9999999999999866
vn 0 1.6292068649725877e-7 0.9999999999999866
vn 0 1.6292068649725877e-7 0.9999999999999866
vn 0 1.6292068649725877e-7 0.9999999999999866
vn 0 1.6292068649725877e-7 0.9999999999999866
vn 0 1.6292068649725877e-7 0.9999999999999866
vn 0 1.6292068649725877e-7 0.9999999999999866
vn 0 1.6292068649725877e-7 0.9999999999999866
vn 0 1.6292068649725877e-7 0.9999999999999866
vn 0 1.6292068649725877e-7 0.9999999999999866
vn 0 1.6292068649725877e-7 0.9999999999999866
vn 0 1.6292068649725877e-7 0.9999999999999866
vn 0 1.6292068649725877e-7 0.9999999999999866
vn 0 1.6292068649725877e-7 0.9999999999999866
vn 0 1.6292068649725877e-7 0.9999999999999866
vn 0 1.6292068649725877e-7 0.9999999999999866
vn 0 1.6292068649725877e-7 0.9999999999999866
vn 0 1.6292068649725877e-7 0.9999999999999866
vn 0 1.6292068649725877e-7 0.9999999999999866
vn 0 1.6292068649725877e-7 0.9999999999999866
vn 0 1.6292068649725877e-7 0.9999999999999866
vn 0 1.6292068649725877e-7 0.9999999999999866
vn 0 1.6292068649725877e-7 0.9999999999999866
vn 0 1.6292068649725877e-7 0.9999999999999866
vn 0.9907464502045326 -0.1357257212436802 2.2112527680356255e-8
vn 0.9907464502045326 -0.1357257212436802 2.2112527680356255e-8
vn 0.9907464502045326 -0.1357257212436802 2.2112527680356255e-8
vn 0.9907464502045326 -0.1357257212436802 2.2112527680356255e-8
vn 0.9907464502045326 -0.1357257212436802 2.2112527680356255e-8
vn 0.9907464502045326 -0.1357257212436802 2.2112527680356255e-8
vn 0.908431009794874 -0.41803480769316426 6.810651784912079e-8
vn 0.908431009794874 -0.41803480769316426 6.810651784912079e-8
vn 0.908431009794874 -0.41803480769316426 6.810651784912079e-8
vn 0.908431009794874 -0.41803480769316426 6.810651784912079e-8
vn 0.908431009794874 -0.41803480769316426 6.810651784912079e-8
vn 0.908431009794874 -0.41803480769316426 6.810651784912079e-8
vn 0.6963294824801103 -0.7177222664993529 1.1693180437244466e-7
vn 0.6963294824801103 -0.7177222664993529 1.1693180437244466e-7
vn 0.6963294824801103 -0.7177222664993529 1.1693180437244466e-7
vn 0.6963294824801103 -0.7177222664993529 1.1693180437244466e-7
vn 0.6963294824801103 -0.7177222664993529 1.1693180437244466e-7
vn 0.6963294824801103 -0.7177222664993529 1.1693180437244466e-7
vn 0.2774794716926545 -0.9607315664581553 1.5652304634695154e-7
vn 0.2774794716926545 -0.9607315664581553 1.5652304634695154e-7
vn 0.2774794716926545 -0.9607315664581553 1.5652304634695154e-7
vn 0.2774794716926545 -0.9607315664581553 1.5652304634695154e-7
vn 0.2774794716926545 -0.9607315664581553 1.5652304634695154e-7
vn 0.2774794716926545 -0.9607315664581553 1.5652304634695154e-7
vn 0.325547633580355 0.9455256412547505 -1.5404568657398682e-7
vn 0.325547633580355 0.9455256412547505 -1.5404568657398682e-7
vn 0.325547633580355 0.9455256412547505 -1.5404568657398682e-7
vn 0.325547633580355 0.9455256412547505 -1.5404568657398682e-7
vn 0.325547633580355 0.9455256412547505 -1.5404568657398682e-7
vn 0.325547633580355 0.9455256412547505 -1.5404568657398682e-7
vn 0.7564486961392417 0.6540530331014678 -1.0655876915850688e-7
vn 0.7564486961392417 0.6540530331014678 -1.0655876915850688e-7
vn 0.7564486961392417 0.6540530331014678 -1.0655876915850688e-7
vn 0.7564486961392417 0.6540530331014678 -1.0655876915850688e-7
vn 0.7564486961392417 0.6540530331014678 -1.0655876915850688e-7
vn 0.7564486961392417 0.6540530331014678 -1.0655876915850688e-7
vn 0.9329046242194269 0.36012353728964525 -5.867157391905095e-8
vn 0.9329046242194269 0.36012353728964525 -5.867157391905095e-8
vn 0.9329046242194269 0.36012353728964525 -5.867157391905095e-8
vn 0.9329046242194269 0.36012353728964525 -5.867157391905095e-8
vn 0.9329046242194269 0.36012353728964525 -5.867157391905095e-8
vn 0.9329046242194269 0.36012353728964525 -5.867157391905095e-8
vn 0.9934614699797991 0.11416789244606433 -1.8600311413258257e-8
vn 0.9934614699797991 0.11416789244606433 -1.8600311413258257e-8
vn 0.9934614699797991 0.11416789244606433 -1.8600311413258257e-8
vn 0.9934614699797991 0.11416789244606433 -1.8600311413258257e-8
vn 0.9934614699797991 0.11416789244606433 -1.8600311413258257e-8
vn 0.9934614699797991 0.11416789244606433 -1.8600311413258257e-8
vn 1 0 0
vn 1 0 0
vn 1 0 0
vn 1 0 0
vn 1 0 0
vn 1 0 0
f 715/715/715 716/716/716 717/717/717
f 718/718/718 719/719/719 720/720/720
f 721/721/721 722/722/722 723/723/723
f 724/724/724 725/725/725 726/726/726
f 727/727/727 728/728/728 729/729/729
f 730/730/730 731/731/731 732/732/732
f 733/733/733 734/734/734 735/735/735
f 736/736/736 737/737/737 738/738/738
f 739/739/739 740/740/740 741/741/741
f 742/742/742 743/743/743 744/744/744
f 745/745/745 746/746/746 747/747/747
f 748/748/748 749/749/749 750/750/750
f 751/751/751 752/752/752 753/753/753
f 754/754/754 755/755/755 756/756/756
f 757/757/757 758/758/758 759/759/759
f 760/760/760 761/761/761 762/762/762
f 763/763/763 764/764/764 765/765/765
f 766/766/766 767/767/767 768/768/768
f 769/769/769 770/770/770 771/771/771
f 772/772/772 773/773/773 774/774/774
f 775/775/775 776/776/776 777/777/777
f 778/778/778 779/779/779 780/780/780
f 781/781/781 782/782/782 783/783/783
f 784/784/784 785/785/785 786/786/786
f 787/787/787 788/788/788 789/789/789
f 790/790/790 791/791/791 792/792/792
f 793/793/793 794/794/794 795/795/795
f 796/796/796 797/797/797 798/798/798
f 799/799/799 800/800/800 801/801/801
f 802/802/802 803/803/803 804/804/804
f 805/805/805 806/806/806 807/807/807
f 808/808/808 809/809/809 810/810/810
f 811/811/811 812/812/812 813/813/813
f 814/814/814 815/815/815 816/816/816
f 817/817/817 818/818/818 819/819/819
f 820/820/820 821/821/821 822/822/822
f 823/823/823 824/824/824 825/825/825
f 826/826/826 827/827/827 828/828/828
f 829/829/829 830/830/830 831/831/831
f 832/832/832 833/833/833 834/834/834
f 835/835/835 836/836/836 837/837/837
f 838/838/838 839/839/839 840/840/840
f 841/841/841 842/842/842 843/843/843
f 844/844/844 845/845/845 846/846/846
o Plane
usemtl Material.003
v 241.34593725204468 -126.7499628863061 -99.96737241744995
v 241.34593725204468 -126.74993030217047 100.03262758255005
v 239.73173022270203 -126.9000156610108 97.0203221088788
v 241.34593725204468 -126.7499628863061 -99.96737241744995
v 239.73173022270203 -126.9000156610108 97.0203221088788
v 239.73173022270203 -126.90004726361269 -96.95506689487486
v 235.67153930664062 -126.7499628863061 -99.96737241744995
v 235.67153930664062 -136.7147322199071 -99.96737079398298
v 241.34593725204468 -136.7147322199071 -99.96737079398298
v 235.67153930664062 -126.7499628863061 -99.96737241744995
v 241.34593725204468 -136.7147322199071 -99.96737079398298
v 241.34593725204468 -126.7499628863061 -99.96737241744995
v 241.34593725204468 -126.74993030217047 100.03262758255005
v 241.34593725204468 -136.71469963577147 100.03262920601702
v 235.67153930664062 -136.71469963577147 100.03262920601702
v 241.34593725204468 -126.74993030217047 100.03262758255005
v 235.67153930664062 -136.71469963577147 100.03262920601702
v 235.67153930664062 -126.74993030217047 100.03262758255005
v 241.34593725204468 -126.74993030217047 100.03262758255005
v 241.34593725204468 -126.7499628863061 -99.96737241744995
v 241.34593725204468 -136.7147322199071 -99.96737079398298
v 241.34593725204468 -126.74993030217047 100.03262758255005
v 241.34593725204468 -136.7147322199071 -99.96737079398298
v 241.34593725204468 -136.71469963577147 100.03262920601702
v 235.67153930664062 -126.7499628863061 -99.96737241744995
v 241.34593725204468 -126.7499628863061 -99.96737241744995
v 239.73173022270203 -126.90004726361269 -96.95506689487486
v 235.67153930664062 -126.7499628863061 -99.96737241744995
v 239.73173022270203 -126.90004726361269 -96.95506689487486
v 235.75700640678406 -126.90004726361269 -96.95506689487486
v 235.75700640678406 -126.90004726361269 -96.95506689487486
v 239.73173022270203 -126.90004726361269 -96.95506689487486
v 239.73173022270203 -136.5646472335958 -96.95506532031168
v 235.75700640678406 -126.90004726361269 -96.95506689487486
v 239.73173022270203 -136.5646472335958 -96.95506532031168
v 235.75700640678406 -136.5646472335958 -96.95506532031168
v 239.73173022270203 -126.9000156610108 97.0203221088788
v 235.75700640678406 -126.9000156610108 97.0203221088788
v 235.75700640678406 -136.5646156309939 97.02032368344199
v 239.73173022270203 -126.9000156610108 97.0203221088788
v 235.75700640678406 -136.5646156309939 97.02032368344199
v 239.73173022270203 -136.5646156309939 97.02032368344199
v 239.73173022270203 -126.9000156610108 97.0203221088788
v 239.73173022270203 -136.5646156309939 97.02032368344199
v 239.73173022270203 -136.5646472335958 -96.95506532031168
v 239.73173022270203 -126.9000156610108 97.0203221088788
v 239.73173022270203 -136.5646472335958 -96.95506532031168
v 239.73173022270203 -126.90004726361269 -96.95506689487486
v 235.67153930664062 -126.74993030217047 100.03262758255005
v 235.67153930664062 -136.71469963577147 100.03262920601702
v 235.75700640678406 -136.5646156309939 97.02032368344199
v 235.67153930664062 -126.74993030217047 100.03262758255005
v 235.75700640678406 -136.5646156309939 97.02032368344199
v 235.75700640678406 -126.9000156610108 97.0203221088788
v 241.34593725204468 -136.7147322199071 -99.96737079398298
v 235.67153930664062 -136.7147322199071 -99.96737079398298
v 235.75700640678406 -136.5646472335958 -96.95506532031168
v 241.34593725204468 -136.7147322199071 -99.96737079398298
v 235.75700640678406 -136.5646472335958 -96.95506532031168
v 239.73173022270203 -136.5646472335958 -96.95506532031168
v 241.34593725204468 -136.71469963577147 100.03262920601702
v 241.34593725204468 -136.7147322199071 -99.96737079398298
v 239.73173022270203 -136.5646472335958 -96.95506532031168
v 241.34593725204468 -136.71469963577147 100.03262920601702
v 239.73173022270203 -136.5646472335958 -96.95506532031168
v 239.73173022270203 -136.5646156309939 97.02032368344199
v 235.67153930664062 -136.7147322199071 -99.96737079398298
v 235.67153930664062 -126.7499628863061 -99.96737241744995
v 235.75700640678406 -126.90004726361269 -96.95506689487486
v 235.67153930664062 -136.7147322199071 -99.96737079398298
v 235.75700640678406 -126.90004726361269 -96.95506689487486
v 235.75700640678406 -136.5646472335958 -96.95506532031168
v 235.67153930664062 -136.71469963577147 100.03262920601702
v 241.34593725204468 -136.71469963577147 100.03262920601702
v 239.73173022270203 -136.5646156309939 97.02032368344199
v 235.67153930664062 -136.71469963577147 100.03262920601702
v 239.73173022270203 -136.5646156309939 97.02032368344199
v 235.75700640678406 -136.5646156309939 97.02032368344199
v 235.67153930664062 -126.74993030217047 100.03262758255005
v 235.75700640678406 -126.9000156610108 97.0203221088788
v 239.73173022270203 -126.9000156610108 97.0203221088788
v 235.67153930664062 -126.74993030217047 100.03262758255005
v 239.73173022270203 -126.9000156610108 97.0203221088788
v 241.34593725204468 -126.74993030217047 100.03262758255005
v 241.34593725204468 -58.98953708026056 -99.96738345702447
v 241.34593725204468 -58.98950449612494 100.03261654297553
v 239.73173022270203 -59.139589482436236 97.02031106930423
v 241.34593725204468 -58.98953708026056 -99.96738345702447
v 239.73173022270203 -59.139589482436236 97.02031106930423
v 239.73173022270203 -59.13962108503813 -96.95507793444943
v 235.67153930664062 -58.98953708026056 -99.96738345702447
v 235.67153930664062 -68.95430715891962 -99.96738183355737
v 241.34593725204468 -68.95430715891962 -99.96738183355737
v 235.67153930664062 -58.98953708026056 -99.96738345702447
v 241.34593725204468 -68.95430715891962 -99.96738183355737
v 241.34593725204468 -58.98953708026056 -99.96738345702447
v 241.34593725204468 -58.98950449612494 100.03261654297553
v 241.34593725204468 -68.954274574784 100.03261816644263
v 235.67153930664062 -68.954274574784 100.03261816644263
v 241.34593725204468 -58.98950449612494 100.03261654297553
v 235.67153930664062 -68.954274574784 100.03261816644263
v 235.67153930664062 -58.98950449612494 100.03261654297553
v 241.34593725204468 -58.98950449612494 100.03261654297553
v 241.34593725204468 -58.98953708026056 -99.96738345702447
v 241.34593725204468 -68.95430715891962 -99.96738183355737
v 241.34593725204468 -58.98950449612494 100.03261654297553
v 241.34593725204468 -68.95430715891962 -99.96738183355737
v 241.34593725204468 -68.954274574784 100.03261816644263
v 235.67153930664062 -58.98953708026056 -99.96738345702447
v 241.34593725204468 -58.98953708026056 -99.96738345702447
v 239.73173022270203 -59.13962108503813 -96.95507793444943
v 235.67153930664062 -58.98953708026056 -99.96738345702447
v 239.73173022270203 -59.13962108503813 -96.95507793444943
v 235.75700640678406 -59.13962108503813 -96.95507793444943
v 235.75700640678406 -59.13962108503813 -96.95507793444943
v 239.73173022270203 -59.13962108503813 -96.95507793444943
v 239.73173022270203 -68.80422217260832 -96.95507635988606
v 235.75700640678406 -59.13962108503813 -96.95507793444943
v 239.73173022270203 -68.80422217260832 -96.95507635988606
v 235.75700640678406 -68.80422217260832 -96.95507635988606
v 239.73173022270203 -59.139589482436236 97.02031106930423
v 235.75700640678406 -59.139589482436236 97.02031106930423
v 235.75700640678406 -68.80419057000643 97.0203126438676
v 239.73173022270203 -59.139589482436236 97.02031106930423
v 235.75700640678406 -68.80419057000643 97.0203126438676
v 239.73173022270203 -68.80419057000643 97.0203126438676
v 239.73173022270203 -59.139589482436236 97.02031106930423
v 239.73173022270203 -68.80419057000643 97.0203126438676
v 239.73173022270203 -68.80422217260832 -96.95507635988606
v 239.73173022270203 -59.139589482436236 97.02031106930423
v 239.73173022270203 -68.80422217260832 -96.95507635988606
v 239.73173022270203 -59.13962108503813 -96.95507793444943
v 235.67153930664062 -58.98950449612494 100.03261654297553
v 235.67153930664062 -68.954274574784 100.03261816644263
v 235.75700640678406 -68.80419057000643 97.0203126438676
v 235.67153930664062 -58.98950449612494 100.03261654297553
v 235.75700640678406 -68.80419057000643 97.0203126438676
v 235.75700640678406 -59.139589482436236 97.02031106930423
v 241.34593725204468 -68.95430715891962 -99.96738183355737
v 235.67153930664062 -68.95430715891962 -99.96738183355737
v 235.75700640678406 -68.80422217260832 -96.95507635988606
v 241.34593725204468 -68.95430715891962 -99.96738183355737
v 235.75700640678406 -68.80422217260832 -96.95507635988606
v 239.73173022270203 -68.80422217260832 -96.95507635988606
v 241.34593725204468 -68.954274574784 100.03261816644263
v 241.34593725204468 -68.95430715891962 -99.96738183355737
v 239.73173022270203 -68.80422217260832 -96.95507635988606
v 241.34593725204468 -68.954274574784 100.03261816644263
v 239.73173022270203 -68.80422217260832 -96.95507635988606
v 239.73173022270203 -68.80419057000643 97.0203126438676
v 235.67153930664062 -68.95430715891962 -99.96738183355737
v 235.67153930664062 -58.98953708026056 -99.96738345702447
v 235.75700640678406 -59.13962108503813 -96.95507793444943
v 235.67153930664062 -68.95430715891962 -99.96738183355737
v 235.75700640678406 -59.13962108503813 -96.95507793444943
v 235.75700640678406 -68.80422217260832 -96.95507635988606
v 235.67153930664062 -68.954274574784 100.03261816644263
v 241.34593725204468 -68.954274574784 100.03261816644263
v 239.73173022270203 -68.80419057000643 97.0203126438676
v 235.67153930664062 -68.954274574784 100.03261816644263
v 239.73173022270203 -68.80419057000643 97.0203126438676
v 235.75700640678406 -68.80419057000643 97.0203126438676
v 235.67153930664062 -58.98950449612494 100.03261654297553
v 235.75700640678406 -59.139589482436236 97.02031106930423
v 239.73173022270203 -59.139589482436236 97.02031106930423
v 235.67153930664062 -58.98950449612494 100.03261654297553
v 239.73173022270203 -59.139589482436236 97.02031106930423
v 241.34593725204468 -58.98950449612494 100.03261654297553
v 241.34593725204468 8.770888725784971 -99.96739449659898
v 241.34593725204468 8.770921309920595 100.03260550340102
v 239.73173022270203 8.620836323609296 97.02030002972971
v 241.34593725204468 8.770888725784971 -99.96739449659898
v 239.73173022270203 8.620836323609296 97.02030002972971
v 239.73173022270203 8.620804721007403 -96.95508897402395
v 235.67153930664062 8.770888725784971 -99.96739449659898
v 235.67153930664062 -1.193875392409609 -99.96739287313287
v 241.34593725204468 -1.193875392409609 -99.96739287313287
v 235.67153930664062 8.770888725784971 -99.96739449659898
v 241.34593725204468 -1.193875392409609 -99.96739287313287
v 241.34593725204468 8.770888725784971 -99.96739449659898
v 241.34593725204468 8.770921309920595 100.03260550340102
v 241.34593725204468 -1.1938428082739847 100.03260712686713
v 235.67153930664062 -1.1938428082739847 100.03260712686713
v 241.34593725204468 8.770921309920595 100.03260550340102
v 235.67153930664062 -1.1938428082739847 100.03260712686713
v 235.67153930664062 8.770921309920595 100.03260550340102
v 241.34593725204468 8.770921309920595 100.03260550340102
v 241.34593725204468 8.770888725784971 -99.96739449659898
v 241.34593725204468 -1.193875392409609 -99.96739287313287
v 241.34593725204468 8.770921309920595 100.03260550340102
v 241.34593725204468 -1.193875392409609 -99.96739287313287
v 241.34593725204468 -1.1938428082739847 100.03260712686713
v 235.67153930664062 8.770888725784971 -99.96739449659898
v 241.34593725204468 8.770888725784971 -99.96739449659898
v 239.73173022270203 8.620804721007403 -96.95508897402395
v 235.67153930664062 8.770888725784971 -99.96739449659898
v 239.73173022270203 8.620804721007403 -96.95508897402395
v 235.75700640678406 8.620804721007403 -96.95508897402395
v 235.75700640678406 8.620804721007403 -96.95508897402395
v 239.73173022270203 8.620804721007403 -96.95508897402395
v 239.73173022270203 -1.04379040609831 -96.95508739946156
v 235.75700640678406 8.620804721007403 -96.95508897402395
v 239.73173022270203 -1.04379040609831 -96.95508739946156
v 235.75700640678406 -1.04379040609831 -96.95508739946156
v 239.73173022270203 8.620836323609296 97.02030002972971
v 235.75700640678406 8.620836323609296 97.02030002972971
v 235.75700640678406 -1.0437588034964165 97.0203016042921
v 239.73173022270203 8.620836323609296 97.02030002972971
v 235.75700640678406 -1.0437588034964165 97.0203016042921
v 239.73173022270203 -1.0437588034964165 97.0203016042921
v 239.73173022270203 8.620836323609296 97.02030002972971
v 239.73173022270203 -1.0437588034964165 97.0203016042921
v 239.73173022270203 -1.04379040609831 -96.95508739946156
v 239.73173022270203 8.620836323609296 97.02030002972971
v 239.73173022270203 -1.04379040609831 -96.95508739946156
v 239.73173022270203 8.620804721007403 -96.95508897402395
v 235.67153930664062 8.770921309920595 100.03260550340102
v 235.67153930664062 -1.1938428082739847 100.03260712686713
v 235.75700640678406 -1.0437588034964165 97.0203016042921
v 235.67153930664062 8.770921309920595 100.03260550340102
v 235.75700640678406 -1.0437588034964165 97.0203016042921
v 235.75700640678406 8.620836323609296 97.02030002972971
v 241.34593725204468 -1.193875392409609 -99.96739287313287
v 235.67153930664062 -1.193875392409609 -99.96739287313287
v 235.75700640678406 -1.04379040609831 -96.95508739946156
v 241.34593725204468 -1.193875392409609 -99.96739287313287
v 235.75700640678406 -1.04379040609831 -96.95508739946156
v 239.73173022270203 -1.04379040609831 -96.95508739946156
v 241.34593725204468 -1.1938428082739847 100.03260712686713
v 241.34593725204468 -1.193875392409609 -99.96739287313287
v 239.73173022270203 -1.04379040609831 -96.95508739946156
v 241.34593725204468 -1.1938428082739847 100.03260712686713
v 239.73173022270203 -1.04379040609831 -96.95508739946156
v 239.73173022270203 -1.0437588034964165 97.0203016042921
v 235.67153930664062 -1.193875392409609 -99.96739287313287
v 235.67153930664062 8.770888725784971 -99.96739449659898
v 235.75700640678406 8.620804721007403 -96.95508897402395
v 235.67153930664062 -1.193875392409609 -99.96739287313287
v 235.75700640678406 8.620804721007403 -96.95508897402395
v 235.75700640678406 -1.04379040609831 -96.95508739946156
v 235.67153930664062 -1.1938428082739847 100.03260712686713
v 241.34593725204468 -1.1938428082739847 100.03260712686713
v 239.73173022270203 -1.0437588034964165 97.0203016042921
v 235.67153930664062 -1.1938428082739847 100.03260712686713
v 239.73173022270203 -1.0437588034964165 97.0203016042921
v 235.75700640678406 -1.0437588034964165 97.0203016042921
v 235.67153930664062 8.770921309920595 100.03260550340102
v 235.75700640678406 8.620836323609296 97.02030002972971
v 239.73173022270203 8.620836323609296 97.02030002972971
v 235.67153930664062 8.770921309920595 100.03260550340102
v 239.73173022270203 8.620836323609296 97.02030002972971
v 241.34593725204468 8.770921309920595 100.03260550340102
v 241.34593725204468 76.53132049229498 -99.96740553617448
v 241.34593725204468 76.5313530764306 100.03259446382552
v 239.73173022270203 76.3812680901193 97.02028899015423
v 241.34593725204468 76.53132049229498 -99.96740553617448
v 239.73173022270203 76.3812680901193 97.02028899015423
v 239.73173022270203 76.38123648751741 -96.95510001359943
v 235.67153930664062 76.53132049229498 -99.96740553617448
v 235.67153930664062 66.5665563741004 -99.96740391270835
v 241.34593725204468 66.5665563741004 -99.96740391270835
v 235.67153930664062 76.53132049229498 -99.96740553617448
v 241.34593725204468 66.5665563741004 -99.96740391270835
v 241.34593725204468 76.53132049229498 -99.96740553617448
v 241.34593725204468 76.5313530764306 100.03259446382552
v 241.34593725204468 66.56658895823603 100.03259608729165
v 235.67153930664062 66.56658895823603 100.03259608729165
v 241.34593725204468 76.5313530764306 100.03259446382552
v 235.67153930664062 66.56658895823603 100.03259608729165
v 235.67153930664062 76.5313530764306 100.03259446382552
v 241.34593725204468 76.5313530764306 100.03259446382552
v 241.34593725204468 76.53132049229498 -99.96740553617448
v 241.34593725204468 66.5665563741004 -99.96740391270835
v 241.34593725204468 76.5313530764306 100.03259446382552
v 241.34593725204468 66.5665563741004 -99.96740391270835
v 241.34593725204468 66.56658895823603 100.03259608729165
v 235.67153930664062 76.53132049229498 -99.96740553617448
v 241.34593725204468 76.53132049229498 -99.96740553617448
v 239.73173022270203 76.38123648751741 -96.95510001359943
v 235.67153930664062 76.53132049229498 -99.96740553617448
v 239.73173022270203 76.38123648751741 -96.95510001359943
v 235.75700640678406 76.38123648751741 -96.95510001359943
v 235.75700640678406 76.38123648751741 -96.95510001359943
v 239.73173022270203 76.38123648751741 -96.95510001359943
v 239.73173022270203 66.7166413604117 -96.95509843903704
v 235.75700640678406 76.38123648751741 -96.95510001359943
v 239.73173022270203 66.7166413604117 -96.95509843903704
v 235.75700640678406 66.7166413604117 -96.95509843903704
v 239.73173022270203 76.3812680901193 97.02028899015423
v 235.75700640678406 76.3812680901193 97.02028899015423
v 235.75700640678406 66.7166729630136 97.02029056471662
v 239.73173022270203 76.3812680901193 97.02028899015423
v 235.75700640678406 66.7166729630136 97.02029056471662
v 239.73173022270203 66.7166729630136 97.02029056471662
v 239.73173022270203 76.3812680901193 97.02028899015423
v 239.73173022270203 66.7166729630136 97.02029056471662
v 239.73173022270203 66.7166413604117 -96.95509843903704
v 239.73173022270203 76.3812680901193 97.02028899015423
v 239.73173022270203 66.7166413604117 -96.95509843903704
v 239.73173022270203 76.38123648751741 -96.95510001359943
v 235.67153930664062 76.5313530764306 100.03259446382552
v 235.67153930664062 66.56658895823603 100.03259608729165
v 235.75700640678406 66.7166729630136 97.02029056471662
v 235.67153930664062 76.5313530764306 100.03259446382552
v 235.75700640678406 66.7166729630136 97.02029056471662
v 235.75700640678406 76.3812680901193 97.02028899015423
v 241.34593725204468 66.5665563741004 -99.96740391270835
v 235.67153930664062 66.5665563741004 -99.96740391270835
v 235.75700640678406 66.7166413604117 -96.95509843903704
v 241.34593725204468 66.5665563741004 -99.96740391270835
v 235.75700640678406 66.7166413604117 -96.95509843903704
v 239.73173022270203 66.7166413604117 -96.95509843903704
v 241.34593725204468 66.56658895823603 100.03259608729165
v 241.34593725204468 66.5665563741004 -99.96740391270835
v 239.73173022270203 66.7166413604117 -96.95509843903704
v 241.34593725204468 66.56658895823603 100.03259608729165
v 239.73173022270203 66.7166413604117 -96.95509843903704
v 239.73173022270203 66.7166729630136 97.02029056471662
v 235.67153930664062 66.5665563741004 -99.96740391270835
v 235.67153930664062 76.53132049229498 -99.96740553617448
v 235.75700640678406 76.38123648751741 -96.95510001359943
v 235.67153930664062 66.5665563741004 -99.96740391270835
v 235.75700640678406 76.38123648751741 -96.95510001359943
v 235.75700640678406 66.7166413604117 -96.95509843903704
v 235.67153930664062 66.56658895823603 100.03259608729165
v 241.34593725204468 66.56658895823603 100.03259608729165
v 239.73173022270203 66.7166729630136 97.02029056471662
v 235.67153930664062 66.56658895823603 100.03259608729165
v 239.73173022270203 66.7166729630136 97.02029056471662
v 235.75700640678406 66.7166729630136 97.02029056471662
v 235.67153930664062 76.5313530764306 100.03259446382552
v 235.75700640678406 76.3812680901193 97.02028899015423
v 239.73173022270203 76.3812680901193 97.02028899015423
v 235.67153930664062 76.5313530764306 100.03259446382552
v 239.73173022270203 76.3812680901193 97.02028899015423
v 241.34593725204468 76.5313530764306 100.03259446382552
v 241.34593725204468 144.29174033787604 -99.96741657574802
v 241.34593725204468 144.29177292201166 100.03258342425198
v 239.73173022270203 144.14168793570036 97.02027795058068
v 241.34593725204468 144.29174033787604 -99.96741657574802
v 239.73173022270203 144.14168793570036 97.02027795058068
v 239.73173022270203 144.14165633309847 -96.95511105317298
v 235.67153930664062 144.29174033787604 -99.96741657574802
v 235.67153930664062 134.3269642987525 -99.96741495227995
v 241.34593725204468 134.3269642987525 -99.96741495227995
v 235.67153930664062 144.29174033787604 -99.96741657574802
v 241.34593725204468 134.3269642987525 -99.96741495227995
v 241.34593725204468 144.29174033787604 -99.96741657574802
v 241.34593725204468 144.29177292201166 100.03258342425198
v 241.34593725204468 134.32699688288812 100.03258504772005
v 235.67153930664062 134.32699688288812 100.03258504772005
v 241.34593725204468 144.29177292201166 100.03258342425198
v 235.67153930664062 134.32699688288812 100.03258504772005
v 235.67153930664062 144.29177292201166 100.03258342425198
v 241.34593725204468 144.29177292201166 100.03258342425198
v 241.34593725204468 144.29174033787604 -99.96741657574802
v 241.34593725204468 134.3269642987525 -99.96741495227995
v 241.34593725204468 144.29177292201166 100.03258342425198
v 241.34593725204468 134.3269642987525 -99.96741495227995
v 241.34593725204468 134.32699688288812 100.03258504772005
v 235.67153930664062 144.29174033787604 -99.96741657574802
v 241.34593725204468 144.29174033787604 -99.96741657574802
v 239.73173022270203 144.14165633309847 -96.95511105317298
v 235.67153930664062 144.29174033787604 -99.96741657574802
v 239.73173022270203 144.14165633309847 -96.95511105317298
v 235.75700640678406 144.14165633309847 -96.95511105317298
v 235.75700640678406 144.14165633309847 -96.95511105317298
v 239.73173022270203 144.14165633309847 -96.95511105317298
v 239.73173022270203 134.4770492850638 -96.95510947860865
v 235.75700640678406 144.14165633309847 -96.95511105317298
v 239.73173022270203 134.4770492850638 -96.95510947860865
v 235.75700640678406 134.4770492850638 -96.95510947860865
v 239.73173022270203 144.14168793570036 97.02027795058068
v 235.75700640678406 144.14168793570036 97.02027795058068
v 235.75700640678406 134.4770808876657 97.02027952514501
v 239.73173022270203 144.14168793570036 97.02027795058068
v 235.75700640678406 134.4770808876657 97.02027952514501
v 239.73173022270203 134.4770808876657 97.02027952514501
v 239.73173022270203 144.14168793570036 97.02027795058068
v 239.73173022270203 134.4770808876657 97.02027952514501
v 239.73173022270203 134.4770492850638 -96.95510947860865
v 239.73173022270203 144.14168793570036 97.02027795058068
v 239.73173022270203 134.4770492850638 -96.95510947860865
v 239.73173022270203 144.14165633309847 -96.95511105317298
v 235.67153930664062 144.29177292201166 100.03258342425198
v 235.67153930664062 134.32699688288812 100.03258504772005
v 235.75700640678406 134.4770808876657 97.02027952514501
v 235.67153930664062 144.29177292201166 100.03258342425198
v 235.75700640678406 134.4770808876657 97.02027952514501
v 235.75700640678406 144.14168793570036 97.02027795058068
v 241.34593725204468 134.3269642987525 -99.96741495227995
v 235.67153930664062 134.3269642987525 -99.96741495227995
v 235.75700640678406 134.4770492850638 -96.95510947860865
v 241.34593725204468 134.3269642987525 -99.96741495227995
v 235.75700640678406 134.4770492850638 -96.95510947860865
v 239.73173022270203 134.4770492850638 -96.95510947860865
v 241.34593725204468 134.32699688288812 100.03258504772005
v 241.34593725204468 134.3269642987525 -99.96741495227995
v 239.73173022270203 134.4770492850638 -96.95510947860865
v 241.34593725204468 134.32699688288812 100.03258504772005
v 239.73173022270203 134.4770492850638 -96.95510947860865
v 239.73173022270203 134.4770808876657 97.02027952514501
v 235.67153930664062 134.3269642987525 -99.96741495227995
v 235.67153930664062 144.29174033787604 -99.96741657574802
v 235.75700640678406 144.14165633309847 -96.95511105317298
v 235.67153930664062 134.3269642987525 -99.96741495227995
v 235.75700640678406 144.14165633309847 -96.95511105317298
v 235.75700640678406 134.4770492850638 -96.95510947860865
v 235.67153930664062 134.32699688288812 100.03258504772005
v 241.34593725204468 134.32699688288812 100.03258504772005
v 239.73173022270203 134.4770808876657 97.02027952514501
v 235.67153930664062 134.32699688288812 100.03258504772005
v 239.73173022270203 134.4770808876657 97.02027952514501
v 235.75700640678406 134.4770808876657 97.02027952514501
v 235.67153930664062 144.29177292201166 100.03258342425198
v 235.75700640678406 144.14168793570036 97.02027795058068
v 239.73173022270203 144.14168793570036 97.02027795058068
v 235.67153930664062 144.29177292201166 100.03258342425198
v 239.73173022270203 144.14168793570036 97.02027795058068
v 241.34593725204468 144.29177292201166 100.03258342425198
vt 1 1
vt 1 0
vt 1 0
vt 1 1
vt 1 0
vt 1 1
vt 0 1
vt 0 1
vt 1 1
vt 0 1
vt 1 1
vt 1 1
vt 1 0
vt 1 0
vt 0 0
vt 1 0
vt 0 0
vt 0 0
vt 1 0
vt 1 1
vt 1 1
vt 1 0
vt 1 1
vt 1 0
vt 0 1
vt 1 1
vt 1 1
vt 0 1
vt 1 1
vt 0 1
vt 0 1
vt 1 1
vt 1 1
vt 0 1
vt 1 1
vt 0 1
vt 1 0
vt 0 0
vt 0 0
vt 1 0
vt 0 0
vt 1 0
vt 1 0
vt 1 0
vt 1 1
vt 1 0
vt 1 1
vt 1 1
vt 0 0
vt 0 0
vt 0 0
vt 0 0
vt 0 0
vt 0 0
vt 1 1
vt 0 1
vt 0 1
vt 1 1
vt 0 1
vt 1 1
vt 1 0
vt 1 1
vt 1 1
vt 1 0
vt 1 1
vt 1 0
vt 0 1
vt 0 1
vt 0 1
vt 0 1
vt 0 1
vt 0 1
vt 0 0
vt 1 0
vt 1 0
vt 0 0
vt 1 0
vt 0 0
vt 0 0
vt 0 0
vt 0 0
vt 0 0
vt 0 0
vt 0 0
vt 1 1
vt 1 0
vt 1 0
vt 1 1
vt 1 0
vt 1 1
vt 0 1
vt 0 1
vt 1 1
vt 0 1
vt 1 1
vt 1 1
vt 1 0
vt 1 0
vt 0 0
vt 1 0
vt 0 0
vt 0 0
vt 1 0
vt 1 1
vt 1 1
vt 1 0
vt 1 1
vt 1 0
vt 0 1
vt 1 1
vt 1 1
vt 0 1
vt 1 1
vt 0 1
vt 0 1
vt 1 1
vt 1 1
vt 0 1
vt 1 1
vt 0 1
vt 1 0
vt 0 0
vt 0 0
vt 1 0
vt 0 0
vt 1 0
vt 1 0
vt 1 0
vt 1 1
vt 1 0
vt 1 1
vt 1 1
vt 0 0
vt 0 0
vt 0 0
vt 0 0
vt 0 0
vt 0 0
vt 1 1
vt 0 1
vt 0 1
vt 1 1
vt 0 1
vt 1 1
vt 1 0
vt 1 1
vt 1 1
vt 1 0
vt 1 1
vt 1 0
vt 0 1
vt 0 1
vt 0 1
vt 0 1
vt 0 1
vt 0 1
vt 0 0
vt 1 0
vt 1 0
vt 0 0
vt 1 0
vt 0 0
vt 0 0
vt 0 0
vt 0 0
vt 0 0
vt 0 0
vt 0 0
vt 1 1
vt 1 0
vt 1 0
vt 1 1
vt 1 0
vt 1 1
vt 0 1
vt 0 1
vt 1 1
vt 0 1
vt 1 1
vt 1 1
vt 1 0
vt 1 0
vt 0 0
vt 1 0
vt 0 0
vt 0 0
vt 1 0
vt 1 1
vt 1 1
vt 1 0
vt 1 1
vt 1 0
vt 0 1
vt 1 1
vt 1 1
vt 0 1
vt 1 1
vt 0 1
vt 0 1
vt 1 1
vt 1 1
vt 0 1
vt 1 1
vt 0 1
vt 1 0
vt 0 0
vt 0 0
vt 1 0
vt 0 0
vt 1 0
vt 1 0
vt 1 0
vt 1 1
vt 1 0
vt 1 1
vt 1 1
vt 0 0
vt 0 0
vt 0 0
vt 0 0
vt 0 0
vt 0 0
vt 1 1
vt 0 1
vt 0 1
vt 1 1
vt 0 1
vt 1 1
vt 1 0
vt 1 1
vt 1 1
vt 1 0
vt 1 1
vt 1 0
vt 0 1
vt 0 1
vt 0 1
vt 0 1
vt 0 1
vt 0 1
vt 0 0
vt 1 0
vt 1 0
vt 0 0
vt 1 0
vt 0 0
vt 0 0
vt 0 0
vt 0 0
vt 0 0
vt 0 0
vt 0 0
vt 1 1
vt 1 0
vt 1 0
vt 1 1
vt 1 0
vt 1 1
vt 0 1
vt 0 1
vt 1 1
vt 0 1
vt 1 1
vt 1 1
vt 1 0
vt 1 0
vt 0 0
vt 1 0
vt 0 0
vt 0 0
vt 1 0
vt 1 1
vt 1 1
vt 1 0
vt 1 1
vt 1 0
vt 0 1
vt 1 1
vt 1 1
vt 0 1
vt 1 1
vt 0 1
vt 0 1
vt 1 1
vt 1 1
vt 0 1
vt 1 1
vt 0 1
vt 1 0
vt 0 0
vt 0 0
vt 1 0
vt 0 0
vt 1 0
vt 1 0
vt 1 0
vt 1 1
vt 1 0
vt 1 1
vt 1 1
vt 0 0
vt 0 0
vt 0 0
vt 0 0
vt 0 0
vt 0 0
vt 1 1
vt 0 1
vt 0 1
vt 1 1
vt 0 1
vt 1 1
vt 1 0
vt 1 1
vt 1 1
vt 1 0
vt 1 1
vt 1 0
vt 0 1
vt 0 1
vt 0 1
vt 0 1
vt 0 1
vt 0 1
vt 0 0
vt 1 0
vt 1 0
vt 0 0
vt 1 0
vt 0 0
vt 0 0
vt 0 0
vt 0 0
vt 0 0
vt 0 0
vt 0 0
vt 1 1
vt 1 0
vt 1 0
vt 1 1
vt 1 0
vt 1 1
vt 0 1
vt 0 1
vt 1 1
vt 0 1
vt 1 1
vt 1 1
vt 1 0
vt 1 0
vt 0 0
vt 1 0
vt 0 0
vt 0 0
vt 1 0
vt 1 1
vt 1 1
vt 1 0
vt 1 1
vt 1 0
vt 0 1
vt 1 1
vt 1 1
vt 0 1
vt 1 1
vt 0 1
vt 0 1
vt 1 1
vt 1 1
vt 0 1
vt 1 1
vt 0 1
vt 1 0
vt 0 0
vt 0 0
vt 1 0
vt 0 0
vt 1 0
vt 1 0
vt 1 0
vt 1 1
vt 1 0
vt 1 1
vt 1 1
vt 0 0
vt 0 0
vt 0 0
vt 0 0
vt 0 0
vt 0 0
vt 1 1
vt 0 1
vt 0 1
vt 1 1
vt 0 1
vt 1 1
vt 1 0
vt 1 1
vt 1 1
vt 1 0
vt 1 1
vt 1 0
vt 0 1
vt 0 1
vt 0 1
vt 0 1
vt 0 1
vt 0 1
vt 0 0
vt 1 0
vt 1 0
vt 0 0
vt 1 0
vt 0 0
vt 0 0
vt 0 0
vt 0 0
vt 0 0
vt 0 0
vt 0 0
vn 0.09257815731294995 -0.995705420688525 1.6222100228615985e-7
vn 0.09257815731294995 -0.995705420688525 1.6222100228615985e-7
vn 0.09257815731294995 -0.995705420688525 1.6222100228615985e-7
vn 0.09257815731294995 -0.995705420688525 1.6222100228615985e-7
vn 0.09257815731294995 -0.995705420688525 1.6222100228615985e-7
vn 0.09257815731294995 -0.995705420688525 1.6222100228615985e-7
vn 0 1.629206780595638e-7 0.9999999999999868
vn 0 1.629206780595638e-7 0.9999999999999868
vn 0 1.629206780595638e-7 0.9999999999999868
vn 0 1.629206780595638e-7 0.9999999999999868
vn 0 1.629206780595638e-7 0.9999999999999868
vn 0 1.629206780595638e-7 0.9999999999999868
vn 0 -1.629206780595638e-7 -0.9999999999999868
vn 0 -1.629206780595638e-7 -0.9999999999999868
vn 0 -1.629206780595638e-7 -0.9999999999999868
vn 0 -1.629206780595638e-7 -0.9999999999999868
vn 0 -1.629206780595638e-7 -0.9999999999999868
vn 0 -1.629206780595638e-7 -0.9999999999999868
vn -1 0 0
vn -1 0 0
vn -1 0 0
vn -1 0 0
vn -1 0 0
vn -1 0 0
vn 0 -0.9987611015303312 -0.049762054518677414
vn 0 -0.9987611015303312 -0.049762054518677414
vn 0 -0.9987611015303312 -0.049762054518677414
vn 0 -0.9987611015303312 -0.049762054518677414
vn 0 -0.9987611015303312 -0.049762054518677414
vn 0 -0.9987611015303312 -0.049762054518677414
vn 0 -1.629206780595638e-7 -0.9999999999999868
vn 0 -1.629206780595638e-7 -0.9999999999999868
vn 0 -1.629206780595638e-7 -0.9999999999999868
vn 0 -1.629206780595638e-7 -0.9999999999999868
vn 0 -1.629206780595638e-7 -0.9999999999999868
vn 0 -1.629206780595638e-7 -0.9999999999999868
vn 0 1.629206780595638e-7 0.9999999999999868
vn 0 1.629206780595638e-7 0.9999999999999868
vn 0 1.629206780595638e-7 0.9999999999999868
vn 0 1.629206780595638e-7 0.9999999999999868
vn 0 1.629206780595638e-7 0.9999999999999868
vn 0 1.629206780595638e-7 0.9999999999999868
vn 1 0 0
vn 1 0 0
vn 1 0 0
vn 1 0 0
vn 1 0 0
vn 1 0 0
vn 0.9995977120639656 4.620787843246877e-9 0.028362193788301418
vn 0.9995977120639656 4.620787843246877e-9 0.028362193788301418
vn 0.9995977120639656 4.620787843246877e-9 0.028362193788301418
vn 0.9995977120639656 4.620787843246877e-9 0.028362193788301418
vn 0.9995977120639656 4.620787843246877e-9 0.028362193788301418
vn 0.9995977120639656 4.620787843246877e-9 0.028362193788301418
vn 0 0.9987610932020612 -0.0497622216729068
vn 0 0.9987610932020612 -0.0497622216729068
vn 0 0.9987610932020612 -0.0497622216729068
vn 0 0.9987610932020612 -0.0497622216729068
vn 0 0.9987610932020612 -0.0497622216729068
vn 0 0.9987610932020612 -0.0497622216729068
vn 0.092577924722477 0.9957054423141681 -1.622210058094243e-7
vn 0.092577924722477 0.9957054423141681 -1.622210058094243e-7
vn 0.092577924722477 0.9957054423141681 -1.622210058094243e-7
vn 0.092577924722477 0.9957054423141681 -1.622210058094243e-7
vn 0.092577924722477 0.9957054423141681 -1.622210058094243e-7
vn 0.092577924722477 0.9957054423141681 -1.622210058094243e-7
vn 0.9995977120639656 -4.620787843246877e-9 -0.028362193788301418
vn 0.9995977120639656 -4.620787843246877e-9 -0.028362193788301418
vn 0.9995977120639656 -4.620787843246877e-9 -0.028362193788301418
vn 0.9995977120639656 -4.620787843246877e-9 -0.028362193788301418
vn 0.9995977120639656 -4.620787843246877e-9 -0.028362193788301418
vn 0.9995977120639656 -4.620787843246877e-9 -0.028362193788301418
vn 0 0.9987611094165979 0.04976189623523511
vn 0 0.9987611094165979 0.04976189623523511
vn 0 0.9987611094165979 0.04976189623523511
vn 0 0.9987611094165979 0.04976189623523511
vn 0 0.9987611094165979 0.04976189623523511
vn 0 0.9987611094165979 0.04976189623523511
vn 0 -0.9987610853157426 0.04976237995634652
vn 0 -0.9987610853157426 0.04976237995634652
vn 0 -0.9987610853157426 0.04976237995634652
vn 0 -0.9987610853157426 0.04976237995634652
vn 0 -0.9987610853157426 0.04976237995634652
vn 0 -0.9987610853157426 0.04976237995634652
vn 0.09257514749674715 -0.9957057005289913 1.6222104787795838e-7
vn 0.09257514749674715 -0.9957057005289913 1.6222104787795838e-7
vn 0.09257514749674715 -0.9957057005289913 1.6222104787795838e-7
vn 0.09257514749674715 -0.9957057005289913 1.6222104787795838e-7
vn 0.09257514749674715 -0.9957057005289913 1.6222104787795838e-7
vn 0.09257514749674715 -0.9957057005289913 1.6222104787795838e-7
vn 0 1.629206780595638e-7 0.9999999999999868
vn 0 1.629206780595638e-7 0.9999999999999868
vn 0 1.629206780595638e-7 0.9999999999999868
vn 0 1.629206780595638e-7 0.9999999999999868
vn 0 1.629206780595638e-7 0.9999999999999868
vn 0 1.629206780595638e-7 0.9999999999999868
vn 0 -1.629206780595638e-7 -0.9999999999999868
vn 0 -1.629206780595638e-7 -0.9999999999999868
vn 0 -1.629206780595638e-7 -0.9999999999999868
vn 0 -1.629206780595638e-7 -0.9999999999999868
vn 0 -1.629206780595638e-7 -0.9999999999999868
vn 0 -1.629206780595638e-7 -0.9999999999999868
vn -1 0 0
vn -1 0 0
vn -1 0 0
vn -1 0 0
vn -1 0 0
vn -1 0 0
vn 0 -0.9987611094165979 -0.04976189623523511
vn 0 -0.9987611094165979 -0.04976189623523511
vn 0 -0.9987611094165979 -0.04976189623523511
vn 0 -0.9987611094165979 -0.04976189623523511
vn 0 -0.9987611094165979 -0.04976189623523511
vn 0 -0.9987611094165979 -0.04976189623523511
vn 0 -1.629206780595638e-7 -0.9999999999999868
vn 0 -1.629206780595638e-7 -0.9999999999999868
vn 0 -1.629206780595638e-7 -0.9999999999999868
vn 0 -1.629206780595638e-7 -0.9999999999999868
vn 0 -1.629206780595638e-7 -0.9999999999999868
vn 0 -1.629206780595638e-7 -0.9999999999999868
vn 0 1.629206780595638e-7 0.9999999999999868
vn 0 1.629206780595638e-7 0.9999999999999868
vn 0 1.629206780595638e-7 0.9999999999999868
vn 0 1.629206780595638e-7 0.9999999999999868
vn 0 1.629206780595638e-7 0.9999999999999868
vn 0 1.629206780595638e-7 0.9999999999999868
vn 1 0 0
vn 1 0 0
vn 1 0 0
vn 1 0 0
vn 1 0 0
vn 1 0 0
vn 0.9995977836628177 4.6203767057966355e-9 0.028359670244604344
vn 0.9995977836628177 4.6203767057966355e-9 0.028359670244604344
vn 0.9995977836628177 4.6203767057966355e-9 0.028359670244604344
vn 0.9995977836628177 4.6203767057966355e-9 0.028359670244604344
vn 0.9995977836628177 4.6203767057966355e-9 0.028359670244604344
vn 0.9995977836628177 4.6203767057966355e-9 0.028359670244604344
vn 0 0.9987610932020612 -0.0497622216729068
vn 0 0.9987610932020612 -0.0497622216729068
vn 0 0.9987610932020612 -0.0497622216729068
vn 0 0.9987610932020612 -0.0497622216729068
vn 0 0.9987610932020612 -0.0497622216729068
vn 0 0.9987610932020612 -0.0497622216729068
vn 0.09257885166491539 0.9957053561292011 -1.6222099176811102e-7
vn 0.09257885166491539 0.9957053561292011 -1.6222099176811102e-7
vn 0.09257885166491539 0.9957053561292011 -1.6222099176811102e-7
vn 0.09257885166491539 0.9957053561292011 -1.6222099176811102e-7
vn 0.09257885166491539 0.9957053561292011 -1.6222099176811102e-7
vn 0.09257885166491539 0.9957053561292011 -1.6222099176811102e-7
vn 0.9995977836628177 -4.6203767057966355e-9 -0.028359670244604344
vn 0.9995977836628177 -4.6203767057966355e-9 -0.028359670244604344
vn 0.9995977836628177 -4.6203767057966355e-9 -0.028359670244604344
vn 0.9995977836628177 -4.6203767057966355e-9 -0.028359670244604344
vn 0.9995977836628177 -4.6203767057966355e-9 -0.028359670244604344
vn 0.9995977836628177 -4.6203767057966355e-9 -0.028359670244604344
vn 0 0.9987611094165979 0.04976189623523511
vn 0 0.9987611094165979 0.04976189623523511
vn 0 0.9987611094165979 0.04976189623523511
vn 0 0.9987611094165979 0.04976189623523511
vn 0 0.9987611094165979 0.04976189623523511
vn 0 0.9987611094165979 0.04976189623523511
vn 0 -0.9987610932020612 0.0497622216729068
vn 0 -0.9987610932020612 0.0497622216729068
vn 0 -0.9987610932020612 0.0497622216729068
vn 0 -0.9987610932020612 0.0497622216729068
vn 0 -0.9987610932020612 0.0497622216729068
vn 0 -0.9987610932020612 0.0497622216729068
vn 0.09258255033725228 -0.9957050122265247 1.6222093573925378e-7
vn 0.09258255033725228 -0.9957050122265247 1.6222093573925378e-7
vn 0.09258255033725228 -0.9957050122265247 1.6222093573925378e-7
vn 0.09258255033725228 -0.9957050122265247 1.6222093573925378e-7
vn 0.09258255033725228 -0.9957050122265247 1.6222093573925378e-7
vn 0.09258255033725228 -0.9957050122265247 1.6222093573925378e-7
vn 0 1.629206780595638e-7 0.9999999999999868
vn 0 1.629206780595638e-7 0.9999999999999868
vn 0 1.629206780595638e-7 0.9999999999999868
vn 0 1.629206780595638e-7 0.9999999999999868
vn 0 1.629206780595638e-7 0.9999999999999868
vn 0 1.629206780595638e-7 0.9999999999999868
vn 0 -1.629206780595638e-7 -0.9999999999999868
vn 0 -1.629206780595638e-7 -0.9999999999999868
vn 0 -1.629206780595638e-7 -0.9999999999999868
vn 0 -1.629206780595638e-7 -0.9999999999999868
vn 0 -1.629206780595638e-7 -0.9999999999999868
vn 0 -1.629206780595638e-7 -0.9999999999999868
vn -1 0 0
vn -1 0 0
vn -1 0 0
vn -1 0 0
vn -1 0 0
vn -1 0 0
vn 0 -0.9987611094165979 -0.04976189623523511
vn 0 -0.9987611094165979 -0.04976189623523511
vn 0 -0.9987611094165979 -0.04976189623523511
vn 0 -0.9987611094165979 -0.04976189623523511
vn 0 -0.9987611094165979 -0.04976189623523511
vn 0 -0.9987611094165979 -0.04976189623523511
vn 0 -1.629206780595638e-7 -0.9999999999999868
vn 0 -1.629206780595638e-7 -0.9999999999999868
vn 0 -1.629206780595638e-7 -0.9999999999999868
vn 0 -1.629206780595638e-7 -0.9999999999999868
vn 0 -1.629206780595638e-7 -0.9999999999999868
vn 0 -1.629206780595638e-7 -0.9999999999999868
vn 0 1.629206780595638e-7 0.9999999999999868
vn 0 1.629206780595638e-7 0.9999999999999868
vn 0 1.629206780595638e-7 0.9999999999999868
vn 0 1.629206780595638e-7 0.9999999999999868
vn 0 1.629206780595638e-7 0.9999999999999868
vn 0 1.629206780595638e-7 0.9999999999999868
vn 1 0 0
vn 1 0 0
vn 1 0 0
vn 1 0 0
vn 1 0 0
vn 1 0 0
vn 0.9995977826595648 4.620382466963794e-9 0.028359705606396515
vn 0.9995977826595648 4.620382466963794e-9 0.028359705606396515
vn 0.9995977826595648 4.620382466963794e-9 0.028359705606396515
vn 0.9995977826595648 4.620382466963794e-9 0.028359705606396515
vn 0.9995977826595648 4.620382466963794e-9 0.028359705606396515
vn 0.9995977826595648 4.620382466963794e-9 0.028359705606396515
vn 0 0.9987610932020612 -0.0497622216729068
vn 0 0.9987610932020612 -0.0497622216729068
vn 0 0.9987610932020612 -0.0497622216729068
vn 0 0.9987610932020612 -0.0497622216729068
vn 0 0.9987610932020612 -0.0497622216729068
vn 0 0.9987610932020612 -0.0497622216729068
vn 0.09257514749674715 0.9957057005289913 -1.6222104787795838e-7
vn 0.09257514749674715 0.9957057005289913 -1.6222104787795838e-7
vn 0.09257514749674715 0.9957057005289913 -1.6222104787795838e-7
vn 0.09257514749674715 0.9957057005289913 -1.6222104787795838e-7
vn 0.09257514749674715 0.9957057005289913 -1.6222104787795838e-7
vn 0.09257514749674715 0.9957057005289913 -1.6222104787795838e-7
vn 0.9995977826595648 -4.620382466963794e-9 -0.028359705606396515
vn 0.9995977826595648 -4.620382466963794e-9 -0.028359705606396515
vn 0.9995977826595648 -4.620382466963794e-9 -0.028359705606396515
vn 0.9995977826595648 -4.620382466963794e-9 -0.028359705606396515
vn 0.9995977826595648 -4.620382466963794e-9 -0.028359705606396515
vn 0.9995977826595648 -4.620382466963794e-9 -0.028359705606396515
vn 0 0.9987611094165979 0.04976189623523511
vn 0 0.9987611094165979 0.04976189623523511
vn 0 0.9987611094165979 0.04976189623523511
vn 0 0.9987611094165979 0.04976189623523511
vn 0 0.9987611094165979 0.04976189623523511
vn 0 0.9987611094165979 0.04976189623523511
vn 0 -0.9987610932020612 0.0497622216729068
vn 0 -0.9987610932020612 0.0497622216729068
vn 0 -0.9987610932020612 0.0497622216729068
vn 0 -0.9987610932020612 0.0497622216729068
vn 0 -0.9987610932020612 0.0497622216729068
vn 0 -0.9987610932020612 0.0497622216729068
vn 0.09257514749674715 -0.9957057005289913 1.6222104787795838e-7
vn 0.09257514749674715 -0.9957057005289913 1.6222104787795838e-7
vn 0.09257514749674715 -0.9957057005289913 1.6222104787795838e-7
vn 0.09257514749674715 -0.9957057005289913 1.6222104787795838e-7
vn 0.09257514749674715 -0.9957057005289913 1.6222104787795838e-7
vn 0.09257514749674715 -0.9957057005289913 1.6222104787795838e-7
vn 0 1.629206780595638e-7 0.9999999999999868
vn 0 1.629206780595638e-7 0.9999999999999868
vn 0 1.629206780595638e-7 0.9999999999999868
vn 0 1.629206780595638e-7 0.9999999999999868
vn 0 1.629206780595638e-7 0.9999999999999868
vn 0 1.629206780595638e-7 0.9999999999999868
vn 0 -1.629206780595638e-7 -0.9999999999999868
vn 0 -1.629206780595638e-7 -0.9999999999999868
vn 0 -1.629206780595638e-7 -0.9999999999999868
vn 0 -1.629206780595638e-7 -0.9999999999999868
vn 0 -1.629206780595638e-7 -0.9999999999999868
vn 0 -1.629206780595638e-7 -0.9999999999999868
vn -1 0 0
vn -1 0 0
vn -1 0 0
vn -1 0 0
vn -1 0 0
vn -1 0 0
vn 0 -0.9987611094165979 -0.04976189623523511
vn 0 -0.9987611094165979 -0.04976189623523511
vn 0 -0.9987611094165979 -0.04976189623523511
vn 0 -0.9987611094165979 -0.04976189623523511
vn 0 -0.9987611094165979 -0.04976189623523511
vn 0 -0.9987611094165979 -0.04976189623523511
vn 0 -1.629206780595638e-7 -0.9999999999999868
vn 0 -1.629206780595638e-7 -0.9999999999999868
vn 0 -1.629206780595638e-7 -0.9999999999999868
vn 0 -1.629206780595638e-7 -0.9999999999999868
vn 0 -1.629206780595638e-7 -0.9999999999999868
vn 0 -1.629206780595638e-7 -0.9999999999999868
vn 0 1.629206780595638e-7 0.9999999999999868
vn 0 1.629206780595638e-7 0.9999999999999868
vn 0 1.629206780595638e-7 0.9999999999999868
vn 0 1.629206780595638e-7 0.9999999999999868
vn 0 1.629206780595638e-7 0.9999999999999868
vn 0 1.629206780595638e-7 0.9999999999999868
vn 1 0 0
vn 1 0 0
vn 1 0 0
vn 1 0 0
vn 1 0 0
vn 1 0 0
vn 0.9995977846660693 4.6203709446294605e-9 0.028359634882812065
vn 0.9995977846660693 4.6203709446294605e-9 0.028359634882812065
vn 0.9995977846660693 4.6203709446294605e-9 0.028359634882812065
vn 0.9995977846660693 4.6203709446294605e-9 0.028359634882812065
vn 0.9995977846660693 4.6203709446294605e-9 0.028359634882812065
vn 0.9995977846660693 4.6203709446294605e-9 0.028359634882812065
vn 0 0.9987610932020612 -0.0497622216729068
vn 0 0.9987610932020612 -0.0497622216729068
vn 0 0.9987610932020612 -0.0497622216729068
vn 0 0.9987610932020612 -0.0497622216729068
vn 0 0.9987610932020612 -0.0497622216729068
vn 0 0.9987610932020612 -0.0497622216729068
vn 0.09257514749674715 0.9957057005289913 -1.6222104787795838e-7
vn 0.09257514749674715 0.9957057005289913 -1.6222104787795838e-7
vn 0.09257514749674715 0.9957057005289913 -1.6222104787795838e-7
vn 0.09257514749674715 0.9957057005289913 -1.6222104787795838e-7
vn 0.09257514749674715 0.9957057005289913 -1.6222104787795838e-7
vn 0.09257514749674715 0.9957057005289913 -1.6222104787795838e-7
vn 0.9995977846660693 -4.6203709446294605e-9 -0.028359634882812065
vn 0.9995977846660693 -4.6203709446294605e-9 -0.028359634882812065
vn 0.9995977846660693 -4.6203709446294605e-9 -0.028359634882812065
vn 0.9995977846660693 -4.6203709446294605e-9 -0.028359634882812065
vn 0.9995977846660693 -4.6203709446294605e-9 -0.028359634882812065
vn 0.9995977846660693 -4.6203709446294605e-9 -0.028359634882812065
vn 0 0.9987611094165979 0.04976189623523511
vn 0 0.9987611094165979 0.04976189623523511
vn 0 0.9987611094165979 0.04976189623523511
vn 0 0.9987611094165979 0.04976189623523511
vn 0 0.9987611094165979 0.04976189623523511
vn 0 0.9987611094165979 0.04976189623523511
vn 0 -0.9987610932020612 0.0497622216729068
vn 0 -0.9987610932020612 0.0497622216729068
vn 0 -0.9987610932020612 0.0497622216729068
vn 0 -0.9987610932020612 0.0497622216729068
vn 0 -0.9987610932020612 0.0497622216729068
vn 0 -0.9987610932020612 0.0497622216729068
vn 0.09257514749674715 -0.9957057005289913 1.6222104787795838e-7
vn 0.09257514749674715 -0.9957057005289913 1.6222104787795838e-7
vn 0.09257514749674715 -0.9957057005289913 1.6222104787795838e-7
vn 0.09257514749674715 -0.9957057005289913 1.6222104787795838e-7
vn 0.09257514749674715 -0.9957057005289913 1.6222104787795838e-7
vn 0.09257514749674715 -0.9957057005289913 1.6222104787795838e-7
vn 0 1.629206780595638e-7 0.9999999999999868
vn 0 1.629206780595638e-7 0.9999999999999868
vn 0 1.629206780595638e-7 0.9999999999999868
vn 0 1.629206780595638e-7 0.9999999999999868
vn 0 1.629206780595638e-7 0.9999999999999868
vn 0 1.629206780595638e-7 0.9999999999999868
vn 0 -1.629206780595638e-7 -0.9999999999999868
vn 0 -1.629206780595638e-7 -0.9999999999999868
vn 0 -1.629206780595638e-7 -0.9999999999999868
vn 0 -1.629206780595638e-7 -0.9999999999999868
vn 0 -1.629206780595638e-7 -0.9999999999999868
vn 0 -1.629206780595638e-7 -0.9999999999999868
vn -1 0 0
vn -1 0 0
vn -1 0 0
vn -1 0 0
vn -1 0 0
vn -1 0 0
vn 0 -0.9987611094165979 -0.04976189623523511
vn 0 -0.9987611094165979 -0.04976189623523511
vn 0 -0.9987611094165979 -0.04976189623523511
vn 0 -0.9987611094165979 -0.04976189623523511
vn 0 -0.9987611094165979 -0.04976189623523511
vn 0 -0.9987611094165979 -0.04976189623523511
vn 0 -1.629206780595638e-7 -0.9999999999999868
vn 0 -1.629206780595638e-7 -0.9999999999999868
vn 0 -1.629206780595638e-7 -0.9999999999999868
vn 0 -1.629206780595638e-7 -0.9999999999999868
vn 0 -1.629206780595638e-7 -0.9999999999999868
vn 0 -1.629206780595638e-7 -0.9999999999999868
vn 0 1.629206780595638e-7 0.9999999999999868
vn 0 1.629206780595638e-7 0.9999999999999868
vn 0 1.629206780595638e-7 0.9999999999999868
vn 0 1.629206780595638e-7 0.9999999999999868
vn 0 1.629206780595638e-7 0.9999999999999868
vn 0 1.629206780595638e-7 0.9999999999999868
vn 1 0 0
vn 1 0 0
vn 1 0 0
vn 1 0 0
vn 1 0 0
vn 1 0 0
vn 0.9995977846660693 4.6203709446294605e-9 0.028359634882812065
vn 0.9995977846660693 4.6203709446294605e-9 0.028359634882812065
vn 0.9995977846660693 4.6203709446294605e-9 0.028359634882812065
vn 0.9995977846660693 4.6203709446294605e-9 0.028359634882812065
vn 0.9995977846660693 4.6203709446294605e-9 0.028359634882812065
vn 0.9995977846660693 4.6203709446294605e-9 0.028359634882812065
vn 0 0.9987610932020612 -0.0497622216729068
vn 0 0.9987610932020612 -0.0497622216729068
vn 0 0.9987610932020612 -0.0497622216729068
vn 0 0.9987610932020612 -0.0497622216729068
vn 0 0.9987610932020612 -0.0497622216729068
vn 0 0.9987610932020612 -0.0497622216729068
vn 0.09258995128053091 0.995704324044966 -1.6222082362024766e-7
vn 0.09258995128053091 0.995704324044966 -1.6222082362024766e-7
vn 0.09258995128053091 0.995704324044966 -1.6222082362024766e-7
vn 0.09258995128053091 0.995704324044966 -1.6222082362024766e-7
vn 0.09258995128053091 0.995704324044966 -1.6222082362024766e-7
vn 0.09258995128053091 0.995704324044966 -1.6222082362024766e-7
vn 0.9995977846660693 -4.6203709446294605e-9 -0.028359634882812065
vn 0.9995977846660693 -4.6203709446294605e-9 -0.028359634882812065
vn 0.9995977846660693 -4.6203709446294605e-9 -0.028359634882812065
vn 0.9995977846660693 -4.6203709446294605e-9 -0.028359634882812065
vn 0.9995977846660693 -4.6203709446294605e-9 -0.028359634882812065
vn 0.9995977846660693 -4.6203709446294605e-9 -0.028359634882812065
vn 0 0.9987611094165979 0.04976189623523511
vn 0 0.9987611094165979 0.04976189623523511
vn 0 0.9987611094165979 0.04976189623523511
vn 0 0.9987611094165979 0.04976189623523511
vn 0 0.9987611094165979 0.04976189623523511
vn 0 0.9987611094165979 0.04976189623523511
vn 0 -0.9987610932020612 0.0497622216729068
vn 0 -0.9987610932020612 0.0497622216729068
vn 0 -0.9987610932020612 0.0497622216729068
vn 0 -0.9987610932020612 0.0497622216729068
vn 0 -0.9987610932020612 0.0497622216729068
vn 0 -0.9987610932020612 0.0497622216729068
f 847/847/847 848/848/848 849/849/849
f 850/850/850 851/851/851 852/852/852
f 853/853/853 854/854/854 855/855/855
f 856/856/856 857/857/857 858/858/858
f 859/859/859 860/860/860 861/861/861
f 862/862/862 863/863/863 864/864/864
f 865/865/865 866/866/866 867/867/867
f 868/868/868 869/869/869 870/870/870
f 871/871/871 872/872/872 873/873/873
f 874/874/874 875/875/875 876/876/876
f 877/877/877 878/878/878 879/879/879
f 880/880/880 881/881/881 882/882/882
f 883/883/883 884/884/884 885/885/885
f 886/886/886 887/887/887 888/888/888
f 889/889/889 890/890/890 891/891/891
f 892/892/892 893/893/893 894/894/894
f 895/895/895 896/896/896 897/897/897
f 898/898/898 899/899/899 900/900/900
f 901/901/901 902/902/902 903/903/903
f 904/904/904 905/905/905 906/906/906
f 907/907/907 908/908/908 909/909/909
f 910/910/910 911/911/911 912/912/912
f 913/913/913 914/914/914 915/915/915
f 916/916/916 917/917/917 918/918/918
f 919/919/919 920/920/920 921/921/921
f 922/922/922 923/923/923 924/924/924
f 925/925/925 926/926/926 927/927/927
f 928/928/928 929/929/929 930/930/930
f 931/931/931 932/932/932 933/933/933
f 934/934/934 935/935/935 936/936/936
f 937/937/937 938/938/938 939/939/939
f 940/940/940 941/941/941 942/942/942
f 943/943/943 944/944/944 945/945/945
f 946/946/946 947/947/947 948/948/948
f 949/949/949 950/950/950 951/951/951
f 952/952/952 953/953/953 954/954/954
f 955/955/955 956/956/956 957/957/957
f 958/958/958 959/959/959 960/960/960
f 961/961/961 962/962/962 963/963/963
f 964/964/964 965/965/965 966/966/966
f 967/967/967 968/968/968 969/969/969
f 970/970/970 971/971/971 972/972/972
f 973/973/973 974/974/974 975/975/975
f 976/976/976 977/977/977 978/978/978
f 979/979/979 980/980/980 981/981/981
f 982/982/982 983/983/983 984/984/984
f 985/985/985 986/986/986 987/987/987
f 988/988/988 989/989/989 990/990/990
f 991/991/991 992/992/992 993/993/993
f 994/994/994 995/995/995 996/996/996
f 997/997/997 998/998/998 999/999/999
f 1000/1000/1000 1001/1001/1001 1002/1002/1002
f 1003/1003/1003 1004/1004/1004 1005/1005/1005
f 1006/1006/1006 1007/1007/1007 1008/1008/1008
f 1009/1009/1009 1010/1010/1010 1011/1011/1011
f 1012/1012/1012 1013/1013/1013 1014/1014/1014
f 1015/1015/1015 1016/1016/1016 1017/1017/1017
f 1018/1018/1018 1019/1019/1019 1020/1020/1020
f 1021/1021/1021 1022/1022/1022 1023/1023/1023
f 1024/1024/1024 1025/1025/1025 1026/1026/1026
f 1027/1027/1027 1028/1028/1028 1029/1029/1029
f 1030/1030/1030 1031/1031/1031 1032/1032/1032
f 1033/1033/1033 1034/1034/1034 1035/1035/1035
f 1036/1036/1036 1037/1037/1037 1038/1038/1038
f 1039/1039/1039 1040/1040/1040 1041/1041/1041
f 1042/1042/1042 1043/1043/1043 1044/1044/1044
f 1045/1045/1045 1046/1046/1046 1047/1047/1047
f 1048/1048/1048 1049/1049/1049 1050/1050/1050
f 1051/1051/1051 1052/1052/1052 1053/1053/1053
f 1054/1054/1054 1055/1055/1055 1056/1056/1056
f 1057/1057/1057 1058/1058/1058 1059/1059/1059
f 1060/1060/1060 1061/1061/1061 1062/1062/1062
f 1063/1063/1063 1064/1064/1064 1065/1065/1065
f 1066/1066/1066 1067/1067/1067 1068/1068/1068
f 1069/1069/1069 1070/1070/1070 1071/1071/1071
f 1072/1072/1072 1073/1073/1073 1074/1074/1074
f 1075/1075/1075 1076/1076/1076 1077/1077/1077
f 1078/1078/1078 1079/1079/1079 1080/1080/1080
f 1081/1081/1081 1082/1082/1082 1083/1083/1083
f 1084/1084/1084 1085/1085/1085 1086/1086/1086
f 1087/1087/1087 1088/1088/1088 1089/1089/1089
f 1090/1090/1090 1091/1091/1091 1092/1092/1092
f 1093/1093/1093 1094/1094/1094 1095/1095/1095
f 1096/1096/1096 1097/1097/1097 1098/1098/1098
f 1099/1099/1099 1100/1100/1100 1101/1101/1101
f 1102/1102/1102 1103/1103/1103 1104/1104/1104
f 1105/1105/1105 1106/1106/1106 1107/1107/1107
f 1108/1108/1108 1109/1109/1109 1110/1110/1110
f 1111/1111/1111 1112/1112/1112 1113/1113/1113
f 1114/1114/1114 1115/1115/1115 1116/1116/1116
f 1117/1117/1117 1118/1118/1118 1119/1119/1119
f 1120/1120/1120 1121/1121/1121 1122/1122/1122
f 1123/1123/1123 1124/1124/1124 1125/1125/1125
f 1126/1126/1126 1127/1127/1127 1128/1128/1128
f 1129/1129/1129 1130/1130/1130 1131/1131/1131
f 1132/1132/1132 1133/1133/1133 1134/1134/1134
f 1135/1135/1135 1136/1136/1136 1137/1137/1137
f 1138/1138/1138 1139/1139/1139 1140/1140/1140
f 1141/1141/1141 1142/1142/1142 1143/1143/1143
f 1144/1144/1144 1145/1145/1145 1146/1146/1146
f 1147/1147/1147 1148/1148/1148 1149/1149/1149
f 1150/1150/1150 1151/1151/1151 1152/1152/1152
f 1153/1153/1153 1154/1154/1154 1155/1155/1155
f 1156/1156/1156 1157/1157/1157 1158/1158/1158
f 1159/1159/1159 1160/1160/1160 1161/1161/1161
f 1162/1162/1162 1163/1163/1163 1164/1164/1164
f 1165/1165/1165 1166/1166/1166 1167/1167/1167
f 1168/1168/1168 1169/1169/1169 1170/1170/1170
f 1171/1171/1171 1172/1172/1172 1173/1173/1173
f 1174/1174/1174 1175/1175/1175 1176/1176/1176
f 1177/1177/1177 1178/1178/1178 1179/1179/1179
f 1180/1180/1180 1181/1181/1181 1182/1182/1182
f 1183/1183/1183 1184/1184/1184 1185/1185/1185
f 1186/1186/1186 1187/1187/1187 1188/1188/1188
f 1189/1189/1189 1190/1190/1190 1191/1191/1191
f 1192/1192/1192 1193/1193/1193 1194/1194/1194
f 1195/1195/1195 1196/1196/1196 1197/1197/1197
f 1198/1198/1198 1199/1199/1199 1200/1200/1200
f 1201/1201/1201 1202/1202/1202 1203/1203/1203
f 1204/1204/1204 1205/1205/1205 1206/1206/1206
f 1207/1207/1207 1208/1208/1208 1209/1209/1209
f 1210/1210/1210 1211/1211/1211 1212/1212/1212
f 1213/1213/1213 1214/1214/1214 1215/1215/1215
f 1216/1216/1216 1217/1217/1217 1218/1218/1218
f 1219/1219/1219 1220/1220/1220 1221/1221/1221
f 1222/1222/1222 1223/1223/1223 1224/1224/1224
f 1225/1225/1225 1226/1226/1226 1227/1227/1227
f 1228/1228/1228 1229/1229/1229 1230/1230/1230
f 1231/1231/1231 1232/1232/1232 1233/1233/1233
f 1234/1234/1234 1235/1235/1235 1236/1236/1236
f 1237/1237/1237 1238/1238/1238 1239/1239/1239
f 1240/1240/1240 1241/1241/1241 1242/1242/1242
f 1243/1243/1243 1244/1244/1244 1245/1245/1245
f 1246/1246/1246 1247/1247/1247 1248/1248/1248
f 1249/1249/1249 1250/1250/1250 1251/1251/1251
f 1252/1252/1252 1253/1253/1253 1254/1254/1254
f 1255/1255/1255 1256/1256/1256 1257/1257/1257
f 1258/1258/1258 1259/1259/1259 1260/1260/1260
f 1261/1261/1261 1262/1262/1262 1263/1263/1263
f 1264/1264/1264 1265/1265/1265 1266/1266/1266
