mtllib CookingPot.mtl
o Cylinder001
usemtl DefaultMaterial
v 1.6264757398735838 -1.1817005333557802 0
v 1.181704729522835 -1.6264726881157259 0
v 0.6212599846908446 -1.9120344446902635 0
v 0.6212599846908446 -1.9120344446902635 0
v 0.0000019412720865200767 -2.010432654774675 0
v -0.6212562653609552 -1.9120355890994603 0
v -0.6212562653609552 -1.9120355890994603 0
v -1.1817015823975439 -1.6264749769341194 0
v -1.6264734510551904 -1.1817035851136382 0
v 0.6212599846908446 -1.9120344446902635 0
v -0.6212562653609552 -1.9120355890994603 0
v -1.6264734510551904 -1.1817035851136382 0
v -1.6264734510551904 -1.1817035851136382 0
v -1.9120348261599958 -0.6212586972304983 0
v -2.010432654774675 -6.550821224053519e-7 0
v -2.010432654774675 -6.550821224053519e-7 0
v -1.912035207629728 0.6212574574538685 0
v -1.626474404729521 1.1817025360718745 0
v -1.6264734510551904 -1.1817035851136382 0
v -2.010432654774675 -6.550821224053519e-7 0
v -1.626474404729521 1.1817025360718745 0
v -1.626474404729521 1.1817025360718745 0
v -1.1817025360718745 1.6264742139946549 0
v -0.6212579342910338 1.9120350168948619 0
v -0.6212579342910338 1.9120350168948619 0
v -8.787880136861191e-8 2.010432654774675 0
v 0.6212577912398842 1.912035207629728 0
v -1.626474404729521 1.1817025360718745 0
v -0.6212579342910338 1.9120350168948619 0
v 0.6212577912398842 1.912035207629728 0
v 0.6212577912398842 1.912035207629728 0
v 1.1817026314393075 1.6264742139946549 0
v 1.6264742139946549 1.1817026314393075 0
v 1.6264742139946549 1.1817026314393075 0
v 1.912035207629728 0.6212578866073173 0
v 2.010432654774675 0 0
v 0.6212577912398842 1.912035207629728 0
v 1.6264742139946549 1.1817026314393075 0
v 2.010432654774675 0 0
v -1.626474404729521 1.1817025360718745 0
v 0.6212577912398842 1.912035207629728 0
v 2.010432654774675 0 0
v -1.6264734510551904 -1.1817035851136382 0
v -1.626474404729521 1.1817025360718745 0
v 2.010432654774675 0 0
v 0.6212599846908446 -1.9120344446902635 0
v -1.6264734510551904 -1.1817035851136382 0
v 2.010432654774675 0 0
v 1.6264757398735838 -1.1817005333557802 0
v 0.6212599846908446 -1.9120344446902635 0
v 2.010432654774675 0 0
v 1.9120359705691925 -0.621255073268042 0
v 1.6264757398735838 -1.1817005333557802 0
v 2.010432654774675 0 0
v 1.912035207629728 0.6212578866073173 0
v 1.912035207629728 0.6212578866073173 1.6761890661148584
v 2.010432654774675 0 1.6761890661148584
v 2.010432654774675 0 1.6761890661148584
v 2.010432654774675 0 0
v 1.912035207629728 0.6212578866073173 0
v 1.6264742139946549 1.1817026314393075 0
v 1.6264742139946549 1.1817026314393075 1.6761890661148584
v 1.912035207629728 0.6212578866073173 1.6761890661148584
v 1.912035207629728 0.6212578866073173 1.6761890661148584
v 1.912035207629728 0.6212578866073173 0
v 1.6264742139946549 1.1817026314393075 0
v 1.1817026314393075 1.6264742139946549 0
v 1.1817026314393075 1.6264742139946549 1.6761890661148584
v 1.6264742139946549 1.1817026314393075 1.6761890661148584
v 1.6264742139946549 1.1817026314393075 1.6761890661148584
v 1.6264742139946549 1.1817026314393075 0
v 1.1817026314393075 1.6264742139946549 0
v 0.6212577912398842 1.912035207629728 0
v 0.6212577912398842 1.912035207629728 1.6761890661148584
v 1.1817026314393075 1.6264742139946549 1.6761890661148584
v 1.1817026314393075 1.6264742139946549 1.6761890661148584
v 1.1817026314393075 1.6264742139946549 0
v 0.6212577912398842 1.912035207629728 0
v -8.787880136861191e-8 2.010432654774675 0
v -8.787878999992797e-8 2.010432654774675 1.6761890661148584
v 0.6212577912398842 1.912035207629728 1.6761890661148584
v 0.6212577912398842 1.912035207629728 1.6761890661148584
v 0.6212577912398842 1.912035207629728 0
v -8.787880136861191e-8 2.010432654774675 0
v -0.6212579342910338 1.9120350168948619 0
v -0.6212579342910338 1.9120350168948619 1.6761890661148584
v -8.787878999992797e-8 2.010432654774675 1.6761890661148584
v -8.787878999992797e-8 2.010432654774675 1.6761890661148584
v -8.787880136861191e-8 2.010432654774675 0
v -0.6212579342910338 1.9120350168948619 0
v -1.1817025360718745 1.6264742139946549 0
v -1.1817026314393075 1.6264742139946549 1.6761890661148584
v -0.6212579342910338 1.9120350168948619 1.6761890661148584
v -0.6212579342910338 1.9120350168948619 1.6761890661148584
v -0.6212579342910338 1.9120350168948619 0
v -1.1817025360718745 1.6264742139946549 0
v -1.626474404729521 1.1817025360718745 0
v -1.626474404729521 1.1817025360718745 1.6761890661148584
v -1.1817026314393075 1.6264742139946549 1.6761890661148584
v -1.1817026314393075 1.6264742139946549 1.6761890661148584
v -1.1817025360718745 1.6264742139946549 0
v -1.626474404729521 1.1817025360718745 0
v -1.912035207629728 0.6212574574538685 0
v -1.912035207629728 0.6212574574538685 1.6761890661148584
v -1.626474404729521 1.1817025360718745 1.6761890661148584
v -1.626474404729521 1.1817025360718745 1.6761890661148584
v -1.626474404729521 1.1817025360718745 0
v -1.912035207629728 0.6212574574538685 0
v -2.010432654774675 -6.550821224053519e-7 0
v -2.010432654774675 -6.550821224053519e-7 1.6761890661148584
v -1.912035207629728 0.6212574574538685 1.6761890661148584
v -1.912035207629728 0.6212574574538685 1.6761890661148584
v -1.912035207629728 0.6212574574538685 0
v -2.010432654774675 -6.550821224053519e-7 0
v -1.9120348261599958 -0.6212586972304983 0
v -1.9120348261599958 -0.6212586972304983 1.6761890661148584
v -2.010432654774675 -6.550821224053519e-7 1.6761890661148584
v -2.010432654774675 -6.550821224053519e-7 1.6761890661148584
v -2.010432654774675 -6.550821224053519e-7 0
v -1.9120348261599958 -0.6212586972304983 0
v -1.6264734510551904 -1.1817035851136382 0
v -1.6264734510551904 -1.1817035851136382 1.6761890661148584
v -1.9120348261599958 -0.6212586972304983 1.6761890661148584
v -1.9120348261599958 -0.6212586972304983 1.6761890661148584
v -1.9120348261599958 -0.6212586972304983 0
v -1.6264734510551904 -1.1817035851136382 0
v -1.1817015823975439 -1.6264749769341194 0
v -1.181701677764977 -1.6264749769341194 1.6761890661148584
v -1.6264734510551904 -1.1817035851136382 1.6761890661148584
v -1.6264734510551904 -1.1817035851136382 1.6761890661148584
v -1.6264734510551904 -1.1817035851136382 0
v -1.1817015823975439 -1.6264749769341194 0
v -0.6212562653609552 -1.9120355890994603 0
v -0.6212562653609552 -1.9120355890994603 1.6761890661148584
v -1.181701677764977 -1.6264749769341194 1.6761890661148584
v -1.181701677764977 -1.6264749769341194 1.6761890661148584
v -1.1817015823975439 -1.6264749769341194 0
v -0.6212562653609552 -1.9120355890994603 0
v 0.0000019412720865200767 -2.010432654774675 0
v 0.0000019412720865200767 -2.010432654774675 1.6761890661148584
v -0.6212562653609552 -1.9120355890994603 1.6761890661148584
v -0.6212562653609552 -1.9120355890994603 1.6761890661148584
v -0.6212562653609552 -1.9120355890994603 0
v 0.0000019412720865200767 -2.010432654774675 0
v 0.6212599846908446 -1.9120344446902635 0
v 0.6212599846908446 -1.9120344446902635 1.6761890661148584
v 0.0000019412720865200767 -2.010432654774675 1.6761890661148584
v 0.0000019412720865200767 -2.010432654774675 1.6761890661148584
v 0.0000019412720865200767 -2.010432654774675 0
v 0.6212599846908446 -1.9120344446902635 0
v 1.181704729522835 -1.6264726881157259 0
v 1.181704729522835 -1.6264726881157259 1.6761890661148584
v 0.6212599846908446 -1.9120344446902635 1.6761890661148584
v 0.6212599846908446 -1.9120344446902635 1.6761890661148584
v 0.6212599846908446 -1.9120344446902635 0
v 1.181704729522835 -1.6264726881157259 0
v 1.6264757398735838 -1.1817005333557802 0
v 1.6264757398735838 -1.1817005333557802 1.6761890661148584
v 1.181704729522835 -1.6264726881157259 1.6761890661148584
v 1.181704729522835 -1.6264726881157259 1.6761890661148584
v 1.181704729522835 -1.6264726881157259 0
v 1.6264757398735838 -1.1817005333557802 0
v 1.9120359705691925 -0.621255073268042 0
v 1.9120359705691925 -0.621255073268042 1.6761890661148584
v 1.6264757398735838 -1.1817005333557802 1.6761890661148584
v 1.6264757398735838 -1.1817005333557802 1.6761890661148584
v 1.6264757398735838 -1.1817005333557802 0
v 1.9120359705691925 -0.621255073268042 0
v 2.010432654774675 0 0
v 2.010432654774675 0 1.6761890661148584
v 1.9120359705691925 -0.621255073268042 1.6761890661148584
v 1.9120359705691925 -0.621255073268042 1.6761890661148584
v 1.9120359705691925 -0.621255073268042 0
v 2.010432654774675 0 0
v 1.9560812287938774 6.224013397490338e-10 0.16019692659671492
v 1.8603441515616197 0.6044622988173707 0.16019692659671492
v 1.5825028655305928 1.1497557811402643 0.16019692659671492
v 1.5825028655305928 1.1497557811402643 0.16019692659671492
v 1.1497562579774296 1.5825041053072226 0.16019692659671492
v 0.6044629663894021 1.8603452959708164 0.16019692659671492
v 0.6044629663894021 1.8603452959708164 0.16019692659671492
v 5.856700314285423e-8 1.9560816102636096 0.16019692659671492
v -0.6044624418685203 1.8603439608267536 0.16019692659671492
v 1.5825028655305928 1.1497557811402643 0.16019692659671492
v 0.6044629663894021 1.8603452959708164 0.16019692659671492
v -0.6044624418685203 1.8603439608267536 0.16019692659671492
v -0.6044624418685203 1.8603439608267536 0.16019692659671492
v -1.1497558765076974 1.5825033423677581 0.16019692659671492
v -1.5825035331026243 1.1497557811402643 0.16019692659671492
v -1.5825035331026243 1.1497557811402643 0.16019692659671492
v -1.8603441515616197 0.6044619173476384 0.16019692659671492
v -1.956082373203074 -9.265088148639918e-7 0.16019692659671492
v -0.6044624418685203 1.8603439608267536 0.16019692659671492
v -1.5825035331026243 1.1497557811402643 0.16019692659671492
v -1.956082373203074 -9.265088148639918e-7 0.16019692659671492
v -1.956082373203074 -9.265088148639918e-7 0.16019692659671492
v -1.8603451052359503 -0.604463490910284 0.16019692659671492
v -1.5825026747957267 -1.149756734814595 0.16019692659671492
v -1.5825026747957267 -1.149756734814595 0.16019692659671492
v -1.1497547320985007 -1.5825039145723565 0.16019692659671492
v -0.6044608206221582 -1.8603454867056826 0.16019692659671492
v -1.956082373203074 -9.265088148639918e-7 0.16019692659671492
v -1.5825026747957267 -1.149756734814595 0.16019692659671492
v -0.6044608206221582 -1.8603454867056826 0.16019692659671492
v -0.6044608206221582 -1.8603454867056826 0.16019692659671492
v 0.000001732004446582469 -1.9560827546728063 0.16019692659671492
v 0.6044644445846146 -1.8603437700918874 0.16019692659671492
v 0.6044644445846146 -1.8603437700918874 0.16019692659671492
v 1.1497577838563586 -1.582501435019097 0.16019692659671492
v 1.5825055358187186 -1.1497540645264692 0.16019692659671492
v -0.6044608206221582 -1.8603454867056826 0.16019692659671492
v 0.6044644445846146 -1.8603437700918874 0.16019692659671492
v 1.5825055358187186 -1.1497540645264692 0.16019692659671492
v -1.956082373203074 -9.265088148639918e-7 0.16019692659671492
v -0.6044608206221582 -1.8603454867056826 0.16019692659671492
v 1.5825055358187186 -1.1497540645264692 0.16019692659671492
v -0.6044624418685203 1.8603439608267536 0.16019692659671492
v -1.956082373203074 -9.265088148639918e-7 0.16019692659671492
v 1.5825055358187186 -1.1497540645264692 0.16019692659671492
v 1.5825028655305928 1.1497557811402643 0.16019692659671492
v -0.6044624418685203 1.8603439608267536 0.16019692659671492
v 1.5825055358187186 -1.1497540645264692 0.16019692659671492
v 1.9560812287938774 6.224013397490338e-10 0.16019692659671492
v 1.5825028655305928 1.1497557811402643 0.16019692659671492
v 1.5825055358187186 -1.1497540645264692 0.16019692659671492
v 1.8603454867056826 -0.6044602007338433 0.16019692659671492
v 1.9560812287938774 6.224013397490338e-10 0.16019692659671492
v 1.5825055358187186 -1.1497540645264692 0.16019692659671492
v 1.956635313579966 0.6357492064796268 1.875494221977803
v 2.05732768263411 7.776093982468885e-8 1.875494221977803
v 2.074550850310189 1.6140735637645602e-7 1.8261699948634202
v 2.074550850310189 1.6140735637645602e-7 1.8261699948634202
v 1.9730154331477792 0.6410713291327852 1.8261701855982864
v 1.956635313579966 0.6357492064796268 1.875494221977803
v 1.6644130954803984 1.209266966719433 1.875494221977803
v 1.956635313579966 0.6357492064796268 1.875494221977803
v 1.9730154331477792 0.6410713291327852 1.8261701855982864
v 1.9730154331477792 0.6410713291327852 1.8261701855982864
v 1.6783468496553127 1.2193904104737996 1.8261699948634202
v 1.6644130954803984 1.209266966719433 1.875494221977803
v 1.2092675389240313 1.6644142398895951 1.875494221977803
v 1.6644130954803984 1.209266966719433 1.875494221977803
v 1.6783468496553127 1.2193904104737996 1.8261699948634202
v 1.6783468496553127 1.2193904104737996 1.8261699948634202
v 1.2193905058412327 1.6783476125947772 1.8261701855982864
v 1.2092675389240313 1.6644142398895951 1.875494221977803
v 0.6357497786842252 1.9566364579891626 1.875494221977803
v 1.2092675389240313 1.6644142398895951 1.875494221977803
v 1.2193905058412327 1.6783476125947772 1.8261701855982864
v 1.2193905058412327 1.6783476125947772 1.8261701855982864
v 0.641071853653667 1.9730158146175114 1.8261703763331525
v 0.6357497786842252 1.9566364579891626 1.875494221977803
v -5.1412735813161135e-8 2.0573280641038423 1.875494221977803
v 0.6357497786842252 1.9566364579891626 1.875494221977803
v 0.641071853653667 1.9730158146175114 1.8261703763331525
v 0.641071853653667 1.9730158146175114 1.8261703763331525
v -6.1885715253024995e-9 2.074551041045055 1.8261701855982864
v -5.1412735813161135e-8 2.0573280641038423 1.875494221977803
v -0.6357493495307764 1.9566351228450998 1.875494221977803
v -5.1412735813161135e-8 2.0573280641038423 1.875494221977803
v -6.1885715253024995e-9 2.074551041045055 1.8261701855982864
v -6.1885715253024995e-9 2.074551041045055 1.8261701855982864
v -0.6410715675513678 1.973015242412913 1.8261701855982864
v -0.6357493495307764 1.9566351228450998 1.875494221977803
v -1.209267062086866 1.6644134769501306 1.875494221977803
v -0.6357493495307764 1.9566351228450998 1.875494221977803
v -0.6410715675513678 1.973015242412913 1.8261701855982864
v -0.6410715675513678 1.973015242412913 1.8261701855982864
v -1.2193904104737996 1.6783470403901788 1.8261701855982864
v -1.209267062086866 1.6644134769501306 1.875494221977803
v -1.6644136676849968 1.209266966719433 1.875494221977803
v -1.209267062086866 1.6644134769501306 1.875494221977803
v -1.2193904104737996 1.6783470403901788 1.8261701855982864
v -1.2193904104737996 1.6783470403901788 1.8261701855982864
v -1.678347421859911 1.2193903151063665 1.8261701855982864
v -1.6644136676849968 1.209266966719433 1.875494221977803
v -1.956635313579966 0.6357488250098946 1.875494221977803
v -1.6644136676849968 1.209266966719433 1.875494221977803
v -1.678347421859911 1.2193903151063665 1.8261701855982864
v -1.678347421859911 1.2193903151063665 1.8261701855982864
v -1.9730154331477792 0.641071043030486 1.8261701855982864
v -1.956635313579966 0.6357488250098946 1.875494221977803
v -2.0573288270433068 -8.524251952313845e-7 1.875494221977803
v -1.956635313579966 0.6357488250098946 1.875494221977803
v -1.9730154331477792 0.641071043030486 1.8261701855982864
v -1.9730154331477792 0.641071043030486 1.8261701855982864
v -2.074551422514787 -0.00000103474159637081 1.8261701855982864
v -2.0573288270433068 -8.524251952313845e-7 1.875494221977803
v -1.9566362672542965 -0.6357504939399732 1.875494221977803
v -2.0573288270433068 -8.524251952313845e-7 1.875494221977803
v -2.074551422514787 -0.00000103474159637081 1.8261701855982864
v -2.074551422514787 -0.00000103474159637081 1.8261701855982864
v -1.9730156238826453 -0.6410723781745489 1.8261703763331525
v -1.9566362672542965 -0.6357504939399732 1.875494221977803
v -1.6644127140106661 -1.2092681111286296 1.875494221977803
v -1.9566362672542965 -0.6357504939399732 1.875494221977803
v -1.9730156238826453 -0.6410723781745489 1.8261703763331525
v -1.9730156238826453 -0.6410723781745489 1.8261703763331525
v -1.6783462774507143 -1.2193913641481302 1.8261701855982864
v -1.6644127140106661 -1.2092681111286296 1.875494221977803
v -1.2092659176776692 -1.664414049154729 1.875494221977803
v -1.6644127140106661 -1.2092681111286296 1.875494221977803
v -1.6783462774507143 -1.2193913641481302 1.8261701855982864
v -1.6783462774507143 -1.2193913641481302 1.8261701855982864
v -1.219389456799469 -1.6783478033296433 1.8261701855982864
v -1.2092659176776692 -1.664414049154729 1.875494221977803
v -0.6357477282844144 -1.9566366487240288 1.875494221977803
v -1.2092659176776692 -1.664414049154729 1.875494221977803
v -1.219389456799469 -1.6783478033296433 1.8261701855982864
v -1.219389456799469 -1.6783478033296433 1.8261701855982864
v -0.6410696125189901 -1.9730161960872437 1.8261701855982864
v -0.6357477282844144 -1.9566366487240288 1.875494221977803
v 0.0000018648967221037923 -2.057329208513039 1.875494221977803
v -0.6357477282844144 -1.9566366487240288 1.875494221977803
v -0.6410696125189901 -1.9730161960872437 1.8261701855982864
v -0.6410696125189901 -1.9730161960872437 1.8261701855982864
v 0.0000017670096248827442 -2.074551422514787 1.8261703763331525
v 0.0000018648967221037923 -2.057329208513039 1.875494221977803
v 0.6357515429817369 -1.9566349321102336 1.875494221977803
v 0.0000018648967221037923 -2.057329208513039 1.875494221977803
v 0.0000017670096248827442 -2.074551422514787 1.8261703763331525
v 0.0000017670096248827442 -2.074551422514787 1.8261703763331525
v 0.6410736656348952 -1.9730146702083147 1.8261701855982864
v 0.6357515429817369 -1.9566349321102336 1.875494221977803
v 1.2092690648029603 -1.6644115696014694 1.875494221977803
v 0.6357515429817369 -1.9566349321102336 1.875494221977803
v 0.6410736656348952 -1.9730146702083147 1.8261701855982864
v 0.6410736656348952 -1.9730146702083147 1.8261701855982864
v 1.219392508557327 -1.6783453237763837 1.8261699948634202
v 1.2092690648029603 -1.6644115696014694 1.875494221977803
v 1.6644157657685241 -1.2092652501056378 1.875494221977803
v 1.2092690648029603 -1.6644115696014694 1.875494221977803
v 1.219392508557327 -1.6783453237763837 1.8261699948634202
v 1.219392508557327 -1.6783453237763837 1.8261699948634202
v 1.6783491384737061 -1.2193882170228392 1.8261701855982864
v 1.6644157657685241 -1.2092652501056378 1.875494221977803
v 1.9566366487240288 -0.6357469176612334 1.875494221977803
v 1.6644157657685241 -1.2092652501056378 1.875494221977803
v 1.6783491384737061 -1.2193882170228392 1.8261701855982864
v 1.6783491384737061 -1.2193882170228392 1.8261701855982864
v 1.9730161960872437 -0.6410691833655413 1.8261701855982864
v 1.9566366487240288 -0.6357469176612334 1.875494221977803
v 2.05732768263411 7.776093982468885e-8 1.875494221977803
v 1.9566366487240288 -0.6357469176612334 1.875494221977803
v 1.9730161960872437 -0.6410691833655413 1.8261701855982864
v 1.9730161960872437 -0.6410691833655413 1.8261701855982864
v 2.074550850310189 1.6140735637645602e-7 1.8261699948634202
v 2.05732768263411 7.776093982468885e-8 1.875494221977803
v 2.010432654774675 0 1.6761890661148584
v 1.912035207629728 0.6212578866073173 1.6761890661148584
v 1.9586733156244946 0.6364113902510908 1.737652232313934
v 1.9586733156244946 0.6364113902510908 1.737652232313934
v 2.059470970324739 1.4738480096161997e-7 1.737652232313934
v 2.010432654774675 0 1.6761890661148584
v 1.912035207629728 0.6212578866073173 1.6761890661148584
v 1.6264742139946549 1.1817026314393075 1.6761890661148584
v 1.6661468754134603 1.210526579775312 1.737652232313934
v 1.6661468754134603 1.210526579775312 1.737652232313934
v 1.9586733156244946 0.6364113902510908 1.737652232313934
v 1.912035207629728 0.6212578866073173 1.6761890661148584
v 1.6264742139946549 1.1817026314393075 1.6761890661148584
v 1.1817026314393075 1.6264742139946549 1.6761890661148584
v 1.2105263890404458 1.6661472568831925 1.737652232313934
v 1.2105263890404458 1.6661472568831925 1.737652232313934
v 1.6661468754134603 1.210526579775312 1.737652232313934
v 1.6264742139946549 1.1817026314393075 1.6761890661148584
v 1.1817026314393075 1.6264742139946549 1.6761890661148584
v 0.6212577912398842 1.912035207629728 1.6761890661148584
v 0.63641167635339 1.9586733156244946 1.737652232313934
v 0.63641167635339 1.9586733156244946 1.737652232313934
v 1.2105263890404458 1.6661472568831925 1.737652232313934
v 1.1817026314393075 1.6264742139946549 1.6761890661148584
v 0.6212577912398842 1.912035207629728 1.6761890661148584
v -8.787878999992797e-8 2.010432654774675 1.6761890661148584
v -1.1568534747119766e-8 2.059470970324739 1.737652232313934
v -1.1568534747119766e-8 2.059470970324739 1.737652232313934
v 0.63641167635339 1.9586733156244946 1.737652232313934
v 0.6212577912398842 1.912035207629728 1.6761890661148584
v -8.787878999992797e-8 2.010432654774675 1.6761890661148584
v -0.6212579342910338 1.9120350168948619 1.6761890661148584
v -0.6364116286696735 1.9586731248896285 1.737652232313934
v -0.6364116286696735 1.9586731248896285 1.737652232313934
v -1.1568534747119766e-8 2.059470970324739 1.737652232313934
v -8.787878999992797e-8 2.010432654774675 1.6761890661148584
v -0.6212579342910338 1.9120350168948619 1.6761890661148584
v -1.1817026314393075 1.6264742139946549 1.6761890661148584
v -1.210526579775312 1.6661470661483264 1.737652232313934
v -1.210526579775312 1.6661470661483264 1.737652232313934
v -0.6364116286696735 1.9586731248896285 1.737652232313934
v -0.6212579342910338 1.9120350168948619 1.6761890661148584
v -1.1817026314393075 1.6264742139946549 1.6761890661148584
v -1.626474404729521 1.1817025360718745 1.6761890661148584
v -1.6661472568831925 1.210526484407879 1.737652232313934
v -1.6661472568831925 1.210526484407879 1.737652232313934
v -1.210526579775312 1.6661470661483264 1.737652232313934
v -1.1817026314393075 1.6264742139946549 1.6761890661148584
v -1.626474404729521 1.1817025360718745 1.6761890661148584
v -1.912035207629728 0.6212574574538685 1.6761890661148584
v -1.9586733156244946 0.6364110564650751 1.737652232313934
v -1.9586733156244946 0.6364110564650751 1.737652232313934
v -1.6661472568831925 1.210526484407879 1.737652232313934
v -1.626474404729521 1.1817025360718745 1.6761890661148584
v -1.912035207629728 0.6212574574538685 1.6761890661148584
v -2.010432654774675 -6.550821224053519e-7 1.6761890661148584
v -2.059470970324739 -9.931819625055987e-7 1.737652232313934
v -2.059470970324739 -9.931819625055987e-7 1.737652232313934
v -1.9586733156244946 0.6364110564650751 1.737652232313934
v -1.912035207629728 0.6212574574538685 1.6761890661148584
v -2.010432654774675 -6.550821224053519e-7 1.6761890661148584
v -1.9120348261599958 -0.6212586972304983 1.6761890661148584
v -1.9586731248896285 -0.6364122008742719 1.737652232313934
v -1.9586731248896285 -0.6364122008742719 1.737652232313934
v -2.059470970324739 -9.931819625055987e-7 1.737652232313934
v -2.010432654774675 -6.550821224053519e-7 1.6761890661148584
v -1.9120348261599958 -0.6212586972304983 1.6761890661148584
v -1.6264734510551904 -1.1817035851136382 1.6761890661148584
v -1.666146303208862 -1.2105275334496426 1.737652232313934
v -1.666146303208862 -1.2105275334496426 1.737652232313934
v -1.9586731248896285 -0.6364122008742719 1.737652232313934
v -1.9120348261599958 -0.6212586972304983 1.6761890661148584
v -1.6264734510551904 -1.1817035851136382 1.6761890661148584
v -1.181701677764977 -1.6264749769341194 1.6761890661148584
v -1.2105256261009814 -1.6661476383529248 1.737652232313934
v -1.2105256261009814 -1.6661476383529248 1.737652232313934
v -1.666146303208862 -1.2105275334496426 1.737652232313934
v -1.6264734510551904 -1.1817035851136382 1.6761890661148584
v -1.181701677764977 -1.6264749769341194 1.6761890661148584
v -0.6212562653609552 -1.9120355890994603 1.6761890661148584
v -0.6364095782698627 -1.958673887829093 1.737652232313934
v -0.6364095782698627 -1.958673887829093 1.737652232313934
v -1.2105256261009814 -1.6661476383529248 1.737652232313934
v -1.181701677764977 -1.6264749769341194 1.6761890661148584
v -0.6212562653609552 -1.9120355890994603 1.6761890661148584
v 0.0000019412720865200767 -2.010432654774675 1.6761890661148584
v 0.0000017776452560837601 -2.059470970324739 1.737652232313934
v 0.0000017776452560837601 -2.059470970324739 1.737652232313934
v -0.6364095782698627 -1.958673887829093 1.737652232313934
v -0.6212562653609552 -1.9120355890994603 1.6761890661148584
v 0.0000019412720865200767 -2.010432654774675 1.6761890661148584
v 0.6212599846908446 -1.9120344446902635 1.6761890661148584
v 0.6364136313857678 -1.9586725526850302 1.737652232313934
v 0.6364136313857678 -1.9586725526850302 1.737652232313934
v 0.0000017776452560837601 -2.059470970324739 1.737652232313934
v 0.0000019412720865200767 -2.010432654774675 1.6761890661148584
v 0.6212599846908446 -1.9120344446902635 1.6761890661148584
v 1.181704729522835 -1.6264726881157259 1.6761890661148584
v 1.2105286778588393 -1.6661453495345313 1.737652232313934
v 1.2105286778588393 -1.6661453495345313 1.737652232313934
v 0.6364136313857678 -1.9586725526850302 1.737652232313934
v 0.6212599846908446 -1.9120344446902635 1.6761890661148584
v 1.181704729522835 -1.6264726881157259 1.6761890661148584
v 1.6264757398735838 -1.1817005333557802 1.6761890661148584
v 1.6661485920272554 -1.2105241002220524 1.737652232313934
v 1.6661485920272554 -1.2105241002220524 1.737652232313934
v 1.2105286778588393 -1.6661453495345313 1.737652232313934
v 1.181704729522835 -1.6264726881157259 1.6761890661148584
v 1.6264757398735838 -1.1817005333557802 1.6761890661148584
v 1.9120359705691925 -0.621255073268042 1.6761890661148584
v 1.958673887829093 -0.6364090537489808 1.737652232313934
v 1.958673887829093 -0.6364090537489808 1.737652232313934
v 1.6661485920272554 -1.2105241002220524 1.737652232313934
v 1.6264757398735838 -1.1817005333557802 1.6761890661148584
v 1.9120359705691925 -0.621255073268042 1.6761890661148584
v 2.010432654774675 0 1.6761890661148584
v 2.059470970324739 1.4738480096161997e-7 1.737652232313934
v 2.059470970324739 1.4738480096161997e-7 1.737652232313934
v 1.958673887829093 -0.6364090537489808 1.737652232313934
v 1.9120359705691925 -0.621255073268042 1.6761890661148584
v 2.05732768263411 7.776093982468885e-8 1.875494221977803
v 1.956635313579966 0.6357492064796268 1.875494221977803
v 1.8603441515616197 0.6044622988173707 1.875494221977803
v 1.8603441515616197 0.6044622988173707 1.875494221977803
v 1.9560812287938774 6.224013397490338e-10 1.875494221977803
v 2.05732768263411 7.776093982468885e-8 1.875494221977803
v 1.956635313579966 0.6357492064796268 1.875494221977803
v 1.6644130954803984 1.209266966719433 1.875494221977803
v 1.5825028655305928 1.1497557811402643 1.875494221977803
v 1.5825028655305928 1.1497557811402643 1.875494221977803
v 1.8603441515616197 0.6044622988173707 1.875494221977803
v 1.956635313579966 0.6357492064796268 1.875494221977803
v 1.6644130954803984 1.209266966719433 1.875494221977803
v 1.2092675389240313 1.6644142398895951 1.875494221977803
v 1.1497562579774296 1.5825041053072226 1.875494221977803
v 1.1497562579774296 1.5825041053072226 1.875494221977803
v 1.5825028655305928 1.1497557811402643 1.875494221977803
v 1.6644130954803984 1.209266966719433 1.875494221977803
v 1.2092675389240313 1.6644142398895951 1.875494221977803
v 0.6357497786842252 1.9566364579891626 1.875494221977803
v 0.6044629663894021 1.8603452959708164 1.875494221977803
v 0.6044629663894021 1.8603452959708164 1.875494221977803
v 1.1497562579774296 1.5825041053072226 1.875494221977803
v 1.2092675389240313 1.6644142398895951 1.875494221977803
v 0.6357497786842252 1.9566364579891626 1.875494221977803
v -5.1412735813161135e-8 2.0573280641038423 1.875494221977803
v 5.856700314285423e-8 1.9560816102636096 1.875494221977803
v 5.856700314285423e-8 1.9560816102636096 1.875494221977803
v 0.6044629663894021 1.8603452959708164 1.875494221977803
v 0.6357497786842252 1.9566364579891626 1.875494221977803
v -5.1412735813161135e-8 2.0573280641038423 1.875494221977803
v -0.6357493495307764 1.9566351228450998 1.875494221977803
v -0.6044624418685203 1.8603439608267536 1.875494221977803
v -0.6044624418685203 1.8603439608267536 1.875494221977803
v 5.856700314285423e-8 1.9560816102636096 1.875494221977803
v -5.1412735813161135e-8 2.0573280641038423 1.875494221977803
v -0.6357493495307764 1.9566351228450998 1.875494221977803
v -1.209267062086866 1.6644134769501306 1.875494221977803
v -1.1497558765076974 1.5825033423677581 1.875494221977803
v -1.1497558765076974 1.5825033423677581 1.875494221977803
v -0.6044624418685203 1.8603439608267536 1.875494221977803
v -0.6357493495307764 1.9566351228450998 1.875494221977803
v -1.209267062086866 1.6644134769501306 1.875494221977803
v -1.6644136676849968 1.209266966719433 1.875494221977803
v -1.5825035331026243 1.1497557811402643 1.875494221977803
v -1.5825035331026243 1.1497557811402643 1.875494221977803
v -1.1497558765076974 1.5825033423677581 1.875494221977803
v -1.209267062086866 1.6644134769501306 1.875494221977803
v -1.6644136676849968 1.209266966719433 1.875494221977803
v -1.956635313579966 0.6357488250098946 1.875494221977803
v -1.8603441515616197 0.6044619173476384 1.875494221977803
v -1.8603441515616197 0.6044619173476384 1.875494221977803
v -1.5825035331026243 1.1497557811402643 1.875494221977803
v -1.6644136676849968 1.209266966719433 1.875494221977803
v -1.956635313579966 0.6357488250098946 1.875494221977803
v -2.0573288270433068 -8.524251952313845e-7 1.875494221977803
v -1.956082373203074 -9.265088148639918e-7 1.875494221977803
v -1.956082373203074 -9.265088148639918e-7 1.875494221977803
v -1.8603441515616197 0.6044619173476384 1.875494221977803
v -1.956635313579966 0.6357488250098946 1.875494221977803
v -2.0573288270433068 -8.524251952313845e-7 1.875494221977803
v -1.9566362672542965 -0.6357504939399732 1.875494221977803
v -1.8603451052359503 -0.604463490910284 1.875494221977803
v -1.8603451052359503 -0.604463490910284 1.875494221977803
v -1.956082373203074 -9.265088148639918e-7 1.875494221977803
v -2.0573288270433068 -8.524251952313845e-7 1.875494221977803
v -1.9566362672542965 -0.6357504939399732 1.875494221977803
v -1.6644127140106661 -1.2092681111286296 1.875494221977803
v -1.5825026747957267 -1.149756734814595 1.875494221977803
v -1.5825026747957267 -1.149756734814595 1.875494221977803
v -1.8603451052359503 -0.604463490910284 1.875494221977803
v -1.9566362672542965 -0.6357504939399732 1.875494221977803
v -1.6644127140106661 -1.2092681111286296 1.875494221977803
v -1.2092659176776692 -1.664414049154729 1.875494221977803
v -1.1497547320985007 -1.5825039145723565 1.875494221977803
v -1.1497547320985007 -1.5825039145723565 1.875494221977803
v -1.5825026747957267 -1.149756734814595 1.875494221977803
v -1.6644127140106661 -1.2092681111286296 1.875494221977803
v -1.2092659176776692 -1.664414049154729 1.875494221977803
v -0.6357477282844144 -1.9566366487240288 1.875494221977803
v -0.6044608206221582 -1.8603454867056826 1.875494221977803
v -0.6044608206221582 -1.8603454867056826 1.875494221977803
v -1.1497547320985007 -1.5825039145723565 1.875494221977803
v -1.2092659176776692 -1.664414049154729 1.875494221977803
v -0.6357477282844144 -1.9566366487240288 1.875494221977803
v 0.0000018648967221037923 -2.057329208513039 1.875494221977803
v 0.000001732004446582469 -1.9560827546728063 1.875494221977803
v 0.000001732004446582469 -1.9560827546728063 1.875494221977803
v -0.6044608206221582 -1.8603454867056826 1.875494221977803
v -0.6357477282844144 -1.9566366487240288 1.875494221977803
v 0.0000018648967221037923 -2.057329208513039 1.875494221977803
v 0.6357515429817369 -1.9566349321102336 1.875494221977803
v 0.6044644445846146 -1.8603437700918874 1.875494221977803
v 0.6044644445846146 -1.8603437700918874 1.875494221977803
v 0.000001732004446582469 -1.9560827546728063 1.875494221977803
v 0.0000018648967221037923 -2.057329208513039 1.875494221977803
v 0.6357515429817369 -1.9566349321102336 1.875494221977803
v 1.2092690648029603 -1.6644115696014694 1.875494221977803
v 1.1497577838563586 -1.582501435019097 1.875494221977803
v 1.1497577838563586 -1.582501435019097 1.875494221977803
v 0.6044644445846146 -1.8603437700918874 1.875494221977803
v 0.6357515429817369 -1.9566349321102336 1.875494221977803
v 1.2092690648029603 -1.6644115696014694 1.875494221977803
v 1.6644157657685241 -1.2092652501056378 1.875494221977803
v 1.5825055358187186 -1.1497540645264692 1.875494221977803
v 1.5825055358187186 -1.1497540645264692 1.875494221977803
v 1.1497577838563586 -1.582501435019097 1.875494221977803
v 1.2092690648029603 -1.6644115696014694 1.875494221977803
v 1.6644157657685241 -1.2092652501056378 1.875494221977803
v 1.9566366487240288 -0.6357469176612334 1.875494221977803
v 1.8603454867056826 -0.6044602007338433 1.875494221977803
v 1.8603454867056826 -0.6044602007338433 1.875494221977803
v 1.5825055358187186 -1.1497540645264692 1.875494221977803
v 1.6644157657685241 -1.2092652501056378 1.875494221977803
v 1.9566366487240288 -0.6357469176612334 1.875494221977803
v 2.05732768263411 7.776093982468885e-8 1.875494221977803
v 1.9560812287938774 6.224013397490338e-10 1.875494221977803
v 1.9560812287938774 6.224013397490338e-10 1.875494221977803
v 1.8603454867056826 -0.6044602007338433 1.875494221977803
v 1.9566366487240288 -0.6357469176612334 1.875494221977803
v 1.9560812287938774 6.224013397490338e-10 1.875494221977803
v 1.8603441515616197 0.6044622988173707 1.875494221977803
v 1.8603441515616197 0.6044622988173707 0.16019692659671492
v 1.8603441515616197 0.6044622988173707 0.16019692659671492
v 1.9560812287938774 6.224013397490338e-10 0.16019692659671492
v 1.9560812287938774 6.224013397490338e-10 1.875494221977803
v 1.8603441515616197 0.6044622988173707 1.875494221977803
v 1.5825028655305928 1.1497557811402643 1.875494221977803
v 1.5825028655305928 1.1497557811402643 0.16019692659671492
v 1.5825028655305928 1.1497557811402643 0.16019692659671492
v 1.8603441515616197 0.6044622988173707 0.16019692659671492
v 1.8603441515616197 0.6044622988173707 1.875494221977803
v 1.5825028655305928 1.1497557811402643 1.875494221977803
v 1.1497562579774296 1.5825041053072226 1.875494221977803
v 1.1497562579774296 1.5825041053072226 0.16019692659671492
v 1.1497562579774296 1.5825041053072226 0.16019692659671492
v 1.5825028655305928 1.1497557811402643 0.16019692659671492
v 1.5825028655305928 1.1497557811402643 1.875494221977803
v 1.1497562579774296 1.5825041053072226 1.875494221977803
v 0.6044629663894021 1.8603452959708164 1.875494221977803
v 0.6044629663894021 1.8603452959708164 0.16019692659671492
v 0.6044629663894021 1.8603452959708164 0.16019692659671492
v 1.1497562579774296 1.5825041053072226 0.16019692659671492
v 1.1497562579774296 1.5825041053072226 1.875494221977803
v 0.6044629663894021 1.8603452959708164 1.875494221977803
v 5.856700314285423e-8 1.9560816102636096 1.875494221977803
v 5.856700314285423e-8 1.9560816102636096 0.16019692659671492
v 5.856700314285423e-8 1.9560816102636096 0.16019692659671492
v 0.6044629663894021 1.8603452959708164 0.16019692659671492
v 0.6044629663894021 1.8603452959708164 1.875494221977803
v 5.856700314285423e-8 1.9560816102636096 1.875494221977803
v -0.6044624418685203 1.8603439608267536 1.875494221977803
v -0.6044624418685203 1.8603439608267536 0.16019692659671492
v -0.6044624418685203 1.8603439608267536 0.16019692659671492
v 5.856700314285423e-8 1.9560816102636096 0.16019692659671492
v 5.856700314285423e-8 1.9560816102636096 1.875494221977803
v -0.6044624418685203 1.8603439608267536 1.875494221977803
v -1.1497558765076974 1.5825033423677581 1.875494221977803
v -1.1497558765076974 1.5825033423677581 0.16019692659671492
v -1.1497558765076974 1.5825033423677581 0.16019692659671492
v -0.6044624418685203 1.8603439608267536 0.16019692659671492
v -0.6044624418685203 1.8603439608267536 1.875494221977803
v -1.1497558765076974 1.5825033423677581 1.875494221977803
v -1.5825035331026243 1.1497557811402643 1.875494221977803
v -1.5825035331026243 1.1497557811402643 0.16019692659671492
v -1.5825035331026243 1.1497557811402643 0.16019692659671492
v -1.1497558765076974 1.5825033423677581 0.16019692659671492
v -1.1497558765076974 1.5825033423677581 1.875494221977803
v -1.5825035331026243 1.1497557811402643 1.875494221977803
v -1.8603441515616197 0.6044619173476384 1.875494221977803
v -1.8603441515616197 0.6044619173476384 0.16019692659671492
v -1.8603441515616197 0.6044619173476384 0.16019692659671492
v -1.5825035331026243 1.1497557811402643 0.16019692659671492
v -1.5825035331026243 1.1497557811402643 1.875494221977803
v -1.8603441515616197 0.6044619173476384 1.875494221977803
v -1.956082373203074 -9.265088148639918e-7 1.875494221977803
v -1.956082373203074 -9.265088148639918e-7 0.16019692659671492
v -1.956082373203074 -9.265088148639918e-7 0.16019692659671492
v -1.8603441515616197 0.6044619173476384 0.16019692659671492
v -1.8603441515616197 0.6044619173476384 1.875494221977803
v -1.956082373203074 -9.265088148639918e-7 1.875494221977803
v -1.8603451052359503 -0.604463490910284 1.875494221977803
v -1.8603451052359503 -0.604463490910284 0.16019692659671492
v -1.8603451052359503 -0.604463490910284 0.16019692659671492
v -1.956082373203074 -9.265088148639918e-7 0.16019692659671492
v -1.956082373203074 -9.265088148639918e-7 1.875494221977803
v -1.8603451052359503 -0.604463490910284 1.875494221977803
v -1.5825026747957267 -1.149756734814595 1.875494221977803
v -1.5825026747957267 -1.149756734814595 0.16019692659671492
v -1.5825026747957267 -1.149756734814595 0.16019692659671492
v -1.8603451052359503 -0.604463490910284 0.16019692659671492
v -1.8603451052359503 -0.604463490910284 1.875494221977803
v -1.5825026747957267 -1.149756734814595 1.875494221977803
v -1.1497547320985007 -1.5825039145723565 1.875494221977803
v -1.1497547320985007 -1.5825039145723565 0.16019692659671492
v -1.1497547320985007 -1.5825039145723565 0.16019692659671492
v -1.5825026747957267 -1.149756734814595 0.16019692659671492
v -1.5825026747957267 -1.149756734814595 1.875494221977803
v -1.1497547320985007 -1.5825039145723565 1.875494221977803
v -0.6044608206221582 -1.8603454867056826 1.875494221977803
v -0.6044608206221582 -1.8603454867056826 0.16019692659671492
v -0.6044608206221582 -1.8603454867056826 0.16019692659671492
v -1.1497547320985007 -1.5825039145723565 0.16019692659671492
v -1.1497547320985007 -1.5825039145723565 1.875494221977803
v -0.6044608206221582 -1.8603454867056826 1.875494221977803
v 0.000001732004446582469 -1.9560827546728063 1.875494221977803
v 0.000001732004446582469 -1.9560827546728063 0.16019692659671492
v 0.000001732004446582469 -1.9560827546728063 0.16019692659671492
v -0.6044608206221582 -1.8603454867056826 0.16019692659671492
v -0.6044608206221582 -1.8603454867056826 1.875494221977803
v 0.000001732004446582469 -1.9560827546728063 1.875494221977803
v 0.6044644445846146 -1.8603437700918874 1.875494221977803
v 0.6044644445846146 -1.8603437700918874 0.16019692659671492
v 0.6044644445846146 -1.8603437700918874 0.16019692659671492
v 0.000001732004446582469 -1.9560827546728063 0.16019692659671492
v 0.000001732004446582469 -1.9560827546728063 1.875494221977803
v 0.6044644445846146 -1.8603437700918874 1.875494221977803
v 1.1497577838563586 -1.582501435019097 1.875494221977803
v 1.1497577838563586 -1.582501435019097 0.16019692659671492
v 1.1497577838563586 -1.582501435019097 0.16019692659671492
v 0.6044644445846146 -1.8603437700918874 0.16019692659671492
v 0.6044644445846146 -1.8603437700918874 1.875494221977803
v 1.1497577838563586 -1.582501435019097 1.875494221977803
v 1.5825055358187186 -1.1497540645264692 1.875494221977803
v 1.5825055358187186 -1.1497540645264692 0.16019692659671492
v 1.5825055358187186 -1.1497540645264692 0.16019692659671492
v 1.1497577838563586 -1.582501435019097 0.16019692659671492
v 1.1497577838563586 -1.582501435019097 1.875494221977803
v 1.5825055358187186 -1.1497540645264692 1.875494221977803
v 1.8603454867056826 -0.6044602007338433 1.875494221977803
v 1.8603454867056826 -0.6044602007338433 0.16019692659671492
v 1.8603454867056826 -0.6044602007338433 0.16019692659671492
v 1.5825055358187186 -1.1497540645264692 0.16019692659671492
v 1.5825055358187186 -1.1497540645264692 1.875494221977803
v 1.8603454867056826 -0.6044602007338433 1.875494221977803
v 1.9560812287938774 6.224013397490338e-10 1.875494221977803
v 1.9560812287938774 6.224013397490338e-10 0.16019692659671492
v 1.9560812287938774 6.224013397490338e-10 0.16019692659671492
v 1.8603454867056826 -0.6044602007338433 0.16019692659671492
v 1.8603454867056826 -0.6044602007338433 1.875494221977803
v 2.074550850310189 1.6140735637645602e-7 1.8261699948634202
v 2.059470970324739 1.4738480096161997e-7 1.737652232313934
v 1.9586733156244946 0.6364113902510908 1.737652232313934
v 1.9586733156244946 0.6364113902510908 1.737652232313934
v 1.9730154331477792 0.6410713291327852 1.8261701855982864
v 2.074550850310189 1.6140735637645602e-7 1.8261699948634202
v 1.9730154331477792 0.6410713291327852 1.8261701855982864
v 1.9586733156244946 0.6364113902510908 1.737652232313934
v 1.6661468754134603 1.210526579775312 1.737652232313934
v 1.6661468754134603 1.210526579775312 1.737652232313934
v 1.6783468496553127 1.2193904104737996 1.8261699948634202
v 1.9730154331477792 0.6410713291327852 1.8261701855982864
v 1.6783468496553127 1.2193904104737996 1.8261699948634202
v 1.6661468754134603 1.210526579775312 1.737652232313934
v 1.2105263890404458 1.6661472568831925 1.737652232313934
v 1.2105263890404458 1.6661472568831925 1.737652232313934
v 1.2193905058412327 1.6783476125947772 1.8261701855982864
v 1.6783468496553127 1.2193904104737996 1.8261699948634202
v 1.2193905058412327 1.6783476125947772 1.8261701855982864
v 1.2105263890404458 1.6661472568831925 1.737652232313934
v 0.63641167635339 1.9586733156244946 1.737652232313934
v 0.63641167635339 1.9586733156244946 1.737652232313934
v 0.641071853653667 1.9730158146175114 1.8261703763331525
v 1.2193905058412327 1.6783476125947772 1.8261701855982864
v 0.641071853653667 1.9730158146175114 1.8261703763331525
v 0.63641167635339 1.9586733156244946 1.737652232313934
v -1.1568534747119766e-8 2.059470970324739 1.737652232313934
v -1.1568534747119766e-8 2.059470970324739 1.737652232313934
v -6.1885715253024995e-9 2.074551041045055 1.8261701855982864
v 0.641071853653667 1.9730158146175114 1.8261703763331525
v -6.1885715253024995e-9 2.074551041045055 1.8261701855982864
v -1.1568534747119766e-8 2.059470970324739 1.737652232313934
v -0.6364116286696735 1.9586731248896285 1.737652232313934
v -0.6364116286696735 1.9586731248896285 1.737652232313934
v -0.6410715675513678 1.973015242412913 1.8261701855982864
v -6.1885715253024995e-9 2.074551041045055 1.8261701855982864
v -0.6410715675513678 1.973015242412913 1.8261701855982864
v -0.6364116286696735 1.9586731248896285 1.737652232313934
v -1.210526579775312 1.6661470661483264 1.737652232313934
v -1.210526579775312 1.6661470661483264 1.737652232313934
v -1.2193904104737996 1.6783470403901788 1.8261701855982864
v -0.6410715675513678 1.973015242412913 1.8261701855982864
v -1.2193904104737996 1.6783470403901788 1.8261701855982864
v -1.210526579775312 1.6661470661483264 1.737652232313934
v -1.6661472568831925 1.210526484407879 1.737652232313934
v -1.6661472568831925 1.210526484407879 1.737652232313934
v -1.678347421859911 1.2193903151063665 1.8261701855982864
v -1.2193904104737996 1.6783470403901788 1.8261701855982864
v -1.678347421859911 1.2193903151063665 1.8261701855982864
v -1.6661472568831925 1.210526484407879 1.737652232313934
v -1.9586733156244946 0.6364110564650751 1.737652232313934
v -1.9586733156244946 0.6364110564650751 1.737652232313934
v -1.9730154331477792 0.641071043030486 1.8261701855982864
v -1.678347421859911 1.2193903151063665 1.8261701855982864
v -1.9730154331477792 0.641071043030486 1.8261701855982864
v -1.9586733156244946 0.6364110564650751 1.737652232313934
v -2.059470970324739 -9.931819625055987e-7 1.737652232313934
v -2.059470970324739 -9.931819625055987e-7 1.737652232313934
v -2.074551422514787 -0.00000103474159637081 1.8261701855982864
v -1.9730154331477792 0.641071043030486 1.8261701855982864
v -2.074551422514787 -0.00000103474159637081 1.8261701855982864
v -2.059470970324739 -9.931819625055987e-7 1.737652232313934
v -1.9586731248896285 -0.6364122008742719 1.737652232313934
v -1.9586731248896285 -0.6364122008742719 1.737652232313934
v -1.9730156238826453 -0.6410723781745489 1.8261703763331525
v -2.074551422514787 -0.00000103474159637081 1.8261701855982864
v -1.9730156238826453 -0.6410723781745489 1.8261703763331525
v -1.9586731248896285 -0.6364122008742719 1.737652232313934
v -1.666146303208862 -1.2105275334496426 1.737652232313934
v -1.666146303208862 -1.2105275334496426 1.737652232313934
v -1.6783462774507143 -1.2193913641481302 1.8261701855982864
v -1.9730156238826453 -0.6410723781745489 1.8261703763331525
v -1.6783462774507143 -1.2193913641481302 1.8261701855982864
v -1.666146303208862 -1.2105275334496426 1.737652232313934
v -1.2105256261009814 -1.6661476383529248 1.737652232313934
v -1.2105256261009814 -1.6661476383529248 1.737652232313934
v -1.219389456799469 -1.6783478033296433 1.8261701855982864
v -1.6783462774507143 -1.2193913641481302 1.8261701855982864
v -1.219389456799469 -1.6783478033296433 1.8261701855982864
v -1.2105256261009814 -1.6661476383529248 1.737652232313934
v -0.6364095782698627 -1.958673887829093 1.737652232313934
v -0.6364095782698627 -1.958673887829093 1.737652232313934
v -0.6410696125189901 -1.9730161960872437 1.8261701855982864
v -1.219389456799469 -1.6783478033296433 1.8261701855982864
v -0.6410696125189901 -1.9730161960872437 1.8261701855982864
v -0.6364095782698627 -1.958673887829093 1.737652232313934
v 0.0000017776452560837601 -2.059470970324739 1.737652232313934
v 0.0000017776452560837601 -2.059470970324739 1.737652232313934
v 0.0000017670096248827442 -2.074551422514787 1.8261703763331525
v -0.6410696125189901 -1.9730161960872437 1.8261701855982864
v 0.0000017670096248827442 -2.074551422514787 1.8261703763331525
v 0.0000017776452560837601 -2.059470970324739 1.737652232313934
v 0.6364136313857678 -1.9586725526850302 1.737652232313934
v 0.6364136313857678 -1.9586725526850302 1.737652232313934
v 0.6410736656348952 -1.9730146702083147 1.8261701855982864
v 0.0000017670096248827442 -2.074551422514787 1.8261703763331525
v 0.6410736656348952 -1.9730146702083147 1.8261701855982864
v 0.6364136313857678 -1.9586725526850302 1.737652232313934
v 1.2105286778588393 -1.6661453495345313 1.737652232313934
v 1.2105286778588393 -1.6661453495345313 1.737652232313934
v 1.219392508557327 -1.6783453237763837 1.8261699948634202
v 0.6410736656348952 -1.9730146702083147 1.8261701855982864
v 1.219392508557327 -1.6783453237763837 1.8261699948634202
v 1.2105286778588393 -1.6661453495345313 1.737652232313934
v 1.6661485920272554 -1.2105241002220524 1.737652232313934
v 1.6661485920272554 -1.2105241002220524 1.737652232313934
v 1.6783491384737061 -1.2193882170228392 1.8261701855982864
v 1.219392508557327 -1.6783453237763837 1.8261699948634202
v 1.6783491384737061 -1.2193882170228392 1.8261701855982864
v 1.6661485920272554 -1.2105241002220524 1.737652232313934
v 1.958673887829093 -0.6364090537489808 1.737652232313934
v 1.958673887829093 -0.6364090537489808 1.737652232313934
v 1.9730161960872437 -0.6410691833655413 1.8261701855982864
v 1.6783491384737061 -1.2193882170228392 1.8261701855982864
v 1.9730161960872437 -0.6410691833655413 1.8261701855982864
v 1.958673887829093 -0.6364090537489808 1.737652232313934
v 2.059470970324739 1.4738480096161997e-7 1.737652232313934
v 2.059470970324739 1.4738480096161997e-7 1.737652232313934
v 2.074550850310189 1.6140735637645602e-7 1.8261699948634202
v 1.9730161960872437 -0.6410691833655413 1.8261701855982864
v -0.736970817103547 -1.9231840420243742 1.3622523510791709
v -0.736970817103547 -1.9231840420243742 1.0610933461948235
v -0.5369708141233147 -1.986599188843357 1.0610933461948235
v -0.5369708141233147 -1.986599188843357 1.0610933461948235
v -0.5369708141233147 -1.986599188843357 1.3415495118729694
v -0.736970817103547 -1.9231840420243742 1.3622523510791709
v -0.736970817103547 -1.8571840562996869 1.4027757853683198
v -0.736970817103547 -1.8571840562996869 1.0610933461948235
v -0.736970817103547 -1.9231840420243742 1.0610933461948235
v -0.736970817103547 -1.9231840420243742 1.0610933461948235
v -0.736970817103547 -1.9231840420243742 1.3622523510791709
v -0.736970817103547 -1.8571840562996869 1.4027757853683198
v -0.5369708141233147 -1.986599188843357 1.3415495118729694
v -0.5369708141233147 -1.986599188843357 1.0610933461948235
v -0.5369708141233147 -1.9205992031186696 1.0610933461948235
v -0.5369708141233147 -1.9205992031186696 1.0610933461948235
v -0.5369708141233147 -1.9205992031186696 1.3820729461621184
v -0.5369708141233147 -1.986599188843357 1.3415495118729694
v -0.7059597120577052 -2.111733277316887 1.4649968365579369
v -0.736970817103547 -1.9231840420243742 1.3622523510791709
v -0.5369708141233147 -1.986599188843357 1.3415495118729694
v -0.5369708141233147 -1.986599188843357 1.3415495118729694
v -0.5260958749964217 -2.040272743109952 1.3762007918387766
v -0.7059597120577052 -2.111733277316887 1.4649968365579369
v -0.6961759670999044 -2.0735719989772434 1.5189181554156264
v -0.736970817103547 -1.8571840562996869 1.4027757853683198
v -0.736970817103547 -1.9231840420243742 1.3622523510791709
v -0.736970817103547 -1.9231840420243742 1.3622523510791709
v -0.7059597120577052 -2.111733277316887 1.4649968365579369
v -0.6961759670999044 -2.0735719989772434 1.5189181554156264
v -0.5175247269500005 -2.0014419853902155 1.4316635345170425
v -0.5369708141233147 -1.9205992031186696 1.3820729461621184
v -0.736970817103547 -1.8571840562996869 1.4027757853683198
v -0.736970817103547 -1.8571840562996869 1.4027757853683198
v -0.6961759670999044 -2.0735719989772434 1.5189181554156264
v -0.5175247269500005 -2.0014419853902155 1.4316635345170425
v -0.5260958749964217 -2.040272743109952 1.3762007918387766
v -0.5369708141233147 -1.986599188843357 1.3415495118729694
v -0.5369708141233147 -1.9205992031186696 1.3820729461621184
v -0.5369708141233147 -1.9205992031186696 1.3820729461621184
v -0.5175247269500005 -2.0014419853902155 1.4316635345170425
v -0.5260958749964217 -2.040272743109952 1.3762007918387766
v -0.4251540724211047 -2.3715761538084763 1.6293207411366808
v -0.6129443259975957 -2.2497219420928047 1.5469037286475853
v -0.43045583412730437 -2.1734314288710266 1.4649887303261266
v -0.43045583412730437 -2.1734314288710266 1.4649887303261266
v -0.35650620991745896 -2.220634493539251 1.4981086000518289
v -0.4251540724211047 -2.3715761538084763 1.6293207411366808
v -0.4225522581123151 -2.3282760967057357 1.6791315328945444
v -0.6012298673574605 -2.2117325158675385 1.6002517938651408
v -0.6129443259975957 -2.2497219420928047 1.5469037286475853
v -0.6129443259975957 -2.2497219420928047 1.5469037286475853
v -0.4251540724211047 -2.3715761538084763 1.6293207411366808
v -0.4225522581123151 -2.3282760967057357 1.6791315328945444
v -0.3539043956086694 -2.17733443643651 1.5479192964422595
v -0.41886158613654345 -2.135523255698729 1.518488143659951
v -0.6012298673574605 -2.2117325158675385 1.6002517938651408
v -0.6012298673574605 -2.2117325158675385 1.6002517938651408
v -0.4225522581123151 -2.3282760967057357 1.6791315328945444
v -0.3539043956086694 -2.17733443643651 1.5479192964422595
v -0.35650620991745896 -2.220634493539251 1.4981086000518289
v -0.43045583412730437 -2.1734314288710266 1.4649887303261266
v -0.41886158613654345 -2.135523255698729 1.518488143659951
v -0.41886158613654345 -2.135523255698729 1.518488143659951
v -0.3539043956086694 -2.17733443643651 1.5479192964422595
v -0.35650620991745896 -2.220634493539251 1.4981086000518289
v -0.35650620991745896 -2.220634493539251 1.4981086000518289
v 0 -2.220634493539251 1.4981086000518289
v 0 -2.296500049479306 1.5640579456695605
v -0.35650620991745896 -2.220634493539251 1.4981086000518289
v 0 -2.296500049479306 1.5640579456695605
v 0 -2.3715761538084763 1.6293207411366808
v -0.35650620991745896 -2.220634493539251 1.4981086000518289
v 0 -2.3715761538084763 1.6293207411366808
v -0.4251540724211047 -2.3715761538084763 1.6293207411366808
v -0.4251540724211047 -2.3715761538084763 1.6293207411366808
v 0 -2.3715761538084763 1.6293207411366808
v 0 -2.347912441908008 1.6565426119646816
v -0.4251540724211047 -2.3715761538084763 1.6293207411366808
v 0 -2.347912441908008 1.6565426119646816
v 0 -2.3282760967057357 1.6791315328945444
v -0.4251540724211047 -2.3715761538084763 1.6293207411366808
v 0 -2.3282760967057357 1.6791315328945444
v -0.4225522581123151 -2.3282760967057357 1.6791315328945444
v -0.4225522581123151 -2.3282760967057357 1.6791315328945444
v 0 -2.3282760967057357 1.6791315328945444
v 0 -2.2460153914394283 1.6076229335013466
v -0.4225522581123151 -2.3282760967057357 1.6791315328945444
v 0 -2.2460153914394283 1.6076229335013466
v 0 -2.17733443643651 1.5479192964422595
v -0.4225522581123151 -2.3282760967057357 1.6791315328945444
v 0 -2.17733443643651 1.5479192964422595
v -0.3539043956086694 -2.17733443643651 1.5479192964422595
v -0.3539043956086694 -2.17733443643651 1.5479192964422595
v 0 -2.17733443643651 1.5479192964422595
v 0 -2.1990185111614835 1.5229748952832054
v -0.3539043956086694 -2.17733443643651 1.5479192964422595
v 0 -2.1990185111614835 1.5229748952832054
v 0 -2.220634493539251 1.4981086000518289
v -0.3539043956086694 -2.17733443643651 1.5479192964422595
v 0 -2.220634493539251 1.4981086000518289
v -0.35650620991745896 -2.220634493539251 1.4981086000518289
v -0.736970817103547 -1.8571840562996869 1.0610933461948235
v -0.5369708141233147 -1.9205992031186696 1.0610933461948235
v -0.5369708141233147 -1.986599188843357 1.0610933461948235
v -0.5369708141233147 -1.986599188843357 1.0610933461948235
v -0.736970817103547 -1.9231840420243742 1.0610933461948235
v -0.736970817103547 -1.8571840562996869 1.0610933461948235
v 0.5369708141233147 -1.986599188843357 1.0610933461948235
v 0.736970817103547 -1.9231840420243742 1.0610933461948235
v 0.736970817103547 -1.9231840420243742 1.3622523510791709
v 0.736970817103547 -1.9231840420243742 1.3622523510791709
v 0.5369708141233147 -1.986599188843357 1.3415495118729694
v 0.5369708141233147 -1.986599188843357 1.0610933461948235
v 0.736970817103547 -1.9231840420243742 1.0610933461948235
v 0.736970817103547 -1.8571840562996869 1.0610933461948235
v 0.736970817103547 -1.8571840562996869 1.4027757853683198
v 0.736970817103547 -1.8571840562996869 1.4027757853683198
v 0.736970817103547 -1.9231840420243742 1.3622523510791709
v 0.736970817103547 -1.9231840420243742 1.0610933461948235
v 0.5369708141233147 -1.9205992031186696 1.0610933461948235
v 0.5369708141233147 -1.986599188843357 1.0610933461948235
v 0.5369708141233147 -1.986599188843357 1.3415495118729694
v 0.5369708141233147 -1.986599188843357 1.3415495118729694
v 0.5369708141233147 -1.9205992031186696 1.3820729461621184
v 0.5369708141233147 -1.9205992031186696 1.0610933461948235
v 0.5369708141233147 -1.986599188843357 1.3415495118729694
v 0.736970817103547 -1.9231840420243742 1.3622523510791709
v 0.7059597120577052 -2.111733277316887 1.4649968365579369
v 0.7059597120577052 -2.111733277316887 1.4649968365579369
v 0.5260958749964217 -2.040272743109952 1.3762007918387766
v 0.5369708141233147 -1.986599188843357 1.3415495118729694
v 0.736970817103547 -1.9231840420243742 1.3622523510791709
v 0.736970817103547 -1.8571840562996869 1.4027757853683198
v 0.6961759670999044 -2.0735719989772434 1.5189181554156264
v 0.6961759670999044 -2.0735719989772434 1.5189181554156264
v 0.7059597120577052 -2.111733277316887 1.4649968365579369
v 0.736970817103547 -1.9231840420243742 1.3622523510791709
v 0.736970817103547 -1.8571840562996869 1.4027757853683198
v 0.5369708141233147 -1.9205992031186696 1.3820729461621184
v 0.5175247269500005 -2.0014419853902155 1.4316635345170425
v 0.5175247269500005 -2.0014419853902155 1.4316635345170425
v 0.6961759670999044 -2.0735719989772434 1.5189181554156264
v 0.736970817103547 -1.8571840562996869 1.4027757853683198
v 0.5369708141233147 -1.9205992031186696 1.3820729461621184
v 0.5369708141233147 -1.986599188843357 1.3415495118729694
v 0.5260958749964217 -2.040272743109952 1.3762007918387766
v 0.5260958749964217 -2.040272743109952 1.3762007918387766
v 0.5175247269500005 -2.0014419853902155 1.4316635345170425
v 0.5369708141233147 -1.9205992031186696 1.3820729461621184
v 0.4304558818110209 -2.1734314288710266 1.4649887303261266
v 0.6129443259975957 -2.2497219420928047 1.5469037286475853
v 0.42515412010482123 -2.3715761538084763 1.6293207411366808
v 0.42515412010482123 -2.3715761538084763 1.6293207411366808
v 0.35650620991745896 -2.220634493539251 1.4981086000518289
v 0.4304558818110209 -2.1734314288710266 1.4649887303261266
v 0.6129443259975957 -2.2497219420928047 1.5469037286475853
v 0.6012298673574605 -2.2117325158675385 1.6002517938651408
v 0.42255230579603165 -2.3282760967057357 1.6791315328945444
v 0.42255230579603165 -2.3282760967057357 1.6791315328945444
v 0.42515412010482123 -2.3715761538084763 1.6293207411366808
v 0.6129443259975957 -2.2497219420928047 1.5469037286475853
v 0.6012298673574605 -2.2117325158675385 1.6002517938651408
v 0.4188615384528269 -2.135523255698729 1.518488143659951
v 0.3539043956086694 -2.17733443643651 1.5479192964422595
v 0.3539043956086694 -2.17733443643651 1.5479192964422595
v 0.42255230579603165 -2.3282760967057357 1.6791315328945444
v 0.6012298673574605 -2.2117325158675385 1.6002517938651408
v 0.4188615384528269 -2.135523255698729 1.518488143659951
v 0.4304558818110209 -2.1734314288710266 1.4649887303261266
v 0.35650620991745896 -2.220634493539251 1.4981086000518289
v 0.35650620991745896 -2.220634493539251 1.4981086000518289
v 0.3539043956086694 -2.17733443643651 1.5479192964422595
v 0.4188615384528269 -2.135523255698729 1.518488143659951
v 0.35650620991745896 -2.220634493539251 1.4981086000518289
v 0.42515412010482123 -2.3715761538084763 1.6293207411366808
v 0 -2.3715761538084763 1.6293207411366808
v 0.35650620991745896 -2.220634493539251 1.4981086000518289
v 0 -2.3715761538084763 1.6293207411366808
v 0 -2.296500049479306 1.5640579456695605
v 0 -2.220634493539251 1.4981086000518289
v 0.35650620991745896 -2.220634493539251 1.4981086000518289
v 0 -2.296500049479306 1.5640579456695605
v 0.42515412010482123 -2.3715761538084763 1.6293207411366808
v 0.42255230579603165 -2.3282760967057357 1.6791315328945444
v 0 -2.3282760967057357 1.6791315328945444
v 0.42515412010482123 -2.3715761538084763 1.6293207411366808
v 0 -2.3282760967057357 1.6791315328945444
v 0 -2.347912441908008 1.6565426119646816
v 0 -2.3715761538084763 1.6293207411366808
v 0.42515412010482123 -2.3715761538084763 1.6293207411366808
v 0 -2.347912441908008 1.6565426119646816
v 0.42255230579603165 -2.3282760967057357 1.6791315328945444
v 0.3539043956086694 -2.17733443643651 1.5479192964422595
v 0 -2.17733443643651 1.5479192964422595
v 0.42255230579603165 -2.3282760967057357 1.6791315328945444
v 0 -2.17733443643651 1.5479192964422595
v 0 -2.2460153914394283 1.6076229335013466
v 0 -2.3282760967057357 1.6791315328945444
v 0.42255230579603165 -2.3282760967057357 1.6791315328945444
v 0 -2.2460153914394283 1.6076229335013466
v 0.3539043956086694 -2.17733443643651 1.5479192964422595
v 0.35650620991745896 -2.220634493539251 1.4981086000518289
v 0 -2.220634493539251 1.4981086000518289
v 0.3539043956086694 -2.17733443643651 1.5479192964422595
v 0 -2.220634493539251 1.4981086000518289
v 0 -2.1990185111614835 1.5229748952832054
v 0 -2.17733443643651 1.5479192964422595
v 0.3539043956086694 -2.17733443643651 1.5479192964422595
v 0 -2.1990185111614835 1.5229748952832054
v 0.5369708141233147 -1.986599188843357 1.0610933461948235
v 0.5369708141233147 -1.9205992031186696 1.0610933461948235
v 0.736970817103547 -1.8571840562996869 1.0610933461948235
v 0.736970817103547 -1.8571840562996869 1.0610933461948235
v 0.736970817103547 -1.9231840420243742 1.0610933461948235
v 0.5369708141233147 -1.986599188843357 1.0610933461948235
v -0.736970817103547 1.9163364695956773 1.3622523510791709
v -0.5369708141233147 1.9797512349449278 1.3415495118729694
v -0.5369708141233147 1.97975161641466 1.0610933461948235
v -0.5369708141233147 1.97975161641466 1.0610933461948235
v -0.736970817103547 1.9163364695956773 1.0610933461948235
v -0.736970817103547 1.9163364695956773 1.3622523510791709
v -0.736970817103547 1.85033648387099 1.4027757853683198
v -0.736970817103547 1.9163364695956773 1.3622523510791709
v -0.736970817103547 1.9163364695956773 1.0610933461948235
v -0.736970817103547 1.9163364695956773 1.0610933461948235
v -0.736970817103547 1.8503361024012577 1.0610933461948235
v -0.736970817103547 1.85033648387099 1.4027757853683198
v -0.5369708141233147 1.9797512349449278 1.3415495118729694
v -0.5369708141233147 1.9137512492202404 1.3820729461621184
v -0.5369708141233147 1.9137512492202404 1.0610933461948235
v -0.5369708141233147 1.9137512492202404 1.0610933461948235
v -0.5369708141233147 1.97975161641466 1.0610933461948235
v -0.5369708141233147 1.9797512349449278 1.3415495118729694
v -0.7059597120577052 2.104885514153324 1.4649968365579369
v -0.5260958273127052 2.033425170681255 1.3762008872062097
v -0.5369708141233147 1.9797512349449278 1.3415495118729694
v -0.5369708141233147 1.9797512349449278 1.3415495118729694
v -0.736970817103547 1.9163364695956773 1.3622523510791709
v -0.7059597120577052 2.104885514153324 1.4649968365579369
v -0.6961759670999044 2.0667244265485465 1.5189181554156264
v -0.7059597120577052 2.104885514153324 1.4649968365579369
v -0.736970817103547 1.9163364695956773 1.3622523510791709
v -0.736970817103547 1.9163364695956773 1.3622523510791709
v -0.736970817103547 1.85033648387099 1.4027757853683198
v -0.6961759670999044 2.0667244265485465 1.5189181554156264
v -0.5175247269500005 1.9945942222266524 1.4316635345170425
v -0.6961759670999044 2.0667244265485465 1.5189181554156264
v -0.736970817103547 1.85033648387099 1.4027757853683198
v -0.736970817103547 1.85033648387099 1.4027757853683198
v -0.5369708141233147 1.9137512492202404 1.3820729461621184
v -0.5175247269500005 1.9945942222266524 1.4316635345170425
v -0.5260958273127052 2.033425170681255 1.3762008872062097
v -0.5175247269500005 1.9945942222266524 1.4316635345170425
v -0.5369708141233147 1.9137512492202404 1.3820729461621184
v -0.5369708141233147 1.9137512492202404 1.3820729461621184
v -0.5369708141233147 1.9797512349449278 1.3415495118729694
v -0.5260958273127052 2.033425170681255 1.3762008872062097
v -0.4251540724211047 2.3647285813797794 1.6293207411366808
v -0.35650620991745896 2.2137867303756877 1.4981086000518289
v -0.43045583412730437 2.1665836657074635 1.4649887303261266
v -0.43045583412730437 2.1665836657074635 1.4649887303261266
v -0.6129443259975957 2.2428741789292417 1.5469038240150184
v -0.4251540724211047 2.3647285813797794 1.6293207411366808
v -0.4225522581123151 2.3214283335421726 1.6791315328945444
v -0.4251540724211047 2.3647285813797794 1.6293207411366808
v -0.6129443259975957 2.2428741789292417 1.5469038240150184
v -0.6129443259975957 2.2428741789292417 1.5469038240150184
v -0.6012298673574605 2.2048847527039754 1.6002517938651408
v -0.4225522581123151 2.3214283335421726 1.6791315328945444
v -0.3539043956086694 2.170486482538081 1.5479192964422595
v -0.4225522581123151 2.3214283335421726 1.6791315328945444
v -0.6012298673574605 2.2048847527039754 1.6002517938651408
v -0.6012298673574605 2.2048847527039754 1.6002517938651408
v -0.4188615384528269 2.128675492535166 1.5184882390273842
v -0.3539043956086694 2.170486482538081 1.5479192964422595
v -0.35650620991745896 2.2137867303756877 1.4981086000518289
v -0.3539043956086694 2.170486482538081 1.5479192964422595
v -0.4188615384528269 2.128675492535166 1.5184882390273842
v -0.4188615384528269 2.128675492535166 1.5184882390273842
v -0.43045583412730437 2.1665836657074635 1.4649887303261266
v -0.35650620991745896 2.2137867303756877 1.4981086000518289
v -0.35650620991745896 2.2137867303756877 1.4981086000518289
v -0.4251540724211047 2.3647285813797794 1.6293207411366808
v 0 2.3647285813797794 1.6293207411366808
v -0.35650620991745896 2.2137867303756877 1.4981086000518289
v 0 2.3647285813797794 1.6293207411366808
v 0 2.289652286315743 1.5640579456695605
v -0.35650620991745896 2.2137867303756877 1.4981086000518289
v 0 2.289652286315743 1.5640579456695605
v 0 2.2137867303756877 1.4981086000518289
v -0.4251540724211047 2.3647285813797794 1.6293207411366808
v -0.4225522581123151 2.3214283335421726 1.6791315328945444
v 0 2.3214283335421726 1.6791315328945444
v -0.4251540724211047 2.3647285813797794 1.6293207411366808
v 0 2.3214283335421726 1.6791315328945444
v 0 2.341064488009579 1.6565426119646816
v -0.4251540724211047 2.3647285813797794 1.6293207411366808
v 0 2.341064488009579 1.6565426119646816
v 0 2.3647285813797794 1.6293207411366808
v -0.4225522581123151 2.3214283335421726 1.6791315328945444
v -0.3539043956086694 2.170486482538081 1.5479192964422595
v 0 2.170486864007813 1.5479192964422595
v -0.4225522581123151 2.3214283335421726 1.6791315328945444
v 0 2.170486864007813 1.5479192964422595
v 0 2.239167437540999 1.6076229335013466
v -0.4225522581123151 2.3214283335421726 1.6791315328945444
v 0 2.239167437540999 1.6076229335013466
v 0 2.3214283335421726 1.6791315328945444
v -0.3539043956086694 2.170486482538081 1.5479192964422595
v -0.35650620991745896 2.2137867303756877 1.4981086000518289
v 0 2.2137867303756877 1.4981086000518289
v -0.3539043956086694 2.170486482538081 1.5479192964422595
v 0 2.2137867303756877 1.4981086000518289
v 0 2.1921707479979204 1.5229748952832054
v -0.3539043956086694 2.170486482538081 1.5479192964422595
v 0 2.1921707479979204 1.5229748952832054
v 0 2.170486864007813 1.5479192964422595
v -0.736970817103547 1.8503361024012577 1.0610933461948235
v -0.736970817103547 1.9163364695956773 1.0610933461948235
v -0.5369708141233147 1.97975161641466 1.0610933461948235
v -0.5369708141233147 1.97975161641466 1.0610933461948235
v -0.5369708141233147 1.9137512492202404 1.0610933461948235
v -0.736970817103547 1.8503361024012577 1.0610933461948235
v 0.5369708141233147 1.97975161641466 1.0610933461948235
v 0.5369708141233147 1.9797512349449278 1.3415495118729694
v 0.736970817103547 1.9163364695956773 1.3622523510791709
v 0.736970817103547 1.9163364695956773 1.3622523510791709
v 0.736970817103547 1.9163364695956773 1.0610933461948235
v 0.5369708141233147 1.97975161641466 1.0610933461948235
v 0.736970817103547 1.9163364695956773 1.0610933461948235
v 0.736970817103547 1.9163364695956773 1.3622523510791709
v 0.736970817103547 1.85033648387099 1.4027757853683198
v 0.736970817103547 1.85033648387099 1.4027757853683198
v 0.736970817103547 1.8503361024012577 1.0610933461948235
v 0.736970817103547 1.9163364695956773 1.0610933461948235
v 0.5369708141233147 1.9137512492202404 1.0610933461948235
v 0.5369708141233147 1.9137512492202404 1.3820729461621184
v 0.5369708141233147 1.9797512349449278 1.3415495118729694
v 0.5369708141233147 1.9797512349449278 1.3415495118729694
v 0.5369708141233147 1.97975161641466 1.0610933461948235
v 0.5369708141233147 1.9137512492202404 1.0610933461948235
v 0.5369708141233147 1.9797512349449278 1.3415495118729694
v 0.5260958749964217 2.033425170681255 1.3762008872062097
v 0.7059597120577052 2.104885514153324 1.4649968365579369
v 0.7059597120577052 2.104885514153324 1.4649968365579369
v 0.736970817103547 1.9163364695956773 1.3622523510791709
v 0.5369708141233147 1.9797512349449278 1.3415495118729694
v 0.736970817103547 1.9163364695956773 1.3622523510791709
v 0.7059597120577052 2.104885514153324 1.4649968365579369
v 0.6961759670999044 2.0667244265485465 1.5189181554156264
v 0.6961759670999044 2.0667244265485465 1.5189181554156264
v 0.736970817103547 1.85033648387099 1.4027757853683198
v 0.736970817103547 1.9163364695956773 1.3622523510791709
v 0.736970817103547 1.85033648387099 1.4027757853683198
v 0.6961759670999044 2.0667244265485465 1.5189181554156264
v 0.5175247269500005 1.9945942222266524 1.4316635345170425
v 0.5175247269500005 1.9945942222266524 1.4316635345170425
v 0.5369708141233147 1.9137512492202404 1.3820729461621184
v 0.736970817103547 1.85033648387099 1.4027757853683198
v 0.5369708141233147 1.9137512492202404 1.3820729461621184
v 0.5175247269500005 1.9945942222266524 1.4316635345170425
v 0.5260958749964217 2.033425170681255 1.3762008872062097
v 0.5260958749964217 2.033425170681255 1.3762008872062097
v 0.5369708141233147 1.9797512349449278 1.3415495118729694
v 0.5369708141233147 1.9137512492202404 1.3820729461621184
v 0.4304558818110209 2.1665836657074635 1.4649887303261266
v 0.35650620991745896 2.2137867303756877 1.4981086000518289
v 0.42515412010482123 2.3647285813797794 1.6293207411366808
v 0.42515412010482123 2.3647285813797794 1.6293207411366808
v 0.6129444213650288 2.2428741789292417 1.5469038240150184
v 0.4304558818110209 2.1665836657074635 1.4649887303261266
v 0.6129444213650288 2.2428741789292417 1.5469038240150184
v 0.42515412010482123 2.3647285813797794 1.6293207411366808
v 0.42255230579603165 2.3214283335421726 1.6791315328945444
v 0.42255230579603165 2.3214283335421726 1.6791315328945444
v 0.6012298673574605 2.2048847527039754 1.6002517938651408
v 0.6129444213650288 2.2428741789292417 1.5469038240150184
v 0.6012298673574605 2.2048847527039754 1.6002517938651408
v 0.42255230579603165 2.3214283335421726 1.6791315328945444
v 0.3539043956086694 2.170486482538081 1.5479192964422595
v 0.3539043956086694 2.170486482538081 1.5479192964422595
v 0.4188614907691104 2.128675492535166 1.5184882390273842
v 0.6012298673574605 2.2048847527039754 1.6002517938651408
v 0.4188614907691104 2.128675492535166 1.5184882390273842
v 0.3539043956086694 2.170486482538081 1.5479192964422595
v 0.35650620991745896 2.2137867303756877 1.4981086000518289
v 0.35650620991745896 2.2137867303756877 1.4981086000518289
v 0.4304558818110209 2.1665836657074635 1.4649887303261266
v 0.4188614907691104 2.128675492535166 1.5184882390273842
v 0 2.3647285813797794 1.6293207411366808
v 0.42515412010482123 2.3647285813797794 1.6293207411366808
v 0.35650620991745896 2.2137867303756877 1.4981086000518289
v 0 2.289652286315743 1.5640579456695605
v 0 2.3647285813797794 1.6293207411366808
v 0.35650620991745896 2.2137867303756877 1.4981086000518289
v 0 2.2137867303756877 1.4981086000518289
v 0 2.289652286315743 1.5640579456695605
v 0.35650620991745896 2.2137867303756877 1.4981086000518289
v 0 2.3214283335421726 1.6791315328945444
v 0.42255230579603165 2.3214283335421726 1.6791315328945444
v 0.42515412010482123 2.3647285813797794 1.6293207411366808
v 0 2.341064488009579 1.6565426119646816
v 0 2.3214283335421726 1.6791315328945444
v 0.42515412010482123 2.3647285813797794 1.6293207411366808
v 0 2.3647285813797794 1.6293207411366808
v 0 2.341064488009579 1.6565426119646816
v 0.42515412010482123 2.3647285813797794 1.6293207411366808
v 0 2.170486864007813 1.5479192964422595
v 0.3539043956086694 2.170486482538081 1.5479192964422595
v 0.42255230579603165 2.3214283335421726 1.6791315328945444
v 0 2.239167437540999 1.6076229335013466
v 0 2.170486864007813 1.5479192964422595
v 0.42255230579603165 2.3214283335421726 1.6791315328945444
v 0 2.3214283335421726 1.6791315328945444
v 0 2.239167437540999 1.6076229335013466
v 0.42255230579603165 2.3214283335421726 1.6791315328945444
v 0 2.2137867303756877 1.4981086000518289
v 0.35650620991745896 2.2137867303756877 1.4981086000518289
v 0.3539043956086694 2.170486482538081 1.5479192964422595
v 0 2.1921707479979204 1.5229748952832054
v 0 2.2137867303756877 1.4981086000518289
v 0.3539043956086694 2.170486482538081 1.5479192964422595
v 0 2.170486864007813 1.5479192964422595
v 0 2.1921707479979204 1.5229748952832054
v 0.3539043956086694 2.170486482538081 1.5479192964422595
v 0.5369708141233147 1.97975161641466 1.0610933461948235
v 0.736970817103547 1.9163364695956773 1.0610933461948235
v 0.736970817103547 1.8503361024012577 1.0610933461948235
v 0.736970817103547 1.8503361024012577 1.0610933461948235
v 0.5369708141233147 1.9137512492202404 1.0610933461948235
v 0.5369708141233147 1.97975161641466 1.0610933461948235
v -0.5260958749964217 -2.040272743109952 1.3762007918387766
v -0.43045583412730437 -2.1734314288710266 1.4649887303261266
v -0.6129443259975957 -2.2497219420928047 1.5469037286475853
v -0.6129443259975957 -2.2497219420928047 1.5469037286475853
v -0.7059597120577052 -2.111733277316887 1.4649968365579369
v -0.5260958749964217 -2.040272743109952 1.3762007918387766
v -0.7059597120577052 -2.111733277316887 1.4649968365579369
v -0.6129443259975957 -2.2497219420928047 1.5469037286475853
v -0.6012298673574605 -2.2117325158675385 1.6002517938651408
v -0.6012298673574605 -2.2117325158675385 1.6002517938651408
v -0.6961759670999044 -2.0735719989772434 1.5189181554156264
v -0.7059597120577052 -2.111733277316887 1.4649968365579369
v -0.6961759670999044 -2.0735719989772434 1.5189181554156264
v -0.6012298673574605 -2.2117325158675385 1.6002517938651408
v -0.41886158613654345 -2.135523255698729 1.518488143659951
v -0.41886158613654345 -2.135523255698729 1.518488143659951
v -0.5175247269500005 -2.0014419853902155 1.4316635345170425
v -0.6961759670999044 -2.0735719989772434 1.5189181554156264
v -0.5175247269500005 -2.0014419853902155 1.4316635345170425
v -0.41886158613654345 -2.135523255698729 1.518488143659951
v -0.43045583412730437 -2.1734314288710266 1.4649887303261266
v -0.43045583412730437 -2.1734314288710266 1.4649887303261266
v -0.5260958749964217 -2.040272743109952 1.3762007918387766
v -0.5175247269500005 -2.0014419853902155 1.4316635345170425
v 0.7059597120577052 -2.111733277316887 1.4649968365579369
v 0.6129443259975957 -2.2497219420928047 1.5469037286475853
v 0.4304558818110209 -2.1734314288710266 1.4649887303261266
v 0.4304558818110209 -2.1734314288710266 1.4649887303261266
v 0.5260958749964217 -2.040272743109952 1.3762007918387766
v 0.7059597120577052 -2.111733277316887 1.4649968365579369
v 0.6961759670999044 -2.0735719989772434 1.5189181554156264
v 0.6012298673574605 -2.2117325158675385 1.6002517938651408
v 0.6129443259975957 -2.2497219420928047 1.5469037286475853
v 0.6129443259975957 -2.2497219420928047 1.5469037286475853
v 0.7059597120577052 -2.111733277316887 1.4649968365579369
v 0.6961759670999044 -2.0735719989772434 1.5189181554156264
v 0.5175247269500005 -2.0014419853902155 1.4316635345170425
v 0.4188615384528269 -2.135523255698729 1.518488143659951
v 0.6012298673574605 -2.2117325158675385 1.6002517938651408
v 0.6012298673574605 -2.2117325158675385 1.6002517938651408
v 0.6961759670999044 -2.0735719989772434 1.5189181554156264
v 0.5175247269500005 -2.0014419853902155 1.4316635345170425
v 0.5260958749964217 -2.040272743109952 1.3762007918387766
v 0.4304558818110209 -2.1734314288710266 1.4649887303261266
v 0.4188615384528269 -2.135523255698729 1.518488143659951
v 0.4188615384528269 -2.135523255698729 1.518488143659951
v 0.5175247269500005 -2.0014419853902155 1.4316635345170425
v 0.5260958749964217 -2.040272743109952 1.3762007918387766
v -0.7059597120577052 2.104885514153324 1.4649968365579369
v -0.6129443259975957 2.2428741789292417 1.5469038240150184
v -0.43045583412730437 2.1665836657074635 1.4649887303261266
v -0.43045583412730437 2.1665836657074635 1.4649887303261266
v -0.5260958273127052 2.033425170681255 1.3762008872062097
v -0.7059597120577052 2.104885514153324 1.4649968365579369
v -0.6961759670999044 2.0667244265485465 1.5189181554156264
v -0.6012298673574605 2.2048847527039754 1.6002517938651408
v -0.6129443259975957 2.2428741789292417 1.5469038240150184
v -0.6129443259975957 2.2428741789292417 1.5469038240150184
v -0.7059597120577052 2.104885514153324 1.4649968365579369
v -0.6961759670999044 2.0667244265485465 1.5189181554156264
v -0.5175247269500005 1.9945942222266524 1.4316635345170425
v -0.4188615384528269 2.128675492535166 1.5184882390273842
v -0.6012298673574605 2.2048847527039754 1.6002517938651408
v -0.6012298673574605 2.2048847527039754 1.6002517938651408
v -0.6961759670999044 2.0667244265485465 1.5189181554156264
v -0.5175247269500005 1.9945942222266524 1.4316635345170425
v -0.5260958273127052 2.033425170681255 1.3762008872062097
v -0.43045583412730437 2.1665836657074635 1.4649887303261266
v -0.4188615384528269 2.128675492535166 1.5184882390273842
v -0.4188615384528269 2.128675492535166 1.5184882390273842
v -0.5175247269500005 1.9945942222266524 1.4316635345170425
v -0.5260958273127052 2.033425170681255 1.3762008872062097
v 0.5260958749964217 2.033425170681255 1.3762008872062097
v 0.4304558818110209 2.1665836657074635 1.4649887303261266
v 0.6129444213650288 2.2428741789292417 1.5469038240150184
v 0.6129444213650288 2.2428741789292417 1.5469038240150184
v 0.7059597120577052 2.104885514153324 1.4649968365579369
v 0.5260958749964217 2.033425170681255 1.3762008872062097
v 0.7059597120577052 2.104885514153324 1.4649968365579369
v 0.6129444213650288 2.2428741789292417 1.5469038240150184
v 0.6012298673574605 2.2048847527039754 1.6002517938651408
v 0.6012298673574605 2.2048847527039754 1.6002517938651408
v 0.6961759670999044 2.0667244265485465 1.5189181554156264
v 0.7059597120577052 2.104885514153324 1.4649968365579369
v 0.6961759670999044 2.0667244265485465 1.5189181554156264
v 0.6012298673574605 2.2048847527039754 1.6002517938651408
v 0.4188614907691104 2.128675492535166 1.5184882390273842
v 0.4188614907691104 2.128675492535166 1.5184882390273842
v 0.5175247269500005 1.9945942222266524 1.4316635345170425
v 0.6961759670999044 2.0667244265485465 1.5189181554156264
v 0.5175247269500005 1.9945942222266524 1.4316635345170425
v 0.4188614907691104 2.128675492535166 1.5184882390273842
v 0.4304558818110209 2.1665836657074635 1.4649887303261266
v 0.4304558818110209 2.1665836657074635 1.4649887303261266
v 0.5260958749964217 2.033425170681255 1.3762008872062097
v 0.5175247269500005 1.9945942222266524 1.4316635345170425
vt 0.3648824989795685 0.6338521838188171
vt 0.3665649890899658 0.5864145755767822
vt 0.3828241229057312 0.5418186187744141
vt 0.3828241229057312 0.5418186187744141
vt 0.4120674133300781 0.5044299364089966
vt 0.451433390378952 0.47790777683258057
vt 0.451433390378952 0.47790777683258057
vt 0.4970681965351105 0.4648483991622925
vt 0.54450523853302 0.4665302038192749
vt 0.3828241229057312 0.5418186187744141
vt 0.451433390378952 0.47790777683258057
vt 0.54450523853302 0.4665302038192749
vt 0.54450523853302 0.4665302038192749
vt 0.5891007781028748 0.48278874158859253
vt 0.6264894604682922 0.5120322108268738
vt 0.6264894604682922 0.5120322108268738
vt 0.6530115008354187 0.5513981580734253
vt 0.6660707592964172 0.5970330238342285
vt 0.54450523853302 0.4665302038192749
vt 0.6264894604682922 0.5120322108268738
vt 0.6660707592964172 0.5970330238342285
vt 0.6660707592964172 0.5970330238342285
vt 0.6643887758255005 0.6444699168205261
vt 0.6481304168701172 0.6890652179718018
vt 0.6481304168701172 0.6890652179718018
vt 0.6188871264457703 0.726453959941864
vt 0.5795210599899292 0.7529761791229248
vt 0.6660707592964172 0.5970330238342285
vt 0.6481304168701172 0.6890652179718018
vt 0.5795210599899292 0.7529761791229248
vt 0.5795210599899292 0.7529761791229248
vt 0.533886194229126 0.7660355567932129
vt 0.4864491820335388 0.76435387134552
vt 0.4864491820335388 0.76435387134552
vt 0.4418536424636841 0.7480955123901367
vt 0.4044646918773651 0.7188522219657898
vt 0.5795210599899292 0.7529761791229248
vt 0.4864491820335388 0.76435387134552
vt 0.4044646918773651 0.7188522219657898
vt 0.6660707592964172 0.5970330238342285
vt 0.5795210599899292 0.7529761791229248
vt 0.4044646918773651 0.7188522219657898
vt 0.54450523853302 0.4665302038192749
vt 0.6660707592964172 0.5970330238342285
vt 0.4044646918773651 0.7188522219657898
vt 0.3828241229057312 0.5418186187744141
vt 0.54450523853302 0.4665302038192749
vt 0.4044646918773651 0.7188522219657898
vt 0.3648824989795685 0.6338521838188171
vt 0.3828241229057312 0.5418186187744141
vt 0.4044646918773651 0.7188522219657898
vt 0.37794235348701477 0.6794868111610413
vt 0.3648824989795685 0.6338521838188171
vt 0.4044646918773651 0.7188522219657898
vt 0.8269490003585815 0.020018398761749268
vt 0.8269354104995728 0.14651155471801758
vt 0.7794685363769531 0.14650660753250122
vt 0.7794685363769531 0.14650660753250122
vt 0.779480516910553 0.02001321315765381
vt 0.8269490003585815 0.020018398761749268
vt 0.8744173049926758 0.02002394199371338
vt 0.8744025230407715 0.1465170979499817
vt 0.8269354104995728 0.14651155471801758
vt 0.8269354104995728 0.14651155471801758
vt 0.8269490003585815 0.020018398761749268
vt 0.8744173049926758 0.02002394199371338
vt 0.9218851327896118 0.020030200481414795
vt 0.9218695163726807 0.14652299880981445
vt 0.8744025230407715 0.1465170979499817
vt 0.8744025230407715 0.1465170979499817
vt 0.8744173049926758 0.02002394199371338
vt 0.9218851327896118 0.020030200481414795
vt 0.9693528413772583 0.02003687620162964
vt 0.9693365097045898 0.14652913808822632
vt 0.9218695163726807 0.14652299880981445
vt 0.9218695163726807 0.14652299880981445
vt 0.9218851327896118 0.020030200481414795
vt 0.9693528413772583 0.02003687620162964
vt 0.06746593117713928 0.0200311541557312
vt 0.06747998297214508 0.14652001857757568
vt 0.020014245063066483 0.14652550220489502
vt 0.020014245063066483 0.14652550220489502
vt 0.019999999552965164 0.02003687620162964
vt 0.06746593117713928 0.0200311541557312
vt 0.11493213474750519 0.02002549171447754
vt 0.11494570970535278 0.146514892578125
vt 0.06747998297214508 0.14652001857757568
vt 0.06747998297214508 0.14652001857757568
vt 0.06746593117713928 0.0200311541557312
vt 0.11493213474750519 0.02002549171447754
vt 0.16239865124225616 0.020020127296447754
vt 0.1624114066362381 0.14650964736938477
vt 0.11494570970535278 0.146514892578125
vt 0.11494570970535278 0.146514892578125
vt 0.11493213474750519 0.02002549171447754
vt 0.16239865124225616 0.020020127296447754
vt 0.20986545085906982 0.020015358924865723
vt 0.20987701416015625 0.1465049386024475
vt 0.1624114066362381 0.14650964736938477
vt 0.1624114066362381 0.14650964736938477
vt 0.16239865124225616 0.020020127296447754
vt 0.20986545085906982 0.020015358924865723
vt 0.257332444190979 0.020011067390441895
vt 0.2573423981666565 0.14650094509124756
vt 0.20987701416015625 0.1465049386024475
vt 0.20987701416015625 0.1465049386024475
vt 0.20986545085906982 0.020015358924865723
vt 0.257332444190979 0.020011067390441895
vt 0.3047996163368225 0.020007431507110596
vt 0.3048078715801239 0.14649754762649536
vt 0.2573423981666565 0.14650094509124756
vt 0.2573423981666565 0.14650094509124756
vt 0.257332444190979 0.020011067390441895
vt 0.3047996163368225 0.020007431507110596
vt 0.35226696729660034 0.0200045108795166
vt 0.3522733449935913 0.1464950442314148
vt 0.3048078715801239 0.14649754762649536
vt 0.3048078715801239 0.14649754762649536
vt 0.3047996163368225 0.020007431507110596
vt 0.35226696729660034 0.0200045108795166
vt 0.3997345566749573 0.020002126693725586
vt 0.3997389078140259 0.14649319648742676
vt 0.3522733449935913 0.1464950442314148
vt 0.3522733449935913 0.1464950442314148
vt 0.35226696729660034 0.0200045108795166
vt 0.3997345566749573 0.020002126693725586
vt 0.4472023546695709 0.020000696182250977
vt 0.44720467925071716 0.14649200439453125
vt 0.3997389078140259 0.14649319648742676
vt 0.3997389078140259 0.14649319648742676
vt 0.3997345566749573 0.020002126693725586
vt 0.4472023546695709 0.020000696182250977
vt 0.4946703016757965 0.019999980926513672
vt 0.494670569896698 0.14649152755737305
vt 0.44720467925071716 0.14649200439453125
vt 0.44720467925071716 0.14649200439453125
vt 0.4472023546695709 0.020000696182250977
vt 0.4946703016757965 0.019999980926513672
vt 0.542138397693634 0.020000219345092773
vt 0.5421364307403564 0.1464921236038208
vt 0.494670569896698 0.14649152755737305
vt 0.494670569896698 0.14649152755737305
vt 0.4946703016757965 0.019999980926513672
vt 0.542138397693634 0.020000219345092773
vt 0.5896066427230835 0.02000105381011963
vt 0.5896024703979492 0.14649337530136108
vt 0.5421364307403564 0.1464921236038208
vt 0.5421364307403564 0.1464921236038208
vt 0.542138397693634 0.020000219345092773
vt 0.5896066427230835 0.02000105381011963
vt 0.6370750069618225 0.02000284194946289
vt 0.6370688676834106 0.1464957594871521
vt 0.5896024703979492 0.14649337530136108
vt 0.5896024703979492 0.14649337530136108
vt 0.5896066427230835 0.02000105381011963
vt 0.6370750069618225 0.02000284194946289
vt 0.6845436096191406 0.020005643367767334
vt 0.6845353245735168 0.14649862051010132
vt 0.6370688676834106 0.1464957594871521
vt 0.6370688676834106 0.1464957594871521
vt 0.6370750069618225 0.02000284194946289
vt 0.6845436096191406 0.020005643367767334
vt 0.7320120930671692 0.020008981227874756
vt 0.7320019006729126 0.14650237560272217
vt 0.6845353245735168 0.14649862051010132
vt 0.6845353245735168 0.14649862051010132
vt 0.6845436096191406 0.020005643367767334
vt 0.7320120930671692 0.020008981227874756
vt 0.779480516910553 0.02001321315765381
vt 0.7794685363769531 0.14650660753250122
vt 0.7320019006729126 0.14650237560272217
vt 0.7320019006729126 0.14650237560272217
vt 0.7320120930671692 0.020008981227874756
vt 0.779480516910553 0.02001321315765381
vt 0.7867718935012817 0.3671090006828308
vt 0.8323870301246643 0.35988420248031616
vt 0.8780025839805603 0.3671090006828308
vt 0.8780025839805603 0.3671090006828308
vt 0.9191524982452393 0.38807618618011475
vt 0.9518088698387146 0.42073309421539307
vt 0.9518088698387146 0.42073309421539307
vt 0.9727754592895508 0.4618831276893616
vt 0.9799999594688416 0.507498025894165
vt 0.8780025839805603 0.3671090006828308
vt 0.9518088698387146 0.42073309421539307
vt 0.9799999594688416 0.507498025894165
vt 0.9799999594688416 0.507498025894165
vt 0.9727749824523926 0.5531129240989685
vt 0.9518077969551086 0.5942627191543579
vt 0.9518077969551086 0.5942627191543579
vt 0.9191507697105408 0.6269192695617676
vt 0.878000795841217 0.6478860378265381
vt 0.9799999594688416 0.507498025894165
vt 0.9518077969551086 0.5942627191543579
vt 0.878000795841217 0.6478860378265381
vt 0.878000795841217 0.6478860378265381
vt 0.832385778427124 0.6551104187965393
vt 0.786770761013031 0.6478853821754456
vt 0.786770761013031 0.6478853821754456
vt 0.7456209659576416 0.6269179582595825
vt 0.7129644155502319 0.594261109828949
vt 0.878000795841217 0.6478860378265381
vt 0.786770761013031 0.6478853821754456
vt 0.7129644155502319 0.594261109828949
vt 0.7129644155502319 0.594261109828949
vt 0.6919978857040405 0.5531111359596252
vt 0.6847735047340393 0.5074962377548218
vt 0.6847735047340393 0.5074962377548218
vt 0.6919986009597778 0.4618813395500183
vt 0.7129656076431274 0.4207315444946289
vt 0.7129644155502319 0.594261109828949
vt 0.6847735047340393 0.5074962377548218
vt 0.7129656076431274 0.4207315444946289
vt 0.878000795841217 0.6478860378265381
vt 0.7129644155502319 0.594261109828949
vt 0.7129656076431274 0.4207315444946289
vt 0.9799999594688416 0.507498025894165
vt 0.878000795841217 0.6478860378265381
vt 0.7129656076431274 0.4207315444946289
vt 0.8780025839805603 0.3671090006828308
vt 0.9799999594688416 0.507498025894165
vt 0.7129656076431274 0.4207315444946289
vt 0.7867718935012817 0.3671090006828308
vt 0.8780025839805603 0.3671090006828308
vt 0.7129656076431274 0.4207315444946289
vt 0.7456223368644714 0.3880753517150879
vt 0.7867718935012817 0.3671090006828308
vt 0.7129656076431274 0.4207315444946289
vt 0.32042834162712097 0.32603543996810913
vt 0.2704596221446991 0.3279934525489807
vt 0.27045902609825134 0.324080228805542
vt 0.27045902609825134 0.324080228805542
vt 0.32005783915519714 0.3221442699432373
vt 0.32042834162712097 0.32603543996810913
vt 0.3700786232948303 0.31991058588027954
vt 0.32042834162712097 0.32603543996810913
vt 0.32005783915519714 0.3221442699432373
vt 0.32005783915519714 0.3221442699432373
vt 0.36927008628845215 0.31610429286956787
vt 0.3700786232948303 0.31991058588027954
vt 0.4189530611038208 0.3085070848464966
vt 0.3700786232948303 0.31991058588027954
vt 0.36927008628845215 0.31610429286956787
vt 0.36927008628845215 0.31610429286956787
vt 0.4175465703010559 0.304935097694397
vt 0.4189530611038208 0.3085070848464966
vt 0.46567168831825256 0.2888305187225342
vt 0.4189530611038208 0.3085070848464966
vt 0.4175465703010559 0.304935097694397
vt 0.4175465703010559 0.304935097694397
vt 0.46343931555747986 0.28600072860717773
vt 0.46567168831825256 0.2888305187225342
vt 0.5009978413581848 0.2515491843223572
vt 0.46567168831825256 0.2888305187225342
vt 0.46343931555747986 0.28600072860717773
vt 0.46343931555747986 0.28600072860717773
vt 0.4995832145214081 0.25154829025268555
vt 0.5009978413581848 0.2515491843223572
vt 0.4657563865184784 0.2141815423965454
vt 0.5009978413581848 0.2515491843223572
vt 0.4995832145214081 0.25154829025268555
vt 0.4995832145214081 0.25154829025268555
vt 0.46352097392082214 0.2170059084892273
vt 0.4657563865184784 0.2141815423965454
vt 0.4190477430820465 0.19446289539337158
vt 0.4657563865184784 0.2141815423965454
vt 0.46352097392082214 0.2170059084892273
vt 0.46352097392082214 0.2170059084892273
vt 0.41763836145401 0.19803327322006226
vt 0.4190477430820465 0.19446289539337158
vt 0.37017175555229187 0.18303000926971436
vt 0.4190477430820465 0.19446289539337158
vt 0.41763836145401 0.19803327322006226
vt 0.41763836145401 0.19803327322006226
vt 0.3693617582321167 0.18683570623397827
vt 0.37017175555229187 0.18303000926971436
vt 0.3205127418041229 0.1768956184387207
vt 0.37017175555229187 0.18303000926971436
vt 0.3693617582321167 0.18683570623397827
vt 0.3693617582321167 0.18683570623397827
vt 0.3201422393321991 0.18078666925430298
vt 0.3205127418041229 0.1768956184387207
vt 0.27053260803222656 0.17494720220565796
vt 0.3205127418041229 0.1768956184387207
vt 0.3201422393321991 0.18078666925430298
vt 0.3201422393321991 0.18078666925430298
vt 0.27053314447402954 0.17886024713516235
vt 0.27053260803222656 0.17494720220565796
vt 0.22055283188819885 0.17691248655319214
vt 0.27053260803222656 0.17494720220565796
vt 0.27053314447402954 0.17886024713516235
vt 0.27053314447402954 0.17886024713516235
vt 0.22092436254024506 0.18080341815948486
vt 0.22055283188819885 0.17691248655319214
vt 0.17089508473873138 0.18306148052215576
vt 0.22055283188819885 0.17691248655319214
vt 0.22092436254024506 0.18080341815948486
vt 0.22092436254024506 0.18080341815948486
vt 0.17170563340187073 0.1868671178817749
vt 0.17089508473873138 0.18306148052215576
vt 0.12202142179012299 0.19450366497039795
vt 0.17089508473873138 0.18306148052215576
vt 0.17170563340187073 0.1868671178817749
vt 0.17170563340187073 0.1868671178817749
vt 0.12343035638332367 0.19807446002960205
vt 0.12202142179012299 0.19450366497039795
vt 0.07531903684139252 0.21422898769378662
vt 0.12202142179012299 0.19450366497039795
vt 0.12343035638332367 0.19807446002960205
vt 0.12343035638332367 0.19807446002960205
vt 0.07755332440137863 0.21705877780914307
vt 0.07531903684139252 0.21422898769378662
vt 0.03999319672584534 0.25151193141937256
vt 0.07531903684139252 0.21422898769378662
vt 0.07755332440137863 0.21705877780914307
vt 0.07755332440137863 0.21705877780914307
vt 0.04140781611204147 0.25151193141937256
vt 0.03999319672584534 0.25151193141937256
vt 0.0752394050359726 0.2888733148574829
vt 0.03999319672584534 0.25151193141937256
vt 0.04140781611204147 0.25151193141937256
vt 0.04140781611204147 0.25151193141937256
vt 0.07747291028499603 0.28604841232299805
vt 0.0752394050359726 0.2888733148574829
vt 0.12196242809295654 0.3085470199584961
vt 0.0752394050359726 0.2888733148574829
vt 0.07747291028499603 0.28604841232299805
vt 0.07747291028499603 0.28604841232299805
vt 0.12336947023868561 0.3049755096435547
vt 0.12196242809295654 0.3085470199584961
vt 0.17083851993083954 0.3199447989463806
vt 0.12196242809295654 0.3085470199584961
vt 0.12336947023868561 0.3049755096435547
vt 0.12336947023868561 0.3049755096435547
vt 0.1716465950012207 0.31613850593566895
vt 0.17083851993083954 0.3199447989463806
vt 0.2204904556274414 0.32605481147766113
vt 0.17083851993083954 0.3199447989463806
vt 0.1716465950012207 0.31613850593566895
vt 0.1716465950012207 0.31613850593566895
vt 0.22085987031459808 0.32216358184814453
vt 0.2204904556274414 0.32605481147766113
vt 0.2704596221446991 0.3279934525489807
vt 0.2204904556274414 0.32605481147766113
vt 0.22085987031459808 0.32216358184814453
vt 0.22085987031459808 0.32216358184814453
vt 0.27045902609825134 0.324080228805542
vt 0.2704596221446991 0.3279934525489807
vt 0.2704569697380066 0.3113941550254822
vt 0.3188714385032654 0.3095206022262573
vt 0.31940212845802307 0.31542134284973145
vt 0.31940212845802307 0.31542134284973145
vt 0.2704579830169678 0.31731998920440674
vt 0.2704569697380066 0.3113941550254822
vt 0.3188714385032654 0.3095206022262573
vt 0.36668825149536133 0.3037213087081909
vt 0.36783888936042786 0.3095264434814453
vt 0.36783888936042786 0.3095264434814453
vt 0.31940212845802307 0.31542134284973145
vt 0.3188714385032654 0.3095206022262573
vt 0.36668825149536133 0.3037213087081909
vt 0.4131040871143341 0.2932034134864807
vt 0.4150788187980652 0.29875266551971436
vt 0.4150788187980652 0.29875266551971436
vt 0.36783888936042786 0.3095264434814453
vt 0.36668825149536133 0.3037213087081909
vt 0.4131040871143341 0.2932034134864807
vt 0.45661014318466187 0.27609407901763916
vt 0.4596380889415741 0.28096485137939453
vt 0.4596380889415741 0.28096485137939453
vt 0.4150788187980652 0.29875266551971436
vt 0.4131040871143341 0.2932034134864807
vt 0.45661014318466187 0.27609407901763916
vt 0.49478450417518616 0.2515447735786438
vt 0.4974691867828369 0.2515474557876587
vt 0.4974691867828369 0.2515474557876587
vt 0.4596380889415741 0.28096485137939453
vt 0.45661014318466187 0.27609407901763916
vt 0.49478450417518616 0.2515447735786438
vt 0.45667925477027893 0.2268965244293213
vt 0.4597141146659851 0.22203218936920166
vt 0.4597141146659851 0.22203218936920166
vt 0.4974691867828369 0.2515474557876587
vt 0.49478450417518616 0.2515447735786438
vt 0.45667925477027893 0.2268965244293213
vt 0.41318702697753906 0.2097603678703308
vt 0.41516566276550293 0.20421290397644043
vt 0.41516566276550293 0.20421290397644043
vt 0.4597141146659851 0.22203218936920166
vt 0.45667925477027893 0.2268965244293213
vt 0.41318702697753906 0.2097603678703308
vt 0.366775244474411 0.19921720027923584
vt 0.3679279685020447 0.19341260194778442
vt 0.3679279685020447 0.19341260194778442
vt 0.41516566276550293 0.20421290397644043
vt 0.41318702697753906 0.2097603678703308
vt 0.366775244474411 0.19921720027923584
vt 0.31895560026168823 0.19340991973876953
vt 0.3194863200187683 0.1875091791152954
vt 0.3194863200187683 0.1875091791152954
vt 0.3679279685020447 0.19341260194778442
vt 0.366775244474411 0.19921720027923584
vt 0.31895560026168823 0.19340991973876953
vt 0.2705349922180176 0.1915460228919983
vt 0.27053406834602356 0.1856202483177185
vt 0.27053406834602356 0.1856202483177185
vt 0.3194863200187683 0.1875091791152954
vt 0.31895560026168823 0.19340991973876953
vt 0.2705349922180176 0.1915460228919983
vt 0.22211423516273499 0.19342637062072754
vt 0.22158193588256836 0.18752574920654297
vt 0.22158193588256836 0.18752574920654297
vt 0.27053406834602356 0.1856202483177185
vt 0.2705349922180176 0.1915460228919983
vt 0.22211423516273499 0.19342637062072754
vt 0.1742941290140152 0.1992483139038086
vt 0.1731402724981308 0.1934438943862915
vt 0.1731402724981308 0.1934438943862915
vt 0.22158193588256836 0.18752574920654297
vt 0.22211423516273499 0.19342637062072754
vt 0.1742941290140152 0.1992483139038086
vt 0.12788107991218567 0.20980244874954224
vt 0.12590208649635315 0.2042548656463623
vt 0.12590208649635315 0.2042548656463623
vt 0.1731402724981308 0.1934438943862915
vt 0.1742941290140152 0.1992483139038086
vt 0.12788107991218567 0.20980244874954224
vt 0.08438833057880402 0.22696441411972046
vt 0.08135773241519928 0.22209441661834717
vt 0.08135773241519928 0.22209441661834717
vt 0.12590208649635315 0.2042548656463623
vt 0.12788107991218567 0.20980244874954224
vt 0.08438833057880402 0.22696441411972046
vt 0.046206098049879074 0.25151294469833374
vt 0.043521687388420105 0.2515111565589905
vt 0.043521687388420105 0.2515111565589905
vt 0.08135773241519928 0.22209441661834717
vt 0.08438833057880402 0.22696441411972046
vt 0.046206098049879074 0.25151294469833374
vt 0.08430872857570648 0.276155948638916
vt 0.08127667009830475 0.2810213565826416
vt 0.08127667009830475 0.2810213565826416
vt 0.043521687388420105 0.2515111565589905
vt 0.046206098049879074 0.25151294469833374
vt 0.08430872857570648 0.276155948638916
vt 0.12781298160552979 0.29324495792388916
vt 0.12583839893341064 0.2987939119338989
vt 0.12583839893341064 0.2987939119338989
vt 0.08127667009830475 0.2810213565826416
vt 0.08430872857570648 0.276155948638916
vt 0.12781298160552979 0.29324495792388916
vt 0.17422670125961304 0.30375540256500244
vt 0.1730770468711853 0.30956077575683594
vt 0.1730770468711853 0.30956077575683594
vt 0.12583839893341064 0.2987939119338989
vt 0.12781298160552979 0.29324495792388916
vt 0.17422670125961304 0.30375540256500244
vt 0.22204281389713287 0.3095397353172302
vt 0.22151385247707367 0.31544065475463867
vt 0.22151385247707367 0.31544065475463867
vt 0.1730770468711853 0.30956077575683594
vt 0.17422670125961304 0.30375540256500244
vt 0.22204281389713287 0.3095397353172302
vt 0.2704569697380066 0.3113941550254822
vt 0.2704579830169678 0.31731998920440674
vt 0.2704579830169678 0.31731998920440674
vt 0.22151385247707367 0.31544065475463867
vt 0.22204281389713287 0.3095397353172302
vt 0.14735309779644012 0.5874266028404236
vt 0.19544751942157745 0.5798092484474182
vt 0.19544515013694763 0.5874650478363037
vt 0.19544515013694763 0.5874650478363037
vt 0.1497177630662918 0.5947062969207764
vt 0.14735309779644012 0.5874266028404236
vt 0.19544751942157745 0.5798092484474182
vt 0.2434963583946228 0.5874472260475159
vt 0.24112708866596222 0.5947209596633911
vt 0.24112708866596222 0.5947209596633911
vt 0.19544515013694763 0.5874650478363037
vt 0.19544751942157745 0.5798092484474182
vt 0.2434963583946228 0.5874472260475159
vt 0.28679418563842773 0.6095631122589111
vt 0.2822929620742798 0.6157431602478027
vt 0.2822929620742798 0.6157431602478027
vt 0.24112708866596222 0.5947209596633911
vt 0.2434963583946228 0.5874472260475159
vt 0.28679418563842773 0.6095631122589111
vt 0.32110801339149475 0.6439751386642456
vt 0.3149178624153137 0.6484574675559998
vt 0.3149178624153137 0.6484574675559998
vt 0.2822929620742798 0.6157431602478027
vt 0.28679418563842773 0.6095631122589111
vt 0.32110801339149475 0.6439751386642456
vt 0.3430851399898529 0.6873010396957397
vt 0.33581385016441345 0.6896482706069946
vt 0.33581385016441345 0.6896482706069946
vt 0.3149178624153137 0.6484574675559998
vt 0.32110801339149475 0.6439751386642456
vt 0.3430851399898529 0.6873010396957397
vt 0.35058507323265076 0.7352920770645142
vt 0.3429451584815979 0.73527592420578
vt 0.3429451584815979 0.73527592420578
vt 0.33581385016441345 0.6896482706069946
vt 0.3430851399898529 0.6873010396957397
vt 0.35058507323265076 0.7352920770645142
vt 0.34288284182548523 0.7832468152046204
vt 0.33562251925468445 0.7808701992034912
vt 0.33562251925468445 0.7808701992034912
vt 0.3429451584815979 0.73527592420578
vt 0.35058507323265076 0.7352920770645142
vt 0.34288284182548523 0.7832468152046204
vt 0.32073986530303955 0.8264713287353516
vt 0.3145693838596344 0.8219681978225708
vt 0.3145693838596344 0.8219681978225708
vt 0.33562251925468445 0.7808701992034912
vt 0.34288284182548523 0.7832468152046204
vt 0.32073986530303955 0.8264713287353516
vt 0.2863302230834961 0.8607394695281982
vt 0.2818523049354553 0.8545511960983276
vt 0.2818523049354553 0.8545511960983276
vt 0.3145693838596344 0.8219681978225708
vt 0.32073986530303955 0.8264713287353516
vt 0.2863302230834961 0.8607394695281982
vt 0.24302339553833008 0.8827072978019714
vt 0.2406749129295349 0.8754392266273499
vt 0.2406749129295349 0.8754392266273499
vt 0.2818523049354553 0.8545511960983276
vt 0.2863302230834961 0.8607394695281982
vt 0.24302339553833008 0.8827072978019714
vt 0.19505484402179718 0.8902334570884705
vt 0.19506439566612244 0.8825963735580444
vt 0.19506439566612244 0.8825963735580444
vt 0.2406749129295349 0.8754392266273499
vt 0.24302339553833008 0.8827072978019714
vt 0.19505484402179718 0.8902334570884705
vt 0.14711232483386993 0.8825871348381042
vt 0.14947845041751862 0.875326931476593
vt 0.14947845041751862 0.875326931476593
vt 0.19506439566612244 0.8825963735580444
vt 0.19505484402179718 0.8902334570884705
vt 0.14711232483386993 0.8825871348381042
vt 0.10388019680976868 0.8605191111564636
vt 0.10837103426456451 0.8543456196784973
vt 0.10837103426456451 0.8543456196784973
vt 0.14947845041751862 0.875326931476593
vt 0.14711232483386993 0.8825871348381042
vt 0.10388019680976868 0.8605191111564636
vt 0.06958231329917908 0.8261882066726685
vt 0.07575900107622147 0.8217043280601501
vt 0.07575900107622147 0.8217043280601501
vt 0.10837103426456451 0.8543456196784973
vt 0.10388019680976868 0.8605191111564636
vt 0.06958231329917908 0.8261882066726685
vt 0.04756946489214897 0.7829484343528748
vt 0.054828766733407974 0.7805923223495483
vt 0.054828766733407974 0.7805923223495483
vt 0.07575900107622147 0.8217043280601501
vt 0.06958231329917908 0.8261882066726685
vt 0.04756946489214897 0.7829484343528748
vt 0.03999318182468414 0.7350229620933533
vt 0.047626033425331116 0.7350254654884338
vt 0.047626033425331116 0.7350254654884338
vt 0.054828766733407974 0.7805923223495483
vt 0.04756946489214897 0.7829484343528748
vt 0.03999318182468414 0.7350229620933533
vt 0.0476004034280777 0.6870918869972229
vt 0.05486108362674713 0.6894538998603821
vt 0.05486108362674713 0.6894538998603821
vt 0.047626033425331116 0.7350254654884338
vt 0.03999318182468414 0.7350229620933533
vt 0.0476004034280777 0.6870918869972229
vt 0.06965640187263489 0.6438405513763428
vt 0.07583507150411606 0.6483330726623535
vt 0.07583507150411606 0.6483330726623535
vt 0.05486108362674713 0.6894538998603821
vt 0.0476004034280777 0.6870918869972229
vt 0.06965640187263489 0.6438405513763428
vt 0.10402007400989532 0.6094973087310791
vt 0.108512282371521 0.6156842112541199
vt 0.108512282371521 0.6156842112541199
vt 0.07583507150411606 0.6483330726623535
vt 0.06965640187263489 0.6438405513763428
vt 0.10402007400989532 0.6094973087310791
vt 0.14735309779644012 0.5874266028404236
vt 0.1497177630662918 0.5947062969207764
vt 0.1497177630662918 0.5947062969207764
vt 0.108512282371521 0.6156842112541199
vt 0.10402007400989532 0.6094973087310791
vt 0.7007154822349548 0.24435973167419434
vt 0.7447617650032043 0.23047727346420288
vt 0.7836717367172241 0.35392969846725464
vt 0.7836717367172241 0.35392969846725464
vt 0.7396255135536194 0.3678125739097595
vt 0.7007154822349548 0.24435973167419434
vt 0.7447617650032043 0.23047727346420288
vt 0.7888082265853882 0.21659475564956665
vt 0.8277180790901184 0.34004712104797363
vt 0.8277180790901184 0.34004712104797363
vt 0.7836717367172241 0.35392969846725464
vt 0.7447617650032043 0.23047727346420288
vt 0.7888082265853882 0.21659475564956665
vt 0.8328545093536377 0.20271223783493042
vt 0.8717642426490784 0.3261646628379822
vt 0.8717642426490784 0.3261646628379822
vt 0.8277180790901184 0.34004712104797363
vt 0.7888082265853882 0.21659475564956665
vt 0.8328545093536377 0.20271223783493042
vt 0.8769007921218872 0.18882977962493896
vt 0.9158106446266174 0.3122822046279907
vt 0.9158106446266174 0.3122822046279907
vt 0.8717642426490784 0.3261646628379822
vt 0.8328545093536377 0.20271223783493042
vt 0.8769007921218872 0.18882977962493896
vt 0.9209473133087158 0.17494720220565796
vt 0.9598570466041565 0.2983996272087097
vt 0.9598570466041565 0.2983996272087097
vt 0.9158106446266174 0.3122822046279907
vt 0.8769007921218872 0.18882977962493896
vt 0.03999319672584534 0.45259279012680054
vt 0.08404240012168884 0.43871068954467773
vt 0.12295104563236237 0.562170684337616
vt 0.12295104563236237 0.562170684337616
vt 0.07890188694000244 0.5760527849197388
vt 0.03999319672584534 0.45259279012680054
vt 0.08404240012168884 0.43871068954467773
vt 0.1280914545059204 0.42482852935791016
vt 0.1670001894235611 0.5482885837554932
vt 0.1670001894235611 0.5482885837554932
vt 0.12295104563236237 0.562170684337616
vt 0.08404240012168884 0.43871068954467773
vt 0.1280914545059204 0.42482852935791016
vt 0.17214061319828033 0.4109465479850769
vt 0.2110493928194046 0.5344064235687256
vt 0.2110493928194046 0.5344064235687256
vt 0.1670001894235611 0.5482885837554932
vt 0.1280914545059204 0.42482852935791016
vt 0.17214061319828033 0.4109465479850769
vt 0.21618951857089996 0.3970644474029541
vt 0.2550985515117645 0.5205241441726685
vt 0.2550985515117645 0.5205241441726685
vt 0.2110493928194046 0.5344064235687256
vt 0.17214061319828033 0.4109465479850769
vt 0.21618951857089996 0.3970644474029541
vt 0.26023852825164795 0.3831822872161865
vt 0.29914775490760803 0.5066418051719666
vt 0.29914775490760803 0.5066418051719666
vt 0.2550985515117645 0.5205241441726685
vt 0.21618951857089996 0.3970644474029541
vt 0.26023852825164795 0.3831822872161865
vt 0.3042873442173004 0.36930006742477417
vt 0.34319669008255005 0.49275916814804077
vt 0.34319669008255005 0.49275916814804077
vt 0.29914775490760803 0.5066418051719666
vt 0.26023852825164795 0.3831822872161865
vt 0.3042873442173004 0.36930006742477417
vt 0.3483360707759857 0.35541778802871704
vt 0.38724562525749207 0.478876531124115
vt 0.38724562525749207 0.478876531124115
vt 0.34319669008255005 0.49275916814804077
vt 0.3042873442173004 0.36930006742477417
vt 0.3483360707759857 0.35541778802871704
vt 0.39238467812538147 0.3415355086326599
vt 0.4312945306301117 0.464993953704834
vt 0.4312945306301117 0.464993953704834
vt 0.38724562525749207 0.478876531124115
vt 0.3483360707759857 0.35541778802871704
vt 0.39238467812538147 0.3415355086326599
vt 0.43643295764923096 0.327653169631958
vt 0.47534316778182983 0.4511107802391052
vt 0.47534316778182983 0.4511107802391052
vt 0.4312945306301117 0.464993953704834
vt 0.39238467812538147 0.3415355086326599
vt 0.43643295764923096 0.327653169631958
vt 0.48048102855682373 0.31377100944519043
vt 0.5193914175033569 0.4372274875640869
vt 0.5193914175033569 0.4372274875640869
vt 0.47534316778182983 0.4511107802391052
vt 0.43643295764923096 0.327653169631958
vt 0.48048102855682373 0.31377100944519043
vt 0.5245285034179688 0.2998889088630676
vt 0.5634388327598572 0.42334437370300293
vt 0.5634388327598572 0.42334437370300293
vt 0.5193914175033569 0.4372274875640869
vt 0.48048102855682373 0.31377100944519043
vt 0.5245285034179688 0.2998889088630676
vt 0.5685757994651794 0.2860066294670105
vt 0.6074858903884888 0.40946125984191895
vt 0.6074858903884888 0.40946125984191895
vt 0.5634388327598572 0.42334437370300293
vt 0.5245285034179688 0.2998889088630676
vt 0.5685757994651794 0.2860066294670105
vt 0.6126226186752319 0.27212435007095337
vt 0.6515327095985413 0.3955782651901245
vt 0.6515327095985413 0.3955782651901245
vt 0.6074858903884888 0.40946125984191895
vt 0.5685757994651794 0.2860066294670105
vt 0.6126226186752319 0.27212435007095337
vt 0.6566693186759949 0.2582421898841858
vt 0.6955794095993042 0.3816952705383301
vt 0.6955794095993042 0.3816952705383301
vt 0.6515327095985413 0.3955782651901245
vt 0.6126226186752319 0.27212435007095337
vt 0.6566693186759949 0.2582421898841858
vt 0.7007154822349548 0.24435973167419434
vt 0.7396255135536194 0.3678125739097595
vt 0.7396255135536194 0.3678125739097595
vt 0.6955794095993042 0.3816952705383301
vt 0.6566693186759949 0.2582421898841858
vt 0.27045902609825134 0.324080228805542
vt 0.2704579830169678 0.31731998920440674
vt 0.31940212845802307 0.31542134284973145
vt 0.31940212845802307 0.31542134284973145
vt 0.32005783915519714 0.3221442699432373
vt 0.27045902609825134 0.324080228805542
vt 0.32005783915519714 0.3221442699432373
vt 0.31940212845802307 0.31542134284973145
vt 0.36783888936042786 0.3095264434814453
vt 0.36783888936042786 0.3095264434814453
vt 0.36927008628845215 0.31610429286956787
vt 0.32005783915519714 0.3221442699432373
vt 0.36927008628845215 0.31610429286956787
vt 0.36783888936042786 0.3095264434814453
vt 0.4150788187980652 0.29875266551971436
vt 0.4150788187980652 0.29875266551971436
vt 0.4175465703010559 0.304935097694397
vt 0.36927008628845215 0.31610429286956787
vt 0.4175465703010559 0.304935097694397
vt 0.4150788187980652 0.29875266551971436
vt 0.4596380889415741 0.28096485137939453
vt 0.4596380889415741 0.28096485137939453
vt 0.46343931555747986 0.28600072860717773
vt 0.4175465703010559 0.304935097694397
vt 0.46343931555747986 0.28600072860717773
vt 0.4596380889415741 0.28096485137939453
vt 0.4974691867828369 0.2515474557876587
vt 0.4974691867828369 0.2515474557876587
vt 0.4995832145214081 0.25154829025268555
vt 0.46343931555747986 0.28600072860717773
vt 0.4995832145214081 0.25154829025268555
vt 0.4974691867828369 0.2515474557876587
vt 0.4597141146659851 0.22203218936920166
vt 0.4597141146659851 0.22203218936920166
vt 0.46352097392082214 0.2170059084892273
vt 0.4995832145214081 0.25154829025268555
vt 0.46352097392082214 0.2170059084892273
vt 0.4597141146659851 0.22203218936920166
vt 0.41516566276550293 0.20421290397644043
vt 0.41516566276550293 0.20421290397644043
vt 0.41763836145401 0.19803327322006226
vt 0.46352097392082214 0.2170059084892273
vt 0.41763836145401 0.19803327322006226
vt 0.41516566276550293 0.20421290397644043
vt 0.3679279685020447 0.19341260194778442
vt 0.3679279685020447 0.19341260194778442
vt 0.3693617582321167 0.18683570623397827
vt 0.41763836145401 0.19803327322006226
vt 0.3693617582321167 0.18683570623397827
vt 0.3679279685020447 0.19341260194778442
vt 0.3194863200187683 0.1875091791152954
vt 0.3194863200187683 0.1875091791152954
vt 0.3201422393321991 0.18078666925430298
vt 0.3693617582321167 0.18683570623397827
vt 0.3201422393321991 0.18078666925430298
vt 0.3194863200187683 0.1875091791152954
vt 0.27053406834602356 0.1856202483177185
vt 0.27053406834602356 0.1856202483177185
vt 0.27053314447402954 0.17886024713516235
vt 0.3201422393321991 0.18078666925430298
vt 0.27053314447402954 0.17886024713516235
vt 0.27053406834602356 0.1856202483177185
vt 0.22158193588256836 0.18752574920654297
vt 0.22158193588256836 0.18752574920654297
vt 0.22092436254024506 0.18080341815948486
vt 0.27053314447402954 0.17886024713516235
vt 0.22092436254024506 0.18080341815948486
vt 0.22158193588256836 0.18752574920654297
vt 0.1731402724981308 0.1934438943862915
vt 0.1731402724981308 0.1934438943862915
vt 0.17170563340187073 0.1868671178817749
vt 0.22092436254024506 0.18080341815948486
vt 0.17170563340187073 0.1868671178817749
vt 0.1731402724981308 0.1934438943862915
vt 0.12590208649635315 0.2042548656463623
vt 0.12590208649635315 0.2042548656463623
vt 0.12343035638332367 0.19807446002960205
vt 0.17170563340187073 0.1868671178817749
vt 0.12343035638332367 0.19807446002960205
vt 0.12590208649635315 0.2042548656463623
vt 0.08135773241519928 0.22209441661834717
vt 0.08135773241519928 0.22209441661834717
vt 0.07755332440137863 0.21705877780914307
vt 0.12343035638332367 0.19807446002960205
vt 0.07755332440137863 0.21705877780914307
vt 0.08135773241519928 0.22209441661834717
vt 0.043521687388420105 0.2515111565589905
vt 0.043521687388420105 0.2515111565589905
vt 0.04140781611204147 0.25151193141937256
vt 0.07755332440137863 0.21705877780914307
vt 0.04140781611204147 0.25151193141937256
vt 0.043521687388420105 0.2515111565589905
vt 0.08127667009830475 0.2810213565826416
vt 0.08127667009830475 0.2810213565826416
vt 0.07747291028499603 0.28604841232299805
vt 0.04140781611204147 0.25151193141937256
vt 0.07747291028499603 0.28604841232299805
vt 0.08127667009830475 0.2810213565826416
vt 0.12583839893341064 0.2987939119338989
vt 0.12583839893341064 0.2987939119338989
vt 0.12336947023868561 0.3049755096435547
vt 0.07747291028499603 0.28604841232299805
vt 0.12336947023868561 0.3049755096435547
vt 0.12583839893341064 0.2987939119338989
vt 0.1730770468711853 0.30956077575683594
vt 0.1730770468711853 0.30956077575683594
vt 0.1716465950012207 0.31613850593566895
vt 0.12336947023868561 0.3049755096435547
vt 0.1716465950012207 0.31613850593566895
vt 0.1730770468711853 0.30956077575683594
vt 0.22151385247707367 0.31544065475463867
vt 0.22151385247707367 0.31544065475463867
vt 0.22085987031459808 0.32216358184814453
vt 0.1716465950012207 0.31613850593566895
vt 0.22085987031459808 0.32216358184814453
vt 0.22151385247707367 0.31544065475463867
vt 0.2704579830169678 0.31731998920440674
vt 0.2704579830169678 0.31731998920440674
vt 0.27045902609825134 0.324080228805542
vt 0.22085987031459808 0.32216358184814453
vt 0.5148314237594604 0.19677382707595825
vt 0.5211622714996338 0.17494720220565796
vt 0.5363684296607971 0.17935776710510254
vt 0.5363684296607971 0.17935776710510254
vt 0.5304728150367737 0.19968390464782715
vt 0.5148314237594604 0.19677382707595825
vt 0.6509311199188232 0.7514301538467407
vt 0.6497853994369507 0.7275158762931824
vt 0.6543561816215515 0.7278245091438293
vt 0.6543561816215515 0.7278245091438293
vt 0.6551255583763123 0.7481191158294678
vt 0.6509311199188232 0.7514301538467407
vt 0.6686534881591797 0.6956382393836975
vt 0.6613622903823853 0.715120255947113
vt 0.6567152738571167 0.7138267159461975
vt 0.6567152738571167 0.7138267159461975
vt 0.6651851534843445 0.6907603740692139
vt 0.6686534881591797 0.6956382393836975
vt 0.5176525712013245 0.2129008173942566
vt 0.5148314237594604 0.19677382707595825
vt 0.5304728150367737 0.19968390464782715
vt 0.5304728150367737 0.19968390464782715
vt 0.5313475131988525 0.20449542999267578
vt 0.5176525712013245 0.2129008173942566
vt 0.6676981449127197 0.7569069266319275
vt 0.6509311199188232 0.7514301538467407
vt 0.6551255583763123 0.7481191158294678
vt 0.6551255583763123 0.7481191158294678
vt 0.6691550612449646 0.7524892687797546
vt 0.6676981449127197 0.7569069266319275
vt 0.14945189654827118 0.7626843452453613
vt 0.14785970747470856 0.7698146104812622
vt 0.1322213113307953 0.7727417945861816
vt 0.1322213113307953 0.7727417945861816
vt 0.13586394488811493 0.7543116807937622
vt 0.14945189654827118 0.7626843452453613
vt 0.6734985113143921 0.6951183676719666
vt 0.6686534881591797 0.6956382393836975
vt 0.6651851534843445 0.6907603740692139
vt 0.6651851534843445 0.6907603740692139
vt 0.6729238033294678 0.6896259784698486
vt 0.6734985113143921 0.6951183676719666
vt 0.5390611886978149 0.2359483242034912
vt 0.5248402953147888 0.22491079568862915
vt 0.5386475324630737 0.21652287244796753
vt 0.5386475324630737 0.21652287244796753
vt 0.5442420244216919 0.2208559513092041
vt 0.5390611886978149 0.2359483242034912
vt 0.6970635056495667 0.7634747624397278
vt 0.6807727217674255 0.7601645588874817
vt 0.6814701557159424 0.7555123567581177
vt 0.6814701557159424 0.7555123567581177
vt 0.697855532169342 0.7587948441505432
vt 0.6970635056495667 0.7634747624397278
vt 0.1619216352701187 0.7468560338020325
vt 0.15700732171535492 0.7506986856460571
vt 0.14320965111255646 0.7423221468925476
vt 0.14320965111255646 0.7423221468925476
vt 0.15674111247062683 0.7317633628845215
vt 0.1619216352701187 0.7468560338020325
vt 0.6964648962020874 0.6930198073387146
vt 0.6886622905731201 0.6936367750167847
vt 0.6886926889419556 0.6880139112472534
vt 0.6886926889419556 0.6880139112472534
vt 0.6960142254829407 0.6872689127922058
vt 0.6964648962020874 0.6930198073387146
vt 0.5442420244216919 0.2208559513092041
vt 0.5711448788642883 0.22085654735565186
vt 0.571144700050354 0.22844231128692627
vt 0.5442420244216919 0.2208559513092041
vt 0.571144700050354 0.22844231128692627
vt 0.5711445808410645 0.23594921827316284
vt 0.5442420244216919 0.2208559513092041
vt 0.5711445808410645 0.23594921827316284
vt 0.5390611886978149 0.2359483242034912
vt 0.697855532169342 0.7587948441505432
vt 0.727804958820343 0.7628921270370483
vt 0.7278050780296326 0.7654625177383423
vt 0.697855532169342 0.7587948441505432
vt 0.7278050780296326 0.7654625177383423
vt 0.7278050780296326 0.7676450610160828
vt 0.697855532169342 0.7587948441505432
vt 0.7278050780296326 0.7676450610160828
vt 0.6970635056495667 0.7634747624397278
vt 0.15674111247062683 0.7317633628845215
vt 0.1886284202337265 0.7317633032798767
vt 0.18862852454185486 0.7399885654449463
vt 0.15674111247062683 0.7317633628845215
vt 0.18862852454185486 0.7399885654449463
vt 0.18862852454185486 0.7468560338020325
vt 0.15674111247062683 0.7317633628845215
vt 0.18862852454185486 0.7468560338020325
vt 0.1619216352701187 0.7468560338020325
vt 0.6960142254829407 0.6872689127922058
vt 0.7278103232383728 0.6847735047340393
vt 0.7278103232383728 0.6877212524414062
vt 0.6960142254829407 0.6872689127922058
vt 0.7278103232383728 0.6877212524414062
vt 0.7278103828430176 0.6906165480613708
vt 0.6960142254829407 0.6872689127922058
vt 0.7278103828430176 0.6906165480613708
vt 0.6964648962020874 0.6930198073387146
vt 0.6497853994369507 0.7275158762931824
vt 0.6567152738571167 0.7138267159461975
vt 0.6613622903823853 0.715120255947113
vt 0.6613622903823853 0.715120255947113
vt 0.6543561816215515 0.7278245091438293
vt 0.6497853994369507 0.7275158762931824
vt 0.6059247851371765 0.17935681343078613
vt 0.6211320757865906 0.17494720220565796
vt 0.6274613738059998 0.19677519798278809
vt 0.6274613738059998 0.19677519798278809
vt 0.6118190884590149 0.1996842622756958
vt 0.6059247851371765 0.17935681343078613
vt 0.8012593984603882 0.7278245091438293
vt 0.8058302402496338 0.7275164127349854
vt 0.804681658744812 0.7514309287071228
vt 0.804681658744812 0.7514309287071228
vt 0.8004874587059021 0.7481192946434021
vt 0.8012593984603882 0.7278245091438293
vt 0.7989020943641663 0.7138265371322632
vt 0.7942549586296082 0.7151196002960205
vt 0.7869659066200256 0.6956375241279602
vt 0.7869659066200256 0.6956375241279602
vt 0.7904344797134399 0.6907600164413452
vt 0.7989020943641663 0.7138265371322632
vt 0.6118190884590149 0.1996842622756958
vt 0.6274613738059998 0.19677519798278809
vt 0.6246390342712402 0.21290260553359985
vt 0.6246390342712402 0.21290260553359985
vt 0.6109440326690674 0.20449590682983398
vt 0.6118190884590149 0.1996842622756958
vt 0.8004874587059021 0.7481192946434021
vt 0.804681658744812 0.7514309287071228
vt 0.7879135608673096 0.7569063305854797
vt 0.7879135608673096 0.7569063305854797
vt 0.7864568829536438 0.752488374710083
vt 0.8004874587059021 0.7481192946434021
vt 0.24503673613071442 0.7727417945861816
vt 0.22939802706241608 0.7698147892951965
vt 0.22780567407608032 0.7626844644546509
vt 0.22780567407608032 0.7626844644546509
vt 0.24139373004436493 0.7543113827705383
vt 0.24503673613071442 0.7727417945861816
vt 0.7904344797134399 0.6907600164413452
vt 0.7869659066200256 0.6956375241279602
vt 0.7821211218833923 0.6951174139976501
vt 0.7821211218833923 0.6951174139976501
vt 0.7826960682868958 0.6896252632141113
vt 0.7904344797134399 0.6907600164413452
vt 0.6036431193351746 0.21652352809906006
vt 0.6174502968788147 0.22491252422332764
vt 0.6032285094261169 0.2359495759010315
vt 0.6032285094261169 0.2359495759010315
vt 0.5980481505393982 0.2208566665649414
vt 0.6036431193351746 0.21652352809906006
vt 0.7741410136222839 0.7555110454559326
vt 0.7748382687568665 0.7601634860038757
vt 0.7585470676422119 0.7634736895561218
vt 0.7585470676422119 0.7634736895561218
vt 0.7577549815177917 0.7587936520576477
vt 0.7741410136222839 0.7555110454559326
vt 0.23404771089553833 0.742321789264679
vt 0.2202499359846115 0.7506985664367676
vt 0.21533551812171936 0.7468559145927429
vt 0.21533551812171936 0.7468559145927429
vt 0.22051586210727692 0.7317630648612976
vt 0.23404771089553833 0.742321789264679
vt 0.7669275403022766 0.6880130171775818
vt 0.7669579386711121 0.6936357617378235
vt 0.7591555118560791 0.6930188536643982
vt 0.7591555118560791 0.6930188536643982
vt 0.7596061825752258 0.687268078327179
vt 0.7669275403022766 0.6880130171775818
vt 0.5980481505393982 0.2208566665649414
vt 0.6032285094261169 0.2359495759010315
vt 0.5711445808410645 0.23594921827316284
vt 0.5980481505393982 0.2208566665649414
vt 0.5711445808410645 0.23594921827316284
vt 0.571144700050354 0.22844231128692627
vt 0.5711448788642883 0.22085654735565186
vt 0.5980481505393982 0.2208566665649414
vt 0.571144700050354 0.22844231128692627
vt 0.7577549815177917 0.7587936520576477
vt 0.7585470676422119 0.7634736895561218
vt 0.7278050780296326 0.7676450610160828
vt 0.7577549815177917 0.7587936520576477
vt 0.7278050780296326 0.7676450610160828
vt 0.7278050780296326 0.7654625177383423
vt 0.727804958820343 0.7628921270370483
vt 0.7577549815177917 0.7587936520576477
vt 0.7278050780296326 0.7654625177383423
vt 0.22051586210727692 0.7317630648612976
vt 0.21533551812171936 0.7468559145927429
vt 0.18862852454185486 0.7468560338020325
vt 0.22051586210727692 0.7317630648612976
vt 0.18862852454185486 0.7468560338020325
vt 0.18862852454185486 0.7399885654449463
vt 0.1886284202337265 0.7317633032798767
vt 0.22051586210727692 0.7317630648612976
vt 0.18862852454185486 0.7399885654449463
vt 0.7596061825752258 0.687268078327179
vt 0.7591555118560791 0.6930188536643982
vt 0.7278103828430176 0.6906165480613708
vt 0.7596061825752258 0.687268078327179
vt 0.7278103828430176 0.6906165480613708
vt 0.7278103232383728 0.6877212524414062
vt 0.7278103232383728 0.6847735047340393
vt 0.7596061825752258 0.687268078327179
vt 0.7278103232383728 0.6877212524414062
vt 0.7942549586296082 0.7151196002960205
vt 0.7989020943641663 0.7138265371322632
vt 0.8058302402496338 0.7275164127349854
vt 0.8058302402496338 0.7275164127349854
vt 0.8012593984603882 0.7278245091438293
vt 0.7942549586296082 0.7151196002960205
vt 0.6473954916000366 0.8213469386100769
vt 0.6318550109863281 0.824759304523468
vt 0.6253076195716858 0.8046324849128723
vt 0.6253076195716858 0.8046324849128723
vt 0.6403647661209106 0.799734354019165
vt 0.6473954916000366 0.8213469386100769
vt 0.3510313630104065 0.8109512329101562
vt 0.35522574186325073 0.8142618536949158
vt 0.3544580042362213 0.8345548510551453
vt 0.3544580042362213 0.8345548510551453
vt 0.3498876392841339 0.8348640203475952
vt 0.3510313630104065 0.8109512329101562
vt 0.3687637746334076 0.8667358756065369
vt 0.36529678106307983 0.8716148734092712
vt 0.3568200469017029 0.8485510349273682
vt 0.3568200469017029 0.8485510349273682
vt 0.3614666163921356 0.8472563028335571
vt 0.3687637746334076 0.8667358756065369
vt 0.6450951099395752 0.8375570774078369
vt 0.6311357617378235 0.829596757888794
vt 0.6318550109863281 0.824759304523468
vt 0.6318550109863281 0.824759304523468
vt 0.6473954916000366 0.8213469386100769
vt 0.6450951099395752 0.8375570774078369
vt 0.36779800057411194 0.8054741024971008
vt 0.3692549467086792 0.8098917603492737
vt 0.35522574186325073 0.8142618536949158
vt 0.35522574186325073 0.8142618536949158
vt 0.3510313630104065 0.8109512329101562
vt 0.36779800057411194 0.8054741024971008
vt 0.14945246279239655 0.6820475459098816
vt 0.1358645111322403 0.6904206871986389
vt 0.1322213113307953 0.6719904541969299
vt 0.1322213113307953 0.6719904541969299
vt 0.14786000549793243 0.6749172210693359
vt 0.14945246279239655 0.6820475459098816
vt 0.373609334230423 0.8672544360160828
vt 0.37303584814071655 0.8727471828460693
vt 0.36529678106307983 0.8716148734092712
vt 0.36529678106307983 0.8716148734092712
vt 0.3687637746334076 0.8667358756065369
vt 0.373609334230423 0.8672544360160828
vt 0.6244391202926636 0.8612831234931946
vt 0.6187745332717896 0.8463651537895203
vt 0.6242267489433289 0.8418537378311157
vt 0.6242267489433289 0.8418537378311157
vt 0.638297438621521 0.8497927784919739
vt 0.6244391202926636 0.8612831234931946
vt 0.3971649706363678 0.7989062666893005
vt 0.3979569971561432 0.8035866022109985
vt 0.381570428609848 0.806868851184845
vt 0.381570428609848 0.806868851184845
vt 0.38087308406829834 0.8022164702415466
vt 0.3971649706363678 0.7989062666893005
vt 0.16192270815372467 0.6978759169578552
vt 0.15674236416816711 0.7129687666893005
vt 0.14321061968803406 0.7024101614952087
vt 0.14321061968803406 0.7024101614952087
vt 0.15700829029083252 0.6940333247184753
vt 0.16192270815372467 0.6978759169578552
vt 0.39657771587371826 0.8693488836288452
vt 0.39612746238708496 0.8751001358032227
vt 0.38880568742752075 0.8743560910224915
vt 0.38880568742752075 0.8743560910224915
vt 0.3887743353843689 0.8687329292297363
vt 0.39657771587371826 0.8693488836288452
vt 0.6187745332717896 0.8463651537895203
vt 0.6244391202926636 0.8612831234931946
vt 0.5923718810081482 0.8623176217079163
vt 0.6187745332717896 0.8463651537895203
vt 0.5923718810081482 0.8623176217079163
vt 0.5921298861503601 0.8548145890235901
vt 0.6187745332717896 0.8463651537895203
vt 0.5921298861503601 0.8548145890235901
vt 0.5918852686882019 0.8472328186035156
vt 0.3979569971561432 0.8035866022109985
vt 0.3971649706363678 0.7989062666893005
vt 0.42790961265563965 0.7947359681129456
vt 0.3979569971561432 0.8035866022109985
vt 0.42790961265563965 0.7947359681129456
vt 0.4279095530509949 0.7969187498092651
vt 0.3979569971561432 0.8035866022109985
vt 0.4279095530509949 0.7969187498092651
vt 0.4279094636440277 0.7994894981384277
vt 0.15674236416816711 0.7129687666893005
vt 0.16192270815372467 0.6978759169578552
vt 0.1886298805475235 0.6978757977485657
vt 0.15674236416816711 0.7129687666893005
vt 0.1886298805475235 0.6978757977485657
vt 0.1886298805475235 0.7047432661056519
vt 0.15674236416816711 0.7129687666893005
vt 0.1886298805475235 0.7047432661056519
vt 0.1886298805475235 0.7129685878753662
vt 0.39612746238708496 0.8751001358032227
vt 0.39657771587371826 0.8693488836288452
vt 0.4279245436191559 0.8717501759529114
vt 0.39612746238708496 0.8751001358032227
vt 0.4279245436191559 0.8717501759529114
vt 0.4279244840145111 0.874645471572876
vt 0.39612746238708496 0.8751001358032227
vt 0.4279244840145111 0.874645471572876
vt 0.4279244840145111 0.8775932788848877
vt 0.3498876392841339 0.8348640203475952
vt 0.3544580042362213 0.8345548510551453
vt 0.3614666163921356 0.8472563028335571
vt 0.3614666163921356 0.8472563028335571
vt 0.3568200469017029 0.8485510349273682
vt 0.3498876392841339 0.8348640203475952
vt 0.5557882785797119 0.8068772554397583
vt 0.55055171251297 0.8273828625679016
vt 0.534824550151825 0.8249790072441101
vt 0.534824550151825 0.8249790072441101
vt 0.5404477119445801 0.802959680557251
vt 0.5557882785797119 0.8068772554397583
vt 0.5013728141784668 0.8345548510551453
vt 0.50059974193573 0.8142616152763367
vt 0.5047935843467712 0.8109498620033264
vt 0.5047935843467712 0.8109498620033264
vt 0.5059430599212646 0.8348627686500549
vt 0.5013728141784668 0.8345548510551453
vt 0.4990152418613434 0.8485503792762756
vt 0.49054598808288574 0.8716119527816772
vt 0.48707854747772217 0.8667346835136414
vt 0.48707854747772217 0.8667346835136414
vt 0.4943690598011017 0.8472570776939392
vt 0.4990152418613434 0.8485503792762756
vt 0.55055171251297 0.8273828625679016
vt 0.5515811443328857 0.8321637511253357
vt 0.538164496421814 0.8410065174102783
vt 0.538164496421814 0.8410065174102783
vt 0.534824550151825 0.8249790072441101
vt 0.55055171251297 0.8273828625679016
vt 0.50059974193573 0.8142616152763367
vt 0.4865686297416687 0.8098936080932617
vt 0.48802509903907776 0.8054753541946411
vt 0.48802509903907776 0.8054753541946411
vt 0.5047935843467712 0.8109498620033264
vt 0.50059974193573 0.8142616152763367
vt 0.2450375109910965 0.6719904541969299
vt 0.24139468371868134 0.6904205679893494
vt 0.22780673205852509 0.6820476651191711
vt 0.22780673205852509 0.6820476651191711
vt 0.22939901053905487 0.6749173998832703
vt 0.2450375109910965 0.6719904541969299
vt 0.49054598808288574 0.8716119527816772
vt 0.482808381319046 0.87274569272995
vt 0.48223429918289185 0.867253839969635
vt 0.48223429918289185 0.867253839969635
vt 0.48707854747772217 0.8667346835136414
vt 0.49054598808288574 0.8716119527816772
vt 0.5592652559280396 0.8439494371414185
vt 0.5649966597557068 0.8480998277664185
vt 0.5603051781654358 0.8633514046669006
vt 0.5603051781654358 0.8633514046669006
vt 0.545735776424408 0.8527782559394836
vt 0.5592652559280396 0.8439494371414185
vt 0.47425156831741333 0.8068714141845703
vt 0.45786333084106445 0.8035890460014343
vt 0.45865562558174133 0.7989083528518677
vt 0.45865562558174133 0.7989083528518677
vt 0.4749487638473511 0.802218496799469
vt 0.47425156831741333 0.8068714141845703
vt 0.2340487837791443 0.7024099826812744
vt 0.2205171138048172 0.712968647480011
vt 0.21533676981925964 0.6978759169578552
vt 0.21533676981925964 0.6978759169578552
vt 0.220251202583313 0.6940333247184753
vt 0.2340487837791443 0.7024099826812744
vt 0.4670408368110657 0.8743559718132019
vt 0.4597197473049164 0.8751002550125122
vt 0.4592694342136383 0.8693494200706482
vt 0.4592694342136383 0.8693494200706482
vt 0.4670718014240265 0.8687334060668945
vt 0.4670408368110657 0.8743559718132019
vt 0.5923718810081482 0.8623176217079163
vt 0.5603051781654358 0.8633514046669006
vt 0.5649966597557068 0.8480998277664185
vt 0.5921298861503601 0.8548145890235901
vt 0.5923718810081482 0.8623176217079163
vt 0.5649966597557068 0.8480998277664185
vt 0.5918852686882019 0.8472328186035156
vt 0.5921298861503601 0.8548145890235901
vt 0.5649966597557068 0.8480998277664185
vt 0.42790961265563965 0.7947359681129456
vt 0.45865562558174133 0.7989083528518677
vt 0.45786333084106445 0.8035890460014343
vt 0.4279095530509949 0.7969187498092651
vt 0.42790961265563965 0.7947359681129456
vt 0.45786333084106445 0.8035890460014343
vt 0.4279094636440277 0.7994894981384277
vt 0.4279095530509949 0.7969187498092651
vt 0.45786333084106445 0.8035890460014343
vt 0.1886298805475235 0.6978757977485657
vt 0.21533676981925964 0.6978759169578552
vt 0.2205171138048172 0.712968647480011
vt 0.1886298805475235 0.7047432661056519
vt 0.1886298805475235 0.6978757977485657
vt 0.2205171138048172 0.712968647480011
vt 0.1886298805475235 0.7129685878753662
vt 0.1886298805475235 0.7047432661056519
vt 0.2205171138048172 0.712968647480011
vt 0.4279245436191559 0.8717501759529114
vt 0.4592694342136383 0.8693494200706482
vt 0.4597197473049164 0.8751002550125122
vt 0.4279244840145111 0.874645471572876
vt 0.4279245436191559 0.8717501759529114
vt 0.4597197473049164 0.8751002550125122
vt 0.4279244840145111 0.8775932788848877
vt 0.4279244840145111 0.874645471572876
vt 0.4597197473049164 0.8751002550125122
vt 0.4943690598011017 0.8472570776939392
vt 0.5013728141784668 0.8345548510551453
vt 0.5059430599212646 0.8348627686500549
vt 0.5059430599212646 0.8348627686500549
vt 0.4990152418613434 0.8485503792762756
vt 0.4943690598011017 0.8472570776939392
vt 0.5313475131988525 0.20449542999267578
vt 0.5386475324630737 0.21652287244796753
vt 0.5248402953147888 0.22491079568862915
vt 0.5248402953147888 0.22491079568862915
vt 0.5176525712013245 0.2129008173942566
vt 0.5313475131988525 0.20449542999267578
vt 0.6691550612449646 0.7524892687797546
vt 0.6814701557159424 0.7555123567581177
vt 0.6807727217674255 0.7601645588874817
vt 0.6807727217674255 0.7601645588874817
vt 0.6676981449127197 0.7569069266319275
vt 0.6691550612449646 0.7524892687797546
vt 0.13586394488811493 0.7543116807937622
vt 0.14320965111255646 0.7423221468925476
vt 0.15700732171535492 0.7506986856460571
vt 0.15700732171535492 0.7506986856460571
vt 0.14945189654827118 0.7626843452453613
vt 0.13586394488811493 0.7543116807937622
vt 0.6729238033294678 0.6896259784698486
vt 0.6886926889419556 0.6880139112472534
vt 0.6886622905731201 0.6936367750167847
vt 0.6886622905731201 0.6936367750167847
vt 0.6734985113143921 0.6951183676719666
vt 0.6729238033294678 0.6896259784698486
vt 0.6246390342712402 0.21290260553359985
vt 0.6174502968788147 0.22491252422332764
vt 0.6036431193351746 0.21652352809906006
vt 0.6036431193351746 0.21652352809906006
vt 0.6109440326690674 0.20449590682983398
vt 0.6246390342712402 0.21290260553359985
vt 0.7879135608673096 0.7569063305854797
vt 0.7748382687568665 0.7601634860038757
vt 0.7741410136222839 0.7555110454559326
vt 0.7741410136222839 0.7555110454559326
vt 0.7864568829536438 0.752488374710083
vt 0.7879135608673096 0.7569063305854797
vt 0.22780567407608032 0.7626844644546509
vt 0.2202499359846115 0.7506985664367676
vt 0.23404771089553833 0.742321789264679
vt 0.23404771089553833 0.742321789264679
vt 0.24139373004436493 0.7543113827705383
vt 0.22780567407608032 0.7626844644546509
vt 0.7821211218833923 0.6951174139976501
vt 0.7669579386711121 0.6936357617378235
vt 0.7669275403022766 0.6880130171775818
vt 0.7669275403022766 0.6880130171775818
vt 0.7826960682868958 0.6896252632141113
vt 0.7821211218833923 0.6951174139976501
vt 0.6450951099395752 0.8375570774078369
vt 0.638297438621521 0.8497927784919739
vt 0.6242267489433289 0.8418537378311157
vt 0.6242267489433289 0.8418537378311157
vt 0.6311357617378235 0.829596757888794
vt 0.6450951099395752 0.8375570774078369
vt 0.36779800057411194 0.8054741024971008
vt 0.38087308406829834 0.8022164702415466
vt 0.381570428609848 0.806868851184845
vt 0.381570428609848 0.806868851184845
vt 0.3692549467086792 0.8098917603492737
vt 0.36779800057411194 0.8054741024971008
vt 0.14945246279239655 0.6820475459098816
vt 0.15700829029083252 0.6940333247184753
vt 0.14321061968803406 0.7024101614952087
vt 0.14321061968803406 0.7024101614952087
vt 0.1358645111322403 0.6904206871986389
vt 0.14945246279239655 0.6820475459098816
vt 0.373609334230423 0.8672544360160828
vt 0.3887743353843689 0.8687329292297363
vt 0.38880568742752075 0.8743560910224915
vt 0.38880568742752075 0.8743560910224915
vt 0.37303584814071655 0.8727471828460693
vt 0.373609334230423 0.8672544360160828
vt 0.5515811443328857 0.8321637511253357
vt 0.5592652559280396 0.8439494371414185
vt 0.545735776424408 0.8527782559394836
vt 0.545735776424408 0.8527782559394836
vt 0.538164496421814 0.8410065174102783
vt 0.5515811443328857 0.8321637511253357
vt 0.4865686297416687 0.8098936080932617
vt 0.47425156831741333 0.8068714141845703
vt 0.4749487638473511 0.802218496799469
vt 0.4749487638473511 0.802218496799469
vt 0.48802509903907776 0.8054753541946411
vt 0.4865686297416687 0.8098936080932617
vt 0.24139468371868134 0.6904205679893494
vt 0.2340487837791443 0.7024099826812744
vt 0.220251202583313 0.6940333247184753
vt 0.220251202583313 0.6940333247184753
vt 0.22780673205852509 0.6820476651191711
vt 0.24139468371868134 0.6904205679893494
vt 0.482808381319046 0.87274569272995
vt 0.4670408368110657 0.8743559718132019
vt 0.4670718014240265 0.8687334060668945
vt 0.4670718014240265 0.8687334060668945
vt 0.48223429918289185 0.867253839969635
vt 0.482808381319046 0.87274569272995
vn 0 0 -1
vn 0 0 -1
vn 0 0 -1
vn 0 0 -1
vn 0 0 -1
vn 0 0 -1
vn 0 0 -1
vn 0 0 -1
vn 0 0 -1
vn 0 0 -1
vn 0 0 -1
vn 0 0 -1
vn 0 0 -1
vn 0 0 -1
vn 0 0 -1
vn 0 0 -1
vn 0 0 -1
vn 0 0 -1
vn 0 0 -1
vn 0 0 -1
vn 0 0 -1
vn 0 0 -1
vn 0 0 -1
vn 0 0 -1
vn 0 0 -1
vn 0 0 -1
vn 0 0 -1
vn 0 0 -1
vn 0 0 -1
vn 0 0 -1
vn 0 0 -1
vn 0 0 -1
vn 0 0 -1
vn 0 0 -1
vn 0 0 -1
vn 0 0 -1
vn 0 0 -1
vn 0 0 -1
vn 0 0 -1
vn 0 0 -1
vn 0 0 -1
vn 0 0 -1
vn 0 0 -1
vn 0 0 -1
vn 0 0 -1
vn 0 0 -1
vn 0 0 -1
vn 0 0 -1
vn 0 0 -1
vn 0 0 -1
vn 0 0 -1
vn 0 0 -1
vn 0 0 -1
vn 0 0 -1
vn 0.9510565249064735 0.3090169678720282 0
vn 0.9510565161477914 0.3090169948284818 0
vn 0.99999999999997 2.449178566621339e-7 0
vn 0.99999999999997 2.449178566621339e-7 0
vn 0.9999999999999664 2.5932482117240433e-7 0
vn 0.9510565249064735 0.3090169678720282 0
vn 0.8090169728159058 0.5877852819659471 0
vn 0.8090169444722132 0.587785320977688 0
vn 0.9510565161477914 0.3090169948284818 0
vn 0.9510565161477914 0.3090169948284818 0
vn 0.9510565249064735 0.3090169678720282 0
vn 0.8090169728159058 0.5877852819659471 0
vn 0.5877852819659471 0.8090169728159058 0
vn 0.5877852819659471 0.8090169728159058 0
vn 0.8090169444722132 0.587785320977688 0
vn 0.8090169444722132 0.587785320977688 0
vn 0.8090169728159058 0.5877852819659471 0
vn 0.5877852819659471 0.8090169728159058 0
vn 0.30901694091557397 0.9510565336651554 0
vn 0.3090169678720282 0.9510565249064735 -4.143622908171698e-16
vn 0.5877852819659471 0.8090169728159058 0
vn 0.5877852819659471 0.8090169728159058 0
vn 0.5877852819659471 0.8090169728159058 0
vn 0.30901694091557397 0.9510565336651554 0
vn -1.3926702990829519e-7 0.9999999999999903 4.143633561897774e-16
vn -1.4647048374172144e-7 0.9999999999999895 -4.143620062310173e-16
vn 0.3090169678720282 0.9510565249064735 -4.143622908171698e-16
vn 0.3090169678720282 0.9510565249064735 -4.143622908171698e-16
vn 0.30901694091557397 0.9510565336651554 0
vn -1.3926702990829519e-7 0.9999999999999903 4.143633561897774e-16
vn -0.3090170487413865 0.951056498630425 4.143631793415229e-16
vn -0.30901699482848166 0.9510565161477912 -1.0087535886612242e-8
vn -1.4647048374172144e-7 0.9999999999999895 -4.143620062310173e-16
vn -1.4647048374172144e-7 0.9999999999999895 -4.143620062310173e-16
vn -1.3926702990829519e-7 0.9999999999999903 4.143633561897774e-16
vn -0.3090170487413865 0.951056498630425 4.143631793415229e-16
vn -0.5877851755987611 0.8090170500961849 -2.3354729356672077e-8
vn -0.5877851755987612 0.809017050096185 -1.773056519529451e-8
vn -0.30901699482848166 0.9510565161477912 -1.0087535886612242e-8
vn -0.30901699482848166 0.9510565161477912 -1.0087535886612242e-8
vn -0.3090170487413865 0.951056498630425 4.143631793415229e-16
vn -0.5877851755987611 0.8090170500961849 -2.3354729356672077e-8
vn -0.809017050096185 0.5877851755987612 -1.57117001503519e-8
vn -0.8090170423453875 0.5877851862668209 0
vn -0.5877851755987612 0.809017050096185 -1.773056519529451e-8
vn -0.5877851755987612 0.809017050096185 -1.773056519529451e-8
vn -0.5877851755987611 0.8090170500961849 -2.3354729356672077e-8
vn -0.809017050096185 0.5877851755987612 -1.57117001503519e-8
vn -0.9510566208097653 0.30901667271186206 0
vn -0.9510566094263142 0.30901670774656087 0
vn -0.8090170423453875 0.5877851862668209 0
vn -0.8090170423453875 0.5877851862668209 0
vn -0.809017050096185 0.5877851755987612 -1.57117001503519e-8
vn -0.9510566208097653 0.30901667271186206 0
vn -0.9999999999999528 -3.073479319937033e-7 0
vn -0.9999999999999556 -2.977432700390504e-7 0
vn -0.9510566094263142 0.30901670774656087 0
vn -0.9510566094263142 0.30901670774656087 0
vn -0.9510566208097653 0.30901667271186206 0
vn -0.9999999999999528 -3.073479319937033e-7 0
vn -0.9510563589335324 -0.30901747868379864 0
vn -0.9510563703170403 -0.3090174436490222 0
vn -0.9999999999999556 -2.977432700390504e-7 0
vn -0.9999999999999556 -2.977432700390504e-7 0
vn -0.9999999999999528 -3.073479319937033e-7 0
vn -0.9510563589335324 -0.30901747868379864 0
vn -0.8090166508525248 -0.5877857251102346 0
vn -0.8090166920383818 -0.5877856684228306 -1.571169720807946e-8
vn -0.9510563703170403 -0.3090174436490222 0
vn -0.9510563703170403 -0.3090174436490222 0
vn -0.9510563589335324 -0.30901747868379864 0
vn -0.8090166508525248 -0.5877857251102346 0
vn -0.5877847324542893 -0.8090173720592403 -1.7730546650091076e-8
vn -0.5877847607979695 -0.809017351466378 -2.335472590057894e-8
vn -0.8090166920383818 -0.5877856684228306 -1.571169720807946e-8
vn -0.8090166920383818 -0.5877856684228306 -1.571169720807946e-8
vn -0.8090166508525248 -0.5877857251102346 0
vn -0.5877847324542893 -0.8090173720592403 -1.7730546650091076e-8
vn -0.3090161794173356 -0.9510567810905471 -1.0087519548528461e-8
vn -0.3090161794173356 -0.9510567810905473 0
vn -0.5877847607979695 -0.809017351466378 -2.335472590057894e-8
vn -0.5877847607979695 -0.809017351466378 -2.335472590057894e-8
vn -0.5877847324542893 -0.8090173720592403 -1.7730546650091076e-8
vn -0.3090161794173356 -0.9510567810905471 -1.0087519548528461e-8
vn 9.412531198900447e-7 -0.999999999999557 0
vn 9.304477543988079e-7 -0.9999999999995671 0
vn -0.3090161794173356 -0.9510567810905473 0
vn -0.3090161794173356 -0.9510567810905473 0
vn -0.3090161794173356 -0.9510567810905471 -1.0087519548528461e-8
vn 9.412531198900447e-7 -0.999999999999557 0
vn 0.3090180528473789 -0.9510561723759614 0
vn 0.30901801645192917 -0.951056184201604 0
vn 9.304477543988079e-7 -0.9999999999995671 0
vn 9.304477543988079e-7 -0.9999999999995671 0
vn 9.412531198900447e-7 -0.999999999999557 0
vn 0.3090180528473789 -0.9510561723759614 0
vn 0.587786285289419 -0.8090162438577273 0
vn 0.587786274621461 -0.8090162516084733 0
vn 0.30901801645192917 -0.951056184201604 0
vn 0.30901801645192917 -0.951056184201604 0
vn 0.3090180528473789 -0.9510561723759614 0
vn 0.587786285289419 -0.8090162438577273 0
vn 0.8090178202386686 -0.5877841155868991 0
vn 0.8090178279895168 -0.5877841049187401 0
vn 0.587786274621461 -0.8090162516084733 0
vn 0.587786274621461 -0.8090162516084733 0
vn 0.587786285289419 -0.8090162438577273 0
vn 0.8090178202386686 -0.5877841155868991 0
vn 0.9510568480928633 -0.3090159732047329 0
vn 0.9510568424011637 -0.3090159907220468 0
vn 0.8090178279895168 -0.5877841049187401 0
vn 0.8090178279895168 -0.5877841049187401 0
vn 0.8090178202386686 -0.5877841155868991 0
vn 0.9510568480928633 -0.3090159732047329 0
vn 0.9999999999999664 2.5932482117240433e-7 0
vn 0.99999999999997 2.449178566621339e-7 0
vn 0.9510568424011637 -0.3090159907220468 0
vn 0.9510568424011637 -0.3090159907220468 0
vn 0.9510568480928633 -0.3090159732047329 0
vn 0.9999999999999664 2.5932482117240433e-7 0
vn 0 0 1
vn 0 0 1
vn 0 0 1
vn 0 0 1
vn 0 0 1
vn 0 0 1
vn 0 0 1
vn 0 0 1
vn 0 0 1
vn 0 0 1
vn 0 0 1
vn 0 0 1
vn 0 0 1
vn 0 0 1
vn 0 0 1
vn 0 0 1
vn 0 0 1
vn 0 0 1
vn 0 0 1
vn 0 0 1
vn 0 0 1
vn 0 0 1
vn 0 0 1
vn 0 0 1
vn 0 0 1
vn 0 0 1
vn 0 0 1
vn 0 0 1
vn 0 0 1
vn 0 0 1
vn 0 0 1
vn 0 0 1
vn 0 0 1
vn 0 0 1
vn 0 0 1
vn 0 0 1
vn 0 0 1
vn 0 0 1
vn 0 0 1
vn 0 0 1
vn 0 0 1
vn 0 0 1
vn 0 0 1
vn 0 0 1
vn 0 0 1
vn 0 0 1
vn 0 0 1
vn 0 0 1
vn 0 0 1
vn 0 0 1
vn 0 0 1
vn 0 0 1
vn 0 0 1
vn 0 0 1
vn 0.8978915049209568 0.2917427173230199 0.32966199702082727
vn 0.944098783986521 2.089533411464122e-7 0.32966268529381465
vn 0.9966726067216215 4.928734981744858e-7 0.08150898729885585
vn 0.9966726067216215 4.928734981744858e-7 0.08150898729885585
vn 0.9478921733548876 0.3079886191877207 0.08150728889730556
vn 0.8978915049209568 0.2917427173230199 0.32966199702082727
vn 0.7637928519814459 0.5549271121154837 0.3296610069468611
vn 0.8978915049209568 0.2917427173230199 0.32966199702082727
vn 0.9478921733548876 0.3079886191877207 0.08150728889730556
vn 0.9478921733548876 0.3079886191877207 0.08150728889730556
vn 0.8063253427888318 0.5858293530205189 0.08150712064619371
vn 0.7637928519814459 0.5549271121154837 0.3296610069468611
vn 0.5549303197795986 0.7637942673713709 0.32965232794558447
vn 0.7637928519814459 0.5549271121154837 0.3296610069468611
vn 0.8063253427888318 0.5858293530205189 0.08150712064619371
vn 0.8063253427888318 0.5858293530205189 0.08150712064619371
vn 0.5858301635370786 0.8063254290359518 0.0815004415945584
vn 0.5549303197795986 0.7637942673713709 0.32965232794558447
vn 0.29174298008518457 0.8978956329586285 0.3296505208320464
vn 0.5549303197795986 0.7637942673713709 0.32965232794558447
vn 0.5858301635370786 0.8063254290359518 0.0815004415945584
vn 0.5858301635370786 0.8063254290359518 0.0815004415945584
vn 0.3079888026585449 0.9478927837337758 0.08149949682292246
vn 0.29174298008518457 0.8978956329586285 0.3296505208320464
vn -6.825808760505143e-7 0.9440995267543023 0.3296605581228009
vn 0.29174298008518457 0.8978956329586285 0.3296505208320464
vn 0.3079888026585449 0.9478927837337758 0.08149949682292246
vn 0.3079888026585449 0.9478927837337758 0.08149949682292246
vn -5.274888529760116e-7 0.9966727535909814 0.08150719139494884
vn -6.825808760505143e-7 0.9440995267543023 0.3296605581228009
vn -0.29174244168451957 0.8978914224872122 0.32966246547619776
vn -6.825808760505143e-7 0.9440995267543023 0.3296605581228009
vn -5.274888529760116e-7 0.9966727535909814 0.08150719139494884
vn -5.274888529760116e-7 0.9966727535909814 0.08150719139494884
vn -0.30798867628918153 0.9478921381637645 0.08150748238637077
vn -0.29174244168451957 0.8978914224872122 0.32966246547619776
vn -0.5549281215733193 0.7637931075749336 0.3296587155045858
vn -0.29174244168451957 0.8978914224872122 0.32966246547619776
vn -0.30798867628918153 0.9478921381637645 0.08150748238637077
vn -0.30798867628918153 0.9478921381637645 0.08150748238637077
vn -0.5858295769035198 0.8063252631776953 0.08150629906003243
vn -0.5549281215733193 0.7637931075749336 0.3296587155045858
vn -0.7637924113734629 0.5549276585798957 0.3296611079143939
vn -0.5549281215733193 0.7637931075749336 0.3296587155045858
vn -0.5858295769035198 0.8063252631776953 0.08150629906003243
vn -0.5858295769035198 0.8063252631776953 0.08150629906003243
vn -0.8063253496856613 0.5858293743307121 0.08150689925142865
vn -0.7637924113734629 0.5549276585798957 0.3296611079143939
vn -0.8978912747952371 0.29174285859355015 0.3296624987866343
vn -0.7637924113734629 0.5549276585798957 0.3296611079143939
vn -0.8063253496856613 0.5858293743307121 0.08150689925142865
vn -0.8063253496856613 0.5858293743307121 0.08150689925142865
vn -0.9478921466777842 0.3079886999267681 0.08150729405397637
vn -0.8978912747952371 0.29174285859355015 0.3296624987866343
vn -0.9441016363667613 7.800924816301848e-7 0.3296545164395526
vn -0.8978912747952371 0.29174285859355015 0.3296624987866343
vn -0.9478921466777842 0.3079886999267681 0.08150729405397637
vn -0.9478921466777842 0.3079886999267681 0.08150729405397637
vn -0.9966732022117699 -8.606227699614692e-8 0.08150170546024858
vn -0.9441016363667613 7.800924816301848e-7 0.3296545164395526
vn -0.8978952631480441 -0.29174519193412635 0.32964957060433747
vn -0.9441016363667613 7.800924816301848e-7 0.3296545164395526
vn -0.9966732022117699 -8.606227699614692e-8 0.08150170546024858
vn -0.9966732022117699 -8.606227699614692e-8 0.08150170546024858
vn -0.9478925385821846 -0.3079896841049078 0.08149901708107242
vn -0.8978952631480441 -0.29174519193412635 0.32964957060433747
vn -0.7637926500935597 -0.5549295228421891 0.32965741663308207
vn -0.8978952631480441 -0.29174519193412635 0.32964957060433747
vn -0.9478925385821846 -0.3079896841049078 0.08149901708107242
vn -0.9478925385821846 -0.3079896841049078 0.08149901708107242
vn -0.8063246699875931 -0.585830456749126 0.08150584343781565
vn -0.7637926500935597 -0.5549295228421891 0.32965741663308207
vn -0.5549272339153588 -0.7637919243070026 0.32966295124331885
vn -0.7637926500935597 -0.5549295228421891 0.32965741663308207
vn -0.8063246699875931 -0.585830456749126 0.08150584343781565
vn -0.8063246699875931 -0.585830456749126 0.08150584343781565
vn -0.5858292914590253 -0.8063253400954554 0.08150758976049137
vn -0.5549272339153588 -0.7637919243070026 0.32966295124331885
vn -0.2917436557014877 -0.8978949470320126 0.32965179121659716
vn -0.5549272339153588 -0.7637919243070026 0.32966295124331885
vn -0.5858292914590253 -0.8063253400954554 0.08150758976049137
vn -0.5858292914590253 -0.8063253400954554 0.08150758976049137
vn -0.307988368292275 -0.9478928227236102 0.08150068481754254
vn -0.2917436557014877 -0.8978949470320126 0.32965179121659716
vn 0.0000015834037165864313 -0.9441035567576036 0.32964901655417556
vn -0.2917436557014877 -0.8978949470320126 0.32965179121659716
vn -0.307988368292275 -0.9478928227236102 0.08150068481754254
vn -0.307988368292275 -0.9478928227236102 0.08150068481754254
vn 0.000001014962647598428 -0.996673389802576 0.08149941139917806
vn 0.0000015834037165864313 -0.9441035567576036 0.32964901655417556
vn 0.29174505433926845 -0.8978930929132561 0.3296556035732505
vn 0.0000015834037165864313 -0.9441035567576036 0.32964901655417556
vn 0.000001014962647598428 -0.996673389802576 0.08149941139917806
vn 0.000001014962647598428 -0.996673389802576 0.08149941139917806
vn 0.30799035081223775 -0.947891884841544 0.08150410086676449
vn 0.29174505433926845 -0.8978930929132561 0.3296556035732505
vn 0.5549282515439652 -0.7637920866737022 0.329660862058251
vn 0.29174505433926845 -0.8978930929132561 0.3296556035732505
vn 0.30799035081223775 -0.947891884841544 0.08150410086676449
vn 0.30799035081223775 -0.947891884841544 0.08150410086676449
vn 0.5858303973376235 -0.8063245882148556 0.0815070794188169
vn 0.5549282515439652 -0.7637920866737022 0.329660862058251
vn 0.7637953215414799 -0.5549288430734572 0.3296523713193975
vn 0.5549282515439652 -0.7637920866737022 0.329660862058251
vn 0.5858303973376235 -0.8063245882148556 0.0815070794188169
vn 0.5858303973376235 -0.8063245882148556 0.0815070794188169
vn 0.8063263815520693 -0.5858289543034176 0.08149970989464143
vn 0.7637953215414799 -0.5549288430734572 0.3296523713193975
vn 0.897895086088701 -0.29174136737150275 0.32965343763105176
vn 0.7637953215414799 -0.5549288430734572 0.3296523713193975
vn 0.8063263815520693 -0.5858289543034176 0.08149970989464143
vn 0.8063263815520693 -0.5858289543034176 0.08149970989464143
vn 0.9478929103402471 -0.3079877917831314 0.08150184439168565
vn 0.897895086088701 -0.29174136737150275 0.32965343763105176
vn 0.944098783986521 2.089533411464122e-7 0.32966268529381465
vn 0.897895086088701 -0.29174136737150275 0.32965343763105176
vn 0.9478929103402471 -0.3079877917831314 0.08150184439168565
vn 0.9478929103402471 -0.3079877917831314 0.08150184439168565
vn 0.9966726067216215 4.928734981744858e-7 0.08150898729885585
vn 0.944098783986521 2.089533411464122e-7 0.32966268529381465
vn 0.7816884588643841 1.6198159236110127e-7 -0.6236691055986321
vn 0.7434306753199438 0.24155545275095783 -0.6236680160466882
vn 0.8717619794922197 0.2832525676440788 -0.39974871361249337
vn 0.8717619794922197 0.2832525676440788 -0.39974871361249337
vn 0.9166250154236538 4.75826617929947e-7 -0.3997481470868377
vn 0.7816884588643841 1.6198159236110127e-7 -0.6236691055986321
vn 0.7434306753199438 0.24155545275095783 -0.6236680160466882
vn 0.6323999979177368 0.4594654463249806 -0.6236679775866586
vn 0.7415651832756274 0.538778749753767 -0.3997480928874493
vn 0.7415651832756274 0.538778749753767 -0.3997480928874493
vn 0.8717619794922197 0.2832525676440788 -0.39974871361249337
vn 0.7434306753199438 0.24155545275095783 -0.6236680160466882
vn 0.6323999979177368 0.4594654463249806 -0.6236679775866586
vn 0.4594651177375282 0.6323988457955471 -0.6236693879122969
vn 0.5387779930273373 0.7415641353512609 -0.39975105677180034
vn 0.5387779930273373 0.7415641353512609 -0.39975105677180034
vn 0.7415651832756274 0.538778749753767 -0.3997480928874493
vn 0.6323999979177368 0.4594654463249806 -0.6236679775866586
vn 0.4594651177375282 0.6323988457955471 -0.6236693879122969
vn 0.2415548178066406 0.7434300512802539 -0.6236690058419126
vn 0.2832523951810925 0.8717608344327368 -0.39975133292249676
vn 0.2832523951810925 0.8717608344327368 -0.39975133292249676
vn 0.5387779930273373 0.7415641353512609 -0.39975105677180034
vn 0.4594651177375282 0.6323988457955471 -0.6236693879122969
vn 0.2415548178066406 0.7434300512802539 -0.6236690058419126
vn -3.014656723343556e-7 0.7816884066221937 -0.6236691710773952
vn -3.037189921194624e-7 0.9166246415908136 -0.39974900428696514
vn -3.037189921194624e-7 0.9166246415908136 -0.39974900428696514
vn 0.2832523951810925 0.8717608344327368 -0.39975133292249676
vn 0.2415548178066406 0.7434300512802539 -0.6236690058419126
vn -3.014656723343556e-7 0.7816884066221937 -0.6236691710773952
vn -0.24155510100141928 0.743430409131938 -0.6236684695878999
vn -0.2832526207271597 0.8717618080941628 -0.3997490497794734
vn -0.2832526207271597 0.8717618080941628 -0.3997490497794734
vn -3.037189921194624e-7 0.9166246415908136 -0.39974900428696514
vn -3.014656723343556e-7 0.7816884066221937 -0.6236691710773952
vn -0.24155510100141928 0.743430409131938 -0.6236684695878999
vn -0.4594649878608275 0.6323992483456318 -0.6236690754093307
vn -0.5387785318922231 0.7415650923606593 -0.39974855517460967
vn -0.5387785318922231 0.7415650923606593 -0.39974855517460967
vn -0.2832526207271597 0.8717618080941628 -0.3997490497794734
vn -0.24155510100141928 0.743430409131938 -0.6236684695878999
vn -0.4594649878608275 0.6323992483456318 -0.6236690754093307
vn -0.6323993371987234 0.459464906201122 -0.6236690454722034
vn -0.7415648417763979 0.5387782846347617 -0.3997493532792383
vn -0.7415648417763979 0.5387782846347617 -0.3997493532792383
vn -0.5387785318922231 0.7415650923606593 -0.39974855517460967
vn -0.4594649878608275 0.6323992483456318 -0.6236690754093307
vn -0.6323993371987234 0.459464906201122 -0.6236690454722034
vn -0.7434305827289676 0.241555039701705 -0.6236682863974852
vn -0.8717619488147054 0.2832522998910814 -0.39974897023657185
vn -0.8717619488147054 0.2832522998910814 -0.39974897023657185
vn -0.7415648417763979 0.5387782846347617 -0.3997493532792383
vn -0.6323993371987234 0.459464906201122 -0.6236690454722034
vn -0.7434305827289676 0.241555039701705 -0.6236682863974852
vn -0.7816884588643906 9.898875009784863e-8 -0.6236691055986373
vn -0.9166238653480686 -2.758779477828971e-7 -0.3997507842072228
vn -0.9166238653480686 -2.758779477828971e-7 -0.3997507842072228
vn -0.8717619488147054 0.2832522998910814 -0.39974897023657185
vn -0.7434305827289676 0.241555039701705 -0.6236682863974852
vn -0.7816884588643906 9.898875009784863e-8 -0.6236691055986373
vn -0.7434295001303459 -0.24155546867873873 -0.6236694107356389
vn -0.8717606681199674 -0.2832525273834133 -0.3997516019354229
vn -0.8717606681199674 -0.2832525273834133 -0.3997516019354229
vn -0.9166238653480686 -2.758779477828971e-7 -0.3997507842072228
vn -0.7816884588643906 9.898875009784863e-8 -0.6236691055986373
vn -0.7434295001303459 -0.24155546867873873 -0.6236694107356389
vn -0.6323989482771091 -0.45946540360732946 -0.6236690733922601
vn -0.7415645716136523 -0.5387791556408649 -0.39974868051611756
vn -0.7415645716136523 -0.5387791556408649 -0.39974868051611756
vn -0.8717606681199674 -0.2832525273834133 -0.3997516019354229
vn -0.7434295001303459 -0.24155546867873873 -0.6236694107356389
vn -0.6323989482771091 -0.45946540360732946 -0.6236690733922601
vn -0.459465024147475 -0.6324003301541388 -0.623667951722787
vn -0.5387781873780378 -0.7415652892240338 -0.3997486543113196
vn -0.5387781873780378 -0.7415652892240338 -0.3997486543113196
vn -0.7415645716136523 -0.5387791556408649 -0.39974868051611756
vn -0.6323989482771091 -0.45946540360732946 -0.6236690733922601
vn -0.459465024147475 -0.6324003301541388 -0.623667951722787
vn -0.2415547566276067 -0.7434300922958875 -0.6236689806455872
vn -0.2832516867722006 -0.8717615111560814 -0.39975035910874235
vn -0.2832516867722006 -0.8717615111560814 -0.39975035910874235
vn -0.5387781873780378 -0.7415652892240338 -0.3997486543113196
vn -0.459465024147475 -0.6324003301541388 -0.623667951722787
vn -0.2415547566276067 -0.7434300922958875 -0.6236689806455872
vn 9.763892994484583e-7 -0.7816884298058691 -0.6236691420189727
vn 8.099170440619402e-7 -0.9166239062379228 -0.3997506904465278
vn 8.099170440619402e-7 -0.9166239062379228 -0.3997506904465278
vn -0.2832516867722006 -0.8717615111560814 -0.39975035910874235
vn -0.2415547566276067 -0.7434300922958875 -0.6236689806455872
vn 9.763892994484583e-7 -0.7816884298058691 -0.6236691420189727
vn 0.24155612663433026 -0.7434301491302221 -0.6236683822750958
vn 0.2832536249494552 -0.8717614547103889 -0.39974910885981935
vn 0.2832536249494552 -0.8717614547103889 -0.39974910885981935
vn 8.099170440619402e-7 -0.9166239062379228 -0.3997506904465278
vn 9.763892994484583e-7 -0.7816884298058691 -0.6236691420189727
vn 0.24155612663433026 -0.7434301491302221 -0.6236683822750958
vn 0.459466406020893 -0.6323994101593953 -0.6236678665510133
vn 0.5387797592263115 -0.7415644031763079 -0.39974817947028124
vn 0.5387797592263115 -0.7415644031763079 -0.39974817947028124
vn 0.2832536249494552 -0.8717614547103889 -0.39974910885981935
vn 0.24155612663433026 -0.7434301491302221 -0.6236683822750958
vn 0.459466406020893 -0.6323994101593953 -0.6236678665510133
vn 0.6324007314826918 -0.4594652212088489 -0.6236673995966598
vn 0.7415649564903691 -0.5387770892758831 -0.3997507515650769
vn 0.7415649564903691 -0.5387770892758831 -0.3997507515650769
vn 0.5387797592263115 -0.7415644031763079 -0.39974817947028124
vn 0.459466406020893 -0.6323994101593953 -0.6236678665510133
vn 0.6324007314826918 -0.4594652212088489 -0.6236673995966598
vn 0.7434312122590352 -0.24155426081963802 -0.6236678376499303
vn 0.8717616765054371 -0.2832518209732639 -0.39974990342933137
vn 0.8717616765054371 -0.2832518209732639 -0.39974990342933137
vn 0.7415649564903691 -0.5387770892758831 -0.3997507515650769
vn 0.6324007314826918 -0.4594652212088489 -0.6236673995966598
vn 0.7434312122590352 -0.24155426081963802 -0.6236678376499303
vn 0.7816884588643841 1.6198159236110127e-7 -0.6236691055986321
vn 0.9166250154236538 4.75826617929947e-7 -0.3997481470868377
vn 0.9166250154236538 4.75826617929947e-7 -0.3997481470868377
vn 0.8717616765054371 -0.2832518209732639 -0.39974990342933137
vn 0.7434312122590352 -0.24155426081963802 -0.6236678376499303
vn 0 0 1
vn 0 0 1
vn 0 0 1
vn 0 0 1
vn 0 0 1
vn 0 0 1
vn 0 0 1
vn 0 0 1
vn 0 0 1
vn 0 0 1
vn 0 0 1
vn 0 0 1
vn 0 0 1
vn 0 0 1
vn 0 0 1
vn 0 0 1
vn 0 0 1
vn 0 0 1
vn 0 0 1
vn 0 0 1
vn 0 0 1
vn 0 0 1
vn 0 0 1
vn 0 0 1
vn 0 0 1
vn 0 0 1
vn 0 0 1
vn 0 0 1
vn 0 0 1
vn 0 0 1
vn 0 0 1
vn 0 0 1
vn 0 0 1
vn 0 0 1
vn 0 0 1
vn 0 0 1
vn 0 0 1
vn 0 0 1
vn 0 0 1
vn 0 0 1
vn 0 0 1
vn 0 0 1
vn 0 0 1
vn 0 0 1
vn 0 0 1
vn 0 0 1
vn 0 0 1
vn 0 0 1
vn 0 0 1
vn 0 0 1
vn 0 0 1
vn 0 0 1
vn 0 0 1
vn 0 0 1
vn 0 0 1
vn 0 0 1
vn 0 0 1
vn 0 0 1
vn 0 0 1
vn 0 0 1
vn 0 0 1
vn 0 0 1
vn 0 0 1
vn 0 0 1
vn 0 0 1
vn 0 0 1
vn 0 0 1
vn 0 0 1
vn 0 0 1
vn 0 0 1
vn 0 0 1
vn 0 0 1
vn 0 0 1
vn 0 0 1
vn 0 0 1
vn 0 0 1
vn 0 0 1
vn 0 0 1
vn 0 0 1
vn 0 0 1
vn 0 0 1
vn 0 0 1
vn 0 0 1
vn 0 0 1
vn 0 0 1
vn 0 0 1
vn 0 0 1
vn 0 0 1
vn 0 0 1
vn 0 0 1
vn 0 0 1
vn 0 0 1
vn 0 0 1
vn 0 0 1
vn 0 0 1
vn 0 0 1
vn 0 0 1
vn 0 0 1
vn 0 0 1
vn 0 0 1
vn 0 0 1
vn 0 0 1
vn 0 0 1
vn 0 0 1
vn 0 0 1
vn 0 0 1
vn 0 0 1
vn 0 0 1
vn 0 0 1
vn 0 0 1
vn 0 0 1
vn 0 0 1
vn 0 0 1
vn 0 0 1
vn 0 0 1
vn 0 0 1
vn 0 0 1
vn 0 0 1
vn 0 0 1
vn 0 0 1
vn -0.9999999999996821 -7.97183645317747e-7 0
vn -0.9510565161477914 -0.3090169948284818 0
vn -0.9510565073891085 -0.30901702178493456 0
vn -0.9510565073891085 -0.30901702178493456 0
vn -0.9999999999996589 -8.259974606514246e-7 0
vn -0.9999999999996821 -7.97183645317747e-7 0
vn -0.9510565161477914 -0.3090169948284818 0
vn -0.8090174287465995 -0.58778465443072 0
vn -0.8090174699323068 -0.5877845977433648 0
vn -0.8090174699323068 -0.5877845977433648 0
vn -0.9510565073891085 -0.30901702178493456 0
vn -0.9510565161477914 -0.3090169948284818 0
vn -0.8090174287465995 -0.58778465443072 0
vn -0.587786285289419 -0.8090162438577273 0
vn -0.587786285289419 -0.8090162438577273 0
vn -0.587786285289419 -0.8090162438577273 0
vn -0.8090174699323068 -0.5877845977433648 0
vn -0.8090174287465995 -0.58778465443072 0
vn -0.587786285289419 -0.8090162438577273 0
vn -0.30901630476052755 -0.951056740364185 0
vn -0.30901630476052755 -0.951056740364185 0
vn -0.30901630476052755 -0.951056740364185 0
vn -0.587786285289419 -0.8090162438577273 0
vn -0.587786285289419 -0.8090162438577273 0
vn -0.30901630476052755 -0.951056740364185 0
vn 0.0000011333454494881148 -0.9999999999993577 0
vn 0.0000011381476952003045 -0.9999999999993523 0
vn 0.0000011381476952003045 -0.9999999999993523 0
vn -0.30901630476052755 -0.951056740364185 0
vn -0.30901630476052755 -0.951056740364185 0
vn 0.0000011333454494881148 -0.9999999999993577 0
vn 0.30901692339821213 -0.9510565393568899 0
vn 0.30901695035466514 -0.951056530598209 0
vn 0.30901695035466514 -0.951056530598209 0
vn 0.0000011381476952003045 -0.9999999999993523 0
vn 0.0000011333454494881148 -0.9999999999993577 0
vn 0.30901692339821213 -0.9510565393568899 0
vn 0.5877850692315607 -0.809017127376454 0
vn 0.5877850125441868 -0.8090171685622193 0
vn 0.5877850125441868 -0.8090171685622193 0
vn 0.30901695035466514 -0.951056530598209 0
vn 0.30901692339821213 -0.9510565393568899 0
vn 0.5877850692315607 -0.809017127376454 0
vn 0.8090171685622193 -0.5877850125441868 0
vn 0.809017127376454 -0.5877850692315607 0
vn 0.809017127376454 -0.5877850692315607 0
vn 0.5877850125441868 -0.8090171685622193 0
vn 0.5877850692315607 -0.809017127376454 0
vn 0.8090171685622193 -0.5877850125441868 0
vn 0.9510564460783115 -0.3090172104800831 0
vn 0.951056457903942 -0.3090171740845606 0
vn 0.951056457903942 -0.3090171740845606 0
vn 0.809017127376454 -0.5877850692315607 0
vn 0.8090171685622193 -0.5877850125441868 0
vn 0.9510564460783115 -0.3090172104800831 0
vn 0.9999999999997167 -7.527622756240503e-7 0
vn 0.9999999999997264 -7.395560146503863e-7 0
vn 0.9999999999997264 -7.395560146503863e-7 0
vn 0.951056457903942 -0.3090171740845606 0
vn 0.9510564460783115 -0.3090172104800831 0
vn 0.9999999999997167 -7.527622756240503e-7 0
vn 0.9510561986520857 0.30901797197807845 0
vn 0.9510561986520857 0.30901797197807845 0
vn 0.9510561986520857 0.30901797197807845 0
vn 0.9999999999997264 -7.395560146503863e-7 0
vn 0.9999999999997167 -7.527622756240503e-7 0
vn 0.9510561986520857 0.30901797197807845 0
vn 0.8090160403602018 0.58778656537888 0
vn 0.8090160403602018 0.58778656537888 0
vn 0.8090160403602018 0.58778656537888 0
vn 0.9510561986520857 0.30901797197807845 0
vn 0.9510561986520857 0.30901797197807845 0
vn 0.8090160403602018 0.58778656537888 0
vn 0.5877851755987612 0.809017050096185 0
vn 0.5877851755987612 0.809017050096185 0
vn 0.5877851755987612 0.809017050096185 0
vn 0.8090160403602018 0.58778656537888 0
vn 0.8090160403602018 0.58778656537888 0
vn 0.5877851755987612 0.809017050096185 0
vn 0.3090171201716593 0.9510564754213149 0
vn 0.3090171471281103 0.9510564666626287 0
vn 0.3090171471281103 0.9510564666626287 0
vn 0.5877851755987612 0.809017050096185 0
vn 0.5877851755987612 0.809017050096185 0
vn 0.3090171201716593 0.9510564754213149 0
vn -0.0000013614554745787362 0.9999999999990733 0
vn -0.0000013830659781875015 0.9999999999990437 0
vn -0.0000013830659781875015 0.9999999999990437 0
vn 0.3090171471281103 0.9510564666626287 0
vn 0.3090171201716593 0.9510564754213149 0
vn -0.0000013614554745787362 0.9999999999990733 0
vn -0.30901915533967594 0.9510558141524361 0
vn -0.30901915533967594 0.9510558141524361 0
vn -0.30901915533967594 0.9510558141524361 0
vn -0.0000013830659781875015 0.9999999999990437 0
vn -0.0000013614554745787362 0.9999999999990733 0
vn -0.30901915533967594 0.9510558141524361 0
vn -0.5877860051998705 0.8090164473551682 0
vn -0.5877859661881756 0.8090164756988777 0
vn -0.5877859661881756 0.8090164756988777 0
vn -0.30901915533967594 0.9510558141524361 0
vn -0.30901915533967594 0.9510558141524361 0
vn -0.5877860051998705 0.8090164473551682 0
vn -0.8090173926520995 0.5877847041106109 0
vn -0.8090174004029199 0.5877846934425067 0
vn -0.8090174004029199 0.5877846934425067 0
vn -0.5877859661881756 0.8090164756988777 0
vn -0.5877860051998705 0.8090164473551682 0
vn -0.8090173926520995 0.5877847041106109 0
vn -0.9510571161016913 0.30901514835414473 0
vn -0.9510571248603269 0.3090151213976571 0
vn -0.9510571248603269 0.3090151213976571 0
vn -0.8090174004029199 0.5877846934425067 0
vn -0.8090173926520995 0.5877847041106109 0
vn -0.9510571161016913 0.30901514835414473 0
vn -0.9999999999996821 -7.97183645317747e-7 0
vn -0.9999999999996589 -8.259974606514246e-7 0
vn -0.9999999999996589 -8.259974606514246e-7 0
vn -0.9510571248603269 0.3090151213976571 0
vn -0.9510571161016913 0.30901514835414473 0
vn 0.9966726067216215 4.928734981744858e-7 0.08150898729885585
vn 0.9166250154236538 4.75826617929947e-7 -0.3997481470868377
vn 0.8717619794922197 0.2832525676440788 -0.39974871361249337
vn 0.8717619794922197 0.2832525676440788 -0.39974871361249337
vn 0.9478921733548876 0.3079886191877207 0.08150728889730556
vn 0.9966726067216215 4.928734981744858e-7 0.08150898729885585
vn 0.9478921733548876 0.3079886191877207 0.08150728889730556
vn 0.8717619794922197 0.2832525676440788 -0.39974871361249337
vn 0.7415651832756274 0.538778749753767 -0.3997480928874493
vn 0.7415651832756274 0.538778749753767 -0.3997480928874493
vn 0.8063253427888318 0.5858293530205189 0.08150712064619371
vn 0.9478921733548876 0.3079886191877207 0.08150728889730556
vn 0.8063253427888318 0.5858293530205189 0.08150712064619371
vn 0.7415651832756274 0.538778749753767 -0.3997480928874493
vn 0.5387779930273373 0.7415641353512609 -0.39975105677180034
vn 0.5387779930273373 0.7415641353512609 -0.39975105677180034
vn 0.5858301635370786 0.8063254290359518 0.0815004415945584
vn 0.8063253427888318 0.5858293530205189 0.08150712064619371
vn 0.5858301635370786 0.8063254290359518 0.0815004415945584
vn 0.5387779930273373 0.7415641353512609 -0.39975105677180034
vn 0.2832523951810925 0.8717608344327368 -0.39975133292249676
vn 0.2832523951810925 0.8717608344327368 -0.39975133292249676
vn 0.3079888026585449 0.9478927837337758 0.08149949682292246
vn 0.5858301635370786 0.8063254290359518 0.0815004415945584
vn 0.3079888026585449 0.9478927837337758 0.08149949682292246
vn 0.2832523951810925 0.8717608344327368 -0.39975133292249676
vn -3.037189921194624e-7 0.9166246415908136 -0.39974900428696514
vn -3.037189921194624e-7 0.9166246415908136 -0.39974900428696514
vn -5.274888529760116e-7 0.9966727535909814 0.08150719139494884
vn 0.3079888026585449 0.9478927837337758 0.08149949682292246
vn -5.274888529760116e-7 0.9966727535909814 0.08150719139494884
vn -3.037189921194624e-7 0.9166246415908136 -0.39974900428696514
vn -0.2832526207271597 0.8717618080941628 -0.3997490497794734
vn -0.2832526207271597 0.8717618080941628 -0.3997490497794734
vn -0.30798867628918153 0.9478921381637645 0.08150748238637077
vn -5.274888529760116e-7 0.9966727535909814 0.08150719139494884
vn -0.30798867628918153 0.9478921381637645 0.08150748238637077
vn -0.2832526207271597 0.8717618080941628 -0.3997490497794734
vn -0.5387785318922231 0.7415650923606593 -0.39974855517460967
vn -0.5387785318922231 0.7415650923606593 -0.39974855517460967
vn -0.5858295769035198 0.8063252631776953 0.08150629906003243
vn -0.30798867628918153 0.9478921381637645 0.08150748238637077
vn -0.5858295769035198 0.8063252631776953 0.08150629906003243
vn -0.5387785318922231 0.7415650923606593 -0.39974855517460967
vn -0.7415648417763979 0.5387782846347617 -0.3997493532792383
vn -0.7415648417763979 0.5387782846347617 -0.3997493532792383
vn -0.8063253496856613 0.5858293743307121 0.08150689925142865
vn -0.5858295769035198 0.8063252631776953 0.08150629906003243
vn -0.8063253496856613 0.5858293743307121 0.08150689925142865
vn -0.7415648417763979 0.5387782846347617 -0.3997493532792383
vn -0.8717619488147054 0.2832522998910814 -0.39974897023657185
vn -0.8717619488147054 0.2832522998910814 -0.39974897023657185
vn -0.9478921466777842 0.3079886999267681 0.08150729405397637
vn -0.8063253496856613 0.5858293743307121 0.08150689925142865
vn -0.9478921466777842 0.3079886999267681 0.08150729405397637
vn -0.8717619488147054 0.2832522998910814 -0.39974897023657185
vn -0.9166238653480686 -2.758779477828971e-7 -0.3997507842072228
vn -0.9166238653480686 -2.758779477828971e-7 -0.3997507842072228
vn -0.9966732022117699 -8.606227699614692e-8 0.08150170546024858
vn -0.9478921466777842 0.3079886999267681 0.08150729405397637
vn -0.9966732022117699 -8.606227699614692e-8 0.08150170546024858
vn -0.9166238653480686 -2.758779477828971e-7 -0.3997507842072228
vn -0.8717606681199674 -0.2832525273834133 -0.3997516019354229
vn -0.8717606681199674 -0.2832525273834133 -0.3997516019354229
vn -0.9478925385821846 -0.3079896841049078 0.08149901708107242
vn -0.9966732022117699 -8.606227699614692e-8 0.08150170546024858
vn -0.9478925385821846 -0.3079896841049078 0.08149901708107242
vn -0.8717606681199674 -0.2832525273834133 -0.3997516019354229
vn -0.7415645716136523 -0.5387791556408649 -0.39974868051611756
vn -0.7415645716136523 -0.5387791556408649 -0.39974868051611756
vn -0.8063246699875931 -0.585830456749126 0.08150584343781565
vn -0.9478925385821846 -0.3079896841049078 0.08149901708107242
vn -0.8063246699875931 -0.585830456749126 0.08150584343781565
vn -0.7415645716136523 -0.5387791556408649 -0.39974868051611756
vn -0.5387781873780378 -0.7415652892240338 -0.3997486543113196
vn -0.5387781873780378 -0.7415652892240338 -0.3997486543113196
vn -0.5858292914590253 -0.8063253400954554 0.08150758976049137
vn -0.8063246699875931 -0.585830456749126 0.08150584343781565
vn -0.5858292914590253 -0.8063253400954554 0.08150758976049137
vn -0.5387781873780378 -0.7415652892240338 -0.3997486543113196
vn -0.2832516867722006 -0.8717615111560814 -0.39975035910874235
vn -0.2832516867722006 -0.8717615111560814 -0.39975035910874235
vn -0.307988368292275 -0.9478928227236102 0.08150068481754254
vn -0.5858292914590253 -0.8063253400954554 0.08150758976049137
vn -0.307988368292275 -0.9478928227236102 0.08150068481754254
vn -0.2832516867722006 -0.8717615111560814 -0.39975035910874235
vn 8.099170440619402e-7 -0.9166239062379228 -0.3997506904465278
vn 8.099170440619402e-7 -0.9166239062379228 -0.3997506904465278
vn 0.000001014962647598428 -0.996673389802576 0.08149941139917806
vn -0.307988368292275 -0.9478928227236102 0.08150068481754254
vn 0.000001014962647598428 -0.996673389802576 0.08149941139917806
vn 8.099170440619402e-7 -0.9166239062379228 -0.3997506904465278
vn 0.2832536249494552 -0.8717614547103889 -0.39974910885981935
vn 0.2832536249494552 -0.8717614547103889 -0.39974910885981935
vn 0.30799035081223775 -0.947891884841544 0.08150410086676449
vn 0.000001014962647598428 -0.996673389802576 0.08149941139917806
vn 0.30799035081223775 -0.947891884841544 0.08150410086676449
vn 0.2832536249494552 -0.8717614547103889 -0.39974910885981935
vn 0.5387797592263115 -0.7415644031763079 -0.39974817947028124
vn 0.5387797592263115 -0.7415644031763079 -0.39974817947028124
vn 0.5858303973376235 -0.8063245882148556 0.0815070794188169
vn 0.30799035081223775 -0.947891884841544 0.08150410086676449
vn 0.5858303973376235 -0.8063245882148556 0.0815070794188169
vn 0.5387797592263115 -0.7415644031763079 -0.39974817947028124
vn 0.7415649564903691 -0.5387770892758831 -0.3997507515650769
vn 0.7415649564903691 -0.5387770892758831 -0.3997507515650769
vn 0.8063263815520693 -0.5858289543034176 0.08149970989464143
vn 0.5858303973376235 -0.8063245882148556 0.0815070794188169
vn 0.8063263815520693 -0.5858289543034176 0.08149970989464143
vn 0.7415649564903691 -0.5387770892758831 -0.3997507515650769
vn 0.8717616765054371 -0.2832518209732639 -0.39974990342933137
vn 0.8717616765054371 -0.2832518209732639 -0.39974990342933137
vn 0.9478929103402471 -0.3079877917831314 0.08150184439168565
vn 0.8063263815520693 -0.5858289543034176 0.08149970989464143
vn 0.9478929103402471 -0.3079877917831314 0.08150184439168565
vn 0.8717616765054371 -0.2832518209732639 -0.39974990342933137
vn 0.9166250154236538 4.75826617929947e-7 -0.3997481470868377
vn 0.9166250154236538 4.75826617929947e-7 -0.3997481470868377
vn 0.9966726067216215 4.928734981744858e-7 0.08150898729885585
vn 0.9478929103402471 -0.3079877917831314 0.08150184439168565
vn -0.30224609382895234 -0.9532299296419203 0
vn -0.3022460568420491 -0.9532299413695695 0
vn -0.3022460568420491 -0.9532299413695695 0
vn -0.3022460568420491 -0.9532299413695695 0
vn -0.30224609382895234 -0.9532299296419203 0
vn -0.30224609382895234 -0.9532299296419203 0
vn -0.9953581256139056 -0.05035641942070867 0.08201483278955234
vn -1 0 0
vn -1 0 0
vn -1 0 0
vn -0.9954528170601762 -0.04538825608466369 0.0837472102016078
vn -0.9953581256139056 -0.05035641942070867 0.08201483278955234
vn 0.9958824634812236 0.04743336375282593 -0.07725409331331011
vn 1 0 0
vn 1 0 0
vn 1 0 0
vn 0.9936200336019892 0.05146614130456712 -0.10035170713047298
vn 0.9958824634812236 0.04743336375282593 -0.07725409331331011
vn -0.19139271812450165 -0.551238770584194 -0.8120989134666673
vn -0.2432135027315241 -0.49466228064221235 -0.8343598864991703
vn -0.21128822633778233 -0.5268459858933067 -0.8232803851417475
vn -0.21128822633778233 -0.5268459858933067 -0.8232803851417475
vn -0.1566029069469708 -0.5745813400626474 -0.8033254715167264
vn -0.19139271812450165 -0.551238770584194 -0.8120989134666673
vn -0.9315454749118505 -0.20115547917178772 0.30291830808061704
vn -0.9953581256139056 -0.05035641942070867 0.08201483278955234
vn -0.9954528170601762 -0.04538825608466369 0.0837472102016078
vn -0.9954528170601762 -0.04538825608466369 0.0837472102016078
vn -0.927195650845238 -0.2022795043232227 0.3152637422610267
vn -0.9315454749118505 -0.20115547917178772 0.30291830808061704
vn 0.18934039058087143 0.5597978774878677 0.8067072287111114
vn 0.25653384928939715 0.5494712932954642 0.7951551307845376
vn 0.2257335458802704 0.5096444690239297 0.8302450731306009
vn 0.2257335458802704 0.5096444690239297 0.8302450731306009
vn 0.16765517694530735 0.5464828948319239 0.8205170243813091
vn 0.18934039058087143 0.5597978774878677 0.8067072287111114
vn 0.9283970678289541 0.22999775644492343 -0.2918559858507305
vn 0.9958824634812236 0.04743336375282593 -0.07725409331331011
vn 0.9936200336019892 0.05146614130456712 -0.10035170713047298
vn 0.9936200336019892 0.05146614130456712 -0.10035170713047298
vn 0.9226948370131143 0.22983666634810315 -0.30953084588023444
vn 0.9283970678289541 0.22999775644492343 -0.2918559858507305
vn -0.03680618818592078 -0.6474077046095794 -0.761254601643483
vn -0.11021284960849091 -0.6121498458415991 -0.7830234313334964
vn -0.0856645728550197 -0.6221370339189458 -0.7782076149615239
vn -0.0856645728550197 -0.6221370339189458 -0.7782076149615239
vn -0.031817305746486765 -0.6474471670645469 -0.7614458778633759
vn -0.03680618818592078 -0.6474077046095794 -0.761254601643483
vn -0.6125086733895285 -0.5793577014364544 0.5377525256183072
vn -0.7383132431052739 -0.46435590660922554 0.48914941178794935
vn -0.7491925181263741 -0.4512686026464217 0.4848373119397976
vn -0.7491925181263741 -0.4512686026464217 0.4848373119397976
vn -0.6122763784878461 -0.5805919796714324 0.5366848139150343
vn -0.6125086733895285 -0.5793577014364544 0.5377525256183072
vn 0.03648185266427515 0.6484422521926454 0.7603891898215753
vn 0.09870685371374578 0.6210397314794969 0.7775388150785834
vn 0.1044634216697492 0.5983449866044959 0.7943995660486692
vn 0.1044634216697492 0.5983449866044959 0.7943995660486692
vn 0.03724083800434016 0.6459050988772289 0.7625088348531653
vn 0.03648185266427515 0.6484422521926454 0.7603891898215753
vn 0.6133877028982305 0.5782076707021662 -0.5379883042171153
vn 0.74532247361476 0.4610311436711296 -0.4816063692374364
vn 0.7297658456345236 0.4742368754255653 -0.4924847170541696
vn 0.7297658456345236 0.4742368754255653 -0.4924847170541696
vn 0.6151274781725873 0.5788417812747138 -0.5353133454788417
vn 0.6133877028982305 0.5782076707021662 -0.5379883042171153
vn -0.031817305746486765 -0.6474471670645469 -0.7614458778633759
vn 0 -0.6560614376487944 -0.7547074864013189
vn 2.468467631950117e-9 -0.6560604517664722 -0.7547083434201404
vn -0.031817305746486765 -0.6474471670645469 -0.7614458778633759
vn 2.468467631950117e-9 -0.6560604517664722 -0.7547083434201404
vn 2.8341983079109414e-9 -0.6560600709932256 -0.7547086744223653
vn -0.031817305746486765 -0.6474471670645469 -0.7614458778633759
vn 2.8341983079109414e-9 -0.6560600709932256 -0.7547086744223653
vn -0.03680618818592078 -0.6474077046095794 -0.761254601643483
vn -1.1935286917605188e-9 -0.754708093239564 0.6560607395650968
vn 0 -0.7547082587407777 0.6560605491785519
vn -7.71310240272303e-10 -0.7547081188943361 0.6560607100527912
vn -1.1935286917605188e-9 -0.754708093239564 0.6560607395650968
vn -7.71310240272303e-10 -0.7547081188943361 0.6560607100527912
vn -1.3202387239710322e-9 -0.754708063727258 0.6560607735149641
vn -1.1935286917605188e-9 -0.754708093239564 0.6560607395650968
vn -1.3202387239710322e-9 -0.754708063727258 0.6560607735149641
vn 0 -0.7547081188943361 0.6560607100527912
vn 0.03724083800434016 0.6459050988772289 0.7625088348531653
vn 0 0.6560614420862951 0.7547074825438336
vn 1.8093820211345002e-14 0.6560607100527912 0.7547081188943361
vn 0.03724083800434016 0.6459050988772289 0.7625088348531653
vn 1.8093820211345002e-14 0.6560607100527912 0.7547081188943361
vn 2.7140730366131777e-14 0.6560603927418681 0.754708394729637
vn 0.03724083800434016 0.6459050988772289 0.7625088348531653
vn 2.7140730366131777e-14 0.6560603927418681 0.754708394729637
vn 0.03648185266427515 0.6484422521926454 0.7603891898215753
vn 2.3536897632630553e-8 0.7547074825438334 -0.656061442086295
vn 0 0.7547060404813739 -0.6560631009749952
vn 0 0.7547076185329217 -0.6560612856497219
vn 2.3536897632630553e-8 0.7547074825438334 -0.656061442086295
vn 0 0.7547076185329217 -0.6560612856497219
vn 0 0.7547087847563925 -0.6560599440687789
vn 2.3536897632630553e-8 0.7547074825438334 -0.656061442086295
vn 0 0.7547087847563925 -0.6560599440687789
vn 0 0.7547075120561474 -0.6560614081364794
vn 0 0 -1
vn 0 0 -1
vn 0 0 -1
vn 0 0 -1
vn 0 0 -1
vn 0 0 -1
vn 0.3022460568420491 -0.9532299413695695 0
vn 0.3022460568420491 -0.9532299413695695 0
vn 0.30224609382895234 -0.9532299296419203 0
vn 0.30224609382895234 -0.9532299296419203 0
vn 0.30224609382895234 -0.9532299296419203 0
vn 0.3022460568420491 -0.9532299413695695 0
vn 1 0 0
vn 1 0 0
vn 0.9953581256139056 -0.05035641942070867 0.08201483278955234
vn 0.9953581256139056 -0.05035641942070867 0.08201483278955234
vn 0.9954528170601762 -0.04538825608466369 0.0837472102016078
vn 1 0 0
vn -1 0 0
vn -1 0 0
vn -0.9958824634812236 0.04743336375282593 -0.07725409331331011
vn -0.9958824634812236 0.04743336375282593 -0.07725409331331011
vn -0.9936200336019892 0.05146614130456712 -0.10035170713047298
vn -1 0 0
vn 0.21128822633778233 -0.5268459858933067 -0.8232803851417475
vn 0.2432135027315241 -0.49466228064221235 -0.8343598864991703
vn 0.1745183799472314 -0.5563754667410292 -0.8123974858831701
vn 0.1745183799472314 -0.5563754667410292 -0.8123974858831701
vn 0.16013741307808033 -0.5849373272879004 -0.7951127794709049
vn 0.21128822633778233 -0.5268459858933067 -0.8232803851417475
vn 0.9954528170601762 -0.04538825608466369 0.0837472102016078
vn 0.9953581256139056 -0.05035641942070867 0.08201483278955234
vn 0.9323646714651938 -0.19652531626478278 0.3034368459344194
vn 0.9323646714651938 -0.19652531626478278 0.3034368459344194
vn 0.9289927539867571 -0.20096051816833577 0.3107850272738614
vn 0.9954528170601762 -0.04538825608466369 0.0837472102016078
vn -0.2257335458802704 0.5096444690239297 0.8302450731306009
vn -0.25653384928939715 0.5494712932954642 0.7951551307845376
vn -0.18637238289662636 0.5507621123806673 0.8135886125428615
vn -0.18637238289662636 0.5507621123806673 0.8135886125428615
vn -0.18167108673418558 0.5423296357419163 0.820289084677384
vn -0.2257335458802704 0.5096444690239297 0.8302450731306009
vn -0.9936200336019892 0.05146614130456712 -0.10035170713047298
vn -0.9958824634812236 0.04743336375282593 -0.07725409331331011
vn -0.925692298075627 0.23188319253379078 -0.2988711332728563
vn -0.925692298075627 0.23188319253379078 -0.2988711332728563
vn -0.920964585477379 0.23770001190516152 -0.3087441281008683
vn -0.9936200336019892 0.05146614130456712 -0.10035170713047298
vn 0.09897527890538088 -0.6190039078811096 -0.7791264699607611
vn 0.10571167464124039 -0.5992178233640838 -0.7935761097760908
vn 0.036806192536056485 -0.6474077096785126 -0.761254597122291
vn 0.036806192536056485 -0.6474077096785126 -0.761254597122291
vn 0.03181727969585356 -0.6474471676017343 -0.761445878495148
vn 0.09897527890538088 -0.6190039078811096 -0.7791264699607611
vn 0.7471408411904579 -0.45585659490212543 0.4837099630041276
vn 0.7354563717716623 -0.46512264761149485 0.49271172900524235
vn 0.6125087493943702 -0.5793576009657345 0.537752547291571
vn 0.6125087493943702 -0.5793576009657345 0.537752547291571
vn 0.6122764530076676 -0.580591937294586 0.5366847747429295
vn 0.7471408411904579 -0.45585659490212543 0.4837099630041276
vn -0.10817368463637028 0.6092955722549287 0.785529986431282
vn -0.08770223342086456 0.6235752442328623 0.7768283163176525
vn -0.036481851010818175 0.6484422228034755 0.7603892149633057
vn -0.036481851010818175 0.6484422228034755 0.7603892149633057
vn -0.03724086235264478 0.6459050688941854 0.7625088590619972
vn -0.10817368463637028 0.6092955722549287 0.785529986431282
vn -0.7343413313767704 0.4731689359038677 -0.4866764501467006
vn -0.749029069242867 0.45309807618635817 -0.4833814092260743
vn -0.6133877073095623 0.5782074960465566 -0.5379884869001287
vn -0.6133877073095623 0.5782074960465566 -0.5379884869001287
vn -0.615127690653313 0.5788416937462447 -0.5353131959633547
vn -0.7343413313767704 0.4731689359038677 -0.4866764501467006
vn 0.03181727969585356 -0.6474471676017343 -0.761445878495148
vn 0.036806192536056485 -0.6474077096785126 -0.761254597122291
vn 2.8341983079109414e-9 -0.6560600709932256 -0.7547086744223653
vn 0.03181727969585356 -0.6474471676017343 -0.761445878495148
vn 2.8341983079109414e-9 -0.6560600709932256 -0.7547086744223653
vn 2.468467631950117e-9 -0.6560604517664722 -0.7547083434201404
vn 0 -0.6560614376487944 -0.7547074864013189
vn 0.03181727969585356 -0.6474471676017343 -0.761445878495148
vn 2.468467631950117e-9 -0.6560604517664722 -0.7547083434201404
vn 1.0609266067474032e-9 -0.7547081188943361 0.6560607100527912
vn 0 -0.7547080675847881 0.6560607690774038
vn -1.3202387239710322e-9 -0.754708063727258 0.6560607735149641
vn 1.0609266067474032e-9 -0.7547081188943361 0.6560607100527912
vn -1.3202387239710322e-9 -0.754708063727258 0.6560607735149641
vn -7.71310240272303e-10 -0.7547081188943361 0.6560607100527912
vn 0 -0.7547082587407777 0.6560605491785519
vn 1.0609266067474032e-9 -0.7547081188943361 0.6560607100527912
vn -7.71310240272303e-10 -0.7547081188943361 0.6560607100527912
vn -0.03724086235264478 0.6459050688941854 0.7625088590619972
vn -0.036481851010818175 0.6484422228034755 0.7603892149633057
vn 2.7140730366131777e-14 0.6560603927418681 0.754708394729637
vn -0.03724086235264478 0.6459050688941854 0.7625088590619972
vn 2.7140730366131777e-14 0.6560603927418681 0.754708394729637
vn 1.8093820211345002e-14 0.6560607100527912 0.7547081188943361
vn 0 0.6560614420862951 0.7547074825438336
vn -0.03724086235264478 0.6459050688941854 0.7625088590619972
vn 1.8093820211345002e-14 0.6560607100527912 0.7547081188943361
vn -2.3536897632630553e-8 0.7547074825438334 -0.656061442086295
vn 0 0.7547075120561474 -0.6560614081364794
vn 0 0.7547087847563925 -0.6560599440687789
vn -2.3536897632630553e-8 0.7547074825438334 -0.656061442086295
vn 0 0.7547087847563925 -0.6560599440687789
vn 0 0.7547076185329217 -0.6560612856497219
vn 0 0.7547060404813739 -0.6560631009749952
vn -2.3536897632630553e-8 0.7547074825438334 -0.656061442086295
vn 0 0.7547076185329217 -0.6560612856497219
vn 0 0 -1
vn 0 0 -1
vn 0 0 -1
vn 0 0 -1
vn 0 0 -1
vn 0 0 -1
vn -0.30224503309247114 0.9532302659747812 7.607474811797728e-7
vn -0.3022443045788237 0.953230496967015 0.0000012965612041927602
vn -0.3022454095682487 0.9532301466039926 5.022637900069716e-7
vn -0.3022454095682487 0.9532301466039926 5.022637900069716e-7
vn -0.3022460568420491 0.9532299413695695 0
vn -0.30224503309247114 0.9532302659747812 7.607474811797728e-7
vn -0.9953581319815431 0.05035638178013526 0.08201477862084498
vn -0.9954528187552446 0.045388259887241385 0.0837471879924731
vn -1 0 0
vn -1 0 0
vn -1 0 0
vn -0.9953581319815431 0.05035638178013526 0.08201477862084498
vn 0.9958824670893021 -0.047433340686584 -0.07725406096404108
vn 0.9936200565562471 -0.05146605681184636 -0.10035152318425533
vn 1 0 0
vn 1 0 0
vn 1 0 0
vn 0.9958824670893021 -0.047433340686584 -0.07725406096404108
vn -0.17451823501287628 0.5563756585534843 -0.8123973856538235
vn -0.16013807673067462 0.5849367060390868 -0.7951131028408118
vn -0.21128836620263144 0.526845426644152 -0.8232807071294482
vn -0.21128836620263144 0.526845426644152 -0.8232807071294482
vn -0.2432126971313355 0.4946626964725481 -0.834359874797805
vn -0.17451823501287628 0.5563756585534843 -0.8123973856538235
vn -0.9323646378130572 0.19652573896757772 0.30343667556670545
vn -0.9289929759409502 0.20096051460674613 0.31078436611478544
vn -0.9954528187552446 0.045388259887241385 0.0837471879924731
vn -0.9954528187552446 0.045388259887241385 0.0837471879924731
vn -0.9953581319815431 0.05035638178013526 0.08201477862084498
vn -0.9323646378130572 0.19652573896757772 0.30343667556670545
vn 0.18637168295352546 -0.5507619943873453 0.8135888527576716
vn 0.18167050162454787 -0.5423298472047213 0.8202890744550903
vn 0.22573285235986254 -0.509644160468501 0.8302454510961425
vn 0.22573285235986254 -0.509644160468501 0.8302454510961425
vn 0.2565326149812588 -0.5494703726383253 0.795156165192459
vn 0.18637168295352546 -0.5507619943873453 0.8135888527576716
vn 0.9256921311832607 -0.2318833296601839 -0.2988715437961591
vn 0.9209647555183244 -0.2376992794839821 -0.30874418476445664
vn 0.9936200565562471 -0.05146605681184636 -0.10035152318425533
vn 0.9936200565562471 -0.05146605681184636 -0.10035152318425533
vn 0.9958824670893021 -0.047433340686584 -0.07725406096404108
vn 0.9256921311832607 -0.2318833296601839 -0.2988715437961591
vn -0.03680636872952492 0.6474072522750444 -0.7612549776012132
vn -0.03181710699262322 0.6474467231040484 -0.7614462636617569
vn -0.09897541257258793 0.6190038921012355 -0.7791264655173818
vn -0.09897541257258793 0.6190038921012355 -0.7791264655173818
vn -0.1057119890689522 0.5992178318855668 -0.7935760614569004
vn -0.03680636872952492 0.6474072522750444 -0.7612549776012132
vn -0.612508718340138 0.5793566146919298 0.5377536452410422
vn -0.6122764638658319 0.5805908151026603 0.5366859763533802
vn -0.7471406286059048 0.45585636568125076 0.48371050738458776
vn -0.7471406286059048 0.45585636568125076 0.48371050738458776
vn -0.7354561864356053 0.4651223454635134 0.492712290879897
vn -0.612508718340138 0.5793566146919298 0.5377536452410422
vn 0.03648198141532519 -0.6484418655196666 0.7603895133899378
vn 0.03724081810957579 -0.6459047788563862 0.7625091069075911
vn 0.10817317656194388 -0.609295606138395 0.7855300301153002
vn 0.10817317656194388 -0.609295606138395 0.7855300301153002
vn 0.08770169285557147 -0.6235755063075087 0.7768281669736244
vn 0.03648198141532519 -0.6484418655196666 0.7603895133899378
vn 0.6133869063366184 -0.5782075906409115 -0.5379892984623621
vn 0.6151260261405131 -0.5788415226049268 -0.535315293703618
vn 0.7343410225142581 -0.47316947396504383 -0.4866763930584238
vn 0.7343410225142581 -0.47316947396504383 -0.4866763930584238
vn 0.749029084667029 -0.45309900313526885 -0.4833805164471343
vn 0.6133869063366184 -0.5782075906409115 -0.5379892984623621
vn -0.03181710699262322 0.6474467231040484 -0.7614462636617569
vn -0.03680636872952492 0.6474072522750444 -0.7612549776012132
vn 0 0.6560593050086214 -0.7547093402837974
vn -0.03181710699262322 0.6474467231040484 -0.7614462636617569
vn 0 0.6560593050086214 -0.7547093402837974
vn 0 0.6560599101188463 -0.7547088142686894
vn -0.03181710699262322 0.6474467231040484 -0.7614462636617569
vn 0 0.6560599101188463 -0.7547088142686894
vn 0 0.6560614376487944 -0.7547074864013189
vn 4.77413503326731e-8 0.7547066511786102 0.6560623984551813
vn 0 0.7547066216662875 0.6560624324049193
vn 0 0.7547106976589238 0.65605774352505
vn 4.77413503326731e-8 0.7547066511786102 0.6560623984551813
vn 0 0.7547106976589238 0.65605774352505
vn 0 0.7547072618752183 0.6560616959347733
vn 4.77413503326731e-8 0.7547066511786102 0.6560623984551813
vn 0 0.7547072618752183 0.6560616959347733
vn 0 0.7547029395324011 0.6560666681528279
vn 0.03724081810957579 -0.6459047788563862 0.7625091069075911
vn 0.03648198141532519 -0.6484418655196666 0.7603895133899378
vn -5.4281436941529204e-14 -0.656061725447091 0.7547072362203676
vn 0.03724081810957579 -0.6459047788563862 0.7625091069075911
vn -5.4281436941529204e-14 -0.656061725447091 0.7547072362203676
vn -1.809382170077619e-14 -0.6560615985228582 0.7547073465546976
vn 0.03724081810957579 -0.6459047788563862 0.7625091069075911
vn -1.809382170077619e-14 -0.6560615985228582 0.7547073465546976
vn 0 -0.6560605491785519 0.7547082587407777
vn 9.386270524831523e-8 -0.7547064048547248 -0.6560626818157295
vn 0 -0.7547060148264144 -0.6560631304873272
vn 0 -0.7547085936006147 -0.6560601639677431
vn 9.386270524831523e-8 -0.7547064048547248 -0.6560626818157295
vn 0 -0.7547085936006147 -0.6560601639677431
vn -1.8093822644978973e-14 -0.754708924602691 -0.6560597831943746
vn 9.386270524831523e-8 -0.7547064048547248 -0.6560626818157295
vn -1.8093822644978973e-14 -0.754708924602691 -0.6560597831943746
vn 0 -0.7547088989479901 -0.6560598127066711
vn 0 0 -1
vn 0 0 -1
vn 0 0 -1
vn 0 0 -1
vn 0 0 -1
vn 0 0 -1
vn 0.3022454095682487 0.9532301466039926 5.022637900069716e-7
vn 0.3022443045788237 0.953230496967015 0.0000012965612041927602
vn 0.30224503309247114 0.9532302659747812 7.607474811797728e-7
vn 0.30224503309247114 0.9532302659747812 7.607474811797728e-7
vn 0.3022460568420491 0.9532299413695695 0
vn 0.3022454095682487 0.9532301466039926 5.022637900069716e-7
vn 1 0 0
vn 0.9954528187552446 0.045388259887241385 0.0837471879924731
vn 0.9953581319815431 0.05035638178013526 0.08201477862084498
vn 0.9953581319815431 0.05035638178013526 0.08201477862084498
vn 1 0 0
vn 1 0 0
vn -1 0 0
vn -0.9936200664623739 -0.05146586360985977 -0.10035152418473324
vn -0.9958825021273328 -0.047433142076117506 -0.07725373123280016
vn -0.9958825021273328 -0.047433142076117506 -0.07725373123280016
vn -1 0 0
vn -1 0 0
vn 0.21128843254857413 0.5268453614001065 -0.8232807318541822
vn 0.1566036364306464 0.5745805627324706 -0.8033258852960828
vn 0.19139254254811627 0.5512388991180991 -0.8120988675992803
vn 0.19139254254811627 0.5512388991180991 -0.8120988675992803
vn 0.2432126971313355 0.4946626964725481 -0.834359874797805
vn 0.21128843254857413 0.5268453614001065 -0.8232807318541822
vn 0.9954528187552446 0.045388259887241385 0.0837471879924731
vn 0.9271957860835975 0.20227943331436202 0.31526339008334014
vn 0.9315453834600632 0.2011561875504955 0.30291811891069437
vn 0.9315453834600632 0.2011561875504955 0.30291811891069437
vn 0.9953581319815431 0.05035638178013526 0.08201477862084498
vn 0.9954528187552446 0.045388259887241385 0.0837471879924731
vn -0.22573285235986254 -0.509644160468501 0.8302454510961425
vn -0.16765459301352423 -0.5464830049583191 0.8205170703484451
vn -0.18933966740450583 -0.5597976441593747 0.8067075603592451
vn -0.18933966740450583 -0.5597976441593747 0.8067075603592451
vn -0.2565326149812588 -0.5494703726383253 0.795156165192459
vn -0.22573285235986254 -0.509644160468501 0.8302454510961425
vn -0.9936200664623739 -0.05146586360985977 -0.10035152418473324
vn -0.9226948153972031 -0.2298358265528755 -0.3095315338893241
vn -0.928396838358477 -0.22999753487443209 -0.2918568904063573
vn -0.928396838358477 -0.22999753487443209 -0.2918568904063573
vn -0.9958825021273328 -0.047433142076117506 -0.07725373123280016
vn -0.9936200664623739 -0.05146586360985977 -0.10035152418473324
vn 0.08566475615883326 0.6221368932077647 -0.7782077072748882
vn 0.031817075776430524 0.6474466943331295 -0.7614462894296222
vn 0.03680635756879477 0.6474072525413509 -0.7612549779143502
vn 0.03680635756879477 0.6474072525413509 -0.7612549779143502
vn 0.11021317566819844 0.6121497946514132 -0.7830234254588835
vn 0.08566475615883326 0.6221368932077647 -0.7782077072748882
vn 0.7491925430221632 0.45126724063547946 0.4848385411755387
vn 0.6122763697599133 0.5805908389069167 0.53668605796218
vn 0.6125086433510185 0.5793565405354967 0.537753810548132
vn 0.6125086433510185 0.5793565405354967 0.537753810548132
vn 0.7383131646077176 0.46435485164544965 0.4891505317591608
vn 0.7491925430221632 0.45126724063547946 0.4848385411755387
vn -0.10446288240998812 -0.5983450300683978 0.7943996042238725
vn -0.03724081810957579 -0.6459047788563862 0.7625091069075911
vn -0.03648198513565711 -0.6484418654315396 0.7603895132865964
vn -0.03648198513565711 -0.6484418654315396 0.7603895132865964
vn -0.09870623122955012 -0.6210398718579072 0.7775387819775763
vn -0.10446288240998812 -0.5983450300683978 0.7943996042238725
vn -0.7297652253638303 -0.474236659998865 -0.4924858436166453
vn -0.6151262968957883 -0.5788413742202502 -0.535315143030801
vn -0.6133869107478265 -0.5782074159851965 -0.5379894811452728
vn -0.6133869107478265 -0.5782074159851965 -0.5379894811452728
vn -0.745322237967846 -0.46103069128368723 -0.48160716697853145
vn -0.7297652253638303 -0.474236659998865 -0.4924858436166453
vn 0 0.6560593050086214 -0.7547093402837974
vn 0.03680635756879477 0.6474072525413509 -0.7612549779143502
vn 0.031817075776430524 0.6474466943331295 -0.7614462894296222
vn 0 0.6560599101188463 -0.7547088142686894
vn 0 0.6560593050086214 -0.7547093402837974
vn 0.031817075776430524 0.6474466943331295 -0.7614462894296222
vn 0 0.6560614376487944 -0.7547074864013189
vn 0 0.6560599101188463 -0.7547088142686894
vn 0.031817075776430524 0.6474466943331295 -0.7614462894296222
vn 0 0.7547106976589238 0.65605774352505
vn 0 0.7547066511786111 0.6560623984551821
vn -4.7741914933419704e-8 0.7547067063458347 0.6560623349931162
vn 0 0.7547072618752183 0.6560616959347733
vn 0 0.7547106976589238 0.65605774352505
vn -4.7741914933419704e-8 0.7547067063458347 0.6560623349931162
vn 0 0.7547029395324011 0.6560666681528279
vn 0 0.7547072618752183 0.6560616959347733
vn -4.7741914933419704e-8 0.7547067063458347 0.6560623349931162
vn -5.4281436941529204e-14 -0.656061725447091 0.7547072362203676
vn -0.03648198513565711 -0.6484418654315396 0.7603895132865964
vn -0.03724081810957579 -0.6459047788563862 0.7625091069075911
vn -1.809382170077619e-14 -0.6560615985228582 0.7547073465546976
vn -5.4281436941529204e-14 -0.656061725447091 0.7547072362203676
vn -0.03724081810957579 -0.6459047788563862 0.7625091069075911
vn 0 -0.6560605491785519 0.7547082587407777
vn -1.809382170077619e-14 -0.6560615985228582 0.7547073465546976
vn -0.03724081810957579 -0.6459047788563862 0.7625091069075911
vn 0 -0.7547085936006147 -0.6560601639677431
vn 0 -0.7547060148264144 -0.6560631304873272
vn -9.386270524831523e-8 -0.7547064048547248 -0.6560626818157295
vn -1.8093822644978973e-14 -0.754708924602691 -0.6560597831943746
vn 0 -0.7547085936006147 -0.6560601639677431
vn -9.386270524831523e-8 -0.7547064048547248 -0.6560626818157295
vn 0 -0.7547088989479901 -0.6560598127066711
vn -1.8093822644978973e-14 -0.754708924602691 -0.6560597831943746
vn -9.386270524831523e-8 -0.7547064048547248 -0.6560626818157295
vn 0 0 -1
vn 0 0 -1
vn 0 0 -1
vn 0 0 -1
vn 0 0 -1
vn 0 0 -1
vn -0.1566029069469708 -0.5745813400626474 -0.8033254715167264
vn -0.0856645728550197 -0.6221370339189458 -0.7782076149615239
vn -0.11021284960849091 -0.6121498458415991 -0.7830234313334964
vn -0.11021284960849091 -0.6121498458415991 -0.7830234313334964
vn -0.19139271812450165 -0.551238770584194 -0.8120989134666673
vn -0.1566029069469708 -0.5745813400626474 -0.8033254715167264
vn -0.927195650845238 -0.2022795043232227 0.3152637422610267
vn -0.7491925181263741 -0.4512686026464217 0.4848373119397976
vn -0.7383132431052739 -0.46435590660922554 0.48914941178794935
vn -0.7383132431052739 -0.46435590660922554 0.48914941178794935
vn -0.9315454749118505 -0.20115547917178772 0.30291830808061704
vn -0.927195650845238 -0.2022795043232227 0.3152637422610267
vn 0.16765517694530735 0.5464828948319239 0.8205170243813091
vn 0.1044634216697492 0.5983449866044959 0.7943995660486692
vn 0.09870685371374578 0.6210397314794969 0.7775388150785834
vn 0.09870685371374578 0.6210397314794969 0.7775388150785834
vn 0.18934039058087143 0.5597978774878677 0.8067072287111114
vn 0.16765517694530735 0.5464828948319239 0.8205170243813091
vn 0.9226948370131143 0.22983666634810315 -0.30953084588023444
vn 0.7297658456345236 0.4742368754255653 -0.4924847170541696
vn 0.74532247361476 0.4610311436711296 -0.4816063692374364
vn 0.74532247361476 0.4610311436711296 -0.4816063692374364
vn 0.9283970678289541 0.22999775644492343 -0.2918559858507305
vn 0.9226948370131143 0.22983666634810315 -0.30953084588023444
vn 0.1745183799472314 -0.5563754667410292 -0.8123974858831701
vn 0.10571167464124039 -0.5992178233640838 -0.7935761097760908
vn 0.09897527890538088 -0.6190039078811096 -0.7791264699607611
vn 0.09897527890538088 -0.6190039078811096 -0.7791264699607611
vn 0.16013741307808033 -0.5849373272879004 -0.7951127794709049
vn 0.1745183799472314 -0.5563754667410292 -0.8123974858831701
vn 0.9323646714651938 -0.19652531626478278 0.3034368459344194
vn 0.7354563717716623 -0.46512264761149485 0.49271172900524235
vn 0.7471408411904579 -0.45585659490212543 0.4837099630041276
vn 0.7471408411904579 -0.45585659490212543 0.4837099630041276
vn 0.9289927539867571 -0.20096051816833577 0.3107850272738614
vn 0.9323646714651938 -0.19652531626478278 0.3034368459344194
vn -0.18637238289662636 0.5507621123806673 0.8135886125428615
vn -0.08770223342086456 0.6235752442328623 0.7768283163176525
vn -0.10817368463637028 0.6092955722549287 0.785529986431282
vn -0.10817368463637028 0.6092955722549287 0.785529986431282
vn -0.18167108673418558 0.5423296357419163 0.820289084677384
vn -0.18637238289662636 0.5507621123806673 0.8135886125428615
vn -0.925692298075627 0.23188319253379078 -0.2988711332728563
vn -0.749029069242867 0.45309807618635817 -0.4833814092260743
vn -0.7343413313767704 0.4731689359038677 -0.4866764501467006
vn -0.7343413313767704 0.4731689359038677 -0.4866764501467006
vn -0.920964585477379 0.23770001190516152 -0.3087441281008683
vn -0.925692298075627 0.23188319253379078 -0.2988711332728563
vn -0.17451823501287628 0.5563756585534843 -0.8123973856538235
vn -0.1057119890689522 0.5992178318855668 -0.7935760614569004
vn -0.09897541257258793 0.6190038921012355 -0.7791264655173818
vn -0.09897541257258793 0.6190038921012355 -0.7791264655173818
vn -0.16013807673067462 0.5849367060390868 -0.7951131028408118
vn -0.17451823501287628 0.5563756585534843 -0.8123973856538235
vn -0.9323646378130572 0.19652573896757772 0.30343667556670545
vn -0.7354561864356053 0.4651223454635134 0.492712290879897
vn -0.7471406286059048 0.45585636568125076 0.48371050738458776
vn -0.7471406286059048 0.45585636568125076 0.48371050738458776
vn -0.9289929759409502 0.20096051460674613 0.31078436611478544
vn -0.9323646378130572 0.19652573896757772 0.30343667556670545
vn 0.18637168295352546 -0.5507619943873453 0.8135888527576716
vn 0.08770169285557147 -0.6235755063075087 0.7768281669736244
vn 0.10817317656194388 -0.609295606138395 0.7855300301153002
vn 0.10817317656194388 -0.609295606138395 0.7855300301153002
vn 0.18167050162454787 -0.5423298472047213 0.8202890744550903
vn 0.18637168295352546 -0.5507619943873453 0.8135888527576716
vn 0.9256921311832607 -0.2318833296601839 -0.2988715437961591
vn 0.749029084667029 -0.45309900313526885 -0.4833805164471343
vn 0.7343410225142581 -0.47316947396504383 -0.4866763930584238
vn 0.7343410225142581 -0.47316947396504383 -0.4866763930584238
vn 0.9209647555183244 -0.2376992794839821 -0.30874418476445664
vn 0.9256921311832607 -0.2318833296601839 -0.2988715437961591
vn 0.1566036364306464 0.5745805627324706 -0.8033258852960828
vn 0.08566475615883326 0.6221368932077647 -0.7782077072748882
vn 0.11021317566819844 0.6121497946514132 -0.7830234254588835
vn 0.11021317566819844 0.6121497946514132 -0.7830234254588835
vn 0.19139254254811627 0.5512388991180991 -0.8120988675992803
vn 0.1566036364306464 0.5745805627324706 -0.8033258852960828
vn 0.9271957860835975 0.20227943331436202 0.31526339008334014
vn 0.7491925430221632 0.45126724063547946 0.4848385411755387
vn 0.7383131646077176 0.46435485164544965 0.4891505317591608
vn 0.7383131646077176 0.46435485164544965 0.4891505317591608
vn 0.9315453834600632 0.2011561875504955 0.30291811891069437
vn 0.9271957860835975 0.20227943331436202 0.31526339008334014
vn -0.16765459301352423 -0.5464830049583191 0.8205170703484451
vn -0.10446288240998812 -0.5983450300683978 0.7943996042238725
vn -0.09870623122955012 -0.6210398718579072 0.7775387819775763
vn -0.09870623122955012 -0.6210398718579072 0.7775387819775763
vn -0.18933966740450583 -0.5597976441593747 0.8067075603592451
vn -0.16765459301352423 -0.5464830049583191 0.8205170703484451
vn -0.9226948153972031 -0.2298358265528755 -0.3095315338893241
vn -0.7297652253638303 -0.474236659998865 -0.4924858436166453
vn -0.745322237967846 -0.46103069128368723 -0.48160716697853145
vn -0.745322237967846 -0.46103069128368723 -0.48160716697853145
vn -0.928396838358477 -0.22999753487443209 -0.2918568904063573
vn -0.9226948153972031 -0.2298358265528755 -0.3095315338893241
f 1/1/1 2/2/2 3/3/3
f 4/4/4 5/5/5 6/6/6
f 7/7/7 8/8/8 9/9/9
f 10/10/10 11/11/11 12/12/12
f 13/13/13 14/14/14 15/15/15
f 16/16/16 17/17/17 18/18/18
f 19/19/19 20/20/20 21/21/21
f 22/22/22 23/23/23 24/24/24
f 25/25/25 26/26/26 27/27/27
f 28/28/28 29/29/29 30/30/30
f 31/31/31 32/32/32 33/33/33
f 34/34/34 35/35/35 36/36/36
f 37/37/37 38/38/38 39/39/39
f 40/40/40 41/41/41 42/42/42
f 43/43/43 44/44/44 45/45/45
f 46/46/46 47/47/47 48/48/48
f 49/49/49 50/50/50 51/51/51
f 52/52/52 53/53/53 54/54/54
f 55/55/55 56/56/56 57/57/57
f 58/58/58 59/59/59 60/60/60
f 61/61/61 62/62/62 63/63/63
f 64/64/64 65/65/65 66/66/66
f 67/67/67 68/68/68 69/69/69
f 70/70/70 71/71/71 72/72/72
f 73/73/73 74/74/74 75/75/75
f 76/76/76 77/77/77 78/78/78
f 79/79/79 80/80/80 81/81/81
f 82/82/82 83/83/83 84/84/84
f 85/85/85 86/86/86 87/87/87
f 88/88/88 89/89/89 90/90/90
f 91/91/91 92/92/92 93/93/93
f 94/94/94 95/95/95 96/96/96
f 97/97/97 98/98/98 99/99/99
f 100/100/100 101/101/101 102/102/102
f 103/103/103 104/104/104 105/105/105
f 106/106/106 107/107/107 108/108/108
f 109/109/109 110/110/110 111/111/111
f 112/112/112 113/113/113 114/114/114
f 115/115/115 116/116/116 117/117/117
f 118/118/118 119/119/119 120/120/120
f 121/121/121 122/122/122 123/123/123
f 124/124/124 125/125/125 126/126/126
f 127/127/127 128/128/128 129/129/129
f 130/130/130 131/131/131 132/132/132
f 133/133/133 134/134/134 135/135/135
f 136/136/136 137/137/137 138/138/138
f 139/139/139 140/140/140 141/141/141
f 142/142/142 143/143/143 144/144/144
f 145/145/145 146/146/146 147/147/147
f 148/148/148 149/149/149 150/150/150
f 151/151/151 152/152/152 153/153/153
f 154/154/154 155/155/155 156/156/156
f 157/157/157 158/158/158 159/159/159
f 160/160/160 161/161/161 162/162/162
f 163/163/163 164/164/164 165/165/165
f 166/166/166 167/167/167 168/168/168
f 169/169/169 170/170/170 171/171/171
f 172/172/172 173/173/173 174/174/174
f 175/175/175 176/176/176 177/177/177
f 178/178/178 179/179/179 180/180/180
f 181/181/181 182/182/182 183/183/183
f 184/184/184 185/185/185 186/186/186
f 187/187/187 188/188/188 189/189/189
f 190/190/190 191/191/191 192/192/192
f 193/193/193 194/194/194 195/195/195
f 196/196/196 197/197/197 198/198/198
f 199/199/199 200/200/200 201/201/201
f 202/202/202 203/203/203 204/204/204
f 205/205/205 206/206/206 207/207/207
f 208/208/208 209/209/209 210/210/210
f 211/211/211 212/212/212 213/213/213
f 214/214/214 215/215/215 216/216/216
f 217/217/217 218/218/218 219/219/219
f 220/220/220 221/221/221 222/222/222
f 223/223/223 224/224/224 225/225/225
f 226/226/226 227/227/227 228/228/228
f 229/229/229 230/230/230 231/231/231
f 232/232/232 233/233/233 234/234/234
f 235/235/235 236/236/236 237/237/237
f 238/238/238 239/239/239 240/240/240
f 241/241/241 242/242/242 243/243/243
f 244/244/244 245/245/245 246/246/246
f 247/247/247 248/248/248 249/249/249
f 250/250/250 251/251/251 252/252/252
f 253/253/253 254/254/254 255/255/255
f 256/256/256 257/257/257 258/258/258
f 259/259/259 260/260/260 261/261/261
f 262/262/262 263/263/263 264/264/264
f 265/265/265 266/266/266 267/267/267
f 268/268/268 269/269/269 270/270/270
f 271/271/271 272/272/272 273/273/273
f 274/274/274 275/275/275 276/276/276
f 277/277/277 278/278/278 279/279/279
f 280/280/280 281/281/281 282/282/282
f 283/283/283 284/284/284 285/285/285
f 286/286/286 287/287/287 288/288/288
f 289/289/289 290/290/290 291/291/291
f 292/292/292 293/293/293 294/294/294
f 295/295/295 296/296/296 297/297/297
f 298/298/298 299/299/299 300/300/300
f 301/301/301 302/302/302 303/303/303
f 304/304/304 305/305/305 306/306/306
f 307/307/307 308/308/308 309/309/309
f 310/310/310 311/311/311 312/312/312
f 313/313/313 314/314/314 315/315/315
f 316/316/316 317/317/317 318/318/318
f 319/319/319 320/320/320 321/321/321
f 322/322/322 323/323/323 324/324/324
f 325/325/325 326/326/326 327/327/327
f 328/328/328 329/329/329 330/330/330
f 331/331/331 332/332/332 333/333/333
f 334/334/334 335/335/335 336/336/336
f 337/337/337 338/338/338 339/339/339
f 340/340/340 341/341/341 342/342/342
f 343/343/343 344/344/344 345/345/345
f 346/346/346 347/347/347 348/348/348
f 349/349/349 350/350/350 351/351/351
f 352/352/352 353/353/353 354/354/354
f 355/355/355 356/356/356 357/357/357
f 358/358/358 359/359/359 360/360/360
f 361/361/361 362/362/362 363/363/363
f 364/364/364 365/365/365 366/366/366
f 367/367/367 368/368/368 369/369/369
f 370/370/370 371/371/371 372/372/372
f 373/373/373 374/374/374 375/375/375
f 376/376/376 377/377/377 378/378/378
f 379/379/379 380/380/380 381/381/381
f 382/382/382 383/383/383 384/384/384
f 385/385/385 386/386/386 387/387/387
f 388/388/388 389/389/389 390/390/390
f 391/391/391 392/392/392 393/393/393
f 394/394/394 395/395/395 396/396/396
f 397/397/397 398/398/398 399/399/399
f 400/400/400 401/401/401 402/402/402
f 403/403/403 404/404/404 405/405/405
f 406/406/406 407/407/407 408/408/408
f 409/409/409 410/410/410 411/411/411
f 412/412/412 413/413/413 414/414/414
f 415/415/415 416/416/416 417/417/417
f 418/418/418 419/419/419 420/420/420
f 421/421/421 422/422/422 423/423/423
f 424/424/424 425/425/425 426/426/426
f 427/427/427 428/428/428 429/429/429
f 430/430/430 431/431/431 432/432/432
f 433/433/433 434/434/434 435/435/435
f 436/436/436 437/437/437 438/438/438
f 439/439/439 440/440/440 441/441/441
f 442/442/442 443/443/443 444/444/444
f 445/445/445 446/446/446 447/447/447
f 448/448/448 449/449/449 450/450/450
f 451/451/451 452/452/452 453/453/453
f 454/454/454 455/455/455 456/456/456
f 457/457/457 458/458/458 459/459/459
f 460/460/460 461/461/461 462/462/462
f 463/463/463 464/464/464 465/465/465
f 466/466/466 467/467/467 468/468/468
f 469/469/469 470/470/470 471/471/471
f 472/472/472 473/473/473 474/474/474
f 475/475/475 476/476/476 477/477/477
f 478/478/478 479/479/479 480/480/480
f 481/481/481 482/482/482 483/483/483
f 484/484/484 485/485/485 486/486/486
f 487/487/487 488/488/488 489/489/489
f 490/490/490 491/491/491 492/492/492
f 493/493/493 494/494/494 495/495/495
f 496/496/496 497/497/497 498/498/498
f 499/499/499 500/500/500 501/501/501
f 502/502/502 503/503/503 504/504/504
f 505/505/505 506/506/506 507/507/507
f 508/508/508 509/509/509 510/510/510
f 511/511/511 512/512/512 513/513/513
f 514/514/514 515/515/515 516/516/516
f 517/517/517 518/518/518 519/519/519
f 520/520/520 521/521/521 522/522/522
f 523/523/523 524/524/524 525/525/525
f 526/526/526 527/527/527 528/528/528
f 529/529/529 530/530/530 531/531/531
f 532/532/532 533/533/533 534/534/534
f 535/535/535 536/536/536 537/537/537
f 538/538/538 539/539/539 540/540/540
f 541/541/541 542/542/542 543/543/543
f 544/544/544 545/545/545 546/546/546
f 547/547/547 548/548/548 549/549/549
f 550/550/550 551/551/551 552/552/552
f 553/553/553 554/554/554 555/555/555
f 556/556/556 557/557/557 558/558/558
f 559/559/559 560/560/560 561/561/561
f 562/562/562 563/563/563 564/564/564
f 565/565/565 566/566/566 567/567/567
f 568/568/568 569/569/569 570/570/570
f 571/571/571 572/572/572 573/573/573
f 574/574/574 575/575/575 576/576/576
f 577/577/577 578/578/578 579/579/579
f 580/580/580 581/581/581 582/582/582
f 583/583/583 584/584/584 585/585/585
f 586/586/586 587/587/587 588/588/588
f 589/589/589 590/590/590 591/591/591
f 592/592/592 593/593/593 594/594/594
f 595/595/595 596/596/596 597/597/597
f 598/598/598 599/599/599 600/600/600
f 601/601/601 602/602/602 603/603/603
f 604/604/604 605/605/605 606/606/606
f 607/607/607 608/608/608 609/609/609
f 610/610/610 611/611/611 612/612/612
f 613/613/613 614/614/614 615/615/615
f 616/616/616 617/617/617 618/618/618
f 619/619/619 620/620/620 621/621/621
f 622/622/622 623/623/623 624/624/624
f 625/625/625 626/626/626 627/627/627
f 628/628/628 629/629/629 630/630/630
f 631/631/631 632/632/632 633/633/633
f 634/634/634 635/635/635 636/636/636
f 637/637/637 638/638/638 639/639/639
f 640/640/640 641/641/641 642/642/642
f 643/643/643 644/644/644 645/645/645
f 646/646/646 647/647/647 648/648/648
f 649/649/649 650/650/650 651/651/651
f 652/652/652 653/653/653 654/654/654
f 655/655/655 656/656/656 657/657/657
f 658/658/658 659/659/659 660/660/660
f 661/661/661 662/662/662 663/663/663
f 664/664/664 665/665/665 666/666/666
f 667/667/667 668/668/668 669/669/669
f 670/670/670 671/671/671 672/672/672
f 673/673/673 674/674/674 675/675/675
f 676/676/676 677/677/677 678/678/678
f 679/679/679 680/680/680 681/681/681
f 682/682/682 683/683/683 684/684/684
f 685/685/685 686/686/686 687/687/687
f 688/688/688 689/689/689 690/690/690
f 691/691/691 692/692/692 693/693/693
f 694/694/694 695/695/695 696/696/696
f 697/697/697 698/698/698 699/699/699
f 700/700/700 701/701/701 702/702/702
f 703/703/703 704/704/704 705/705/705
f 706/706/706 707/707/707 708/708/708
f 709/709/709 710/710/710 711/711/711
f 712/712/712 713/713/713 714/714/714
f 715/715/715 716/716/716 717/717/717
f 718/718/718 719/719/719 720/720/720
f 721/721/721 722/722/722 723/723/723
f 724/724/724 725/725/725 726/726/726
f 727/727/727 728/728/728 729/729/729
f 730/730/730 731/731/731 732/732/732
f 733/733/733 734/734/734 735/735/735
f 736/736/736 737/737/737 738/738/738
f 739/739/739 740/740/740 741/741/741
f 742/742/742 743/743/743 744/744/744
f 745/745/745 746/746/746 747/747/747
f 748/748/748 749/749/749 750/750/750
f 751/751/751 752/752/752 753/753/753
f 754/754/754 755/755/755 756/756/756
f 757/757/757 758/758/758 759/759/759
f 760/760/760 761/761/761 762/762/762
f 763/763/763 764/764/764 765/765/765
f 766/766/766 767/767/767 768/768/768
f 769/769/769 770/770/770 771/771/771
f 772/772/772 773/773/773 774/774/774
f 775/775/775 776/776/776 777/777/777
f 778/778/778 779/779/779 780/780/780
f 781/781/781 782/782/782 783/783/783
f 784/784/784 785/785/785 786/786/786
f 787/787/787 788/788/788 789/789/789
f 790/790/790 791/791/791 792/792/792
f 793/793/793 794/794/794 795/795/795
f 796/796/796 797/797/797 798/798/798
f 799/799/799 800/800/800 801/801/801
f 802/802/802 803/803/803 804/804/804
f 805/805/805 806/806/806 807/807/807
f 808/808/808 809/809/809 810/810/810
f 811/811/811 812/812/812 813/813/813
f 814/814/814 815/815/815 816/816/816
f 817/817/817 818/818/818 819/819/819
f 820/820/820 821/821/821 822/822/822
f 823/823/823 824/824/824 825/825/825
f 826/826/826 827/827/827 828/828/828
f 829/829/829 830/830/830 831/831/831
f 832/832/832 833/833/833 834/834/834
f 835/835/835 836/836/836 837/837/837
f 838/838/838 839/839/839 840/840/840
f 841/841/841 842/842/842 843/843/843
f 844/844/844 845/845/845 846/846/846
f 847/847/847 848/848/848 849/849/849
f 850/850/850 851/851/851 852/852/852
f 853/853/853 854/854/854 855/855/855
f 856/856/856 857/857/857 858/858/858
f 859/859/859 860/860/860 861/861/861
f 862/862/862 863/863/863 864/864/864
f 865/865/865 866/866/866 867/867/867
f 868/868/868 869/869/869 870/870/870
f 871/871/871 872/872/872 873/873/873
f 874/874/874 875/875/875 876/876/876
f 877/877/877 878/878/878 879/879/879
f 880/880/880 881/881/881 882/882/882
f 883/883/883 884/884/884 885/885/885
f 886/886/886 887/887/887 888/888/888
f 889/889/889 890/890/890 891/891/891
f 892/892/892 893/893/893 894/894/894
f 895/895/895 896/896/896 897/897/897
f 898/898/898 899/899/899 900/900/900
f 901/901/901 902/902/902 903/903/903
f 904/904/904 905/905/905 906/906/906
f 907/907/907 908/908/908 909/909/909
f 910/910/910 911/911/911 912/912/912
f 913/913/913 914/914/914 915/915/915
f 916/916/916 917/917/917 918/918/918
f 919/919/919 920/920/920 921/921/921
f 922/922/922 923/923/923 924/924/924
f 925/925/925 926/926/926 927/927/927
f 928/928/928 929/929/929 930/930/930
f 931/931/931 932/932/932 933/933/933
f 934/934/934 935/935/935 936/936/936
f 937/937/937 938/938/938 939/939/939
f 940/940/940 941/941/941 942/942/942
f 943/943/943 944/944/944 945/945/945
f 946/946/946 947/947/947 948/948/948
f 949/949/949 950/950/950 951/951/951
f 952/952/952 953/953/953 954/954/954
f 955/955/955 956/956/956 957/957/957
f 958/958/958 959/959/959 960/960/960
f 961/961/961 962/962/962 963/963/963
f 964/964/964 965/965/965 966/966/966
f 967/967/967 968/968/968 969/969/969
f 970/970/970 971/971/971 972/972/972
f 973/973/973 974/974/974 975/975/975
f 976/976/976 977/977/977 978/978/978
f 979/979/979 980/980/980 981/981/981
f 982/982/982 983/983/983 984/984/984
f 985/985/985 986/986/986 987/987/987
f 988/988/988 989/989/989 990/990/990
f 991/991/991 992/992/992 993/993/993
f 994/994/994 995/995/995 996/996/996
f 997/997/997 998/998/998 999/999/999
f 1000/1000/1000 1001/1001/1001 1002/1002/1002
f 1003/1003/1003 1004/1004/1004 1005/1005/1005
f 1006/1006/1006 1007/1007/1007 1008/1008/1008
f 1009/1009/1009 1010/1010/1010 1011/1011/1011
f 1012/1012/1012 1013/1013/1013 1014/1014/1014
f 1015/1015/1015 1016/1016/1016 1017/1017/1017
f 1018/1018/1018 1019/1019/1019 1020/1020/1020
f 1021/1021/1021 1022/1022/1022 1023/1023/1023
f 1024/1024/1024 1025/1025/1025 1026/1026/1026
f 1027/1027/1027 1028/1028/1028 1029/1029/1029
f 1030/1030/1030 1031/1031/1031 1032/1032/1032
f 1033/1033/1033 1034/1034/1034 1035/1035/1035
f 1036/1036/1036 1037/1037/1037 1038/1038/1038
f 1039/1039/1039 1040/1040/1040 1041/1041/1041
f 1042/1042/1042 1043/1043/1043 1044/1044/1044
f 1045/1045/1045 1046/1046/1046 1047/1047/1047
f 1048/1048/1048 1049/1049/1049 1050/1050/1050
f 1051/1051/1051 1052/1052/1052 1053/1053/1053
f 1054/1054/1054 1055/1055/1055 1056/1056/1056
f 1057/1057/1057 1058/1058/1058 1059/1059/1059
f 1060/1060/1060 1061/1061/1061 1062/1062/1062
f 1063/1063/1063 1064/1064/1064 1065/1065/1065
f 1066/1066/1066 1067/1067/1067 1068/1068/1068
f 1069/1069/1069 1070/1070/1070 1071/1071/1071
f 1072/1072/1072 1073/1073/1073 1074/1074/1074
f 1075/1075/1075 1076/1076/1076 1077/1077/1077
f 1078/1078/1078 1079/1079/1079 1080/1080/1080
f 1081/1081/1081 1082/1082/1082 1083/1083/1083
f 1084/1084/1084 1085/1085/1085 1086/1086/1086
f 1087/1087/1087 1088/1088/1088 1089/1089/1089
f 1090/1090/1090 1091/1091/1091 1092/1092/1092
f 1093/1093/1093 1094/1094/1094 1095/1095/1095
f 1096/1096/1096 1097/1097/1097 1098/1098/1098
f 1099/1099/1099 1100/1100/1100 1101/1101/1101
f 1102/1102/1102 1103/1103/1103 1104/1104/1104
f 1105/1105/1105 1106/1106/1106 1107/1107/1107
f 1108/1108/1108 1109/1109/1109 1110/1110/1110
f 1111/1111/1111 1112/1112/1112 1113/1113/1113
f 1114/1114/1114 1115/1115/1115 1116/1116/1116
f 1117/1117/1117 1118/1118/1118 1119/1119/1119
f 1120/1120/1120 1121/1121/1121 1122/1122/1122
f 1123/1123/1123 1124/1124/1124 1125/1125/1125
f 1126/1126/1126 1127/1127/1127 1128/1128/1128
f 1129/1129/1129 1130/1130/1130 1131/1131/1131
f 1132/1132/1132 1133/1133/1133 1134/1134/1134
f 1135/1135/1135 1136/1136/1136 1137/1137/1137
f 1138/1138/1138 1139/1139/1139 1140/1140/1140
f 1141/1141/1141 1142/1142/1142 1143/1143/1143
f 1144/1144/1144 1145/1145/1145 1146/1146/1146
f 1147/1147/1147 1148/1148/1148 1149/1149/1149
f 1150/1150/1150 1151/1151/1151 1152/1152/1152
f 1153/1153/1153 1154/1154/1154 1155/1155/1155
f 1156/1156/1156 1157/1157/1157 1158/1158/1158
f 1159/1159/1159 1160/1160/1160 1161/1161/1161
f 1162/1162/1162 1163/1163/1163 1164/1164/1164
f 1165/1165/1165 1166/1166/1166 1167/1167/1167
f 1168/1168/1168 1169/1169/1169 1170/1170/1170
f 1171/1171/1171 1172/1172/1172 1173/1173/1173
f 1174/1174/1174 1175/1175/1175 1176/1176/1176
f 1177/1177/1177 1178/1178/1178 1179/1179/1179
f 1180/1180/1180 1181/1181/1181 1182/1182/1182
f 1183/1183/1183 1184/1184/1184 1185/1185/1185
f 1186/1186/1186 1187/1187/1187 1188/1188/1188
f 1189/1189/1189 1190/1190/1190 1191/1191/1191
f 1192/1192/1192 1193/1193/1193 1194/1194/1194
f 1195/1195/1195 1196/1196/1196 1197/1197/1197
f 1198/1198/1198 1199/1199/1199 1200/1200/1200
f 1201/1201/1201 1202/1202/1202 1203/1203/1203
f 1204/1204/1204 1205/1205/1205 1206/1206/1206
f 1207/1207/1207 1208/1208/1208 1209/1209/1209
f 1210/1210/1210 1211/1211/1211 1212/1212/1212
f 1213/1213/1213 1214/1214/1214 1215/1215/1215
f 1216/1216/1216 1217/1217/1217 1218/1218/1218
f 1219/1219/1219 1220/1220/1220 1221/1221/1221
f 1222/1222/1222 1223/1223/1223 1224/1224/1224
f 1225/1225/1225 1226/1226/1226 1227/1227/1227
f 1228/1228/1228 1229/1229/1229 1230/1230/1230
f 1231/1231/1231 1232/1232/1232 1233/1233/1233
f 1234/1234/1234 1235/1235/1235 1236/1236/1236
f 1237/1237/1237 1238/1238/1238 1239/1239/1239
f 1240/1240/1240 1241/1241/1241 1242/1242/1242
f 1243/1243/1243 1244/1244/1244 1245/1245/1245
f 1246/1246/1246 1247/1247/1247 1248/1248/1248
f 1249/1249/1249 1250/1250/1250 1251/1251/1251
f 1252/1252/1252 1253/1253/1253 1254/1254/1254
f 1255/1255/1255 1256/1256/1256 1257/1257/1257
f 1258/1258/1258 1259/1259/1259 1260/1260/1260
f 1261/1261/1261 1262/1262/1262 1263/1263/1263
f 1264/1264/1264 1265/1265/1265 1266/1266/1266
f 1267/1267/1267 1268/1268/1268 1269/1269/1269
f 1270/1270/1270 1271/1271/1271 1272/1272/1272
f 1273/1273/1273 1274/1274/1274 1275/1275/1275
f 1276/1276/1276 1277/1277/1277 1278/1278/1278
f 1279/1279/1279 1280/1280/1280 1281/1281/1281
f 1282/1282/1282 1283/1283/1283 1284/1284/1284
f 1285/1285/1285 1286/1286/1286 1287/1287/1287
f 1288/1288/1288 1289/1289/1289 1290/1290/1290
f 1291/1291/1291 1292/1292/1292 1293/1293/1293
f 1294/1294/1294 1295/1295/1295 1296/1296/1296
f 1297/1297/1297 1298/1298/1298 1299/1299/1299
f 1300/1300/1300 1301/1301/1301 1302/1302/1302
f 1303/1303/1303 1304/1304/1304 1305/1305/1305
f 1306/1306/1306 1307/1307/1307 1308/1308/1308
f 1309/1309/1309 1310/1310/1310 1311/1311/1311
f 1312/1312/1312 1313/1313/1313 1314/1314/1314
f 1315/1315/1315 1316/1316/1316 1317/1317/1317
f 1318/1318/1318 1319/1319/1319 1320/1320/1320
f 1321/1321/1321 1322/1322/1322 1323/1323/1323
f 1324/1324/1324 1325/1325/1325 1326/1326/1326
f 1327/1327/1327 1328/1328/1328 1329/1329/1329
f 1330/1330/1330 1331/1331/1331 1332/1332/1332
f 1333/1333/1333 1334/1334/1334 1335/1335/1335
f 1336/1336/1336 1337/1337/1337 1338/1338/1338
f 1339/1339/1339 1340/1340/1340 1341/1341/1341
f 1342/1342/1342 1343/1343/1343 1344/1344/1344
f 1345/1345/1345 1346/1346/1346 1347/1347/1347
f 1348/1348/1348 1349/1349/1349 1350/1350/1350
f 1351/1351/1351 1352/1352/1352 1353/1353/1353
f 1354/1354/1354 1355/1355/1355 1356/1356/1356
