mtllib cutting_board.mtl
o Circle001_Material002_0
usemtl Material.002
v -0.16053548064292417 -0.03950175080381505 0.04927767205295537
v -0.16155969460566955 -0.03415050322285999 0.05126642179637063
v -0.16060421383021903 -0.033939658099782805 0.05119116461326756
v -0.15957999986747365 -0.03929090568073786 0.0492024148698523
v -0.18610737174402595 -0.06297888766174664 0.09927938002665948
v -0.18713158570677133 -0.057627640080791596 0.10126812977007474
v -0.18713157785978615 0.022495744658370842 -0.11432463757001399
v -0.18610736389704077 0.017144497077415784 -0.11631338731342925
v -0.18704737465148602 0.0229646112954026 -0.11554288001786794
v -0.18602316068874064 0.01761336371444755 -0.1175316297612832
v -0.15966722812026404 -0.033699017502105556 0.05102620993741095
v -0.15864301415751866 -0.039050265083060615 0.04903746019399569
v -0.16053547655213068 0.0022682044087816173 -0.06311523627551296
v -0.16155969051487606 0.007619451989736673 -0.0611264865320977
v -0.1625244554855939 0.007473982271645012 -0.06123192024859123
v -0.16150024152284853 0.002122734690689956 -0.06322066999200648
v -0.15454030621967768 -0.03748998758849725 0.04695203922655146
v -0.15556452018242306 -0.032138740007542195 0.04894078896996672
v -0.15491582872282583 -0.0317763427839884 0.04829974380087886
v -0.15389161476008045 -0.03712759036494346 0.046310994057463604
v -0.15170479289406877 0.0006278640022432513 -0.05415363756571595
v -0.15272900685681415 0.005979111583198307 -0.05216488782230069
v -0.15287073390460254 0.006293445455972264 -0.05308367471521424
v -0.15184651994185716 0.0009421978750172085 -0.0550724244586295
v -0.1543404281876985 -0.031404987764358835 0.047596850240275074
v -0.15331621422495312 -0.036756235345313894 0.045608100496859816
v -0.16150024783455386 -0.06232433400668871 0.11019089933518714
v -0.16252446179729924 -0.056973086425733656 0.1121796490786024
v -0.1772887334142893 -0.05945599290556291 0.11125689554950643
v -0.17626451945154392 -0.06480724048651795 0.10926814580609118
v -0.15310543497413043 0.006585595439955075 -0.05399065208303263
v -0.15208122101138505 0.001234347859000019 -0.05597940182644789
v -0.15384384803083426 -0.031028248356410548 0.04683887577907751
v -0.15281963406808888 -0.03637949593736561 0.044850126035662255
v 0.1387066120179137 0.0752520642671654 -0.10538640612779507
v 0.13768239805516833 0.08060331184812045 -0.10339765638437981
v 0.1721323602724833 0.0863967594788734 -0.10124456512204702
v 0.17315657423522868 0.08104551189791835 -0.10323331486546228
v -0.1534308513499426 0.006852754105342237 -0.05487710255952396
v -0.15240663738719723 0.001501506524387181 -0.05686585230293922
v -0.15343085502279813 -0.030649752690486948 0.04603312793840719
v -0.15240664106005275 -0.036001000271442006 0.044044378194991934
v -0.15384384429744566 0.007092345071182979 -0.05573447726206361
v -0.15281963033470028 0.001741097490227923 -0.05772322700547887
v -0.15310543858393771 -0.030273143518176268 0.045187353920069034
v -0.15208122462119233 -0.035624391099131326 0.043198604176653776
v -0.171153967197919 -0.03850023188221998 0.04111426287996169
v -0.17217818116066438 -0.03314898430126492 0.04310301262337695
v -0.1719434800911366 -0.03344113558299931 0.044009993483132864
v -0.17091926612839123 -0.03879238316395437 0.042021243739717606
v -0.1543404243968743 0.007302064791345194 -0.05655452333473149
v -0.1533162104341289 0.0019508172103901381 -0.058543273078146746
v -0.1528707374494545 -0.029902052902066337 0.04430971027054286
v -0.15184652348670913 -0.035253300483021395 0.0423209605271276
v -0.17161806371532431 -0.03370829295063489 0.04489644046768667
v -0.17059384975257894 -0.03905954053158995 0.04290769072427141
v -0.15491582487821712 0.007479888390308115 -0.05732933741880351
v -0.15389161091547174 0.0021286408093530596 -0.059318087162218765
v -0.15272901033542827 -0.029540050563596168 0.04340863900457906
v -0.1517047963726829 -0.034891298144551226 0.0414198892611638
v -0.17120507076782127 -0.03394788391647564 0.04575381517022632
v -0.1701808568050759 -0.039299131497430695 0.043765065426811064
v -0.15389161091547174 0.0021286408093530596 -0.059318087162218765
v -0.15491582487821712 0.007479888390308115 -0.05732933741880351
v -0.15556451628819834 0.007624106129163698 -0.058051471327550445
v -0.15454030232545296 0.0022728585482086425 -0.0600402210709657
v -0.1526816066048446 -0.029190624674696776 0.042492831027232315
v -0.1516573926420992 -0.034541872255651834 0.04050408128381706
v -0.17070849066839253 -0.034157602338886275 0.04657385775095668
v -0.16968427670564715 -0.039508849919841334 0.044585108007541424
v -0.1562802211572625 0.007733328725580214 -0.0587139539145364
v -0.15525600719451713 0.0023820811446251585 -0.060702703657951655
v -0.1634892204595975 0.007294963079815762 -0.061247080396270394
v -0.1624650064968521 0.0019437154988607066 -0.06323583013968564
v -0.17013309018704995 -0.03433542853335235 0.047348678818903735
v -0.16910887622430457 -0.03968667611430741 0.04535992907548848
v -0.15705606066942512 0.007806506811896977 -0.05931041896622676
v -0.15603184670667974 0.0024552592309419214 -0.06129916870964202
v -0.1644447012350479 0.007084119254490143 -0.06117182670510484
v -0.16342048727230252 0.0017328716735350875 -0.0631605764485201
v -0.16948439877706845 -0.03447964367670479 0.04807080574377564
v -0.16846018481432307 -0.039830891257659845 0.04608205600036038
v -0.1578845693292581 0.007842931064081668 -0.059835113102536634
v -0.15686035536651272 0.0024916834831266114 -0.06182386284595189
v -0.16435747298225734 0.0014922323736094156 -0.06299562526460101
v -0.16538168694500271 0.006843479954564471 -0.061006875521185756
v -0.1662911573932999 0.006575361520726251 -0.060753814123986734
v -0.1652669434305545 0.0012241139397711955 -0.06274256386740198
v -0.16846018481432307 -0.039830891257659845 0.04608205600036038
v -0.16948439877706845 -0.03447964367670479 0.04807080574377564
v -0.16876869390800442 -0.03458886757087287 0.04873329182269911
v -0.16774447994525904 -0.03994011515182793 0.04674454207928385
v -0.1587577536298284 0.007842253481584578 -0.06028298325002417
v -0.15773353966708303 0.0024910059006295216 -0.06227173299343943
v -0.16716434172250008 0.006282352418264365 -0.06041509042530665
v -0.1661401277597547 0.000931104837309309 -0.06240384016872191
v -0.16799285439584166 -0.034662044359438066 0.04932975338245196
v -0.16696864043309628 -0.040013291940393124 0.047341003639036705
v -0.15966722405556638 0.007804480761444628 -0.06064972679520004
v -0.158643010092821 0.002453233180489572 -0.06263847653861529
v -0.16799285041675852 0.005967267678627756 -0.05999395836445342
v -0.16696863645401314 0.0006160200976726999 -0.06198270810786868
v -0.1671643457360087 -0.03469846861162275 0.04985444751876183
v -0.1661401317732633 -0.04004971619257781 0.04786569777534657
v -0.1606042097492508 0.00772997442724662 -0.06093179948507565
v -0.15957999578650542 0.002378726846291564 -0.06292054922849091
v -0.16876868996881078 0.0056331438373764175 -0.05949447184104215
v -0.1677444760060654 0.0002818962564213618 -0.06148322158445741
v -0.1662911614354385 -0.03469779232687724 0.050302321158186884
v -0.16526694747269313 -0.0400490399078323 0.048313571414771626
v -0.1677444760060654 0.0002818962564213618 -0.06148322158445741
v -0.16876868996881078 0.0056331438373764175 -0.05949447184104215
v -0.16948439488284386 0.005283201162249534 -0.058921451061804
v -0.16846018092009848 -0.00006804641870552207 -0.06091020080521926
v -0.16538169100970038 -0.03466001830898571 0.050669061211425226
v -0.164357477046955 -0.04001126588994077 0.04868031146800997
v -0.14181455723422895 -0.059013792855765 0.111421237068424
v -0.14283877119697433 -0.053662545274809945 0.11340998681183925
v -0.17013308634244123 0.004920802640944163 -0.058280402400778634
v -0.16910887237969585 -0.00043044494001089235 -0.06026915214419389
v -0.16444470531601613 -0.03458551327253928 0.05095113739323836
v -0.16342049135327075 -0.03993676085349434 0.0489623876498231
v -0.17070848687756843 0.004549448919066174 -0.057577512332112356
v -0.16968427291482305 -0.0008017986618888816 -0.059566262075527614
v -0.16348922455039097 -0.03447499213278091 0.05114582793219794
v -0.1624650105876456 -0.039826239713735966 0.049157078188782684
v -0.17120506703443267 0.004172709511117887 -0.0568195378709148
v -0.1701808530716873 -0.0011785380698371688 -0.05880828761433006
v -0.1625244595796731 -0.03432952241468925 0.05125126164869147
v -0.16150024561692772 -0.03968076999564431 0.04926251190527621
v -0.17134309449767696 -0.003016161751550941 -0.05446224286248486
v -0.17236730846042234 0.0023350858294041146 -0.052473493119069604
v -0.172367311872155 -0.032501168292166364 0.041262492377322234
v -0.17134309790940963 -0.03785241587312142 0.039273742633906976
v -0.1716180600424689 0.003794212547442717 -0.05601378653830696
v -0.17059384607972353 -0.0015570350335123388 -0.058002536281722215
v 0.1731565657058971 -0.006045122108256281 0.1311066453835798
v 0.17213235174315172 -0.0006938745273012258 0.13309539512699506
v 0.13768238952583675 -0.006487322158054183 0.13094230386466224
v 0.13870660348858213 -0.011838569739009238 0.12895355412124698
v -0.17194347648132932 0.003417603375132034 -0.0551680125199688
v -0.17091926251858394 -0.0019336442058230218 -0.05715676226338406
v -0.17857348800643186 -0.05964224842482246 0.11109641070418932
v -0.17754927404368648 -0.0649934960057775 0.10910766096077407
v -0.17217817761581242 0.0030465140567736823 -0.05429037236238015
v -0.17115396365306704 -0.0023047335241813734 -0.05627912210579541
v -0.17626451092221235 0.022283393519656677 -0.1250718144429509
v -0.17728872488495773 0.027634641100611736 -0.12308306469953564
v -0.16252445326796766 0.03011754758044098 -0.12216031117043968
v -0.16150023930522228 0.02476629999948593 -0.12414906091385494
v -0.17231990472983866 0.0026845117183035066 -0.05338930109641635
v -0.17129569076709328 -0.002666735862651549 -0.055378050839831605
v -0.15875775767196704 -0.03343090036601891 0.050773152032149445
v -0.15773354370922166 -0.03878214794697397 0.04878440228873419
v -0.1578845733427667 -0.03313788996580545 0.05043442484153184
v -0.15686035938002132 -0.03848913754676051 0.048445675098116585
v -0.15268160319311191 0.005645629446873703 -0.05124315446915952
v -0.15165738923036653 0.00029438186591864736 -0.05323190421257478
v -0.15705606464850827 -0.032822805226168844 0.05001329278067862
v -0.1560318506857629 -0.0381740528071239 0.04802454303726336
v -0.17129569424570754 -0.0381858993071976 0.04019547947898566
v -0.17231990820845292 -0.032834651726242545 0.04218422922240092
v -0.15628022509645628 -0.03248868398042065 0.04951381324114239
v -0.1552560111337109 -0.03783993156137571 0.04752506349772713
v -0.14283876266764275 0.03342808873136469 -0.12092997343720283
v -0.14181454870489738 0.028076841150409634 -0.12291872318061808
v -0.15556452018242306 -0.032138740007542195 0.04894078896996672
v -0.15454030621967768 -0.03748998758849725 0.04695203922655146
v 0.1829151861384544 -0.001375097236138911 0.12356645886856565
v 0.18393940018343027 -0.006726345246726566 0.12157770896548076
v 0.1840236180587159 -0.006257476143148923 0.12035946743430004
v 0.18299940401374 -0.0009062281325612678 0.12234821733738493
v 0.18266402863494535 -0.001864259246485615 0.12475332916759871
v 0.18368824267992123 -0.00721550725707327 0.12276457926451381
v -0.17881204281877355 -0.06511695716150266 0.10878953435776789
v -0.17983625678151893 -0.05976570958054762 0.11077828410118315
v -0.18105543527005508 -0.05982426671100561 0.11030796553481442
v -0.1800312213073097 -0.06517551429196065 0.10831921579139916
v -0.18221016701890128 -0.059816914452991844 0.1096934909699662
v -0.1811859530561559 -0.06516816203394689 0.10770474122655094
v -0.18328068093193894 -0.05974378251735347 0.10894539161984304
v -0.18225646696919356 -0.06509503009830851 0.10695664187642778
v -0.1842486872786704 -0.059606119229627476 0.10807644571179242
v -0.183224473315925 -0.06495736681058252 0.10608769596837717
v -0.183224473315925 -0.06495736681058252 0.10608769596837717
v -0.1842486872786704 -0.059606119229627476 0.10807644571179242
v -0.185097597698997 -0.05940628440467521 0.10710154601133035
v -0.18407338373625162 -0.06475753198563025 0.10511279626791509
v -0.18581289187784486 -0.059147689021681334 0.10603734866318337
v -0.18478867791509948 -0.06449893660263638 0.10404859891976811
v -0.18638233754994088 -0.058834767334763276 0.10490208484431421
v -0.1853581235871955 -0.06418601491571832 0.10291333510089895
v -0.18679619583759594 -0.058472868651940145 0.10371516381736876
v -0.18577198187485056 -0.06382411623289519 0.1017264140739535
v -0.18704738258753567 -0.05806818583801771 0.10249689746001897
v -0.1860231686247903 -0.06341943341897276 0.10050814771660371
v 0.17444131416038572 0.08123176495063203 -0.1030728309368184
v 0.1754655282053616 0.07588051694004437 -0.1050615808399033
v 0.17418078828020456 0.07569426388733069 -0.10522206476854717
v 0.1757040829354728 0.08135522610635719 -0.10275470433381223
v 0.17672829698044867 0.07600397809576953 -0.10474345423689713
v -0.1857719738512606 0.018102530657886015 -0.11871849822696978
v -0.18679618781400598 0.023453778238841066 -0.11672974848355452
v -0.18638232944183247 0.023954873971912587 -0.11786493797312639
v -0.1853581154790871 0.018603626390957535 -0.11985368771654165
v -0.1858128836896862 0.024459322946490343 -0.11892902211525708
v -0.18478866972694083 0.01910807536553529 -0.12091777185867233
v -0.18509758943662494 0.024958500281625245 -0.1199038089893574
v -0.18407337547387956 0.019607252700670187 -0.12189255873277266
v -0.18424867894919317 0.025443857524670377 -0.12077259642942165
v -0.1832244649864478 0.020092609943715325 -0.1227613461728369
v -0.1832244649864478 0.020092609943715325 -0.1227613461728369
v -0.18424867894919317 0.025443857524670377 -0.12077259642942165
v -0.1832806725436113 0.025907099935596686 -0.12152054330372947
v -0.18225645858086592 0.020555852354641628 -0.12350929304714472
v -0.18221015858098646 0.026340288372759993 -0.12213483036162368
v -0.18118594461824108 0.02098904079180494 -0.12412358010503893
v -0.18105542679266345 0.02673602294519612 -0.12260496555880618
v -0.18003121282991807 0.02138477536424107 -0.12459371530222144
v -0.17983624827543748 0.027087524134362703 -0.12292288903311538
v -0.1788120343126921 0.021736276553407652 -0.12491163877653064
v -0.1785734794829376 0.02738878244697881 -0.1230831718383501
v -0.17754926552019223 0.02203753486602375 -0.12507192158176536
v 0.1829994118607252 0.07921715660660117 -0.09324455000270379
v 0.1819751978979798 0.08456840418755622 -0.09125580025928853
v 0.18197519005099463 0.004445019448393788 0.12433696708080019
v 0.18299940401374 -0.0009062281325612678 0.12234821733738493
v 0.17444130563689147 -0.005799265921169234 0.13110675160572102
v 0.17546551968186735 -0.01115051393175689 0.12911800170263613
v 0.17672828847436722 -0.010849255619140788 0.1289577188974014
v 0.17570407442939134 -0.005498007608553132 0.1309464688004863
v 0.1779474669915932 -0.010497754429974205 0.1286397954230922
v 0.17692325294661732 -0.00514650641938655 0.1306285453261771
v 0.1791021987799162 -0.010102019857538077 0.1281696602259097
v 0.17807798473494033 -0.004750771846950422 0.1301584101289946
v 0.18017271274254104 -0.009668831420374767 0.1275553731680155
v 0.17914849869756516 -0.004317583409787112 0.1295441230711004
v 0.18114070448113742 -0.009205591475994342 0.12680742537703443
v 0.18011649043616154 -0.003854343465406687 0.12879617528011933
v 0.18011649043616154 -0.003854343465406687 0.12879617528011933
v 0.18114070448113742 -0.009205591475994342 0.12680742537703443
v 0.18198962963555468 -0.008720231766403326 0.12593863885364345
v 0.1809654155905788 -0.003368983755815671 0.12792738875672835
v 0.18270493855560146 -0.008221051964722547 0.12496385289621634
v 0.18168072451062559 -0.0028698039541348915 0.12695260279930123
v 0.1832743696407622 -0.007716605456690671 0.12389976783741241
v 0.18225015559578633 -0.002365357446103016 0.1258885177404973
v 0.1731565657058971 -0.006045122108256281 0.1311066453835798
v 0.17418077975087298 -0.011396370118843936 0.1291178954804949
v 0.1829994118607252 0.07921715660660117 -0.09324455000270379
v 0.18402362590570107 0.07386590859601351 -0.09523329990578869
v 0.18393940811947992 0.07430645188669374 -0.09646206851240616
v 0.18291519407450404 0.0796576998972814 -0.09447331860932126
v 0.1836882507035112 0.07471113963370794 -0.09768033303640947
v 0.1826640366585353 0.0800623876442956 -0.09569158313332457
v 0.18327437774887062 0.07507303584998519 -0.09886725498002819
v 0.18225016370389474 0.08042428386057285 -0.09687850507694329
v 0.18270494674376012 0.07538596000344913 -0.10000251788222411
v 0.18168073269878424 0.08073720801403679 -0.09801376797913922
v 0.18198963789792674 0.07564455291989712 -0.1010667161470443
v 0.18096542385295086 0.08099580093048478 -0.0990779662439594
v 0.18114071281061464 0.0758443852783035 -0.10204161676417964
v 0.18011649876563876 0.08119563328889116 -0.10005286686109474
v 0.18011649876563876 0.08119563328889116 -0.10005286686109474
v 0.18114071281061464 0.0758443852783035 -0.10204161676417964
v 0.18017272113086868 0.07598205103257538 -0.10291056175555702
v 0.1791485070858928 0.08133329904316304 -0.10092181185247212
v 0.17910220721783102 0.07605518296821376 -0.10365866110568017
v 0.17807799317285514 0.08140643097880142 -0.10166991120259528
v 0.17794747546898482 0.07606253522622752 -0.1042731356705284
v 0.17692326142400894 0.08141378323681518 -0.1022843857674435
v -0.1849989545798144 -0.06877068142956042 0.09851939781351882
v -0.1860231686247903 -0.06341943341897276 0.10050814771660371
v -0.18610737174402595 -0.06297888766174664 0.09927938002665948
v -0.18508315769905007 -0.0683301356723343 0.09729063012357458
v 0.17589904746126356 0.08676503081777023 -0.10029563602402825
v 0.17467986897272741 0.08670647368731224 -0.10076595459039697
v 0.17705377921010976 0.08675767855975647 -0.09968116145918002
v 0.17812429312314743 0.08668454662411809 -0.09893306210905686
v 0.17909228480289338 0.08654688086984622 -0.09806411711767948
v 0.17994120989020548 0.08634704851143983 -0.09708921650054414
v 0.18096542385295086 0.08099580093048478 -0.0990779662439594
v 0.18011649876563876 0.08119563328889116 -0.10005286686109474
v 0.17909228480289338 0.08654688086984622 -0.09806411711767948
v 0.18065651873603886 0.08608845559499184 -0.09602501823572396
v 0.18168073269878424 0.08073720801403679 -0.09801376797913922
v 0.18122594974114936 0.0857755314415279 -0.09488975533352803
v 0.18225016370389474 0.08042428386057285 -0.09687850507694329
v 0.18163982269578993 0.08541363522525065 -0.09370283338990931
v 0.1826640366585353 0.0800623876442956 -0.09569158313332457
v 0.18189098011175867 0.08500894747823645 -0.092484568865906
v 0.18291519407450404 0.0796576998972814 -0.09447331860932126
v 0.17444130563689147 -0.005799265921169234 0.13110675160572102
v 0.1734170916741461 -0.0004480183402141794 0.13309550134913628
v -0.18499894664376476 0.012262115703859894 -0.1195203796643681
v -0.18602316068874064 0.01761336371444755 -0.1175316297612832
v -0.1857719738512606 0.018102530657886015 -0.11871849822696978
v -0.18474775980628472 0.01275128264729836 -0.12070724813005468
v 0.18122594163304095 0.00298589013485204 0.12787726748391257
v 0.18225015559578633 -0.002365357446103016 0.1258885177404973
v 0.18266402863494535 -0.001864259246485615 0.12475332916759871
v 0.18163981467219997 0.0034869883344694408 0.12674207891101397
v 0.1806565105478802 0.002481443626820164 0.1289413525427165
v 0.18168072451062559 -0.0028698039541348915 0.12695260279930123
v 0.17994120162783342 0.0019822638251393845 0.1299161385001436
v 0.1809654155905788 -0.003368983755815671 0.12792738875672835
v 0.17909227647341616 0.001496904115548369 0.1307849250235346
v 0.18011649043616154 -0.003854343465406687 0.12879617528011933
v 0.17812428473481978 0.0010336641711679436 0.13153287281451564
v 0.17914849869756516 -0.004317583409787112 0.1295441230711004
v 0.18011649043616154 -0.003854343465406687 0.12879617528011933
v 0.17909227647341616 0.001496904115548369 0.1307849250235346
v 0.17705377077219495 0.0006004757340046336 0.13214715987240985
v 0.17807798473494033 -0.004750771846950422 0.1301584101289946
v 0.17589903898387194 0.0002047411615685047 0.13261729506959236
v 0.17692325294661732 -0.00514650641938655 0.1306285453261771
v 0.17467986046664596 -0.0001467600275980776 0.13293521854390156
v 0.17570407442939134 -0.005498007608553132 0.1309464688004863
v -0.17652505147521635 0.0166862868554361 -0.12706067148485026
v -0.17524029687723647 0.016932145509069026 -0.1270605643460358
v -0.17778782026771622 0.016385028542819993 -0.12690038867961553
v -0.1790069987849422 0.01603352735365341 -0.12658246520530633
v -0.1801617305732652 0.015637792781217286 -0.12611233000812383
v -0.18123224453589004 0.015204604344053976 -0.12549804295022962
v -0.1822002509414719 0.01474136193312767 -0.1247500960759218
v -0.18304916142890368 0.014256004690082535 -0.12388130863585756
v -0.18407337547387956 0.019607252700670187 -0.12189255873277266
v -0.1832244649864478 0.020092609943715325 -0.1227613461728369
v -0.1822002509414719 0.01474136193312767 -0.1247500960759218
v -0.18376445568196495 0.013756827354947637 -0.12290652176175723
v -0.18478866972694083 0.01910807536553529 -0.12091777185867233
v -0.1843339014341112 0.01325237838036988 -0.12184243761962654
v -0.1853581154790871 0.018603626390957535 -0.11985368771654165
v 0.17341710019764034 0.08658301253158708 -0.10108408119340315
v -0.1765250599987106 -0.07034474401636516 0.10711891105768917
v -0.17754927404368648 -0.0649934960057775 0.10910766096077407
v -0.17881204281877355 -0.06511695716150266 0.10878953435776789
v -0.17778782877379767 -0.07046820517209032 0.106800784454683
v -0.18474776782987468 -0.06917536424348285 0.0997376641708686
v -0.18577198187485056 -0.06382411623289519 0.1017264140739535
v -0.18433390954221962 -0.06953726292630598 0.10092458519781405
v -0.1853581235871955 -0.06418601491571832 0.10291333510089895
v -0.1837644638701236 -0.06985018461322404 0.10205984901668322
v -0.18478867791509948 -0.06449893660263638 0.10404859891976811
v -0.18304916969127574 -0.07010877999621791 0.10312404636483019
v -0.18407338373625162 -0.06475753198563025 0.10511279626791509
v -0.18220025927094913 -0.07030861482117018 0.10409894606529227
v -0.183224473315925 -0.06495736681058252 0.10608769596837717
v -0.18123225292421768 -0.07044627810889617 0.10496789197334289
v -0.18225646696919356 -0.06509503009830851 0.10695664187642778
v -0.183224473315925 -0.06495736681058252 0.10608769596837717
v -0.18220025927094913 -0.07030861482117018 0.10409894606529227
v -0.18016173901118002 -0.07051941004453455 0.10571599132346604
v -0.1811859530561559 -0.06516816203394689 0.10770474122655094
v -0.17900700726233382 -0.07052676230254831 0.10633046588831427
v -0.1800312213073097 -0.06517551429196065 0.10831921579139916
v 0.1829151861384544 -0.001375097236138911 0.12356645886856565
v 0.18189097217570901 0.003976150344816145 0.1255552086119809
v -0.1604760252602464 0.01941505198889827 -0.12613781081693984
v -0.1407903346599215 0.022725593139821983 -0.12490747308370298
v -0.17524030540656804 -0.07015848849710561 0.10727939590300628
v -0.17626451945154392 -0.06480724048651795 0.10926814580609118
v 0.13870660348858213 -0.011838569739009238 0.12895355412124698
v 0.139730817533558 -0.017189817749596895 0.1269648042181621
v -0.14079034318925307 -0.06436504086635265 0.1094324871653391
v -0.14181455723422895 -0.059013792855765 0.111421237068424
v -0.16150024783455386 -0.06232433400668871 0.11019089933518714
v -0.16047603378957798 -0.06767558201727636 0.10820214943210224
v 0.13973082606288958 0.06990081625657774 -0.10737515603087996
v -0.1850831498520649 0.011793249066828132 -0.11830213721651414
v -0.18610736389704077 0.017144497077415784 -0.11631338731342925
v -0.17031888386443375 -0.043203663883709074 0.037284992730822086
v -0.17027148020073166 -0.043537147317785255 0.03820672957590077
v -0.15423179708873502 -0.04319117957196336 0.04553631359464224
v -0.1552560111337109 -0.03783993156137571 0.04752506349772713
v -0.15454030621967768 -0.03748998758849725 0.04695203922655146
v -0.1535160921747018 -0.042841235599084905 0.04496328932346657
v -0.155007636640787 -0.043525300817711554 0.04603579313417847
v -0.1560318506857629 -0.0381740528071239 0.04802454303726336
v -0.15063317518539066 -0.005056866144669008 -0.05522065411565967
v -0.1506805788490929 -0.004723384008344404 -0.05614238746880084
v -0.17012975315294313 -0.04385147989280763 0.0391255129768768
v -0.15583614533504545 -0.04384038555734816 0.046456925195031695
v -0.15686035938002132 -0.03848913754676051 0.048445675098116585
v -0.15063317859712333 -0.039893120266239486 0.03851533138073217
v -0.15670932966424578 -0.04413339595756162 0.0467956523856493
v -0.15773354370922166 -0.03878214794697397 0.04878440228873419
v -0.1702714767221174 -0.008017983873239204 -0.057366800742916495
v -0.17031888045270108 -0.008367409762138596 -0.05645099276556975
v -0.15761880011254278 -0.044401513093648266 0.0470487102909108
v -0.15864301415751866 -0.039050265083060615 0.04903746019399569
v -0.17012974960809116 -0.007655981534769029 -0.0582678720088803
v -0.16989504847360806 -0.007284892216410677 -0.05914551216646895
v -0.16956963203474765 -0.006908283044099994 -0.05999128618480711
v -0.16047603157195184 -0.04503201800623196 0.04727376200219132
v -0.16150024561692772 -0.03968076999564431 0.04926251190527621
v -0.16053548064292417 -0.03950175080381505 0.04927767205295537
v -0.1595112665979483 -0.0448529988144027 0.04728892214987048
v -0.1691566390267114 -0.006529786080424824 -0.06079703751741495
v -0.1614407965426697 -0.04517748772432362 0.047168328285697794
v -0.1624650105876456 -0.039826239713735966 0.049157078188782684
v -0.16866005886984717 -0.006153046672476537 -0.06155501197861251
v -0.16239627322732664 -0.0036183763370525677 -0.065149326351605
v -0.16333325893728146 -0.0038590156369782396 -0.0649843751676859
v -0.16239627730829487 -0.04528800886408199 0.04697363774673821
v -0.16342049135327075 -0.03993676085349434 0.0489623876498231
v -0.16808465833471997 -0.0057816929505985475 -0.06225790204727879
v -0.16333326300197912 -0.04536251390052842 0.04669156156492508
v -0.164357477046955 -0.04001126588994077 0.04868031146800997
v -0.1674359668751226 -0.005419294429293177 -0.06289895070830415
v -0.16424273342771725 -0.04540028791841995 0.04632482151168674
v -0.16526694747269313 -0.0400490399078323 0.048313571414771626
v -0.16672026196108952 -0.005069351754166293 -0.0634719714875423
v -0.15855578174152954 -0.002972521164296091 -0.06490929913157581
v -0.1595112625071548 -0.003083043601806038 -0.06510398617859786
v -0.16511591772828743 -0.04540096420316546 0.04587694787226168
v -0.1661401317732633 -0.04004971619257781 0.04786569777534657
v -0.16594442240903726 -0.004735227912914955 -0.06397145801095358
v -0.16672026196108952 -0.005069351754166293 -0.0634719714875423
v -0.15761879604784512 -0.002898014830098083 -0.06462722644170019
v -0.1659444263881204 -0.045364539950980776 0.045352253735951815
v -0.16696864043309628 -0.040013291940393124 0.047341003639036705
v -0.16511591371477882 -0.004420143173278346 -0.06439259007180681
v -0.15670932562210715 -0.0028602421099581336 -0.06426048289652433
v -0.16672026590028316 -0.04529136316241558 0.04475579217619896
v -0.16774447994525904 -0.03994011515182793 0.04674454207928385
v -0.16424272938557863 -0.00412713407081646 -0.06473131377048688
v -0.15583614132153684 -0.002859564527461044 -0.0638126127490368
v -0.1674359707693472 -0.0451821392682475 0.04409330609727549
v -0.16846018481432307 -0.039830891257659845 0.04608205600036038
v -0.15500763266170386 -0.0028959887796457338 -0.06328791861272692
v -0.1680846621793287 -0.04503792412489506 0.04337117917240359
v -0.1674359707693472 -0.0451821392682475 0.04409330609727549
v -0.16144079245187623 -0.0034075325117269486 -0.06522458004277054
v -0.15423179314954125 -0.0029691668659624967 -0.06269145356103656
v -0.16866006266067127 -0.044860097930428985 0.042596358104456535
v -0.16047602747787265 -0.003228513319897699 -0.06520941989509138
v -0.15351608828047708 -0.0030783894623790126 -0.0620289709740506
v -0.1691566427601 -0.04465037950801835 0.041776315523726175
v -0.150680582327707 -0.04024254615513888 0.03943113935807891
v -0.15286739687049586 -0.0032226072012345956 -0.06130683706530365
v -0.16956963570760306 -0.0444107885421776 0.04091894082118652
v -0.15082230944173325 -0.04060454849360905 0.040332210624042714
v -0.15229199638915303 -0.003400430800197517 -0.060532022981231635
v -0.15286739687049586 -0.0032226072012345956 -0.06130683706530365
v -0.16989505208341535 -0.04414363117454202 0.04003249383663272
v -0.15105701057621646 -0.04097563910971898 0.04120985427356889
v -0.1517954162897244 -0.003610150520359732 -0.05971197690856376
v -0.15138242701507687 -0.04135224828202966 0.042055628291907045
v -0.15138242334222135 -0.0038497414862004743 -0.058854602206024106
v -0.151795420023113 -0.04173074394795326 0.042861376132577365
v -0.15105700696640917 -0.004116900151587636 -0.05796815172953278
v -0.15229200017997724 -0.042107483355901545 0.043619350593774926
v -0.15082230589688128 -0.004409050135570447 -0.05706117436171439
v -0.15286740071510457 -0.04247883837553111 0.044322244154378715
v -0.1535160921747018 -0.042841235599084905 0.04496328932346657
v -0.15855578582249777 -0.044642153691325515 0.04721366496676741
v -0.15957999986747365 -0.03929090568073786 0.0492024148698523
vt 0.3107280731201172 0.47306084632873535
vt 0.2793367803096771 0.47306084632873535
vt 0.2793367803096771 0.47502899169921875
vt 0.3107280731201172 0.47502899169921875
vt 0.8986341953277588 0.9858706295490265
vt 0.930025577545166 0.9858706295490265
vt 0.930025577545166 0.5164986848831177
vt 0.8986341953277588 0.5164986848831177
vt 0.930025577545166 0.5138261914253235
vt 0.8986341953277588 0.5138261914253235
vt 0.2793367803096771 0.4769499897956848
vt 0.3107280731201172 0.4769499897956848
vt 0.22995895147323608 0.4706375002861023
vt 0.22995895147323608 0.45878612995147705
vt 0.22464770078659058 0.45878612995147705
vt 0.22464770078659058 0.4706375002861023
vt 0.1444101333618164 0.4853058457374573
vt 0.17580145597457886 0.4853058457374573
vt 0.17580145597457886 0.4837542772293091
vt 0.1444101333618164 0.4837542772293091
vt 0.1444101333618164 0.264504611492157
vt 0.17580145597457886 0.264504611492157
vt 0.17580145597457886 0.2625383138656616
vt 0.1444101333618164 0.2625383138656616
vt 0.17580145597457886 0.48208558559417725
vt 0.1444101333618164 0.48208558559417725
vt 0.8576991558074951 0.2922055721282959
vt 0.8890905380249023 0.2922055721282959
vt 0.8890905380249023 0.26160144805908203
vt 0.8576991558074951 0.26160144805908203
vt 0.17580145597457886 0.26062023639678955
vt 0.1444101333618164 0.26062023639678955
vt 0.17580145597457886 0.4803159832954407
vt 0.1444101333618164 0.4803159832954407
vt 0.7758290767669678 0.33264732360839844
vt 0.8072203397750854 0.33264732360839844
vt 0.8072203397750854 0.2612045407295227
vt 0.7758290767669678 0.2612045407295227
vt 0.17580145597457886 0.2587684988975525
vt 0.1444101333618164 0.2587684988975525
vt 0.17580145597457886 0.4784625172615051
vt 0.1444101333618164 0.4784625172615051
vt 0.17580145597457886 0.25700122117996216
vt 0.1444101333618164 0.25700122117996216
vt 0.17580145597457886 0.4765428900718689
vt 0.1444101333618164 0.4765428900718689
vt 0.05535578727722168 0.26103734970092773
vt 0.08674705028533936 0.26103734970092773
vt 0.08674705028533936 0.25911909341812134
vt 0.05535578727722168 0.25911909341812134
vt 0.17580145597457886 0.25533527135849
vt 0.1444101333618164 0.25533527135849
vt 0.17580145597457886 0.4745757579803467
vt 0.1444101333618164 0.4745757579803467
vt 0.08674705028533936 0.25726747512817383
vt 0.05535578727722168 0.25726747512817383
vt 0.17580145597457886 0.25378674268722534
vt 0.1444101333618164 0.25378674268722534
vt 0.17580145597457886 0.4725798964500427
vt 0.1444101333618164 0.4725798964500427
vt 0.08674705028533936 0.2555001378059387
vt 0.05535578727722168 0.2555001378059387
vt 0.26750418543815613 0.4706375002861023
vt 0.26750418543815613 0.45878612995147705
vt 0.2637275159358978 0.45878612995147705
vt 0.2637275159358978 0.4706375002861023
vt 0.17580145597457886 0.47057467699050903
vt 0.1444101333618164 0.47057467699050903
vt 0.08674705028533936 0.25383418798446655
vt 0.05535578727722168 0.25383418798446655
vt 0.25960299372673035 0.45878612995147705
vt 0.25960299372673035 0.4706375002861023
vt 0.2193649411201477 0.45878612995147705
vt 0.2193649411201477 0.4706375002861023
vt 0.08674705028533936 0.2522857189178467
vt 0.05535578727722168 0.2522857189178467
vt 0.2551703453063965 0.45878612995147705
vt 0.2551703453063965 0.4706375002861023
vt 0.2141614556312561 0.45878612995147705
vt 0.2141614556312561 0.4706375002861023
vt 0.08674705028533936 0.2508695125579834
vt 0.05535578727722168 0.2508695125579834
vt 0.2504722476005554 0.45878612995147705
vt 0.2504722476005554 0.4706375002861023
vt 0.20908749103546143 0.4706375002861023
vt 0.20908749103546143 0.45878612995147705
vt 0.20419180393218994 0.45878612995147705
vt 0.20419180393218994 0.4706375002861023
vt 0.3107280731201172 0.4563590884208679
vt 0.2793367803096771 0.4563590884208679
vt 0.2793367803096771 0.4579044580459595
vt 0.3107280731201172 0.4579044580459595
vt 0.2455538511276245 0.45878612995147705
vt 0.2455538511276245 0.4706375002861023
vt 0.1995217204093933 0.45878612995147705
vt 0.1995217204093933 0.4706375002861023
vt 0.2793367803096771 0.45956772565841675
vt 0.3107280731201172 0.45956772565841675
vt 0.24046266078948975 0.45878612995147705
vt 0.24046266078948975 0.4706375002861023
vt 0.1951221227645874 0.45878612995147705
vt 0.1951221227645874 0.4706375002861023
vt 0.2793367803096771 0.46133267879486084
vt 0.3107280731201172 0.46133267879486084
vt 0.23524761199951172 0.45878612995147705
vt 0.23524761199951172 0.4706375002861023
vt 0.19103527069091797 0.45878612995147705
vt 0.19103527069091797 0.4706375002861023
vt 0.2793367803096771 0.4631824493408203
vt 0.3107280731201172 0.4631824493408203
vt 0.05535578727722168 0.4852243661880493
vt 0.08674705028533936 0.4852243661880493
vt 0.08674705028533936 0.4838048219680786
vt 0.05535578727722168 0.4838048219680786
vt 0.2793367803096771 0.4650992751121521
vt 0.3107280731201172 0.4650992751121521
vt 0.8576991558074951 0.3330112099647522
vt 0.8890905380249023 0.3330112099647522
vt 0.08674705028533936 0.48225319385528564
vt 0.05535578727722168 0.48225319385528564
vt 0.2793367803096771 0.4670644998550415
vt 0.3107280731201172 0.4670644998550415
vt 0.08674705028533936 0.4805845022201538
vt 0.05535578727722168 0.4805845022201538
vt 0.2793367803096771 0.4690593481063843
vt 0.3107280731201172 0.4690593481063843
vt 0.08674705028533936 0.47881489992141724
vt 0.05535578727722168 0.47881489992141724
vt 0.2793367803096771 0.47106456756591797
vt 0.3107280731201172 0.47106456756591797
vt 0.05535578727722168 0.4690735936164856
vt 0.08674705028533936 0.4690735936164856
vt 0.08674705028533936 0.26499879360198975
vt 0.05535578727722168 0.26499879360198975
vt 0.08674705028533936 0.4769614338874817
vt 0.05535578727722168 0.4769614338874817
vt 0.8576993942260742 0.9859001636505127
vt 0.8890906572341919 0.9859001636505127
vt 0.8890906572341919 0.9144904315471649
vt 0.8576993942260742 0.9144904315471649
vt 0.08674705028533936 0.47504180669784546
vt 0.05535578727722168 0.47504180669784546
vt 0.8890905380249023 0.2589287757873535
vt 0.8576991558074951 0.2589287757873535
vt 0.08674705028533936 0.47307461500167847
vt 0.05535578727722168 0.47307461500167847
vt 0.7758291959762573 0.9858382940292358
vt 0.807220458984375 0.9858382940292358
vt 0.807220458984375 0.9552199840545654
vt 0.7758291959762573 0.9552199840545654
vt 0.08674705028533936 0.4710788130760193
vt 0.05535578727722168 0.4710788130760193
vt 0.2793367803096771 0.4788053631782532
vt 0.3107280731201172 0.4788053631782532
vt 0.2793367803096771 0.4805772304534912
vt 0.3107280731201172 0.4805772304534912
vt 0.17580145597457886 0.2664998769760132
vt 0.1444101333618164 0.2664998769760132
vt 0.2793367803096771 0.48224854469299316
vt 0.3107280731201172 0.48224854469299316
vt 0.05535578727722168 0.26300352811813354
vt 0.08674705028533936 0.26300352811813354
vt 0.2793367803096771 0.4838032126426697
vt 0.3107280731201172 0.4838032126426697
vt 0.807220458984375 0.9143955409526825
vt 0.7758291959762573 0.9143955409526825
vt 0.2793367803096771 0.48522621393203735
vt 0.3107280731201172 0.48522621393203735
vt 0.9805046319961548 0.5138262510299683
vt 0.949113130569458 0.5138262510299683
vt 0.949113130569458 0.5164987444877625
vt 0.9805046319961548 0.5164987444877625
vt 0.9805046319961548 0.5111818909645081
vt 0.949113130569458 0.5111818909645081
vt 0.8576991558074951 0.2562827467918396
vt 0.8890905380249023 0.2562827467918396
vt 0.8890905380249023 0.2537086009979248
vt 0.8576991558074951 0.2537086009979248
vt 0.8890905380249023 0.25125038623809814
vt 0.8576991558074951 0.25125038623809814
vt 0.8890905380249023 0.24895024299621582
vt 0.8576991558074951 0.24895024299621582
vt 0.8890905380249023 0.24684739112854004
vt 0.8576991558074951 0.24684739112854004
vt 0.8986341953277588 1
vt 0.930025577545166 1
vt 0.930025577545166 0.9980816543102264
vt 0.8986341953277588 0.9980816543102264
vt 0.930025577545166 0.9959367513656616
vt 0.8986341953277588 0.9959367513656616
vt 0.930025577545166 0.993602067232132
vt 0.8986341953277588 0.993602067232132
vt 0.930025577545166 0.9911174774169922
vt 0.8986341953277588 0.9911174774169922
vt 0.930025577545166 0.9885255694389343
vt 0.8986341953277588 0.9885255694389343
vt 0.7758290767669678 0.2585323452949524
vt 0.7444377541542053 0.2585323452949524
vt 0.7444377541542053 0.2612045407295227
vt 0.7758290767669678 0.2558898329734802
vt 0.7444377541542053 0.2558898329734802
vt 0.8986341953277588 0.5111818313598633
vt 0.930025577545166 0.5111818313598633
vt 0.930025577545166 0.508610874414444
vt 0.8986341953277588 0.508610874414444
vt 0.930025577545166 0.5061572790145874
vt 0.8986341953277588 0.5061572790145874
vt 0.930025577545166 0.5038630664348602
vt 0.8986341953277588 0.5038630664348602
vt 0.930025577545166 0.5017675161361694
vt 0.8986341953277588 0.5017675161361694
vt 0.7758291959762573 1
vt 0.807220458984375 1
vt 0.807220458984375 0.998072624206543
vt 0.7758291959762573 0.998072624206543
vt 0.807220458984375 0.9959200620651245
vt 0.7758291959762573 0.9959200620651245
vt 0.807220458984375 0.9935790598392487
vt 0.7758291959762573 0.9935790598392487
vt 0.807220458984375 0.9910897314548492
vt 0.7758291959762573 0.9910897314548492
vt 0.807220458984375 0.9884946942329407
vt 0.7758291959762573 0.9884946942329407
vt 0.8986344337463379 0.4876381754875183
vt 0.9300258159637451 0.4876381754875183
vt 0.930025577545166 0.018266260623931885
vt 0.8986341953277588 0.018266260623931885
vt 0.8167641162872314 0.25829368829727173
vt 0.8481553792953491 0.25829368829727173
vt 0.8481553792953491 0.25570470094680786
vt 0.8167641162872314 0.25570470094680786
vt 0.8481553792953491 0.2532244324684143
vt 0.8167641162872314 0.2532244324684143
vt 0.8481553792953491 0.2508954405784607
vt 0.8167641162872314 0.2508954405784607
vt 0.8481553792953491 0.24875754117965698
vt 0.8167641162872314 0.24875754117965698
vt 0.8481553792953491 0.24684739112854004
vt 0.8167641162872314 0.24684739112854004
vt 0.9805046319961548 0.5017675161361694
vt 0.949113130569458 0.5017675161361694
vt 0.949113130569458 0.5038631558418274
vt 0.9805046319961548 0.5038631558418274
vt 0.949113130569458 0.5061573386192322
vt 0.9805046319961548 0.5061573386192322
vt 0.949113130569458 0.508610874414444
vt 0.9805046319961548 0.508610874414444
vt 0.8167641162872314 0.26094716787338257
vt 0.8481553792953491 0.26094716787338257
vt 0.9805046319961548 0.9858706593513489
vt 0.949113130569458 0.9858706593513489
vt 0.949113130569458 0.9885255694389343
vt 0.9805046319961548 0.9885255694389343
vt 0.949113130569458 0.9911174774169922
vt 0.9805046319961548 0.9911174774169922
vt 0.949113130569458 0.9936020970344543
vt 0.9805046319961548 0.9936020970344543
vt 0.949113130569458 0.9959367513656616
vt 0.9805046319961548 0.9959367513656616
vt 0.949113130569458 0.9980816543102264
vt 0.9805046319961548 0.9980816543102264
vt 0.949113130569458 1
vt 0.9805046319961548 1
vt 0.7758290767669678 0.24649900197982788
vt 0.7444377541542053 0.24649900197982788
vt 0.7444377541542053 0.2485865354537964
vt 0.7758290767669678 0.2485865354537964
vt 0.7444377541542053 0.25087404251098633
vt 0.7758290767669678 0.25087404251098633
vt 0.7444377541542053 0.2533224821090698
vt 0.7758290767669678 0.2533224821090698
vt 0.9709606170654297 0.015009403228759766
vt 0.939569354057312 0.015009403228759766
vt 0.939569354057312 0.017664432525634766
vt 0.9709606170654297 0.017664432525634766
vt 0.8072203397750854 0.2533224821090698
vt 0.8072203397750854 0.2558898329734802
vt 0.8072203397750854 0.25087404251098633
vt 0.8072203397750854 0.2485865354537964
vt 0.8072203397750854 0.24649900197982788
vt 0.9300258159637451 0.49984920024871826
vt 0.8986344337463379 0.49984920024871826
vt 0.8986344337463379 0.5017675161361694
vt 0.930025577545166 0.5017675161361694
vt 0.9300258159637451 0.49770426750183105
vt 0.8986344337463379 0.49770426750183105
vt 0.9300258159637451 0.4953696131706238
vt 0.8986344337463379 0.4953696131706238
vt 0.9300258159637451 0.4928849935531616
vt 0.8986344337463379 0.4928849935531616
vt 0.9300258159637451 0.49029308557510376
vt 0.8986344337463379 0.49029308557510376
vt 0.8576993942260742 0.9885536730289459
vt 0.8890906572341919 0.9885536730289459
vt 0.9709606170654297 0.4897088408470154
vt 0.939569354057312 0.4897088408470154
vt 0.939569354057312 0.4923532009124756
vt 0.9709606170654297 0.4923532009124756
vt 0.930025577545166 0.010378420352935791
vt 0.8986341953277588 0.010378420352935791
vt 0.8986341953277588 0.01294940710067749
vt 0.930025577545166 0.01294940710067749
vt 0.930025577545166 0.007924854755401611
vt 0.8986341953277588 0.007924854755401611
vt 0.930025577545166 0.005630671977996826
vt 0.8986341953277588 0.005630671977996826
vt 0.930025577545166 0.003535032272338867
vt 0.8986341953277588 0.003535032272338867
vt 0.8890906572341919 0.9980898201465607
vt 0.8576993942260742 0.9980898201465607
vt 0.8576993942260742 1
vt 0.8890906572341919 1
vt 0.8890906572341919 0.995951920747757
vt 0.8576993942260742 0.995951920747757
vt 0.8890906572341919 0.9936229288578033
vt 0.8576993942260742 0.9936229288578033
vt 0.8890906572341919 0.9911427199840546
vt 0.8576993942260742 0.9911427199840546
vt 0.7444379329681396 0.9884946942329407
vt 0.7444379329681396 0.9858382940292358
vt 0.7444379329681396 0.9910897314548492
vt 0.7444379329681396 0.9935790598392487
vt 0.7444379329681396 0.9959200620651245
vt 0.7444379329681396 0.998072624206543
vt 0.7444379329681396 1
vt 0.9709606170654297 0.49967193603515625
vt 0.939569354057312 0.49967193603515625
vt 0.939569354057312 0.5017675161361694
vt 0.9709606170654297 0.5017675161361694
vt 0.9709606170654297 0.49737775325775146
vt 0.939569354057312 0.49737775325775146
vt 0.9709606170654297 0.4949241876602173
vt 0.939569354057312 0.4949241876602173
vt 0.8072203397750854 0.2585323452949524
vt 0.8481553792953491 0.9879186153411865
vt 0.8167641162872314 0.9879186153411865
vt 0.8167641162872314 0.9905646741390228
vt 0.8481553792953491 0.9905646741390228
vt 0.9709606170654297 0.012417495250701904
vt 0.939569354057312 0.012417495250701904
vt 0.9709606170654297 0.009932994842529297
vt 0.939569354057312 0.009932994842529297
vt 0.9709606170654297 0.007598221302032471
vt 0.939569354057312 0.007598221302032471
vt 0.9709606170654297 0.005453348159790039
vt 0.939569354057312 0.005453348159790039
vt 0.9709606170654297 0.003535032272338867
vt 0.939569354057312 0.003535032272338867
vt 0.8481553792953491 0.9978971779346466
vt 0.8167641162872314 0.9978971779346466
vt 0.8167641162872314 1
vt 0.8481553792953491 1
vt 0.8481553792953491 0.9955970048904419
vt 0.8167641162872314 0.9955970048904419
vt 0.8481553792953491 0.9931387901306152
vt 0.8167641162872314 0.9931387901306152
vt 0.8986341953277588 0.015593767166137695
vt 0.930025577545166 0.015593767166137695
vt 0.7444379329681396 0.9552199840545654
vt 0.7444379329681396 0.9143955409526825
vt 0.8481553792953491 0.985245943069458
vt 0.8167641162872314 0.985245943069458
vt 0.8167641162872314 0.3323569893836975
vt 0.8481553792953491 0.3323569893836975
vt 0.8481553792953491 0.9138362109661102
vt 0.8167641162872314 0.9138362109661102
vt 0.8167641162872314 0.9546417891979218
vt 0.8481553792953491 0.9546417891979218
vt 0.7444377541542053 0.33264732360839844
vt 0.9709606170654297 0.4870363473892212
vt 0.939569354057312 0.4870363473892212
vt 0.02396446466445923 0.26499879360198975
vt 0.02396446466445923 0.26300352811813354
vt 0.32027187943458557 0.4578574299812317
vt 0.35166314244270325 0.4578574299812317
vt 0.35166314244270325 0.456434428691864
vt 0.32027187943458557 0.456434428691864
vt 0.32027187943458557 0.459412157535553
vt 0.35166314244270325 0.459412157535553
vt 0.11301887035369873 0.2664998769760132
vt 0.11301887035369873 0.264504611492157
vt 0.02396446466445923 0.26103734970092773
vt 0.32027187943458557 0.46108347177505493
vt 0.35166314244270325 0.46108347177505493
vt 0.11301887035369873 0.47057467699050903
vt 0.32027187943458557 0.46285533905029297
vt 0.35166314244270325 0.46285533905029297
vt 0.02396446466445923 0.4710788130760193
vt 0.02396446466445923 0.4690735936164856
vt 0.32027187943458557 0.46471071243286133
vt 0.35166314244270325 0.46471071243286133
vt 0.02396446466445923 0.47307461500167847
vt 0.02396446466445923 0.47504180669784546
vt 0.02396446466445923 0.4769614338874817
vt 0.32027187943458557 0.4705960750579834
vt 0.35166314244270325 0.4705960750579834
vt 0.35166314244270325 0.4685998558998108
vt 0.32027187943458557 0.4685998558998108
vt 0.02396446466445923 0.47881489992141724
vt 0.32027187943458557 0.4726012945175171
vt 0.35166314244270325 0.4726012945175171
vt 0.02396446466445923 0.4805845022201538
vt 0.2141614556312561 0.48248881101608276
vt 0.20908749103546143 0.48248881101608276
vt 0.32027187943458557 0.47459620237350464
vt 0.35166314244270325 0.47459620237350464
vt 0.02396446466445923 0.48225319385528564
vt 0.32027187943458557 0.47656142711639404
vt 0.35166314244270325 0.47656142711639404
vt 0.02396446466445923 0.4838048219680786
vt 0.32027187943458557 0.47847825288772583
vt 0.35166314244270325 0.47847825288772583
vt 0.02396446466445923 0.4852243661880493
vt 0.23524761199951172 0.48248881101608276
vt 0.22995895147323608 0.48248881101608276
vt 0.32027187943458557 0.4803279638290405
vt 0.35166314244270325 0.4803279638290405
vt 0.1951221227645874 0.48248881101608276
vt 0.19103527069091797 0.48248881101608276
vt 0.24046266078948975 0.48248881101608276
vt 0.32027187943458557 0.4820929765701294
vt 0.35166314244270325 0.4820929765701294
vt 0.1995217204093933 0.48248881101608276
vt 0.2455538511276245 0.48248881101608276
vt 0.32027187943458557 0.4837561845779419
vt 0.35166314244270325 0.4837561845779419
vt 0.20419180393218994 0.48248881101608276
vt 0.2504722476005554 0.48248881101608276
vt 0.32027187943458557 0.4853016138076782
vt 0.35166314244270325 0.4853016138076782
vt 0.2551703453063965 0.48248881101608276
vt 0.02396446466445923 0.2522857189178467
vt 0.02396446466445923 0.2508695125579834
vt 0.2193649411201477 0.48248881101608276
vt 0.25960299372673035 0.48248881101608276
vt 0.02396446466445923 0.25383418798446655
vt 0.22464770078659058 0.48248881101608276
vt 0.2637275159358978 0.48248881101608276
vt 0.02396446466445923 0.2555001378059387
vt 0.11301887035369873 0.4725798964500427
vt 0.26750418543815613 0.48248881101608276
vt 0.02396446466445923 0.25726747512817383
vt 0.11301887035369873 0.4745757579803467
vt 0.11301887035369873 0.25533527135849
vt 0.11301887035369873 0.25378674268722534
vt 0.02396446466445923 0.25911909341812134
vt 0.11301887035369873 0.4765428900718689
vt 0.11301887035369873 0.25700122117996216
vt 0.11301887035369873 0.4784625172615051
vt 0.11301887035369873 0.2587684988975525
vt 0.11301887035369873 0.4803159832954407
vt 0.11301887035369873 0.26062023639678955
vt 0.11301887035369873 0.48208558559417725
vt 0.11301887035369873 0.2625383138656616
vt 0.11301887035369873 0.4837542772293091
vt 0.11301887035369873 0.4853058457374573
vt 0.32027187943458557 0.4666317105293274
vt 0.35166314244270325 0.4666317105293274
vn -0.09647603173293536 0.330460739501157 -0.9388759635593054
vn -0.11008296958499265 0.4020873427571601 -0.9089595747896798
vn -0.20533598593756605 0.3810677578940202 -0.9014568746050318
vn -0.19202448586978435 0.30937610399211357 -0.9313501076958686
vn -0.9837578245802051 -0.17683571643444193 -0.030816748211644984
vn -0.9945719782589151 -0.10397971598178742 -0.0038469112928147765
vn -0.9945719940702795 -0.0812546487026507 -0.06499408184809435
vn -0.9837578223478312 -0.15404124627110097 -0.09215118782033557
vn -0.9867022585956541 -0.045967043123173006 -0.15590280250446859
vn -0.9758638963746133 -0.11864012525581989 -0.18334169310836276
vn -0.29874346591885137 0.357077017761237 -0.8850131891432654
vn -0.28572395754568986 0.2853118615219724 -0.9148546123616014
vn -0.09647426819498549 -0.3629092411940332 0.9268169173208984
vn -0.11008166131859078 -0.28912954478612396 0.9509396059546094
vn -0.013905540548807204 -0.27462760041795187 0.9614501115662337
vn 8.977972164162273e-8 -0.34836252772929904 0.9373598824752666
vn -0.6959923862169994 0.12928523719388607 -0.7063143250506022
vn -0.7077384692455604 0.20153972618523572 -0.6771174181182547
vn -0.7724079803229227 0.165406755394755 -0.61321001068414
vn -0.7608605583226827 0.09304577552593489 -0.6422100080547426
vn -0.9795452471128883 -0.19887518542354812 0.030655659857515363
vn -0.9904085801027626 -0.12560780528439222 0.05756321490733512
vn -0.9762797003904825 -0.15694100360356078 0.14915585135480502
vn -0.9653728517559407 -0.23030731448491618 0.12253080423856194
vn -0.8297688493379735 0.12838250052864206 -0.5431404884800513
vn -0.8184048585757238 0.05590770111972477 -0.5719159172598337
vn -3.4088600525444666e-8 -0.34836254856022847 0.9373598747336167
vn -0.013854302466896564 -0.2749038787660816 0.9613718925278185
vn -0.045943233548166214 -0.28019901042612033 0.958841871137969
vn -0.032203371040021515 -0.3535916817560073 0.9348453698268058
vn -0.9528816058530433 -0.18606476817467255 0.23957576519971882
vn -0.9419013987988297 -0.2595242436480032 0.21323442944266752
vn -0.8792715565958195 0.09083057832832814 -0.4675802987745595
vn -0.8680619103548014 0.018234870651799812 -0.4961209623503977
vn 3.4088600525444666e-8 0.34836254856022847 -0.9373598747336167
vn -0.013854043737243277 0.4196727028011315 -0.9075697703183594
vn 0.018265869319781126 0.42481067747803364 -0.9050979208453893
vn 0.03220362203030781 0.35359172105710845 -0.9348453463156358
vn -0.9204428018771242 -0.21269541421245344 0.32794162475291544
vn -0.9093597758127585 -0.28624019361777264 0.30187969406939147
vn -0.9204424580064899 0.05310132342576759 -0.3872543491678345
vn -0.9093594370941934 -0.0196134165366996 -0.41554870720469067
vn -0.8792738102315046 -0.23658007513790894 0.4134095241872321
vn -0.8680623247717131 -0.31019850342014516 0.3876140977671361
vn -0.9528817297003845 0.01555816314105588 -0.3029428209462628
vn -0.9419015160525454 -0.05727491492857728 -0.33096996567338405
vn 0.9653728708268211 0.23030728375845988 -0.12253071173947423
vn 0.9484695750818827 0.3022440802058299 -0.09515240997749182
vn 0.9250715541391874 0.331369178124035 -0.18557232420786807
vn 0.9419027641686338 0.2595228802340451 -0.2132300576525559
vn -0.8297690118609395 -0.25748842388614623 0.4951596697227558
vn -0.8184042998851779 -0.3311700938149615 0.4696176858808042
vn -0.9762797732844756 -0.02143838382233671 -0.21544883377428428
vn -0.9653729304807006 -0.09438622652376043 -0.24320021656591895
vn 0.8926293222772481 0.3580051634518022 -0.27394378246769785
vn 0.9093577931788362 0.2862415542366858 -0.30188437623216474
vn -0.7724039125662945 -0.27521690514395025 0.572405320533681
vn -0.7608606775885062 -0.34895349190971847 0.5471037285410998
vn -0.9904085748773982 -0.05752764036586563 -0.12562414339312494
vn -0.9795452404249363 -0.1305849188425911 -0.15309703110030473
vn 0.8514615198307622 0.3818897630837819 -0.35940713557093085
vn 0.8680617318296477 0.31019879632027786 -0.3876151912584998
vn -0.7608606775885062 -0.34895349190971847 0.5471037285410998
vn -0.7724039125662945 -0.27521690514395025 0.572405320533681
vn -0.7077376161710868 -0.2895935427932948 0.6443935494935493
vn -0.6959923464436104 -0.3633752392166484 0.6193166308247832
vn -0.9948212955400179 -0.0839463376116291 -0.05730272542972818
vn -0.9839881791438414 -0.15692634049441567 -0.08450672733113124
vn 0.8019594615829804 0.4027944073604246 -0.441154947129351
vn 0.8184085305585879 0.3311685643289403 -0.4696113915880254
vn -0.6363924572620844 -0.30048151208982476 0.7104333193425957
vn -0.6244248109397987 -0.3742970266083437 0.6855620988320092
vn 0.08226882408101942 -0.25678070918467616 0.9629618413908938
vn 0.0964746766253564 -0.3304610146258669 0.9388760059680273
vn 0.7445927822732276 0.42052270352307786 -0.5184035536223258
vn 0.7608605779840683 0.34895351811424125 -0.5471038503478509
vn -0.559046290847023 -0.3077775120723199 0.7698962577859167
vn -0.5468404453362183 -0.38161472281175984 0.7452085148988773
vn 0.17752106884140761 -0.23576093400570705 0.9554596025547919
vn 0.19202123858543724 -0.30937687869451475 0.931350519869589
vn 0.6799258802094714 0.4349007440623847 -0.5903915143659839
vn 0.6959903223908623 0.3633756151874542 -0.6193186848670098
vn -0.4764502740334442 -0.31141044792969347 0.8222035449289207
vn -0.46398802819184365 -0.38525728380461943 0.7976790927247194
vn 0.2857230864935399 -0.2853121015247879 0.914854809556202
vn 0.2709318087296463 -0.21177333872720475 0.9390143811586779
vn 0.3615951946171424 -0.18504689187166348 0.9137869352526483
vn 0.3766698482572247 -0.25850042127710904 0.8895489630219554
vn 0.6959903223908623 0.3633756151874542 -0.6193186848670098
vn 0.6799258802094714 0.4349007440623847 -0.5903915143659839
vn 0.6085808487751794 0.44578781650822225 -0.6564316972518266
vn 0.6244246832857911 0.37429704221906407 -0.6855622065790233
vn -0.38940696808378245 -0.31134113536701785 0.8668499931569316
vn -0.3766716831870488 -0.3851895518616733 0.8424651044533767
vn 0.44864126547767186 -0.15583703074299024 0.8800203604234402
vn 0.4639881521528838 -0.2291995624683677 0.8556766651171814
vn 0.5312345214794076 0.45308236832608706 -0.7158954188291533
vn 0.5468403236576522 0.38161473112430006 -0.7452085999308666
vn -0.2987427162342477 -0.3075735822566731 0.9034109148083065
vn -0.28572396906750924 -0.38141222339527 0.8791396529249408
vn 0.5312355232105453 -0.12442571086732865 0.838037625261765
vn 0.5468414981205894 -0.19769004783934385 0.813561934285588
vn 0.44864191027081757 0.4567130380989392 -0.7682015602555026
vn 0.4639896945311371 0.38525724880015044 -0.7976781403647972
vn -0.20533160827536587 -0.3001468514250598 0.9315314263204836
vn -0.19202095850207865 -0.37396125137052094 0.9073482980473028
vn 0.6085807033686162 -0.09111354644417143 0.7882435214714588
vn 0.6244247006798935 -0.16427811211708418 0.7636141008782329
vn 0.36159459709192926 0.45664348680410916 -0.8128505848637316
vn 0.3766697860618862 0.38518951094256687 -0.842465971376838
vn 0.6244247006798935 -0.16427811211708418 0.7636141008782329
vn 0.6085807033686162 -0.09111354644417143 0.7882435214714588
vn 0.6799264290993322 -0.05622920070048625 0.7311212813212423
vn 0.6959909781808291 -0.1292859723179097 0.7063155779484872
vn 0.27093220154818387 0.45287886624802465 -0.8494094858607114
vn 0.28572320546386454 0.3814121769622381 -0.879139921243701
vn -3.4088600525444666e-8 -0.34836254856022847 0.9373598747336167
vn -0.01385395658550133 -0.274905739602338 0.9613713654049713
vn 0.7445931053612395 -0.020104553353302412 0.6672157929657917
vn 0.7608606918564808 -0.09304569548233527 0.6422098614470864
vn 0.17752493497192381 0.44545345101691614 -0.8775284157452306
vn 0.19202491091734497 0.37396163780028097 -0.9073473023274591
vn 0.8019589418983385 0.016919780677611768 0.5971394950353887
vn 0.8184077694434628 -0.05590566973361204 0.5719119503963981
vn 0.08227200898704641 0.4344356671061019 -0.8969375494889884
vn 0.0964765919286469 0.3629095509753913 -0.9268165541360779
vn 0.851461965104578 0.054477569208766015 0.5215790605779287
vn 0.8680621689778388 -0.018234655912546454 0.49612051773056215
vn -0.013905472721523603 0.4199339821737036 -0.9074481188718871
vn 1.579569226925115e-7 0.3483625693911524 -0.9373598669919518
vn 0.983988179098853 0.1569263398383651 0.08450672907323645
vn 0.9670705392812636 0.228935484856032 0.11118954909513631
vn 0.9670705036365721 0.24598587865152524 0.0653114729595326
vn 0.9839881830681075 0.1740280682425352 0.03849009023237304
vn 0.8926289879861882 0.09220721813012171 0.4412610550812946
vn 0.9093580088630585 0.01961195601635089 0.4155519015692576
vn 0.03220355388954622 -0.3427603709840546 0.9388707361504866
vn 0.018265799050458338 -0.26939967095561496 0.9628552216579889
vn -0.013854111704309864 -0.2749049050658487 0.9613716018063052
vn -3.4088600525444666e-8 -0.34836254856022847 0.9373598747336167
vn 0.925070739507892 0.12975098659108533 0.35694370478404824
vn 0.9419027900488578 0.05727661559703828 0.3309660456964227
vn -0.14191683376272632 -0.2935567705934595 0.9453486313173048
vn -0.12847334312107014 -0.3669876816681356 0.9213113706077565
vn 0.9484691513567864 0.16674444408665293 0.26944862087375787
vn 0.9653728188004869 0.09438600902521817 0.24320074428647162
vn -0.03220330289925935 0.34276041610098973 -0.9388707282883277
vn -0.04594317293925839 0.41401142275205 -0.9091115259917767
vn -0.013854234499835772 0.41967366986971005 -0.9075693202199562
vn 3.4088600525444666e-8 0.34836254856022847 -0.9373598747336167
vn 0.9625977633664541 0.20282737074606494 0.1796290723634083
vn 0.9795447514668724 0.130583079592258 0.15310172826557172
vn -0.3894049260813801 0.3303479364165792 -0.8597872088190556
vn -0.37667157011582025 0.2584998792861988 -0.8895483914186477
vn -0.4764509085637848 0.3011400539036208 -0.8260200964042389
vn -0.463989403088489 0.22919911545072952 -0.8556761065369249
vn -0.9948212972096824 -0.10099483947040792 -0.011429305245357629
vn -0.9839881808187011 -0.17402810028849647 -0.03849000284593999
vn -0.5590437801665534 0.2697307352100845 -0.78403787047573
vn -0.5468379399442528 0.19769148767329245 -0.8135639760578429
vn 0.9795447402707705 0.19887692147436284 -0.03066059217870319
vn 0.9625977388713602 0.2709111719507803 -0.003567917039348819
vn -0.6363889710280272 0.23642279792623744 -0.7342433780257185
vn -0.6244234691069774 0.16427867695173576 -0.7636149864476174
vn -0.013853888618430026 0.41967191642794405 -0.9075701363155605
vn 3.4088600525444666e-8 0.34836254856022847 -0.9373598747336167
vn -0.7077384692455604 0.20153972618523572 -0.6771174181182547
vn -0.6959923862169994 0.12928523719388607 -0.7063143250506022
vn 0.9758643599001335 0.11864144931954311 0.18333836908858203
vn 0.9867005790570941 0.04598697790656426 0.15590755322118402
vn 0.9945699963274908 0.08126895712157736 0.06500676129070053
vn 0.9837575757945539 0.15403853936412557 0.09215834448051469
vn 0.9507464058892807 0.06972457170197316 0.3020260846178545
vn 0.9616586645757652 -0.002790529718283508 0.27423498279805114
vn -0.254749478143682 -0.37933378601942247 0.8894990624894962
vn -0.26780781974267337 -0.3058638584869436 0.9136335544167338
vn -0.3893504827972213 -0.3117014088065964 0.8667458873819673
vn -0.37666869371376777 -0.3851894873809578 0.8424664705418007
vn -0.5044686273975371 -0.3109687838717634 0.8054873179814572
vn -0.49214448808717376 -0.3844542878370106 0.7810177356559521
vn -0.6111894837205905 -0.30367306996522575 0.7309104470229258
vn -0.5991938943366322 -0.37714117559242755 0.7062090417592108
vn -0.7076935706052252 -0.28994576194325483 0.6442835286232083
vn -0.6959935198049276 -0.36337502126113225 0.6193154400731663
vn -0.6959935198049276 -0.36337502126113225 0.6193154400731663
vn -0.7076935706052252 -0.28994576194325483 0.6442835286232083
vn -0.7923220606905721 -0.2700280830949822 0.5470928499652459
vn -0.7808865279085907 -0.3433908856021751 0.521822699981727
vn -0.8636338548404902 -0.244250456416694 0.44099691531074425
vn -0.8524168074959596 -0.3175314082688753 0.41540268542846565
vn -0.9204032978037398 -0.2130548842451464 0.3278191356392846
vn -0.9093602110961361 -0.2862398948931905 0.30187866610068037
vn -0.9616594840164957 -0.1769767983772181 0.20949999913431225
vn -0.9507444751347867 -0.250051584508768 0.183191561173908
vn -0.9867022139227304 -0.13662807795768642 0.08804265644317537
vn -0.9758639033827942 -0.2095818014465113 0.061360496876505514
vn 0.12847358821189542 0.3669877114651583 -0.9213113245616412
vn 0.14191956388756916 0.2935538476830063 -0.945349129103351
vn 0.04594406521054191 0.2801982038847366 -0.9588420669806353
vn 0.2547495055126809 0.37933378802658263 -0.8894990537951394
vn 0.26780635198596614 0.30585802512369925 -0.9136359375065101
vn -0.9507444574751619 -0.06972167047145221 -0.30203288769094405
vn -0.9616595057802768 0.0027988143255596363 -0.2742319485049192
vn -0.9204032822398209 0.05274912899393359 -0.3873955697120782
vn -0.9093601642450343 -0.019614160131874586 -0.41554708085434283
vn -0.8636338208353183 0.10303952164639536 -0.49347693004665505
vn -0.8524167733862961 0.030829669428850216 -0.5219532315568167
vn -0.7923220479534866 0.15280780243175562 -0.5906568782658597
vn -0.7808864863833549 0.0807476317999629 -0.6194320909854092
vn -0.7076935225245434 0.20119791236291826 -0.6772660321008334
vn -0.6959934715763083 0.12928467053540335 -0.706313359273142
vn -0.6959934715763083 0.12928467053540335 -0.706313359273142
vn -0.7076935225245434 0.20119791236291826 -0.6772660321008334
vn -0.6111894297812065 0.24737689129909707 -0.7518325309368559
vn -0.5991938316395704 0.1756084015288846 -0.7811071894673355
vn -0.504468504024753 0.2905567966182807 -0.8130733524018303
vn -0.49214442903182515 0.2189264924955584 -0.8425348965215215
vn -0.3893503203668942 0.3300088649759005 -0.85994213588329
vn -0.37666863071857265 0.25850080452198126 -0.8895493672045885
vn -0.26780781094496436 0.3650510130824572 -0.8916371090552131
vn -0.2547494122858629 0.2936513948069897 -0.9213422791058257
vn -0.14191680955097558 0.3950835635455265 -0.9076169880423351
vn -0.12847327552616442 0.32377698756603523 -0.9373703002539826
vn 0.9837575780274499 0.1768383404158119 0.030809560732787906
vn 0.9668955599319934 0.2485903700495767 0.05758301921931024
vn 0.96689551194603 0.2258608568520603 0.11874317799637006
vn 0.9837575757945539 0.15403853936412557 0.09215834448051469
vn 0.1284735206169919 -0.32377693492924514 0.9373702848437743
vn 0.14191948210862604 -0.39508611505351376 0.90761545948157
vn 0.2678062578965078 -0.3650570020695557 0.8916351235070642
vn 0.2547494396548622 -0.29365138760886467 0.9213422738325436
vn 0.38934725772951406 -0.3300099754702297 0.8599430963666408
vn 0.37666863071857265 -0.25850080452198126 0.8895493672045885
vn 0.5044679479746087 -0.29055420333507004 0.8130746241216794
vn 0.49214442903182515 -0.2189264924955584 0.8425348965215215
vn 0.6111959781070528 -0.24737217904282507 0.7518287580169887
vn 0.599197779078542 -0.17560666565569027 0.7811045515964129
vn 0.7076951413927081 -0.20120016548253078 0.6772636711495436
vn 0.6959930315660727 -0.1292849002618057 0.7063137508046708
vn 0.6959930315660727 -0.1292849002618057 0.7063137508046708
vn 0.7076951413927081 -0.20120016548253078 0.6772636711495436
vn 0.7923160424674488 -0.15281831085405262 0.5906622154128651
vn 0.7808811143203865 -0.08075101303310177 0.6194384224375167
vn 0.8636361639216764 -0.10304140185176984 0.493472436789608
vn 0.8524168916336269 -0.03082957705535619 0.5219530438997873
vn 0.9204025845751187 -0.05275270572900941 0.3873967402362985
vn 0.9093601227604502 0.01961411770903593 0.4155471736392812
vn 0.03220355388954622 -0.3427603709840546 0.9388707361504866
vn 0.0459439862958217 -0.4140121647714922 0.9091111469696498
vn 0.9837575780274499 0.1768383404158119 0.030809560732787906
vn 0.9945700163785868 0.10399849398715029 0.003846526888297947
vn 0.9867006069661302 0.13664558827185502 -0.08803349032333767
vn 0.9758643688061338 0.20958062850148465 -0.06135710106848994
vn 0.9616586821812848 0.17698471717591066 -0.20949699012519885
vn 0.9507464235484014 0.2500493386074826 -0.18318451455263401
vn 0.9204025985921767 0.21305293920951712 -0.32782236287195937
vn 0.9093601488692734 0.2862399375980742 -0.3018788130563384
vn 0.8636361604771141 0.24424609325546737 -0.4409948165747416
vn 0.8524169257432765 0.31753135566666896 -0.41540248299073623
vn 0.7923160847191892 0.27002359277026833 -0.5471037207355578
vn 0.7808811558461074 0.3433924599965213 -0.5218297029318905
vn 0.7076950389234029 0.28994391233885575 -0.6442827481632899
vn 0.6959930797947225 0.3633751029945613 -0.6193158866051711
vn 0.6959930797947225 0.3633751029945613 -0.6193158866051711
vn 0.7076950389234029 0.28994391233885575 -0.6442827481632899
vn 0.6111958586515891 0.30367557426080755 -0.730904075761324
vn 0.5991978048491065 0.37714077121870393 -0.7062059397573585
vn 0.5044679205103358 0.310971561963187 -0.8054866881743938
vn 0.49214448808717376 0.3844542878370106 -0.7810177356559521
vn 0.3893472539636101 0.3117011884208814 -0.8667474170529765
vn 0.37666869371376777 0.3851894873809578 -0.8424664705418007
vn -0.9590222526114132 -0.28124687231998574 0.0343003761838908
vn -0.9758639033827942 -0.2095818014465113 0.061360496876505514
vn -0.9837578245802051 -0.17683571643444193 -0.030816748211644984
vn -0.9668911323025593 -0.24860467348764773 -0.05759561263477094
vn 0.3616712372914185 0.4563084697403691 -0.8130046104169996
vn 0.24012704476550467 0.45047567359523544 -0.8598899172981994
vn 0.4767921251964211 0.4555725367036781 -0.7517465883873741
vn 0.5835165608998116 0.448286787436976 -0.677161265405141
vn 0.6800142671757351 0.4345708652800472 -0.5905326066249
vn 0.7646350422549775 0.41465053012398306 -0.4933540209865817
vn 0.7808811558461074 0.3433924599965213 -0.5218297029318905
vn 0.6959930797947225 0.3633751029945613 -0.6193158866051711
vn 0.6800142671757351 0.4345708652800472 -0.5905326066249
vn 0.8359562255149249 0.38886200060703524 -0.3872512537187378
vn 0.8524169257432765 0.31753135566666896 -0.41540248299073623
vn 0.8927242458497157 0.35766582855704065 -0.27407768233597946
vn 0.9093601488692734 0.2862399375980742 -0.3018788130563384
vn 0.9339835704123433 0.32158026339236234 -0.15575886618844598
vn 0.9507464235484014 0.2500493386074826 -0.18318451455263401
vn 0.9590283854857713 0.28122585958604984 -0.03430119141724317
vn 0.9758643688061338 0.20958062850148465 -0.06135710106848994
vn 0.1284735206169919 -0.32377693492924514 0.9373702848437743
vn 0.11424042234795134 -0.25047547363290035 0.9613590187906575
vn -0.9590223791073321 -0.190583127367486 -0.20965244557157225
vn -0.9758638963746133 -0.11864012525581989 -0.18334169310836276
vn -0.9507444574751619 -0.06972167047145221 -0.30203288769094405
vn -0.9339810885897588 -0.14181292785156757 -0.3279762486078148
vn 0.8927242198217609 0.0918604439717863 0.44114071017866235
vn 0.9093601227604502 0.01961411770903593 0.4155471736392812
vn 0.9507464058892807 0.06972457170197316 0.3020260846178545
vn 0.9339835528074343 0.1418052179020362 0.32797256479918996
vn 0.8359562264169796 0.0415732654932205 0.547219198412221
vn 0.8524168916336269 -0.03082957705535619 0.5219530438997873
vn 0.7646350876100457 -0.008191221168535788 0.6444114265679542
vn 0.7808811143203865 -0.08075101303310177 0.6194384224375167
vn 0.6800145934624229 -0.056572799429586575 0.7310127707795778
vn 0.6959930315660727 -0.1292849002618057 0.7063137508046708
vn 0.5835168433244544 -0.10276152960862871 0.8055731882263455
vn 0.599197779078542 -0.17560666565569027 0.7811045515964129
vn 0.6959930315660727 -0.1292849002618057 0.7063137508046708
vn 0.6800145934624229 -0.056572799429586575 0.7310127707795778
vn 0.476792066323225 -0.14595309807480863 0.866814293060281
vn 0.49214442903182515 -0.2189264924955584 0.8425348965215215
vn 0.3616711928186411 -0.1854022859145069 0.9136848147270571
vn 0.37666863071857265 -0.25850080452198126 0.8895493672045885
vn 0.24012700659806066 -0.2204393520759077 0.9453811468178371
vn 0.2547494396548622 -0.29365138760886467 0.9213422738325436
vn -0.11424059461863018 0.25047876249320733 -0.9613581414233996
vn -0.018264744111725448 0.2694014874604377 -0.9628547334238103
vn -0.24013011535683182 0.2204435299042383 -0.9453793830109021
vn -0.36167140523602104 0.18540232024977868 -0.9136847236769368
vn -0.4767907034306974 0.14595053219859122 -0.8668154747540037
vn -0.5835111211442665 0.10275965742432132 -0.8055775718743646
vn -0.6800125586386577 0.056575416022562094 -0.7310144611398467
vn -0.764644994987756 0.008192121185617152 -0.6443996592105359
vn -0.7808864863833549 0.0807476317999629 -0.6194320909854092
vn -0.6959934715763083 0.12928467053540335 -0.706313359273142
vn -0.6800125586386577 0.056575416022562094 -0.7310144611398467
vn -0.835956846410897 -0.041570454834431926 -0.5472184648050596
vn -0.8524167733862961 0.030829669428850216 -0.5219532315568167
vn -0.892725567898392 -0.0918589788630749 -0.4411382871875062
vn -0.9093601642450343 -0.019614160131874586 -0.41554708085434283
vn 0.11424048973479864 0.4381645745564828 -0.8916058075791621
vn -0.11424066200549954 -0.43816151095219985 0.8916072910562309
vn -0.12847334312107014 -0.3669876816681356 0.9213113706077565
vn -0.254749478143682 -0.37933378601942247 0.8894990624894962
vn -0.24013012603686418 -0.45047135639986213 0.8598913185006513
vn -0.9339810099431363 -0.3215888440900371 0.1557565036280442
vn -0.9507444751347867 -0.250051584508768 0.183191561173908
vn -0.8927256142263328 -0.35766312400589867 0.2740767546337303
vn -0.9093602110961361 -0.2862398948931905 0.30187866610068037
vn -0.8359568804149407 -0.3888593594419154 0.38725249213057855
vn -0.8524168074959596 -0.3175314082688753 0.41540268542846565
vn -0.764645012001486 -0.4146421254443664 0.49334563282573574
vn -0.7808865279085907 -0.3433908856021751 0.521822699981727
vn -0.6800125431011527 -0.43456867865541104 0.5905362010552723
vn -0.6959935198049276 -0.36337502126113225 0.6193154400731663
vn -0.5835112576063282 -0.44828975985228325 0.6771638675079049
vn -0.5991938943366322 -0.37714117559242755 0.7062090417592108
vn -0.6959935198049276 -0.36337502126113225 0.6193154400731663
vn -0.6800125431011527 -0.43456867865541104 0.5905362010552723
vn -0.47679076230390804 -0.4555752515516689 0.7517458075408816
vn -0.49214448808717376 -0.3844542878370106 0.7810177356559521
vn -0.36167144281516866 -0.45630839542469254 0.8130045606987311
vn -0.37666869371376777 -0.3851894873809578 0.8424664705418007
vn 0.9758643599001335 0.11864144931954311 0.18333836908858203
vn 0.9590283272411956 0.19056736580487071 0.20963956363040576
vn 0.01385433956375721 0.2749036791854972 -0.9613719490631758
vn 0.013853987967657107 0.27490557076690814 -0.96137141323149
vn -0.018264812042886828 -0.4248089758143264 0.9050987408612506
vn -0.032203371040021515 -0.3535916817560073 0.9348453698268058
vn -3.4088600525444666e-8 -0.34836254856022847 0.9373598747336167
vn 0.013854076765843389 -0.4196728702392365 0.907569692388484
vn 0.013853920000586757 -0.41967207551947844 0.9075700622705611
vn -3.4088600525444666e-8 -0.34836254856022847 0.9373598747336167
vn -3.4088600525444666e-8 -0.34836254856022847 0.9373598747336167
vn 0.013854271596697538 -0.41967385793173945 0.9075692326909364
vn 0.013854144732908974 0.2749047273725256 -0.9613716521418535
vn -0.9668911752043768 -0.22587958637352712 -0.11874286408716575
vn -0.9837578223478312 -0.15404124627110097 -0.09215118782033557
vn 0.9948214011176696 0.10099355342767882 0.011431624745734071
vn 0.9904085982364541 0.12560747411785106 -0.05756362553762061
vn -0.6085780245709573 0.09111460599421604 -0.7882454672142618
vn -0.6244234691069774 0.16427867695173576 -0.7636149864476174
vn -0.6959923862169994 0.12928523719388607 -0.7063143250506022
vn -0.6799280615612461 0.056229369672839286 -0.7311197501693969
vn -0.5312311452851021 0.12442529440542206 -0.8380404622637281
vn -0.5468379399442528 0.19769148767329245 -0.8135639760578429
vn -0.967070526054617 -0.24598517033544307 -0.06531380873513312
vn -0.9625981696685657 -0.27090970582643775 0.003563009929838044
vn 0.9762797774700185 0.1569420412131756 -0.14915425506144048
vn -0.448642254440114 0.15583565311467568 -0.8800201001961346
vn -0.463989403088489 0.22919911545072952 -0.8556761065369249
vn -0.9670705544943969 -0.22893654057684623 -0.11118724305695024
vn -0.3615958586995874 0.18504695304945423 -0.9137866600790476
vn -0.37667157011582025 0.2584998792861988 -0.8895483914186477
vn 0.9904085860870426 0.057527403114174876 0.1256241636629045
vn 0.9948213751825482 0.08394705359531895 0.057300293826197134
vn -0.27093171024068363 0.2117749521425024 -0.939014045704908
vn -0.28572395754568986 0.2853118615219724 -0.9148546123616014
vn 0.9762798950887986 0.02143866489731774 0.21544825386348612
vn 0.9528832747501544 -0.015556086766141486 0.3029380677068269
vn 0.9204426335857587 -0.05310118924385797 0.38725395024273235
vn 0.013905636570719025 0.27462760931081803 -0.9614501076373062
vn 1.579569226925115e-7 0.3483625693911524 -0.9373598669919518
vn -0.09647603173293536 0.330460739501157 -0.9388759635593054
vn -0.08227189255772281 0.2567807987644292 -0.9629615553493671
vn 0.8792734803524672 -0.0908312503349721 0.46757655064325565
vn 0.11008368357905006 0.28912920774378703 -0.9509394743300531
vn 0.0964765919286469 0.3629095509753913 -0.9268165541360779
vn 0.8297698197575715 -0.1283858763082932 0.5431382079950176
vn 0.2053309834958928 -0.3810711922938186 0.901456562248219
vn 0.29874241672236035 -0.35708009725387796 0.8850123008162344
vn 0.20533431297906743 0.3001462066071896 -0.9315310379009005
vn 0.19202491091734497 0.37396163780028097 -0.9073473023274591
vn 0.7724035621354456 -0.1654078274768595 0.6132152866733351
vn 0.29874223685089796 0.30757513368101763 -0.903410545135724
vn 0.28572320546386454 0.3814121769622381 -0.879139921243701
vn 0.7077374254257472 -0.20153660265617582 0.6771194388300644
vn 0.3894074025749219 0.3113424427208358 -0.8668493284190028
vn 0.3766697860618862 0.38518951094256687 -0.842465971376838
vn 0.6363903932177486 -0.23642165359133574 0.7342425138421894
vn -0.1775194388941532 -0.44545331786439174 0.8775295951808749
vn -0.08227060998736087 -0.4344360254022515 0.89693750426939
vn 0.4764527691536057 0.31140886022312697 -0.8222027003971674
vn 0.4639896945311371 0.38525724880015044 -0.7976781403647972
vn 0.5590443854057389 -0.2697295883133993 0.7840378334842035
vn 0.6363903932177486 -0.23642165359133574 0.7342425138421894
vn -0.27093022168345443 -0.45288058392197555 0.8494092015542594
vn 0.5590436973231115 0.3077774695843623 -0.7698981580050392
vn 0.5468403236576522 0.38161473112430006 -0.7452085999308666
vn 0.47645224514398415 -0.30113922670221394 0.8260196270297998
vn -0.3615972597131816 -0.45664545257480343 0.8128482960618609
vn 0.6363909095146538 0.30048069381962683 -0.7104350518722928
vn 0.6244246832857911 0.37429704221906407 -0.6855622065790233
vn 0.38940857607962737 -0.3303496031631087 0.8597849152931294
vn -0.44864191869107856 -0.4567122233478736 0.7682020397251164
vn 0.7077371568854185 0.2895917590886885 -0.6443948555285521
vn 0.6959903223908623 0.3633756151874542 -0.6193186848670098
vn -0.5312345805113843 -0.45308229054396765 0.7158954242515629
vn 0.7724037523093277 0.275216931145622 -0.572405524282616
vn 0.7077371568854185 0.2895917590886885 -0.6443948555285521
vn 0.11008099429050225 -0.4020895602578479 0.9089588330764298
vn -0.6085797859311027 -0.4457871278460812 0.6564331502923926
vn 0.8297704641674923 0.25748829108157023 -0.49515730505684424
vn 0.013905582636981382 -0.41993396368923175 0.9074481257415087
vn -0.6799285159060163 -0.43489617444153045 0.5903918450605189
vn 0.8792729219119925 0.23658111385138159 -0.4134108191148202
vn -0.9625981929539794 -0.20282935270796124 -0.17962453229390077
vn -0.7445934270536722 -0.42051937229238845 0.5184053297520035
vn 0.9204421548278847 0.21269809803693418 -0.3279417001652447
vn -0.9484697763681272 -0.16674390928068913 -0.26944675175995
vn -0.8019564905743828 -0.4027945004470848 0.4411602629829701
vn -0.7445934270536722 -0.42051937229238845 0.5184053297520035
vn 0.9528828376204898 0.186066666552463 -0.23956939154737233
vn -0.9250720261649411 -0.1297481382829379 -0.356941405582488
vn -0.8514619437385932 -0.3818888805420463 0.3594070690501779
vn -0.8926309828304103 -0.09220617687387968 -0.4412572372636153
vn -0.8926308547470174 -0.35800517528051884 0.2739387734987033
vn -0.8514605795052369 -0.05447358876567701 -0.521581738249715
vn -0.9250709387430607 -0.33137231237737474 0.18556979517880517
vn -0.8019577096611962 -0.016914747396476935 -0.5971412925225333
vn -0.9484691813933136 -0.30224585697155715 0.09515069043694094
vn -0.7445949515083169 0.020105011487917365 -0.6672137189097642
vn -0.6799280615612461 0.056229369672839286 -0.7311197501693969
vn -0.17752391690771802 0.23576221856700527 -0.9554587564212833
vn -0.19202448586978435 0.30937610399211357 -0.9313501076958686
f 1/1/1 2/2/2 3/3/3
f 1/1/1 3/3/3 4/4/4
f 5/5/5 6/6/6 7/7/7
f 5/5/5 7/7/7 8/8/8
f 8/8/8 7/7/7 9/9/9
f 8/8/8 9/9/9 10/10/10
f 4/4/4 3/3/3 11/11/11
f 4/4/4 11/11/11 12/12/12
f 13/13/13 14/14/14 15/15/15
f 13/13/13 15/15/15 16/16/16
f 17/17/17 18/18/18 19/19/19
f 17/17/17 19/19/19 20/20/20
f 21/21/21 22/22/22 23/23/23
f 21/21/21 23/23/23 24/24/24
f 20/20/20 19/19/19 25/25/25
f 20/20/20 25/25/25 26/26/26
f 27/27/27 28/28/28 29/29/29
f 27/27/27 29/29/29 30/30/30
f 24/24/24 23/23/23 31/31/31
f 24/24/24 31/31/31 32/32/32
f 26/26/26 25/25/25 33/33/33
f 26/26/26 33/33/33 34/34/34
f 35/35/35 36/36/36 37/37/37
f 35/35/35 37/37/37 38/38/38
f 32/32/32 31/31/31 39/39/39
f 32/32/32 39/39/39 40/40/40
f 34/34/34 33/33/33 41/41/41
f 34/34/34 41/41/41 42/42/42
f 40/40/40 39/39/39 43/43/43
f 40/40/40 43/43/43 44/44/44
f 42/42/42 41/41/41 45/45/45
f 42/42/42 45/45/45 46/46/46
f 47/47/47 48/48/48 49/49/49
f 47/47/47 49/49/49 50/50/50
f 44/44/44 43/43/43 51/51/51
f 44/44/44 51/51/51 52/52/52
f 46/46/46 45/45/45 53/53/53
f 46/46/46 53/53/53 54/54/54
f 50/50/50 49/49/49 55/55/55
f 50/50/50 55/55/55 56/56/56
f 52/52/52 51/51/51 57/57/57
f 52/52/52 57/57/57 58/58/58
f 54/54/54 53/53/53 59/59/59
f 54/54/54 59/59/59 60/60/60
f 56/56/56 55/55/55 61/61/61
f 56/56/56 61/61/61 62/62/62
f 63/63/63 64/64/64 65/65/65
f 63/63/63 65/65/65 66/66/66
f 60/60/60 59/59/59 67/67/67
f 60/60/60 67/67/67 68/68/68
f 62/62/62 61/61/61 69/69/69
f 62/62/62 69/69/69 70/70/70
f 66/66/66 65/65/65 71/71/71
f 66/66/66 71/71/71 72/72/72
f 16/16/16 15/15/15 73/73/73
f 16/16/16 73/73/73 74/74/74
f 70/70/70 69/69/69 75/75/75
f 70/70/70 75/75/75 76/76/76
f 72/72/72 71/71/71 77/77/77
f 72/72/72 77/77/77 78/78/78
f 74/74/74 73/73/73 79/79/79
f 74/74/74 79/79/79 80/80/80
f 76/76/76 75/75/75 81/81/81
f 76/76/76 81/81/81 82/82/82
f 78/78/78 77/77/77 83/83/83
f 78/78/78 83/83/83 84/84/84
f 85/85/85 86/86/86 87/87/87
f 85/85/85 87/87/87 88/88/88
f 89/89/89 90/90/90 91/91/91
f 89/89/89 91/91/91 92/92/92
f 84/84/84 83/83/83 93/93/93
f 84/84/84 93/93/93 94/94/94
f 88/88/88 87/87/87 95/95/95
f 88/88/88 95/95/95 96/96/96
f 92/92/92 91/91/91 97/97/97
f 92/92/92 97/97/97 98/98/98
f 94/94/94 93/93/93 99/99/99
f 94/94/94 99/99/99 100/100/100
f 96/96/96 95/95/95 101/101/101
f 96/96/96 101/101/101 102/102/102
f 98/98/98 97/97/97 103/103/103
f 98/98/98 103/103/103 104/104/104
f 100/100/100 99/99/99 105/105/105
f 100/100/100 105/105/105 106/106/106
f 102/102/102 101/101/101 107/107/107
f 102/102/102 107/107/107 108/108/108
f 104/104/104 103/103/103 109/109/109
f 104/104/104 109/109/109 110/110/110
f 106/106/106 105/105/105 14/14/14
f 106/106/106 14/14/14 13/13/13
f 111/111/111 112/112/112 113/113/113
f 111/111/111 113/113/113 114/114/114
f 110/110/110 109/109/109 115/115/115
f 110/110/110 115/115/115 116/116/116
f 117/117/117 118/118/118 28/28/28
f 117/117/117 28/28/28 27/27/27
f 114/114/114 113/113/113 119/119/119
f 114/114/114 119/119/119 120/120/120
f 116/116/116 115/115/115 121/121/121
f 116/116/116 121/121/121 122/122/122
f 120/120/120 119/119/119 123/123/123
f 120/120/120 123/123/123 124/124/124
f 122/122/122 121/121/121 125/125/125
f 122/122/122 125/125/125 126/126/126
f 80/80/80 79/79/79 86/86/86
f 80/80/80 86/86/86 85/85/85
f 124/124/124 123/123/123 127/127/127
f 124/124/124 127/127/127 128/128/128
f 126/126/126 125/125/125 129/129/129
f 126/126/126 129/129/129 130/130/130
f 131/131/131 132/132/132 133/133/133
f 131/131/131 133/133/133 134/134/134
f 128/128/128 127/127/127 135/135/135
f 128/128/128 135/135/135 136/136/136
f 130/130/130 129/129/129 2/2/2
f 130/130/130 2/2/2 1/1/1
f 137/137/137 138/138/138 139/139/139
f 137/137/137 139/139/139 140/140/140
f 136/136/136 135/135/135 141/141/141
f 136/136/136 141/141/141 142/142/142
f 30/30/30 29/29/29 143/143/143
f 30/30/30 143/143/143 144/144/144
f 142/142/142 141/141/141 145/145/145
f 142/142/142 145/145/145 146/146/146
f 147/147/147 148/148/148 149/149/149
f 147/147/147 149/149/149 150/150/150
f 146/146/146 145/145/145 151/151/151
f 146/146/146 151/151/151 152/152/152
f 12/12/12 11/11/11 153/153/153
f 12/12/12 153/153/153 154/154/154
f 152/152/152 151/151/151 132/132/132
f 152/152/152 132/132/132 131/131/131
f 154/154/154 153/153/153 155/155/155
f 154/154/154 155/155/155 156/156/156
f 68/68/68 67/67/67 157/157/157
f 68/68/68 157/157/157 158/158/158
f 156/156/156 155/155/155 159/159/159
f 156/156/156 159/159/159 160/160/160
f 161/161/161 162/162/162 48/48/48
f 161/161/161 48/48/48 47/47/47
f 158/158/158 157/157/157 22/22/22
f 158/158/158 22/22/22 21/21/21
f 160/160/160 159/159/159 163/163/163
f 160/160/160 163/163/163 164/164/164
f 150/150/150 149/149/149 165/165/165
f 150/150/150 165/165/165 166/166/166
f 164/164/164 163/163/163 167/167/167
f 164/164/164 167/167/167 168/168/168
f 169/169/169 170/170/170 171/171/171
f 169/169/169 171/171/171 172/172/172
f 173/173/173 174/174/174 170/170/170
f 173/173/173 170/170/170 169/169/169
f 175/175/175 176/176/176 177/177/177
f 175/175/175 177/177/177 178/178/178
f 178/178/178 177/177/177 179/179/179
f 178/178/178 179/179/179 180/180/180
f 180/180/180 179/179/179 181/181/181
f 180/180/180 181/181/181 182/182/182
f 182/182/182 181/181/181 183/183/183
f 182/182/182 183/183/183 184/184/184
f 185/185/185 186/186/186 187/187/187
f 185/185/185 187/187/187 188/188/188
f 188/188/188 187/187/187 189/189/189
f 188/188/188 189/189/189 190/190/190
f 190/190/190 189/189/189 191/191/191
f 190/190/190 191/191/191 192/192/192
f 192/192/192 191/191/191 193/193/193
f 192/192/192 193/193/193 194/194/194
f 194/194/194 193/193/193 195/195/195
f 194/194/194 195/195/195 196/196/196
f 144/144/144 143/143/143 176/176/176
f 144/144/144 176/176/176 175/175/175
f 197/197/197 198/198/198 199/199/199
f 197/197/197 199/199/199 38/38/38
f 200/200/200 201/201/201 198/198/198
f 200/200/200 198/198/198 197/197/197
f 202/202/202 203/203/203 204/204/204
f 202/202/202 204/204/204 205/205/205
f 205/205/205 204/204/204 206/206/206
f 205/205/205 206/206/206 207/207/207
f 207/207/207 206/206/206 208/208/208
f 207/207/207 208/208/208 209/209/209
f 209/209/209 208/208/208 210/210/210
f 209/209/209 210/210/210 211/211/211
f 212/212/212 213/213/213 214/214/214
f 212/212/212 214/214/214 215/215/215
f 215/215/215 214/214/214 216/216/216
f 215/215/215 216/216/216 217/217/217
f 217/217/217 216/216/216 218/218/218
f 217/217/217 218/218/218 219/219/219
f 219/219/219 218/218/218 220/220/220
f 219/219/219 220/220/220 221/221/221
f 221/221/221 220/220/220 222/222/222
f 221/221/221 222/222/222 223/223/223
f 223/223/223 222/222/222 148/148/148
f 223/223/223 148/148/148 147/147/147
f 224/224/224 225/225/225 226/226/226
f 224/224/224 226/226/226 227/227/227
f 228/228/228 229/229/229 230/230/230
f 228/228/228 230/230/230 231/231/231
f 231/231/231 230/230/230 232/232/232
f 231/231/231 232/232/232 233/233/233
f 233/233/233 232/232/232 234/234/234
f 233/233/233 234/234/234 235/235/235
f 235/235/235 234/234/234 236/236/236
f 235/235/235 236/236/236 237/237/237
f 237/237/237 236/236/236 238/238/238
f 237/237/237 238/238/238 239/239/239
f 240/240/240 241/241/241 242/242/242
f 240/240/240 242/242/242 243/243/243
f 243/243/243 242/242/242 244/244/244
f 243/243/243 244/244/244 245/245/245
f 245/245/245 244/244/244 246/246/246
f 245/245/245 246/246/246 247/247/247
f 247/247/247 246/246/246 174/174/174
f 247/247/247 174/174/174 173/173/173
f 10/10/10 9/9/9 203/203/203
f 10/10/10 203/203/203 202/202/202
f 248/248/248 249/249/249 229/229/229
f 248/248/248 229/229/229 228/228/228
f 250/250/250 251/251/251 252/252/252
f 250/250/250 252/252/252 253/253/253
f 253/253/253 252/252/252 254/254/254
f 253/253/253 254/254/254 255/255/255
f 255/255/255 254/254/254 256/256/256
f 255/255/255 256/256/256 257/257/257
f 257/257/257 256/256/256 258/258/258
f 257/257/257 258/258/258 259/259/259
f 259/259/259 258/258/258 260/260/260
f 259/259/259 260/260/260 261/261/261
f 261/261/261 260/260/260 262/262/262
f 261/261/261 262/262/262 263/263/263
f 264/264/264 265/265/265 266/266/266
f 264/264/264 266/266/266 267/267/267
f 267/267/267 266/266/266 268/268/268
f 267/267/267 268/268/268 269/269/269
f 269/269/269 268/268/268 270/270/270
f 269/269/269 270/270/270 271/271/271
f 271/271/271 270/270/270 201/201/201
f 271/271/271 201/201/201 200/200/200
f 272/272/272 273/273/273 274/274/274
f 272/272/272 274/274/274 275/275/275
f 196/196/196 195/195/195 6/6/6
f 196/196/196 6/6/6 5/5/5
f 134/134/134 133/133/133 162/162/162
f 134/134/134 162/162/162 161/161/161
f 276/276/276 271/271/271 200/200/200
f 276/276/276 200/200/200 277/277/277
f 278/278/278 269/269/269 271/271/271
f 278/278/278 271/271/271 276/276/276
f 279/279/279 267/267/267 269/269/269
f 279/279/279 269/269/269 278/278/278
f 280/280/280 264/264/264 267/267/267
f 280/280/280 267/267/267 279/279/279
f 281/281/281 282/282/282 283/283/283
f 281/281/281 283/283/283 284/284/284
f 285/285/285 286/286/286 282/282/282
f 285/285/285 282/282/282 281/281/281
f 287/287/287 288/288/288 286/286/286
f 287/287/287 286/286/286 285/285/285
f 289/289/289 290/290/290 288/288/288
f 289/289/289 288/288/288 287/287/287
f 291/291/291 292/292/292 290/290/290
f 291/291/291 290/290/290 289/289/289
f 225/225/225 224/224/224 292/292/292
f 225/225/225 292/292/292 291/291/291
f 138/138/138 137/137/137 293/293/293
f 138/138/138 293/293/293 294/294/294
f 295/295/295 296/296/296 297/297/297
f 295/295/295 297/297/297 298/298/298
f 299/299/299 300/300/300 301/301/301
f 299/299/299 301/301/301 302/302/302
f 303/303/303 304/304/304 300/300/300
f 303/303/303 300/300/300 299/299/299
f 305/305/305 306/306/306 304/304/304
f 305/305/305 304/304/304 303/303/303
f 307/307/307 308/308/308 306/306/306
f 307/307/307 306/306/306 305/305/305
f 309/309/309 310/310/310 311/311/311
f 309/309/309 311/311/311 312/312/312
f 313/313/313 314/314/314 310/310/310
f 313/313/313 310/310/310 309/309/309
f 315/315/315 316/316/316 314/314/314
f 315/315/315 314/314/314 313/313/313
f 317/317/317 318/318/318 316/316/316
f 317/317/317 316/316/316 315/315/315
f 294/294/294 293/293/293 318/318/318
f 294/294/294 318/318/318 317/317/317
f 251/251/251 250/250/250 172/172/172
f 251/251/251 172/172/172 171/171/171
f 319/319/319 223/223/223 147/147/147
f 319/319/319 147/147/147 320/320/320
f 321/321/321 221/221/221 223/223/223
f 321/321/321 223/223/223 319/319/319
f 322/322/322 219/219/219 221/221/221
f 322/322/322 221/221/221 321/321/321
f 323/323/323 217/217/217 219/219/219
f 323/323/323 219/219/219 322/322/322
f 324/324/324 215/215/215 217/217/217
f 324/324/324 217/217/217 323/323/323
f 325/325/325 212/212/212 215/215/215
f 325/325/325 215/215/215 324/324/324
f 326/326/326 327/327/327 328/328/328
f 326/326/326 328/328/328 329/329/329
f 330/330/330 331/331/331 327/327/327
f 330/330/330 327/327/327 326/326/326
f 332/332/332 333/333/333 331/331/331
f 332/332/332 331/331/331 330/330/330
f 298/298/298 297/297/297 333/333/333
f 298/298/298 333/333/333 332/332/332
f 277/277/277 200/200/200 197/197/197
f 277/277/277 197/197/197 334/334/334
f 334/334/334 197/197/197 38/38/38
f 334/334/334 38/38/38 37/37/37
f 335/335/335 336/336/336 337/337/337
f 335/335/335 337/337/337 338/338/338
f 339/339/339 340/340/340 273/273/273
f 339/339/339 273/273/273 272/272/272
f 341/341/341 342/342/342 340/340/340
f 341/341/341 340/340/340 339/339/339
f 343/343/343 344/344/344 342/342/342
f 343/343/343 342/342/342 341/341/341
f 345/345/345 346/346/346 344/344/344
f 345/345/345 344/344/344 343/343/343
f 347/347/347 348/348/348 346/346/346
f 347/347/347 346/346/346 345/345/345
f 349/349/349 350/350/350 351/351/351
f 349/349/349 351/351/351 352/352/352
f 353/353/353 354/354/354 350/350/350
f 353/353/353 350/350/350 349/349/349
f 355/355/355 356/356/356 354/354/354
f 355/355/355 354/354/354 353/353/353
f 338/338/338 337/337/337 356/356/356
f 338/338/338 356/356/356 355/355/355
f 302/302/302 301/301/301 357/357/357
f 302/302/302 357/357/357 358/358/358
f 358/358/358 357/357/357 227/227/227
f 358/358/358 227/227/227 226/226/226
f 359/359/359 150/150/150 166/166/166
f 359/359/359 166/166/166 360/360/360
f 320/320/320 147/147/147 150/150/150
f 320/320/320 150/150/150 359/359/359
f 361/361/361 362/362/362 336/336/336
f 361/361/361 336/336/336 335/335/335
f 249/249/249 248/248/248 363/363/363
f 249/249/249 363/363/363 364/364/364
f 365/365/365 366/366/366 367/367/367
f 365/365/365 367/367/367 368/368/368
f 369/369/369 35/35/35 38/38/38
f 369/369/369 38/38/38 199/199/199
f 368/368/368 367/367/367 362/362/362
f 368/368/368 362/362/362 361/361/361
f 370/370/370 371/371/371 296/296/296
f 370/370/370 296/296/296 295/295/295
f 275/275/275 274/274/274 371/371/371
f 275/275/275 371/371/371 370/370/370
f 372/372/372 134/134/134 161/161/161
f 372/372/372 161/161/161 373/373/373
f 374/374/374 375/375/375 376/376/376
f 374/374/374 376/376/376 377/377/377
f 378/378/378 379/379/379 375/375/375
f 378/378/378 375/375/375 374/374/374
f 380/380/380 158/158/158 21/21/21
f 380/380/380 21/21/21 381/381/381
f 373/373/373 161/161/161 47/47/47
f 373/373/373 47/47/47 382/382/382
f 383/383/383 384/384/384 379/379/379
f 383/383/383 379/379/379 378/378/378
f 385/385/385 68/68/68 158/158/158
f 385/385/385 158/158/158 380/380/380
f 386/386/386 387/387/387 384/384/384
f 386/386/386 384/384/384 383/383/383
f 388/388/388 152/152/152 131/131/131
f 388/388/388 131/131/131 389/389/389
f 390/390/390 391/391/391 387/387/387
f 390/390/390 387/387/387 386/386/386
f 392/392/392 146/146/146 152/152/152
f 392/392/392 152/152/152 388/388/388
f 393/393/393 142/142/142 146/146/146
f 393/393/393 146/146/146 392/392/392
f 394/394/394 136/136/136 142/142/142
f 394/394/394 142/142/142 393/393/393
f 395/395/395 396/396/396 397/397/397
f 395/395/395 397/397/397 398/398/398
f 399/399/399 128/128/128 136/136/136
f 399/399/399 136/136/136 394/394/394
f 389/389/389 131/131/131 134/134/134
f 389/389/389 134/134/134 372/372/372
f 400/400/400 401/401/401 396/396/396
f 400/400/400 396/396/396 395/395/395
f 402/402/402 124/124/124 128/128/128
f 402/402/402 128/128/128 399/399/399
f 403/403/403 80/80/80 85/85/85
f 403/403/403 85/85/85 404/404/404
f 405/405/405 406/406/406 401/401/401
f 405/405/405 401/401/401 400/400/400
f 407/407/407 120/120/120 124/124/124
f 407/407/407 124/124/124 402/402/402
f 408/408/408 409/409/409 406/406/406
f 408/408/408 406/406/406 405/405/405
f 410/410/410 114/114/114 120/120/120
f 410/410/410 120/120/120 407/407/407
f 411/411/411 412/412/412 409/409/409
f 411/411/411 409/409/409 408/408/408
f 413/413/413 111/111/111 114/114/114
f 413/413/413 114/114/114 410/410/410
f 414/414/414 106/106/106 13/13/13
f 414/414/414 13/13/13 415/415/415
f 416/416/416 417/417/417 412/412/412
f 416/416/416 412/412/412 411/411/411
f 418/418/418 102/102/102 108/108/108
f 418/418/418 108/108/108 419/419/419
f 420/420/420 100/100/100 106/106/106
f 420/420/420 106/106/106 414/414/414
f 421/421/421 422/422/422 417/417/417
f 421/421/421 417/417/417 416/416/416
f 423/423/423 96/96/96 102/102/102
f 423/423/423 102/102/102 418/418/418
f 424/424/424 94/94/94 100/100/100
f 424/424/424 100/100/100 420/420/420
f 425/425/425 426/426/426 422/422/422
f 425/425/425 422/422/422 421/421/421
f 427/427/427 88/88/88 96/96/96
f 427/427/427 96/96/96 423/423/423
f 428/428/428 84/84/84 94/94/94
f 428/428/428 94/94/94 424/424/424
f 429/429/429 430/430/430 426/426/426
f 429/429/429 426/426/426 425/425/425
f 404/404/404 85/85/85 88/88/88
f 404/404/404 88/88/88 427/427/427
f 431/431/431 78/78/78 84/84/84
f 431/431/431 84/84/84 428/428/428
f 432/432/432 76/76/76 82/82/82
f 432/432/432 82/82/82 433/433/433
f 434/434/434 74/74/74 80/80/80
f 434/434/434 80/80/80 403/403/403
f 435/435/435 72/72/72 78/78/78
f 435/435/435 78/78/78 431/431/431
f 436/436/436 70/70/70 76/76/76
f 436/436/436 76/76/76 432/432/432
f 437/437/437 16/16/16 74/74/74
f 437/437/437 74/74/74 434/434/434
f 438/438/438 66/66/66 72/72/72
f 438/438/438 72/72/72 435/435/435
f 439/439/439 62/62/62 70/70/70
f 439/439/439 70/70/70 436/436/436
f 440/440/440 60/60/60 68/68/68
f 440/440/440 68/68/68 385/385/385
f 441/441/441 63/63/63 66/66/66
f 441/441/441 66/66/66 438/438/438
f 442/442/442 56/56/56 62/62/62
f 442/442/442 62/62/62 439/439/439
f 443/443/443 54/54/54 60/60/60
f 443/443/443 60/60/60 440/440/440
f 444/444/444 52/52/52 58/58/58
f 444/444/444 58/58/58 445/445/445
f 446/446/446 50/50/50 56/56/56
f 446/446/446 56/56/56 442/442/442
f 447/447/447 46/46/46 54/54/54
f 447/447/447 54/54/54 443/443/443
f 448/448/448 44/44/44 52/52/52
f 448/448/448 52/52/52 444/444/444
f 382/382/382 47/47/47 50/50/50
f 382/382/382 50/50/50 446/446/446
f 449/449/449 42/42/42 46/46/46
f 449/449/449 46/46/46 447/447/447
f 450/450/450 40/40/40 44/44/44
f 450/450/450 44/44/44 448/448/448
f 451/451/451 34/34/34 42/42/42
f 451/451/451 42/42/42 449/449/449
f 452/452/452 32/32/32 40/40/40
f 452/452/452 40/40/40 450/450/450
f 453/453/453 26/26/26 34/34/34
f 453/453/453 34/34/34 451/451/451
f 454/454/454 24/24/24 32/32/32
f 454/454/454 32/32/32 452/452/452
f 455/455/455 20/20/20 26/26/26
f 455/455/455 26/26/26 453/453/453
f 381/381/381 21/21/21 24/24/24
f 381/381/381 24/24/24 454/454/454
f 456/456/456 17/17/17 20/20/20
f 456/456/456 20/20/20 455/455/455
f 415/415/415 13/13/13 16/16/16
f 415/415/415 16/16/16 437/437/437
f 457/457/457 458/458/458 391/391/391
f 457/457/457 391/391/391 390/390/390
f 398/398/398 397/397/397 458/458/458
f 398/398/398 458/458/458 457/457/457
o Circle001_Material001_0
usemtl Material.001
v -0.17231990820845292 -0.032834651726242545 0.04218422922240092
v -0.172367311872155 -0.032501168292166364 0.041262492377322234
v -0.1726755327694887 -0.03167140106770864 0.04157471599952423
v -0.17262761576166258 -0.03200856165224881 0.042506611546979475
v -0.17324264656559454 -0.03097398144286237 0.04184506624621989
v -0.17319320419234613 -0.031321809979395994 0.042806452257750406
v -0.17319320419234613 -0.031321809979395994 0.042806452257750406
v -0.17324264656559454 -0.03097398144286237 0.04184506624621989
v -0.17401310024707844 -0.030477170685132345 0.042047081432109897
v -0.17396131115781602 -0.030841619395235324 0.043054396904206815
v -0.1749115179469812 -0.03022960639644002 0.04216099274640846
v -0.17485675146176138 -0.0306149919560098 0.043226177619095314
v -0.1758499233767794 -0.0302555172659379 0.042175641750981555
v -0.17579185682214912 -0.030664113577292096 0.04330498072698369
v -0.17217818116066438 -0.03314898430126492 0.04310301262337695
v -0.17248380600241967 -0.03232751566404298 0.043438902728201084
v -0.17304333696950364 -0.03165417111425792 0.04377793840251096
v -0.17304333696950364 -0.03165417111425792 0.04377793840251096
v -0.17380202773248196 -0.0311948688739282 0.044086937943312594
v -0.1746856024479292 -0.030994561640717337 0.04433565083163746
v -0.17560755152539548 -0.031072858189956684 0.0444997321963211
v -0.1719434800911366 -0.03344113558299931 0.044009993483132864
v -0.17224564352479077 -0.032623959195868156 0.044359215640172575
v -0.1727951716091479 -0.03196308054947162 0.044736945588492075
v -0.1727951716091479 -0.03196308054947162 0.044736945588492075
v -0.1735382713686954 -0.031523190894875916 0.04510620916012624
v -0.17440219232628898 -0.031347343885148767 0.045430860393866276
v -0.1753023609332989 -0.031452756387878075 0.04567912130050994
v -0.17161806371532431 -0.03370829295063489 0.04489644046768667
v -0.17191546037915365 -0.03289504653833778 0.045258692147732524
v -0.1724510988295853 -0.03224556617791864 0.045674245360399594
v -0.1724510988295853 -0.03224556617791864 0.045674245360399594
v -0.17317256478761195 -0.031823427909620804 0.04610241513929098
v -0.1740092344887822 -0.03166995106012455 0.04650129360229353
v -0.17487920377556923 -0.031800161781662964 0.046831833324756725
v -0.17120507076782127 -0.03394788391647564 0.04575381517022632
v -0.17149639530009766 -0.03313815978245067 0.04612867162625561
v -0.17201441870223239 -0.032498900958687 0.04658080035676283
v -0.17201441870223239 -0.032498900958687 0.04658080035676283
v -0.17270844273239583 -0.032092684701732856 0.04706594514256086
v -0.1735105276842862 -0.03195926760571909 0.047536610863300556
v -0.17434217214076544 -0.03211171874370193 0.04794673163991073
v -0.17070849066839253 -0.034157602338886275 0.04657385775095668
v -0.17099251104231106 -0.03335096099574738 0.04696077092670479
v -0.17148934065162025 -0.0327206470406248 0.04744788303581027
v -0.17148934065162025 -0.0327206470406248 0.04744788303581027
v -0.17215037863329746 -0.03232836666639178 0.047987513877730224
v -0.17291088268369365 -0.032212507777116366 0.04852683884113063
v -0.17369642880740496 -0.03238442170969134 0.04901307014349038
v -0.17013309018704995 -0.03433542853335235 0.047348678818903735
v -0.170408647710729 -0.03353140000064086 0.04774698084080163
v -0.17088093945444055 -0.03290867561548569 0.04826715175617723
v -0.17088093945444055 -0.03290867561548569 0.04826715175617723
v -0.1715037259397151 -0.032528208876750765 0.04885826992345239
v -0.17221604894498863 -0.032427240946676296 0.04946247630744329
v -0.1729481925769828 -0.03261566202664727 0.050020626869982335
v -0.16948439877706845 -0.03447964367670479 0.04807080574377564
v -0.16975042276053592 -0.033677736436193186 0.048479725463964285
v -0.1701950379036632 -0.03306116405633226 0.049030703505479604
v -0.1701950379036632 -0.03306116405633226 0.049030703505479604
v -0.17077473278718103 -0.03269028374148867 0.0496698087803164
v -0.1714327439472172 -0.03260139134602017 0.05033447834021773
v -0.17210466493904197 -0.03280319485615094 0.05095965270320732
v -0.16876869390800442 -0.03458886757087287 0.04873329182269911
v -0.16948439877706845 -0.03447964367670479 0.04807080574377564
v -0.16975042276053592 -0.033677736436193186 0.048479725463964285
v -0.16902420166319743 -0.03378856726881325 0.04915195132709191
v -0.1701950379036632 -0.03306116405633226 0.049030703505479604
v -0.16943828014346843 -0.033176653671570654 0.04973119153476084
v -0.16943828014346843 -0.033176653671570654 0.04973119153476084
v -0.16997040999449675 -0.03281302941820851 0.050414317306469565
v -0.17056849185365383 -0.032733282310362564 0.05113445846372213
v -0.1711740007372118 -0.032945226381618814 0.05182112113723064
v -0.16799285439584166 -0.034662044359438066 0.04932975338245196
v -0.16823695123660706 -0.033862817699816826 0.04975717846654734
v -0.16861792633145062 -0.03325402555532079 0.05036186612741751
v -0.16861792633145062 -0.03325402555532079 0.05036186612741751
v -0.16909850172976426 -0.03289526434661937 0.05108462793002676
v -0.16963162351180247 -0.03282164666052407 0.051854716584013846
v -0.1701651028314108 -0.03304038187216341 0.05259674809366253
v -0.1671643457360087 -0.03469846861162275 0.04985444751876183
v -0.16739626897906038 -0.0338997785423077 0.05028958588924866
v -0.16774189663957811 -0.033292540430843426 0.05091665914761759
v -0.16774189663957811 -0.033292540430843426 0.05091665914761759
v -0.16816741217546038 -0.03293619827533536 0.05167428608731194
v -0.16863117378450004 -0.032865631498886806 0.052488304768589865
v -0.16908776876770357 -0.03308774851657418 0.053279031642051056
v -0.1662911614354385 -0.03469779232687724 0.050302321158186884
v -0.16651023639940063 -0.03389908934222837 0.05074404169102666
v -0.16681860991735373 -0.03329182319829966 0.051390225551143746
v -0.16681860991735373 -0.03329182319829966 0.051390225551143746
v -0.1671861175265262 -0.03293543822662553 0.052177611593897985
v -0.16757674954705076 -0.032864812347525675 0.05302913327069662
v -0.16795229476969806 -0.03308686592764806 0.05386143039531054
v -0.16538169100970038 -0.03466001830898571 0.050669061211425226
v -0.1655873896830504 -0.03386075940029979 0.05111617472872179
v -0.16585696902483152 -0.03325188252998182 0.051778003665004485
v -0.16585696902483152 -0.03325188252998182 0.051778003665004485
v -0.1661640339874992 -0.03289298706152615 0.05258976276566608
v -0.16647851502024108 -0.03281919846817192 0.05347199239762829
v -0.16676963707538497 -0.033037745487684705 0.05433833247469073
v -0.16444470531601613 -0.03458551327253928 0.05095113739323836
v -0.16463663169009946 -0.03378516205700708 0.05140240456378616
v -0.16486622882974894 -0.033173106839922584 0.05207627232461855
v -0.16486622882974894 -0.033173106839922584 0.05207627232461855
v -0.16511101777251502 -0.03280925775510807 0.05290677483011852
v -0.16534703043350146 -0.03272922779198519 0.053812621957070275
v -0.1655511772653727 -0.03294085813653548 0.05470514350723658
v -0.16348922455039097 -0.03447499213278091 0.05114582793219794
v -0.16366711461942082 -0.03367301625798407 0.05159995228760702
v -0.16385595220656923 -0.03305624520449319 0.0522821221963969
v -0.16385595220656923 -0.03305624520449319 0.0522821221963969
v -0.1640372624364083 -0.032685052237400786 0.053125555867278774
v -0.16419329602586274 -0.03259577172368811 0.05404770152320448
v -0.16430876626384383 -0.03279714436674426 0.05495829085964358
v -0.1625244595796731 -0.03432952241468925 0.05125126164869147
v -0.16268816667374678 -0.03352541055832805 0.051706942879123495
v -0.16283584869964618 -0.032902433438213335 0.052393609030586784
v -0.16283584869964618 -0.032902433438213335 0.052393609030586784
v -0.1629530495359646 -0.032521575265430265 0.053244052546449906
v -0.16302829736941085 -0.03242011448196163 0.054175029006893034
v -0.16305422566105354 -0.03260798356880208 0.05509539797458616
v -0.16155969460566955 -0.03415050322285999 0.05126642179637063
v -0.16170921872473826 -0.03334375704832931 0.051722318997817214
v -0.16181574518924854 -0.032713143739354245 0.052409633276804854
v -0.16181574518924854 -0.032713143739354245 0.052409633276804854
v -0.16186883663182777 -0.032320388228170134 0.05326108050511169
v -0.1618632987089905 -0.032203936245032365 0.05419332423339994
v -0.1617996850539903 -0.03237519236288149 0.05511510615004479
v -0.16060421383021903 -0.033939658099782805 0.05119116461326756
v -0.1607397016440901 -0.03312981561570052 0.05164595914242567
v -0.16080546855568048 -0.03249020908112524 0.05233006614329886
v -0.16080546855568048 -0.03249020908112524 0.05233006614329886
v -0.1607950812846801 -0.032083447031073076 0.05317651692975049
v -0.16070956428948843 -0.031949346746898484 0.05410246285930894
v -0.16055727403968617 -0.03210103379569712 0.05501725791050745
v -0.15966722812026404 -0.033699017502105556 0.05102620993741095
v -0.15978894363462873 -0.03288563515170503 0.05147857232565413
v -0.15981472834339305 -0.032235759355753055 0.05215563820445772
v -0.15981472834339305 -0.032235759355753055 0.05215563820445772
v -0.15974206505140998 -0.03181300501443829 0.05299112997518705
v -0.15957807968310053 -0.031658752761354055 0.05390326332143854
v -0.15933881420851553 -0.031788104548718096 0.054802752136044026
v -0.15875775767196704 -0.03343090036601891 0.050773152032149445
v -0.158866096895388 -0.03261357625772008 0.05122179693985496
v -0.15885308742701776 -0.0319522618626953 0.051888063451971334
v -0.15885308742701776 -0.0319522618626953 0.051888063451971334
v -0.1587199814870307 -0.03151168874701085 0.0527067373856005
v -0.15847984512904964 -0.0313349865957527 0.05359768151156611
v -0.15815615648486708 -0.03143944876979268 0.05447367662407292
v -0.1578845733427667 -0.03313788996580545 0.05043442484153184
v -0.15798006428667746 -0.032316257384456905 0.05087809359839305
v -0.15792980067452106 -0.031642442266572667 0.05152990970073526
v -0.15792980067452106 -0.031642442266572667 0.05152990970073526
v -0.15773867213893614 -0.031182397824838115 0.05232607284133326
v -0.15742540619004255 -0.03098115708295434 0.053188651545345286
v -0.15702068244963194 -0.031058424896028378 0.05403320656262515
v -0.15705606464850827 -0.032822805226168844 0.05001329278067862
v -0.1571393819941992 -0.03199654158835164 0.050450769928719344
v -0.15705377094624837 -0.0313092849840408 0.05108462229049555
v -0.15705377094624837 -0.0313092849840408 0.05108462229049555
v -0.15680761187991588 -0.030828310191233256 0.051852807827189325
v -0.15642498575514158 -0.030600691246511803 0.052680129891309636
v -0.1559433630081458 -0.0306487168177271 0.05348560435558898
v -0.15628022509645628 -0.03248868398042065 0.04951381324114239
v -0.15635213152713315 -0.03165750615927109 0.04994394416915996
v -0.15623341709205305 -0.030955994114106836 0.05055648694072009
v -0.15623341709205305 -0.030955994114106836 0.05055648694072009
v -0.1559356889033695 -0.03045281269479768 0.051291478084094795
v -0.15548810269813595 -0.030197215664911688 0.052076972543000866
v -0.1549344650504732 -0.030214226148646578 0.052836080818986136
v -0.15556452018242306 -0.032138740007542195 0.04894078896996672
v -0.15562589571717908 -0.031302418350104576 0.04936250252374816
v -0.15547664461732402 -0.030585974229770357 0.04995059317263235
v -0.15547664461732402 -0.030585974229770357 0.04995059317263235
v -0.15513136606014835 -0.030059539901189883 0.05064750495312999
v -0.1546238505502703 -0.02977464097074179 0.05138501886836553
v -0.1540037714561956 -0.029759166325257956 0.05209093507612421
v -0.15491582872282583 -0.0317763427839884 0.04829974380087886
v -0.15556452018242306 -0.032138740007542195 0.04894078896996672
v -0.15562589571717908 -0.031302418350104576 0.04936250252374816
v -0.15496768538362607 -0.030934694493499885 0.04871202692296499
v -0.15547664461732402 -0.030585974229770357 0.04995059317263235
v -0.15479077234805574 -0.030202793388013988 0.04927277254576462
v -0.15479077234805574 -0.030202793388013988 0.04927277254576462
v -0.15440237285185526 -0.02965227557660525 0.04992708891591655
v -0.15384054549258563 -0.029337033872756497 0.05061092853722395
v -0.15316025842072237 -0.029287926584387107 0.051257354732344024
v -0.1543404281876985 -0.031404987764358835 0.047596850240275074
v -0.15438383666445424 -0.030557882736042118 0.04799880144045196
v -0.15418235642702052 -0.029810135362730805 0.04852956077091153
v -0.15418235642702052 -0.029810135362730805 0.04852956077091153
v -0.15375573476481455 -0.02923494464335199 0.04913717284189582
v -0.15314572635591867 -0.028888609369367275 0.04976216056964517
v -0.15241203678734613 -0.0288050361419996 0.05034334970296207
v -0.15384384803083426 -0.031028248356410548 0.04683887577907751
v -0.15387993768140218 -0.030175601390964403 0.047229684182751405
v -0.15365727831567813 -0.029411782000210204 0.04772810491165262
v -0.15365727831567813 -0.029411782000210204 0.04772810491165262
v -0.15319765593418389 -0.028811554514936923 0.04828534456358904
v -0.1525460519519992 -0.02843367065701955 0.04884686451872129
v -0.15176627871231302 -0.028315127203191348 0.04935769044982381
v -0.15343085502279813 -0.030649752690486948 0.04603312793840719
v -0.1534608725409233 -0.02979154244453077 0.046412094063474185
v -0.15322059812431985 -0.029011575576163365 0.04687613763170946
v -0.15322059812431985 -0.029011575576163365 0.04687613763170946
v -0.15273353381094013 -0.028386200158114418 0.047379842943799134
v -0.15204735974139272 -0.027976626782885643 0.04787389775549974
v -0.15122924699879492 -0.02782295417054774 0.048309944559269936
v -0.15310543858393771 -0.030273143518176268 0.045187353920069034
v -0.1531306746643257 -0.029409396278265935 0.04555388378446869
v -0.15287651061110677 -0.0286133607837741 0.045981843759401994
v -0.15287651061110677 -0.0286133607837741 0.045981843759401994
v -0.15236782715900193 -0.027962958837872635 0.046429342641668495
v -0.1516544018277518 -0.027521849617919168 0.046852576581849804
v -0.15080608975907894 -0.027333220253082637 0.04721011593824683
v -0.1528707374494545 -0.029902052902066337 0.04430971027054286
v -0.1528925267877721 -0.02903285166895527 0.04466333983582087
v -0.15262835984905512 -0.028220985902493216 0.045053855879037805
v -0.15262835984905512 -0.028220985902493216 0.045053855879037805
v -0.15210407072221785 -0.027545923730017276 0.04544303700250621
v -0.1513709916276755 -0.027073742645867434 0.04579278578960603
v -0.15050089908251743 -0.02685067038852279 0.046068864631615025
v -0.15272901033542827 -0.029540050563596168 0.04340863900457906
v -0.15274871696131767 -0.02866552739468311 0.043749021124810376
v -0.15247849255617546 -0.0278382171382556 0.04410109937658091
v -0.15247849255617546 -0.0278382171382556 0.04410109937658091
v -0.15194478722244514 -0.027139100874789074 0.04443040610607602
v -0.15119984253385854 -0.026636610011140684 0.04470470938897208
v -0.1503165936996312 -0.026379939140280056 0.044897157977907866
v -0.1634892204595975 0.007294963079815762 -0.061247080396270394
v -0.1625244554855939 0.007473982271645012 -0.06123192024859123
v -0.1626881625696362 0.008380521766629423 -0.061051847170944744
v -0.1636671105186445 0.008198870852133841 -0.0610672302735135
v -0.16283584456642455 0.009300743694174902 -0.06116499534110673
v -0.16385594807682197 0.009111456590818967 -0.061181026571199844
v -0.16385594807682197 0.009111456590818967 -0.061181026571199844
v -0.16283584456642455 0.009300743694174902 -0.06116499534110673
v -0.16295304535740127 0.010144573443873192 -0.06156029704421922
v -0.16403725826153776 0.009943390299867794 -0.061577335478693575
v -0.16302829313371375 0.010829411195459803 -0.062199047766027186
v -0.16419327712714812 0.010613240616082717 -0.06221735604361094
v -0.16305422136202355 0.011288216909846995 -0.06301872523321245
v -0.16430874730210082 0.011055433361478592 -0.06303844645974793
v -0.1644447012350479 0.007084119254490143 -0.06117182670510484
v -0.16463664226627817 0.007984926952959168 -0.06099087133479519
v -0.16486623937737577 0.008888516870540927 -0.06110145337049203
v -0.16486623937737577 0.008888516870540927 -0.06110145337049203
v -0.16511104294265705 0.009706437680921089 -0.06149275627699124
v -0.16534707021459297 0.010358633465255866 -0.06212647738458776
v -0.16555123165133323 0.010781254675055361 -0.06294058185195164
v -0.16538168694500271 0.006843479954564471 -0.061006875521185756
v -0.16558738560875375 0.007740751551012717 -0.060823490585225466
v -0.1658569649226772 0.008634074802720926 -0.06092703848272774
v -0.1658569649226772 0.008634074802720926 -0.06092703848272774
v -0.16616402984195555 0.009436007086135942 -0.061307384948768924
v -0.1664785108200236 0.01006805466585853 -0.061927296048322776
v -0.1667696328145611 0.010468343080769318 -0.06272609336242041
v -0.1662911573932999 0.006575361520726251 -0.060753814123986734
v -0.1665102323479946 0.0074686913592761795 -0.060566711707488764
v -0.16681860583905275 0.008350574714160015 -0.06065945674636632
v -0.16681860583905275 0.008350574714160015 -0.06065945674636632
v -0.16718611340633507 0.009134688223205355 -0.06102298537530735
v -0.16757674537407474 0.009744285904754018 -0.06162170725457531
v -0.1679522905382098 0.010119684706340745 -0.062397010866574266
v -0.16716434172250008 0.006282352418264365 -0.06041509042530665
v -0.16739626495670543 0.007171369890509862 -0.060223001382151815
v -0.1677418925915496 0.00804075382028581 -0.06030129950319272
v -0.1677418925915496 0.00804075382028581 -0.06030129950319272
v -0.16816742275442964 0.008805397301032622 -0.060642320831040104
v -0.1686311696460963 0.009390458858501543 -0.06121267637168124
v -0.1690877645734448 0.00973866213032802 -0.06195654429706401
v -0.16799285041675852 0.005967267678627756 -0.05999395836445342
v -0.16823694724918356 0.006851655392156179 -0.059795681204415634
v -0.16861792231982203 0.007707599133257088 -0.05985601907682806
v -0.16861792231982203 0.007707599133257088 -0.05985601907682806
v -0.16909849768043553 0.008451305903130306 -0.060169053241631874
v -0.16963161941496846 0.009009986791215672 -0.06070415305905454
v -0.17016511334890244 0.009328943927928676 -0.06140892995562424
v -0.16876868996881078 0.0056331438373764175 -0.05949447184104215
v -0.1690241977162496 0.006512619963075625 -0.05928885544485625
v -0.16943827617401747 0.007354306965571558 -0.059327880235115066
v -0.16943827617401747 0.007354306965571558 -0.059327880235115066
v -0.16997040598999627 0.008075812170992184 -0.05960772607380164
v -0.17056848780498843 0.008606514973913007 -0.06010099828601006
v -0.17117398197260367 0.008894462085194644 -0.060759415061487486
v -0.16948439488284386 0.005283201162249534 -0.058921451061804
v -0.16876868996881078 0.0056331438373764175 -0.05949447184104215
v -0.1690241977162496 0.006512619963075625 -0.05928885544485625
v -0.16975041885921832 0.006157533322703407 -0.0587074093908337
v -0.16943827617401747 0.007354306965571558 -0.059327880235115066
v -0.17019503398176086 0.0069842908455325335 -0.05872198904229162
v -0.17019503398176086 0.0069842908455325335 -0.05872198904229162
v -0.17077472883321718 0.007682541972887542 -0.05896375992671187
v -0.17143273995285382 0.008183942875246262 -0.05940905159524978
v -0.17210466089989523 0.008439409919358208 -0.0600142823697024
v -0.17013308634244123 0.004920802640944163 -0.058280402400778634
v -0.17040864385975668 0.0057898082973044124 -0.058056938198661284
v -0.1708809355850004 0.00660110247518125 -0.05804416326489531
v -0.1708809355850004 0.00660110247518125 -0.05804416326489531
v -0.17150372204151063 0.007275273755048172 -0.058243333413685865
v -0.1722160450105389 0.00774633188400624 -0.058634950788295635
v -0.17294818860235478 0.007968159925432023 -0.05918068199097032
v -0.17070848687756843 0.004549448919066174 -0.057577512332112356
v -0.170992507245914 0.005412994073300774 -0.057343713632821494
v -0.17148933683905 0.006208448214195521 -0.05730095406530651
v -0.17148933683905 0.006208448214195521 -0.05730095406530651
v -0.17215036012855123 0.0068579441195464955 -0.05745342083160266
v -0.1729108788141912 0.007297906211822721 -0.05778618722932761
v -0.17369641023573087 0.0074852707807960914 -0.058266680453525885
v -0.17120506703443267 0.004172709511117887 -0.0568195378709148
v -0.17149639156198057 0.005030715194768937 -0.0565745954584477
v -0.17201441495039238 0.005810094851674923 -0.056499498206047605
v -0.17201441495039238 0.005810094851674923 -0.056499498206047605
v -0.1727084389591819 0.0064345539911314295 -0.056601592553295874
v -0.17351052388413968 0.006842972432566751 -0.05687088934505726
v -0.1743421683107637 0.006995364437490997 -0.05728102818426267
v -0.1716180600424689 0.003794212547442717 -0.05601378653830696
v -0.17191545670245956 0.004646654950583732 -0.05575700184723296
v -0.17245109514175075 0.0054098871298765075 -0.05564752743416692
v -0.17245109514175075 0.0054098871298765075 -0.05564752743416692
v -0.17317256108242576 0.006009198336557345 -0.05569608744156845
v -0.17400923076173178 0.006385924794135385 -0.055897920006571414
v -0.1748792000242821 0.006503188809344232 -0.056233275309833755
v -0.17194347648132932 0.003417603375132034 -0.0551680125199688
v -0.1722456545790572 0.0042645087843189 -0.05489879156822747
v -0.17279518265496388 0.005011672337487245 -0.05475323356185945
v -0.17279518265496388 0.005011672337487245 -0.05475323356185945
v -0.17353826773436412 0.005585955718563993 -0.05474558364750029
v -0.17440218867537283 0.005931146331417338 -0.05487659534098396
v -0.1753023572639983 0.006013452296375977 -0.0551334397049356
v -0.17217817761581242 0.0030465140567736823 -0.05429037236238015
v -0.17248380245561065 0.0038879654727598054 -0.054008251111517164
v -0.1730433334170154 0.004619298753957935 -0.05382524917343279
v -0.1730433334170154 0.004619298753957935 -0.05382524917343279
v -0.1738020241711478 0.0051689245039633624 -0.053759288484150576
v -0.1746855988754486 0.005483044550371912 -0.05381681851649027
v -0.17560754794055905 0.005530910218325585 -0.05399220934992893
v -0.17231990472983866 0.0026845117183035066 -0.05338930109641635
v -0.17262761228206508 0.0035206411984876358 -0.053093932400506666
v -0.17319320070989505 0.004236529989720315 -0.05287249267097589
v -0.17319320070989505 0.004236529989720315 -0.05287249267097589
v -0.17396130767092063 0.004762100350983581 -0.052746654095782865
v -0.17485674796926584 0.005045909320142013 -0.05272873513198127
v -0.17579185332344566 0.005060175076828119 -0.05282049222040921
v -0.17236730846042234 0.0023350858294041146 -0.052473493119069604
v -0.17267552935750993 0.0031673655009125928 -0.05216802988790987
v -0.17324264315290203 0.0038720732986085547 -0.05191729036233682
v -0.17396130767092063 0.004762100350983581 -0.052746654095782865
v -0.17401309683327432 0.0043802341916205426 -0.051745815662012744
v -0.17401309683327432 0.0043802341916205426 -0.051745815662012744
v -0.17491151453177597 0.004642104893684487 -0.05167039946695484
v -0.1758499199600213 0.004632049952939735 -0.051698414955023475
v -0.17324264315290203 0.0038720732986085547 -0.05191729036233682
v -0.1526816066048446 -0.029190624674696776 0.042492831027232315
v -0.15270079988587282 -0.028312251697108055 0.04282311861221357
v -0.15242905011316848 -0.027473760447143836 0.043145897067941835
v -0.15194478722244514 -0.027139100874789074 0.04443040610607602
v -0.15189299806009146 -0.026757234715426036 0.0434295676723059
v -0.15189299806009146 -0.026757234715426036 0.0434295676723059
v -0.1511450759713484 -0.026232805584683168 0.04364637372394564
v -0.15025852706305556 -0.02595181401639167 0.04377508071252214
v -0.15268160319311191 0.005645629446873703 -0.05124315446915952
v -0.15270079647389406 0.0065265148715131765 -0.05091962727522053
v -0.15242904670047597 0.0073722942943270885 -0.050616459540614875
v -0.15242904670047597 0.0073722942943270885 -0.050616459540614875
v -0.15242905011316848 -0.027473760447143836 0.043145897067941835
v -0.15189299464628733 0.008100170161326845 -0.05036332942181674
v -0.15114507255614318 0.008638905705441341 -0.05018501848941766
v -0.15025852364629746 0.008935753202485965 -0.05009897599348289
v -0.15272900685681415 0.005979111583198307 -0.05216488782230069
v -0.15274871348172028 0.0068636741583017625 -0.05185151933073825
v -0.15247848907372452 0.00772012153310914 -0.051577842060207865
v -0.15247848907372452 0.00772012153310914 -0.051577842060207865
v -0.15194478373554987 0.008464617573678255 -0.051370641401976135
v -0.15119983904136314 0.009024289967259553 -0.05125019987016698
v -0.15031659020092789 0.009344348216088585 -0.05122831147754751
v -0.15287073390460254 0.006293445455972264 -0.05308367471521424
v -0.15289252324096309 0.007182629467847512 -0.05278381400389738
v -0.15262835629656687 0.008052483965722633 -0.05254933169690594
v -0.15262835629656687 0.008052483965722633 -0.05254933169690594
v -0.15210406716088395 0.008817867052371128 -0.052403182441081914
v -0.15137098805519547 0.00940385835421551 -0.05235966959077162
v -0.15050089549768178 0.009753090233250017 -0.052423055963009876
v -0.15310543497413043 0.006585595439955075 -0.05399065208303263
v -0.1531306710516066 0.007479074168466994 -0.05370412250725812
v -0.15287650698993727 0.008361394569730646 -0.05350833447427629
v -0.15287650698993727 0.008361394569730646 -0.05350833447427629
v -0.15236782352467038 0.009146190371070423 -0.05342245714983308
v -0.1516543981768354 0.009756643194150092 -0.05345488613687547
v -0.15080608608977797 0.010132992324426148 -0.053602455543011275
v -0.1534308513499426 0.006852754105342237 -0.05487710255952396
v -0.15346086886422897 0.007750161639893895 -0.054603606915366344
v -0.1532205944364852 0.00864387902938336 -0.05444563865479458
v -0.1532205944364852 0.00864387902938336 -0.05444563865479458
v -0.1527335301057537 0.009446428683566883 -0.05441866662093534
v -0.15204735601434205 0.010079251666877452 -0.054525322837240243
v -0.1512292432475074 0.010480400313714179 -0.0547551745511331
v -0.15384384429744566 0.007092345071182979 -0.05573447726206361
v -0.15387993394328509 0.007993273586255201 -0.05547358290195191
v -0.15365727456383824 0.008897212512400141 -0.05535219015922029
v -0.15365727456383824 0.008897212512400141 -0.05535219015922029
v -0.1531976521609702 0.009715681582424203 -0.05538218614839265
v -0.15254606281883845 0.010368564319217255 -0.05556062962243471
v -0.15176627488231179 0.01079195078699527 -0.0558700554065995
v -0.1543404243968743 0.007302064791345194 -0.05655452333473149
v -0.15438381820107155 0.00820607609730349 -0.05630568569433861
v -0.15418233794746447 0.009118964954138553 -0.056219282397407054
v -0.15418233794746447 0.009118964954138553 -0.056219282397407054
v -0.15375571626006795 0.009951370035841008 -0.05630377234324963
v -0.15314570781943013 0.01062181357487557 -0.056550882043827445
v -0.15241201821567127 0.011064664134997284 -0.05693642184567932
v -0.15491582487821712 0.007479888390308115 -0.05732933741880351
v -0.15496768153265375 0.008386513804445385 -0.05709189211649793
v -0.15479075381163007 0.009306987169198831 -0.05703854155863469
v -0.15479075381163007 0.009306987169198831 -0.05703854155863469
v -0.15440236895365092 0.01015120575744212 -0.05717451092928418
v -0.15384052689115066 0.010836538828968777 -0.05748649065796669
v -0.1531602397791092 0.01129589394098334 -0.05794394273612283
v -0.15556451628819834 0.007624106129163698 -0.058051471327550445
v -0.15491582487821712 0.007479888390308115 -0.05732933741880351
v -0.15496768153265375 0.008386513804445385 -0.05709189211649793
v -0.15562590648284683 0.008532850239997716 -0.05782463673966058
v -0.15479075381163007 0.009306987169198831 -0.05703854155863469
v -0.15547665536240718 0.009459478205548558 -0.0578021002918121
v -0.15547665536240718 0.009459478205548558 -0.0578021002918121
v -0.15513137677317013 0.010313282048888865 -0.057986061178633995
v -0.15462386122289246 0.011010690783978755 -0.05835851198377521
v -0.15400378208403437 0.011483435983705314 -0.058883000913458744
v -0.1562802211572625 0.007733328725580214 -0.0587139539145364
v -0.15635212758018546 0.008643679774866209 -0.058496859110850674
v -0.1562334131226022 0.009574965225283796 -0.05850258133721831
v -0.1562334131226022 0.009574965225283796 -0.05850258133721831
v -0.15593568489886914 0.010436027596651434 -0.05873056180423888
v -0.1554880986494707 0.01114258032161231 -0.059158480714793814
v -0.1549344462858652 0.011625461020415307 -0.05974445188779446
v -0.15705606066942512 0.007806506811896977 -0.05931041896622676
v -0.15713937800677558 0.00871793280137293 -0.059102093234181155
v -0.1570537669346195 0.00965234230004023 -0.05913326989762506
v -0.1570537669346195 0.00965234230004023 -0.05913326989762506
v -0.15680759316360127 0.010518266418317025 -0.05940088290360864
v -0.15642496699132177 0.011230947267276968 -0.059878745818960556
v -0.15594332952468057 0.011720620275257358 -0.06052008141949063
v -0.1578845693292581 0.007842931064081668 -0.059835113102536634
v -0.15798007493130764 0.0087548924750695 -0.05963450506549322
v -0.15792979662649215 0.009690855877811294 -0.059688059425887625
v -0.15792979662649215 0.009690855877811294 -0.059688059425887625
v -0.15773868271790512 0.010559200347033018 -0.05999054106089383
v -0.15742543138560955 0.0112749309368454 -0.06051233841214735
v -0.1570206929223585 0.011767984582079517 -0.06120237378510069
v -0.1587577536298284 0.007842253481584578 -0.06028298325002417
v -0.15886609284398187 0.008754205741536058 -0.060088959950597993
v -0.15885308334871678 0.009690136049764379 -0.06016161884553873
v -0.15885308334871678 0.009690136049764379 -0.06016161884553873
v -0.15871997736683957 0.010558437702820032 -0.06049385958360482
v -0.15847984095607362 0.011274111656527004 -0.06105315901370582
v -0.15815615225337892 0.011767100566444552 -0.06178476114587437
v -0.15966722405556638 0.007804480761444628 -0.06064972679520004
v -0.1597889248933466 0.008715878266153365 -0.06046109207161988
v -0.15981470957425312 0.00965020174124714 -0.0605494065185388
v -0.15981470957425312 0.00965020174124714 -0.0605494065185388
v -0.15974206090586618 0.01051599043097538 -0.060906021231185485
v -0.15957806081589745 0.011228504136973851 -0.06149602769977681
v -0.15933879528070627 0.011717985188530228 -0.06226166929245636
v -0.1606042097492508 0.00772997442724662 -0.06093179948507565
v -0.16073969755328354 0.008640273265308465 -0.06074730885560741
v -0.1608054497693366 0.009571416966926878 -0.060847650734590204
v -0.1608054497693366 0.009571416966926878 -0.060847650734590204
v -0.1607950477868801 0.010432258271139604 -0.06122301051066633
v -0.1607095160686668 0.011138530607369438 -0.061836634474247205
v -0.16055722575674794 0.01162109887721804 -0.06262846801584318
v -0.16155969051487606 0.007619451989736673 -0.0611264865320977
v -0.16170921462396193 0.008528130061788609 -0.060944863563303316
v -0.16181574105950128 0.00945455805595791 -0.06105351549079189
v -0.16181574105950128 0.00945455805595791 -0.06105351549079189
v -0.16186883245695724 0.010308054309098442 -0.06144181084086065
v -0.1618633091442469 0.011005071161646706 -0.06207173516676196
v -0.16179969542621828 0.011477380432249598 -0.0628816330026932
v -0.16252446179729924 -0.056973086425733656 0.1121796490786024
v -0.14283877119697433 -0.053662545274809945 0.11340998681183925
v -0.14300247828102308 -0.05275607196515591 0.11359023797829934
v -0.162688168881348 -0.05606661311607961 0.11235990024506251
v -0.14315016027782887 -0.0518360278295763 0.11347756820357785
v -0.16283585087815378 -0.055146568980500014 0.11224723047034102
v -0.16283585087815378 -0.055146568980500014 0.11224723047034102
v -0.14315016027782887 -0.0518360278295763 0.11347756820357785
v -0.1432673610688329 -0.05099247709646681 0.11308301726703254
v -0.1629530516691578 -0.05430301824739051 0.11185267953379571
v -0.14334260884517996 -0.05030799233330883 0.11244521635223054
v -0.16302829944550487 -0.05361853348423253 0.11121487861899368
v -0.14336853707352737 -0.049849570753388056 0.11162657249855171
v -0.16305422767385228 -0.053160111904311774 0.11039623476531488
v -0.14283876266764275 0.03342808873136469 -0.12092997343720283
v -0.16252445326796766 0.03011754758044098 -0.12216031117043968
v -0.16268816036203473 0.030921726919884138 -0.12170481152075877
v -0.14300246976170983 0.03423226807080785 -0.12047447378752191
v -0.1628358423879167 0.03154488183196472 -0.12101862376473599
v -0.1431501517875918 0.034855422982888434 -0.11978828603149913
v -0.1431501517875918 0.034855422982888434 -0.11978828603149913
v -0.1628358423879167 0.03154488183196472 -0.12101862376473599
v -0.16295304322420795 0.03192601772358502 -0.12016892752350253
v -0.14326735262388304 0.035236558874508724 -0.1189385897902657
v -0.16302829105761948 0.032027832793233846 -0.11923890436200288
v -0.14334260045729458 0.03533837394415756 -0.11800856662876602
v -0.16305421934922457 0.03184034784085984 -0.1183195690078162
v -0.14336852874889966 0.03515088899178354 -0.11708923127457938
v -0.17772184385638315 -0.05562676384678523 0.10947952211284101
v -0.17871701348742902 -0.05577103704632667 0.10935521033249912
v -0.1788104451868948 -0.05624745497410572 0.11016080719935228
v -0.17772577761051814 -0.0560902073141197 0.1102962996198123
v -0.17884286775093602 -0.05694817788830698 0.11078685042590089
v -0.17767747308653853 -0.05677922312206108 0.11093241660588068
v -0.17881111681732187 -0.05780461149441333 0.111172059063776
v -0.17758167142738213 -0.05762637254561096 0.11132563011617536
v -0.17758167142738213 -0.05762637254561096 0.11132563011617536
v -0.17881111681732187 -0.05780461149441333 0.111172059063776
v -0.17871828934620063 -0.05873292536642807 0.11127873041458058
v -0.17744771772900636 -0.05854872536813518 0.11143744188474838
v -0.17857348800643186 -0.05964224842482246 0.11109641070418932
v -0.1772887334142893 -0.05945599290556291 0.11125689554950643
v -0.1796000980114395 -0.055857375220285534 0.10913273359474057
v -0.17981085092712817 -0.056345264157538315 0.10990877530199386
v -0.17994912512480843 -0.05705633384831136 0.1105081452086763
v -0.18000137201658606 -0.05792098080649886 0.11087219479158208
v -0.18000137201658606 -0.05792098080649886 0.11087219479158208
v -0.17996247505078433 -0.05885456694660724 0.11096527812571078
v -0.17983625678151893 -0.05976570958054762 0.11077828410118315
v -0.18045279253754548 -0.05589833088427874 0.1088037943987486
v -0.18077678924696303 -0.05639165060824857 0.10953612804734639
v -0.18101721899746395 -0.057107628252182026 0.11009609356373695
v -0.18115054498414349 -0.05797616935267171 0.11042886529395793
v -0.18115054498414349 -0.05797616935267171 0.11042886529395793
v -0.18116371581626206 -0.058912259163565454 0.11050187028312028
v -0.18105543527005508 -0.05982426671100561 0.11030796553481442
v -0.18126031274453433 -0.055893190488710755 0.10837408673779939
v -0.18169159845106642 -0.05638582903606446 0.10904933324711436
v -0.182028830304227 -0.05710119175279874 0.10955779067749127
v -0.18223896729266817 -0.05796924178478608 0.10984968309150223
v -0.18223896729266817 -0.05796924178478608 0.10984968309150223
v -0.18230144852920205 -0.05890501743448103 0.10989644769560197
v -0.18221016701890128 -0.059816914452991844 0.1096934909699662
v -0.18200901833612246 -0.05584204281780542 0.10785087431529208
v -0.18253976086904136 -0.05632788915872156 0.10845662397162634
v -0.18296669600345536 -0.05703712162730285 0.10890238883388789
v -0.18324802653787503 -0.05790030724405213 0.10914452731860538
v -0.18324802653787503 -0.05790030724405213 0.10914452731860538
v -0.18335621010017494 -0.05883295838008586 0.1091593477293464
v -0.18328068093193894 -0.05974378251735347 0.10894539161984304
v -0.18268598769838137 -0.055745767156347915 0.10724317775739856
v -0.1833066681836659 -0.05621882631571402 0.10776820178123303
v -0.1838147264124261 -0.056916519677986284 0.10814113896815528
v -0.1841604450112432 -0.05777055065238897 0.10832548440340767
v -0.1841604450112432 -0.05777055065238897 0.10832548440340767
v -0.18430997480441694 -0.05869732281367974 0.10830319243408185
v -0.1842486872786704 -0.059606119229627476 0.10807644571179242
v -0.18327967791407243 -0.05560601191358847 0.10656137718514047
v -0.18397922277728485 -0.05606050503500864 0.10699582899732712
v -0.18455843054990387 -0.056741449559983496 0.10728705679277581
v -0.18496061704067268 -0.05758219081386013 0.1074065615970631
v -0.1841604450112432 -0.05777055065238897 0.10832548440340767
v -0.18496061704067268 -0.05758219081386013 0.1074065615970631
v -0.18514638895358937 -0.05850042695875727 0.10734263642455122
v -0.18430997480441694 -0.05869732281367974 0.10830319243408185
v -0.185097597698997 -0.05940628440467521 0.10710154601133035
v -0.1842486872786704 -0.059606119229627476 0.10807644571179242
v -0.1837799100956585 -0.0554251636061621 0.10581713630843731
v -0.1845459257337193 -0.05585563489977296 0.1061527184441784
v -0.18518509213996107 -0.056514906683249495 0.10635475116828105
v -0.18563484366224517 -0.05733844460981618 0.10640346977459161
v -0.18563484366224517 -0.05733844460981618 0.10640346977459161
v -0.1858511815713639 -0.058245643265185394 0.10629410376190973
v -0.18581289187784486 -0.059147689021681334 0.10603734866318337
v -0.18417817739199116 -0.05520631300394791 0.10502315270809165
v -0.1849970821760544 -0.05560771164190403 0.10525326919600678
v -0.18568397494976605 -0.056240761901591975 0.10536016683419994
v -0.18617159662595478 -0.057043488340619834 0.10533338345075913
v -0.18617159662595478 -0.057043488340619834 0.10533338345075913
v -0.18641223772834142 -0.05793732189932251 0.10517553893473242
v -0.18638233754994088 -0.058834767334763276 0.10490208484431421
v -0.18446760098735157 -0.05495322177539997 0.10419309074705876
v -0.18532496260347517 -0.05532099755497646 0.10431293078382595
v -0.18604652812737202 -0.055923712988212686 0.10432034809163193
v -0.1865616943995229 -0.05670237052655467 0.10421461550562203
v -0.1865616943995229 -0.05670237052655467 0.10421461550562203
v -0.18682000921763484 -0.057580748200667574 0.10400608088553648
v -0.18679619583759594 -0.058472868651940145 0.10371516381736876
v -0.18464326744209983 -0.054670202723888346 0.103341085583459
v -0.18552396422809103 -0.05500038251404534 0.103347746144035
v -0.18626657687251516 -0.05556918173464006 0.1032530637249929
v -0.18679844883824173 -0.0563209223711452 0.10306630072729267
v -0.18679844883824173 -0.0563209223711452 0.10306630072729267
v -0.1870674852208867 -0.057182018355623414 0.10280574358587594
v -0.18704738258753567 -0.05806818583801771 0.10249689746001897
v -0.1847084914921338 -0.054328961675748924 0.10238929729415572
v -0.1855950550692239 -0.05462845515929934 0.10231036695827972
v -0.18634296249261592 -0.05516957090876113 0.10213846813984395
v -0.18687902921397548 -0.055899342661855846 0.1018904318412169
v -0.18687902921397548 -0.055899342661855846 0.1018904318412169
v -0.18715076432052705 -0.05674633431359883 0.10159053347680494
v -0.18713158570677133 -0.057627640080791596 0.10126812977007474
v -0.18470848365184916 0.025726005600337304 -0.1130193750997821
v -0.18464325953282698 0.026089184107542344 -0.1139630104973286
v -0.18552395631054364 0.025843493135976253 -0.11418368903717388
v -0.18559504722686865 0.025447655085459833 -0.11315519608176378
v -0.18626656894750312 0.02535091346093145 -0.11448345993074813
v -0.18634295464839282 0.02492561109315601 -0.11337841241402036
v -0.186798440907306 0.024659658429871202 -0.11483297515246585
v -0.1868790213682699 0.02421097631444142 -0.11366717867190204
v -0.1868790213682699 0.02421097631444142 -0.11366717867190204
v -0.186798440907306 0.024659658429871202 -0.11483297515246585
v -0.18706747728614767 0.02383739636354725 -0.11519802503228585
v -0.18715075647386978 0.023373702226498032 -0.11399322466447748
v -0.18704737465148602 0.0229646112954026 -0.11554288001786794
v -0.18713157785978615 0.022495744658370842 -0.11432463757001399
v -0.18446759301685664 0.026431286799087468 -0.11479305767024464
v -0.18532495461657303 0.02623104036593421 -0.11512399883204566
v -0.18604652012566866 0.025779455890209378 -0.11552323860028199
v -0.18656168638607326 0.02512073655250289 -0.11595169605205952
v -0.18656168638607326 0.02512073655250289 -0.11595169605205952
v -0.1868200011966438 0.024319362265891667 -0.11636742827694041
v -0.18679618781400598 0.023453778238841066 -0.11672974848355452
v -0.184178169362389 0.02678172272737496 -0.11558694220536431
v -0.1849970741221925 0.026628033719201312 -0.11602335278386616
v -0.18568396687401909 0.026218445898853582 -0.1165177388514321
v -0.18617158853283977 0.025593059808162004 -0.11702170248110613
v -0.18617158853283977 0.025593059808162004 -0.11702170248110613
v -0.18641222962407544 0.024813085781713762 -0.1174859156275482
v -0.18638232944183247 0.023954873971912587 -0.11786493797312639
v -0.1837799020100707 0.027134526503294537 -0.11633114311563506
v -0.18454591761643502 0.027027698879669396 -0.1168664082945883
v -0.18518508399408354 0.026660384863703812 -0.11744996373864697
v -0.18563483549367574 0.02606854750348054 -0.11802469565748411
v -0.18563483549367574 0.02606854750348054 -0.11802469565748411
v -0.18585117338822513 0.025310112706748475 -0.11853434945216848
v -0.1858128836896862 0.024459322946490343 -0.11892902211525708
v -0.1832796697765838 0.027483622838355717 -0.11701285587759663
v -0.18397921460120503 0.027423173814405274 -0.11763868200678862
v -0.18455842233901062 0.02709769901906106 -0.11830393780181966
v -0.18496060880215115 0.026539063002731914 -0.11894351037602793
v -0.18496060880215115 0.026539063002731914 -0.11894351037602793
v -0.18514638069732964 0.025801946258759784 -0.11949478431683663
v -0.18509758943662494 0.024958500281625245 -0.1199038089893574
v -0.18268597951396245 0.027823059769457432 -0.11762044625139956
v -0.18330665995442139 0.027807702017857212 -0.11832698668826455
v -0.18381471814274394 0.02752290648794789 -0.11906505831103809
v -0.18416043670946955 0.026996552595428498 -0.11976241313229788
v -0.18416043670946955 0.026996552595428498 -0.11976241313229788
v -0.18430996648203937 0.026280161537593896 -0.1203507900771627
v -0.18424867894919317 0.025443857524670377 -0.12077259642942165
v -0.18200901011054652 0.02814702721428189 -0.11814352286957536
v -0.18253975259317265 0.02817470636291628 -0.11891954685837966
v -0.18296668768221655 0.027928734869851604 -0.1197203059171611
v -0.1832480181806307 0.027433191892513982 -0.12046740539687811
v -0.18416043670946955 0.026996552595428498 -0.11976241313229788
v -0.1832480181806307 0.027433191892513982 -0.12046740539687811
v -0.1833562017198132 0.02673658619509943 -0.12108772651810784
v -0.18430996648203937 0.026280161537593896 -0.1203507900771627
v -0.1832806725436113 0.025907099935596686 -0.12152054330372947
v -0.18424867894919317 0.025443857524670377 -0.12077259642942165
v -0.18126030448427768 0.028449994420362078 -0.11857314845477498
v -0.18169159013591046 0.028517917070672187 -0.1194062373741398
v -0.18202882193954545 0.02830824661497689 -0.12025847625401967
v -0.18223895888868316 0.027841513280290088 -0.12104643059925968
v -0.18223895888868316 0.027841513280290088 -0.12104643059925968
v -0.18230144009998223 0.02716340361046715 -0.12169298320624439
v -0.18221015858098646 0.026340288372759993 -0.12213483036162368
v -0.18045278424968236 0.02872673604907055 -0.11890191755906762
v -0.1807767809005331 0.028831425442235832 -0.11977868268827957
v -0.18101721059819934 0.028654928319368903 -0.12067032956746415
v -0.18115053654294908 0.028214520654742066 -0.12148956199344527
v -0.18115053654294908 0.028214520654742066 -0.12148956199344527
v -0.18116370734814702 0.027553310200621767 -0.12215619127465693
v -0.18105542679266345 0.02673602294519612 -0.12260496555880618
v -0.17960008970351082 0.028972575540844814 -0.1191242714912722
v -0.1798108425579662 0.029109922548787442 -0.12003058941103667
v -0.17994911670040808 0.02896287645688246 -0.12094887142234226
v -0.18000136354834795 0.028545844781213754 -0.12178924696171625
v -0.18000136354834795 0.028545844781213754 -0.12178924696171625
v -0.17996246655440085 0.02789964313206321 -0.122469446207922
v -0.17983624827543748 0.027087524134362703 -0.12292288903311538
v -0.17871700516732292 0.029183253888784268 -0.11923636427135534
v -0.17881043680393774 0.029348589688257418 -0.12015757241229774
v -0.1788428593112805 0.02922679894302701 -0.12108929648198796
v -0.1788111083326705 0.028829805731798143 -0.12194033150109157
v -0.1788111083326705 0.028829805731798143 -0.12194033150109157
v -0.1787182808326601 0.02819647079296282 -0.12262737754899916
v -0.1785734794829376 0.02738878244697881 -0.1230831718383501
v -0.17772183553175544 0.029373695898386377 -0.11923628166029007
v -0.17772576922263275 0.029556158963346672 -0.12015748336118426
v -0.17767746464158868 0.029449812848914445 -0.12108919045141756
v -0.17758166293714506 0.029065078266853776 -0.12194022411890165
v -0.17758166293714506 0.029065078266853776 -0.12194022411890165
v -0.1774477092096931 0.028439614667828572 -0.12262726988107292
v -0.17728872488495773 0.027634641100611736 -0.12308306469953564
v 0.17250111473469246 0.0032932899329128507 0.1313060234648239
v 0.1715059304321395 0.0031028454567648602 0.13130593993708542
v 0.17156172064296926 0.0026494457642578222 0.13212645013747176
v 0.17264640289125976 0.0028570175058929576 0.13212654010525848
v 0.1716639263386693 0.0019694945124291117 0.13276593589768068
v 0.17282930634137564 0.0021925059517706666 0.13276604101157785
v 0.17180251159453547 0.0011295400032141113 0.1331618233438034
v 0.17303195699006088 0.0013648125382697447 0.13316193072599328
v 0.17303195699006088 0.0013648125382697447 0.13316193072599328
v 0.17180251159453547 0.0011295400032141113 0.1331618233438034
v 0.17196392188977128 0.00021180455457913729 0.13327535112467329
v 0.1732344935127385 0.000454951024948037 0.13327545180872452
v 0.17213235174315172 -0.0006938745273012258 0.13309539512699506
v 0.1734170916741461 -0.0004480183402141794 0.13309550134913628
v 0.17338415526992362 0.0035039582857115097 0.13119393491859613
v 0.17364677931131747 0.0030956823077743206 0.13199954828677588
v 0.17393554906351796 0.0024564285668724865 0.13262560805138388
v 0.17422218287176788 0.0016487737467686774 0.13301083038552142
v 0.17422218287176788 0.0016487737467686774 0.13301083038552142
v 0.17447866456749403 0.0007517788148049247 0.13311751256709908
v 0.17467986046664596 -0.0001467600275980776 0.13293521854390156
v 0.1742369231510234 0.0037498178967246398 0.13097156461813259
v 0.17461277632182612 0.003374186685006308 0.13174765221458679
v 0.17500368696226545 0.0027643815085205345 0.13234707593040052
v 0.17537139986732475 0.0019800974863685462 0.13271116911889527
v 0.17537139986732475 0.0019800974863685462 0.13271116911889527
v 0.1756799200282249 0.00109810642628279 0.1328042795021324
v 0.17589903898387194 0.0002047411615685047 0.13261729506959236
v 0.1750443113827472 0.00402651656249497 0.1306428431347812
v 0.17552749755528899 0.003687664684275756 0.13137524330365788
v 0.1760152396356688 0.0031110455602195684 0.1319352399018882
v 0.1764598075460728 0.002353097203268345 0.13226805077578654
v 0.1764598075460728 0.002353097203268345 0.13226805077578654
v 0.1768176381130746 0.0014880105498915244 0.1323410705170466
v 0.17705377077219495 0.0006004757340046336 0.13214715987240985
v 0.17579317834586008 0.00432954723762397 0.13021312985873654
v 0.1763757480144672 0.004030921337344772 0.13088847448143662
v 0.17695316404628347 0.0034905827445472944 0.13139703132847233
v 0.1774688668380216 0.002761431568560204 0.13168899065402975
v 0.1774688668380216 0.002761431568560204 0.13168899065402975
v 0.17787242906687686 0.0019148354938541608 0.1317358086783815
v 0.17812428473481978 0.0010336641711679436 0.13153287281451564
v 0.1764700010794172 0.004653451084442347 0.12969014883195404
v 0.1771425380398294 0.004397879995005268 0.13029597681668606
v 0.1778011211718818 0.003896383220702692 0.1307418210422334
v 0.1783812413659032 0.003198055679498591 0.13098401659105496
v 0.1783812413659032 0.003198055679498591 0.13098401659105496
v 0.17882613516116128 0.0023712528806793236 0.13099886158686838
v 0.17909227647341616 0.001496904115548369 0.1307849250235346
v 0.17706380867792662 0.004992949275961533 0.1290824540495363
v 0.17781516602154382 0.00478245427272758 0.12960758592820074
v 0.17854488403609256 0.004321621319798255 0.12998064832870754
v 0.17918141345858604 0.003655558249710932 0.13016507891540977
v 0.17918141345858604 0.003655558249710932 0.13016507891540977
v 0.1783812413659032 0.003198055679498591 0.13098401659105496
v 0.17882613516116128 0.0023712528806793236 0.13099886158686838
v 0.17966256404343758 0.002849475817065612 0.13014284277546545
v 0.17909227647341616 0.001496904115548369 0.1307849250235346
v 0.17994120162783342 0.0019822638251393845 0.1299161385001436
v 0.1775639235755234 0.005341963586580024 0.1284009015671899
v 0.1783818397027975 0.005177869768805519 0.12883545704402988
v 0.1791715163571914 0.004758899396025921 0.1291267562386889
v 0.1798556841510651 0.004126060384574741 0.12924632281788598
v 0.1798556841510651 0.004126060384574741 0.12924632281788598
v 0.18036740073528829 0.0033413037911988134 0.12918244558019223
v 0.1806565105478802 0.002481443626820164 0.1289413525427165
v 0.1779622202618158 0.005694803441629185 0.1276566186837651
v 0.178832966874587 0.00557756114221966 0.12799231589346075
v 0.1796703405691867 0.00520084666321469 0.1281944787976558
v 0.1803923785222884 0.00460155119122551 0.12824329105543988
v 0.1803923785222884 0.00460155119122551 0.12824329105543988
v 0.18092838363621183 0.0038383261700135774 0.12813398622058064
v 0.18122594163304095 0.00298589013485204 0.12787726748391257
v 0.17825171725121702 0.0060453139947217235 0.12686257111901053
v 0.1791609207038986 0.005974603165260295 0.1270928687507558
v 0.18003299648973684 0.005639874701705266 0.127199929092218
v 0.1807825497104499 0.0050738919706203416 0.12717327524200936
v 0.1807825497104499 0.0050738919706203416 0.12717327524200936
v 0.18133624321069297 0.004332061889607804 0.1270155113538873
v 0.18163981467219997 0.0034869883344694408 0.12674207891101397
v 0.17842731043224866 0.006387290151398764 0.12603282665323026
v 0.1793598930638906 0.006362067597031932 0.12615276663878885
v 0.18025300131061023 0.00606836301228883 0.1261602733824152
v 0.1810193042316806 0.005534949329226799 0.12605461021341602
v 0.1810193042316806 0.005534949329226799 0.12605461021341602
v 0.18158370463321083 0.004814020134400033 0.1258461211603096
v 0.18189097217570901 0.003976150344816145 0.1255552086119809
v 0.1784925785522431 0.006750636979436847 0.12508876100545074
v 0.17943102798118302 0.006758024653821514 0.1251239761267716
v 0.1803294456794485 0.006493742729329736 0.12505504795162925
v 0.18109991402661857 0.005983667523786172 0.12488873175969817
v 0.18109991402661857 0.005983667523786172 0.12488873175969817
v 0.18166698382093394 0.00527772465346186 0.12464129285700104
v 0.18197519005099463 0.004445019448393788 0.12433696708080019
v 0.17842731834153322 0.08714679637597442 -0.09127159068580934
v 0.17849258639250792 0.08680540180627724 -0.09031936664623366
v 0.17943103582352457 0.0868339947414105 -0.09034120978401952
v 0.1793599009814461 0.08720602630315438 -0.09137889202642141
v 0.1803294535236635 0.08658884167514602 -0.09046160911823367
v 0.18025300923562732 0.08698851011792337 -0.0915763899508267
v 0.1810999218723206 0.0860939501630393 -0.09066878097917017
v 0.1810193121626189 0.08651555608527473 -0.09184473550509295
v 0.1810193121626189 0.08651555608527473 -0.09184473550509295
v 0.1810999218723206 0.0860939501630393 -0.09066878097917017
v 0.1816669916675902 0.08539775081154612 -0.09094243734878119
v 0.18158371256795086 0.0858334452355833 -0.09215767539335235
v 0.1819751978979798 0.08456840418755622 -0.09125580025928853
v 0.18189098011175867 0.08500894747823645 -0.092484568865906
v 0.1782517252217013 0.0874297135580768 -0.09212328397554104
v 0.17916092869079364 0.08752656841208271 -0.09234386531661459
v 0.18003300449143608 0.08734300205207692 -0.09264354585769524
v 0.18078255772389804 0.08689698347665897 -0.09299299441242193
v 0.18078255772389804 0.08689698347665897 -0.09299299441242193
v 0.181336251231684 0.08623217235616704 -0.09335799780858958
v 0.18163982269578993 0.08541363522525065 -0.09370283338990931
v 0.1779622282914192 0.08768285215046781 -0.09295351114906611
v 0.1788329749284489 0.087813306503325 -0.0932843060864122
v 0.17967034864493367 0.08766005446366026 -0.09368342688797623
v 0.1803923866154029 0.08723809414900105 -0.09411178090867531
v 0.1803923866154029 0.08723809414900105 -0.09411178090867531
v 0.1809283917404773 0.08658872866004354 -0.09452745437394988
v 0.18122594974114936 0.0857755314415279 -0.09488975533352803
v 0.17756393166111886 0.08790173156113121 -0.0937475873731338
v 0.1783818478200879 0.0880612658403235 -0.09418383730773788
v 0.17917152450307247 0.08793422728002337 -0.09467805644248972
v 0.17985569231963658 0.08753307326189666 -0.09518189848519007
v 0.17985569231963658 0.08753307326189666 -0.09518189848519007
v 0.18036740891842812 0.08689707014514529 -0.09564603556938617
v 0.18065651873603886 0.08608845559499184 -0.09602501823572396
v 0.1770638168154107 0.08808253730884899 -0.09449165330345002
v 0.17781517419761908 0.08826608640308477 -0.0950267993661642
v 0.17854489224698325 0.08816074394381129 -0.09561027642713749
v 0.17918142169710558 0.08777679130227777 -0.09618493718668095
v 0.17918142169710558 0.08777679130227777 -0.09618493718668095
v 0.17966257229969576 0.08715183346156376 -0.09669453606267214
v 0.17994120989020548 0.08634704851143983 -0.09708921650054414
v 0.17647000926383968 0.0882223143472918 -0.09517357295109469
v 0.1771425462690759 0.0884244290926017 -0.09579926752381185
v 0.1778011294415655 0.08833582495965578 -0.09646441814021023
v 0.17838124966767735 0.08796516411832236 -0.09710389491240068
v 0.17838124966767735 0.08796516411832236 -0.09710389491240068
v 0.17882614348353834 0.08734873204094665 -0.0976551069566261
v 0.17909228480289338 0.08654688086984622 -0.09806411711767948
v 0.17579318657143198 0.08831857574166085 -0.09578115558413022
v 0.17637575629033286 0.08853348571294478 -0.09648761254206886
v 0.17695317236752073 0.08845642366868284 -0.09722562151932643
v 0.17746887519526494 0.08809492032311371 -0.09792291412595358
v 0.17746887519526494 0.08809492032311371 -0.09792291412595358
v 0.17838124966767735 0.08796516411832236 -0.09710389491240068
v 0.17882614348353834 0.08734873204094665 -0.0976551069566261
v 0.1778724374472386 0.08748438006903946 -0.09851126556907272
v 0.17909228480289338 0.08654688086984622 -0.09806411711767948
v 0.17812429312314743 0.08668454662411809 -0.09893306210905686
v 0.1750443196430069 0.08836973261760561 -0.09630447586429372
v 0.17552750587044794 0.08859144193705022 -0.09708041112409682
v 0.17601524800035187 0.08852049950101412 -0.09788106893287299
v 0.1764598159500593 0.08816386784136342 -0.09862810481822562
v 0.1764598159500593 0.08816386784136342 -0.09862810481822562
v 0.17681764654229498 0.087556436785846 -0.09924837435254982
v 0.17705377921010976 0.08675767855975647 -0.09968116145918002
v 0.17423693143888552 0.0883748744480613 -0.09673411940418344
v 0.17461278466825605 0.0885972627354907 -0.09756715852103917
v 0.17500369536153007 0.08852693808007146 -0.09841934720080062
v 0.17537140830851966 0.08817079268478863 -0.09920727213625799
v 0.17537140830851966 0.08817079268478863 -0.09920727213625799
v 0.1756799284963405 0.08756368098147631 -0.09985379602339489
v 0.17589904746126356 0.08676503081777023 -0.10029563602402825
v 0.1733841635778528 0.08833391423784817 -0.09706308413516673
v 0.17364678768047895 0.08855086382309378 -0.09793980245850453
v 0.1739355574879178 0.08847563368106001 -0.09883139461188462
v 0.17422219134000494 0.08811558895246867 -0.09965058343227676
v 0.17422219134000494 0.08811558895246867 -0.09965058343227676
v 0.17447867306387646 0.08750597851146276 -0.10031718383103347
v 0.17467986897272741 0.08670647368731224 -0.10076595459039697
v 0.17250112305479856 0.08824758086802378 -0.09728555113903051
v 0.17264641127421682 0.08845306216825609 -0.09819183950639154
v 0.17282931478103117 0.08836748278310466 -0.09911010589631103
v 0.17303196547471225 0.0879992297644812 -0.0999504598388743
v 0.17303196547471225 0.0879992297644812 -0.0999504598388743
v 0.17323450202627855 0.08738434199333261 -0.1006306421871051
v 0.17341710019764034 0.08658301253158708 -0.10108408119340315
v 0.1715059387567672 0.08810330520193646 -0.09740986383604566
v 0.17156172903085465 0.0882958120417242 -0.0983273328435248
v 0.17166393478361916 0.08819853048340465 -0.09925567115961756
v 0.17180252008477254 0.08782099081567885 -0.10010403089127362
v 0.17180252008477254 0.08782099081567885 -0.10010403089127362
v 0.17196393040908453 0.08720014459054289 -0.10078936064114796
v 0.1721323602724833 0.0863967594788734 -0.10124456512204702
v 0.1371526236492837 -0.0026743476366323047 0.12915888955137472
v 0.13717855187763112 -0.003132769216553059 0.12997753340505355
v 0.1372537996539782 -0.003817253979711048 0.13061533431985556
v 0.1373710004449822 -0.004660804712820547 0.13100988525640087
v 0.1373710004449822 -0.004660804712820547 0.13100988525640087
v 0.137518682441788 -0.0055808488484001394 0.13112255503112233
v 0.13768238952583675 -0.006487322158054183 0.13094230386466224
v 0.13715263197391142 0.0823261121085393 -0.09955691422175636
v 0.1371785602655165 0.08251359706091331 -0.100476249575943
v 0.13725380809892804 0.08241178199126449 -0.10140627273744268
v 0.13737100893521928 0.0820306460996442 -0.10225596897867614
v 0.13737100893521928 0.0820306460996442 -0.10225596897867614
v 0.13751869096110125 0.0814074911875636 -0.10294215673469892
v 0.13768239805516833 0.08060331184812045 -0.10339765638437981
v -0.17268389693884842 -0.04690238352104294 0.037270153390817226
v -0.1727419634934787 -0.04649378720968874 0.03614081441481509
v -0.17185541491255496 -0.04619693799411372 0.03622685754942837
v -0.17180064842733514 -0.04658232355368351 0.03729204242211523
v -0.1711074926579498 -0.04565820330926443 0.03640516816248819
v -0.17105570356868738 -0.04602265201936741 0.03741248363458511
v -0.17057144085045264 -0.04493032615336687 0.03665829876029522
v -0.17052199847720423 -0.04527815468990049 0.037619684771825736
v -0.17052199847720423 -0.04527815468990049 0.037619684771825736
v -0.17057144085045264 -0.04493032615336687 0.03665829876029522
v -0.17029969099480405 -0.04408454716018556 0.036961466335231244
v -0.17025177398697794 -0.04442170774472572 0.03789336188268649
v -0.17031888386443375 -0.043203663883709074 0.037284992730822086
v -0.17027148020073166 -0.043537147317785255 0.03820672957590077
v -0.17249959164209477 -0.047311128133707525 0.038464904860154636
v -0.17162949941350295 -0.04696189323839105 0.03840151563465737
v -0.17089642014335332 -0.046375901498060285 0.03844502467369089
v -0.17037213125436174 -0.045610515824762415 0.03859117091658629
v -0.17037213125436174 -0.045610515824762415 0.03859117091658629
v -0.17010796422773503 -0.044740661756519896 0.038825653063908096
v -0.17012975315294313 -0.04385147989280763 0.0391255129768768
v -0.1721944010499982 -0.047691026331628916 0.03964429396434348
v -0.17134608929186274 -0.04731467548282247 0.03949672519688619
v -0.17063266377956676 -0.046704223519008 0.039464295890504535
v -0.170123965894006 -0.04591942525997612 0.039550178102567404
v -0.170123965894006 -0.04591942525997612 0.039550178102567404
v -0.16986980175010613 -0.04503710528834507 0.03974596597587959
v -0.16989505208341535 -0.04414363117454202 0.04003249383663272
v -0.17177124389226853 -0.048038431725413805 0.04079700598859026
v -0.17095313145435595 -0.047637282657798256 0.04056715840531344
v -0.1702669571984833 -0.04700446053375289 0.04046050186966928
v -0.1697798931144434 -0.04620191088842314 0.040487477874474924
v -0.1697798931144434 -0.04620191088842314 0.040487477874474924
v -0.169539618604469 -0.0453081926308147 0.040645442483439535
v -0.16956963570760306 -0.0444107885421776 0.04091894082118652
v -0.17123421225746474 -0.04834998868745277 0.041911904303744266
v -0.17045442464985996 -0.047926599203392796 0.04160247566632047
v -0.1698028351432672 -0.04727371732586494 0.04142403187293915
v -0.16934321298709049 -0.0464552456691915 0.04139403287083816
v -0.16934321298709049 -0.0464552456691915 0.04139403287083816
v -0.16912055352541303 -0.04555130587492758 0.041515421961962624
v -0.1691566427601 -0.04465037950801835 0.041776315523726175
v -0.17058846892410426 -0.04862269165344218 0.042978242807323916
v -0.1698547796492674 -0.04817983937479007 0.04259270364415055
v -0.16924477104416882 -0.04750939929052386 0.04234560060810852
v -0.16881813493647835 -0.0466769917511293 0.0422611155498856
v -0.16881813493647835 -0.0466769917511293 0.0422611155498856
v -0.16861666926762628 -0.04576410579047272 0.042347517770474276
v -0.16866006266067127 -0.044860097930428985 0.042596358104456535
v -0.1698402326936821 -0.04885393197039811 0.04398579953381587
v -0.16915994591056238 -0.048394572544350006 0.043528341110463206
v -0.16859811835058647 -0.04770924150088285 0.04321635665383068
v -0.16820973373929865 -0.046865020325990187 0.04308038427025256
v -0.16820973373929865 -0.046865020325990187 0.04308038427025256
v -0.16803280593604436 -0.04594454609311777 0.04313373117650864
v -0.1680846621793287 -0.04503792412489506 0.04337117917240359
v -0.16899670505574127 -0.049041464799901784 0.04492482536704086
v -0.16837664091279095 -0.048568722943693875 0.044400343143237646
v -0.1678691251980524 -0.04787131636562075 0.04402789551069469
v -0.1675238321885213 -0.04701750876683676 0.043843936019554934
v -0.1675238321885213 -0.04701750876683676 0.043843936019554934
v -0.16737458098585128 -0.0460908825286701 0.043866475799671296
v -0.1674359707693472 -0.0451821392682475 0.04409330609727549
v -0.1680660408539111 -0.049183496325369655 0.04578629380106418
v -0.1675123888192276 -0.04870061390803627 0.045200323266742046
v -0.1670648024053681 -0.04799406204234059 0.04477240403684786
v -0.16676707442832653 -0.04713299838207515 0.04454442404883617
v -0.16676707442832653 -0.04713299838207515 0.04454442404883617
v -0.1675238321885213 -0.04701750876683676 0.043843936019554934
v -0.16737458098585128 -0.0460908825286701 0.043866475799671296
v -0.1666483598885128 -0.04620171336129016 0.04453870166279892
v -0.1674359707693472 -0.0451821392682475 0.04409330609727549
v -0.16672026590028316 -0.04529136316241558 0.04475579217619896
v -0.16705714294810997 -0.04927865051816267 0.04656191726555854
v -0.16657552047737623 -0.04878897825819777 0.04592058138703376
v -0.16619289414063573 -0.04807629826850303 0.045442718152342576
v -0.16594672061630886 -0.04721037156357687 0.04517510213343037
v -0.16594672061630886 -0.04721037156357687 0.04517510213343037
v -0.16586110946192253 -0.046275965090045314 0.04514393229419188
v -0.1659444263881204 -0.045364539950980776 0.045352253735951815
v -0.16597980888440286 -0.04932601846032502 0.04724420430588459
v -0.1655750707500738 -0.04883296309656051 0.04655416957160978
v -0.16526180458633175 -0.04811723089946744 0.04603237281769024
v -0.16507069092443621 -0.047248885141347924 0.04572989166169292
v -0.16507069092443621 -0.047248885141347924 0.04572989166169292
v -0.16502042720437574 -0.04631292463478461 0.04567633622495567
v -0.16511591772828743 -0.04540096420316546 0.04587694787226168
v -0.16484433488639735 -0.049325135871398904 0.04782660305914408
v -0.16452064651262452 -0.048832143945199386 0.04709499807371653
v -0.16428050993739757 -0.04811647085075761 0.04653569832427628
v -0.16414740420221183 -0.04724816790880416 0.046203458065219076
v -0.16414740420221183 -0.04724816790880416 0.046203458065219076
v -0.164134394624716 -0.04631223543470529 0.046130792026733675
v -0.16424273342771725 -0.04540028791841995 0.04632482151168674
v -0.16366167719208413 -0.049276014133683974 0.04830350164658674
v -0.16342241198581484 -0.04878653006584563 0.0475378572006482
v -0.16325842639837057 -0.048074019685658234 0.04694784949604437
v -0.16318577797667524 -0.047208231004783774 0.046591238754344094
v -0.16318577797667524 -0.047208231004783774 0.046591238754344094
v -0.1632115625753514 -0.04627390925707417 0.04650292763969308
v -0.16333326300197912 -0.04536251390052842 0.04669156156492508
v -0.16244321738207199 -0.04917912808028632 0.048670316171070115
v -0.16229092739907533 -0.04869656068741048 0.047878490252027714
v -0.16220541018338638 -0.04799029037924015 0.047264861560496814
v -0.16219502311460704 -0.04712945155042708 0.04688950483869388
v -0.16219502311460704 -0.04712945155042708 0.04688950483869388
v -0.16226078991541482 -0.046198308149483995 0.046789154899493174
v -0.16239627730829487 -0.04528800886408199 0.04697363774673821
v -0.16120080638054313 -0.0490354143104951 0.048923463523477116
v -0.1611371929914365 -0.048563103321361815 0.0481135663262244
v -0.16113165484727965 -0.04786608486153287 0.04748364259765707
v -0.16118474649142733 -0.04701258991499769 0.04709535471047223
v -0.16118474649142733 -0.04701258991499769 0.04709535471047223
v -0.16129127284473618 -0.04608616235046099 0.04698670262331403
v -0.1614407965426697 -0.04517748772432362 0.047168328285697794
v -0.15994626577775284 -0.04884625351255292 0.0490605706384197
v -0.1599721943349846 -0.04838744607963534 0.04824089380991295
v -0.16004744194683596 -0.04770260788956235 0.0476021392768282
v -0.16016464298450428 -0.04685877814871783 0.04720684154466211
v -0.16016464298450428 -0.04685877814871783 0.04720684154466211
v -0.16031232489906214 -0.045938556650804964 0.047093693214830507
v -0.16047603157195184 -0.04503201800623196 0.04727376200219132
v -0.1586917251706896 -0.048613462306632334 0.04908027881387833
v -0.15880719567456425 -0.04817126784270607 0.048259189036419854
v -0.15896322904269913 -0.04750142085230222 0.047619167235489986
v -0.15914453947410664 -0.04666948844985874 0.047222865790880184
v -0.15914453947410664 -0.04666948844985874 0.047222865790880184
v -0.15933337695005362 -0.04575690314080622 0.047109069333524226
v -0.1595112665979483 -0.0448529988144027 0.04728892214987048
v -0.15744931415638547 -0.04833930373944796 0.048982430574340985
v -0.15765346125506208 -0.047916677046820615 0.04816832417039134
v -0.15788947369555145 -0.04726447965520516 0.04753460366012879
v -0.15813426284053858 -0.046446553791629736 0.04714329865737419
v -0.15813426284053858 -0.046446553791629736 0.04714329865737419
v -0.15836385986940546 -0.04554296170817743 0.04703270947813268
v -0.15855578582249777 -0.044642153691325515 0.04721366496676741
v -0.15623085432521483 -0.04802637449246894 0.048767924799877564
v -0.1565219766486743 -0.047626084359027765 0.04796912812445846
v -0.15683645746228134 -0.04699403763857037 0.04734921670556534
v -0.15714352262825115 -0.04619210406625755 0.04696887071853305
v -0.15714352262825115 -0.04619210406625755 0.04696887071853305
v -0.1574131018599441 -0.04529878124418194 0.04686532266136114
v -0.15761880011254278 -0.044401513093648266 0.0470487102909108
v -0.15504819660156638 -0.047677718713543524 0.048438849287906455
v -0.1554237420946234 -0.0473023181934264 0.047663546314586025
v -0.15581437389790206 -0.046692721371142935 0.047064824115978794
v -0.15618188171187586 -0.0459086065731998 0.04670129596604666
v -0.15618188171187586 -0.0459086065731998 0.04670129596604666
v -0.15649025512070336 -0.045026722350196995 0.04660854727556197
v -0.15670932966424578 -0.04413339595756162 0.0467956523856493
v -0.15391272256633123 -0.04729669483977922 0.047998379226458686
v -0.1543693031556163 -0.046948488680628044 0.0472545163483652
v -0.1548330645498075 -0.0463634304489702 0.046684159571711556
v -0.15525859495937916 -0.045598786977077164 0.04634314221481059
v -0.15525859495937916 -0.045598786977077164 0.04634314221481059
v -0.15560422251199282 -0.04472940347693382 0.04626484393410006
v -0.15583614533504545 -0.04384038555734816 0.046456925195031695
v -0.15283537379087359 -0.046886976637379875 0.0474507648850189
v -0.15336886805372943 -0.046568016484384904 0.046745985135190224
v -0.15390198962380147 -0.04600933775331631 0.04621088849036581
v -0.15438256523110633 -0.045265628396793725 0.04589785131263336
v -0.15438256523110633 -0.045265628396793725 0.04589785131263336
v -0.15476354021951455 -0.04440968768082856 0.045837520264426355
v -0.155007636640787 -0.043525300817711554 0.04603579313417847
v -0.1518265198341589 -0.04645250764320433 0.04680127700970909
v -0.15243201433069598 -0.046164557515640726 0.04614285738097268
v -0.15303009598122674 -0.045633851678730374 0.04564957437361243
v -0.1535622113769114 -0.04491234142011449 0.04536972643867047
v -0.1535622113769114 -0.04491234142011449 0.04536972643867047
v -0.15397628975244876 -0.04407065484725116 0.04533070148874202
v -0.15423179708873502 -0.04319117957196336 0.04553631359464224
v -0.15089581157289478 -0.04599743497125722 0.04605610424802023
v -0.15156773284885833 -0.045741967506366464 0.045450877604183634
v -0.15222575847101957 -0.045240571227570386 0.04500558819157076
v -0.1528054535691675 -0.04454232010906917 0.04476382127809692
v -0.1528054535691675 -0.04454232010906917 0.04476382127809692
v -0.1532500686094798 -0.04371556561137579 0.044749248450844416
v -0.1535160921747018 -0.042841235599084905 0.04496328932346657
v -0.15005229853742166 -0.04552619652813795 0.04522252739617756
v -0.1507844424581594 -0.0453043654704302 0.04467679334024387
v -0.15149676526272662 -0.04483330820073733 0.04428517564629485
v -0.15211956663291384 -0.044159138098518486 0.04408600505983995
v -0.15211956663291384 -0.044159138098518486 0.04408600505983995
v -0.1528054535691675 -0.04454232010906917 0.04476382127809692
v -0.1532500686094798 -0.04371556561137579 0.044749248450844416
v -0.15259184360894143 -0.0433478405859768 0.044098777258672
v -0.1535160921747018 -0.042841235599084905 0.04496328932346657
v -0.15286740071510457 -0.04247883837553111 0.044322244154378715
v -0.14930407690404543 -0.04504330608575044 0.04430852236679561
v -0.15008962332149242 -0.04485594096704098 0.043828025372665086
v -0.1508501271756859 -0.04441597726748407 0.04349525957227411
v -0.15151115071187862 -0.0437664800732353 0.04334279328498686
v -0.15151115071187862 -0.0437664800732353 0.04334279328498686
v -0.1520079948897696 -0.04297102882851903 0.04338555177615897
v -0.15229200017997724 -0.042107483355901545 0.043619350593774926
v -0.14865831882901231 -0.04455339714694219 0.04332286311365735
v -0.14948994891757295 -0.044401002254693255 0.04291272932174121
v -0.15029204834505525 -0.043992587139069006 0.04264343129396733
v -0.15098607260053623 -0.0433681267107147 0.04254133742572795
v -0.15098607260053623 -0.0433681267107147 0.04254133742572795
v -0.15150409590671754 -0.04258874748344132 0.04261643451845842
v -0.151795420023113 -0.04173074394795326 0.042861376132577365
v -0.14812128711549383 -0.044061220221043855 0.04227510674729091
v -0.14899125670696622 -0.04394395578505619 0.041939755574644605
v -0.14982792622181124 -0.04356723018674335 0.04173792269030238
v -0.15054939240917795 -0.04296792028666786 0.04168937014578479
v -0.15054939240917795 -0.04296792028666786 0.04168937014578479
v -0.15108503076623855 -0.04220468723925611 0.04179884090724367
v -0.15138242701507687 -0.04135224828202966 0.042055628291907045
v -0.14769812987577877 -0.043571495387839776 0.04117530256983046
v -0.14859831346031147 -0.043489187575393475 0.04091845094400905
v -0.14946221956987354 -0.04314399405750788 0.04078743635592183
v -0.15020531956295047 -0.042569709258576054 0.04079507884874162
v -0.15020531956295047 -0.042569709258576054 0.04079507884874162
v -0.15075484755662658 -0.041822544837288735 0.04094063320350246
v -0.15105701057621646 -0.04097563910971898 0.04120985427356889
v -0.14739293919921673 -0.04308894033227363 0.04003403729544856
v -0.14831488859324926 -0.043041074243541144 0.039858650592625944
v -0.1491984631330892 -0.04272695635414936 0.039801123732884504
v -0.14995715413391322 -0.042177330612997714 0.039867088393113134
v -0.14995715413391322 -0.042177330612997714 0.039867088393113134
v -0.15051668501308746 -0.041445997761432186 0.04005009017152788
v -0.15082230944173325 -0.04060454849360905 0.040332210624042714
v -0.1472086338163305 -0.0426182090840309 0.038862330641741404
v -0.1481437394994323 -0.042603941608814394 0.038770574191991994
v -0.1490391796333165 -0.04232013349892116 0.038788492836454316
v -0.14980728684103356 -0.0417945618487601 0.03891433189065624
v -0.14980728684103356 -0.0417945618487601 0.03891433189065624
v -0.15037287518663303 -0.041078673487160024 0.03913577146051739
v -0.150680582327707 -0.04024254615513888 0.03943113935807891
v -0.16120078741880012 -0.005182836582272249 -0.06907327379591438
v -0.15994626147872285 -0.004950053033903846 -0.0690535525693789
v -0.1599721900992875 -0.005137920402213902 -0.06813318296300727
v -0.16113717409272188 -0.005354090981590988 -0.06815149124059103
v -0.16004743776827263 -0.005036459180258893 -0.06720221031384091
v -0.16113165067240912 -0.0052376423242642915 -0.06721924874831528
v -0.16016463885128265 -0.004655601016329598 -0.0663517628270314
v -0.16118474236168007 -0.004844888119685533 -0.06636779405712451
v -0.16118474236168007 -0.004844888119685533 -0.06636779405712451
v -0.16016463885128265 -0.004655601016329598 -0.0663517628270314
v -0.16031232079495156 -0.004032624325847495 -0.06566509683523775
v -0.16129126874395985 -0.004214275240343077 -0.06568047993780649
v -0.16047602747787265 -0.003228513319897699 -0.06520941989509138
v -0.16144079245187623 -0.0034075325117269486 -0.06522458004277054
v -0.16244327176803253 -0.00545701526869548 -0.06897540918811809
v -0.16229096718016672 -0.005608698132417839 -0.06806061258156784
v -0.1622054353535284 -0.0054745949432109964 -0.06713466954661293
v -0.16219503366223387 -0.005067827839963573 -0.0662882208564167
v -0.16219503366223387 -0.005067827839963573 -0.0662882208564167
v -0.16226080049159353 -0.00442821913951775 -0.06560412099908819
v -0.16239627322732664 -0.0036183763370525677 -0.065149326351605
v -0.1636616729312605 -0.005769928160733099 -0.06876091720664934
v -0.16342240778559725 -0.005899275634063599 -0.0678614347372404
v -0.16325842225282677 -0.005745024240244567 -0.06694930171032815
v -0.1631857592075352 -0.005322268610031997 -0.06611380946058995
v -0.1631857592075352 -0.005322268610031997 -0.06611380946058995
v -0.16321155850105448 -0.004672395710258509 -0.06543674465812921
v -0.16333325893728146 -0.0038590156369782396 -0.0649843751676859
v -0.16484433065490908 -0.006118585237410096 -0.06843183820274071
v -0.1645206423396485 -0.006223045692919687 -0.06755584245155541
v -0.16428050581720643 -0.00604634440092673 -0.06666489864492905
v -0.16414740012391085 -0.005605769996344484 -0.065846224232291
v -0.16414740012391085 -0.005605769996344484 -0.065846224232291
v -0.16413439057330997 -0.004944454733200739 -0.06517996137178175
v -0.16424272938557863 -0.00412713407081646 -0.06473131377048688
v -0.1659798046901441 -0.006499607813422821 -0.06799137163323046
v -0.16557506661167007 -0.006576872739172162 -0.06714681156866134
v -0.165261815165301 -0.006375635323099463 -0.06628423410066181
v -0.16507068687640755 -0.005915589592467114 -0.06548807048105493
v -0.16507068687640755 -0.005915589592467114 -0.06548807048105493
v -0.1650204231820208 -0.005241776201967056 -0.0648362510464448
v -0.16511591371477882 -0.004420143173278346 -0.06439259007180681
v -0.16705715346560174 -0.006909326015822165 -0.0674437572917907
v -0.16657551638054222 -0.006957344806458033 -0.06663828825603463
v -0.1661928900913069 -0.006729726721001779 -0.06581096651125357
v -0.16594671660468013 -0.006248745577247411 -0.06504278656275272
v -0.16594671660468013 -0.006248745577247411 -0.06504278656275272
v -0.16586110547449892 -0.005561490700320739 -0.06440893086870864
v -0.16594442240903726 -0.004735227912914955 -0.06397145801095358
v -0.16806602208930296 -0.007343807858556197 -0.06679424239765394
v -0.16751238477056218 -0.0073608166237606985 -0.06603513348299014
v -0.16706479840086763 -0.007105220453139901 -0.06524963934342334
v -0.16676707045887557 -0.0066020377449329416 -0.06451464772103974
v -0.16676707045887557 -0.0066020377449329416 -0.06451464772103974
v -0.16664835594156496 -0.005900526129401293 -0.06390210510914923
v -0.16672026196108952 -0.005069351754166293 -0.0634719714875423
v -0.16899670101659453 -0.007798860024392633 -0.06604910970586886
v -0.16837663691842758 -0.007783388722427445 -0.06534318679222986
v -0.16786912124408854 -0.007498490651244543 -0.06460567319633356
v -0.16752382826661896 -0.006972053864971966 -0.06390875652821629
v -0.16752382826661896 -0.006972053864971966 -0.06390875652821629
v -0.16676707045887557 -0.0066020377449329416 -0.06451464772103974
v -0.16664835594156496 -0.005900526129401293 -0.06390210510914923
v -0.16737457708453368 -0.006255612769773511 -0.06332065905512668
v -0.16672026196108952 -0.005069351754166293 -0.0634719714875423
v -0.1674359668751226 -0.005419294429293177 -0.06289895070830415
v -0.16984022871905408 -0.008270110018318818 -0.06521550932713677
v -0.16915994197611264 -0.008220999713667463 -0.06456908598527572
v -0.168598114452382 -0.007905758869083913 -0.06388524668330756
v -0.1682097298698585 -0.00735524223532325 -0.06323093075081998
v -0.1682097298698585 -0.00735524223532325 -0.06323093075081998
v -0.16803280208507204 -0.006623337795172506 -0.06267018786295428
v -0.16808465833471997 -0.0057816929505985475 -0.06225790204727879
v -0.17058845035243017 -0.00875299916295475 -0.06430150778969235
v -0.16985477577976496 -0.008669425385850983 -0.06372032242630771
v -0.1692447525394226 -0.00832308850458559 -0.06309533410122437
v -0.1688181311239081 -0.007747896496308979 -0.06248772155123119
v -0.1688181311239081 -0.007747896496308979 -0.06248772155123119
v -0.16861666547122936 -0.007000152019176144 -0.06195696329711448
v -0.16866005886984717 -0.006153046672476537 -0.06155501197861251
v -0.171234208427463 -0.009242905506259844 -0.06331585552042912
v -0.17045442084971343 -0.009124359165106953 -0.06280502454203735
v -0.16980283137005325 -0.008746478633000656 -0.06224350582291758
v -0.16934320923525048 -0.008146249858829576 -0.06168626569197228
v -0.16934320923525048 -0.008146249858829576 -0.06168626569197228
v -0.16912054978729593 -0.0073824308977079815 -0.06118784512274069
v -0.1691566390267114 -0.006529786080424824 -0.06079703751741495
v -0.17177124014098138 -0.009735081134406609 -0.06226810264600021
v -0.17095312772730553 -0.009581406803538318 -0.0618320552035515
v -0.17026695349329712 -0.00917183428757474 -0.061338000711190145
v -0.16977988942660885 -0.008546457580627992 -0.06083429492009159
v -0.16977988942660885 -0.008546457580627992 -0.06083429492009159
v -0.16953961492777492 -0.007766491141893187 -0.06037025151152595
v -0.16956963203474765 -0.006908283044099994 -0.05999128618480711
v -0.17219439738069758 -0.010224817647374864 -0.06116826704110206
v -0.17134608564094658 -0.010036185266256365 -0.06081073053796405
v -0.17063266014523548 -0.009595076905568092 -0.060387496917121995
v -0.17012397693982198 -0.008944672373017255 -0.059940001047784124
v -0.17012397693982198 -0.008944672373017255 -0.059940001047784124
v -0.16986981280437255 -0.008148637308158018 -0.059512041232520456
v -0.16989504847360806 -0.007284892216410677 -0.05914551216646895
v -0.17249958805725835 -0.010707359725425256 -0.06002703668609539
v -0.17162949584102236 -0.010484287047301795 -0.059750953713470355
v -0.17089641658201915 -0.010012108120168723 -0.05940120175377228
v -0.1703721277018735 -0.009337045956546565 -0.05901201665935746
v -0.1703721277018735 -0.009337045956546565 -0.05901201665935746
v -0.170107960680926 -0.008525180619717113 -0.05862150077581015
v -0.17012974960809116 -0.007655981534769029 -0.0582678720088803
v -0.17268389344014495 -0.011178094866922722 -0.05885531955657567
v -0.1718006449348396 -0.01092142227753169 -0.05866287032896136
v -0.171055700081792 -0.010418932273148504 -0.05838856736540457
v -0.17052199499475315 -0.009719814720784184 -0.05805926015690056
v -0.17052199499475315 -0.009719814720784184 -0.05805926015690056
v -0.17025177050738044 -0.008892504893989283 -0.057707182064799654
v -0.1702714767221174 -0.008017983873239204 -0.057366800742916495
v -0.1727419600767206 -0.011606219990811106 -0.05773324229118994
v -0.17185541149734973 -0.01132522670398922 -0.05760453466393493
v -0.17110748924414568 -0.010800798432511543 -0.05738772893163445
v -0.17110748924414568 -0.010800798432511543 -0.05738772893163445
v -0.171055700081792 -0.010418932273148504 -0.05838856736540457
v -0.17057143743776013 -0.010084271411895945 -0.05710405784826149
v -0.1702996875828253 -0.009245780591564326 -0.05678127955220286
v -0.17031888045270108 -0.008367409762138596 -0.05645099276556975
v -0.17057143743776013 -0.010084271411895945 -0.05710405784826149
v -0.14715056717975486 -0.04219008396014251 0.03774025337635568
v -0.14808897293692216 -0.04220013718235687 0.03771223852696556
v -0.14898739047096282 -0.04193826733955812 0.037787654402684195
v -0.14898739047096282 -0.04193826733955812 0.037787654402684195
v -0.1490391796333165 -0.04232013349892116 0.038788492836454316
v -0.14975784439802658 -0.041430105157648334 0.037959129582017165
v -0.15032495811118818 -0.04072539778958498 0.03820986894792058
v -0.15063317859712333 -0.039893120266239486 0.03851533138073217
v -0.14715056376299676 -0.007302516741264876 -0.05613380332964935
v -0.14808896952171693 -0.007328425892232364 -0.05611915368639774
v -0.1489873870571587 -0.007080862462805241 -0.056005242691438445
v -0.14975784439802658 -0.041430105157648334 0.037959129582017165
v -0.14975784098533407 -0.006584050416177411 -0.055803227026539545
v -0.14975784098533407 -0.006584050416177411 -0.055803227026539545
v -0.15032495469920942 -0.005886631220963742 -0.05553287693951352
v -0.15063317518539066 -0.005056866144669008 -0.05522065411565967
v -0.14720863031762718 -0.006893921727662256 -0.05726313881371397
v -0.1481437360069369 -0.006943041630414152 -0.05718433506714707
v -0.14903917614642123 -0.00671641505045383 -0.05701255467159784
v -0.14980728335858262 -0.00623622317739536 -0.056764609546132536
v -0.14980728335858262 -0.00623622317739536 -0.056764609546132536
v -0.15037287170703564 -0.005549471934175156 -0.056464768995031236
v -0.1506805788490929 -0.004723384008344404 -0.05614238746880084
v -0.1473929356143807 -0.006485175817246095 -0.0584578937749889
v -0.14831488502076895 -0.006563470647955042 -0.05829381177162674
v -0.14919845957175518 -0.0063631642740093804 -0.05804509920264114
v -0.14995715058142497 -0.005903860744781867 -0.05773609918283061
v -0.14995715058142497 -0.005903860744781867 -0.05773609918283061
v -0.15051668146627845 -0.0052305166246294065 -0.05739706366819037
v -0.15082230589688128 -0.004409050135570447 -0.05706117436171439
v -0.14769812620647763 -0.006105281512579422 -0.05963727240336517
v -0.1485982951424094 -0.0062106909990267654 -0.05938901434998052
v -0.14946221593554201 -0.006034844848564815 -0.05906436343557974
v -0.15020530127479537 -0.005594950140773854 -0.05869510196020096
v -0.15020530127479537 -0.005594950140773854 -0.05869510196020096
v -0.15075482927692196 -0.004934071924009924 -0.058317372171551106
v -0.15105700696640917 -0.004116900151587636 -0.05796815172953278
v -0.14812128336420669 -0.005757869630036662 -0.060790001887299557
v -0.1489912529799158 -0.0058880799307962535 -0.060459458034220336
v -0.14982792251662505 -0.005734603940565202 -0.06006057989055704
v -0.1505493887213433 -0.005312465681121139 -0.05963240614071925
v -0.1505493887213433 -0.005312465681121139 -0.05963240614071925
v -0.15108502708954433 -0.004662984452583023 -0.05921685657965933
v -0.15138242334222135 -0.0038497414862004743 -0.058854602206024106
v -0.14865831499901108 -0.00544631915675557 -0.06190488274276596
v -0.1494899597844122 -0.00559876727845645 -0.0614947648194148
v -0.15029204457184156 -0.005465351041707882 -0.06102409941801435
v -0.15098606884869634 -0.0050591321981043585 -0.06053895764514496
v -0.15098606884869634 -0.0050591321981043585 -0.06053895764514496
v -0.15150409216860045 -0.004419872506221717 -0.0600868325662449
v -0.1517954162897244 -0.003610150520359732 -0.05971197690856376
v -0.14930405833237084 -0.005173608404256709 -0.06297124219797073
v -0.15008960478500413 -0.005345520618301288 -0.06248501025693249
v -0.15085010867093943 -0.005229663886042653 -0.061945682120933813
v -0.15151114689930822 -0.004837383520663404 -0.061406047308067445
v -0.15151114689930822 -0.004837383520663404 -0.061406047308067445
v -0.15200797642638691 -0.004207069995173429 -0.0609189353586316
v -0.15229199638915303 -0.003400430800197517 -0.060532022981231635
v -0.15005229456279376 -0.004942375873810233 -0.06397877797283757
v -0.15078443852370976 -0.005130793937499233 -0.06342063026355754
v -0.15149676136452228 -0.005029826866689966 -0.06281642419890587
v -0.15211956276347383 -0.004649361305603122 -0.06222530646929509
v -0.15211956276347383 -0.004649361305603122 -0.06222530646929509
v -0.1525918544249547 -0.00402663605232899 -0.061705139205526637
v -0.15286739687049586 -0.0032226072012345956 -0.06130683706530365
v -0.15089582220073366 -0.004754833960045527 -0.06491782824962519
v -0.1515677581884662 -0.00495664081369495 -0.06429264718075531
v -0.1522257691840415 -0.00486775057524322 -0.06362797444825569
v -0.15280544964726528 -0.004496866504955942 -0.06298886777773677
v -0.15280544964726528 -0.004496866504955942 -0.06298886777773677
v -0.15211956276347383 -0.004649361305603122 -0.06222530646929509
v -0.1525918544249547 -0.00402663605232899 -0.061705139205526637
v -0.1532500647081622 -0.0038802958524792024 -0.06243788640395357
v -0.15286739687049586 -0.0032226072012345956 -0.06130683706530365
v -0.15351608828047708 -0.0030783894623790126 -0.0620289709740506
v -0.1518264864025645 -0.004612808923335534 -0.0657792792239609
v -0.15243199561504445 -0.004824751276061395 -0.0650926159117739
v -0.1530300773097405 -0.0047450050274806515 -0.06437247507386057
v -0.1535622074074603 -0.004381379485220703 -0.06368934882314298
v -0.1535622074074603 -0.004381379485220703 -0.06368934882314298
v -0.15397628580550082 -0.0037694663176107094 -0.06311010877514367
v -0.15423179314954125 -0.0029691668659624967 -0.06269145356103656
v -0.15283536964137986 -0.004517649668493483 -0.06655490875565709
v -0.15336886395689553 -0.0047363843303967375 -0.06581288101594066
v -0.15390198557447263 -0.00466276620581506 -0.06504279617323033
v -0.1543825612194776 -0.00430400241046427 -0.06432003738354974
v -0.1543825612194776 -0.00430400241046427 -0.06432003738354974
v -0.15476353623209094 -0.003695213291103989 -0.06371534289847414
v -0.15500763266170386 -0.0028959887796457338 -0.06328791861272692
v -0.1539127330390578 -0.004470285361671324 -0.06723720112126713
v -0.1543693283511833 -0.004692400660828305 -0.06644647360912745
v -0.15483307512877648 -0.004621832277099067 -0.06563245433051554
v -0.15525859091135025 -0.004265488832693206 -0.06487482691181229
v -0.15525859091135025 -0.004265488832693206 -0.06487482691181229
v -0.155604233156623 -0.003658253617407419 -0.06424775472978622
v -0.15583614132153684 -0.002859564527461044 -0.0638126127490368
v -0.15504819237007822 -0.004471169377306289 -0.06781958848204081
v -0.15542373792164738 -0.004693219941146701 -0.06698729421068592
v -0.15581436977771093 -0.004622594921312053 -0.06613577285322653
v -0.15618187763357488 -0.004266208660740121 -0.06534838633146339
v -0.15618187763357488 -0.004266208660740121 -0.06534838633146339
v -0.15649025106929723 -0.003658940350940861 -0.06470220961489098
v -0.15670932562210715 -0.0028602421099581336 -0.06426048289652433
v -0.15623085006439105 -0.004520287221766494 -0.06829649754529604
v -0.1565219724484567 -0.004738829927245735 -0.06743016381343014
v -0.15683645331673754 -0.004665042193156705 -0.06654793450080718
v -0.15714350385911122 -0.004306142969257359 -0.06573617400446347
v -0.15714350385911122 -0.004306142969257359 -0.06573617400446347
v -0.15741308311866195 -0.0036972678263235536 -0.06507434173591287
v -0.15761879604784512 -0.002898014830098083 -0.06462722644170019
v -0.15744926587344724 -0.004617171066532802 -0.06866329535200963
v -0.15765341303424055 -0.004828800990304267 -0.0677707696712273
v -0.15788944019775147 -0.0047487743529924815 -0.06686492378028802
v -0.1581342440541947 -0.004384927743577622 -0.06603441822051487
v -0.1581342440541947 -0.004384927743577622 -0.06603441822051487
v -0.1583638557785989 -0.0037728728271684536 -0.06536055851990041
v -0.15855578174152954 -0.002972521164296091 -0.06490929913157581
v -0.15869173554291757 -0.004760889511501243 -0.06891646033885965
v -0.15880720610982066 -0.004962260436026999 -0.06800587036374206
v -0.1589632248678286 -0.004872978315033643 -0.06708372411048236
v -0.15914453534435938 -0.0045017866545465895 -0.06624028297671655
v -0.15914453534435938 -0.0045017866545465895 -0.06624028297671655
v -0.1593333728492773 -0.0038850160306883093 -0.0655581132275963
v -0.1595112625071548 -0.003083043601806038 -0.06510398617859786
v -0.15994626779055157 -0.0693983818480626 0.10436140742914843
v -0.14026057719022667 -0.06608784069713888 0.10559174516238526
v -0.14028650581075372 -0.06627532393098252 0.10651108115525043
v -0.15997219641107863 -0.06958586508190623 0.1052807434220136
v -0.14036175347970425 -0.06617350972059888 0.10744110399741086
v -0.16004744408002916 -0.0694840508715226 0.106210766264174
v -0.14047895456268697 -0.0657923725400808 0.10829080071765318
v -0.16016464516301188 -0.0691029136910045 0.10706046298441635
v -0.16016464516301188 -0.0691029136910045 0.10706046298441635
v -0.14047895456268697 -0.0657923725400808 0.10829080071765318
v -0.14062663650633844 -0.06516921805763282 0.10897698831400635
v -0.16031232710666335 -0.06847975920855652 0.10774665058076952
v -0.14079034318925307 -0.06436504086635265 0.1094324871653391
v -0.16047603378957798 -0.06767558201727636 0.10820214943210224
v -0.14026056886559896 0.0189126190480327 -0.12312405861074582
v -0.15994625946592386 0.015602077897108995 -0.12435439634398268
v -0.15997218802319324 0.016060501195560142 -0.12517303955898296
v -0.14028649742286833 0.01937104234648385 -0.12394270182574613
v -0.1600474356350793 0.016744985099452936 -0.12581084079312424
v -0.1403617450347544 0.02005552625037664 -0.12458050305988741
v -0.1601646366727748 0.017588537121460225 -0.12620539125066066
v -0.1404789460724499 0.020899078272383936 -0.1249750535174238
v -0.1404789460724499 0.020899078272383936 -0.1249750535174238
v -0.1601646366727748 0.017588537121460225 -0.12620539125066066
v -0.1603123185873501 0.018508580827407223 -0.1263180611850518
v -0.1406266279870252 0.021819121978330927 -0.12508772345181493
v -0.1604760252602464 0.01941505198889827 -0.12613781081693984
v -0.1407903346599215 0.022725593139821983 -0.12490747308370298
v -0.17560905360412832 -0.07200930699007749 0.10332038299633267
v -0.17461388397308245 -0.07186503379053605 0.10344469477667456
v -0.1746696745760919 -0.0720575389117934 0.10436216442283222
v -0.17575434215246855 -0.07221478657177942 0.1042266720023722
v -0.1747718654974099 -0.07196025574619316 0.10529050333625897
v -0.17593726016180739 -0.07212921051243906 0.1051449371562792
v -0.17491046571224023 -0.07158271725611545 0.10613886263025069
v -0.17613991110217997 -0.07176095620491782 0.10598529157785133
v -0.17613991110217997 -0.07176095620491782 0.10598529157785133
v -0.17491046571224023 -0.07158271725611545 0.10613886263025069
v -0.17507187595432172 -0.07096187146061209 0.10682419222045539
v -0.176342447571516 -0.07114607145890497 0.10666548075028759
v -0.17524030540656804 -0.07015848849710561 0.10727939590300628
v -0.1765250599987106 -0.07034474401636516 0.10711891105768917
v -0.1764921381281388 -0.07209564516403635 0.10309790625857412
v -0.17675474789270193 -0.07231259575521201 0.10397464010501378
v -0.1770435175356798 -0.07223736647244344 0.10486623193905459
v -0.17733016630144416 -0.07187732551700335 0.10568542730565741
v -0.17733016630144416 -0.07187732551700335 0.10568542730565741
v -0.1775866332760997 -0.07126771303908415 0.10635202846141778
v -0.17778782877379767 -0.07046820517209032 0.106800784454683
v -0.17734483265424478 -0.07213660082802956 0.10276896706258215
v -0.17772068621253678 -0.07235898220592227 0.10360199285036631
v -0.1781116114083353 -0.07228866087631411 0.10445418029411524
v -0.17847933926900159 -0.0719325140631762 0.10524209780803326
v -0.17847933926900159 -0.0719325140631762 0.10524209780803326
v -0.17878787404157742 -0.07132540525604236 0.10588862061882728
v -0.17900700726233382 -0.07052676230254831 0.10633046588831427
v -0.17815235286123363 -0.07213146043246157 0.10233925940163294
v -0.17863549541664017 -0.07235316063373816 0.10311519805013425
v -0.17912322271509837 -0.07228222437693083 0.10391587740786956
v -0.17956776157752627 -0.07192558649529057 0.10466291560557756
v -0.17956776157752627 -0.07192558649529057 0.10466291560557756
v -0.1799256067545174 -0.07131816352695794 0.10528319803130898
v -0.18016173901118002 -0.07051941004453455 0.10571599132346604
v -0.17890105845282175 -0.07208031276155627 0.10181604697912564
v -0.17948365783461512 -0.07229522075639526 0.10252248877464626
v -0.18006108841432672 -0.07221815425143494 0.10326047556426618
v -0.18057682082273313 -0.07185665195455662 0.10395775983268071
v -0.18057682082273313 -0.07185665195455662 0.10395775983268071
v -0.1809803683254903 -0.07124610447256277 0.10454609806505341
v -0.18123225292421768 -0.07044627810889617 0.10496789197334289
v -0.17957802781508067 -0.07198403710009874 0.10120835042123211
v -0.18025056514923965 -0.07218615791338771 0.10183406658425292
v -0.18090911882329747 -0.07209755230211837 0.10249922569853356
v -0.1814892392961013 -0.07172689536289346 0.103138716917483
v -0.1814892392961013 -0.07172689536289346 0.103138716917483
v -0.1819341330297323 -0.07111046890615665 0.10368994276978885
v -0.18220025927094913 -0.07030861482117018 0.10409894606529227
v -0.18017171803077173 -0.07184428185733929 0.10052654984897402
v -0.1809231197428586 -0.07202783663268233 0.10106169380034702
v -0.18165282296077523 -0.07192248218411557 0.10164514352315412
v -0.18228941132553078 -0.07153853552436462 0.10221979411113843
v -0.18228941132553078 -0.07153853552436462 0.10221979411113843
v -0.1814892392961013 -0.07172689536289346 0.103138716917483
v -0.1819341330297323 -0.07111046890615665 0.10368994276978885
v -0.18277054717890473 -0.07091357305123418 0.10272938676025822
v -0.18220025927094913 -0.07030861482117018 0.10409894606529227
v -0.18304916969127574 -0.07010877999621791 0.10312404636483019
v -0.1806719502123578 -0.07166343354991292 0.09978230897227086
v -0.18148982269929306 -0.07182296649744666 0.10021858324719829
v -0.18227948455083243 -0.07169593930738158 0.10071283789865937
v -0.18296363794710327 -0.07129478932032067 0.10121670228866694
v -0.18296363794710327 -0.07129478932032067 0.10121670228866694
v -0.18347533979667927 -0.0706587893576623 0.10168085409761674
v -0.1837644638701236 -0.06985018461322404 0.10205984901668322
v -0.18107021750869046 -0.07144458294769873 0.0989883253719252
v -0.18194097914162816 -0.07157504323957772 0.09931913399902667
v -0.1827783673606374 -0.07142179452572406 0.09971825356457822
v -0.18350039091081288 -0.07099983305112433 0.10014661596483446
v -0.18350039091081288 -0.07099983305112433 0.10014661596483446
v -0.18403639595365678 -0.07035046799179942 0.10056228927043942
v -0.18433390954221962 -0.06953726292630598 0.10092458519781405
v -0.18135964110405087 -0.07119149171915082 0.09815826341089232
v -0.18226885956904892 -0.07128832915265015 0.09837879558684587
v -0.18314092053824338 -0.07110474561234476 0.09867843482201025
v -0.183890488684381 -0.07065871523705916 0.09902784801969736
v -0.183890488684381 -0.07065871523705916 0.09902784801969736
v -0.1844441674429502 -0.06999389429314448 0.09939283122124348
v -0.18474776782987468 -0.06917536424348285 0.0997376641708686
v -0.18153530755879912 -0.07090847266763917 0.09730625824729255
v -0.1824678611936648 -0.07096771411171904 0.09741361094705489
v -0.18336096928338652 -0.07075021435877213 0.09761115045537122
v -0.18412724312309983 -0.07027726708164969 0.097879533241368
v -0.18412724312309983 -0.07027726708164969 0.097879533241368
v -0.18469164344620206 -0.06959516444810032 0.09819249392158294
v -0.1849989545798144 -0.06877068142956042 0.09851939781351882
v -0.1816005316088331 -0.07056723161949977 0.09635446995798927
v -0.18253895203479767 -0.07059578675697303 0.09637623176129961
v -0.18343735490348728 -0.07035060353289321 0.09649655487022224
v -0.18420782349883358 -0.06985568737236034 0.09670366435529223
v -0.18420782349883358 -0.06985568737236034 0.09670366435529223
v -0.1847749225458424 -0.06915948040607574 0.09697728381251194
v -0.18508315769905007 -0.0683301356723343 0.09729063012357458
v -0.18153529964952628 0.009850914163791505 -0.11999783783349505
v -0.18160052376854846 0.009487735656586465 -0.11905420243594855
v -0.1825389441924424 0.009480323487786126 -0.11908933127874388
v -0.1824678532761174 0.00987616153830255 -0.12011782423415399
v -0.18343734705926418 0.00974457846902393 -0.11902032568364207
v -0.18336096135837449 0.010169880836799363 -0.12012537320036981
v -0.184207815653128 0.010254631603936921 -0.11885394615782671
v -0.1841272351921641 0.010703313719366708 -0.12001974263839052
v -0.1841272351921641 0.010703313719366708 -0.12001974263839052
v -0.184207815653128 0.010254631603936921 -0.11885394615782671
v -0.18477491469918514 0.010960556134021117 -0.11860647432877047
v -0.18469163551146303 0.011424250271070333 -0.11981127469657885
v -0.1850831498520649 0.011793249066828132 -0.11830213721651414
v -0.18499894664376476 0.012262115703859894 -0.1195203796643681
v -0.18135963313355594 0.010193016855336625 -0.12082788500641109
v -0.18226885158214678 0.010263708768260504 -0.12105813402902574
v -0.18314091253654002 0.010598423266077297 -0.12116515186990368
v -0.18389048067093136 0.01116439184199839 -0.12113846353798419
v -0.18389048067093136 0.01116439184199839 -0.12113846353798419
v -0.18444415942195916 0.011906216173414749 -0.1209806779412334
v -0.18474775980628472 0.01275128264729836 -0.12070724813005468
v -0.1810702094790883 0.01054345278362412 -0.12162176954153076
v -0.18194097108776625 0.010660702121527608 -0.12195748798084627
v -0.18277835928489045 0.0110374132747215 -0.12215965212105381
v -0.18350038281769787 0.01163671509765751 -0.1222084699670308
v -0.18350038281769787 0.01163671509765751 -0.1222084699670308
v -0.1840363878493908 0.012399939689236843 -0.12209916529184123
v -0.1843339014341112 0.01325237838036988 -0.12184243761962654
v -0.18067194212676999 0.010896256559543694 -0.12236597045180153
v -0.18148981458200877 0.011060367281995692 -0.12280054349156841
v -0.1822794764049549 0.01147935223957173 -0.12309187700826868
v -0.18296362977853384 0.012112202792976045 -0.12321146314340878
v -0.18296362977853384 0.012112202792976045 -0.12321146314340878
v -0.1834753316135405 0.012896966614271557 -0.12314759911646148
v -0.18376445568196495 0.013756827354947637 -0.12290652176175723
v -0.1801717098932831 0.011245352894604875 -0.12304768321376308
v -0.1809231115667788 0.011455842216731571 -0.12357281720376873
v -0.18165281474988199 0.011916666394928976 -0.12394585107144138
v -0.18228940308700925 0.012582718292227419 -0.1241302778619526
v -0.18228940308700925 0.012582718292227419 -0.1241302778619526
v -0.182770538922645 0.013388800166282869 -0.12410803398112963
v -0.18304916142890368 0.014256004690082535 -0.12388130863585756
v -0.17957801963066175 0.011584789825706593 -0.12365527358756603
v -0.18025055691999514 0.011840370420183505 -0.12426112188524466
v -0.1809091105536153 0.012341873863815809 -0.1247069715806598
v -0.18148923099432765 0.013040207884924004 -0.12494918061822255
v -0.18148923099432765 0.013040207884924004 -0.12494918061822255
v -0.18193412470735473 0.013867015445116978 -0.12496403974145573
v -0.1822002509414719 0.01474136193312767 -0.1247500960759218
v -0.1789010502272458 0.011908757270531046 -0.1241783502057418
v -0.1794836495587464 0.012207374765242578 -0.12485368205535974
v -0.1800610800930879 0.012747702245719522 -0.1253622191867828
v -0.1805768124654888 0.013476847182009484 -0.12565417288280278
v -0.1805768124654888 0.013476847182009484 -0.12565417288280278
v -0.18148923099432765 0.013040207884924004 -0.12494918061822255
v -0.18193412470735473 0.013867015445116978 -0.12496403974145573
v -0.18098035994512857 0.014323440102622511 -0.12570097618240086
v -0.1822002509414719 0.01474136193312767 -0.1247500960759218
v -0.18123224453589004 0.015204604344053976 -0.12549804295022962
v -0.17815234460097698 0.012211724476611235 -0.12460797579094143
v -0.17863548710148422 0.012550585472998484 -0.12534037257111988
v -0.1791232143504168 0.013127213990844806 -0.12590038952364138
v -0.17956775317354126 0.01388516856978559 -0.12623319808518435
v -0.17956775317354126 0.01388516856978559 -0.12623319808518435
v -0.1799255983252976 0.014750257517990233 -0.1263062328705374
v -0.1801617305732652 0.015637792781217286 -0.12611233000812383
v -0.17734482436638166 0.01248846610531971 -0.12493674489523407
v -0.17772067786610685 0.012864093844562129 -0.12571281788525965
v -0.1781116030090707 0.01347389569523682 -0.12631224283708586
v -0.17847933082780718 0.014258175944237571 -0.12667632947936994
v -0.17847933082780718 0.014258175944237571 -0.12667632947936994
v -0.17878786557346238 0.015140164108144848 -0.12676944093894993
v -0.1790069987849422 0.01603352735365341 -0.12658246520530633
v -0.17649212982021012 0.012734305597093975 -0.12515909882743864
v -0.17675473952353996 0.013142590951113736 -0.12596472460801675
v -0.17704350911127945 0.01378184383275038 -0.12659078469196397
v -0.17733015783320605 0.014589500070709256 -0.12697601444764092
v -0.17733015783320605 0.014589500070709256 -0.12697601444764092
v -0.1775866247797162 0.015486497039586291 -0.127082695872215
v -0.17778782026771622 0.016385028542819993 -0.12690038867961553
v -0.1756090452840222 0.012944983945033428 -0.1252711916075218
v -0.1757543337695115 0.013381258090583714 -0.12609170760927782
v -0.17593725172215186 0.014045766318894927 -0.12673120975160967
v -0.1761399026175286 0.014873461021293645 -0.12712709898701624
v -0.1761399026175286 0.014873461021293645 -0.12712709898701624
v -0.17634243905797545 0.015783324700485907 -0.12724062721329216
v -0.17652505147521635 0.0166862868554361 -0.12706067148485026
v -0.17461387564845474 0.013135425954635538 -0.12527110899645652
v -0.1746696661882065 0.013588827365672969 -0.12609161855816434
v -0.17477185705246004 0.014268780224782363 -0.12673110372103927
v -0.17491045722200316 0.015108733556349278 -0.12712699160482632
v -0.17491045722200316 0.015108733556349278 -0.12712699160482632
v -0.17507186743500847 0.01602646857535165 -0.12724051954536592
v -0.17524029687723647 0.016932145509069026 -0.1270605643460358
v 0.1746138903154402 -0.01313542448698598 0.12527111260091897
v 0.17560907461799316 -0.01294498001083799 0.12527119612865745
v 0.175702505925686 -0.013110314091780746 0.1261924049082784
v 0.1746178236773955 -0.013317885833415885 0.12619231494049168
v 0.17573491393050428 -0.012988526672361419 0.12712412774195614
v 0.17456953392779795 -0.013211538111702973 0.12712402262805897
v 0.17570316270520278 -0.012591532172234755 0.1279751632400686
v 0.17447371730967737 -0.012826804707290388 0.12797505585787872
v 0.17447371730967737 -0.012826804707290388 0.12797505585787872
v 0.17570316270520278 -0.012591532172234755 0.1279751632400686
v 0.17561033528742315 -0.011958195067528881 0.12866220214443153
v 0.17433976366445592 -0.012201341537897781 0.1286621014603803
v 0.17546551968186735 -0.01115051393175689 0.12911800170263613
v 0.17418077975087298 -0.011396370118843936 0.1291178954804949
v 0.17649211515322433 -0.012734311658039331 0.12515910758242968
v 0.17670288234574372 -0.012871649289899386 0.1260654130897958
v 0.1768411566526466 -0.012724604057259599 0.12698369478176216
v 0.17689338858690978 -0.012307570963735822 0.12782406289959675
v 0.17689338858690978 -0.012307570963735822 0.12782406289959675
v 0.17685450634217867 -0.011661367277671994 0.1285042629028061
v 0.17672828847436722 -0.010849255619140788 0.1289577188974014
v 0.1773448830343241 -0.012488452047026201 0.12493673728196614
v 0.17766887935625236 -0.012593144912667399 0.1258135170176067
v 0.1779092945513941 -0.01241665111561155 0.1267051626607788
v 0.17804260558246665 -0.011976247224135953 0.1275244016329706
v 0.17804260558246665 -0.011976247224135953 0.1275244016329706
v 0.17805576180290955 -0.011315039666194128 0.1281910298378394
v 0.1779474669915932 -0.010497754429974205 0.1286397954230922
v 0.1781522712660479 -0.012211753381255871 0.12460801579861475
v 0.17858360058971523 -0.012279666913397947 0.1254411081066778
v 0.17892084722479745 -0.012069987063912517 0.1262933266322665
v 0.1791310132612147 -0.011603247507236155 0.12708128328986187
v 0.1791310132612147 -0.011603247507236155 0.12708128328986187
v 0.17919347988775924 -0.010925135542585394 0.12772782085275364
v 0.1791021987799162 -0.010102019857538077 0.1281696602259097
v 0.1789011382291608 -0.01190872270612687 0.12417830252257009
v 0.17943185104889345 -0.011936410260328932 0.12495433928445651
v 0.1798587716354121 -0.01169044987958479 0.12575511805885062
v 0.1801400725531635 -0.011194913141944296 0.12650222316810508
v 0.1801400725531635 -0.011194913141944296 0.12650222316810508
v 0.1802482708415615 -0.010498310598622758 0.12712255901408853
v 0.18017271274254104 -0.009668831420374767 0.1275553731680155
v 0.17957796096271791 -0.011584818859308494 0.12365532149578759
v 0.18019864107425565 -0.011569451602668436 0.12436184161970598
v 0.18070672876101043 -0.011284649403429393 0.12509990777261168
v 0.1810524470810451 -0.010758289031005909 0.1257972491051303
v 0.1810524470810451 -0.010758289031005909 0.1257972491051303
v 0.18120197693584592 -0.010041893211797595 0.1263856119225754
v 0.18114070448113742 -0.009205591475994342 0.12680742537703443
v 0.18017176856122732 -0.011245320667789308 0.12304762671336986
v 0.18087126905597006 -0.011184877324946127 0.12367345073122066
v 0.1814504916252212 -0.01085941130433383 0.12433873505908585
v 0.18185261917372794 -0.010300786460793568 0.1249783114294851
v 0.1810524470810451 -0.010758289031005909 0.1257972491051303
v 0.18185261917372794 -0.010300786460793568 0.1249783114294851
v 0.18203840581812222 -0.009563670275411306 0.12552959311117246
v 0.18120197693584592 -0.010041893211797595 0.1263856119225754
v 0.18198962963555468 -0.008720231766403326 0.12593863885364345
v 0.18114070448113742 -0.009205591475994342 0.12680742537703443
v 0.1806718834588241 -0.010896306357170817 0.12236607423102344
v 0.18143794273722375 -0.010789461828868188 0.1229013218470498
v 0.18207712394632003 -0.010422133228106164 0.1234848429690672
v 0.182526889866207 -0.009830284325929759 0.12405955533196131
v 0.182526889866207 -0.009830284325929759 0.12405955533196131
v 0.18274324250997293 -0.009071842301278105 0.12456919591589924
v 0.18270493855560146 -0.008221051964722547 0.12496385289621634
v 0.18107018014511675 -0.01054346390661851 0.12162178436372359
v 0.18188906990901324 -0.010389770455454047 0.12205818069648064
v 0.18257594815831535 -0.009980185960917395 0.12255256552803412
v 0.1830635842374303 -0.00935479351927899 0.12305652356951521
v 0.1830635842374303 -0.00935479351927899 0.12305652356951521
v 0.18330422541089647 -0.008574819922463341 0.12352073655628765
v 0.1832743696407622 -0.007716605456690671 0.12389976783741241
v 0.18135967713451773 -0.010192955949029118 0.12082774378284408
v 0.18221702373832485 -0.009992728432413408 0.12115873355377571
v 0.18293860407886547 -0.009541157922426819 0.12155801582259629
v 0.1834537554255918 -0.008882452739884158 0.12198650775608469
v 0.1834537554255918 -0.008882452739884158 0.12198650775608469
v 0.1837120849853776 -0.008081084202869114 0.12240226168959431
v 0.18368824267992123 -0.00721550725707327 0.12276457926451381
v 0.18153527031554936 -0.009850979792352077 0.11999799931706381
v 0.18241599609831685 -0.009605264000641772 0.12021863144180878
v 0.18315860889973887 -0.009112669611843255 0.12051836011279349
v 0.1836905099468225 -0.0084213953812777 0.12086784272749135
v 0.1836905099468225 -0.0084213953812777 0.12086784272749135
v 0.18395954640789547 -0.007599125958076885 0.12123287149601661
v 0.18393940018343027 -0.006726345246726566 0.12157770896548076
v 0.1816005384355438 -0.009487632964313994 0.1190539336692843
v 0.18248713101560926 -0.00920930694385219 0.11918984092979149
v 0.18323505326857714 -0.00868728989480235 0.11941313468200757
v 0.18377111974176047 -0.007972677186718327 0.1197019642737735
v 0.18377111974176047 -0.007972677186718327 0.1197019642737735
v 0.18404282559561858 -0.007135421439015058 0.12002804319270804
v 0.1840236180587159 -0.006257476143148923 0.12035946743430004
v 0.18160054627580863 0.0705671318625264 -0.09635419398240011
v 0.18153527822483392 0.07090852643222359 -0.09730641802197579
v 0.18241600401587235 0.07123869470548068 -0.09731302722340149
v 0.18248713885795081 0.0708666631437368 -0.09627534498099963
v 0.18315861682475595 0.0718074774937913 -0.09721830322044842
v 0.18323506111279214 0.07140780905101393 -0.09610352238785536
v 0.1836905178777608 0.07255921137477023 -0.09703150299101762
v 0.1837711275874625 0.07213760545253481 -0.09585554846509484
v 0.1837711275874625 0.07213760545253481 -0.09585554846509484
v 0.1836905178777608 0.07255921137477023 -0.09703150299101762
v 0.1839595543426355 0.07342029914310638 -0.09677092505764534
v 0.18404283344227484 0.0729846047190692 -0.09555568701307418
v 0.18393940811947992 0.07430645188669374 -0.09646206851240616
v 0.18402362590570107 0.07386590859601351 -0.09523329990578869
v 0.181359685105002 0.07119144361432594 -0.09815811131170749
v 0.18221703172521989 0.07155923681440901 -0.09827800051359467
v 0.18293861208056472 0.07216196942794484 -0.09828545912731695
v 0.18345376343903994 0.07294063876615448 -0.0981797618983466
v 0.18345376343903994 0.07294063876615448 -0.0981797618983466
v 0.18371209300636865 0.07381902626369012 -0.09797124747288258
v 0.1836882507035112 0.07471113963370794 -0.09768033303640947
v 0.18107018817472015 0.07144458480222013 -0.09898834546910759
v 0.18188907796287515 0.0718459749056513 -0.0992184412833923
v 0.1825759562340623 0.07247902183952817 -0.09932534015759792
v 0.1830635923305448 0.07328174943849655 -0.09929854839459998
v 0.1830635923305448 0.07328174943849655 -0.09929854839459998
v 0.18330423351516195 0.07417558256756662 -0.09914070403824288
v 0.18327437774887062 0.07507303584998519 -0.09886725498002819
v 0.18067189154441957 0.07166346161738038 -0.09978241470930024
v 0.18143795085451414 0.0720939342426498 -0.10011797250471796
v 0.1820771320922011 0.07275319465589128 -0.10031996971211143
v 0.18252689803477848 0.07357672855139216 -0.10036866597111474
v 0.18252689803477848 0.07357672855139216 -0.10036866597111474
v 0.18274325069311276 0.07448392405266838 -0.10025928523367916
v 0.18270494674376012 0.07538596000344913 -0.10000251788222411
v 0.1801717766987114 0.07184426736509814 -0.10052648063961647
v 0.18087127723204532 0.07229875480541106 -0.10096093456314428
v 0.1814504998361119 0.0729797113196792 -0.10125218969675917
v 0.18185262741224748 0.07382044659177327 -0.10137170467260562
v 0.18185262741224748 0.07382044659177327 -0.10137170467260562
v 0.1820384140743804 0.07473868736908684 -0.10130778572696514
v 0.18198963789792674 0.07564455291989712 -0.1010667161470443
v 0.1795779691471404 0.07198404440354095 -0.10120840028726114
v 0.18019864930350216 0.072457097494928 -0.10173340272079193
v 0.18070673703069415 0.07315479233552369 -0.10210633140983194
v 0.18105245538281925 0.07400881940781787 -0.10229066239832535
v 0.18105245538281925 0.07400881940781787 -0.10229066239832535
v 0.18120198525822298 0.07493558594846973 -0.1022683566209191
v 0.18114071281061464 0.0758443852783035 -0.10204161676417964
v 0.17890114645473268 0.07208030579791003 -0.10181598292029667
v 0.1794318593247591 0.07256615411527108 -0.10242174773904897
v 0.17985877995664937 0.07327539104455075 -0.10286753478894811
v 0.18014008091040684 0.07413857561260921 -0.10310968161187825
v 0.18105245538281925 0.07400881940781787 -0.10229066239832535
v 0.18014008091040684 0.07413857561260921 -0.10310968161187825
v 0.18024827922192324 0.07507123397656254 -0.10312451523336572
v 0.18120198525822298 0.07493558594846973 -0.1022683566209191
v 0.18017272113086868 0.07598205103257538 -0.10291056175555702
v 0.18114071281061464 0.0758443852783035 -0.10204161676417964
v 0.1781522795263076 0.07213146267385478 -0.10233930320046017
v 0.17858360890487418 0.07262411033937652 -0.1030145463210769
v 0.1789208555894805 0.07333946687688203 -0.10352298220249467
v 0.1791310216652012 0.07420752313085892 -0.10381487230415029
v 0.1791310216652012 0.07420752313085892 -0.10381487230415029
v 0.17919348831697962 0.07514329069336909 -0.10386162401684282
v 0.17910220721783102 0.07605518296821376 -0.10365866110568017
v 0.17734489132218623 0.07213660450431048 -0.10276894674034989
v 0.1776688877026823 0.072629931137817 -0.10350129371801928
v 0.1779093029506587 0.07334590545593939 -0.1040612604704223
v 0.17804261402366156 0.07421444797428413 -0.10439403962218266
v 0.17804261402366156 0.07421444797428413 -0.10439403962218266
v 0.17805577027102515 0.07515053488899939 -0.10446704568768789
v 0.17794747546898482 0.07606253522622752 -0.1042731356705284
v 0.1764921234611535 0.07209564429409732 -0.10309791147133318
v 0.1767028907149052 0.07258353222542008 -0.10387393765548464
v 0.17684116507704645 0.07329460105692792 -0.1044733078815063
v 0.17689339705514684 0.07415924424196417 -0.10483735091820143
v 0.17689339705514684 0.07415924424196417 -0.10483735091820143
v 0.1768545148385611 0.07509283241898584 -0.10493043349532646
v 0.17672829698044867 0.07600397809576953 -0.10474345423689713
v 0.17560908293809926 0.07200931092427293 -0.10332037847519696
v 0.17570251430864306 0.07248573057058239 -0.10412597470337162
v 0.1757349223701598 0.07318645015897257 -0.10475201916593271
v 0.17570317118985415 0.0740428850539767 -0.10513722732479897
v 0.17570317118985415 0.0740428850539767 -0.10513722732479897
v 0.1756103438009632 0.0749711959008557 -0.1052438918513981
v 0.1754655282053616 0.07588051694004437 -0.1050615808399033
v 0.1746138986400679 0.07186503525818563 -0.10344469117221211
v 0.1746178320652809 0.07232848044405049 -0.10426146804050487
v 0.1745695423727478 0.07301749785927256 -0.10489758442923927
v 0.17447372579991444 0.07386464610517435 -0.10529079837719829
v 0.17447372579991444 0.07386464610517435 -0.10529079837719829
v 0.17433977218376917 0.07478699849806597 -0.10540261030544096
v 0.17418078828020456 0.07569426388733069 -0.10522206476854717
v 0.14026058353258442 -0.018912617580383144 0.12312406221520827
v 0.14023465491205736 -0.019100100814226764 0.12404339820807345
v 0.14015940724310683 -0.01899828660384313 0.12497342105023387
v 0.1400422061601241 -0.018617149423325048 0.1258231177704762
v 0.1400422061601241 -0.018617149423325048 0.1258231177704762
v 0.13989452421647264 -0.017993994940877056 0.12650930536682936
v 0.139730817533558 -0.017189817749596895 0.1269648042181621
v 0.13973082606288958 0.06990081625657774 -0.10737515603087996
v 0.1398945327357859 0.06899434509508669 -0.10755540639899192
v 0.14004221465036118 0.0680743013891397 -0.10744273646460081
v 0.14004221465036118 0.0680743013891397 -0.10744273646460081
v 0.14015941568805668 0.0672307493671324 -0.10704818600706437
v 0.14023466329994275 0.0665462654632396 -0.10641038477292311
v 0.14026059185721212 0.06608784216478845 -0.10559174155792281
vt 0.025828290730714798 0.13800352811813354
vt 0.025828290730714798 0.13999879360198975
vt 0.027535293251276016 0.1399763822555542
vt 0.027535293251276016 0.1379590630531311
vt 0.029075199738144875 0.1399112343788147
vt 0.029075199738144875 0.13783007860183716
vt 0.3230845332145691 0.971588833257556
vt 0.3212020993232727 0.9716914724558592
vt 0.3212321102619171 0.9730476029217243
vt 0.32320448756217957 0.9729400854557753
vt 0.3212698996067047 0.9747564624994993
vt 0.3233555853366852 0.9746427610516548
vt 0.3213118016719818 0.9766507223248482
vt 0.3235231339931488 0.9765301756560802
vt 0.025828290730714798 0.13603734970092773
vt 0.027535293251276016 0.13596391677856445
vt 0.029075199738144875 0.1357511281967163
vt 0.32497450709342957 0.9712777081876993
vt 0.325213223695755 0.9726094156503677
vt 0.3255139887332916 0.9742874689400196
vt 0.32584741711616516 0.9761475659906864
vt 0.025828290730714798 0.13411909341812134
vt 0.027535293251276016 0.13401752710342407
vt 0.029075199738144875 0.13372290134429932
vt 0.32682788372039795 0.9707625303417444
vt 0.3271830677986145 0.9720618780702353
vt 0.3276306092739105 0.9736991189420223
vt 0.3281267285346985 0.9755140077322721
vt 0.025828290730714798 0.13226747512817383
vt 0.027535293251276016 0.1321386694908142
vt 0.029075199738144875 0.13176500797271729
vt 0.3286268413066864 0.9700482599437237
vt 0.3290950655937195 0.9713026788085699
vt 0.3296850919723511 0.9728833679109812
vt 0.33033913373947144 0.9746355507522821
vt 0.025828290730714798 0.13050013780593872
vt 0.027535293251276016 0.1303454041481018
vt 0.029075199738144875 0.129896342754364
vt 0.33035406470298767 0.9691417254507542
vt 0.33093082904815674 0.9703391771763563
vt 0.3316575884819031 0.9718480668962002
vt 0.33246326446533203 0.9735206961631775
vt 0.025828290730714798 0.12883418798446655
vt 0.027535293251276016 0.12865495681762695
vt 0.029075199738144875 0.1281348466873169
vt 0.33199286460876465 0.968051690608263
vt 0.3326726257801056 0.9691806677728891
vt 0.33352914452552795 0.9706032238900661
vt 0.3344786763191223 0.9721801597625017
vt 0.025828290730714798 0.12728571891784668
vt 0.027535293251276016 0.12708371877670288
vt 0.029075199738144875 0.12649744749069214
vt 0.33352750539779663 0.9667886756360531
vt 0.33430370688438416 0.9678382463753223
vt 0.3352817893028259 0.9691607914865017
vt 0.3363659977912903 0.9706268534064293
vt 0.025828290730714798 0.1258695125579834
vt 0.027535293251276016 0.1256466507911682
vt 0.029075199738144875 0.125
vt 0.3349432051181793 0.9653647616505623
vt 0.3358083963394165 0.9663248918950558
vt 0.336898535490036 0.967534676194191
vt 0.33810704946517944 0.9688757285475731
vt 0.09134946018457413 0.3329044580459595
vt 0.09134946018457413 0.3313590884208679
vt 0.08964245766401291 0.33115655183792114
vt 0.08964245766401291 0.3327246308326721
vt 0.0881025493144989 0.33056873083114624
vt 0.0881025493144989 0.3322027921676636
vt 0.33622628450393677 0.9637937806546688
vt 0.33717209100723267 0.9646551534533501
vt 0.338363915681839 0.9657405242323875
vt 0.33968502283096313 0.9669437147676945
vt 0.09134946018457413 0.33456772565841675
vt 0.08964245766401291 0.3344123363494873
vt 0.0881025493144989 0.3339614272117615
vt 0.33736446499824524 0.9620907567441463
vt 0.3383817970752716 0.9628451131284237
vt 0.3396637439727783 0.9637956321239471
vt 0.3410847783088684 0.9648492857813835
vt 0.09134946018457413 0.33633267879486084
vt 0.08964245766401291 0.33620333671569824
vt 0.0881025493144989 0.3358277678489685
vt 0.3383467197418213 0.9602721482515335
vt 0.33942580223083496 0.9609122052788734
vt 0.34078553318977356 0.9617187492549419
vt 0.34229275584220886 0.9626127816736698
vt 0.09134946018457413 0.3381824493408203
vt 0.08964245766401291 0.3380802869796753
vt 0.0881025493144989 0.3377836346626282
vt 0.3391636610031128 0.9583554640412331
vt 0.3402940332889557 0.9588750898838043
vt 0.3417184352874756 0.9595297984778881
vt 0.34329742193222046 0.9602555967867374
vt 0.09134946018457413 0.3400992751121521
vt 0.08964245766401291 0.34002524614334106
vt 0.0881025493144989 0.339810311794281
vt 0.33980730175971985 0.9563591293990612
vt 0.3409781754016876 0.9567532800137997
vt 0.3424535393714905 0.9572499208152294
vt 0.3440890312194824 0.9578004516661167
vt 0.09134946018457413 0.3420644998550415
vt 0.08964245766401291 0.34201931953430176
vt 0.0881025493144989 0.3418883681297302
vt 0.34027159214019775 0.9543024003505707
vt 0.3414716422557831 0.9545672759413719
vt 0.34298375248908997 0.9549010023474693
vt 0.3446599841117859 0.9552709795534611
vt 0.09134946018457413 0.3440593481063843
vt 0.08964245766401291 0.3440435528755188
vt 0.0881025493144989 0.343997597694397
vt 0.3405519127845764 0.9522051103413105
vt 0.34176957607269287 0.9523381926119328
vt 0.343303918838501 0.9525059014558792
vt 0.34500470757484436 0.9526917971670628
vt 0.09134946018457413 0.34606456756591797
vt 0.08964245766401291 0.34607821702957153
vt 0.0881025493144989 0.3461177945137024
vt 0.3406456708908081 0.9500874169170856
vt 0.3418692350387573 0.9500874169170856
vt 0.34341099858283997 0.9500874169170856
vt 0.34512004256248474 0.9500874169170856
vt 0.09134946018457413 0.34806084632873535
vt 0.08964245766401291 0.3481038212776184
vt 0.0881025493144989 0.3482285737991333
vt 0.3405519127845764 0.9479697234928608
vt 0.34176957607269287 0.9478366412222385
vt 0.343303918838501 0.9476689323782921
vt 0.34500470757484436 0.9474830515682697
vt 0.09134946018457413 0.35002899169921875
vt 0.08964245766401291 0.35010093450546265
vt 0.0881025493144989 0.3503096103668213
vt 0.34027159214019775 0.9458724334836006
vt 0.3414716422557831 0.9456075765192509
vt 0.34298375248908997 0.945273831486702
vt 0.3446599841117859 0.9449038542807102
vt 0.09134946018457413 0.3519499897956848
vt 0.08964245766401291 0.35205012559890747
vt 0.0881025567650795 0.35234081745147705
vt 0.33980730175971985 0.9438157081604004
vt 0.3409781754016876 0.9434215538203716
vt 0.3424535393714905 0.9429249130189419
vt 0.3440890312194824 0.9423743821680546
vt 0.09134946018457413 0.3538053631782532
vt 0.08964245766401291 0.35393279790878296
vt 0.0881025567650795 0.35430264472961426
vt 0.3391636610031128 0.9418193846940994
vt 0.3402940332889557 0.9412997588515282
vt 0.3417184352874756 0.9406450353562832
vt 0.34329739212989807 0.9399192370474339
vt 0.09134946018457413 0.3555772304534912
vt 0.08964245766401291 0.35573071241378784
vt 0.0881025493144989 0.35617613792419434
vt 0.3383467495441437 0.9399026855826378
vt 0.33942580223083496 0.9392625950276852
vt 0.34078550338745117 0.938456054776907
vt 0.34229275584220886 0.9375620521605015
vt 0.09134946018457413 0.35724854469299316
vt 0.08964245766401291 0.35742664337158203
vt 0.0881025493144989 0.3579433560371399
vt 0.33736446499824524 0.938084077090025
vt 0.338381826877594 0.9373297542333603
vt 0.3396637439727783 0.9363792389631271
vt 0.3410847783088684 0.9353255778551102
vt 0.09134946018457413 0.3588032126426697
vt 0.08964245766401291 0.3590041399002075
vt 0.0881025493144989 0.3595871925354004
vt 0.33622631430625916 0.9363810569047928
vt 0.33717212080955505 0.9355196952819824
vt 0.338363915681839 0.9344343096017838
vt 0.33968502283096313 0.9332311525940895
vt 0.09134946018457413 0.36022621393203735
vt 0.08964245766401291 0.36044812202453613
vt 0.0881025493144989 0.3610919117927551
vt 0.3349432051181793 0.9348100423812866
vt 0.3358083963394165 0.9338499456644058
vt 0.336898535490036 0.9326401576399803
vt 0.33810701966285706 0.9312990754842758
vt 0.05612558126449585 0.3587542772293091
vt 0.05612558126449585 0.3603058457374573
vt 0.05783258378505707 0.36050736904144287
vt 0.05783258378505707 0.35893285274505615
vt 0.059372492134571075 0.3610919117927551
vt 0.059372492134571075 0.3594513535499573
vt 0.33352750539779663 0.9333861917257309
vt 0.33430370688438416 0.9323365911841393
vt 0.3352817893028259 0.9310140535235405
vt 0.3363659977912903 0.929547980427742
vt 0.05612558126449585 0.35708558559417725
vt 0.05783258378505707 0.3572397232055664
vt 0.059372492134571075 0.35768699645996094
vt 0.33199286460876465 0.932123139500618
vt 0.3326726257801056 0.9309941977262497
vt 0.33352917432785034 0.9295716360211372
vt 0.3344787061214447 0.9279946982860565
vt 0.05612558126449585 0.3553159832954407
vt 0.05783258378505707 0.355444073677063
vt 0.059372492134571075 0.3558158874511719
vt 0.33035406470298767 0.9310331121087074
vt 0.33093082904815674 0.9298356473445892
vt 0.3316575884819031 0.9283267334103584
vt 0.33246323466300964 0.9266541376709938
vt 0.05612558126449585 0.3534625172615051
vt 0.05783258378505707 0.3535633683204651
vt 0.059372492134571075 0.35385602712631226
vt 0.3286268711090088 0.9301265850663185
vt 0.32909509539604187 0.9288721531629562
vt 0.3296850919723511 0.9272914752364159
vt 0.3303391635417938 0.9255392849445343
vt 0.05612558126449585 0.3515428900718689
vt 0.05783258378505707 0.3516154885292053
vt 0.059372492134571075 0.3518263101577759
vt 0.32682788372039795 0.929412268102169
vt 0.3271830677986145 0.9281129688024521
vt 0.3276306092739105 0.9264757111668587
vt 0.3281267285346985 0.924660824239254
vt 0.05612558126449585 0.3495757579803467
vt 0.05783258378505707 0.34961944818496704
vt 0.059372492134571075 0.3497462868690491
vt 0.32497450709342957 0.9288971200585365
vt 0.325213223695755 0.9275654181838036
vt 0.3255139887332916 0.925887368619442
vt 0.32584741711616516 0.9240272641181946
vt 0.05612558126449585 0.3475798964500427
vt 0.05783258378505707 0.3475942611694336
vt 0.059372492134571075 0.34763598442077637
vt 0.3230845332145691 0.9285859987139702
vt 0.3232044577598572 0.9272347465157509
vt 0.3233555853366852 0.9255320653319359
vt 0.3235231041908264 0.9236446619033813
vt 0.0709463581442833 0.33378612995147705
vt 0.07274361699819565 0.33378612995147705
vt 0.07272880524396896 0.33189189434051514
vt 0.0709051564335823 0.33189189434051514
vt 0.07268588989973068 0.3301830291748047
vt 0.0707855150103569 0.3301830291748047
vt 0.11766839772462845 0.9522051103413105
vt 0.11757463961839676 0.9500874169170856
vt 0.11635109037160873 0.9500874169170856
vt 0.116450734436512 0.9523381926119328
vt 0.11480933427810669 0.9500874169170856
vt 0.11491639912128448 0.9525058679282665
vt 0.11310029029846191 0.9500874169170856
vt 0.11321556568145752 0.9526917636394501
vt 0.0691760703921318 0.33378612995147705
vt 0.06910882145166397 0.33189189434051514
vt 0.06891372054815292 0.3301830291748047
vt 0.1179487407207489 0.9543024338781834
vt 0.11674870550632477 0.9545673243701458
vt 0.11523657292127609 0.9549011029303074
vt 0.11356034874916077 0.9552711099386215
vt 0.06744987517595291 0.33378612995147705
vt 0.06735727936029434 0.33189189434051514
vt 0.06708846241235733 0.3301830291748047
vt 0.11841299384832382 0.9563591293990612
vt 0.11724212020635605 0.9567532800137997
vt 0.1157667338848114 0.9572499208152294
vt 0.11413127183914185 0.9578004516661167
vt 0.06578429788351059 0.33378612995147705
vt 0.06566721946001053 0.33189189434051514
vt 0.06532739847898483 0.3301830291748047
vt 0.11905667930841446 0.9583554640412331
vt 0.11792626976966858 0.9588750898838043
vt 0.11650186777114868 0.9595297984778881
vt 0.1149229034781456 0.9602555967867374
vt 0.06419547647237778 0.33378612995147705
vt 0.06405501812696457 0.33189189434051514
vt 0.06364741176366806 0.3301830291748047
vt 0.11987359076738358 0.9602721482515335
vt 0.1187945157289505 0.9609122388064861
vt 0.11743480712175369 0.9617187492549419
vt 0.1159275472164154 0.9626127816736698
vt 0.06269868463277817 0.33378612995147705
vt 0.06253620237112045 0.33189189434051514
vt 0.06206474453210831 0.3301830291748047
vt 0.12085583806037903 0.9620907567441463
vt 0.11983849853277206 0.9628451131284237
vt 0.11855655908584595 0.9637956321239471
vt 0.11713552474975586 0.9648493193089962
vt 0.061308301985263824 0.33378612995147705
vt 0.06112537533044815 0.33189189434051514
vt 0.06059456616640091 0.3301830291748047
vt 0.1219940111041069 0.9637937806546688
vt 0.12104818969964981 0.9646551534533501
vt 0.11985640227794647 0.9657405242323875
vt 0.11853528022766113 0.9669436812400818
vt 0.025828300043940544 0.3588048219680786
vt 0.025828300043940544 0.3602243661880493
vt 0.02753530442714691 0.3604467511177063
vt 0.02753530442714691 0.35900628566741943
vt 0.02907521091401577 0.3610919117927551
vt 0.02907521091401577 0.3595908284187317
vt 0.12327711284160614 0.9653647616505623
vt 0.12241192907094955 0.9663248918950558
vt 0.12132174521684647 0.967534676194191
vt 0.12011326104402542 0.9688757285475731
vt 0.025828300043940544 0.35725319385528564
vt 0.027535302564501762 0.3574317693710327
vt 0.02907521091401577 0.35795021057128906
vt 0.12469282001256943 0.9667886756360531
vt 0.1239166185259819 0.9678382463753223
vt 0.12293852865695953 0.9691607914865017
vt 0.12185431271791458 0.9706268534064293
vt 0.025828300043940544 0.3555845022201538
vt 0.027535302564501762 0.35573863983154297
vt 0.02907521091401577 0.3561859130859375
vt 0.1262274533510208 0.968051690608263
vt 0.12554769217967987 0.9691806342452765
vt 0.12469112128019333 0.9706032238900661
vt 0.12374161928892136 0.972180126234889
vt 0.025828300043940544 0.35381489992141724
vt 0.027535302564501762 0.3539430499076843
vt 0.02907520718872547 0.35431480407714844
vt 0.12786626815795898 0.9691417254507542
vt 0.12728950381278992 0.9703391771763563
vt 0.12656272947788239 0.9718480668962002
vt 0.12575708329677582 0.9735206961631775
vt 0.025828298181295395 0.3519614338874817
vt 0.027535300701856613 0.3520622253417969
vt 0.02907520718872547 0.3523550033569336
vt 0.12959347665309906 0.9700482599437237
vt 0.1291252225637436 0.9713026788085699
vt 0.1285352259874344 0.9728833679109812
vt 0.12788119912147522 0.9746355507522821
vt 0.025828298181295395 0.35004180669784546
vt 0.027535300701856613 0.3501144051551819
vt 0.02907520718872547 0.35032522678375244
vt 0.1313924342393875 0.9707625638693571
vt 0.13103726506233215 0.9720618780702353
vt 0.13058972358703613 0.9736991189420223
vt 0.13009361922740936 0.9755140077322721
vt 0.025828298181295395 0.34807461500167847
vt 0.027535300701856613 0.34811830520629883
vt 0.02907520718872547 0.34824520349502563
vt 0.1332458108663559 0.9712777081876993
vt 0.13300709426403046 0.9726094156503677
vt 0.13270631432533264 0.9742874689400196
vt 0.1323728859424591 0.9761475659906864
vt 0.025828298181295395 0.3460788130760193
vt 0.027535300701856613 0.34609317779541016
vt 0.02907520718872547 0.3461349606513977
vt 0.13513578474521637 0.971588833257556
vt 0.1350158452987671 0.9729400854557753
vt 0.1348647177219391 0.9746427610516548
vt 0.13469719886779785 0.9765301756560802
vt 0.025828298181295395 0.3440735936164856
vt 0.027535300701856613 0.34406590461730957
vt 0.02907520718872547 0.34404343366622925
vt 0.030297283083200455 0.3461998701095581
vt 0.030297283083200455 0.34400850534439087
vt 0.13698822259902954 0.9730476029217243
vt 0.13695040345191956 0.9747564624994993
vt 0.13690851628780365 0.9766507223248482
vt 0.13701820373535156 0.9716914724558592
vt 0.05612558126449585 0.34557467699050903
vt 0.05783258378505707 0.345566987991333
vt 0.059372492134571075 0.3455445170402527
vt 0.06059456616640091 0.34770095348358154
vt 0.06059456616640091 0.34550952911376953
vt 0.3212321102619171 0.9271272420883179
vt 0.3212698996067047 0.9254183694720268
vt 0.3213118016719818 0.9235241115093231
vt 0.05612557381391525 0.14149987697601318
vt 0.05783257633447647 0.14147746562957764
vt 0.05937248468399048 0.14141231775283813
vt 0.13701820373535156 0.928483359515667
vt 0.3212020993232727 0.928483359515667
vt 0.13698822259902954 0.9271272420883179
vt 0.13695040345191956 0.9254183694720268
vt 0.13690851628780365 0.9235241115093231
vt 0.05612557381391525 0.13950461149215698
vt 0.05783257633447647 0.13946014642715454
vt 0.05937248468399048 0.1393311619758606
vt 0.13513578474521637 0.9285859987139702
vt 0.1350158452987671 0.9272347465157509
vt 0.1348647177219391 0.9255320653319359
vt 0.13469719886779785 0.9236446619033813
vt 0.05612557381391525 0.13753831386566162
vt 0.05783257633447647 0.1374650001525879
vt 0.05937248468399048 0.13725221157073975
vt 0.1332458108663559 0.9288971200585365
vt 0.13300709426403046 0.9275654181838036
vt 0.13270632922649384 0.925887368619442
vt 0.1323729008436203 0.9240272641181946
vt 0.05612557381391525 0.13562023639678955
vt 0.05783257633447647 0.1355186104774475
vt 0.05937248468399048 0.13522392511367798
vt 0.1313924342393875 0.929412268102169
vt 0.13103725016117096 0.9281129688024521
vt 0.13058972358703613 0.9264757111668587
vt 0.13009360432624817 0.924660824239254
vt 0.05612557381391525 0.1337684988975525
vt 0.05783257633447647 0.13363975286483765
vt 0.05937248468399048 0.13326603174209595
vt 0.12959347665309906 0.9301265850663185
vt 0.1291252225637436 0.9288721531629562
vt 0.1285352259874344 0.9272914752364159
vt 0.12788119912147522 0.9255392849445343
vt 0.05612557381391525 0.13200122117996216
vt 0.05783257633447647 0.13184642791748047
vt 0.05937248468399048 0.13139742612838745
vt 0.12786628305912018 0.9310331121087074
vt 0.12728950381278992 0.9298356473445892
vt 0.12656272947788239 0.9283267632126808
vt 0.12575708329677582 0.9266541376709938
vt 0.05612557381391525 0.13033527135849
vt 0.05783257633447647 0.13015598058700562
vt 0.05937248095870018 0.12963587045669556
vt 0.1262274533510208 0.9321231096982956
vt 0.12554769217967987 0.9309941679239273
vt 0.12469112128019333 0.9295716062188148
vt 0.12374161928892136 0.9279946759343147
vt 0.056125570088624954 0.12878674268722534
vt 0.05783257260918617 0.12858474254608154
vt 0.05937248095870018 0.12799853086471558
vt 0.12469282001256943 0.9333861619234085
vt 0.1239166185259819 0.9323365911841393
vt 0.12293854355812073 0.9310140162706375
vt 0.12185433506965637 0.9295479506254196
vt 0.0860389992594719 0.33378612995147705
vt 0.0873238816857338 0.33378612995147705
vt 0.08752342313528061 0.33189189434051514
vt 0.0862196609377861 0.33189189434051514
vt 0.0881025418639183 0.3301830291748047
vt 0.08674395829439163 0.3301830291748047
vt 0.12327712774276733 0.934810072183609
vt 0.12241192907094955 0.9338499754667282
vt 0.12132174521684647 0.9326401874423027
vt 0.12011324614286423 0.9312991052865982
vt 0.08463580161333084 0.33378612995147705
vt 0.08479585498571396 0.33189189434051514
vt 0.08526026457548141 0.3301830291748047
vt 0.1219940260052681 0.9363810569047928
vt 0.1210482120513916 0.9355196952819824
vt 0.11985640972852707 0.9344343096017838
vt 0.11853529512882233 0.9332311153411865
vt 0.08312775939702988 0.33378612995147705
vt 0.08326561003923416 0.33189189434051514
vt 0.08366569131612778 0.3301830291748047
vt 0.12085583806037903 0.938084077090025
vt 0.11983849853277206 0.9373297244310379
vt 0.11855655908584595 0.9363792017102242
vt 0.11713552474975586 0.9353255107998848
vt 0.081529401242733 0.33378612995147705
vt 0.08164376765489578 0.33189189434051514
vt 0.08197567611932755 0.3301830291748047
vt 0.11987357586622238 0.9399026855826378
vt 0.1187945008277893 0.9392626285552979
vt 0.1174347922205925 0.938456118106842
vt 0.11592752486467361 0.9375620856881142
vt 0.07985613495111465 0.33378612995147705
vt 0.0799458846449852 0.33189189434051514
vt 0.08020640164613724 0.3301830291748047
vt 0.11905667930841446 0.9418193846940994
vt 0.11792626976966858 0.9412997588515282
vt 0.11650186777114868 0.9406450353562832
vt 0.1149229034781456 0.9399192370474339
vt 0.078124038875103 0.33378612995147705
vt 0.07818835228681564 0.33189189434051514
vt 0.0783749595284462 0.3301830291748047
vt 0.11841297894716263 0.9438156746327877
vt 0.11724212020635605 0.9434215538203716
vt 0.1157667338848114 0.9429248981177807
vt 0.11413127928972244 0.9423743486404419
vt 0.07634983211755753 0.33378612995147705
vt 0.07638802379369736 0.33189189434051514
vt 0.07649897783994675 0.3301830291748047
vt 0.1179487556219101 0.9458723999559879
vt 0.11674870550632477 0.9456075094640255
vt 0.11523657292127609 0.9452737309038639
vt 0.11356034129858017 0.9449037574231625
vt 0.074550561606884 0.33378612995147705
vt 0.07456236332654953 0.33189189434051514
vt 0.07459650188684464 0.3301830291748047
vt 0.11766839772462845 0.9479697234928608
vt 0.116450734436512 0.9478366412222385
vt 0.11491639912128448 0.9476689659059048
vt 0.11321556568145752 0.9474830701947212
vt 0.9688999056816101 0.2922055721282959
vt 0.9688999056816101 0.3330112099647522
vt 0.9706069231033325 0.3329947590827942
vt 0.9706069231033325 0.29218918085098267
vt 0.9721468091011047 0.33294713497161865
vt 0.9721468091011047 0.29214155673980713
vt 0.45822030305862427 0.9500874169170856
vt 0.45822030305862427 0.9092207923531532
vt 0.45699822902679443 0.9092207923531532
vt 0.45699822902679443 0.9500874169170856
vt 0.4554583430290222 0.9092207923531532
vt 0.4554583430290222 0.9500874169170856
vt 0.4537513256072998 0.9092207923531532
vt 0.4537513256072998 0.9500874169170856
vt 0.9410468339920044 0.9143955484032631
vt 0.9410468339920044 0.9552199803292751
vt 0.942753791809082 0.9552063383162022
vt 0.942753791809082 0.9143819138407707
vt 0.944293737411499 0.9551667869091034
vt 0.944293737411499 0.9143423587083817
vt 2.9802318834981634e-8 0.9092207923531532
vt 2.9802318834981634e-8 0.9500874169170856
vt 0.0012221111683174968 0.9500874169170856
vt 0.0012221111683174968 0.9092207923531532
vt 0.0027619970496743917 0.9500874169170856
vt 0.0027619970496743917 0.9092207923531532
vt 0.00446901423856616 0.9500874169170856
vt 0.00446901423856616 0.9092207923531532
vt 0.4537513256072998 0.9805367402732372
vt 0.4536292552947998 0.9826026782393456
vt 0.45532530546188354 0.9828504528850317
vt 0.4554583430290222 0.9805987346917391
vt 0.4568553566932678 0.9830739852041006
vt 0.45699822902679443 0.9806546755135059
vt 0.4580695629119873 0.983251366764307
vt 0.45822030305862427 0.9806990902870893
vt 0.9721468091011047 0.26157569885253906
vt 0.9721468091011047 0.25901806354522705
vt 0.9706069231033325 0.2589516043663025
vt 0.9706069231033325 0.26159483194351196
vt 0.9688999056816101 0.2589287757873535
vt 0.9688999056816101 0.26160144805908203
vt 0.45330071449279785 0.9844359206035733
vt 0.45495307445526123 0.9849272537976503
vt 0.4564436674118042 0.9853705167770386
vt 0.4576266407966614 0.9857222866266966
vt 0.9721468091011047 0.2565239667892456
vt 0.9706069231033325 0.2563445568084717
vt 0.9688999056816101 0.2562827467918396
vt 0.4527592062950134 0.9862060798332095
vt 0.4543396234512329 0.986932503990829
vt 0.45576536655426025 0.9875878412276506
vt 0.4568968415260315 0.9881079141050577
vt 0.9721468091011047 0.2540976405143738
vt 0.9706069231033325 0.2538082003593445
vt 0.9688999056816101 0.2537086009979248
vt 0.4520142674446106 0.9878824455663562
vt 0.45349574089050293 0.9888316104188561
vt 0.45483213663101196 0.989687891677022
vt 0.45589274168014526 0.9903674377128482
vt 0.9721468091011047 0.25178056955337524
vt 0.9706069231033325 0.25138628482818604
vt 0.9688999056816101 0.25125038623809814
vt 0.4510784149169922 0.9894367270171642
vt 0.4524354934692383 0.9905923595651984
vt 0.4536598324775696 0.9916348690167069
vt 0.4546314477920532 0.9924621968530118
vt 0.9721468091011047 0.24961251020431519
vt 0.9706069231033325 0.24911999702453613
vt 0.9688999056816101 0.24895024299621582
vt 0.44996774196624756 0.9908420853316784
vt 0.45117735862731934 0.9921844257041812
vt 0.4522686004638672 0.9933953378349543
vt 0.45313459634780884 0.9943563416600227
vt 0.9721468091011047 0.24763035774230957
vt 0.9706069231033325 0.24704807996749878
vt 0.9688999056816101 0.24684739112854004
vt 0.44870132207870483 0.9920745603740215
vt 0.44974273443222046 0.9935806067660451
vt 0.4506821632385254 0.9949392345733941
vt 0.451427698135376 0.9960174621082842
vt 0.98607337474823 0.9991297287633643
vt 0.98607337474823 0.9973215211648494
vt 0.9845334887504578 0.9978868525940925
vt 0.9845334887504578 0.9997769629262621
vt 0.9828264713287354 0.9980816462775692
vt 0.9828264713287354 1
vt 0.4473007917404175 0.9931130190379918
vt 0.44815611839294434 0.994757057633251
vt 0.44892770051956177 0.9962401518132538
vt 0.44954007863998413 0.9974171321373433
vt 0.98607337474823 0.9952997681684792
vt 0.9845334887504578 0.9957735068164766
vt 0.9828264713287354 0.9959367499686778
vt 0.44578999280929565 0.993939817417413
vt 0.44644463062286377 0.9956936379894614
vt 0.44703519344329834 0.9972758158110082
vt 0.447503924369812 0.9985314080258831
vt 0.98607337474823 0.9930991372093558
vt 0.9845334887504578 0.9934731558896601
vt 0.9828264713287354 0.9936020537279546
vt 0.4441949725151062 0.9945406350307167
vt 0.4446377158164978 0.9963743081316352
vt 0.4450371265411377 0.9980284667108208
vt 0.4453541040420532 0.9993412237381563
vt 0.98607337474823 0.9907572316005826
vt 0.9845334887504578 0.9910251721739769
vt 0.9828264713287354 0.9911174923181534
vt 0.4425429105758667 0.9949053190648556
vt 0.4427661895751953 0.9967874260619283
vt 0.44296759366989136 0.9984852726338431
vt 0.44312745332717896 0.9998327221983345
vt 0.98607337474823 0.9883141415193677
vt 0.9845334887504578 0.9884713739156723
vt 0.9828264713287354 0.9885255703702569
vt 0.44068121910095215 0.9950407156720757
vt 0.44073712825775146 0.9969350094906986
vt 0.44078749418258667 0.9986438525374979
vt 0.44082748889923096 1
vt 0.98607337474823 0.9857735149562359
vt 0.9845334887504578 0.9858457362279296
vt 0.9828264713287354 0.9858706304803491
vt 0.017539074644446373 0.9950407156720757
vt 0.015677420422434807 0.9949053190648556
vt 0.015454133972525597 0.9967874260619283
vt 0.01748320274055004 0.9969350094906986
vt 0.015252692624926567 0.9984852726338431
vt 0.017432792112231255 0.9986438525374979
vt 0.015092847868800163 0.9998327221983345
vt 0.01739278994500637 1
vt 0.98607337474823 0.5164780914783478
vt 0.98607337474823 0.5139206647872925
vt 0.9845334887504578 0.5138503909111023
vt 0.9845334887504578 0.5164934396743774
vt 0.9828264713287354 0.5138261914253235
vt 0.9828264713287354 0.5164986848831177
vt 0.014025336131453514 0.9945406350307167
vt 0.013582585379481316 0.9963743081316352
vt 0.013183174654841423 0.9980284667108208
vt 0.012866197153925896 0.9993412237381563
vt 0.98607337474823 0.5114281475543976
vt 0.9845334887504578 0.511244922876358
vt 0.9828264713287354 0.5111818313598633
vt 0.012430315837264061 0.993939817417413
vt 0.011775663122534752 0.9956936379894614
vt 0.01118509378284216 0.9972758158110082
vt 0.010716415010392666 0.9985314080258831
vt 0.98607337474823 0.5090047717094421
vt 0.9845334887504578 0.5087118148803711
vt 0.9828264713287354 0.508610874414444
vt 0.0109195401892066 0.9931130190379918
vt 0.010064206086099148 0.994757057633251
vt 0.00929261650890112 0.9962401518132538
vt 0.008680268190801144 0.9974171321373433
vt 0.98607337474823 0.5066920518875122
vt 0.9845334887504578 0.5062943398952484
vt 0.9828264713287354 0.5061572790145874
vt 0.009518987499177456 0.9920745603740215
vt 0.008477597497403622 0.9935806067660451
vt 0.007538153789937496 0.9949392345733941
vt 0.006792603991925716 0.9960174621082842
vt 0.98607337474823 0.5045296251773834
vt 0.9845334887504578 0.5040339231491089
vt 0.9828264713287354 0.5038630664348602
vt 0.008252567611634731 0.9908420853316784
vt 0.007042943499982357 0.9921844257041812
vt 0.005951731465756893 0.9933953378349543
vt 0.00508573604747653 0.9943563416600227
vt 0.98607337474823 0.5025543570518494
vt 0.9845334887504578 0.501969188451767
vt 0.9828264713287354 0.5017675161361694
vt 0.007141939364373684 0.9894367270171642
vt 0.005784786771982908 0.9905923595651984
vt 0.0045604701153934 0.9916348690167069
vt 0.0035888548009097576 0.9924621968530118
vt 0.944293737411499 0.999133548582904
vt 0.944293737411499 0.9973168580327183
vt 0.942753791809082 0.997878931928426
vt 0.942753791809082 0.9997779385448666
vt 0.9410468339920044 0.998072617687285
vt 0.9410468339920044 1
vt 0.006206079386174679 0.9878824455663562
vt 0.004724613856524229 0.9888316104188561
vt 0.0033881585113704205 0.989687891677022
vt 0.0023275536950677633 0.9903674377128482
vt 0.944293737411499 0.9952878290787339
vt 0.942753791809082 0.995758012868464
vt 0.9410468339920044 0.9959200653247535
vt 0.005461111199110746 0.9862060798332095
vt 0.00388067914173007 0.986932503990829
vt 0.002454928820952773 0.9875878412276506
vt 0.0013234465150162578 0.9881079141050577
vt 0.944293737411499 0.9930812702514231
vt 0.942753791809082 0.9934514770284295
vt 0.9410468339920044 0.9935790686868131
vt 0.004919640254229307 0.9844359206035733
vt 0.0032672504894435406 0.9849272537976503
vt 0.0017766428645700216 0.9853705167770386
vt 0.0005936696543358266 0.9857222866266966
vt 0.944293737411499 0.9907349161803722
vt 0.942753791809082 0.9909987971186638
vt 0.9410468339920044 0.9910897444933653
vt 0.004591032397001982 0.9826026782393456
vt 0.002894989913329482 0.9828504528850317
vt 0.0013649760512635112 0.9830739852041006
vt 0.0001507550332462415 0.983251366764307
vt 0.944293737411499 0.9882888663560152
vt 0.942753791809082 0.9884419403970242
vt 0.9410468339920044 0.9884947063401341
vt 0.00446901423856616 0.9805367402732372
vt 0.0027619970496743917 0.9805987346917391
vt 0.0012221111683174968 0.9806546755135059
vt 2.9802318834981634e-8 0.9806990902870893
vt 0.944293737411499 0.9857468595728278
vt 0.942753791809082 0.9858148712664843
vt 0.9410468339920044 0.9858382865786552
vt 0.4536292552947998 0.37848925590515137
vt 0.45375126600265503 0.3805552124977112
vt 0.45545828342437744 0.3804932236671448
vt 0.45532530546188354 0.37824147939682007
vt 0.45699816942214966 0.3804372549057007
vt 0.45685529708862305 0.37801802158355713
vt 0.4582202434539795 0.3803929090499878
vt 0.4580695629119873 0.3778405785560608
vt 0.9721468687057495 0.9883372513577342
vt 0.9721468687057495 0.9857979556545615
vt 0.9706069231033325 0.9858739711344242
vt 0.9706069231033325 0.9884982286021113
vt 0.9688999652862549 0.9859001636505127
vt 0.9688999652862549 0.9885536739602685
vt 0.4533006548881531 0.37665611505508423
vt 0.45495301485061646 0.3761647939682007
vt 0.4564436078071594 0.3757215142250061
vt 0.4576265811920166 0.37536972761154175
vt 0.9721468687057495 0.9907775623723865
vt 0.9706069231033325 0.991049132309854
vt 0.9688999652862549 0.99114272557199
vt 0.45275914669036865 0.37488579750061035
vt 0.4543396234512329 0.37415939569473267
vt 0.45576536655426025 0.373504102230072
vt 0.4568968415260315 0.37298405170440674
vt 0.9721468687057495 0.9931154665537179
vt 0.9706069231033325 0.993492899928242
vt 0.9688999652862549 0.9936229386366904
vt 0.4520142674446106 0.37320971488952637
vt 0.4534958004951477 0.3722604513168335
vt 0.45483213663101196 0.37140417098999023
vt 0.45589280128479004 0.37072449922561646
vt 0.9721468687057495 0.9953106981702149
vt 0.9706069231033325 0.995787579100579
vt 0.9688999652862549 0.9959519300609827
vt 0.45107823610305786 0.37165510654449463
vt 0.4524354338645935 0.37049955129623413
vt 0.4536597728729248 0.36945706605911255
vt 0.4546314477920532 0.3686298131942749
vt 0.9721468687057495 0.9973258038517088
vt 0.9706069231033325 0.9978940624278039
vt 0.9688999652862549 0.9980898150242865
vt 0.44996780157089233 0.37025004625320435
vt 0.45117735862731934 0.36890774965286255
vt 0.4522686004638672 0.36769670248031616
vt 0.45313459634780884 0.36673569679260254
vt 0.9721468687057495 0.9991262562107295
vt 0.9706069231033325 0.9997760203696089
vt 0.9688999652862549 1
vt 0.4487012028694153 0.3690173625946045
vt 0.44974255561828613 0.3675113916397095
vt 0.4506821036338806 0.36615270376205444
vt 0.4514276385307312 0.36507463455200195
vt 0.98607337474823 0.0062972307205200195
vt 0.98607337474823 0.004321873188018799
vt 0.9845334887504578 0.0037366747856140137
vt 0.9845334887504578 0.005801498889923096
vt 0.9828264713287354 0.003535032272338867
vt 0.9828264713287354 0.005630671977996826
vt 0.4473009705543518 0.36797910928726196
vt 0.4481562376022339 0.36633503437042236
vt 0.44892776012420654 0.3648518919944763
vt 0.44954007863998413 0.3636748194694519
vt 0.98607337474823 0.00845956802368164
vt 0.9845334887504578 0.008061885833740234
vt 0.9828264713287354 0.007924854755401611
vt 0.44579005241394043 0.36715227365493774
vt 0.44644463062286377 0.36539846658706665
vt 0.44703519344329834 0.3638163208961487
vt 0.44750386476516724 0.3625606894493103
vt 0.98607337474823 0.010772347450256348
vt 0.9845334887504578 0.010479390621185303
vt 0.9828264713287354 0.010378420352935791
vt 0.4441946744918823 0.3665512800216675
vt 0.4446375370025635 0.36471766233444214
vt 0.44503700733184814 0.3630634546279907
vt 0.44535404443740845 0.3617507219314575
vt 0.98607337474823 0.01319575309753418
vt 0.9845334887504578 0.013012528419494629
vt 0.9828264713287354 0.01294940710067749
vt 0.4425432085990906 0.36618679761886597
vt 0.44276636838912964 0.3643046021461487
vt 0.4429677128791809 0.3626067638397217
vt 0.44312751293182373 0.3612592816352844
vt 0.98607337474823 0.015688180923461914
vt 0.9845334887504578 0.015617907047271729
vt 0.9828264713287354 0.015593767166137695
vt 0.44068068265914917 0.36605125665664673
vt 0.44073671102523804 0.36415690183639526
vt 0.44078731536865234 0.36244797706604004
vt 0.4408274292945862 0.3610919117927551
vt 0.98607337474823 0.01824575662612915
vt 0.9845334887504578 0.01826101541519165
vt 0.9828264713287354 0.018266260623931885
vt 0.01567707769572735 0.36618679761886597
vt 0.017539581283926964 0.36605125665664673
vt 0.0174835454672575 0.36415690183639526
vt 0.015453888103365898 0.3643046021461487
vt 0.017432985827326775 0.36244797706604004
vt 0.015252528712153435 0.3626067638397217
vt 0.017392857000231743 0.3610919117927551
vt 0.015092743560671806 0.3612592816352844
vt 0.9860734343528748 0.4900817275047302
vt 0.9860734343528748 0.48754096031188965
vt 0.9845334887504578 0.4876132607460022
vt 0.9845334887504578 0.4902389645576477
vt 0.9828265309333801 0.4876381754875183
vt 0.9828265309333801 0.49029308557510376
vt 0.014025596901774406 0.3665512800216675
vt 0.013582749292254448 0.36471766233444214
vt 0.01318325661122799 0.3630634546279907
vt 0.01286621205508709 0.3617507219314575
vt 0.9860734343528748 0.49252474308013916
vt 0.9845334887504578 0.4927927255630493
vt 0.9828265309333801 0.4928849935531616
vt 0.012430263683199883 0.36715227365493774
vt 0.011775640770792961 0.36539846658706665
vt 0.011185063980519772 0.3638163208961487
vt 0.010716400109231472 0.3625606894493103
vt 0.9860734343528748 0.49486666917800903
vt 0.9845334887504578 0.4952406883239746
vt 0.9828265309333801 0.4953696131706238
vt 0.010919301770627499 0.36797910928726196
vt 0.010064012371003628 0.36633503437042236
vt 0.009292489849030972 0.3648518919944763
vt 0.008680186234414577 0.3636748194694519
vt 0.9860734343528748 0.497067391872406
vt 0.9845334887504578 0.4975411295890808
vt 0.9828265309333801 0.49770426750183105
vt 0.009519084356725216 0.3690173625946045
vt 0.008477694354951382 0.3675113916397095
vt 0.007538198493421078 0.36615270376205444
vt 0.006792626343667507 0.36507463455200195
vt 0.9860734343528748 0.49908900260925293
vt 0.9845334887504578 0.4996543526649475
vt 0.9828265309333801 0.49984920024871826
vt 0.008252440951764584 0.37025004625320435
vt 0.007042861543595791 0.36890774965286255
vt 0.005951656959950924 0.36769670248031616
vt 0.0050856987945735455 0.36673569679260254
vt 0.9860734343528748 0.5008972883224487
vt 0.9845334887504578 0.5015444755554199
vt 0.9828264713287354 0.5017675161361694
vt 0.00714202132076025 0.37165510654449463
vt 0.005784838926047087 0.37049955129623413
vt 0.004560477565973997 0.36945706605911255
vt 0.0035888548009097576 0.3686298131942749
vt 0.9442936778068542 0.24925774335861206
vt 0.9442936778068542 0.24729019403457642
vt 0.942753791809082 0.24670177698135376
vt 0.942753791809082 0.24875855445861816
vt 0.9410467743873596 0.24649900197982788
vt 0.9410467743873596 0.2485865354537964
vt 0.006205967627465725 0.37320971488952637
vt 0.004724502097815275 0.3722604513168335
vt 0.003388091456145048 0.37140417098999023
vt 0.002327479189261794 0.37072449922561646
vt 0.9442936778068542 0.2514139413833618
vt 0.942753791809082 0.25101238489151
vt 0.9410467743873596 0.25087404251098633
vt 0.005461111199110746 0.37488579750061035
vt 0.0038806567899882793 0.37415939569473267
vt 0.0024549064692109823 0.373504102230072
vt 0.0013234092621132731 0.37298405170440674
vt 0.9442936778068542 0.2537216544151306
vt 0.942753791809082 0.2534247040748596
vt 0.9410467743873596 0.2533224821090698
vt 0.0049196030013263226 0.37665611505508423
vt 0.0032672430388629436 0.3761647939682007
vt 0.0017766279634088278 0.3757215142250061
vt 0.0005936696543358266 0.37536972761154175
vt 0.9442936778068542 0.2561417818069458
vt 0.942753791809082 0.2559543251991272
vt 0.9410467743873596 0.2558898329734802
vt 0.004591002594679594 0.37848925590515137
vt 0.0028949675615876913 0.37824147939682007
vt 0.0013649462489411235 0.37801802158355713
vt 0.00015073268150445074 0.3778405785560608
vt 0.9442936778068542 0.2586323618888855
vt 0.942753791809082 0.25855785608291626
vt 0.9410467743873596 0.2585323452949524
vt 0.004468991886824369 0.3805552124977112
vt 0.002761974697932601 0.3804932236671448
vt 0.001222081365995109 0.3804372549057007
vt 0 0.3803929090499878
vt 0.9442936778068542 0.26118963956832886
vt 0.942753791809082 0.2612006664276123
vt 0.9410467743873596 0.2612045407295227
vt 0.45375126600265503 0.45187121629714966
vt 0.45545828342437744 0.45187121629714966
vt 0.45699816942214966 0.45187121629714966
vt 0.4582202434539795 0.45187121629714966
vt 0.9721468687057495 0.9144264534115791
vt 0.9706069231033325 0.9144740179181099
vt 0.9688999652862549 0.9144904315471649
vt 0.004468991886824369 0.45187121629714966
vt 0.002761974697932601 0.45187121629714966
vt 0.001222081365995109 0.45187121629714966
vt 0 0.45187121629714966
vt 0.9442936778068542 0.332594096660614
vt 0.942753791809082 0.3326336145401001
vt 0.9410467743873596 0.33264732360839844
vt 0.5929174423217773 0.9765301756560802
vt 0.5951287746429443 0.9766507223248482
vt 0.5951706767082214 0.9747564624994993
vt 0.593084990978241 0.9746427610516548
vt 0.595208466053009 0.9730476029217243
vt 0.5932360887527466 0.9729400854557753
vt 0.595238447189331 0.9716914724558592
vt 0.5933560132980347 0.971588833257556
vt 0.0012220673961564898 0.13783007860183716
vt 0.0012220673961564898 0.1399112343788147
vt 0.0027619728352874517 0.1399763822555542
vt 0.0027619728352874517 0.1379590630531311
vt 0.004468971397727728 0.13999879360198975
vt 0.004468971397727728 0.13800352811813354
vt 0.590593159198761 0.9761475659906864
vt 0.5909265875816345 0.9742874689400196
vt 0.5912273526191711 0.9726094156503677
vt 0.5914660692214966 0.9712777081876993
vt 0.0012220673961564898 0.1357511281967163
vt 0.0027619728352874517 0.13596391677856445
vt 0.0044689723290503025 0.13603734970092773
vt 0.58831387758255 0.9755140077322721
vt 0.5888099670410156 0.9736991189420223
vt 0.589257538318634 0.9720618780702353
vt 0.5896126627922058 0.9707625303417444
vt 0.0012220673961564898 0.13372290134429932
vt 0.0027619737666100264 0.13401752710342407
vt 0.0044689723290503025 0.13411909341812134
vt 0.5861014723777771 0.9746355507522821
vt 0.5867554545402527 0.9728833679109812
vt 0.5873454809188843 0.9713026788085699
vt 0.5878137350082397 0.9700482599437237
vt 0.0012220683274790645 0.13176500797271729
vt 0.0027619737666100264 0.1321386694908142
vt 0.0044689723290503025 0.13226747512817383
vt 0.5839773416519165 0.9735206961631775
vt 0.5847829580307007 0.9718480668962002
vt 0.5855097770690918 0.9703391771763563
vt 0.5860865116119385 0.9691417254507542
vt 0.0012220683274790645 0.129896342754364
vt 0.0027619737666100264 0.1303454041481018
vt 0.0044689723290503025 0.13050013780593872
vt 0.5819619297981262 0.9721801597625017
vt 0.5829114317893982 0.9706032238900661
vt 0.5837679505348206 0.9691806677728891
vt 0.5844477415084839 0.968051690608263
vt 0.0012220683274790645 0.1281348466873169
vt 0.0027619737666100264 0.12865501642227173
vt 0.0044689723290503025 0.12883418798446655
vt 0.5800745487213135 0.9706268534064293
vt 0.5811588168144226 0.9691607914865017
vt 0.582136869430542 0.9678382463753223
vt 0.5829131007194519 0.9667886756360531
vt 0.0012220683274790645 0.12649744749069214
vt 0.0027619737666100264 0.12708371877670288
vt 0.0044689723290503025 0.12728571891784668
vt 0.5783335566520691 0.9688757285475731
vt 0.5795420408248901 0.967534676194191
vt 0.580632209777832 0.9663248918950558
vt 0.5814973711967468 0.9653647616505623
vt 0.0012220683274790645 0.125
vt 0.0027619737666100264 0.1256466507911682
vt 0.0044689723290503025 0.1258695125579834
vt 0.5767555236816406 0.9669437147676945
vt 0.5780766606330872 0.9657405242323875
vt 0.5792684555053711 0.9646551534533501
vt 0.580214262008667 0.9637937806546688
vt 0.10202911496162415 0.3594578504562378
vt 0.10202911496162415 0.3610919117927551
vt 0.10356902331113815 0.360504150390625
vt 0.10356902331113815 0.35893601179122925
vt 0.10527601838111877 0.3603016138076782
vt 0.10527601838111877 0.3587561845779419
vt 0.5753558278083801 0.9648492857813835
vt 0.5767768621444702 0.9637956321239471
vt 0.5780587792396545 0.9628451131284237
vt 0.5790761113166809 0.9620907567441463
vt 0.10202911496162415 0.3576992154121399
vt 0.10356902331113815 0.35724830627441406
vt 0.10527601838111877 0.3570929765701294
vt 0.5741478204727173 0.9626127816736698
vt 0.5756550431251526 0.9617187492549419
vt 0.5770148038864136 0.9609122052788734
vt 0.5780938267707825 0.9602721482515335
vt 0.10202911496162415 0.35583293437957764
vt 0.10356901586055756 0.3554573655128479
vt 0.10527601838111877 0.3553279638290405
vt 0.5731431841850281 0.9602555967867374
vt 0.5747221112251282 0.9595297984778881
vt 0.5761465430259705 0.9588750898838043
vt 0.5772769451141357 0.9583554640412331
vt 0.10202911496162415 0.3538770079612732
vt 0.10356901586055756 0.35358041524887085
vt 0.10527601838111877 0.35347825288772583
vt 0.5723515748977661 0.9578004516661167
vt 0.5739870071411133 0.9572499208152294
vt 0.5754624009132385 0.9567532800137997
vt 0.5766332745552063 0.9563591592013836
vt 0.10202911496162415 0.35185039043426514
vt 0.10356901586055756 0.3516354560852051
vt 0.10527601838111877 0.35156142711639404
vt 0.5717805624008179 0.9552709795534611
vt 0.5734568238258362 0.9549010023474693
vt 0.5749689340591431 0.9545672759413719
vt 0.576168954372406 0.9543024003505707
vt 0.10202911496162415 0.3497723340988159
vt 0.10356901586055756 0.3496413230895996
vt 0.10527601838111877 0.34959620237350464
vt 0.571435809135437 0.9526917971670628
vt 0.5731366872787476 0.9525059014558792
vt 0.5746710300445557 0.9523381926119328
vt 0.5758886337280273 0.9522051103413105
vt 0.10202911496162415 0.3476630449295044
vt 0.10356901586055756 0.34761714935302734
vt 0.10527601838111877 0.3476012945175171
vt 0.5713205337524414 0.9500874169170856
vt 0.5730295777320862 0.9500874169170856
vt 0.5745713710784912 0.9500874169170856
vt 0.5757948756217957 0.9500874169170856
vt 0.10202911496162415 0.345542848110199
vt 0.10356901586055756 0.34558242559432983
vt 0.10527601838111877 0.3455960750579834
vt 0.571435809135437 0.9474830515682697
vt 0.5731366872787476 0.9476689323782921
vt 0.5746710300445557 0.9478366412222385
vt 0.5758886337280273 0.9479697234928608
vt 0.10202911496162415 0.34343206882476807
vt 0.10356901586055756 0.34355688095092773
vt 0.10527601838111877 0.3435998558998108
vt 0.5717805624008179 0.9449038542807102
vt 0.5734568238258362 0.945273831486702
vt 0.5749689340591431 0.9456075765192509
vt 0.576168954372406 0.9458724334836006
vt 0.10202911496162415 0.3413510322570801
vt 0.10356901586055756 0.3415597677230835
vt 0.10527601838111877 0.3416317105293274
vt 0.5723515152931213 0.9423743821680546
vt 0.5739870071411133 0.9429249130189419
vt 0.5754624009132385 0.9434215538203716
vt 0.5766332745552063 0.9438157081604004
vt 0.10202911496162415 0.3393198847770691
vt 0.10356901586055756 0.33961057662963867
vt 0.10527601838111877 0.33971071243286133
vt 0.5731431841850281 0.9399192370474339
vt 0.5747221112251282 0.9406450353562832
vt 0.5761465430259705 0.9412997588515282
vt 0.5772769451141357 0.9418193846940994
vt 0.10202911496162415 0.3373580574989319
vt 0.10356901586055756 0.3377279043197632
vt 0.10527601838111877 0.33785533905029297
vt 0.5741478204727173 0.9375620521605015
vt 0.5756550431251526 0.938456054776907
vt 0.5770148038864136 0.9392625950276852
vt 0.5780938267707825 0.9399026855826378
vt 0.10202911496162415 0.33548450469970703
vt 0.10356902331113815 0.3359299302101135
vt 0.10527601838111877 0.33608347177505493
vt 0.5753557682037354 0.9353255107998848
vt 0.5767768025398254 0.9363792017102242
vt 0.5780587792396545 0.9373297244310379
vt 0.5790761113166809 0.938084077090025
vt 0.10202911496162415 0.3337172865867615
vt 0.10356901586055756 0.3342340588569641
vt 0.10527601838111877 0.334412157535553
vt 0.5767554640769958 0.9332311823964119
vt 0.5780766010284424 0.9344343394041061
vt 0.5792683959007263 0.9355197101831436
vt 0.580214262008667 0.9363810569047928
vt 0.10202911496162415 0.332073450088501
vt 0.10356901586055756 0.3326565623283386
vt 0.10527601838111877 0.3328574299812317
vt 0.5783335566520691 0.9312990754842758
vt 0.5795420408248901 0.9326401203870773
vt 0.580632209777832 0.9338499456644058
vt 0.5814973711967468 0.934810072183609
vt 0.10202911496162415 0.330568790435791
vt 0.10356901586055756 0.33121258020401
vt 0.10527601838111877 0.331434428691864
vt 0.5800745487213135 0.929547980427742
vt 0.5811587572097778 0.9310140535235405
vt 0.582136869430542 0.9323365911841393
vt 0.5829130411148071 0.9333861917257309
vt 0.03151936084032059 0.3594513535499573
vt 0.03151936084032059 0.3610919117927551
vt 0.033059265464544296 0.36050736904144287
vt 0.033059265464544296 0.35893285274505615
vt 0.034766264259815216 0.3603058457374573
vt 0.034766264259815216 0.3587542772293091
vt 0.5819618701934814 0.9279946982860565
vt 0.5829113721847534 0.9295716360211372
vt 0.5837679505348206 0.9309941977262497
vt 0.5844477415084839 0.932123139500618
vt 0.03151936084032059 0.35768699645996094
vt 0.033059265464544296 0.3572397232055664
vt 0.034766264259815216 0.35708558559417725
vt 0.5839773416519165 0.9266541376709938
vt 0.5847829580307007 0.9283267334103584
vt 0.5855097770690918 0.9298356473445892
vt 0.5860865116119385 0.9310331121087074
vt 0.03151936084032059 0.3558158874511719
vt 0.033059265464544296 0.355444073677063
vt 0.034766264259815216 0.3553159832954407
vt 0.5861014723777771 0.9255392849445343
vt 0.5867554545402527 0.9272914752364159
vt 0.5873454809188843 0.9288721531629562
vt 0.5878137350082397 0.9301265850663185
vt 0.03151936084032059 0.35385602712631226
vt 0.033059265464544296 0.3535633683204651
vt 0.034766264259815216 0.3534625172615051
vt 0.5883138179779053 0.924660824239254
vt 0.5888099670410156 0.9264757409691811
vt 0.5892574787139893 0.9281129688024521
vt 0.5896126627922058 0.929412305355072
vt 0.03151936084032059 0.35182636976242065
vt 0.033059265464544296 0.3516154885292053
vt 0.034766264259815216 0.3515428900718689
vt 0.590593159198761 0.9240272641181946
vt 0.5909265875816345 0.925887368619442
vt 0.5912273526191711 0.9275654181838036
vt 0.5914660692214966 0.9288971200585365
vt 0.03151936084032059 0.3497462868690491
vt 0.033059265464544296 0.34961944818496704
vt 0.034766264259815216 0.3495757579803467
vt 0.5929174423217773 0.9236446619033813
vt 0.593084990978241 0.9255320653319359
vt 0.5932360887527466 0.9272347465157509
vt 0.5933560132980347 0.9285859987139702
vt 0.03151936084032059 0.34763598442077637
vt 0.033059265464544296 0.3475942611694336
vt 0.034766264259815216 0.3475798964500427
vt 0.8032249212265015 0.9526917636394501
vt 0.8033402562141418 0.9500874169170856
vt 0.8016312122344971 0.9500874169170856
vt 0.8015241622924805 0.9525058679282665
vt 0.8000894784927368 0.9500874169170856
vt 0.7999898195266724 0.9523381926119328
vt 0.7988659143447876 0.9500874169170856
vt 0.7987720966339111 0.9522051103413105
vt 0.0707855150103569 0.3610919117927551
vt 0.07268588989973068 0.3610919117927551
vt 0.07272880524396896 0.35938310623168945
vt 0.0709051564335823 0.35938310623168945
vt 0.07274361699819565 0.35748881101608276
vt 0.0709463581442833 0.35748881101608276
vt 0.8028801679611206 0.9552711099386215
vt 0.8012039661407471 0.9549011029303074
vt 0.7996917963027954 0.9545673243701458
vt 0.7984918355941772 0.9543024338781834
vt 0.06891372054815292 0.3610919117927551
vt 0.06910882145166397 0.35938310623168945
vt 0.0691760703921318 0.35748881101608276
vt 0.8023092746734619 0.9578004516661167
vt 0.80067378282547 0.9572499208152294
vt 0.7991983890533447 0.9567532800137997
vt 0.798027515411377 0.9563591293990612
vt 0.06708846241235733 0.3610919117927551
vt 0.06735724955797195 0.35938310623168945
vt 0.06744987517595291 0.35748881101608276
vt 0.8015176057815552 0.9602555967867374
vt 0.7999386787414551 0.9595297984778881
vt 0.7985142469406128 0.9588750898838043
vt 0.7973839044570923 0.9583554640412331
vt 0.06532739847898483 0.3610919117927551
vt 0.06566721946001053 0.35938310623168945
vt 0.06578429788351059 0.35748881101608276
vt 0.800512969493866 0.9626127816736698
vt 0.7990057468414307 0.9617187492549419
vt 0.7976460456848145 0.9609122388064861
vt 0.7965669631958008 0.9602721482515335
vt 0.06364741176366806 0.3610919117927551
vt 0.06405501812696457 0.35938310623168945
vt 0.06419547647237778 0.35748881101608276
vt 0.7993049621582031 0.9648493193089962
vt 0.7978839874267578 0.9637956321239471
vt 0.7966020107269287 0.9628451131284237
vt 0.7955846786499023 0.9620907567441463
vt 0.06206474453210831 0.3610919117927551
vt 0.06253620237112045 0.35938310623168945
vt 0.06269868463277817 0.35748881101608276
vt 0.7979052662849426 0.9669436812400818
vt 0.7965841293334961 0.9657405242323875
vt 0.7953923344612122 0.9646551534533501
vt 0.7944465279579163 0.9637937806546688
vt 0.06059456616640091 0.3610919117927551
vt 0.06112537533044815 0.35938310623168945
vt 0.061308301985263824 0.35748881101608276
vt 0.7963272929191589 0.9688757285475731
vt 0.7951188087463379 0.967534676194191
vt 0.794028639793396 0.9663248918950558
vt 0.7931634187698364 0.9653647616505623
vt 0.001222076709382236 0.3595908284187317
vt 0.001222076709382236 0.3610919117927551
vt 0.002761982614174485 0.3604467511177063
vt 0.002761982614174485 0.35900628566741943
vt 0.004468980710953474 0.3602243661880493
vt 0.004468980710953474 0.3588048219680786
vt 0.794586181640625 0.9706268534064293
vt 0.7935019731521606 0.9691607914865017
vt 0.792523980140686 0.9678382463753223
vt 0.7917476892471313 0.9667886756360531
vt 0.001222076709382236 0.35795021057128906
vt 0.0027619816828519106 0.3574317693710327
vt 0.004468980245292187 0.35725319385528564
vt 0.7926989793777466 0.972180126234889
vt 0.7917494177818298 0.9706032238900661
vt 0.7908928394317627 0.9691806342452765
vt 0.7902131080627441 0.968051690608263
vt 0.0012220762437209487 0.3561859130859375
vt 0.0027619816828519106 0.35573863983154297
vt 0.004468980245292187 0.3555845022201538
vt 0.7906835079193115 0.9735206961631775
vt 0.7898777723312378 0.9718480668962002
vt 0.7891510725021362 0.9703391771763563
vt 0.7885742783546448 0.9691417254507542
vt 0.001222075312398374 0.35431480407714844
vt 0.0027619816828519106 0.3539430499076843
vt 0.004468980245292187 0.35381489992141724
vt 0.7885593175888062 0.9746355507522821
vt 0.7879053354263306 0.9728833679109812
vt 0.787315309047699 0.9713026788085699
vt 0.7868470549583435 0.9700482599437237
vt 0.001222075312398374 0.3523550033569336
vt 0.002761980751529336 0.3520622253417969
vt 0.004468979313969612 0.3519614338874817
vt 0.7863469123840332 0.9755140077322721
vt 0.7858508229255676 0.9736991189420223
vt 0.7854032516479492 0.9720618780702353
vt 0.7850481271743774 0.9707625638693571
vt 0.001222075312398374 0.35032522678375244
vt 0.002761980751529336 0.3501144051551819
vt 0.004468979313969612 0.35004180669784546
vt 0.7840676307678223 0.9761475659906864
vt 0.7837342023849487 0.9742874689400196
vt 0.7834334373474121 0.9726094156503677
vt 0.7831947207450867 0.9712777081876993
vt 0.001222075312398374 0.34824520349502563
vt 0.002761980751529336 0.34811830520629883
vt 0.004468979313969612 0.34807461500167847
vt 0.7817433476448059 0.9765301756560802
vt 0.7815757989883423 0.9746427610516548
vt 0.7814246416091919 0.9729400854557753
vt 0.7813047766685486 0.971588833257556
vt 0.001222075312398374 0.3461349606513977
vt 0.002761980751529336 0.34609317779541016
vt 0.004468979313969612 0.3460788130760193
vt 0.7795320153236389 0.9766507223248482
vt 0.7794901132583618 0.9747564624994993
vt 0.7794523239135742 0.9730476029217243
vt 0 0.34400850534439087
vt 0 0.3461998701095581
vt 0.001222075312398374 0.34404343366622925
vt 0.002761980751529336 0.34406590461730957
vt 0.004468979313969612 0.3440735936164856
vt 0.7794222831726074 0.9716914724558592
vt 0.5951287746429443 0.9235241115093231
vt 0.5951706767082214 0.9254183694720268
vt 0.595208466053009 0.9271272420883179
vt 0.030297283083200455 0.34550952911376953
vt 0.030297283083200455 0.34770095348358154
vt 0.03151935711503029 0.3455445170402527
vt 0.033059265464544296 0.345566987991333
vt 0.034766264259815216 0.34557467699050903
vt 0.7795320153236389 0.9235241115093231
vt 0.7794901132583618 0.9254183694720268
vt 0.7794523239135742 0.9271272420883179
vt 0.595238447189331 0.928483359515667
vt 0.7794222831726074 0.928483359515667
vt 0.03151934966444969 0.14141231775283813
vt 0.0330592580139637 0.14147746562957764
vt 0.03476625308394432 0.14149987697601318
vt 0.7817433476448059 0.9236446619033813
vt 0.7815757989883423 0.9255320653319359
vt 0.7814246416091919 0.9272347465157509
vt 0.7813047170639038 0.9285859987139702
vt 0.03151934966444969 0.1393311619758606
vt 0.0330592580139637 0.13946014642715454
vt 0.03476625308394432 0.13950461149215698
vt 0.7840676307678223 0.9240272641181946
vt 0.7837342023849487 0.925887368619442
vt 0.7834334373474121 0.9275654181838036
vt 0.7831947207450867 0.9288971200585365
vt 0.03151934966444969 0.13725221157073975
vt 0.0330592580139637 0.1374650001525879
vt 0.03476625308394432 0.13753831386566162
vt 0.7863469123840332 0.924660824239254
vt 0.7858508229255676 0.9264757111668587
vt 0.7854032516479492 0.9281129688024521
vt 0.7850481271743774 0.929412268102169
vt 0.03151934966444969 0.13522392511367798
vt 0.0330592580139637 0.1355186104774475
vt 0.03476625308394432 0.13562023639678955
vt 0.7885593175888062 0.9255392849445343
vt 0.7879053354263306 0.9272914752364159
vt 0.787315309047699 0.9288721531629562
vt 0.7868470549583435 0.9301265850663185
vt 0.03151934966444969 0.13326603174209595
vt 0.0330592580139637 0.13363975286483765
vt 0.03476625308394432 0.1337684988975525
vt 0.7906835079193115 0.9266541376709938
vt 0.7898777723312378 0.9283267632126808
vt 0.7891510725021362 0.9298356473445892
vt 0.7885742783546448 0.9310331121087074
vt 0.03151934966444969 0.13139742612838745
vt 0.0330592580139637 0.13184642791748047
vt 0.03476625308394432 0.13200122117996216
vt 0.792698860168457 0.9279946759343147
vt 0.7917493581771851 0.9295716062188148
vt 0.7908928394317627 0.9309941679239273
vt 0.7902131080627441 0.932123139500618
vt 0.03151934966444969 0.12963593006134033
vt 0.0330592542886734 0.13015598058700562
vt 0.03476625308394432 0.13033527135849
vt 0.794586181640625 0.929547980427742
vt 0.7935019731521606 0.9310140535235405
vt 0.7925239205360413 0.9323365911841393
vt 0.7917476892471313 0.9333861917257309
vt 0.03151934966444969 0.12799853086471558
vt 0.0330592542886734 0.12858474254608154
vt 0.03476625308394432 0.12878674268722534
vt 0.7963272929191589 0.9312991052865982
vt 0.7951188087463379 0.9326401874423027
vt 0.794028639793396 0.9338499754667282
vt 0.7931634187698364 0.934810072183609
vt 0.08674395829439163 0.3610919117927551
vt 0.08810251206159592 0.3610919117927551
vt 0.08752339333295822 0.35938310623168945
vt 0.0862196609377861 0.35938310623168945
vt 0.0873238816857338 0.35748881101608276
vt 0.0860389992594719 0.35748881101608276
vt 0.7979052066802979 0.9332311153411865
vt 0.7965841293334961 0.9344343096017838
vt 0.7953922748565674 0.9355196952819824
vt 0.7944464683532715 0.9363810569047928
vt 0.08526026457548141 0.3610919117927551
vt 0.08479585498571396 0.35938310623168945
vt 0.08463580161333084 0.35748881101608276
vt 0.7993049621582031 0.9353255107998848
vt 0.7978839874267578 0.9363792017102242
vt 0.7966020107269287 0.9373297244310379
vt 0.7955846786499023 0.938084077090025
vt 0.08366569131612778 0.3610919117927551
vt 0.08326561003923416 0.35938310623168945
vt 0.08312775939702988 0.35748881101608276
vt 0.8005130290985107 0.9375620856881142
vt 0.7990057468414307 0.938456118106842
vt 0.7976460456848145 0.9392626285552979
vt 0.7965669631958008 0.9399026855826378
vt 0.08197567611932755 0.3610919117927551
vt 0.08164376765489578 0.35938310623168945
vt 0.081529401242733 0.35748881101608276
vt 0.8015176057815552 0.9399192370474339
vt 0.7999386787414551 0.9406450353562832
vt 0.7985142469406128 0.9412997588515282
vt 0.7973839044570923 0.9418193846940994
vt 0.08020640164613724 0.3610919117927551
vt 0.0799458846449852 0.35938310623168945
vt 0.07985613495111465 0.35748881101608276
vt 0.8023092746734619 0.9423743821680546
vt 0.80067378282547 0.9429249130189419
vt 0.7991983890533447 0.9434215538203716
vt 0.798027515411377 0.9438156746327877
vt 0.0783749595284462 0.3610919117927551
vt 0.07818835228681564 0.35938310623168945
vt 0.078124038875103 0.35748881101608276
vt 0.8028801679611206 0.9449037574231625
vt 0.8012039661407471 0.9452737309038639
vt 0.7996917963027954 0.9456075094640255
vt 0.7984917759895325 0.9458723999559879
vt 0.07649897783994675 0.3610919117927551
vt 0.07638802379369736 0.35938310623168945
vt 0.07634983211755753 0.35748881101608276
vt 0.8032249212265015 0.9474830701947212
vt 0.8015241622924805 0.9476689659059048
vt 0.7999898195266724 0.9478366412222385
vt 0.7987720966339111 0.9479697234928608
vt 0.07459650188684464 0.3610919117927551
vt 0.07456236332654953 0.35938310623168945
vt 0.074550561606884 0.35748881101608276
vt 0.46268925070762634 0.9500874169170856
vt 0.46268925070762634 0.9092207923531532
vt 0.46098223328590393 0.9092207923531532
vt 0.46098223328590393 0.9500874169170856
vt 0.4594423472881317 0.9092207923531532
vt 0.4594423472881317 0.9500874169170856
vt 0.4582202732563019 0.9092207923531532
vt 0.4582202732563019 0.9500874169170856
vt 0.9582202434539795 0.9547057636082172
vt 0.9582202434539795 0.9139001965522766
vt 0.9566802978515625 0.9138526320457458
vt 0.9566802978515625 0.9546582065522671
vt 0.9549733400344849 0.9138362184166908
vt 0.9549733400344849 0.9546418003737926
vt 0.9119715690612793 0.9092207923531532
vt 0.9119715690612793 0.9500874169170856
vt 0.9136785268783569 0.9500874169170856
vt 0.9136785268783569 0.9092207923531532
vt 0.9152184724807739 0.9500874169170856
vt 0.9152184724807739 0.9092207923531532
vt 0.916440486907959 0.9500874169170856
vt 0.916440486907959 0.9092207923531532
vt 0.9164406061172485 0.9143423587083817
vt 0.9164406061172485 0.9551667869091034
vt 0.9179804921150208 0.9552063383162022
vt 0.9179804921150208 0.9143819138407707
vt 0.9196875095367432 0.9552199803292751
vt 0.9196875095367432 0.9143955484032631
vt 0.46281126141548157 0.9826026782393456
vt 0.46268925070762634 0.9805367402732372
vt 0.46098223328590393 0.9805987346917391
vt 0.4611152410507202 0.9828504528850317
vt 0.4594423472881317 0.9806546755135059
vt 0.4595852196216583 0.9830739852041006
vt 0.4582202732563019 0.9806990902870893
vt 0.45837098360061646 0.983251366764307
vt 0.9582202434539795 0.9878293154761195
vt 0.9582202434539795 0.9852716820314527
vt 0.9566802978515625 0.9852525992318988
vt 0.9566802978515625 0.987895724363625
vt 0.9549733400344849 0.9852459514513612
vt 0.9549733400344849 0.9879186265170574
vt 0.4631398916244507 0.9844359206035733
vt 0.4614875018596649 0.9849272537976503
vt 0.45999687910079956 0.9853705167770386
vt 0.4588139057159424 0.9857222866266966
vt 0.9582202434539795 0.9903233693912625
vt 0.9566802978515625 0.9905028007924557
vt 0.9549733400344849 0.9905646778643131
vt 0.46368134021759033 0.9862060798332095
vt 0.46210092306137085 0.986932503990829
vt 0.4606751799583435 0.9875878412276506
vt 0.45954370498657227 0.9881079141050577
vt 0.9582202434539795 0.9927496910095215
vt 0.9566802978515625 0.9930391032248735
vt 0.9549733400344849 0.9931387822143734
vt 0.46442630887031555 0.9878824455663562
vt 0.4629448652267456 0.9888316104188561
vt 0.4616084098815918 0.989687891677022
vt 0.4605478048324585 0.9903674377128482
vt 0.9582202434539795 0.9950667764060199
vt 0.9566802978515625 0.9954610764980316
vt 0.9549733400344849 0.9955970020964742
vt 0.46536219120025635 0.9894367270171642
vt 0.4640050232410431 0.9905923595651984
vt 0.4627807140350342 0.9916348690167069
vt 0.46180909872055054 0.9924621968530118
vt 0.9582202434539795 0.997234889306128
vt 0.9566802978515625 0.997727412963286
vt 0.9549733400344849 0.9978971711825579
vt 0.4664728045463562 0.9908420853316784
vt 0.4652631878852844 0.9921844257041812
vt 0.46417197585105896 0.9933953378349543
vt 0.4633059799671173 0.9943563416600227
vt 0.9582202434539795 0.9992169725010172
vt 0.9566802978515625 0.9997993195429444
vt 0.9549733400344849 1
vt 0.4677392244338989 0.9920745603740215
vt 0.4666978418827057 0.9935806067660451
vt 0.46575838327407837 0.9949392345733941
vt 0.4650128483772278 0.9960174621082842
vt 1 0.00621342658996582
vt 1 0.00440526008605957
vt 0.998460054397583 0.003758072853088379
vt 0.998460054397583 0.005648195743560791
vt 0.9967530369758606 0.003535032272338867
vt 0.9967530369758606 0.005453348159790039
vt 0.46913978457450867 0.9931130190379918
vt 0.4682844281196594 0.994757057633251
vt 0.467512845993042 0.9962401518132538
vt 0.4669005274772644 0.9974171321373433
vt 1 0.00823521614074707
vt 0.998460054397583 0.007761478424072266
vt 0.9967530369758606 0.007598221302032471
vt 0.4706505537033081 0.993939817417413
vt 0.46999591588974 0.9956936379894614
vt 0.4694053530693054 0.9972758158110082
vt 0.46893665194511414 0.9985314080258831
vt 1 0.010435879230499268
vt 0.998460054397583 0.010061860084533691
vt 0.9967530369758606 0.009932994842529297
vt 0.47224557399749756 0.9945406350307167
vt 0.47180283069610596 0.9963743081316352
vt 0.47140341997146606 0.9980284667108208
vt 0.47108644247055054 0.9993412237381563
vt 1 0.012777745723724365
vt 0.998460054397583 0.012509822845458984
vt 0.9967530369758606 0.012417495250701904
vt 0.47389766573905945 0.9949053190648556
vt 0.47367435693740845 0.9967874260619283
vt 0.4734729528427124 0.9984852726338431
vt 0.4733130931854248 0.9998327221983345
vt 1 0.015220880508422852
vt 0.998460054397583 0.015063643455505371
vt 0.9967530369758606 0.015009403228759766
vt 0.4757593274116516 0.9950407156720757
vt 0.4757034480571747 0.9969350094906986
vt 0.4756530523300171 0.9986438525374979
vt 0.4756130278110504 1
vt 1 0.017761528491973877
vt 0.998460054397583 0.017689287662506104
vt 0.9967530369758606 0.017664432525634766
vt 0.9007631540298462 0.9949053190648556
vt 0.8989014625549316 0.9950407156720757
vt 0.898957371711731 0.9969350094906986
vt 0.9009864330291748 0.9967874260619283
vt 0.8990077972412109 0.9986438525374979
vt 0.9011878967285156 0.9984852726338431
vt 0.8990477323532104 1
vt 0.9013477563858032 0.9998327221983345
vt 1 0.48961442708969116
vt 1 0.4870569109916687
vt 0.998460054397583 0.4870415925979614
vt 0.998460054397583 0.4896846413612366
vt 0.9967530369758606 0.4870363473892212
vt 0.9967530369758606 0.4897088408470154
vt 0.9024152159690857 0.9945406350307167
vt 0.9028579592704773 0.9963743081316352
vt 0.9032573699951172 0.9980284667108208
vt 0.9035743474960327 0.9993412237381563
vt 1 0.49210691452026367
vt 0.998460054397583 0.49229007959365845
vt 0.9967530369758606 0.4923532009124756
vt 0.9040102362632751 0.993939817417413
vt 0.9046648740768433 0.9956936379894614
vt 0.9052554368972778 0.9972758158110082
vt 0.9057241678237915 0.9985314080258831
vt 1 0.49453026056289673
vt 0.998460054397583 0.4948232173919678
vt 0.9967530369758606 0.4949241876602173
vt 0.905521035194397 0.9931130190379918
vt 0.9063763618469238 0.994757057633251
vt 0.9071479439735413 0.9962401518132538
vt 0.9077602624893188 0.9974171321373433
vt 1 0.4968429207801819
vt 0.998460054397583 0.49724066257476807
vt 0.9967530369758606 0.49737775325775146
vt 0.9069215059280396 0.9920745603740215
vt 0.9079629182815552 0.9935806067660451
vt 0.9089024066925049 0.9949392345733941
vt 0.9096479415893555 0.9960174621082842
vt 1 0.49900543689727783
vt 0.998460054397583 0.49950110912323
vt 0.9967530369758606 0.49967193603515625
vt 0.908187985420227 0.9908420853316784
vt 0.9093976020812988 0.9921844257041812
vt 0.9104888439178467 0.9933953378349543
vt 0.9113547801971436 0.9943563416600227
vt 1 0.5009806752204895
vt 0.998460054397583 0.5015658736228943
vt 0.9967530369758606 0.5017675161361694
vt 0.9092985987663269 0.9894367270171642
vt 0.9106557369232178 0.9905923595651984
vt 0.9118800759315491 0.9916348690167069
vt 0.9128516912460327 0.9924621968530118
vt 0.9164406061172485 0.9973168580327183
vt 0.9164406061172485 0.999133548582904
vt 0.9179804921150208 0.9997779385448666
vt 0.9179804921150208 0.997878931928426
vt 0.9196875095367432 1
vt 0.9196875095367432 0.998072617687285
vt 0.9102344512939453 0.9878824455663562
vt 0.9117159247398376 0.9888316104188561
vt 0.9130523800849915 0.989687891677022
vt 0.9141129851341248 0.9903674377128482
vt 0.9164406061172485 0.9952878290787339
vt 0.9179804921150208 0.995758012868464
vt 0.9196875095367432 0.9959200653247535
vt 0.9109793901443481 0.9862060798332095
vt 0.9125598669052124 0.986932503990829
vt 0.9139856100082397 0.9875878412276506
vt 0.9151171445846558 0.9881079141050577
vt 0.9164406061172485 0.9930812702514231
vt 0.9179804921150208 0.9934514770284295
vt 0.9196875095367432 0.9935790686868131
vt 0.9115208983421326 0.9844359206035733
vt 0.9131733179092407 0.9849272537976503
vt 0.9146639108657837 0.9853705167770386
vt 0.9158468842506409 0.9857222866266966
vt 0.9164406061172485 0.9907349161803722
vt 0.9179804921150208 0.9909987971186638
vt 0.9196875095367432 0.9910897444933653
vt 0.9118494987487793 0.9826026782393456
vt 0.913545548915863 0.9828504528850317
vt 0.9150755405426025 0.9830739852041006
vt 0.9162898063659668 0.983251366764307
vt 0.9164406061172485 0.9882888663560152
vt 0.9179804921150208 0.9884419403970242
vt 0.9196875095367432 0.9884947063401341
vt 0.9119715690612793 0.9805367402732372
vt 0.9136785268783569 0.9805987346917391
vt 0.9152184724807739 0.9806546755135059
vt 0.916440486907959 0.9806990902870893
vt 0.9164406061172485 0.9857468595728278
vt 0.9179804921150208 0.9858148712664843
vt 0.9196875095367432 0.9858382865786552
vt 0.46268925070762634 0.3805552124977112
vt 0.46281126141548157 0.37848925590515137
vt 0.4611152410507202 0.37824147939682007
vt 0.46098223328590393 0.3804932236671448
vt 0.4595852196216583 0.37801802158355713
vt 0.4594423472881317 0.3804372549057007
vt 0.45837098360061646 0.3778405785560608
vt 0.4582202732563019 0.3803929090499878
vt 0.9582202434539795 0.26104938983917236
vt 0.9582202434539795 0.25851017236709595
vt 0.9566803574562073 0.25834912061691284
vt 0.9566803574562073 0.26097339391708374
vt 0.9549733400344849 0.25829368829727173
vt 0.9549733400344849 0.26094716787338257
vt 0.4631398618221283 0.37665611505508423
vt 0.4614875018596649 0.3761647939682007
vt 0.45999687910079956 0.3757215142250061
vt 0.45881393551826477 0.37536972761154175
vt 0.9582202434539795 0.2560698390007019
vt 0.9566803574562073 0.25579822063446045
vt 0.9549733400344849 0.25570470094680786
vt 0.4636813700199127 0.37488579750061035
vt 0.46210092306137085 0.37415939569473267
vt 0.4606751799583435 0.373504102230072
vt 0.4595436751842499 0.37298405170440674
vt 0.9582202434539795 0.253731906414032
vt 0.9566803574562073 0.2533544898033142
vt 0.9549733400344849 0.2532244324684143
vt 0.4644262194633484 0.37320971488952637
vt 0.46294477581977844 0.3722604513168335
vt 0.461608350276947 0.37140417098999023
vt 0.4605477452278137 0.37072449922561646
vt 0.9582202434539795 0.2515367269515991
vt 0.9566803574562073 0.25105977058410645
vt 0.9549733400344849 0.2508954405784607
vt 0.4653622806072235 0.37165510654449463
vt 0.46400511264801025 0.37049955129623413
vt 0.46278074383735657 0.36945706605911255
vt 0.4618091285228729 0.3686298131942749
vt 0.9582202434539795 0.24952149391174316
vt 0.9566803574562073 0.24895334243774414
vt 0.9549733400344849 0.24875754117965698
vt 0.46647271513938904 0.37025004625320435
vt 0.46526312828063965 0.36890774965286255
vt 0.4641719162464142 0.36769670248031616
vt 0.4633059501647949 0.36673569679260254
vt 0.9582202434539795 0.24772107601165771
vt 0.9566803574562073 0.24707132577896118
vt 0.9549733400344849 0.24684739112854004
vt 0.4677393436431885 0.3690173625946045
vt 0.46669796109199524 0.3675113916397095
vt 0.46575847268104553 0.36615270376205444
vt 0.46501290798187256 0.36507463455200195
vt 0.98607337474823 0.5025543570518494
vt 0.98607337474823 0.504529744386673
vt 0.987613320350647 0.5040339827537537
vt 0.987613320350647 0.501969188451767
vt 0.9893202781677246 0.5038631558418274
vt 0.9893202781677246 0.5017675161361694
vt 0.46913957595825195 0.36797910928726196
vt 0.4682842791080475 0.36633503437042236
vt 0.46751275658607483 0.3648518919944763
vt 0.46690046787261963 0.3636748194694519
vt 0.98607337474823 0.5066920518875122
vt 0.987613320350647 0.5062943994998932
vt 0.9893202781677246 0.5061573386192322
vt 0.4706505239009857 0.36715227365493774
vt 0.46999591588974 0.36539846658706665
vt 0.4694053530693054 0.3638163208961487
vt 0.4689366817474365 0.3625606894493103
vt 0.98607337474823 0.5090048313140869
vt 0.987613320350647 0.5087118744850159
vt 0.9893202781677246 0.508610874414444
vt 0.47224587202072144 0.3665512800216675
vt 0.4718030095100403 0.36471766233444214
vt 0.4714035391807556 0.3630634546279907
vt 0.4710864722728729 0.3617507219314575
vt 0.98607337474823 0.5114282071590424
vt 0.987613320350647 0.5112450122833252
vt 0.9893202781677246 0.5111818909645081
vt 0.4738973379135132 0.36618679761886597
vt 0.47367414832115173 0.3643046021461487
vt 0.47347280383110046 0.3626067638397217
vt 0.47331303358078003 0.3612592816352844
vt 0.98607337474823 0.5139206647872925
vt 0.987613320350647 0.5138503909111023
vt 0.9893202781677246 0.5138262510299683
vt 0.4757598638534546 0.36605125665664673
vt 0.47570380568504333 0.36415690183639526
vt 0.4756532609462738 0.36244797706604004
vt 0.4756131172180176 0.3610919117927551
vt 0.98607337474823 0.5164782404899597
vt 0.987613320350647 0.5164935290813446
vt 0.9893202781677246 0.5164987444877625
vt 0.8989009261131287 0.36605125665664673
vt 0.9007634520530701 0.36618679761886597
vt 0.9009866714477539 0.3643046021461487
vt 0.8989570140838623 0.36415690183639526
vt 0.9011880159378052 0.3626067638397217
vt 0.8990075588226318 0.36244797706604004
vt 0.9013477563858032 0.3612592816352844
vt 0.8990476727485657 0.3610919117927551
vt 0.98607337474823 0.9857734246179461
vt 0.98607337474823 0.98831423278898
vt 0.987613320350647 0.9884714400395751
vt 0.987613320350647 0.9858457362279296
vt 0.9893202781677246 0.9885255703702569
vt 0.9893202781677246 0.9858706556260586
vt 0.9024149179458618 0.3665512800216675
vt 0.902857780456543 0.36471766233444214
vt 0.9032572507858276 0.3630634546279907
vt 0.9035742878913879 0.3617507219314575
vt 0.98607337474823 0.9907571980729699
vt 0.987613320350647 0.9910251721739769
vt 0.9893202781677246 0.9911174923181534
vt 0.9040102958679199 0.36715227365493774
vt 0.9046648740768433 0.36539846658706665
vt 0.9052554368972778 0.3638163208961487
vt 0.9057241082191467 0.3625606894493103
vt 0.98607337474823 0.9930991372093558
vt 0.987613320350647 0.9934731558896601
vt 0.9893202781677246 0.993602086789906
vt 0.9055212140083313 0.36797910928726196
vt 0.9063764810562134 0.36633503437042236
vt 0.907148003578186 0.3648518919944763
vt 0.9077603220939636 0.3636748194694519
vt 0.98607337474823 0.9952998673543334
vt 0.987613320350647 0.9957735729403794
vt 0.9893202781677246 0.9959367662668228
vt 0.9069214463233948 0.3690173625946045
vt 0.9079627990722656 0.3675113916397095
vt 0.9089023470878601 0.36615270376205444
vt 0.9096478819847107 0.36507463455200195
vt 0.98607337474823 0.9973214550409466
vt 0.987613320350647 0.9978868195321411
vt 0.9893202781677246 0.9980816462775692
vt 0.9081881046295166 0.37025004625320435
vt 0.9093976020812988 0.36890774965286255
vt 0.9104888439178467 0.36769670248031616
vt 0.9113548398017883 0.36673569679260254
vt 0.98607337474823 0.9991297618253157
vt 0.987613320350647 0.9997769629262621
vt 0.9893202781677246 1
vt 0.9092984795570374 0.37165510654449463
vt 0.910655677318573 0.37049955129623413
vt 0.9118800163269043 0.36945706605911255
vt 0.9128516912460327 0.3686298131942749
vt 0.9164405465126038 0.3722901940345764
vt 0.9164405465126038 0.37425774335861206
vt 0.9179804921150208 0.37375855445861816
vt 0.9179804921150208 0.37170177698135376
vt 0.9196874499320984 0.3735865354537964
vt 0.9196874499320984 0.3714990019798279
vt 0.9102345705032349 0.37320971488952637
vt 0.9117160439491272 0.3722604513168335
vt 0.9130524396896362 0.37140417098999023
vt 0.9141130447387695 0.37072449922561646
vt 0.9164405465126038 0.3764139413833618
vt 0.9179804921150208 0.37601238489151
vt 0.9196874499320984 0.37587404251098633
vt 0.9109793901443481 0.37488579750061035
vt 0.9125598669052124 0.37415939569473267
vt 0.9139856100082397 0.373504102230072
vt 0.9151171445846558 0.37298405170440674
vt 0.9164405465126038 0.3787216544151306
vt 0.9179804921150208 0.3784247040748596
vt 0.9196874499320984 0.3783224821090698
vt 0.9115209579467773 0.37665611505508423
vt 0.9131733179092407 0.3761647939682007
vt 0.9146639108657837 0.3757215142250061
vt 0.9158468246459961 0.37536972761154175
vt 0.9164405465126038 0.3811417818069458
vt 0.9179804921150208 0.3809543251991272
vt 0.9196874499320984 0.3808898329734802
vt 0.9118494987487793 0.37848925590515137
vt 0.913545548915863 0.37824147939682007
vt 0.9150755405426025 0.37801802158355713
vt 0.9162898063659668 0.3778405785560608
vt 0.9164405465126038 0.3836323618888855
vt 0.9179804921150208 0.38355785608291626
vt 0.9196874499320984 0.3835323452949524
vt 0.9119715690612793 0.3805552124977112
vt 0.9136785268783569 0.3804932236671448
vt 0.9152184724807739 0.3804372549057007
vt 0.916440486907959 0.3803929090499878
vt 0.9164405465126038 0.38618963956832886
vt 0.9179804921150208 0.3862006664276123
vt 0.9196874499320984 0.3862045407295227
vt 0.46268925070762634 0.45187121629714966
vt 0.46098223328590393 0.45187121629714966
vt 0.4594423472881317 0.45187121629714966
vt 0.4582202732563019 0.45187121629714966
vt 0.9582202434539795 0.3324209451675415
vt 0.9566803574562073 0.33237338066101074
vt 0.9549733400344849 0.3323569893836975
vt 0.9196874499320984 0.45764732360839844
vt 0.9179804921150208 0.4576336145401001
vt 0.9164405465126038 0.457594096660614
vt 0.916440486907959 0.45187121629714966
vt 0.9152184724807739 0.45187121629714966
vt 0.9136785268783569 0.45187121629714966
vt 0.9119715690612793 0.45187121629714966
vn 0.9625977388713602 0.2709111719507803 -0.003567917039348819
vn 0.9670705036365721 0.24598587865152524 0.0653114729595326
vn 0.8808617530620113 0.4513098107324034 0.14283566336598974
vn 0.8761574451009881 0.47576601836885973 0.07742626918269097
vn 0.6911278103020854 0.6841120825246991 0.23309441943290682
vn 0.6861978062972012 0.7053611226302979 0.17775898659318057
vn 0.6861978062972012 0.7053611226302979 0.17775898659318057
vn 0.6911278103020854 0.6841120825246991 0.23309441943290682
vn 0.43360503759509833 0.8495599391965564 0.3003907140450532
vn 0.42884464441619435 0.8650337438106593 0.2604014074932437
vn 0.1337331973130332 0.9315349384066578 0.3381687307604558
vn 0.12982287464992584 0.9393960110734362 0.3173029397861706
vn -0.09885786420710875 0.93343700580129 0.3448513866655193
vn -0.09926865133888406 0.9353784706156022 0.33943018659243596
vn 0.9484695750818827 0.3022440802058299 -0.09515240997749182
vn 0.8626862284557404 0.5056424350069865 -0.009909548577791335
vn 0.6747605197568826 0.7307281286267335 0.1036081223220155
vn 0.6747605197568826 0.7307281286267335 0.1036081223220155
vn 0.4205651288016129 0.8833947258491245 0.2067334776421873
vn 0.1255112316091774 0.9489600312160709 0.2893471788256132
vn -0.10037946589899809 0.9378423252722317 0.3322284391105093
vn 0.9250715541391874 0.331369178124035 -0.18557232420786807
vn 0.8403789002511053 0.5334094690784683 -0.09611265426659121
vn 0.6558201727329853 0.7543039456100485 0.03042135226432752
vn 0.6558201727329853 0.7543039456100485 0.03042135226432752
vn 0.40685511294134524 0.90045991464518 0.1537558427855031
vn 0.11837030503505332 0.9578488755739474 0.2617517955003048
vn -0.10221913317308279 0.9401319008699363 0.3251203742923901
vn 0.8926293222772481 0.3580051634518022 -0.27394378246769785
vn 0.8094490377046404 0.5588039030326423 -0.18036200629433294
vn 0.6295593417768682 0.7758637432244436 -0.04111553394072516
vn 0.6295593417768682 0.7758637432244436 -0.04111553394072516
vn 0.3878483183208522 0.916064921964532 0.10197421596561813
vn 0.10846950340110637 0.965977734687271 0.23477943461974182
vn -0.10477017556948467 0.9422259925954767 0.3181719490913807
vn 0.8514615198307622 0.3818897630837819 -0.35940713557093085
vn 0.7701953970723588 0.5815771214038166 -0.26185320732846085
vn 0.5962329739907055 0.7951977074931468 -0.11030343024513092
vn 0.5962329739907055 0.7951977074931468 -0.11030343024513092
vn 0.36372625237042544 0.9300590753127329 0.05189730017052501
vn 0.09590419596508148 0.9732673348067848 0.2086937473773206
vn -0.10800738910059939 0.9441038573583589 0.31145193918282027
vn 0.8019594615829804 0.4027944073604246 -0.441154947129351
vn 0.7229972396854748 0.6015093535228899 -0.33979624634721767
vn 0.5561599188666068 0.8121211994132348 -0.17648031649421528
vn 0.5561599188666068 0.8121211994132348 -0.17648031649421528
vn 0.33471952433619423 0.9423093436102287 0.003992614808841974
vn 0.0807955185471037 0.9796485065224905 0.18374136129613966
vn -0.11189957854788037 0.9457475422539562 0.30502470496897177
vn 0.7445927822732276 0.42052270352307786 -0.5184035536223258
vn 0.6683030968626806 0.6184131606804948 -0.4134442325403889
vn 0.5097217522722997 0.8264730260485946 -0.23901061163583448
vn 0.5097217522722997 0.8264730260485946 -0.23901061163583448
vn 0.30110906801648657 0.9526963116945639 -0.04126823041780653
vn 0.06328882688037181 0.9850588847015064 0.16016715662934972
vn -0.1164093264663181 0.9471415131516511 0.29895120467470715
vn 0.6799258802094714 0.4349007440623847 -0.5903915143659839
vn 0.6066468105581032 0.6321209943170667 -0.48208162771804913
vn 0.4573733737519134 0.8381116404133491 -0.29728517485141703
vn 0.4573733737519134 0.8381116404133491 -0.29728517485141703
vn 0.2632173434001837 0.9611208960848896 -0.0834461098094374
vn 0.04355128683024834 0.9894469814942712 0.13819535530293664
vn -0.12149337400363704 0.9482719333549626 0.2932911530961238
vn 0.6085808487751794 0.44578781650822225 -0.6564316972518266
vn 0.6799258802094714 0.4349007440623847 -0.5903915143659839
vn 0.6066468105581032 0.6321209943170667 -0.48208162771804913
vn 0.5386213431439444 0.6425010835837596 -0.5450499117544265
vn 0.4573733737519134 0.8381116404133491 -0.29728517485141703
vn 0.3996173867468669 0.8469258401890453 -0.35074572760004435
vn 0.3996173867468669 0.8469258401890453 -0.35074572760004435
vn 0.22141034126153036 0.9675009503271296 -0.12214488077096781
vn 0.021774057802521635 0.9927706020508504 0.1180356815137034
vn -0.12710311717760225 0.9491279116591225 0.2880989498650239
vn 0.5312345214794076 0.45308236832608706 -0.7158954188291533
vn 0.46487687685077367 0.6494555334177378 -0.6017449621580161
vn 0.33700794898098024 0.8528290787230949 -0.3988836983482157
vn 0.33700794898098024 0.8528290787230949 -0.3988836983482157
vn 0.17609130720671748 0.9717751207469122 -0.1569871530525791
vn -0.0018323688856677252 0.9949967346234997 0.0998906427691796
vn -0.13318414574482285 0.9497013544439417 0.2834242768175736
vn 0.44864191027081757 0.4567130380989392 -0.7682015602555026
vn 0.38612979431524036 0.652916406304791 -0.6516164119480934
vn 0.27014747947610623 0.8557678419312529 -0.4412275377274553
vn 0.27014747947610623 0.8557678419312529 -0.4412275377274553
vn 0.12769644621739148 0.9739028871054052 -0.18763470923900294
vn -0.027040910085161782 0.9961048945312571 0.08392751797020875
vn -0.13967787970719578 0.9499868966962869 0.27931162887688876
vn 0.36159459709192926 0.45664348680410916 -0.8128505848637316
vn 0.30313537032732657 0.6528518972767606 -0.6941853840860154
vn 0.19968168109336046 0.855715719130072 -0.47736551432778773
vn 0.19968168109336046 0.855715719130072 -0.47736551432778773
vn 0.0766913212035953 0.973863892973941 -0.21379326278834754
vn -0.053609479625418774 0.9960843896199126 0.07029873718508457
vn -0.1465223001840988 0.949981667524414 0.2758007377007803
vn 0.27093220154818387 0.45287886624802465 -0.8494094858607114
vn 0.2166966608489622 0.6492645829659022 -0.729039133711643
vn 0.12629360383415816 0.8526684337820143 -0.5069580531585504
vn 0.12629360383415816 0.8526684337820143 -0.5069580531585504
vn 0.023569300529675284 0.9716573840788889 -0.2352156798291999
vn -0.08128077454277553 0.9949350801607223 0.059140696270027014
vn -0.15365054565953137 0.9496856679172836 0.2729260741868229
vn 0.17752493497192381 0.44545345101691614 -0.8775284157452306
vn 0.12763646177953833 0.6421841425372059 -0.7558494960626448
vn 0.050676151597157035 0.8466539017095952 -0.5297254934201494
vn 0.050676151597157035 0.8466539017095952 -0.5297254934201494
vn -0.031164697615470294 0.9673041591674522 -0.25169709032860277
vn -0.1097910980978361 0.9926680777163754 0.050556921003433
vn -0.16099486235852575 0.9491016022999976 0.2707153538418847
vn 0.08227200898704641 0.4344356671061019 -0.8969375494889884
vn 0.03681832875264693 0.6316787027224701 -0.7743554914861257
vn -0.026430845788505155 0.8377335733725958 -0.5454391537424554
vn -0.026430845788505155 0.8377335733725958 -0.5454391537424554
vn -0.08697561332400999 0.9608473777962195 -0.26307329638152405
vn -0.13886162586718756 0.9893055859669699 0.044630779021559694
vn -0.16848384502777064 0.9482352937521586 0.2691895645217618
vn -0.013905472721523603 0.4199339821737036 -0.9074481188718871
vn -0.05488171875203388 0.6178538932921921 -0.7843752695556528
vn -0.1042867340877171 0.8259963635472155 -0.5539442972899838
vn -0.1042867340877171 0.8259963635472155 -0.5539442972899838
vn -0.14333052319549086 0.9523516070378738 -0.26922625743579665
vn -0.16821628093355323 0.9848791890990107 0.04142783736280526
vn -0.1760788615709696 0.946416687516205 0.2707243766245025
vn -0.11008296958499265 0.4020873427571601 -0.9089595747896798
vn -0.14658091810796056 0.6008364562432565 -0.7858177825015622
vn -0.18214154207306288 0.8115477369910652 -0.5551709009268474
vn -0.18214154207306288 0.8115477369910652 -0.5551709009268474
vn -0.1996841524824392 0.9418938442747908 -0.2701152075774816
vn -0.1975701990702602 0.9794325150308129 0.04096297034828232
vn -0.18360695295687118 0.945692215047005 0.26824377201601973
vn -0.20533598593756605 0.3810677578940202 -0.9014568746050318
vn -0.2373993756419233 0.5807967546174617 -0.7786633844419866
vn -0.25924928567757016 0.7945342422267958 -0.5490948422674913
vn -0.25924928567757016 0.7945342422267958 -0.5490948422674913
vn -0.25549606165857586 0.9295785857426547 -0.2657167954903173
vn -0.22664116659382838 0.9730173949204336 0.043254257446424804
vn -0.1910959356949921 0.944039681739465 0.2688334478112889
vn -0.29874346591885137 0.357077017761237 -0.8850131891432654
vn -0.32645964709927405 0.557923187877169 -0.7629848066932885
vn -0.3348672487714432 0.7751155805334701 -0.5357795838910868
vn -0.3348672487714432 0.7751155805334701 -0.5357795838910868
vn -0.31023107650495446 0.9155221253561844 -0.25607795132317085
vn -0.2551521539529693 0.9656950801608883 0.04827411818164835
vn -0.19844036373717922 0.9421532552164046 0.2701271288208362
vn -0.3894049260813801 0.3303479364165792 -0.8597872088190556
vn -0.4128950926011388 0.5324374827621214 -0.738937053784578
vn -0.4082535773040091 0.7534797062503308 -0.5153613769845337
vn -0.4082535773040091 0.7534797062503308 -0.5153613769845337
vn -0.3633520292241743 0.899862158067426 -0.24129525344877778
vn -0.2828229618991652 0.9575375076876236 0.05597404393071596
vn -0.20556852079711715 0.9400517581820979 0.2721107774345434
vn -0.4764509085637848 0.3011400539036208 -0.8260200964042389
vn -0.4958904589532161 0.5045881775906115 -0.7067414122258255
vn -0.4787205209681585 0.7298328241167049 -0.4880273677221496
vn -0.4787205209681585 0.7298328241167049 -0.4880273677221496
vn -0.4143570659924479 0.8827463433398728 -0.22151098208037812
vn -0.3093912233425504 0.9486221988667642 0.06627967060709539
vn -0.2124129426358496 0.9377551874130579 0.2747652639630422
vn -0.5590437801665534 0.2697307352100845 -0.78403787047573
vn -0.5746403821757144 0.4746421316718677 -0.6667107903843573
vn -0.5455823531469575 0.7044051757186817 -0.4540410161597317
vn -0.5455823531469575 0.7044051757186817 -0.4540410161597317
vn -0.4627520300760077 0.8643404840302225 -0.19691644503934824
vn -0.334599665840849 0.9390356065679558 0.07908977947082357
vn -0.21890674124473292 0.9352856904859246 0.2780656681610995
vn -0.6363889710280272 0.23642279792623744 -0.7342433780257185
vn -0.6483806985147764 0.44288618694345394 -0.6192368651882562
vn -0.6081896915535683 0.6774422775121476 -0.4137357365845133
vn -0.6081896915535683 0.6774422775121476 -0.4137357365845133
vn -0.5080715217419226 0.8448235513073893 -0.1677393691153579
vn -0.35820579834563937 0.9288693024414394 0.09428905033733906
vn -0.22498752314834217 0.9326667953309152 0.2819809626814105
vn -0.7077384692455604 0.20153972618523572 -0.6771174181182547
vn -0.7164099354202038 0.40962303478435425 -0.564770549697198
vn -0.6659494297649566 0.6491997946009312 -0.36749283487686935
vn -0.6659494297649566 0.6491997946009312 -0.36749283487686935
vn -0.5498808206544975 0.824381134032434 -0.13426402693102268
vn -0.3799833905993886 0.9182211323157875 0.11172544489643062
vn -0.23059701157526927 0.9299238645751107 0.28647272880022334
vn -0.7724079803229227 0.165406755394755 -0.61321001068414
vn -0.7077384692455604 0.20153972618523572 -0.6771174181182547
vn -0.7164099354202038 0.40962303478435425 -0.564770549697198
vn -0.7780702638480077 0.375170896647082 -0.5038387269995394
vn -0.6659494297649566 0.6491997946009312 -0.36749283487686935
vn -0.7182983027024628 0.6199539010617315 -0.31576052459593845
vn -0.7182983027024628 0.6199539010617315 -0.31576052459593845
vn -0.5877713141033393 0.803212960129631 -0.09681850544720087
vn -0.39972103253918423 0.9071944298773104 0.13123018915398244
vn -0.23568107769066665 0.9270834575641664 0.2914973281686062
vn -0.8297688493379735 0.12838250052864206 -0.5431404884800513
vn -0.8327576170154463 0.33987551337563077 -0.4370347660202867
vn -0.7647304518954398 0.5899887084177796 -0.25903795066228574
vn -0.7647304518954398 0.5899887084177796 -0.25903795066228574
vn -0.6213800590741974 0.7815223689228163 -0.055763868752234866
vn -0.4172271227391828 0.8958962945853505 0.15261506281826132
vn -0.24019102287102717 0.924172997447047 0.2970059651284972
vn -0.8792715565958195 0.09083057832832814 -0.4675802987745595
vn -0.8799548168925411 0.3040728612102519 -0.36499207567154873
vn -0.8048036120071453 0.5595872191689196 -0.19787190362213503
vn -0.8048036120071453 0.5595872191689196 -0.19787190362213503
vn -0.6503861506788445 0.7595168616873178 -0.01148876920314089
vn -0.4323344144142714 0.8844344743996331 0.1756775870921328
vn -0.24408360165137438 0.9212200965589384 0.30294674301077
vn -0.9204424580064899 0.05310132342576759 -0.3872543491678345
vn -0.919209534431682 0.26809885059281174 -0.28840394955808657
vn -0.8381315178982893 0.5290428193634451 -0.1328504948635372
vn -0.8381315178982893 0.5290428193634451 -0.1328504948635372
vn -0.6745091765105008 0.7374087199459565 0.03557738819519729
vn -0.44490146184287405 0.8729171138802235 0.20019590791296063
vn -0.24732120094834656 0.9182531253445729 0.3092627060548872
vn -0.9528817297003845 0.01555816314105588 -0.3029428209462628
vn -0.9501396878844759 0.23230189313412447 -0.20801539354839238
vn -0.8643953321980788 0.4986471283977755 -0.06458909362133429
vn -0.8643953321980788 0.4986471283977755 -0.06458909362133429
vn -0.6935194422115207 0.7154078682786394 0.084984500231713
vn -0.4548028848294656 0.8614581807014036 0.2259294997414546
vn -0.24987192559143168 0.9153010906137339 0.3158922827840835
vn -0.9762797732844756 -0.02143838382233671 -0.21544883377428428
vn -0.9724478522639046 0.19702845127568425 -0.12459921354175796
vn -0.8833350163700839 0.46870075072985246 0.006233387500903869
vn -0.8833350163700839 0.46870075072985246 0.006233387500903869
vn -0.7072275692268846 0.6937332818641928 0.13624719798721996
vn -0.4619437446396071 0.8501680512925917 0.25263068172669484
vn -0.25171142351270165 0.9123926880201255 0.322770726864471
vn -0.9904085748773982 -0.05752764036586563 -0.12562414339312494
vn -0.9859195006066491 0.16262075342008447 -0.03895162231049789
vn -0.8947712986986072 0.43948970872005577 0.07895010420745845
vn -0.8947712986986072 0.43948970872005577 0.07895010420745845
vn -0.7155062738712235 0.6725877179068491 0.18888232784401646
vn -0.4662555554685906 0.8391529435492194 0.28005016394809806
vn -0.25282229115681254 0.9095553565219439 0.3298332040842154
vn 0.08226882408101942 -0.25678070918467616 0.9629618413908938
vn -0.013905540548807204 -0.27462760041795187 0.9614501115662337
vn -0.054881754272405485 -0.04436890780405169 0.9975065879823847
vn 0.03681522316177171 -0.027354761253901672 0.998947624442989
vn -0.1042871238259785 0.26374746758844314 0.958937677403901
vn -0.02643220101115652 0.27819218086338826 0.9601616787063405
vn -0.02643220101115652 0.27819218086338826 0.9601616787063405
vn -0.1042871238259785 0.26374746758844314 0.958937677403901
vn -0.14333041733642402 0.5453755423678803 0.825846177719015
vn -0.08697603323849283 0.5558333386801062 0.8267311952828579
vn -0.16821612404812852 0.7728888625057536 0.611838329810079
vn -0.13886184444350622 0.7783368367254785 0.6122982580033389
vn -0.17607894058764534 0.8935137358977949 0.41307312965563137
vn -0.16848387869640216 0.8938891780027589 0.4154218579576285
vn 0.17752106884140761 -0.23576093400570705 0.9554596025547919
vn 0.12763409969091982 -0.007315969900980589 0.9917943401635726
vn 0.050674792663934584 0.2952031666037009 0.9540897000888412
vn 0.050674792663934584 0.2952031666037009 0.9540897000888412
vn -0.03116463133804569 0.5681484338714736 0.822335772566751
vn -0.10979013608386058 0.7847523018374734 0.6100081563220892
vn -0.16099452372008854 0.8955418180640015 0.4148320327925084
vn 0.2709318087296463 -0.21177333872720475 0.9390143811586779
vn 0.21669570282645545 0.015554463261699491 0.9761152754921875
vn 0.1262922894846609 0.31462469064029 0.9407771051934801
vn 0.1262922894846609 0.31462469064029 0.9407771051934801
vn 0.023568396311029003 0.5822059764639611 0.8126996564936962
vn -0.08128075122929523 0.7920741382339261 0.6049892552935009
vn -0.15365044820571094 0.8974277926433718 0.41353947424330506
vn 0.3615951946171424 -0.18504689187166348 0.9137869352526483
vn 0.3031375025936497 0.04103673594982233 0.9520628344935379
vn 0.19968394332496003 0.3362627460244308 0.9203551968747192
vn 0.19968394332496003 0.3362627460244308 0.9203551968747192
vn 0.07669291305735283 0.5978695303310453 0.7979161746627982
vn -0.05360832013421367 0.8002328416719223 0.5972884957221825
vn -0.1465221546206368 0.8995294909065822 0.4115555286892295
vn 0.44864126547767186 -0.15583703074299024 0.8800203604234402
vn 0.38612955878704347 0.06888503457179139 0.9198689123146658
vn 0.2701450283350082 0.35990445320636744 0.893023206993023
vn 0.2701450283350082 0.35990445320636744 0.893023206993023
vn 0.12769489759088912 0.6149831543467726 0.7781322079177458
vn -0.02704113483936967 0.8091480347204476 0.5869823122843109
vn -0.13967836206397824 0.9018261702532645 0.4089003715056445
vn 0.5312355232105453 -0.12442571086732865 0.838037625261765
vn 0.4648764569223695 0.09883621864746917 0.8798416230679098
vn 0.337006251055103 0.3853356486730948 0.8590362184515098
vn 0.337006251055103 0.3853356486730948 0.8590362184515098
vn 0.17609094053035582 0.63338777446852 0.7535329507174519
vn -0.0018329142282834032 0.8187348432255143 0.5741688749087018
vn -0.13318437239435382 0.9042959090774885 0.4055993488353263
vn 0.6085807033686162 -0.09111354644417143 0.7882435214714588
vn 0.5386210091762768 0.13059706636992863 0.8323651931270899
vn 0.39961747273711057 0.4123012567167041 0.8187267854376277
vn 0.39961747273711057 0.4123012567167041 0.8187267854376277
vn 0.22141065659577502 0.6529055964441237 0.7243559920907472
vn 0.02177442242505293 0.8288990633394452 0.5589742546155825
vn -0.12710302952830643 0.9069144218553882 0.40168526400085114
vn 0.6799264290993322 -0.05622920070048625 0.7311212813212423
vn 0.6085807033686162 -0.09111354644417143 0.7882435214714588
vn 0.5386210091762768 0.13059706636992863 0.8323651931270899
vn 0.606646916692416 0.16385896719862958 0.7779008660081203
vn 0.39961747273711057 0.4123012567167041 0.8187267854376277
vn 0.45737396253739604 0.4405400545168043 0.7724852870826547
vn 0.45737396253739604 0.4405400545168043 0.7724852870826547
vn 0.26321871424797916 0.6733473022363162 0.6908829995308293
vn 0.043551717783368984 0.8395482875955265 0.5415366291152769
vn -0.1214933756500723 0.9096571669025431 0.3971941570264965
vn 0.7445931053612395 -0.020104553353302412 0.6672157929657917
vn 0.6683028055809124 0.19830389760443706 0.716970657870718
vn 0.5097233671196258 0.46978527931444675 0.7207523016624217
vn 0.5097233671196258 0.46978527931444675 0.7207523016624217
vn 0.3011114027971357 0.694514351711318 0.6534383967693884
vn 0.06328973414226347 0.8505750684877527 0.5220310933452686
vn -0.11640893236858582 0.9124978558645532 0.3921691261527341
vn 0.8019589418983385 0.016919780677611768 0.5971394950353887
vn 0.7229964270603284 0.2336011035715909 0.650158973535038
vn 0.5561602332212562 0.49975174501196873 0.6640286050621391
vn 0.5561602332212562 0.49975174501196873 0.6640286050621391
vn 0.33472025152780155 0.7162052267394824 0.6123825817315609
vn 0.08079411810415296 0.8618738689001011 0.5006453281385373
vn -0.11189894363878665 0.9154084712370084 0.3866600020690623
vn 0.851461965104578 0.054477569208766015 0.5215790605779287
vn 0.7701955251359494 0.2694097848271592 0.5781152315066116
vn 0.5962332982661301 0.530153437489283 0.6028624940705705
vn 0.5962332982661301 0.530153437489283 0.6028624940705705
vn 0.363726639591179 0.7382124844442334 0.5681067324564824
vn 0.09590436083603868 0.8733362210298151 0.4775837084846935
vn -0.10800718224163741 0.9183611314710531 0.38071942528248903
vn 0.8926289879861882 0.09220721813012171 0.4412610550812946
vn 0.8094472798336108 0.3053834965620502 0.5015336690567287
vn 0.6295602136346805 0.5606950140708152 0.5378429497579974
vn 0.6295602136346805 0.5606950140708152 0.5378429497579974
vn 0.3878488197490322 0.7603202892116693 0.5210435210540155
vn 0.10846853396340639 0.884852914841557 0.45306720940300865
vn -0.10477007290922788 0.9213279886296604 0.37440348447927096
vn 0.925070739507892 0.12975098659108533 0.35694370478404824
vn 0.8403775039596456 0.3411778392359998 0.42114526336266717
vn 0.6558226108404064 0.5910901789932917 0.46958396843179295
vn 0.6558226108404064 0.5910901789932917 0.46958396843179295
vn 0.4068585521062391 0.7823201673717882 0.4716368033788206
vn 0.11837084466491071 0.8963119980081069 0.42733259337433077
vn -0.1022189825947111 0.9242800831685752 0.36777385368619325
vn 0.9484691513567864 0.16674444408665293 0.26944862087375787
vn 0.8626859874028598 0.37644778658983674 0.33772762858606264
vn 0.6747620714975997 0.6210370051373423 0.39875955802752727
vn 0.6747620714975997 0.6210370051373423 0.39875955802752727
vn 0.4205662872611926 0.8039974103470031 0.42037145737389014
vn 0.1255112261743707 0.9076025607985251 0.40063015829585924
vn -0.1003794150931374 0.9271883103680323 0.3608958438974229
vn 0.9625977633664541 0.20282737074606494 0.1796290723634083
vn 0.8761573817357645 0.4108573424288771 0.2520803177604514
vn 0.6861977759277126 0.6502521658926814 0.32604406613790354
vn 0.6861977759277126 0.6502521658926814 0.32604406613790354
vn 0.42884483777693 0.8251423364329371 0.3677393502714552
vn 0.12982304185084861 0.9186173403557107 0.3732132899594993
vn -0.09926845507391649 0.930025841638199 0.35383288105035854
vn 0.9670705392812636 0.228935484856032 0.11118954909513631
vn 0.880861860930674 0.4350542591959254 0.1865748469468337
vn 0.6911280580288748 0.6702987701706283 0.27026203231859947
vn 0.42884483777693 0.8251423364329371 0.3677393502714552
vn 0.43360576665741696 0.8395402029811906 0.3273504035429539
vn 0.43360576665741696 0.8395402029811906 0.3273504035429539
vn 0.13373370088128328 0.9262912420987544 0.35227806071304285
vn -0.09885773129460244 0.9320960722004947 0.34845955454212196
vn 0.6911280580288748 0.6702987701706283 0.27026203231859947
vn -0.9948212955400179 -0.0839463376116291 -0.05730272542972818
vn -0.9902824518911075 0.1366394434768293 0.025890692591715097
vn -0.8991711834952092 0.4166707130249767 0.13370377585948107
vn -0.7155062738712235 0.6725877179068491 0.18888232784401646
vn -0.7197707816396107 0.6555951738039179 0.22830897919905555
vn -0.7197707816396107 0.6555951738039179 0.22830897919905555
vn -0.46988759374042943 0.8300233347186504 0.3004445257803185
vn -0.253231287914362 0.9074760294860734 0.3352031782806129
vn -0.9948212972096824 -0.10099483947040792 -0.011429305245357629
vn -0.9902824496022449 0.12038408283243733 0.06963004100508674
vn -0.8991711272861393 0.4028590229343759 0.17086805288096882
vn -0.8991711272861393 0.4028590229343759 0.17086805288096882
vn -0.8991711834952092 0.4166707130249767 0.13370377585948107
vn -0.7197706819662752 0.645578379250476 0.25526206460446055
vn -0.4698875692151365 0.8247809193670012 0.3145506435301236
vn -0.25323128804558365 0.9061350813260707 0.338811347426514
vn -0.9904085801027626 -0.12560780528439222 0.05756321490733512
vn -0.9859195123040201 0.09771197285718955 0.1357021945974303
vn -0.8947711547572986 0.3843810662773753 0.2272350688202826
vn -0.8947711547572986 0.3843810662773753 0.2272350688202826
vn -0.7155062164523339 0.6326977002705768 0.2962169378857145
vn -0.4662557075096208 0.8183753536498363 0.3359574314600114
vn -0.25282229168060943 0.9042026945016265 0.3442359308459291
vn -0.9762797003904825 -0.15694100360356078 0.14915585135480502
vn -0.9724477558316501 0.0678337017332931 0.22303352009764382
vn -0.8833346436030337 0.35901254549647005 0.301379992014809
vn -0.8833346436030337 0.35901254549647005 0.301379992014809
vn -0.7072273939706194 0.6143359985343356 0.3498866875466217
vn -0.4619437983213638 0.808809835796175 0.3639156175706059
vn -0.2517113024550501 0.9017390320014651 0.35143724671901666
vn -0.9528816058530433 -0.18606476817467255 0.23957576519971882
vn -0.9501397269924147 0.04006694519237739 0.3092396143668058
vn -0.8643953730295099 0.3354366205736018 0.3745703040329492
vn -0.8643953730295099 0.3354366205736018 0.3745703040329492
vn -0.6935191808741774 0.5972710807276206 0.40286275812746697
vn -0.4548028594787154 0.7999216248111034 0.3915095824747436
vn -0.24987161365406713 0.8994493848946317 0.35854564660944016
vn -0.9204428018771242 -0.21269541421245344 0.32794162475291544
vn -0.9192099002368819 0.014675420901369475 0.3934943345562545
vn -0.8381322660207866 0.3138734007066975 0.4461141030988307
vn -0.8381322660207866 0.3138734007066975 0.4461141030988307
vn -0.6745101800151381 0.5816639218395662 0.45464612511948366
vn -0.4449012525727268 0.7917932564179477 0.4184809607978372
vn -0.24732050642898068 0.897355283587492 0.3654942709774321
vn -0.8792738102315046 -0.23658007513790894 0.4134095241872321
vn -0.8799580827615209 -0.008095643163829493 0.4749823503504442
vn -0.8048069747924332 0.2945411239368608 0.5152972536657483
vn -0.8048069747924332 0.2945411239368608 0.5152972536657483
vn -0.6503898036849156 0.5676686289529137 0.5047231230738454
vn -0.4323374657822865 0.784502520036564 0.4445673309378806
vn -0.24408343153498333 0.8954775453842273 0.37221397631301545
vn -0.8297690118609395 -0.25748842388614623 0.4951596697227558
vn -0.8327571845683827 -0.028029375562657423 0.5529284091591862
vn -0.7647306095136795 0.277617102490051 0.5814772904231642
vn -0.7647306095136795 0.277617102490051 0.5814772904231642
vn -0.6213802244607646 0.5554170672042524 0.552628716325271
vn -0.41722603181409373 0.7781219248905796 0.46951965707651083
vn -0.2401914598173751 0.8938337654810241 0.37864133730591476
vn -0.7724039125662945 -0.27521690514395025 0.572405320533681
vn -0.7780631987561571 -0.04493222930616529 0.6265770132321447
vn -0.7182940610960289 0.26326628378625094 0.6440066037049246
vn -0.7182940610960289 0.26326628378625094 0.6440066037049246
vn -0.5877681222152206 0.5450283869360498 0.5978902005732165
vn -0.39971752632072605 0.7727102434622174 0.49309712917497367
vn -0.23568113605632227 0.892439917167216 0.3847146947463458
vn -0.7077376161710868 -0.2895935427932948 0.6443935494935493
vn -0.7724039125662945 -0.27521690514395025 0.572405320533681
vn -0.7780631987561571 -0.04493222930616529 0.6265770132321447
vn -0.7164091899034593 -0.05864008529619858 0.6952116318203571
vn -0.7182940610960289 0.26326628378625094 0.6440066037049246
vn -0.6659481961467734 0.2516297356144369 0.702278773852284
vn -0.6659481961467734 0.2516297356144369 0.702278773852284
vn -0.5498802762303595 0.5366082258963205 0.6400650699055737
vn -0.37998216130253115 0.7683237722989786 0.5150651784115524
vn -0.23059643749619696 0.8913097023782147 0.39037456046791885
vn -0.6363924572620844 -0.30048151208982476 0.7104333193425957
vn -0.6483846072868887 -0.06902182895096187 0.758177675852891
vn -0.6081921969136289 0.24281584493500002 0.7557398474752245
vn -0.6081921969136289 0.24281584493500002 0.7557398474752245
vn -0.5080743356154451 0.530228711224948 0.6787620962322919
vn -0.35820704873475323 0.7650002708891374 0.5352217258074309
vn -0.2249869538699152 0.8904537348305661 0.39556670324312254
vn -0.559046290847023 -0.3077775120723199 0.7698962577859167
vn -0.5746432496278572 -0.0759761086968434 0.81486978503588
vn -0.545583999034824 0.2369122800159991 0.8038722980516183
vn -0.545583999034824 0.2369122800159991 0.8038722980516183
vn -0.46275334491854475 0.5259532208233112 0.7136053189770123
vn -0.3345997942348167 0.7627730891272124 0.5533716582924606
vn -0.21890626675551458 0.8898798092122988 0.400242390972578
vn -0.4764502740334442 -0.31141044792969347 0.8222035449289207
vn -0.4958901597497508 -0.07944235782260724 0.8647438124941697
vn -0.4787198595357982 0.23396959715781582 0.8462183664349497
vn -0.4787198595357982 0.23396959715781582 0.8462183664349497
vn -0.4143563302171263 0.5238246498677787 0.7442557139853849
vn -0.3093905681295424 0.7616648305657308 0.5693365983596661
vn -0.2124124688384042 0.8895943154844889 0.40435491457339495
vn -0.38940696808378245 -0.31134113536701785 0.8668499931569316
vn -0.41289774596477447 -0.07937895596339395 0.9073116513786043
vn -0.40825682070513003 0.2340209889005541 0.8823607794444096
vn -0.40825682070513003 0.2340209889005541 0.8823607794444096
vn -0.3633552097030728 0.5238627744989652 0.7704159818409029
vn -0.2828247630083798 0.7616839135847928 0.5829646380488336
vn -0.2055689831649614 0.8895996024859159 0.4078651007593373
vn -0.2987427162342477 -0.3075735822566731 0.9034109148083065
vn -0.32645625062253697 -0.07578232365100307 0.9421694942267712
vn -0.3348633585913508 0.23707530734472113 0.9119549493918692
vn -0.3348633585913508 0.23707530734472113 0.9119549493918692
vn -0.31022904805936047 0.526072806334816 0.7918366878183875
vn -0.2551518357976029 0.7628354257513874 0.5941209084923812
vn -0.198440522072786 0.889895387202054 0.4107402573841362
vn -0.20533160827536587 -0.3001468514250598 0.9315314263204836
vn -0.23739482985929644 -0.0686997475826636 0.9689809283149767
vn -0.259246843828244 0.24308933538365432 0.934718486490894
vn -0.259246843828244 0.24308933538365432 0.934718486490894
vn -0.25549533288421705 0.5304250445080657 0.8083139285160189
vn -0.226641501636737 0.7651025496961539 0.6027036736110785
vn -0.19109586879103166 0.8904799105218948 0.4129502365756908
vn -0.11008166131859078 -0.28912954478612396 0.9509396059546094
vn -0.14658161832135796 -0.05819602228580179 0.9874852161730838
vn -0.18214393443586474 0.2520079445879268 0.9504291572825363
vn -0.18214393443586474 0.2520079445879268 0.9504291572825363
vn -0.19968568585130977 0.5368796226065589 0.8196864630429922
vn -0.19757036086374316 0.7684645440038955 0.6086281271162672
vn -0.18360688820748058 0.8913461105384592 0.4144763224006006
vn -0.013854302466896564 -0.2749038787660816 0.9613718925278185
vn -0.01385395658550133 -0.274905739602338 0.9613713654049713
vn -0.05456784267394158 -0.04621076061599236 0.9974401817398392
vn -0.05456810852484218 -0.0462092012131777 0.9974402394405698
vn -0.10379676812402185 0.2604801246827348 0.959883501041806
vn -0.10379656027146783 0.2604787407958753 0.9598838990571759
vn -0.10379656027146783 0.2604787407958753 0.9598838990571759
vn -0.10379676812402185 0.2604801246827348 0.959883501041806
vn -0.14286336443608386 0.5416612570503372 0.828367757528413
vn -0.1428632766510549 0.5416605600390015 0.8283682284363392
vn -0.1679457323015093 0.7698217840072056 0.6157667187090199
vn -0.16794573075482214 0.7698217665355562 0.6157667409736453
vn -0.17604428955117515 0.8924534451974672 0.415373634540751
vn -0.17604430938364912 0.8924533352894058 0.4153738622788502
vn -0.013853888618430026 0.41967191642794405 -0.9075701363155605
vn -0.013854234499835772 0.41967366986971005 -0.9075693202199562
vn -0.05456804368428682 0.6164167865555666 -0.7855270039030986
vn -0.05456777307312936 0.6164155461368884 -0.7855279960781798
vn -0.10379650511479546 0.8241402250709907 -0.5567936556264725
vn -0.10379671797259499 0.8241410321107949 -0.5567924214008944
vn -0.10379671797259499 0.8241410321107949 -0.5567924214008944
vn -0.10379650511479546 0.8241402250709907 -0.5567936556264725
vn -0.14286323657717945 0.951185044999942 -0.27356371433936727
vn -0.1428633193570839 0.9511852527356198 -0.27356294880804066
vn -0.16794570968658998 0.9851223405685139 0.03644465270352306
vn -0.16794570968658998 0.9851223405685139 0.03644465270352306
vn -0.1760443040345675 0.9471166300797239 0.26828807659568465
vn -0.1760442842021107 0.9471165645799897 0.26828832083779675
vn -0.17859962923175285 0.8913676392684187 0.416612414725398
vn -0.1864757066004171 0.8896354217819815 0.4168640391766491
vn -0.20801981826202143 0.7605224450057902 0.6150880960095475
vn -0.17782535632978028 0.7663745790061263 0.6172909745811689
vn -0.21837688371385416 0.5271211452450881 0.8212519923232651
vn -0.16160442941618164 0.5366105011567456 0.8282108297054419
vn -0.20754168564917053 0.2426741852665131 0.9476474494890675
vn -0.12964134679363476 0.25465702585682554 0.9583021028795087
vn -0.12964134679363476 0.25465702585682554 0.9583021028795087
vn -0.20754168564917053 0.2426741852665131 0.9476474494890675
vn -0.17657362355117412 -0.06531348867456407 0.9821180701235294
vn -0.08505980728071098 -0.05202491639272405 0.9950167020003727
vn -0.14191683376272632 -0.2935567705934595 0.9453486313173048
vn -0.045943233548166214 -0.28019901042612033 0.958841871137969
vn -0.19677169208713216 0.8886289087757182 0.41426991645694333
vn -0.2477124467056208 0.7566408124529775 0.6050894352718557
vn -0.2930413862656614 0.5198176693761334 0.8024439771970775
vn -0.3099172536142166 0.23266238700312555 0.9218565558622606
vn -0.3099172536142166 0.23266238700312555 0.9218565558622606
vn -0.29673001378557495 -0.07705873765321376 0.9518472828506186
vn -0.26780781974267337 -0.3058638584869436 0.9136335544167338
vn -0.20671212429600516 0.8881509368416731 0.4104363666346969
vn -0.2860305234133884 0.7548011562566588 0.5903064917392271
vn -0.36512065019564877 0.5163577940608652 0.7746363916788985
vn -0.40875148761726254 0.22791935107782701 0.8837278940799238
vn -0.40875148761726254 0.22791935107782701 0.8837278940799238
vn -0.41273193539236475 -0.08262800917607446 0.9070969968018145
vn -0.3893504827972213 -0.3117014088065964 0.8667458873819673
vn -0.2161269875559161 0.8882107662300679 0.4054266394836437
vn -0.322323752532876 0.7550317953471433 0.5709942088743063
vn -0.4333907661235951 0.5167939141450911 0.7383065041982222
vn -0.5023622897062294 0.22851736504767572 0.8339136308711962
vn -0.5023622897062294 0.22851736504767572 0.8339136308711962
vn -0.5226019444620369 -0.0819285040782145 0.8486312083962056
vn -0.5044686273975371 -0.3109687838717634 0.8054873179814572
vn -0.2248553801350658 0.8888074596972324 0.3993261293865798
vn -0.3559722759307639 0.7573311215015581 0.5474790508995427
vn -0.4966841675157873 0.5211171436713846 0.6940761920069921
vn -0.5891474647821596 0.2344430001761082 0.7732669295975222
vn -0.5891474647821596 0.2344430001761082 0.7732669295975222
vn -0.624459523310525 -0.0749666667832245 0.7774511577058746
vn -0.6111894837205905 -0.30367306996522575 0.7309104470229258
vn -0.23274753436059778 0.8899299355931659 0.3922413733713031
vn -0.38639765113812125 0.7616570873325823 0.5201685654775667
vn -0.5539158034979105 0.5292546994417496 0.6427026884602922
vn -0.6676190983645973 0.24560156354218896 0.7028261602163612
vn -0.6676190983645973 0.24560156354218896 0.7028261602163612
vn -0.7165631500457238 -0.0618652551055717 0.6947733027450553
vn -0.7076935706052252 -0.28994576194325483 0.6442835286232083
vn -0.23966931076587158 0.8915591613553437 0.3842927052135754
vn -0.413080785217937 0.7679372307598084 0.48952699057017196
vn -0.604106706116337 0.541070103184673 0.5850625873058344
vn -0.7364383162171781 0.2618043274719869 0.6237925140013688
vn -0.6676190983645973 0.24560156354218896 0.7028261602163612
vn -0.7364383162171781 0.2618043274719869 0.6237925140013688
vn -0.7973350524606788 -0.042854962569711406 0.6020135100649114
vn -0.7165631500457238 -0.0618652551055717 0.6947733027450553
vn -0.7923220606905721 -0.2700280830949822 0.5470928499652459
vn -0.7076935706052252 -0.28994576194325483 0.6442835286232083
vn -0.24550037770234426 0.8936683261202026 0.3756148125906666
vn -0.4355626763307662 0.7760672829925764 0.4560753526075493
vn -0.646400592528247 0.5563606678171095 0.522138948255377
vn -0.7944302094436599 0.2827702122501299 0.5375143248205755
vn -0.7944302094436599 0.2827702122501299 0.5375143248205755
vn -0.865398683168025 -0.018250638246799882 0.5007514686694712
vn -0.8636338548404902 -0.244250456416694 0.44099691531074425
vn -0.2501438411139714 0.8962193985962044 0.3663589064464051
vn -0.45345962200688084 0.7859040480019351 0.42039172035560923
vn -0.680068507253103 0.5748628548199455 0.4550159597099847
vn -0.8405946774837589 0.30813782416040747 0.4454791459851572
vn -0.8405946774837589 0.30813782416040747 0.4454791459851572
vn -0.9195814981485089 0.011523377901362786 0.39273028916125946
vn -0.9204032978037398 -0.2130548842451464 0.3278191356392846
vn -0.2535175889891906 0.8991698521774267 0.3566825044887011
vn -0.4664687580787953 0.7972765605483946 0.3830887413335827
vn -0.7045335029753665 0.5962594409422758 0.3848470115155682
vn -0.874142519520708 0.3374748350098846 0.349264357329859
vn -0.874142519520708 0.3374748350098846 0.349264357329859
vn -0.9589568749781455 0.045954752521545635 0.279803274914417
vn -0.9616594840164957 -0.1769767983772181 0.20949999913431225
vn -0.2555658647644353 0.9024693773731177 0.3467493499215008
vn -0.47436443381527826 0.8099963633951279 0.3447959907217286
vn -0.7193845356213476 0.6201873090593604 0.31281558719246605
vn -0.8945055314780731 0.3702833720006048 0.250499657834081
vn -0.8945055314780731 0.3702833720006048 0.250499657834081
vn -0.9828568602359766 0.08446338326842787 0.1638851096772625
vn -0.9867022139227304 -0.13662807795768642 0.08804265644317537
vn -0.25476147482989553 0.9055151587816548 0.33932121678305216
vn -0.47453541089971446 0.8214891152900735 0.3161831388011879
vn -0.7227512282953339 0.6408440822420044 0.2587460613284558
vn -0.9003976977930896 0.3978258384347356 0.17612094731349728
vn -0.9003976977930896 0.3978258384347356 0.17612094731349728
vn -0.9902937247564233 0.11613162171151566 0.07636612564941832
vn -0.9945719782589151 -0.10397971598178742 -0.0038469112928147765
vn -0.2547614746513648 0.9073395567709154 0.33441220036389363
vn -0.2555661675475045 0.9098841529766019 0.3267977389259795
vn -0.4743646704578165 0.8385797883319273 0.267884486341832
vn -0.474535410204104 0.8285966600460865 0.2970584444564619
vn -0.7193845303579621 0.673954123090969 0.1681420157198593
vn -0.7227512269795214 0.6542853882139273 0.22257873813405168
vn -0.8945056716312662 0.4440074063119285 0.052125104888640354
vn -0.9003976959851364 0.41628983165893607 0.12643878013502308
vn -0.9003976959851364 0.41628983165893607 0.12643878013502308
vn -0.8945056716312662 0.4440074063119285 0.052125104888640354
vn -0.9828568215460474 0.170993688070502 -0.06894655162115604
vn -0.9902937010353151 0.13781850007977095 0.018012404768382225
vn -0.9867022585956541 -0.045967043123173006 -0.15590280250446859
vn -0.9945719940702795 -0.0812546487026507 -0.06499408184809435
vn -0.25351819925137986 0.9138725897029985 0.31712050144680437
vn -0.4664685740715573 0.8539557201729487 0.23057904802377072
vn -0.7045333563532968 0.7028764190789282 0.09796677645171972
vn -0.8741431333253343 0.48366246555299863 -0.04409537249373267
vn -0.8741431333253343 0.48366246555299863 -0.04409537249373267
vn -0.9589569375492459 0.21753491663275734 -0.18187949849213592
vn -0.9616595057802768 0.0027988143255596363 -0.2742319485049192
vn -0.25014427786106985 0.9179577809073737 0.3078658031106644
vn -0.453459456877317 0.8697054074177544 0.19490260459226025
vn -0.6800684711870848 0.7324990484972714 0.030854796188808493
vn -0.8405951464638312 0.5242823426209722 -0.13611695323256434
vn -0.8405951464638312 0.5242823426209722 -0.13611695323256434
vn -0.9195815513638472 0.26521108582174974 -0.2898842016193859
vn -0.9204032822398209 0.05274912899393359 -0.3873955697120782
vn -0.24550051420533978 0.9220707919372927 0.2991904948039762
vn -0.4355635183756557 0.8855601310286019 0.16145487231057917
vn -0.6464017518094508 0.7623233186134722 -0.03206139666040313
vn -0.7944310234957083 0.5651774497894008 -0.22238210170135256
vn -0.7944310234957083 0.5651774497894008 -0.22238210170135256
vn -0.8653987276512936 0.31320974886744785 -0.39113258032783815
vn -0.8636338208353183 0.10303952164639536 -0.49347693004665505
vn -0.23966940966425174 0.9261409759558037 0.2912412517601523
vn -0.4130820828802343 0.9012498828250182 0.13081223762025515
vn -0.6041082462013515 0.791837937545987 -0.08969898290641341
vn -0.7364395472577531 0.6056460194010218 -0.30141282722952034
vn -0.7364395472577531 0.6056460194010218 -0.30141282722952034
vn -0.7973352403692834 0.36070848454132715 -0.4838862507296071
vn -0.7923220479534866 0.15280780243175562 -0.5906568782658597
vn -0.23274763965002385 0.9300983162563755 0.2841578053378056
vn -0.3863983407786182 0.9165056740144362 0.10350686809518832
vn -0.5539153930913339 0.8205358928600325 -0.14106234729672584
vn -0.6676190879385399 0.6449945251936929 -0.37184246111797753
vn -0.6676190879385399 0.6449945251936929 -0.37184246111797753
vn -0.7165631976217893 0.4068931208871376 -0.5665467076850429
vn -0.7076935225245434 0.20119791236291826 -0.6772660321008334
vn -0.22485537220810134 0.9338751675446765 0.2780597652170456
vn -0.3559722329473713 0.9310658781368094 0.08000062462127672
vn -0.49668332157430417 0.8479249681127455 -0.18528066958243541
vn -0.5891470923755172 0.6825488421307714 -0.4324728681101474
vn -0.6676190879385399 0.6449945251936929 -0.37184246111797753
vn -0.5891470923755172 0.6825488421307714 -0.4324728681101474
vn -0.6244595465100367 0.45096812660710783 -0.6377131201072743
vn -0.7165631976217893 0.4068931208871376 -0.5665467076850429
vn -0.6111894297812065 0.24737689129909707 -0.7518325309368559
vn -0.7076935225245434 0.20119791236291826 -0.6772660321008334
vn -0.2161271062950996 0.9374074088889935 0.27305022190895556
vn -0.3223237339736696 0.9446819487828649 0.060691236279050896
vn -0.4333907179835849 0.8735361521288644 -0.22160116536148963
vn -0.5023623466616752 0.7176672729670361 -0.4822714567218682
vn -0.5023623466616752 0.7176672729670361 -0.4822714567218682
vn -0.522601888270643 0.4921825095800211 -0.6961635178889158
vn -0.504468504024753 0.2905567966182807 -0.8130733524018303
vn -0.2067124730285235 0.9406339064061926 0.2692170269753719
vn -0.28603122201429976 0.9571196713929695 0.04591377424717217
vn -0.3651204472065497 0.8969325620540735 -0.24939734994342824
vn -0.40875140092040296 0.7497485741072129 -0.520383865881533
vn -0.40875140092040296 0.7497485741072129 -0.520383865881533
vn -0.4127318988292833 0.52983571026251 -0.7408957415314221
vn -0.3893503203668942 0.3300088649759005 -0.85994213588329
vn -0.19677191146811354 0.9434995140711965 0.266626108632671
vn -0.24771301924940456 0.9681672766441349 0.03592192269106853
vn -0.2930413015471063 0.9177137274588386 -0.2681945376423289
vn -0.3099169320410228 0.7782417115877723 -0.5461605382844996
vn -0.3099169320410228 0.7782417115877723 -0.5461605382844996
vn -0.2967299536636826 0.5632789134857132 -0.7711473271827526
vn -0.26780781094496436 0.3650510130824572 -0.8916371090552131
vn -0.18647570108916123 0.9459558687973652 0.26531925522119226
vn -0.20801981140826897 0.9776368185623491 0.030887036972763005
vn -0.21837696072490417 0.9355274468127979 -0.2776686861791966
vn -0.20754163639606735 0.802665700173809 -0.5591549364232884
vn -0.20754163639606735 0.802665700173809 -0.5591549364232884
vn -0.17657361383726858 0.591942695759483 -0.7864004093548295
vn -0.14191680955097558 0.3950835635455265 -0.9076169880423351
vn -0.1785996237777293 0.9471033230767055 0.2666410879881705
vn -0.17782544305187803 0.983507260728696 0.03303906622984389
vn -0.16160449340352193 0.9472578873370424 -0.2767426287899176
vn -0.1296413409278585 0.818698463974701 -0.5593978439428346
vn -0.1296413409278585 0.818698463974701 -0.5593978439428346
vn -0.08505980279530287 0.6104298409900628 -0.7874898343326541
vn -0.04594317293925839 0.41401142275205 -0.9091115259917767
vn -0.16552563684838226 0.8931584636396129 0.41817367489461066
vn -0.17344465226330907 0.892234623933431 0.4169344414360951
vn -0.1577435579266279 0.7697514080512659 0.6185464733839665
vn -0.12725684225120343 0.7741037672079092 0.6201363186387129
vn -0.12362566678594783 0.5429949120689267 0.8305860701811634
vn -0.06645522446646106 0.5526644934434063 0.83075005918029
vn -0.07747399051642564 0.26342595393192525 0.9615635951867751
vn 0.0007683280133239522 0.2777012120418473 0.9606671882096073
vn 0.0007683280133239522 0.2777012120418473 0.9606671882096073
vn -0.07747399051642564 0.26342595393192525 0.9615635951867751
vn -0.02378800455357696 -0.04172154663384657 0.9988460558994258
vn 0.06791335031630163 -0.0241932221727963 0.9973978468242816
vn 0.018265799050458338 -0.26939967095561496 0.9628552216579889
vn 0.11424042234795134 -0.25047547363290035 0.9613590187906575
vn -0.1552300947118974 0.8956149695825877 0.4168662182946893
vn -0.08756665305405509 0.7835715212461372 0.6150997905746066
vn 0.008204054068234917 0.5704764244110528 0.8212730013144386
vn 0.10313352443239686 0.30212639048553963 0.9476724752309373
vn 0.10313352443239686 0.30212639048553963 0.9476724752309373
vn 0.18805884834983497 0.004474095734407387 0.9821475714090492
vn 0.24012700659806066 -0.2204393520759077 0.9453811468178371
vn -0.14528963193351885 0.8984808421446326 0.41427418354478013
vn -0.049248576346004574 0.7946193275417154 0.6051071822619888
vn 0.08027769134986476 0.5912622316381266 0.8024739657520598
vn 0.20196175251846396 0.3306235360581677 0.9218999554854443
vn 0.20196175251846396 0.3306235360581677 0.9218999554854443
vn 0.3040601624719025 0.037910589536506896 0.9518982113643006
vn 0.3616711928186411 -0.1854022859145069 0.9136848147270571
vn -0.13587462038703232 0.9017074412048071 0.410440955571638
vn -0.012953003052530743 0.8070595115148131 0.5903280143999537
vn 0.14855523807633741 0.6146630061639061 0.7746745962619612
vn 0.2955845647353655 0.3627094676812142 0.8837825564835589
vn 0.2955845647353655 0.3627094676812142 0.8837825564835589
vn 0.41393831742671444 0.07556628921284578 0.9071630533154119
vn 0.476792066323225 -0.14595309807480863 0.866814293060281
vn -0.12714434072787917 0.9052394473387869 0.4054329286116761
vn 0.020697297852970125 0.820676904417753 0.5710175482565136
vn 0.21185451105167574 0.6402751904746916 0.7383531313739063
vn 0.38237424882114346 0.3978287217757931 0.8339797611265545
vn 0.38237424882114346 0.3978287217757931 0.8339797611265545
vn 0.5158016239539566 0.11679048030666436 0.8487100025545828
vn 0.5835168433244544 -0.10276152960862871 0.8055731882263455
vn -0.1192525678687546 0.9090163516513808 0.39933456835981657
vn 0.05112050055594443 0.8352362791456482 0.5475098651365494
vn 0.26908348679853805 0.6676607761868024 0.6941348320564077
vn 0.4608480954015201 0.4353758694678066 0.7733478423387129
vn 0.4608480954015201 0.4353758694678066 0.7733478423387129
vn 0.607900632979688 0.16087350539464315 0.7775451984836215
vn 0.6800145934624229 -0.056572799429586575 0.7310127707795778
vn -0.11233190183173197 0.9129728515687939 0.39225261774679215
vn 0.07779313052596878 0.8504898922693579 0.520206855001571
vn 0.31926517237857804 0.6963501024127553 0.6427801214846506
vn 0.5296513407903983 0.47471596377888375 0.7029325792225162
vn 0.5296513407903983 0.47471596377888375 0.7029325792225162
vn 0.4608480954015201 0.4353758694678066 0.7733478423387129
vn 0.607900632979688 0.16087350539464315 0.7775451984836215
vn 0.6886556275233365 0.2070482983207242 0.6948988623123022
vn 0.6800145934624229 -0.056572799429586575 0.7310127707795778
vn 0.7646350876100457 -0.008191221168535788 0.6444114265679542
vn -0.10650065837439365 0.9170437034861 0.38430255744962005
vn 0.10028909239429408 0.8661802053627885 0.4895650618502165
vn 0.3615686993788055 0.7258706216344811 0.585132392093867
vn 0.5876525088697317 0.5151943149074586 0.6238904925595071
vn 0.5876525088697317 0.5151943149074586 0.6238904925595071
vn 0.7567320347926152 0.2545473857685859 0.6021314274450444
vn 0.8359562264169796 0.0415732654932205 0.547219198412221
vn -0.10185677757562729 0.9211567474426029 0.37562673427602816
vn 0.11818027304276382 0.8820375851229575 0.456117442654849
vn 0.395226705126085 0.7556983795797972 0.5222219936537023
vn 0.6338074180464951 0.5560921043508432 0.5376334516265577
vn 0.6338074180464951 0.5560921043508432 0.5376334516265577
vn 0.8109098611060727 0.3025439168698776 0.5008915806099783
vn 0.8927242198217609 0.0918604439717863 0.44114071017866235
vn -0.09848327737251833 0.9252416271460904 0.36637272752488376
vn 0.13118941967150086 0.8977821716879817 0.42044798532692024
vn 0.41969191265869427 0.7853170831618367 0.45512171706376725
vn 0.6673510808085003 0.5967078427929536 0.44562572332968664
vn 0.6673510808085003 0.5967078427929536 0.44562572332968664
vn 0.8502890092111238 0.35020586177408064 0.39289242190940604
vn 0.9339835528074343 0.1418052179020362 0.32797256479918996
vn -0.0964386160828646 0.9292298292914412 0.3566952728632959
vn 0.13908369944001778 0.9131588823236115 0.38314041836325674
vn 0.43453986203656436 0.8142441237876207 0.3849436519525598
vn 0.6877232977888168 0.6363675360736827 0.3493895028617557
vn 0.6877232977888168 0.6363675360736827 0.3493895028617557
vn 0.8742017657350851 0.39674478584397543 0.2799372209822723
vn 0.9590283272411956 0.19056736580487071 0.20963956363040576
vn -0.09728504799159697 0.9319978939375639 0.3491640662113125
vn 0.13896283928567507 0.9246607429548959 0.35453044965949515
vn 0.4375165562223147 0.8359647881837361 0.3312735062577258
vn 0.6932876055470366 0.6658268914993272 0.27572966208081384
vn 0.6932876055470366 0.6658268914993272 0.27572966208081384
vn 0.8814559774915057 0.43087637969181825 0.19334142124274892
vn 0.96689551194603 0.2258608568520603 0.11874317799637006
vn -0.09643803654921458 0.9366451261785584 0.33674265056937014
vn -0.0972850478130253 0.9338227751911133 0.34425374944419257
vn 0.1389628399814719 0.9317711292480204 0.3353981094224489
vn 0.13908422505399168 0.9417455269028753 0.3062204122842835
vn 0.43751655753863494 0.8494141278910772 0.29508456621548856
vn 0.43454055122329527 0.8680160719298095 0.2402552979938185
vn 0.6932876073551285 0.6842961994562488 0.22603319423822496
vn 0.687723528534283 0.7100927404888322 0.151012079667208
vn 0.687723528534283 0.7100927404888322 0.151012079667208
vn 0.6932876073551285 0.6842961994562488 0.22603319423822496
vn 0.8814560549670285 0.4525647903591484 0.13498271626079736
vn 0.8742017367994857 0.4832717402700004 0.04711420627759477
vn 0.9668955599319934 0.2485903700495767 0.05758301921931024
vn 0.9590283854857713 0.28122585958604984 -0.03430119141724317
vn -0.0984832094548033 0.9399450106697894 0.32680947717661274
vn 0.13118964075248826 0.9544658598421472 0.2679257370149872
vn 0.4196932578410103 0.891941784514566 0.168218376997791
vn 0.6673521867365206 0.74290838364963 0.05223210086793655
vn 0.6673521867365206 0.74290838364963 0.05223210086793655
vn 0.8502891755144891 0.5217971161146568 -0.06881923871504257
vn 0.9339835704123433 0.32158026339236234 -0.15575886618844598
vn -0.1018574875341113 0.9428950396826941 0.3171340353462699
vn 0.11817992726111619 0.9658378082348771 0.23063137899385308
vn 0.39522641637992184 0.9133345568751692 0.09806154706674337
vn 0.6338066508396578 0.7722408393141131 -0.04396834596445498
vn 0.6338066508396578 0.7722408393141131 -0.04396834596445498
vn 0.8109096270139924 0.5562364323939075 -0.18173224285669767
vn 0.8927242458497157 0.35766582855704065 -0.27407768233597946
vn -0.10650032687719298 0.9454465413859914 0.30787743950526486
vn 0.100289261910958 0.9756732553580088 0.19494553784188298
vn 0.3615685296176621 0.9318320267964908 0.03093981619961113
vn 0.5876514472949392 0.7976026144622226 -0.135999433437019
vn 0.5876514472949392 0.7976026144622226 -0.135999433437019
vn 0.7567314335022393 0.5860078083721599 -0.2897453814584522
vn 0.8359562255149249 0.38886200060703524 -0.3872512537187378
vn -0.11233175706489841 0.9475557905925123 0.2991982621428672
vn 0.07779327075464289 0.9838028206691984 0.16149370597216361
vn 0.31926601778261193 0.9471248437782632 -0.03199594016798579
vn 0.5296519478471224 0.8185684263415803 -0.22229382703623998
vn 0.5296519478471224 0.8185684263415803 -0.22229382703623998
vn 0.6886555171802912 0.6106211036491019 -0.3910184732662878
vn 0.7646350422549775 0.41465053012398306 -0.4933540209865817
vn -0.11925269686305158 0.9491845954401338 0.29125143445147006
vn 0.05112025582964203 0.9900825654968965 0.130855771531084
vn 0.2690842091811617 0.9589376572911656 -0.08962286426063108
vn 0.4608486923463191 0.8347635884334399 -0.30131085972532445
vn 0.4608486923463191 0.8347635884334399 -0.30131085972532445
vn 0.6079000270040663 0.6296294473910458 -0.48376059796814985
vn 0.6800142671757351 0.4345708652800472 -0.5905326066249
vn -0.12714446250445158 0.9503071259411512 0.2841665920545957
vn 0.0206970839602629 0.9944093811972777 0.10354522346486564
vn 0.21185520800611995 0.9670770894979382 -0.14099387862201815
vn 0.3823761704603089 0.8459257655803878 -0.37175000119884816
vn 0.3823761704603089 0.8459257655803878 -0.37175000119884816
vn 0.4608486923463191 0.8347635884334399 -0.30131085972532445
vn 0.6079000270040663 0.6296294473910458 -0.48376059796814985
vn 0.5158019999507235 0.6427203441114631 -0.5664440449965702
vn 0.6800142671757351 0.4345708652800472 -0.5905326066249
vn 0.5835165608998116 0.448286787436976 -0.677161265405141
vn -0.13587488753961624 0.9509029343706936 0.2780676614446578
vn -0.012952573915355864 0.9967085215653794 0.08002720704812254
vn 0.1485560358398073 0.9714021156255549 -0.18522697960545104
vn 0.29558592227036784 0.8518562662332015 -0.4324001205305163
vn 0.29558592227036784 0.8518562662332015 -0.4324001205305163
vn 0.4139391076577843 0.6496753732694542 -0.6376333778266887
vn 0.4767921251964211 0.4555725367036781 -0.7517465883873741
vn -0.14528966154779888 0.9509630031774429 0.27305728489653
vn -0.04924841758694249 0.9969396444066095 0.06071193272829301
vn 0.08027805053764324 0.9718366674269917 -0.2215602095284127
vn 0.20196190355744476 0.8524532946474428 -0.482218591466747
vn 0.20196190355744476 0.8524532946474428 -0.482218591466747
vn 0.30406022240923486 0.6503769222677664 -0.6961014582156501
vn 0.3616712372914185 0.4563084697403691 -0.8130046104169996
vn -0.15522998304201752 0.9504856273903168 0.2692224442523512
vn -0.08756699009460145 0.9950991857461976 0.04593073886872152
vn 0.00820304804601632 0.9683741005237164 -0.24936782358122722
vn 0.10313310219206165 0.847705561786265 -0.5203449276670952
vn 0.10313310219206165 0.847705561786265 -0.5203449276670952
vn 0.18805892498831572 0.6448112178023884 -0.7408456884725995
vn 0.24012704476550467 0.45047567359523544 -0.8598899172981994
vn -0.16552563041880458 0.9494791221984633 0.26662832217094395
vn -0.12725712131594258 0.9912186401557659 0.03593372346604056
vn -0.06645649523152904 0.9610752489133478 -0.26817512965912416
vn 0.0007673226908604955 0.8376964816517621 -0.5461355288242536
vn 0.0007673226908604955 0.8376964816517621 -0.5461355288242536
vn 0.06791332011310576 0.6330615056203852 -0.771116665007874
vn 0.11424048973479864 0.4381645745564828 -0.8916058075791621
vn -0.17344464680930355 0.9479701891269802 0.26696343386268023
vn -0.15774382375254806 0.9868843526883541 0.03429519626439771
vn -0.1236263088997514 0.9536448939457538 -0.2743682780479833
vn -0.0774743935555067 0.8274702735089002 -0.5561390696600198
vn -0.0774743935555067 0.8274702735089002 -0.5561390696600198
vn -0.02378798880815914 0.6207333575045593 -0.7836607878856644
vn 0.018265869319781126 0.42481067747803364 -0.9050979208453893
vn -0.17604430600991325 0.8924533295877748 0.4153738759589758
vn -0.16794570453918806 0.7698214703992989 0.6157671183484037
vn -0.14286326300424462 0.5416604516836449 0.8283683016422404
vn -0.10379672054730811 0.2604798079158518 0.9598835921463317
vn -0.10379672054730811 0.2604798079158518 0.9598835921463317
vn -0.0545680673497681 -0.04620944273405361 0.9974402305040234
vn -0.013854111704309864 -0.2749049050658487 0.9613716018063052
vn -0.17604430066083065 0.9471166346961982 0.2682880625122692
vn -0.16794568347092478 0.9851223627650734 0.03644417352119623
vn -0.14286322656683137 0.9511850198790076 -0.2735638069129144
vn -0.1037966635068693 0.8241408256067847 -0.5567927372128781
vn -0.1037966635068693 0.8241408256067847 -0.5567927372128781
vn -0.054568007269427135 0.6164166196383651 -0.7855271374155415
vn -0.013854043737243277 0.4196727028011315 -0.9075697703183594
vn 0.2528231658079307 -0.9042024906847845 -0.3442358242110886
vn 0.2532321548367719 -0.9061348723205153 -0.33881125855173205
vn 0.46988746923783486 -0.824780987574717 -0.31455061403300044
vn 0.4662556995224189 -0.8183753893806824 -0.3359573555064341
vn 0.7197700623252427 -0.6455790124930125 -0.2552622103031766
vn 0.7155058277374263 -0.6326981022848771 -0.2962170181453046
vn 0.8991709930853835 -0.40285781145898397 -0.1708716153734225
vn 0.89477103195386 -0.3843792925636497 -0.2272385526808615
vn 0.89477103195386 -0.3843792925636497 -0.2272385526808615
vn 0.8991709930853835 -0.40285781145898397 -0.1708716153734225
vn 0.9902822638906367 -0.12038338695679399 -0.06963388520286927
vn 0.9859190531934343 -0.09771090484943352 -0.13570629913039045
vn 0.9948214011176696 0.10099355342767882 0.011431624745734071
vn 0.9904085982364541 0.12560747411785106 -0.05756362553762061
vn 0.2517121292769661 -0.9017386769210323 -0.3514375656066976
vn 0.4619438908816019 -0.808810279524861 -0.36391451387940427
vn 0.7072264933515727 -0.6143360798198935 -0.34988836524406347
vn 0.8833334748241636 -0.3590100046759733 -0.30138644428312694
vn 0.8833334748241636 -0.3590100046759733 -0.30138644428312694
vn 0.9724479813101228 -0.06783181637447876 -0.223033110396654
vn 0.9762797774700185 0.1569420412131756 -0.14915425506144048
vn 0.24987219491606205 -0.8994490553791049 -0.35854606814949924
vn 0.45480295780453445 -0.7999212053905526 -0.3915103252007187
vn 0.6935171509569775 -0.5972721799279866 -0.4028646229350349
vn 0.8643947435231545 -0.3354392952360093 -0.374569361508799
vn 0.8643947435231545 -0.3354392952360093 -0.374569361508799
vn 0.9501418676456851 -0.040066370720832786 -0.3092331115583037
vn 0.9528828376204898 0.186066666552463 -0.23956939154737233
vn 0.2473214452609894 -0.8973549312057977 -0.3654945008541898
vn 0.4449023731319632 -0.7917918004337844 -0.41848252430343297
vn 0.6745100626410638 -0.5816646660180154 -0.454645347168646
vn 0.8381341388719269 -0.31387950058098024 -0.44610629268420754
vn 0.8381341388719269 -0.31387950058098024 -0.44610629268420754
vn 0.9192123760402848 -0.014676732977415535 -0.393488502047371
vn 0.9204421548278847 0.21269809803693418 -0.3279417001652447
vn 0.24408437392087315 -0.8954770757930165 -0.37221448808025165
vn 0.43233724692385794 -0.7845022034439548 -0.44456810244762157
vn 0.6503884492624422 -0.5676707435170706 -0.504722490107952
vn 0.8048053103448062 -0.29454112441155533 -0.5152998529702649
vn 0.8048053103448062 -0.29454112441155533 -0.5152998529702649
vn 0.8799558868740474 0.008099309157636505 -0.47498635595865035
vn 0.8792729219119925 0.23658111385138159 -0.4134108191148202
vn 0.2401920744782378 -0.8938332473349209 -0.37864217054700994
vn 0.4172282130735423 -0.778120129887929 -0.46952069355743137
vn 0.621381028884903 -0.5554183913109371 -0.5526264810299178
vn 0.7647318968194572 -0.2776162322487016 -0.5814760129007475
vn 0.7647318968194572 -0.2776162322487016 -0.5814760129007475
vn 0.8327574343811119 0.02803314845802265 -0.5529278416489068
vn 0.8297704641674923 0.25748829108157023 -0.49515730505684424
vn 0.23568212712985595 -0.8924392409016116 -0.3847156563625942
vn 0.3997212212252874 -0.7727097669012115 -0.4930948807660044
vn 0.5877700991808577 -0.5450298563043567 -0.5978869176071482
vn 0.7182957922898425 -0.2632674147984851 -0.6440042104552033
vn 0.7182957922898425 -0.2632674147984851 -0.6440042104552033
vn 0.7780656274882184 0.044932561269830286 -0.6265739734932325
vn 0.7724037523093277 0.275216931145622 -0.572405524282616
vn 0.2305978154432371 -0.8913090652445821 -0.39037520121754155
vn 0.3799837627711575 -0.7683222314502055 -0.5150662954316169
vn 0.5498793581398495 -0.5366078974984542 -0.6400661339533563
vn 0.665947649190273 -0.2516286029166264 -0.7022796983625368
vn 0.665947649190273 -0.2516286029166264 -0.7022796983625368
vn 0.7164088597308139 0.05863999207019153 -0.695211979923536
vn 0.7077371568854185 0.2895917590886885 -0.6443948555285521
vn 0.22498814473992643 -0.8904530811943842 -0.39556749729712826
vn 0.3582070324230529 -0.764998260679614 -0.5352246099347783
vn 0.5080726276825159 -0.5302277550574837 -0.678764121596365
vn 0.6081918698719341 -0.2428154607446924 -0.755740234104962
vn 0.6081918698719341 -0.2428154607446924 -0.755740234104962
vn 0.665947649190273 -0.2516286029166264 -0.7022796983625368
vn 0.7164088597308139 0.05863999207019153 -0.695211979923536
vn 0.6483837604132853 0.06902237521872581 -0.7581783503579437
vn 0.7077371568854185 0.2895917590886885 -0.6443948555285521
vn 0.6363909095146538 0.30048069381962683 -0.7104350518722928
vn 0.21890698700159503 -0.8898794446405115 -0.4002428076158001
vn 0.3346004137720335 -0.7627723215070602 -0.5533723417793068
vn 0.4627519680408009 -0.5259520259041038 -0.7136070925388386
vn 0.5455799906095605 -0.2369073366141378 -0.8038764754020777
vn 0.5455799906095605 -0.2369073366141378 -0.8038764754020777
vn 0.5746378980781244 0.07597974566409803 -0.8148732197962907
vn 0.5590436973231115 0.3077774695843623 -0.7698981580050392
vn 0.2124129826750207 -0.8895939725315233 -0.4043553991560943
vn 0.3093913872311724 -0.7616641890524848 -0.5693370114635017
vn 0.4143572503586305 -0.5238236761602464 -0.7442558870235428
vn 0.47872027104452813 -0.233967336672997 -0.8462187586323042
vn 0.47872027104452813 -0.233967336672997 -0.8462187586323042
vn 0.49589087621777367 0.07944235386135261 -0.8647434019967636
vn 0.4764527691536057 0.31140886022312697 -0.8222027003971674
vn 0.20556878667358736 -0.8895991945909322 -0.4078660894567159
vn 0.28282304880267756 -0.7616864905692877 -0.582962102670663
vn 0.36335450755225335 -0.5238659632384823 -0.7704141447310509
vn 0.40825825451057396 -0.23402395821954167 -0.8823593285069511
vn 0.40825825451057396 -0.23402395821954167 -0.8823593285069511
vn 0.41290122392161294 0.07937644589943729 -0.9073102882258129
vn 0.3894074025749219 0.3113424427208358 -0.8668493284190028
vn 0.19844053326696529 -0.8898951633627337 -0.41074073693795693
vn 0.2551517625654451 -0.7628351765187085 -0.5941212599507089
vn 0.3102311116678463 -0.5260717789761093 -0.7918365618726153
vn 0.33486800604703654 -0.23707465022229623 -0.9119534136939549
vn 0.33486800604703654 -0.23707465022229623 -0.9119534136939549
vn 0.3264597960448284 0.07578211587783072 -0.9421682824630895
vn 0.29874223685089796 0.30757513368101763 -0.903410545135724
vn 0.19109621675709793 -0.8904790055090195 -0.41295202710338125
vn 0.22664132079203422 -0.7651015775974382 -0.6027049756452598
vn 0.2554954248570782 -0.5304225591339566 -0.8083155303709594
vn 0.25924775999688526 -0.24308510143886364 -0.93471933348736
vn 0.25924775999688526 -0.24308510143886364 -0.93471933348736
vn 0.2373966054498236 0.06870054190940583 -0.9689804369863484
vn 0.20533431297906743 0.3001462066071896 -0.9315310379009005
vn 0.183607217524113 -0.8913453347123259 -0.4144778449563073
vn 0.19757051148896088 -0.7684631906020014 -0.6086297870461009
vn 0.19968426463743016 -0.5368755439463414 -0.8196894806989589
vn 0.18214136119672122 -0.25199955266531215 -0.9504318755165402
vn 0.18214136119672122 -0.25199955266531215 -0.9504318755165402
vn 0.1465812680084055 0.05819897176040022 -0.9874850943457729
vn 0.11008368357905006 0.28912920774378703 -0.9509394743300531
vn 0.17607886072316614 -0.8935140661200094 -0.41307244939855187
vn 0.16821622311188417 -0.7728915516818432 -0.6118349055266505
vn 0.143330531247122 -0.5453767326317298 -0.8258453719167751
vn 0.1042865598841342 -0.26374370699726285 -0.9589387730438658
vn 0.1042865598841342 -0.26374370699726285 -0.9589387730438658
vn 0.05488146892555806 0.04437039787278601 -0.9975065374027299
vn 0.013905636570719025 0.27462760931081803 -0.9614501076373062
vn 0.16848357330646052 -0.8938887806366704 -0.4154228368515301
vn 0.13886145089375485 -0.7783360988635396 -0.6122992852041949
vn 0.0869754893352421 -0.5558301575655796 -0.8267333912426171
vn 0.026430380675137154 -0.27818751731633273 -0.960163079995655
vn 0.026430380675137154 -0.27818751731633273 -0.960163079995655
vn -0.036818763889809064 0.027355751627224752 -0.998947466826227
vn -0.08227189255772281 0.2567807987644292 -0.9629615553493671
vn 0.16099451673611906 -0.8955413019799612 -0.4148331496263764
vn 0.10979058682842381 -0.7847518587753858 -0.6100086451784493
vn 0.03116448477815237 -0.5681480532026625 -0.8223360411234185
vn -0.05067617276682595 -0.2952058304521751 -0.9540888025654366
vn -0.05067617276682595 -0.2952058304521751 -0.9540888025654366
vn -0.1276358106889196 0.0073142193023889865 -0.9917941328853378
vn -0.17752391690771802 0.23576221856700527 -0.9554587564212833
vn 0.1536501872758551 -0.8974275585653615 -0.41354007916707314
vn 0.08128036238021176 -0.7920747445008374 -0.6049885137878855
vn -0.023569571517646954 -0.5822079174142335 -0.812698231940156
vn -0.12629348218600997 -0.31462887429647707 -0.9407755459280729
vn -0.12629348218600997 -0.31462887429647707 -0.9407755459280729
vn -0.21669583717552351 -0.015557137430350147 -0.9761152030502199
vn -0.27093171024068363 0.2117749521425024 -0.939014045704908
vn 0.14652179233504453 -0.8995291237666464 -0.41155646012003705
vn 0.05360956621007788 -0.8002327195059744 -0.5972885475570746
vn -0.07669008338723816 -0.5978689844068715 -0.7979168556900865
vn -0.19968020051861854 -0.33626137961734154 -0.9203565081525128
vn -0.19968020051861854 -0.33626137961734154 -0.9203565081525128
vn -0.30313481170982837 -0.04103693404955197 -0.9520636827300261
vn -0.3615958586995874 0.18504695304945423 -0.9137866600790476
vn 0.13967765501047885 -0.9018258499991105 -0.40890131934753593
vn 0.0270408912336185 -0.8091483357360251 -0.5869819085601468
vn -0.1276955394747636 -0.614984340931556 -0.7781311647834372
vn -0.27014685331002836 -0.35990795680331794 -0.8930212429031859
vn -0.27014685331002836 -0.35990795680331794 -0.8930212429031859
vn -0.38612977459395853 -0.06888879531608386 -0.9198685400925056
vn -0.448642254440114 0.15583565311467568 -0.8800201001961346
vn 0.13318399599231445 -0.9042952706676604 -0.40560089578256875
vn 0.0018321489765776528 -0.8187337996109442 -0.5741703654881135
vn -0.1760912820875909 -0.6333895829597357 -0.7535313507551231
vn -0.3370081342789151 -0.38533774870551046 -0.859034537636534
vn -0.3370081342789151 -0.38533774870551046 -0.859034537636534
vn -0.464875164005175 -0.09883869314415712 -0.8798420282236562
vn -0.5312311452851021 0.12442529440542206 -0.8380404622637281
vn 0.12710268546015502 -0.9069142242406285 -0.40168581904124495
vn -0.021773033350025835 -0.8289006731357061 -0.558971921561282
vn -0.22141034974295126 -0.6529061599053837 -0.7243555780031722
vn -0.39961757687548666 -0.4122999215784389 -0.8187274069667985
vn -0.39961757687548666 -0.4122999215784389 -0.8187274069667985
vn -0.5386196125748316 -0.1305976394385126 -0.8323660069481615
vn -0.6085780245709573 0.09111460599421604 -0.7882454672142618
vn 0.12149231187612047 -0.9096572592059973 -0.3971942710171292
vn -0.04355169446644656 -0.8395478708279447 -0.5415372771078331
vn -0.2632176498455826 -0.6733451244724814 -0.6908855275361518
vn -0.4573755753292546 -0.44053725097898616 -0.7724859309994657
vn -0.4573755753292546 -0.44053725097898616 -0.7724859309994657
vn -0.6066487034045025 -0.16385726200622658 -0.7778998318199192
vn -0.6799280615612461 0.056229369672839286 -0.7311197501693969
vn 0.11640836241272197 -0.9124978284532403 -0.392169359114795
vn -0.06328969407928363 -0.8505746232657263 -0.5220318236273709
vn -0.30110777848096626 -0.6945159491952472 -0.6534383689772756
vn -0.509722513632277 -0.46978429271632977 -0.7207535483182937
vn -0.509722513632277 -0.46978429271632977 -0.7207535483182937
vn -0.4573755753292546 -0.44053725097898616 -0.7724859309994657
vn -0.6066487034045025 -0.16385726200622658 -0.7778998318199192
vn -0.6683063943006227 -0.19830000370783765 -0.7169683897260549
vn -0.6799280615612461 0.056229369672839286 -0.7311197501693969
vn -0.7445949515083169 0.020105011487917365 -0.6672137189097642
vn 0.11189904823998673 -0.9154082453009857 -0.3866605066954154
vn -0.08079577511073265 -0.8618736799040378 -0.5006453860897229
vn -0.33471902431183825 -0.7162068653546385 -0.6123813360828477
vn -0.5561568790962855 -0.49975200824797666 -0.6640312161984508
vn -0.5561568790962855 -0.49975200824797666 -0.6640312161984508
vn -0.722996061717499 -0.23359566780050103 -0.6501613328442598
vn -0.8019577096611962 -0.016914747396476935 -0.5971412925225333
vn 0.10800604472978888 -0.9183609725108857 -0.38072013142292216
vn -0.09590293937199432 -0.8733366301686595 -0.47758324575456135
vn -0.3637257281441175 -0.7382132960431534 -0.5681062613905384
vn -0.5962311458936365 -0.530152958254111 -0.6028650442020802
vn -0.5962311458936365 -0.530152958254111 -0.6028650442020802
vn -0.7701923383967085 -0.26940583013694386 -0.578121319934868
vn -0.8514605795052369 -0.05447358876567701 -0.521581738249715
vn 0.10476906361944763 -0.9213280948086352 -0.3744035056254076
vn -0.10846996408388437 -0.8848523726296247 -0.4530679259706703
vn -0.3878493634692034 -0.7603214055797952 -0.5210414872864716
vn -0.6295604142312408 -0.5606993983494778 -0.537838144355272
vn -0.6295604142312408 -0.5606993983494778 -0.537838144355272
vn -0.8094486626793389 -0.3053835076550123 -0.501531430459698
vn -0.8926309828304103 -0.09220617687387968 -0.4412572372636153
vn 0.10221883865779069 -0.9242800060646735 -0.36777408746748225
vn -0.1183722911693558 -0.8963113874849108 -0.42733347323629
vn -0.4068571075265132 -0.7823207880876653 -0.4716370199433604
vn -0.6558210609276751 -0.591091607111659 -0.46958433539232847
vn -0.6558210609276751 -0.591091607111659 -0.46958433539232847
vn -0.8403798460996196 -0.34117649023975427 -0.42114168254550916
vn -0.9250720261649411 -0.1297481382829379 -0.356941405582488
vn 0.10037865199803395 -0.9271883602509069 -0.36089592798796144
vn -0.1255118283305989 -0.9076026259641229 -0.40062982202045155
vn -0.4205652802839587 -0.8039967524463209 -0.4203737231029605
vn -0.67475991199943 -0.6210354838691505 -0.3987655814309098
vn -0.67475991199943 -0.6210354838691505 -0.3987655814309098
vn -0.862686545460637 -0.376446918739665 -0.33772717043880884
vn -0.9484697763681272 -0.16674390928068913 -0.26944675175995
vn 0.09926766419414496 -0.9300259050041958 -0.3538329363789715
vn -0.1298236930962728 -0.9186178576800029 -0.3732117900900861
vn -0.42884478704077994 -0.8251430757875704 -0.3677377504523786
vn -0.6861978392587847 -0.6502521333791315 -0.32604399769427317
vn -0.6861978392587847 -0.6502521333791315 -0.32604399769427317
vn -0.8761572057011623 -0.41085758065519323 -0.25208054132775237
vn -0.9625981929539794 -0.20282935270796124 -0.17962453229390077
vn 0.18360726528345142 -0.9456923998517355 -0.26824290670546647
vn 0.17607883540258432 -0.9464173127382494 -0.27072220794124063
vn 0.16821592374585206 -0.9848795017982755 -0.04142185336160516
vn 0.19757045812373406 -0.9794324863752931 -0.04096240605102568
vn 0.14333034573922704 -0.9523512616544139 0.2692275736538134
vn 0.19968470430658225 -0.9418944496812338 0.2701126885684539
vn 0.10428705877491536 -0.8259975912114798 0.5539424055665993
vn 0.18214116424416635 -0.8115494737858416 0.5551684860343779
vn 0.18214116424416635 -0.8115494737858416 0.5551684860343779
vn 0.10428705877491536 -0.8259975912114798 0.5539424055665993
vn 0.054881676562955194 -0.6178537727583298 0.7843753674523043
vn 0.14657877157275662 -0.6008385801877351 0.7858165589259419
vn 0.013905582636981382 -0.41993396368923175 0.9074481257415087
vn 0.11008099429050225 -0.4020895602578479 0.9089588330764298
vn 0.1910963571207871 -0.9440397387500399 -0.26883294804752095
vn 0.22664181269018113 -0.9730173468998564 -0.04325195223886894
vn 0.2554952822146197 -0.9295781596813011 0.26571903546715936
vn 0.25924566401656646 -0.7945322480555596 0.5490994377054018
vn 0.25924566401656646 -0.7945322480555596 0.5490994377054018
vn 0.23739368796521754 -0.5807966970762863 0.7786651614009383
vn 0.2053309834958928 -0.3810711922938186 0.901456562248219
vn 0.19844058145077778 -0.9421536326623444 -0.27012565241869474
vn 0.25515166813362017 -0.9656953058974198 -0.0482721702052016
vn 0.31022960977834346 -0.9155221389621863 0.2560796795664979
vn 0.33486499097847006 -0.775112755815931 0.5357850815284259
vn 0.33486499097847006 -0.775112755815931 0.5357850815284259
vn 0.3264580901335446 -0.5579215703703345 0.7629866556512364
vn 0.29874241672236035 -0.35708009725387796 0.8850123008162344
vn 0.20556937965345595 -0.9400519789553001 -0.272109365901134
vn 0.2828248921804267 -0.9575370129501373 -0.05597275402960695
vn 0.3633547877560968 -0.8998608961499545 0.2412958055891621
vn 0.40825885293356395 -0.7534768704306094 0.5153613438428082
vn 0.40825885293356395 -0.7534768704306094 0.5153613438428082
vn 0.41290301248841427 -0.5324368477469912 0.7389330859010439
vn 0.38940857607962737 -0.3303496031631087 0.8597849152931294
vn 0.21241290964262885 -0.9377553792660195 -0.2747646346872107
vn 0.30939123068535807 -0.9486224539072143 -0.06627598598326853
vn 0.4143561376622103 -0.8827456772266639 0.22151537309923677
vn 0.47871928728122415 -0.7298321922042559 0.48802952288492424
vn 0.47871928728122415 -0.7298321922042559 0.48802952288492424
vn 0.49589143725273466 -0.5045874072841066 0.7067412757648449
vn 0.47645224514398415 -0.30113922670221394 0.8260196270297998
vn 0.21890690713251643 -0.935285656492655 -0.27806565190396854
vn 0.33459961955473777 -0.9390354951549263 -0.07909129808624278
vn 0.4627524343420644 -0.8643407141299152 0.19691448501286465
vn 0.5455807307846025 -0.7044054948805918 0.4540424704568591
vn 0.5455807307846025 -0.7044054948805918 0.4540424704568591
vn 0.5746382622088276 -0.47464113201126307 0.6667133292567993
vn 0.5590443854057389 -0.2697295883133993 0.7840378334842035
vn 0.22498823274753582 -0.9326667828040879 -0.28198043793677063
vn 0.358206576534157 -0.9288690983099814 -0.09428810493631203
vn 0.5080718154795112 -0.844823960522247 0.1677364183558791
vn 0.6081909732419946 -0.6774428074665574 0.4137329847604423
vn 0.6081909732419946 -0.6774428074665574 0.4137329847604423
vn 0.6483830870493483 -0.4428840305612278 0.6192359065026821
vn 0.6363903932177486 -0.23642165359133574 0.7342425138421894
vn 0.23059816521142731 -0.9299239505593133 -0.286471521057998
vn 0.37998371493047894 -0.9182210696908424 -0.11172485651562741
vn 0.5498796416218236 -0.824382021579549 0.1342634061323891
vn 0.6659478207207488 -0.6492027026842083 0.36749061335604866
vn 0.6659478207207488 -0.6492027026842083 0.36749061335604866
vn 0.6081909732419946 -0.6774428074665574 0.4137329847604423
vn 0.6483830870493483 -0.4428840305612278 0.6192359065026821
vn 0.7164092888029437 -0.4096233936374182 0.5647711096557838
vn 0.6363903932177486 -0.23642165359133574 0.7342425138421894
vn 0.7077374254257472 -0.20153660265617582 0.6771194388300644
vn 0.2356825149735074 -0.9270834243696994 -0.2914962716652036
vn 0.39972162919618615 -0.9071941994613871 -0.131229964628356
vn 0.5877716817720604 -0.8032125947947306 0.09681930422162494
vn 0.7182970953325246 -0.6199565378114775 0.31575809421401047
vn 0.7182970953325246 -0.6199565378114775 0.31575809421401047
vn 0.7780654272587955 -0.3751775061191169 0.5038412744176761
vn 0.7724035621354456 -0.1654078274768595 0.6132152866733351
vn 0.24019232094342546 -0.9241728430568714 -0.29700539576915086
vn 0.4172263588276684 -0.8958965116152617 -0.15261587720486608
vn 0.6213808049811056 -0.7815218032202376 0.05576348529657776
vn 0.7647316964231906 -0.5899867456902942 0.25903874689992856
vn 0.7647316964231906 -0.5899867456902942 0.25903874689992856
vn 0.8327568611457093 -0.3398791764434679 0.43703335757680506
vn 0.8297698197575715 -0.1283858763082932 0.5431382079950176
vn 0.24408413218129937 -0.9212200966813314 -0.3029463151908938
vn 0.4323368644349111 -0.884433344059931 -0.1756772482866161
vn 0.6503875114338766 -0.7595157183506477 0.011487321234683363
vn 0.804804801640332 -0.559585251300419 0.19787263020365597
vn 0.804804801640332 -0.559585251300419 0.19787263020365597
vn 0.8799563951065974 -0.30407169383512345 0.3649892432925124
vn 0.8792734803524672 -0.0908312503349721 0.46757655064325565
vn 0.24732130949955974 -0.9182532555491679 -0.3092622326453346
vn 0.44490116590573886 -0.8729176654381483 -0.20019416060846312
vn 0.6745097364383081 -0.7374082816511678 -0.03557585701280821
vn 0.8381337210105745 -0.5290400707870272 0.13284754121407666
vn 0.8381337210105745 -0.5290400707870272 0.13284754121407666
vn 0.9192110466153788 -0.2680967202797036 0.28840111018428194
vn 0.9204426335857587 -0.05310118924385797 0.38725395024273235
vn 0.24987278353620263 -0.9153010233106588 -0.3158917991565011
vn 0.45480344892935365 -0.861458100696229 -0.2259286692449868
vn 0.6935190631135445 -0.7154084627195264 -0.08498258978988286
vn 0.8643960560447297 -0.4986459931750195 0.06458817062601264
vn 0.8643960560447297 -0.4986459931750195 0.06458817062601264
vn 0.9501415973225805 -0.23229918697224922 0.20800969393114216
vn 0.9528832747501544 -0.015556086766141486 0.3029380677068269
vn 0.2517121953770093 -0.9123926578913896 -0.3227702100943831
vn 0.4619442045812573 -0.850167567164984 -0.2526314699212309
vn 0.7072276138941521 -0.6937333298490834 -0.13624672180308478
vn 0.8833347276897209 -0.46870132125955416 -0.006231396863874051
vn 0.8833347276897209 -0.46870132125955416 -0.006231396863874051
vn 0.9724484120000347 -0.1970275473005387 0.12459627443605487
vn 0.9762798950887986 0.02143866489731774 0.21544825386348612
vn 0.2528229524053194 -0.9095551794865006 -0.3298331854230818
vn 0.4662560313940322 -0.8391526872302147 -0.28005013962324055
vn 0.7155064359088134 -0.6725875443019693 -0.18888233221483147
vn 0.8947711838048983 -0.43949060570933834 -0.07894641300033604
vn 0.8947711838048983 -0.43949060570933834 -0.07894641300033604
vn 0.9859190839748462 -0.16262239530102013 0.03895531286947405
vn 0.9904085860870426 0.057527403114174876 0.1256241636629045
vn 0.25323208284702464 -0.907475833060914 -0.3352031095132592
vn 0.46988790147414317 -0.8300231783435118 -0.30044447650233247
vn 0.7197706232947898 -0.6555953275472604 -0.22830903692151605
vn 0.7197706232947898 -0.6555953275472604 -0.22830903692151605
vn 0.7155064359088134 -0.6725875443019693 -0.18888233221483147
vn 0.8991710688117619 -0.4166721109677264 -0.13370019055189114
vn 0.9902822964494832 -0.13664123843520382 -0.02588716472756155
vn 0.9948213751825482 0.08394705359531895 0.057300293826197134
vn 0.8991710688117619 -0.4166721109677264 -0.13370019055189114
vn 0.09885692099763625 -0.932096149045223 -0.34845957886953327
vn -0.13373407621966632 -0.9262918201253036 -0.3522763983388962
vn -0.4336055523841819 -0.8395416255526763 -0.32734703894487577
vn -0.4336055523841819 -0.8395416255526763 -0.32734703894487577
vn -0.42884478704077994 -0.8251430757875704 -0.3677377504523786
vn -0.6911280491922596 -0.6702994867082313 -0.27026027776642175
vn -0.8808616378372807 -0.4350546383547158 -0.18657501609988025
vn -0.9670705544943969 -0.22893654057684623 -0.11118724305695024
vn 0.09885692360638751 -0.9334370941475615 -0.34485141717040596
vn -0.1337340767326701 -0.9315342423406876 -0.3381703003920086
vn -0.4336055533645568 -0.8495585149595509 -0.30039399752847745
vn -0.6911280491922596 -0.6702994867082313 -0.27026027776642175
vn -0.6911280505443909 -0.6841112807603729 -0.23309606021362111
vn -0.6911280505443909 -0.6841112807603729 -0.23309606021362111
vn -0.8808615859215245 -0.451310135887776 -0.14283566673899586
vn -0.967070526054617 -0.24598517033544307 -0.06531380873513312
vn 0.09926780137513964 -0.9353785399176773 -0.33943024419108603
vn -0.12982361105323834 -0.9393953571737171 -0.31730457439747345
vn -0.42884464361726543 -0.8650331642072017 -0.26040333419996214
vn -0.6861977164111837 -0.7053611368287087 -0.1777592772369099
vn -0.6861977164111837 -0.7053611368287087 -0.1777592772369099
vn -0.8761571161416305 -0.47576658511586023 -0.07742650916562334
vn -0.9625981696685657 -0.27090970582643775 0.003563009929838044
vn 0.10037855217266752 -0.9378424278054212 -0.33222842574312106
vn -0.1255119213136847 -0.9489600159857663 -0.28934692959912606
vn -0.42056594813438586 -0.8833944685843126 -0.20673291016300527
vn -0.6747616737936177 -0.7307266260976584 -0.10361120350217175
vn -0.6747616737936177 -0.7307266260976584 -0.10361120350217175
vn -0.8626862029113561 -0.5056426316376267 0.009901736057971422
vn -0.9484691813933136 -0.30224585697155715 0.09515069043694094
vn 0.10221802231885398 -0.9401321134508008 -0.3251201088394148
vn -0.1183709498156737 -0.9578488381765966 -0.26175164076559165
vn -0.40685801586382353 -0.9004587268837655 -0.15375511733344335
vn -0.6558229235389592 -0.7543015903574033 -0.030420449455991858
vn -0.6558229235389592 -0.7543015903574033 -0.030420449455991858
vn -0.8403783290434557 -0.533411305327759 0.09610745768495657
vn -0.9250709387430607 -0.33137231237737474 0.18556979517880517
vn 0.10476932642690137 -0.942226196744088 -0.31817162414210476
vn -0.10846891091584242 -0.9659778390914331 -0.234779278789625
vn -0.3878492484371701 -0.9160645943289023 -0.10197362160748165
vn -0.6295609771780577 -0.7758621681032424 0.04112021547542221
vn -0.6295609771780577 -0.7758621681032424 0.04112021547542221
vn -0.8094475059183923 -0.5588050331874518 0.1803653792912185
vn -0.8926308547470174 -0.35800517528051884 0.2739387734987033
vn 0.10800652852032001 -0.9441041510151027 -0.3114513474574177
vn -0.09590559940851685 -0.9732673580116775 -0.2086929942069506
vn -0.3637263039965613 -0.9300589824208952 -0.0518986030564393
vn -0.596232483317554 -0.7951983255257226 0.11030162699647374
vn -0.596232483317554 -0.7951983255257226 0.11030162699647374
vn -0.7701954306958428 -0.5815770131687653 0.26185334882132527
vn -0.8514619437385932 -0.3818888805420463 0.3594070690501779
vn 0.11189890222418697 -0.9457478454835937 -0.30502401289761105
vn -0.08079499864908668 -0.9796483383682216 -0.18374248644686458
vn -0.3347165571502904 -0.9423103907392085 -0.003994230135629704
vn -0.5561564194945258 -0.8121227631396635 0.1764841484253668
vn -0.5561564194945258 -0.8121227631396635 0.1764841484253668
vn -0.7229955103747994 -0.6015084930990156 0.33980144894869857
vn -0.8019564905743828 -0.4027945004470848 0.4411602629829701
vn 0.11640907579374105 -0.9471415169775338 -0.29895129016336974
vn -0.06328742644903083 -0.9850593382149807 -0.1601649207814321
vn -0.30110655592664937 -0.9526970495388402 0.041269526020787595
vn -0.5097212163456893 -0.8264722645358836 0.2390143877677646
vn -0.5097212163456893 -0.8264722645358836 0.2390143877677646
vn -0.6683032747637982 -0.6184086229854585 0.41345073220059986
vn -0.7445934270536722 -0.42051937229238845 0.5184053297520035
vn 0.12149330511307885 -0.9482718862528544 -0.29329133392440027
vn -0.04355050133493407 -0.9894469260471704 -0.13819599983096864
vn -0.26321847927780945 -0.9611205075580641 0.08344700185151344
vn -0.4573749091274376 -0.8381105552393084 0.2972858720106396
vn -0.4573749091274376 -0.8381105552393084 0.2972858720106396
vn -0.5097212163456893 -0.8264722645358836 0.2390143877677646
vn -0.6683032747637982 -0.6184086229854585 0.41345073220059986
vn -0.6066484077664054 -0.6321175532633335 0.48208412980605536
vn -0.7445934270536722 -0.42051937229238845 0.5184053297520035
vn -0.6799285159060163 -0.43489617444153045 0.5903918450605189
vn 0.12710303895376437 -0.9491280873383301 -0.28809840560857203
vn -0.021775498768438605 -0.9927702662985994 -0.11803823959545325
vn -0.22141418089077097 -0.9675001769245949 0.12214404672904318
vn -0.399620252424695 -0.8469237811455329 0.3507474344627152
vn -0.399620252424695 -0.8469237811455329 0.3507474344627152
vn -0.5386222038138037 -0.6425005754444724 0.5450496602258214
vn -0.6085797859311027 -0.4457871278460812 0.6564331502923926
vn 0.13318387554917527 -0.9497017350083126 -0.28342312858322377
vn 0.0018319222003752398 -0.9949969084713934 -0.09988891927246554
vn -0.17609289379024767 -0.971774652423519 0.15698827237639576
vn -0.33701018079597134 -0.8528305222846692 0.39887872630603527
vn -0.33701018079597134 -0.8528305222846692 0.39887872630603527
vn -0.46487938262513295 -0.6494585980099336 0.6017397187165283
vn -0.5312345805113843 -0.45308229054396765 0.7158954242515629
vn 0.13967779613676537 -0.949987131131895 -0.2793108733117418
vn 0.027041376288823655 -0.9961050029062218 -0.08392608148604265
vn -0.12769535701903983 -0.9739027580602347 0.1876361202925703
vn -0.27014639129313706 -0.8557692090822164 0.44122555236306615
vn -0.27014639129313706 -0.8557692090822164 0.44122555236306615
vn -0.3861289488439336 -0.6529182176044618 0.6516150980332575
vn -0.44864191869107856 -0.4567122233478736 0.7682020397251164
vn 0.14652154733954312 -0.9499819574825552 -0.2758001389101151
vn 0.05360760523150237 -0.9960845541588688 -0.07029783515494124
vn -0.07669449047455242 -0.9738631131230572 0.21379567822834075
vn -0.1996849767951594 -0.8557126067881691 0.47736971481872736
vn -0.1996849767951594 -0.8557126067881691 0.47736971481872736
vn -0.30313768747124187 -0.6528515713312503 0.6941846787742474
vn -0.3615972597131816 -0.45664545257480343 0.8128482960618609
vn 0.15365008445157755 -0.9496861283347093 -0.27292473174238535
vn 0.08128037211633593 -0.9949353267423502 -0.059137100949596566
vn -0.02356855995948157 -0.9716561291328977 0.2352209380559262
vn -0.1262904693393847 -0.8526661478699713 0.506962678735449
vn -0.1262904693393847 -0.8526661478699713 0.506962678735449
vn -0.21669237841884814 -0.6492645889989762 0.7290404012173629
vn -0.27093022168345443 -0.45288058392197555 0.8494092015542594
vn 0.16099459271313143 -0.949101753607815 -0.27071498372957375
vn 0.1097902556751053 -0.9926682628976741 -0.050555114424846545
vn 0.031165235531101402 -0.9673040079659273 0.2516976048105039
vn -0.050673609289794225 -0.8466534670980217 0.5297264312571576
vn -0.050673609289794225 -0.8466534670980217 0.5297264312571576
vn -0.1276312591874153 -0.6421831404084523 0.7558512260050736
vn -0.1775194388941532 -0.44545331786439174 0.8775295951808749
vn 0.1684837101032701 -0.9482354485508444 -0.2691891036825525
vn 0.13886184380095054 -0.9893054347888329 -0.04463345195566816
vn 0.08697564639086547 -0.9608492320579463 0.2630665128604286
vn 0.02643006132603579 -0.8377361358997903 0.54543525598002
vn 0.02643006132603579 -0.8377361358997903 0.54543525598002
vn -0.03681893045485977 -0.6316794637946426 0.774354842033207
vn -0.08227060998736087 -0.4344360254022515 0.89693750426939
vn 0.1760442946985443 -0.9471168940917692 -0.26828715069874753
vn 0.1760442983060265 -0.9471168266749374 -0.26828738632879384
vn 0.1679456819242336 -0.9851223640746344 -0.0364441452500646
vn 0.16794568037754226 -0.9851223653841944 -0.03644411697893346
vn 0.1428633193570839 -0.9511852527356198 0.27356294880804066
vn 0.14286323657717945 -0.951185044999942 0.27356371433936727
vn 0.10379664660749993 -0.8241407615336783 0.5567928352015019
vn 0.103796452532847 -0.8241400257089901 0.5567939605150021
vn 0.103796452532847 -0.8241400257089901 0.5567939605150021
vn 0.10379664660749993 -0.8241407615336783 0.5567928352015019
vn 0.05456782686198901 -0.6164157926926006 0.7855277988656497
vn 0.054568108660449484 -0.6164170843910596 0.7855267656725942
vn 0.013853920000586757 -0.41967207551947844 0.9075700622705611
vn 0.013854271596697538 -0.41967385793173945 0.9075692326909364
vn 0.1760443036551569 -0.8924530333674338 -0.41537451340186604
vn 0.17604430004769137 -0.8924529305355515 -0.4153747358701831
vn 0.1679457014458092 -0.7698214354559827 -0.6157671628776294
vn 0.16794570299249867 -0.769821452927641 -0.6157671406130171
vn 0.1428632766510549 -0.5416605600390015 -0.8283682284363392
vn 0.14286335579445691 -0.5416611884359772 -0.8283678038850081
vn 0.10379650768953408 -0.2604783907043525 -0.9598839997455564
vn 0.10379669988031986 -0.26047967031457103 -0.9598836317214536
vn 0.10379669988031986 -0.26047967031457103 -0.9598836317214536
vn 0.10379650768953408 -0.2604783907043525 -0.9598839997455564
vn 0.054568173500996686 0.04620882008211846 -0.9974402535427289
vn 0.05456789170257157 0.04621047302860756 -0.9974401923812819
vn 0.01385433956375721 0.2749036791854972 -0.9613719490631758
vn 0.013853987967657107 0.27490557076690814 -0.96137141323149
vn 0.16552562581917135 -0.9494794307354067 -0.26662722630582897
vn 0.17344431492760462 -0.9479706734971887 -0.2669619295116448
vn 0.1577431282258327 -0.986884539064289 -0.03429303214057218
vn 0.12725870590135904 -0.9912184566424823 -0.03593317385935866
vn 0.12362603766173323 -0.9536443775923704 0.2743701949893977
vn 0.06645980952541602 -0.9610750257648725 0.26817510803371586
vn 0.07747479682933883 -0.8274705779161895 0.5561385605577988
vn -0.0007620419567278016 -0.8376954619469051 0.5461371003013962
vn -0.0007620419567278016 -0.8376954619469051 0.5461371003013962
vn 0.07747479682933883 -0.8274705779161895 0.5561385605577988
vn 0.023789601914573397 -0.620733432441012 0.7836606795614706
vn -0.06790926997331141 -0.6330573642939318 0.7711204215716974
vn -0.018264812042886828 -0.4248089758143264 0.9050987408612506
vn -0.11424066200549954 -0.43816151095219985 0.8916072910562309
vn 0.15522923898797822 -0.9504860156081978 -0.269221502663636
vn 0.08756509998469926 -0.9950993808523039 -0.04593011530609437
vn -0.00820515938028369 -0.968374624481463 0.24936571941614066
vn -0.10313752396603404 -0.8477055737223947 0.5203440318002519
vn -0.10313752396603404 -0.8477055737223947 0.5203440318002519
vn -0.1880646603978004 -0.6448071479577449 0.7408477748175119
vn -0.24013012603686418 -0.45047135639986213 0.8598913185006513
vn 0.1452883582607622 -0.9509637195385453 -0.273055483510783
vn 0.049246371064827155 -0.9969396320878325 -0.06071379505122506
vn -0.08028424464573573 -0.9718365565003866 0.22155845168066668
vn -0.20197060438332423 -0.8524536409508919 0.4822143351193559
vn -0.20197060438332423 -0.8524536409508919 0.4822143351193559
vn -0.30406525757983327 -0.6503795926669987 0.6960967638017134
vn -0.36167144281516866 -0.45630839542469254 0.8130045606987311
vn 0.13587391766524565 -0.9509037108977622 -0.27806547987688635
vn 0.012954377692493258 -0.9967085925385702 -0.08002603112976699
vn -0.1485540120888546 -0.9714013510270041 0.18523261245044256
vn -0.29558127422013447 -0.8518564682320066 0.4324028999228545
vn -0.29558127422013447 -0.8518564682320066 0.4324028999228545
vn -0.41393512210572836 -0.6496801069180523 0.6376311420894245
vn -0.47679076230390804 -0.4555752515516689 0.7517458075408816
vn 0.1271454170825591 -0.9503073101127603 -0.2841655490399074
vn -0.02069421987444429 -0.9944098829083704 -0.10354097757868305
vn -0.21184700214400623 -0.9670784850132014 0.1409966365101263
vn -0.38236733420743046 -0.84592848440187 0.3717529031610358
vn -0.38236733420743046 -0.84592848440187 0.3717529031610358
vn -0.5157930481050498 -0.6427245237597431 0.5664474539481252
vn -0.5835112576063282 -0.44828975985228325 0.6771638675079049
vn 0.11925303859091173 -0.9491849542901094 -0.29125012504051795
vn -0.05112073698433608 -0.9900832473106173 -0.13085042470332872
vn -0.26907911608252166 -0.9589387941547786 0.08962599150485333
vn -0.46083950662240997 -0.8347672122415286 0.3013148693684407
vn -0.46083950662240997 -0.8347672122415286 0.3013148693684407
vn -0.6078947348568624 -0.6296274113534327 0.48376989799457365
vn -0.6800125431011527 -0.43456867865541104 0.5905362010552723
vn 0.1123311236092479 -0.9475555488567655 -0.29919926553960313
vn -0.07780477836607042 -0.9838022325657233 -0.1614917448729352
vn -0.3192723793867687 -0.9471228530731653 0.031991388642230424
vn -0.5296601483694241 -0.8185654180446568 0.22228536526423778
vn -0.5296601483694241 -0.8185654180446568 0.22228536526423778
vn -0.46083950662240997 -0.8347672122415286 0.3013148693684407
vn -0.6078947348568624 -0.6296274113534327 0.48376989799457365
vn -0.6886688682443084 -0.6106098638993294 0.39101251133428694
vn -0.6800125431011527 -0.43456867865541104 0.5905362010552723
vn -0.764645012001486 -0.4146421254443664 0.49334563282573574
vn 0.1064999413230498 -0.9454466020360399 -0.3078773866276843
vn -0.10028585795316398 -0.9756734721913282 -0.19494620375045807
vn -0.36156628653842515 -0.9318329762229473 -0.030937434643118336
vn -0.5876515471139141 -0.7976018951904595 0.1360032204148498
vn -0.5876515471139141 -0.7976018951904595 0.1360032204148498
vn -0.7567334399934698 -0.5860034193544185 0.28974901777327783
vn -0.8359568804149407 -0.3888593594419154 0.38725249213057855
vn 0.10185615257315206 -0.9428954772705856 -0.3171331630808569
vn -0.11818128827938827 -0.9658386089565212 -0.2306273282799681
vn -0.3952321696476894 -0.9133324002633315 -0.09805844535174775
vn -0.6338154312456438 -0.7722336682658085 0.04396772352114517
vn -0.6338154312456438 -0.7722336682658085 0.04396772352114517
vn -0.8109151298234084 -0.5562291014319588 0.18173012668151686
vn -0.8927256142263328 -0.35766312400589867 0.2740767546337303
vn 0.09848223778417109 -0.9399449013341307 -0.3268100844481293
vn -0.1311905874816998 -0.9544639212971093 -0.26793217928862506
vn -0.41969668773525404 -0.8919379512028359 -0.1682301444692489
vn -0.6673635891661391 -0.7428970698861844 -0.05224732921221986
vn -0.6673635891661391 -0.7428970698861844 -0.05224732921221986
vn -0.850290909432768 -0.5217963805820914 0.06880339052274674
vn -0.9339810099431363 -0.3215888440900371 0.1557565036280442
vn 0.0964343173620076 -0.9366452720788438 -0.33674330984783124
vn -0.1390868194756048 -0.9417432055971391 -0.30622637273720477
vn -0.4345475810070209 -0.8680103045167565 -0.2402634202155506
vn -0.6877254695735505 -0.710090661798401 -0.15101301442772613
vn -0.6877254695735505 -0.710090661798401 -0.15101301442772613
vn -0.8741896647797285 -0.4832932961154134 -0.04711708736971332
vn -0.9590222526114132 -0.28124687231998574 0.0343003761838908
vn 0.09728175458438078 -0.9338228367532369 -0.34425451309041943
vn -0.13896716687618896 -0.9317691792487082 -0.33540173394392875
vn -0.43752100883640616 -0.8494083120258615 -0.2950947073197854
vn -0.6932822478060284 -0.6842986391073625 -0.22604224692041933
vn -0.6932822478060284 -0.6842986391073625 -0.22604224692041933
vn -0.8814421635170966 -0.45258841125850124 -0.1349942308723081
vn -0.9668911323025593 -0.24860467348764773 -0.05759561263477094
vn 0.0964346333943748 -0.9292303941304065 -0.3566948781610722
vn 0.09728175476290514 -0.9319984392814056 -0.3491635281172338
vn -0.1389671661806701 -0.9246616333558085 -0.35452643134677936
vn -0.13908650943046305 -0.9131609903759991 -0.38313437401253125
vn -0.4375210075208723 -0.8359670068782998 -0.33126202829309837
vn -0.4345475757448626 -0.8142447204721163 -0.38493368207724843
vn -0.6932822459984574 -0.6658346511608461 -0.27572439989389497
vn -0.6877251895552146 -0.6363666260135272 -0.34938743673378364
vn -0.6877251895552146 -0.6363666260135272 -0.34938743673378364
vn -0.6932822459984574 -0.6658346511608461 -0.27572439989389497
vn -0.8814422455149201 -0.43090150506202995 -0.19334803013450325
vn -0.8741897430668952 -0.3967629073804932 -0.2799490818767115
vn -0.9668911752043768 -0.22587958637352712 -0.11874286408716575
vn -0.9590223791073321 -0.190583127367486 -0.20965244557157225
vn 0.09848285771866529 -0.9252419584113107 -0.3663720037486044
vn -0.13119074962428703 -0.8977848402062106 -0.4204418722117558
vn -0.4196968373181038 -0.7853210759180153 -0.45511028604520926
vn -0.6673624936819049 -0.5967092556775788 -0.44560673941871565
vn -0.6673624936819049 -0.5967092556775788 -0.44560673941871565
vn -0.8502906049286536 -0.35021593383902305 -0.39287999039824556
vn -0.9339810885897588 -0.14181292785156757 -0.3279762486078148
vn 0.10185660163011125 -0.9211565873416345 -0.3756271746046582
vn -0.11818129191870698 -0.8820357044270115 -0.4561208155262934
vn -0.39523199795543007 -0.7556951525755101 -0.5222226576528782
vn -0.6338145982875137 -0.5560888999073892 -0.5376283013359945
vn -0.6338145982875137 -0.5560888999073892 -0.5376283013359945
vn -0.8109148087973946 -0.3025409828860809 -0.5008853427156847
vn -0.892725567898392 -0.0918589788630749 -0.4411382871875062
vn 0.10649996659441946 -0.917043741183895 -0.38430265920343687
vn -0.10028478679746144 -0.8661812226019642 -0.4895641440595442
vn -0.36156444992992676 -0.7258711228040561 -0.5851343962082973
vn -0.58764990937075 -0.5151943017047916 -0.6238929519616818
vn -0.58764990937075 -0.5151943017047916 -0.6238929519616818
vn -0.7567328504246392 -0.2545441064768477 -0.6021317886859185
vn -0.835956846410897 -0.041570454834431926 -0.5472184648050596
vn 0.11233124640004319 -0.9129733393847387 -0.3922516700472945
vn -0.07780318117849075 -0.8504888165425403 -0.5202071106151629
vn -0.31927026296176003 -0.6963525750059649 -0.6427749143136273
vn -0.5296576477726993 -0.47472146079114613 -0.7029241145530658
vn -0.5296576477726993 -0.47472146079114613 -0.7029241145530658
vn -0.6886676402460731 -0.20704611535289397 -0.6948876077432818
vn -0.764644994987756 0.008192121185617152 -0.6443996592105359
vn 0.11925315477795068 -0.9090158270318467 -0.3993355872960908
vn -0.051119880903056636 -0.8352337526404887 -0.5475137772024957
vn -0.269079805731644 -0.6676576892448536 -0.6941392282097615
vn -0.460839591895918 -0.4353743235323773 -0.7733537799415792
vn -0.460839591895918 -0.4353743235323773 -0.7733537799415792
vn -0.6078940930773823 -0.16086845713953696 -0.7775513559239491
vn -0.6800125586386577 0.056575416022562094 -0.7310144611398467
vn 0.12714542149269398 -0.905238888695455 -0.40543383700286156
vn -0.02069420287374544 -0.8206745098611492 -0.5710211019144417
vn -0.2118483601581471 -0.6402720636593884 -0.7383576076642346
vn -0.38236836465434015 -0.39782367622365317 -0.8339848657784286
vn -0.38236836465434015 -0.39782367622365317 -0.8339848657784286
vn -0.460839591895918 -0.4353743235323773 -0.7733537799415792
vn -0.6078940930773823 -0.16086845713953696 -0.7775513559239491
vn -0.5157929457752927 -0.1167902584839933 -0.8487153071623534
vn -0.6800125586386577 0.056575416022562094 -0.7310144611398467
vn -0.5835111211442665 0.10275965742432132 -0.8055775718743646
vn 0.1358739224793877 -0.9017066892230415 -0.4104428386517254
vn 0.012954396250500419 -0.8070581019625104 -0.5903299108756518
vn -0.14855411277133657 -0.6146575242330942 -0.7746791616420081
vn -0.2955812655081271 -0.3627052311644682 -0.8837853985932013
vn -0.2955812655081271 -0.3627052311644682 -0.8837853985932013
vn -0.41393497205765495 -0.07556880197583743 -0.9071643704839633
vn -0.4767907034306974 0.14595053219859122 -0.8668154747540037
vn 0.14528846990525265 -0.8984803074143085 -0.41427575080045465
vn 0.04924715049662591 -0.7946216855876315 -0.6051042017387037
vn -0.08028450969825005 -0.5912627945544658 -0.8024728688735558
vn -0.20197133966994443 -0.33062455612228736 -0.9218974893342905
vn -0.20197133966994443 -0.33062455612228736 -0.9218974893342905
vn -0.30406520774526186 -0.037915659404127375 -0.9518963978347544
vn -0.36167140523602104 0.18540232024977868 -0.9136847236769368
vn 0.1552294798657141 -0.8956146243404858 -0.41686718897998004
vn 0.08756558976740396 -0.7835721204721617 -0.6150991785943521
vn -0.008205787744893474 -0.5704794352950648 -0.8212708925518485
vn -0.10313824731831281 -0.302127073662344 -0.947671743432469
vn -0.10313824731831281 -0.302127073662344 -0.947671743432469
vn -0.18806462568986454 -0.0044696584893417456 -0.9821464853661697
vn -0.24013011535683182 0.2204435299042383 -0.9453793830109021
vn 0.16552563133049927 -0.8931579817460119 -0.41817470633221
vn 0.12725844777198206 -0.7741032487360241 -0.620136636368953
vn 0.06645952858840334 -0.5526680675707663 -0.8307473371292875
vn -0.0007619504949303641 -0.2777035449086131 -0.9606665189214377
vn -0.0007619504949303641 -0.2777035449086131 -0.9606665189214377
vn -0.06790918384597082 0.02419883178102395 -0.9973979944284067
vn -0.11424059461863018 0.25047876249320733 -0.9613581414233996
vn 0.17344432038171786 -0.8922340082759108 -0.41693589699524053
vn 0.15774325598286976 -0.7697510544108518 -0.6185469904746967
vn 0.12362618260091834 -0.5429962657746771 -0.8305851084207329
vn 0.0774748520230838 -0.2634286042122326 -0.9615627997103446
vn 0.0774748520230838 -0.2634286042122326 -0.9615627997103446
vn 0.023789666738293698 0.04172139871879305 -0.9988460224906681
vn -0.018264744111725448 0.2694014874604377 -0.9628547334238103
vn 0.1785997698393869 -0.9471035147984919 -0.26664030916135145
vn 0.1864761118139475 -0.9459560032652174 -0.2653184871230198
vn 0.20802159985173746 -0.9776364812845005 -0.030885667497787792
vn 0.17782530499548346 -0.9835073256583969 -0.033037876437979355
vn 0.21837983634323307 -0.9355259840431575 0.27767135296746864
vn 0.1616044075447629 -0.9472577019537054 0.27674331347205394
vn 0.2075471452796751 -0.8026644337569593 0.559154709600015
vn 0.12964176702094926 -0.8186979678965568 0.5593984712222
vn 0.12964176702094926 -0.8186979678965568 0.5593984712222
vn 0.2075471452796751 -0.8026644337569593 0.559154709600015
vn 0.17658006331268533 -0.5919461640703928 0.7863963505019818
vn 0.0850611306712032 -0.6104298709044141 0.7874896677141591
vn 0.14191948210862604 -0.39508611505351376 0.90761545948157
vn 0.0459439862958217 -0.4140121647714922 0.9091111469696498
vn 0.19677161772209517 -0.94349984362859 -0.26662515922518626
vn 0.24771116794427708 -0.9681677251904827 -0.0359225997829797
vn 0.29303906878898334 -0.9177143780061712 0.268194751186581
vn 0.3099130029922121 -0.778242986127863 0.5461609516608961
vn 0.3099130029922121 -0.778242986127863 0.5461609516608961
vn 0.29672667069221076 -0.5632852184984654 0.7711439849477221
vn 0.2678062578965078 -0.3650570020695557 0.8916351235070642
vn 0.20671197337034622 -0.9406338882145742 -0.26921747418707653
vn 0.2860297100520629 -0.9571201912057649 -0.045912357310128486
vn 0.36511494736868927 -0.8969349368684821 0.24939686091186342
vn 0.4087425888962716 -0.7497511805062614 0.5203870322671781
vn 0.4087425888962716 -0.7497511805062614 0.5203870322671781
vn 0.41272477160066146 -0.5298353569354806 0.7408999645351818
vn 0.38934725772951406 -0.3300099754702297 0.8599430963666408
vn 0.2161270281908375 -0.9374070593697548 -0.2730514836604002
vn 0.3223260218859653 -0.9446811746282437 -0.06069113541671538
vn 0.43339310453583724 -0.8735357148500386 0.22159822161339837
vn 0.5023661340821275 -0.717664701207858 0.4822713385300997
vn 0.5023661340821275 -0.717664701207858 0.4822713385300997
vn 0.522602702667767 -0.4921773275281084 0.6961665701767319
vn 0.5044679479746087 -0.29055420333507004 0.8130746241216794
vn 0.22485763905599282 -0.9338749637302384 -0.2780586166188898
vn 0.35597609260655233 -0.931064237708808 -0.08000254216140859
vn 0.4966913825711346 -0.8479206782730042 0.185278692343786
vn 0.5891552490105277 -0.6825430116246108 0.43247095838420113
vn 0.5891552490105277 -0.6825430116246108 0.43247095838420113
vn 0.6244688384930891 -0.4509612096240252 0.6377089125655436
vn 0.6111959781070528 -0.24737217904282507 0.7518287580169887
vn 0.23274953568616136 -0.9300980879801243 -0.28415699951539664
vn 0.38639959074155905 -0.9165045734990984 -0.10351194631534731
vn 0.5539204569163625 -0.8205329416265847 0.1410596296436082
vn 0.6676268090523061 -0.6449875168964059 0.37184075473573924
vn 0.6676268090523061 -0.6449875168964059 0.37184075473573924
vn 0.7165686222315553 -0.406893950376283 0.5665392508735415
vn 0.7076951413927081 -0.20120016548253078 0.6772636711495436
vn 0.23967070056719564 -0.9261414448245252 -0.29123869843818934
vn 0.4130729474903069 -0.9012535576586722 -0.13081576686033086
vn 0.6041022398623905 -0.7918419643956935 0.08970388628823171
vn 0.7364313522445608 -0.6056509985717967 0.3014228447882364
vn 0.6676268090523061 -0.6449875168964059 0.37184075473573924
vn 0.7364313522445608 -0.6056509985717967 0.3014228447882364
vn 0.7973253125270595 -0.36072403688804966 0.4838910158442867
vn 0.7165686222315553 -0.406893950376283 0.5665392508735415
vn 0.7923160424674488 -0.15281831085405262 0.5906622154128651
vn 0.7076951413927081 -0.20120016548253078 0.6772636711495436
vn 0.24550218828054965 -0.9220706878469982 -0.2991894419307364
vn 0.4355673728994058 -0.8855586406046255 -0.16145264852580707
vn 0.6464041096918561 -0.7623214137896581 0.03205914925907354
vn 0.7944320530895351 -0.5651774535021062 0.22237841414314582
vn 0.7944320530895351 -0.5651774535021062 0.22237841414314582
vn 0.8654004664727929 -0.3132139060763572 0.39112540401904755
vn 0.8636361639216764 -0.10304140185176984 0.493472436789608
vn 0.25014466586702755 -0.917957703760716 -0.3078657178781473
vn 0.45345859300416014 -0.8697055381885569 -0.19490403093533012
vn 0.6800639964514587 -0.7325031131854705 -0.030856926354782373
vn 0.8405894067628593 -0.5242915934616342 0.1361167670183388
vn 0.8405894067628593 -0.5242915934616342 0.1361167670183388
vn 0.9195779168938827 -0.2652210882420173 0.2898865797390892
vn 0.9204025845751187 -0.05275270572900941 0.3873967402362985
vn 0.2535186791843894 -0.9138728382144058 -0.31711940161167884
vn 0.46646773976205347 -0.8539575401281939 -0.23057399554044544
vn 0.7045302395361867 -0.7028808852808435 -0.09795714719152071
vn 0.8741347226824417 -0.48367637943841457 0.04410948394888838
vn 0.8741347226824417 -0.48367637943841457 0.04410948394888838
vn 0.9589533549782175 -0.217537338199611 0.18189549050223536
vn 0.9616586645757652 -0.002790529718283508 0.27423498279805114
vn 0.2555643740336058 -0.9098847875387602 -0.3267973747299028
vn 0.47436285605264233 -0.8385820897111178 -0.26788049502215516
vn 0.7193788034013251 -0.6739616288255511 -0.16813643295754693
vn 0.8945048837197014 -0.44400910630750884 -0.052124145245853244
vn 0.8945048837197014 -0.44400910630750884 -0.052124145245853244
vn 0.9828606612778796 -0.17096999377904235 0.06895057461402061
vn 0.9867005790570941 0.04598697790656426 0.15590755322118402
vn 0.2547603877200398 -0.9073400647852061 -0.3344116500427471
vn 0.4745326276364973 -0.8285994431258279 -0.29705512646640064
vn 0.7227478022016796 -0.6542924606472742 -0.222569068724244
vn 0.9004011979610232 -0.41628524165565056 -0.12642895352746875
vn 0.9004011979610232 -0.41628524165565056 -0.12642895352746875
vn 0.9902975594647925 -0.13779240866913164 -0.01799988420058599
vn 0.9945699963274908 0.08126895712157736 0.06500676129070053
vn 0.25476038789861777 -0.905515184089365 -0.3393219653092751
vn 0.2555643149744518 -0.9024695600690524 -0.34675001666966115
vn 0.47436281008089487 -0.8099954003477732 -0.34480048698864585
vn 0.47453262833238585 -0.8214890559602269 -0.31618746905203665
vn 0.7193784495476705 -0.6201897384263425 -0.3128247667258053
vn 0.7227478035182783 -0.6408431231853028 -0.2587580027276664
vn 0.8945047849477415 -0.3702839485177318 -0.25050147140428636
vn 0.9004011997694957 -0.3978159449026954 -0.17612539122689838
vn 0.9004011997694957 -0.3978159449026954 -0.17612539122689838
vn 0.8945047849477415 -0.3702839485177318 -0.25050147140428636
vn 0.9828606904275599 -0.08444283375152939 -0.1638727281773019
vn 0.9902975385359659 -0.11610399389742981 -0.07635867842408571
vn 0.9867006069661302 0.13664558827185502 -0.08803349032333767
vn 0.9945700163785868 0.10399849398715029 0.003846526888297947
vn 0.25351910707249625 -0.8991689992079784 -0.35668357575375775
vn 0.4664683699587395 -0.7972744596589866 -0.3830935862207917
vn 0.7045296058966811 -0.5962574563527853 -0.38485722048413434
vn 0.8741341391606852 -0.33747611379617976 -0.34928409550226525
vn 0.8741341391606852 -0.33747611379617976 -0.34928409550226525
vn 0.9589533453331183 -0.04594583342379024 -0.27981683627940324
vn 0.9616586821812848 0.17698471717591066 -0.20949699012519885
vn 0.2501453603080708 -0.8962188184367782 -0.3663592883988753
vn 0.453459445760753 -0.7859046281936811 -0.420390825820572
vn 0.6800647562191958 -0.5748664792230441 -0.4550169869512866
vn 0.8405899779305058 -0.308142469668164 -0.44548480040243377
vn 0.8405899779305058 -0.308142469668164 -0.44548480040243377
vn 0.9195780030095096 -0.011528095829794324 -0.392738334502225
vn 0.9204025985921767 0.21305293920951712 -0.32782236287195937
vn 0.24550175548673558 -0.8936676316256552 -0.3756155644239511
vn 0.4355672339124596 -0.7760640633858901 -0.45607647852397487
vn 0.6464044606121118 -0.5563587081658861 -0.5221362476870872
vn 0.7944327560761851 -0.28276885394317663 -0.5375112755216018
vn 0.7944327560761851 -0.28276885394317663 -0.5375112755216018
vn 0.8654006423360958 0.018245472673142683 -0.5007482710616248
vn 0.8636361604771141 0.24424609325546737 -0.4409948165747416
vn 0.2396703231415273 -0.8915578965653217 -0.38429500813470757
vn 0.413072656818035 -0.767941330401903 -0.48952741828200486
vn 0.6041015466105293 -0.5410686735708147 -0.5850692368114098
vn 0.7364309491237745 -0.26179894556671623 -0.6238034700711534
vn 0.7364309491237745 -0.26179894556671623 -0.6238034700711534
vn 0.7973253224621785 0.04284890852051285 -0.602026827640749
vn 0.7923160847191892 0.27002359277026833 -0.5471037207355578
vn 0.23274941659727208 -0.8899291510335736 -0.3922420365211925
vn 0.3863994900177703 -0.761658943514174 -0.5201644815622072
vn 0.5539199867574436 -0.5292564779270692 -0.6426976185134555
vn 0.6676265394202494 -0.24559928501363212 -0.7028198880670175
vn 0.6676265394202494 -0.24559928501363212 -0.7028198880670175
vn 0.7165687669328162 0.06186261275047838 -0.6947677449335623
vn 0.7076950389234029 0.28994391233885575 -0.6442827481632899
vn 0.22485751296020165 -0.8888065871426818 -0.39932687051728855
vn 0.3559760113989389 -0.7573311651658314 -0.5474765616691427
vn 0.49669093714845935 -0.5211181627623097 -0.694070582429352
vn 0.589154543040165 -0.23444571967325645 -0.7732607121417869
vn 0.6676265394202494 -0.24559928501363212 -0.7028198880670175
vn 0.589154543040165 -0.23444571967325645 -0.7732607121417869
vn 0.6244690033743242 0.07496798899786629 -0.7774434155938901
vn 0.7165687669328162 0.06186261275047838 -0.6947677449335623
vn 0.6111958586515891 0.30367557426080755 -0.730904075761324
vn 0.7076950389234029 0.28994391233885575 -0.6442827481632899
vn 0.21612704310628617 -0.8882111775645588 -0.405425708715559
vn 0.32232542684673116 -0.7550320841850534 -0.5709928817938511
vn 0.43339257668741726 -0.5167968303049122 -0.7383034001405093
vn 0.5023656034618806 -0.22851816267472197 -0.8339114160305936
vn 0.5023656034618806 -0.22851816267472197 -0.8339114160305936
vn 0.5226027089749419 0.08193174421264426 -0.8486304247800251
vn 0.5044679205103358 0.310971561963187 -0.8054866881743938
vn 0.20671189836628293 -0.8881510282431033 -0.41043628263656945
vn 0.2860295646007849 -0.7547993195992551 -0.5903093047774084
vn 0.365114745861441 -0.5163605926740886 -0.7746373091245986
vn 0.40874246838877937 -0.22792141363673865 -0.883731533748388
vn 0.40874246838877937 -0.22792141363673865 -0.883731533748388
vn 0.4127246640139437 0.08263107969199884 -0.9071000255669228
vn 0.3893472539636101 0.3117011884208814 -0.8667474170529765
vn 0.19677152558971472 -0.8886285155343621 -0.4142708390609849
vn 0.24771162402174013 -0.7566404039547889 -0.6050902828732633
vn 0.293039570936071 -0.5198166272404809 -0.8024453152146468
vn 0.30991292492036265 -0.23266324583909379 -0.921857794349499
vn 0.30991292492036265 -0.23266324583909379 -0.921857794349499
vn 0.2967267146941089 0.07705180621381164 -0.9518488724298779
vn 0.26780635198596614 0.30585802512369925 -0.9136359375065101
vn 0.18647611732525565 -0.8896350219815515 -0.41686470866599123
vn 0.2080217380210319 -0.7605213400707708 -0.615088812943032
vn 0.2183799481199246 -0.5271143612156982 -0.821255531767857
vn 0.2075469566886361 -0.24266910050236715 -0.9476475971745286
vn 0.2075469566886361 -0.24266910050236715 -0.9476475971745286
vn 0.1765801427370478 0.06530828892874835 -0.9821172438095989
vn 0.14191956388756916 0.2935538476830063 -0.945349129103351
vn 0.17859977529346474 -0.8913672758189585 -0.4166131297309444
vn 0.17782544069050674 -0.7663728350818141 -0.6172931153770382
vn 0.16160435172053597 -0.5366067129915109 -0.8282132992638016
vn 0.1296415979466475 -0.2546541055931946 -0.9583028449224024
vn 0.1296415979466475 -0.2546541055931946 -0.9583028449224024
vn 0.08506120829427498 0.05202479713546163 -0.9950165884680175
vn 0.04594406521054191 0.2801982038847366 -0.9588420669806353
vn 0.1760442734610348 -0.9471169057614769 -0.26828712343752525
vn 0.1679456541618324 -0.9851223875805007 -0.0364436377965736
vn 0.14286321792518752 -0.9511849981928273 0.2735638868289664
vn 0.10379659714694421 -0.8241405740064417 0.5567931219915055
vn 0.10379659714694421 -0.8241405740064417 0.5567931219915055
vn 0.05456805011139727 -0.6164168160159363 0.7855269803385594
vn 0.013854076765843389 -0.4196728702392365 0.907569692388484
vn 0.013854144732908974 0.2749047273725256 -0.9613716521418535
vn 0.05456811495195182 0.04620916351364059 -0.99744024083549
vn 0.10379665230359074 -0.260479353547654 -0.9598837228258242
vn 0.10379665230359074 -0.260479353547654 -0.9598837228258242
vn 0.1428632579990729 -0.5416604119427002 -0.8283683284915924
vn 0.16794567724034645 -0.7698211620272218 -0.6157675113152199
vn 0.17604427881018386 -0.8924529215690521 -0.4153747641360333
f 459/459/459 460/460/460 461/461/461
f 459/459/459 461/461/461 462/462/462
f 462/462/462 461/461/461 463/463/463
f 462/462/462 463/463/463 464/464/464
f 465/465/465 466/466/466 467/467/467
f 465/465/465 467/467/467 468/468/468
f 468/468/468 467/467/467 469/469/469
f 468/468/468 469/469/469 470/470/470
f 470/470/470 469/469/469 471/471/471
f 470/470/470 471/471/471 472/472/472
f 473/473/473 459/459/459 462/462/462
f 473/473/473 462/462/462 474/474/474
f 474/474/474 462/462/462 464/464/464
f 474/474/474 464/464/464 475/475/475
f 476/476/476 465/465/465 468/468/468
f 476/476/476 468/468/468 477/477/477
f 477/477/477 468/468/468 470/470/470
f 477/477/477 470/470/470 478/478/478
f 478/478/478 470/470/470 472/472/472
f 478/478/478 472/472/472 479/479/479
f 480/480/480 473/473/473 474/474/474
f 480/480/480 474/474/474 481/481/481
f 481/481/481 474/474/474 475/475/475
f 481/481/481 475/475/475 482/482/482
f 483/483/483 476/476/476 477/477/477
f 483/483/483 477/477/477 484/484/484
f 484/484/484 477/477/477 478/478/478
f 484/484/484 478/478/478 485/485/485
f 485/485/485 478/478/478 479/479/479
f 485/485/485 479/479/479 486/486/486
f 487/487/487 480/480/480 481/481/481
f 487/487/487 481/481/481 488/488/488
f 488/488/488 481/481/481 482/482/482
f 488/488/488 482/482/482 489/489/489
f 490/490/490 483/483/483 484/484/484
f 490/490/490 484/484/484 491/491/491
f 491/491/491 484/484/484 485/485/485
f 491/491/491 485/485/485 492/492/492
f 492/492/492 485/485/485 486/486/486
f 492/492/492 486/486/486 493/493/493
f 494/494/494 487/487/487 488/488/488
f 494/494/494 488/488/488 495/495/495
f 495/495/495 488/488/488 489/489/489
f 495/495/495 489/489/489 496/496/496
f 497/497/497 490/490/490 491/491/491
f 497/497/497 491/491/491 498/498/498
f 498/498/498 491/491/491 492/492/492
f 498/498/498 492/492/492 499/499/499
f 499/499/499 492/492/492 493/493/493
f 499/499/499 493/493/493 500/500/500
f 501/501/501 494/494/494 495/495/495
f 501/501/501 495/495/495 502/502/502
f 502/502/502 495/495/495 496/496/496
f 502/502/502 496/496/496 503/503/503
f 504/504/504 497/497/497 498/498/498
f 504/504/504 498/498/498 505/505/505
f 505/505/505 498/498/498 499/499/499
f 505/505/505 499/499/499 506/506/506
f 506/506/506 499/499/499 500/500/500
f 506/506/506 500/500/500 507/507/507
f 508/508/508 501/501/501 502/502/502
f 508/508/508 502/502/502 509/509/509
f 509/509/509 502/502/502 503/503/503
f 509/509/509 503/503/503 510/510/510
f 511/511/511 504/504/504 505/505/505
f 511/511/511 505/505/505 512/512/512
f 512/512/512 505/505/505 506/506/506
f 512/512/512 506/506/506 513/513/513
f 513/513/513 506/506/506 507/507/507
f 513/513/513 507/507/507 514/514/514
f 515/515/515 508/508/508 509/509/509
f 515/515/515 509/509/509 516/516/516
f 516/516/516 509/509/509 510/510/510
f 516/516/516 510/510/510 517/517/517
f 518/518/518 511/511/511 512/512/512
f 518/518/518 512/512/512 519/519/519
f 519/519/519 512/512/512 513/513/513
f 519/519/519 513/513/513 520/520/520
f 520/520/520 513/513/513 514/514/514
f 520/520/520 514/514/514 521/521/521
f 522/522/522 523/523/523 524/524/524
f 522/522/522 524/524/524 525/525/525
f 525/525/525 524/524/524 526/526/526
f 525/525/525 526/526/526 527/527/527
f 528/528/528 518/518/518 519/519/519
f 528/528/528 519/519/519 529/529/529
f 529/529/529 519/519/519 520/520/520
f 529/529/529 520/520/520 530/530/530
f 530/530/530 520/520/520 521/521/521
f 530/530/530 521/521/521 531/531/531
f 532/532/532 522/522/522 525/525/525
f 532/532/532 525/525/525 533/533/533
f 533/533/533 525/525/525 527/527/527
f 533/533/533 527/527/527 534/534/534
f 535/535/535 528/528/528 529/529/529
f 535/535/535 529/529/529 536/536/536
f 536/536/536 529/529/529 530/530/530
f 536/536/536 530/530/530 537/537/537
f 537/537/537 530/530/530 531/531/531
f 537/537/537 531/531/531 538/538/538
f 539/539/539 532/532/532 533/533/533
f 539/539/539 533/533/533 540/540/540
f 540/540/540 533/533/533 534/534/534
f 540/540/540 534/534/534 541/541/541
f 542/542/542 535/535/535 536/536/536
f 542/542/542 536/536/536 543/543/543
f 543/543/543 536/536/536 537/537/537
f 543/543/543 537/537/537 544/544/544
f 544/544/544 537/537/537 538/538/538
f 544/544/544 538/538/538 545/545/545
f 546/546/546 539/539/539 540/540/540
f 546/546/546 540/540/540 547/547/547
f 547/547/547 540/540/540 541/541/541
f 547/547/547 541/541/541 548/548/548
f 549/549/549 542/542/542 543/543/543
f 549/549/549 543/543/543 550/550/550
f 550/550/550 543/543/543 544/544/544
f 550/550/550 544/544/544 551/551/551
f 551/551/551 544/544/544 545/545/545
f 551/551/551 545/545/545 552/552/552
f 553/553/553 546/546/546 547/547/547
f 553/553/553 547/547/547 554/554/554
f 554/554/554 547/547/547 548/548/548
f 554/554/554 548/548/548 555/555/555
f 556/556/556 549/549/549 550/550/550
f 556/556/556 550/550/550 557/557/557
f 557/557/557 550/550/550 551/551/551
f 557/557/557 551/551/551 558/558/558
f 558/558/558 551/551/551 552/552/552
f 558/558/558 552/552/552 559/559/559
f 560/560/560 553/553/553 554/554/554
f 560/560/560 554/554/554 561/561/561
f 561/561/561 554/554/554 555/555/555
f 561/561/561 555/555/555 562/562/562
f 563/563/563 556/556/556 557/557/557
f 563/563/563 557/557/557 564/564/564
f 564/564/564 557/557/557 558/558/558
f 564/564/564 558/558/558 565/565/565
f 565/565/565 558/558/558 559/559/559
f 565/565/565 559/559/559 566/566/566
f 567/567/567 560/560/560 561/561/561
f 567/567/567 561/561/561 568/568/568
f 568/568/568 561/561/561 562/562/562
f 568/568/568 562/562/562 569/569/569
f 570/570/570 563/563/563 564/564/564
f 570/570/570 564/564/564 571/571/571
f 571/571/571 564/564/564 565/565/565
f 571/571/571 565/565/565 572/572/572
f 572/572/572 565/565/565 566/566/566
f 572/572/572 566/566/566 573/573/573
f 574/574/574 567/567/567 568/568/568
f 574/574/574 568/568/568 575/575/575
f 575/575/575 568/568/568 569/569/569
f 575/575/575 569/569/569 576/576/576
f 577/577/577 570/570/570 571/571/571
f 577/577/577 571/571/571 578/578/578
f 578/578/578 571/571/571 572/572/572
f 578/578/578 572/572/572 579/579/579
f 579/579/579 572/572/572 573/573/573
f 579/579/579 573/573/573 580/580/580
f 581/581/581 574/574/574 575/575/575
f 581/581/581 575/575/575 582/582/582
f 582/582/582 575/575/575 576/576/576
f 582/582/582 576/576/576 583/583/583
f 584/584/584 577/577/577 578/578/578
f 584/584/584 578/578/578 585/585/585
f 585/585/585 578/578/578 579/579/579
f 585/585/585 579/579/579 586/586/586
f 586/586/586 579/579/579 580/580/580
f 586/586/586 580/580/580 587/587/587
f 588/588/588 581/581/581 582/582/582
f 588/588/588 582/582/582 589/589/589
f 589/589/589 582/582/582 583/583/583
f 589/589/589 583/583/583 590/590/590
f 591/591/591 584/584/584 585/585/585
f 591/591/591 585/585/585 592/592/592
f 592/592/592 585/585/585 586/586/586
f 592/592/592 586/586/586 593/593/593
f 593/593/593 586/586/586 587/587/587
f 593/593/593 587/587/587 594/594/594
f 595/595/595 588/588/588 589/589/589
f 595/595/595 589/589/589 596/596/596
f 596/596/596 589/589/589 590/590/590
f 596/596/596 590/590/590 597/597/597
f 598/598/598 591/591/591 592/592/592
f 598/598/598 592/592/592 599/599/599
f 599/599/599 592/592/592 593/593/593
f 599/599/599 593/593/593 600/600/600
f 600/600/600 593/593/593 594/594/594
f 600/600/600 594/594/594 601/601/601
f 602/602/602 595/595/595 596/596/596
f 602/602/602 596/596/596 603/603/603
f 603/603/603 596/596/596 597/597/597
f 603/603/603 597/597/597 604/604/604
f 605/605/605 598/598/598 599/599/599
f 605/605/605 599/599/599 606/606/606
f 606/606/606 599/599/599 600/600/600
f 606/606/606 600/600/600 607/607/607
f 607/607/607 600/600/600 601/601/601
f 607/607/607 601/601/601 608/608/608
f 609/609/609 602/602/602 603/603/603
f 609/609/609 603/603/603 610/610/610
f 610/610/610 603/603/603 604/604/604
f 610/610/610 604/604/604 611/611/611
f 612/612/612 605/605/605 606/606/606
f 612/612/612 606/606/606 613/613/613
f 613/613/613 606/606/606 607/607/607
f 613/613/613 607/607/607 614/614/614
f 614/614/614 607/607/607 608/608/608
f 614/614/614 608/608/608 615/615/615
f 616/616/616 609/609/609 610/610/610
f 616/616/616 610/610/610 617/617/617
f 617/617/617 610/610/610 611/611/611
f 617/617/617 611/611/611 618/618/618
f 619/619/619 612/612/612 613/613/613
f 619/619/619 613/613/613 620/620/620
f 620/620/620 613/613/613 614/614/614
f 620/620/620 614/614/614 621/621/621
f 621/621/621 614/614/614 615/615/615
f 621/621/621 615/615/615 622/622/622
f 623/623/623 616/616/616 617/617/617
f 623/623/623 617/617/617 624/624/624
f 624/624/624 617/617/617 618/618/618
f 624/624/624 618/618/618 625/625/625
f 626/626/626 619/619/619 620/620/620
f 626/626/626 620/620/620 627/627/627
f 627/627/627 620/620/620 621/621/621
f 627/627/627 621/621/621 628/628/628
f 628/628/628 621/621/621 622/622/622
f 628/628/628 622/622/622 629/629/629
f 630/630/630 623/623/623 624/624/624
f 630/630/630 624/624/624 631/631/631
f 631/631/631 624/624/624 625/625/625
f 631/631/631 625/625/625 632/632/632
f 633/633/633 626/626/626 627/627/627
f 633/633/633 627/627/627 634/634/634
f 634/634/634 627/627/627 628/628/628
f 634/634/634 628/628/628 635/635/635
f 635/635/635 628/628/628 629/629/629
f 635/635/635 629/629/629 636/636/636
f 637/637/637 638/638/638 639/639/639
f 637/637/637 639/639/639 640/640/640
f 640/640/640 639/639/639 641/641/641
f 640/640/640 641/641/641 642/642/642
f 643/643/643 633/633/633 634/634/634
f 643/643/643 634/634/634 644/644/644
f 644/644/644 634/634/634 635/635/635
f 644/644/644 635/635/635 645/645/645
f 645/645/645 635/635/635 636/636/636
f 645/645/645 636/636/636 646/646/646
f 647/647/647 637/637/637 640/640/640
f 647/647/647 640/640/640 648/648/648
f 648/648/648 640/640/640 642/642/642
f 648/648/648 642/642/642 649/649/649
f 650/650/650 643/643/643 644/644/644
f 650/650/650 644/644/644 651/651/651
f 651/651/651 644/644/644 645/645/645
f 651/651/651 645/645/645 652/652/652
f 652/652/652 645/645/645 646/646/646
f 652/652/652 646/646/646 653/653/653
f 654/654/654 647/647/647 648/648/648
f 654/654/654 648/648/648 655/655/655
f 655/655/655 648/648/648 649/649/649
f 655/655/655 649/649/649 656/656/656
f 657/657/657 650/650/650 651/651/651
f 657/657/657 651/651/651 658/658/658
f 658/658/658 651/651/651 652/652/652
f 658/658/658 652/652/652 659/659/659
f 659/659/659 652/652/652 653/653/653
f 659/659/659 653/653/653 660/660/660
f 661/661/661 654/654/654 655/655/655
f 661/661/661 655/655/655 662/662/662
f 662/662/662 655/655/655 656/656/656
f 662/662/662 656/656/656 663/663/663
f 664/664/664 657/657/657 658/658/658
f 664/664/664 658/658/658 665/665/665
f 665/665/665 658/658/658 659/659/659
f 665/665/665 659/659/659 666/666/666
f 666/666/666 659/659/659 660/660/660
f 666/666/666 660/660/660 667/667/667
f 668/668/668 661/661/661 662/662/662
f 668/668/668 662/662/662 669/669/669
f 669/669/669 662/662/662 663/663/663
f 669/669/669 663/663/663 670/670/670
f 671/671/671 664/664/664 665/665/665
f 671/671/671 665/665/665 672/672/672
f 672/672/672 665/665/665 666/666/666
f 672/672/672 666/666/666 673/673/673
f 673/673/673 666/666/666 667/667/667
f 673/673/673 667/667/667 674/674/674
f 675/675/675 668/668/668 669/669/669
f 675/675/675 669/669/669 676/676/676
f 676/676/676 669/669/669 670/670/670
f 676/676/676 670/670/670 677/677/677
f 678/678/678 671/671/671 672/672/672
f 678/678/678 672/672/672 679/679/679
f 679/679/679 672/672/672 673/673/673
f 679/679/679 673/673/673 680/680/680
f 680/680/680 673/673/673 674/674/674
f 680/680/680 674/674/674 681/681/681
f 682/682/682 675/675/675 676/676/676
f 682/682/682 676/676/676 683/683/683
f 683/683/683 676/676/676 677/677/677
f 683/683/683 677/677/677 684/684/684
f 685/685/685 678/678/678 679/679/679
f 685/685/685 679/679/679 686/686/686
f 686/686/686 679/679/679 680/680/680
f 686/686/686 680/680/680 687/687/687
f 687/687/687 680/680/680 681/681/681
f 687/687/687 681/681/681 688/688/688
f 689/689/689 690/690/690 691/691/691
f 689/689/689 691/691/691 692/692/692
f 692/692/692 691/691/691 693/693/693
f 692/692/692 693/693/693 694/694/694
f 695/695/695 696/696/696 697/697/697
f 695/695/695 697/697/697 698/698/698
f 698/698/698 697/697/697 699/699/699
f 698/698/698 699/699/699 700/700/700
f 700/700/700 699/699/699 701/701/701
f 700/700/700 701/701/701 702/702/702
f 703/703/703 689/689/689 692/692/692
f 703/703/703 692/692/692 704/704/704
f 704/704/704 692/692/692 694/694/694
f 704/704/704 694/694/694 705/705/705
f 706/706/706 695/695/695 698/698/698
f 706/706/706 698/698/698 707/707/707
f 707/707/707 698/698/698 700/700/700
f 707/707/707 700/700/700 708/708/708
f 708/708/708 700/700/700 702/702/702
f 708/708/708 702/702/702 709/709/709
f 710/710/710 703/703/703 704/704/704
f 710/710/710 704/704/704 711/711/711
f 711/711/711 704/704/704 705/705/705
f 711/711/711 705/705/705 712/712/712
f 713/713/713 706/706/706 707/707/707
f 713/713/713 707/707/707 714/714/714
f 714/714/714 707/707/707 708/708/708
f 714/714/714 708/708/708 715/715/715
f 715/715/715 708/708/708 709/709/709
f 715/715/715 709/709/709 716/716/716
f 717/717/717 710/710/710 711/711/711
f 717/717/717 711/711/711 718/718/718
f 718/718/718 711/711/711 712/712/712
f 718/718/718 712/712/712 719/719/719
f 720/720/720 713/713/713 714/714/714
f 720/720/720 714/714/714 721/721/721
f 721/721/721 714/714/714 715/715/715
f 721/721/721 715/715/715 722/722/722
f 722/722/722 715/715/715 716/716/716
f 722/722/722 716/716/716 723/723/723
f 724/724/724 717/717/717 718/718/718
f 724/724/724 718/718/718 725/725/725
f 725/725/725 718/718/718 719/719/719
f 725/725/725 719/719/719 726/726/726
f 727/727/727 720/720/720 721/721/721
f 727/727/727 721/721/721 728/728/728
f 728/728/728 721/721/721 722/722/722
f 728/728/728 722/722/722 729/729/729
f 729/729/729 722/722/722 723/723/723
f 729/729/729 723/723/723 730/730/730
f 731/731/731 724/724/724 725/725/725
f 731/731/731 725/725/725 732/732/732
f 732/732/732 725/725/725 726/726/726
f 732/732/732 726/726/726 733/733/733
f 734/734/734 727/727/727 728/728/728
f 734/734/734 728/728/728 735/735/735
f 735/735/735 728/728/728 729/729/729
f 735/735/735 729/729/729 736/736/736
f 736/736/736 729/729/729 730/730/730
f 736/736/736 730/730/730 737/737/737
f 738/738/738 731/731/731 732/732/732
f 738/738/738 732/732/732 739/739/739
f 739/739/739 732/732/732 733/733/733
f 739/739/739 733/733/733 740/740/740
f 741/741/741 734/734/734 735/735/735
f 741/741/741 735/735/735 742/742/742
f 742/742/742 735/735/735 736/736/736
f 742/742/742 736/736/736 743/743/743
f 743/743/743 736/736/736 737/737/737
f 743/743/743 737/737/737 744/744/744
f 745/745/745 746/746/746 747/747/747
f 745/745/745 747/747/747 748/748/748
f 748/748/748 747/747/747 749/749/749
f 748/748/748 749/749/749 750/750/750
f 751/751/751 741/741/741 742/742/742
f 751/751/751 742/742/742 752/752/752
f 752/752/752 742/742/742 743/743/743
f 752/752/752 743/743/743 753/753/753
f 753/753/753 743/743/743 744/744/744
f 753/753/753 744/744/744 754/754/754
f 755/755/755 745/745/745 748/748/748
f 755/755/755 748/748/748 756/756/756
f 756/756/756 748/748/748 750/750/750
f 756/756/756 750/750/750 757/757/757
f 758/758/758 751/751/751 752/752/752
f 758/758/758 752/752/752 759/759/759
f 759/759/759 752/752/752 753/753/753
f 759/759/759 753/753/753 760/760/760
f 760/760/760 753/753/753 754/754/754
f 760/760/760 754/754/754 761/761/761
f 762/762/762 755/755/755 756/756/756
f 762/762/762 756/756/756 763/763/763
f 763/763/763 756/756/756 757/757/757
f 763/763/763 757/757/757 764/764/764
f 765/765/765 758/758/758 759/759/759
f 765/765/765 759/759/759 766/766/766
f 766/766/766 759/759/759 760/760/760
f 766/766/766 760/760/760 767/767/767
f 767/767/767 760/760/760 761/761/761
f 767/767/767 761/761/761 768/768/768
f 769/769/769 762/762/762 763/763/763
f 769/769/769 763/763/763 770/770/770
f 770/770/770 763/763/763 764/764/764
f 770/770/770 764/764/764 771/771/771
f 772/772/772 765/765/765 766/766/766
f 772/772/772 766/766/766 773/773/773
f 773/773/773 766/766/766 767/767/767
f 773/773/773 767/767/767 774/774/774
f 774/774/774 767/767/767 768/768/768
f 774/774/774 768/768/768 775/775/775
f 776/776/776 769/769/769 770/770/770
f 776/776/776 770/770/770 777/777/777
f 777/777/777 770/770/770 771/771/771
f 777/777/777 771/771/771 778/778/778
f 779/779/779 772/772/772 773/773/773
f 779/779/779 773/773/773 780/780/780
f 780/780/780 773/773/773 774/774/774
f 780/780/780 774/774/774 781/781/781
f 781/781/781 774/774/774 775/775/775
f 781/781/781 775/775/775 782/782/782
f 783/783/783 776/776/776 777/777/777
f 783/783/783 777/777/777 784/784/784
f 784/784/784 777/777/777 778/778/778
f 784/784/784 778/778/778 785/785/785
f 786/786/786 779/779/779 780/780/780
f 786/786/786 780/780/780 787/787/787
f 787/787/787 780/780/780 781/781/781
f 787/787/787 781/781/781 788/788/788
f 788/788/788 781/781/781 782/782/782
f 788/788/788 782/782/782 789/789/789
f 790/790/790 783/783/783 784/784/784
f 790/790/790 784/784/784 791/791/791
f 791/791/791 784/784/784 785/785/785
f 791/791/791 785/785/785 792/792/792
f 793/793/793 786/786/786 787/787/787
f 793/793/793 787/787/787 794/794/794
f 794/794/794 787/787/787 788/788/788
f 794/794/794 788/788/788 795/795/795
f 795/795/795 788/788/788 789/789/789
f 795/795/795 789/789/789 796/796/796
f 797/797/797 790/790/790 791/791/791
f 797/797/797 791/791/791 798/798/798
f 798/798/798 791/791/791 792/792/792
f 798/798/798 792/792/792 799/799/799
f 800/800/800 793/793/793 794/794/794
f 800/800/800 794/794/794 801/801/801
f 801/801/801 794/794/794 795/795/795
f 801/801/801 795/795/795 802/802/802
f 802/802/802 795/795/795 796/796/796
f 802/802/802 796/796/796 803/803/803
f 804/804/804 797/797/797 798/798/798
f 804/804/804 798/798/798 805/805/805
f 805/805/805 798/798/798 799/799/799
f 805/805/805 799/799/799 806/806/806
f 806/806/806 799/799/799 807/807/807
f 806/806/806 807/807/807 808/808/808
f 809/809/809 801/801/801 802/802/802
f 809/809/809 802/802/802 810/810/810
f 810/810/810 802/802/802 803/803/803
f 810/810/810 803/803/803 811/811/811
f 460/460/460 804/804/804 805/805/805
f 460/460/460 805/805/805 461/461/461
f 461/461/461 805/805/805 806/806/806
f 461/461/461 806/806/806 463/463/463
f 466/466/466 812/812/812 809/809/809
f 466/466/466 809/809/809 467/467/467
f 467/467/467 809/809/809 810/810/810
f 467/467/467 810/810/810 469/469/469
f 469/469/469 810/810/810 811/811/811
f 469/469/469 811/811/811 471/471/471
f 813/813/813 682/682/682 683/683/683
f 813/813/813 683/683/683 814/814/814
f 814/814/814 683/683/683 684/684/684
f 814/814/814 684/684/684 815/815/815
f 815/815/815 684/684/684 816/816/816
f 815/815/815 816/816/816 817/817/817
f 818/818/818 686/686/686 687/687/687
f 818/818/818 687/687/687 819/819/819
f 819/819/819 687/687/687 688/688/688
f 819/819/819 688/688/688 820/820/820
f 821/821/821 813/813/813 814/814/814
f 821/821/821 814/814/814 822/822/822
f 822/822/822 814/814/814 815/815/815
f 822/822/822 815/815/815 823/823/823
f 824/824/824 825/825/825 818/818/818
f 824/824/824 818/818/818 826/826/826
f 826/826/826 818/818/818 819/819/819
f 826/826/826 819/819/819 827/827/827
f 827/827/827 819/819/819 820/820/820
f 827/827/827 820/820/820 828/828/828
f 829/829/829 821/821/821 822/822/822
f 829/829/829 822/822/822 830/830/830
f 830/830/830 822/822/822 823/823/823
f 830/830/830 823/823/823 831/831/831
f 832/832/832 824/824/824 826/826/826
f 832/832/832 826/826/826 833/833/833
f 833/833/833 826/826/826 827/827/827
f 833/833/833 827/827/827 834/834/834
f 834/834/834 827/827/827 828/828/828
f 834/834/834 828/828/828 835/835/835
f 836/836/836 829/829/829 830/830/830
f 836/836/836 830/830/830 837/837/837
f 837/837/837 830/830/830 831/831/831
f 837/837/837 831/831/831 838/838/838
f 839/839/839 832/832/832 833/833/833
f 839/839/839 833/833/833 840/840/840
f 840/840/840 833/833/833 834/834/834
f 840/840/840 834/834/834 841/841/841
f 841/841/841 834/834/834 835/835/835
f 841/841/841 835/835/835 842/842/842
f 843/843/843 836/836/836 837/837/837
f 843/843/843 837/837/837 844/844/844
f 844/844/844 837/837/837 838/838/838
f 844/844/844 838/838/838 845/845/845
f 846/846/846 839/839/839 840/840/840
f 846/846/846 840/840/840 847/847/847
f 847/847/847 840/840/840 841/841/841
f 847/847/847 841/841/841 848/848/848
f 848/848/848 841/841/841 842/842/842
f 848/848/848 842/842/842 849/849/849
f 850/850/850 843/843/843 844/844/844
f 850/850/850 844/844/844 851/851/851
f 851/851/851 844/844/844 845/845/845
f 851/851/851 845/845/845 852/852/852
f 853/853/853 846/846/846 847/847/847
f 853/853/853 847/847/847 854/854/854
f 854/854/854 847/847/847 848/848/848
f 854/854/854 848/848/848 855/855/855
f 855/855/855 848/848/848 849/849/849
f 855/855/855 849/849/849 856/856/856
f 857/857/857 850/850/850 851/851/851
f 857/857/857 851/851/851 858/858/858
f 858/858/858 851/851/851 852/852/852
f 858/858/858 852/852/852 859/859/859
f 860/860/860 853/853/853 854/854/854
f 860/860/860 854/854/854 861/861/861
f 861/861/861 854/854/854 855/855/855
f 861/861/861 855/855/855 862/862/862
f 862/862/862 855/855/855 856/856/856
f 862/862/862 856/856/856 863/863/863
f 864/864/864 857/857/857 858/858/858
f 864/864/864 858/858/858 865/865/865
f 865/865/865 858/858/858 859/859/859
f 865/865/865 859/859/859 866/866/866
f 867/867/867 860/860/860 861/861/861
f 867/867/867 861/861/861 868/868/868
f 868/868/868 861/861/861 862/862/862
f 868/868/868 862/862/862 869/869/869
f 869/869/869 862/862/862 863/863/863
f 869/869/869 863/863/863 870/870/870
f 871/871/871 864/864/864 865/865/865
f 871/871/871 865/865/865 872/872/872
f 872/872/872 865/865/865 866/866/866
f 872/872/872 866/866/866 873/873/873
f 874/874/874 867/867/867 868/868/868
f 874/874/874 868/868/868 875/875/875
f 875/875/875 868/868/868 869/869/869
f 875/875/875 869/869/869 876/876/876
f 876/876/876 869/869/869 870/870/870
f 876/876/876 870/870/870 877/877/877
f 878/878/878 879/879/879 880/880/880
f 878/878/878 880/880/880 881/881/881
f 881/881/881 880/880/880 882/882/882
f 881/881/881 882/882/882 883/883/883
f 884/884/884 874/874/874 875/875/875
f 884/884/884 875/875/875 885/885/885
f 885/885/885 875/875/875 876/876/876
f 885/885/885 876/876/876 886/886/886
f 886/886/886 876/876/876 877/877/877
f 886/886/886 877/877/877 887/887/887
f 888/888/888 878/878/878 881/881/881
f 888/888/888 881/881/881 889/889/889
f 889/889/889 881/881/881 883/883/883
f 889/889/889 883/883/883 890/890/890
f 891/891/891 884/884/884 885/885/885
f 891/891/891 885/885/885 892/892/892
f 892/892/892 885/885/885 886/886/886
f 892/892/892 886/886/886 893/893/893
f 893/893/893 886/886/886 887/887/887
f 893/893/893 887/887/887 894/894/894
f 895/895/895 888/888/888 889/889/889
f 895/895/895 889/889/889 896/896/896
f 896/896/896 889/889/889 890/890/890
f 896/896/896 890/890/890 897/897/897
f 898/898/898 891/891/891 892/892/892
f 898/898/898 892/892/892 899/899/899
f 899/899/899 892/892/892 893/893/893
f 899/899/899 893/893/893 900/900/900
f 900/900/900 893/893/893 894/894/894
f 900/900/900 894/894/894 901/901/901
f 902/902/902 895/895/895 896/896/896
f 902/902/902 896/896/896 903/903/903
f 903/903/903 896/896/896 897/897/897
f 903/903/903 897/897/897 904/904/904
f 905/905/905 898/898/898 899/899/899
f 905/905/905 899/899/899 906/906/906
f 906/906/906 899/899/899 900/900/900
f 906/906/906 900/900/900 907/907/907
f 907/907/907 900/900/900 901/901/901
f 907/907/907 901/901/901 908/908/908
f 909/909/909 902/902/902 903/903/903
f 909/909/909 903/903/903 910/910/910
f 910/910/910 903/903/903 904/904/904
f 910/910/910 904/904/904 911/911/911
f 912/912/912 905/905/905 906/906/906
f 912/912/912 906/906/906 913/913/913
f 913/913/913 906/906/906 907/907/907
f 913/913/913 907/907/907 914/914/914
f 914/914/914 907/907/907 908/908/908
f 914/914/914 908/908/908 915/915/915
f 916/916/916 909/909/909 910/910/910
f 916/916/916 910/910/910 917/917/917
f 917/917/917 910/910/910 911/911/911
f 917/917/917 911/911/911 918/918/918
f 919/919/919 912/912/912 913/913/913
f 919/919/919 913/913/913 920/920/920
f 920/920/920 913/913/913 914/914/914
f 920/920/920 914/914/914 921/921/921
f 921/921/921 914/914/914 915/915/915
f 921/921/921 915/915/915 922/922/922
f 923/923/923 916/916/916 917/917/917
f 923/923/923 917/917/917 924/924/924
f 924/924/924 917/917/917 918/918/918
f 924/924/924 918/918/918 925/925/925
f 926/926/926 919/919/919 920/920/920
f 926/926/926 920/920/920 927/927/927
f 927/927/927 920/920/920 921/921/921
f 927/927/927 921/921/921 928/928/928
f 928/928/928 921/921/921 922/922/922
f 928/928/928 922/922/922 929/929/929
f 930/930/930 923/923/923 924/924/924
f 930/930/930 924/924/924 931/931/931
f 931/931/931 924/924/924 925/925/925
f 931/931/931 925/925/925 932/932/932
f 933/933/933 926/926/926 927/927/927
f 933/933/933 927/927/927 934/934/934
f 934/934/934 927/927/927 928/928/928
f 934/934/934 928/928/928 935/935/935
f 935/935/935 928/928/928 929/929/929
f 935/935/935 929/929/929 936/936/936
f 690/690/690 930/930/930 931/931/931
f 690/690/690 931/931/931 691/691/691
f 691/691/691 931/931/931 932/932/932
f 691/691/691 932/932/932 693/693/693
f 696/696/696 933/933/933 934/934/934
f 696/696/696 934/934/934 697/697/697
f 697/697/697 934/934/934 935/935/935
f 697/697/697 935/935/935 699/699/699
f 699/699/699 935/935/935 936/936/936
f 699/699/699 936/936/936 701/701/701
f 937/937/937 938/938/938 939/939/939
f 937/937/937 939/939/939 940/940/940
f 940/940/940 939/939/939 941/941/941
f 940/940/940 941/941/941 942/942/942
f 943/943/943 944/944/944 945/945/945
f 943/943/943 945/945/945 946/946/946
f 946/946/946 945/945/945 947/947/947
f 946/946/946 947/947/947 948/948/948
f 948/948/948 947/947/947 949/949/949
f 948/948/948 949/949/949 950/950/950
f 951/951/951 952/952/952 953/953/953
f 951/951/951 953/953/953 954/954/954
f 954/954/954 953/953/953 955/955/955
f 954/954/954 955/955/955 956/956/956
f 957/957/957 958/958/958 959/959/959
f 957/957/957 959/959/959 960/960/960
f 960/960/960 959/959/959 961/961/961
f 960/960/960 961/961/961 962/962/962
f 962/962/962 961/961/961 963/963/963
f 962/962/962 963/963/963 964/964/964
f 965/965/965 966/966/966 967/967/967
f 965/965/965 967/967/967 968/968/968
f 968/968/968 967/967/967 969/969/969
f 968/968/968 969/969/969 970/970/970
f 970/970/970 969/969/969 971/971/971
f 970/970/970 971/971/971 972/972/972
f 973/973/973 974/974/974 975/975/975
f 973/973/973 975/975/975 976/976/976
f 976/976/976 975/975/975 977/977/977
f 976/976/976 977/977/977 978/978/978
f 966/966/966 979/979/979 980/980/980
f 966/966/966 980/980/980 967/967/967
f 967/967/967 980/980/980 981/981/981
f 967/967/967 981/981/981 969/969/969
f 969/969/969 981/981/981 982/982/982
f 969/969/969 982/982/982 971/971/971
f 974/974/974 983/983/983 984/984/984
f 974/974/974 984/984/984 975/975/975
f 975/975/975 984/984/984 985/985/985
f 975/975/975 985/985/985 977/977/977
f 979/979/979 986/986/986 987/987/987
f 979/979/979 987/987/987 980/980/980
f 980/980/980 987/987/987 988/988/988
f 980/980/980 988/988/988 981/981/981
f 981/981/981 988/988/988 989/989/989
f 981/981/981 989/989/989 982/982/982
f 983/983/983 990/990/990 991/991/991
f 983/983/983 991/991/991 984/984/984
f 984/984/984 991/991/991 992/992/992
f 984/984/984 992/992/992 985/985/985
f 986/986/986 993/993/993 994/994/994
f 986/986/986 994/994/994 987/987/987
f 987/987/987 994/994/994 995/995/995
f 987/987/987 995/995/995 988/988/988
f 988/988/988 995/995/995 996/996/996
f 988/988/988 996/996/996 989/989/989
f 990/990/990 997/997/997 998/998/998
f 990/990/990 998/998/998 991/991/991
f 991/991/991 998/998/998 999/999/999
f 991/991/991 999/999/999 992/992/992
f 993/993/993 1000/1000/1000 1001/1001/1001
f 993/993/993 1001/1001/1001 994/994/994
f 994/994/994 1001/1001/1001 1002/1002/1002
f 994/994/994 1002/1002/1002 995/995/995
f 995/995/995 1002/1002/1002 1003/1003/1003
f 995/995/995 1003/1003/1003 996/996/996
f 997/997/997 1004/1004/1004 1005/1005/1005
f 997/997/997 1005/1005/1005 998/998/998
f 998/998/998 1005/1005/1005 1006/1006/1006
f 998/998/998 1006/1006/1006 999/999/999
f 1000/1000/1000 1007/1007/1007 1008/1008/1008
f 1000/1000/1000 1008/1008/1008 1001/1001/1001
f 1001/1001/1001 1008/1008/1008 1009/1009/1009
f 1001/1001/1001 1009/1009/1009 1002/1002/1002
f 1002/1002/1002 1009/1009/1009 1010/1010/1010
f 1002/1002/1002 1010/1010/1010 1003/1003/1003
f 1004/1004/1004 1011/1011/1011 1012/1012/1012
f 1004/1004/1004 1012/1012/1012 1005/1005/1005
f 1005/1005/1005 1012/1012/1012 1013/1013/1013
f 1005/1005/1005 1013/1013/1013 1006/1006/1006
f 1007/1007/1007 1014/1014/1014 1015/1015/1015
f 1007/1007/1007 1015/1015/1015 1008/1008/1008
f 1008/1008/1008 1015/1015/1015 1016/1016/1016
f 1008/1008/1008 1016/1016/1016 1009/1009/1009
f 1009/1009/1009 1016/1016/1016 1017/1017/1017
f 1009/1009/1009 1017/1017/1017 1010/1010/1010
f 1018/1018/1018 1019/1019/1019 1020/1020/1020
f 1018/1018/1018 1020/1020/1020 1021/1021/1021
f 1021/1021/1021 1020/1020/1020 1022/1022/1022
f 1021/1021/1021 1022/1022/1022 1023/1023/1023
f 1014/1014/1014 1024/1024/1024 1025/1025/1025
f 1014/1014/1014 1025/1025/1025 1015/1015/1015
f 1015/1015/1015 1025/1025/1025 1026/1026/1026
f 1015/1015/1015 1026/1026/1026 1016/1016/1016
f 1016/1016/1016 1026/1026/1026 1027/1027/1027
f 1016/1016/1016 1027/1027/1027 1017/1017/1017
f 1019/1019/1019 1028/1028/1028 1029/1029/1029
f 1019/1019/1019 1029/1029/1029 1020/1020/1020
f 1020/1020/1020 1029/1029/1029 1030/1030/1030
f 1020/1020/1020 1030/1030/1030 1022/1022/1022
f 1024/1024/1024 1031/1031/1031 1032/1032/1032
f 1024/1024/1024 1032/1032/1032 1025/1025/1025
f 1025/1025/1025 1032/1032/1032 1033/1033/1033
f 1025/1025/1025 1033/1033/1033 1026/1026/1026
f 1026/1026/1026 1033/1033/1033 1034/1034/1034
f 1026/1026/1026 1034/1034/1034 1027/1027/1027
f 1028/1028/1028 1035/1035/1035 1036/1036/1036
f 1028/1028/1028 1036/1036/1036 1029/1029/1029
f 1029/1029/1029 1036/1036/1036 1037/1037/1037
f 1029/1029/1029 1037/1037/1037 1030/1030/1030
f 1031/1031/1031 1038/1038/1038 1039/1039/1039
f 1031/1031/1031 1039/1039/1039 1032/1032/1032
f 1032/1032/1032 1039/1039/1039 1040/1040/1040
f 1032/1032/1032 1040/1040/1040 1033/1033/1033
f 1033/1033/1033 1040/1040/1040 1041/1041/1041
f 1033/1033/1033 1041/1041/1041 1034/1034/1034
f 1035/1035/1035 1042/1042/1042 1043/1043/1043
f 1035/1035/1035 1043/1043/1043 1036/1036/1036
f 1036/1036/1036 1043/1043/1043 1044/1044/1044
f 1036/1036/1036 1044/1044/1044 1037/1037/1037
f 1038/1038/1038 1045/1045/1045 1046/1046/1046
f 1038/1038/1038 1046/1046/1046 1039/1039/1039
f 1039/1039/1039 1046/1046/1046 1047/1047/1047
f 1039/1039/1039 1047/1047/1047 1040/1040/1040
f 1040/1040/1040 1047/1047/1047 1048/1048/1048
f 1040/1040/1040 1048/1048/1048 1041/1041/1041
f 1042/1042/1042 1049/1049/1049 1050/1050/1050
f 1042/1042/1042 1050/1050/1050 1043/1043/1043
f 1043/1043/1043 1050/1050/1050 1051/1051/1051
f 1043/1043/1043 1051/1051/1051 1044/1044/1044
f 1045/1045/1045 1052/1052/1052 1053/1053/1053
f 1045/1045/1045 1053/1053/1053 1046/1046/1046
f 1046/1046/1046 1053/1053/1053 1054/1054/1054
f 1046/1046/1046 1054/1054/1054 1047/1047/1047
f 1047/1047/1047 1054/1054/1054 1055/1055/1055
f 1047/1047/1047 1055/1055/1055 1048/1048/1048
f 1049/1049/1049 1056/1056/1056 1057/1057/1057
f 1049/1049/1049 1057/1057/1057 1050/1050/1050
f 1050/1050/1050 1057/1057/1057 1058/1058/1058
f 1050/1050/1050 1058/1058/1058 1051/1051/1051
f 1059/1059/1059 1060/1060/1060 1061/1061/1061
f 1059/1059/1059 1061/1061/1061 1062/1062/1062
f 1062/1062/1062 1061/1061/1061 1063/1063/1063
f 1062/1062/1062 1063/1063/1063 1064/1064/1064
f 1064/1064/1064 1063/1063/1063 1065/1065/1065
f 1064/1064/1064 1065/1065/1065 1066/1066/1066
f 1067/1067/1067 1068/1068/1068 1069/1069/1069
f 1067/1067/1067 1069/1069/1069 1070/1070/1070
f 1070/1070/1070 1069/1069/1069 1071/1071/1071
f 1070/1070/1070 1071/1071/1071 1072/1072/1072
f 1060/1060/1060 1073/1073/1073 1074/1074/1074
f 1060/1060/1060 1074/1074/1074 1061/1061/1061
f 1061/1061/1061 1074/1074/1074 1075/1075/1075
f 1061/1061/1061 1075/1075/1075 1063/1063/1063
f 1063/1063/1063 1075/1075/1075 1076/1076/1076
f 1063/1063/1063 1076/1076/1076 1065/1065/1065
f 1068/1068/1068 1077/1077/1077 1078/1078/1078
f 1068/1068/1068 1078/1078/1078 1069/1069/1069
f 1069/1069/1069 1078/1078/1078 1079/1079/1079
f 1069/1069/1069 1079/1079/1079 1071/1071/1071
f 1073/1073/1073 1080/1080/1080 1081/1081/1081
f 1073/1073/1073 1081/1081/1081 1074/1074/1074
f 1074/1074/1074 1081/1081/1081 1082/1082/1082
f 1074/1074/1074 1082/1082/1082 1075/1075/1075
f 1075/1075/1075 1082/1082/1082 1083/1083/1083
f 1075/1075/1075 1083/1083/1083 1076/1076/1076
f 1077/1077/1077 1084/1084/1084 1085/1085/1085
f 1077/1077/1077 1085/1085/1085 1078/1078/1078
f 1078/1078/1078 1085/1085/1085 1086/1086/1086
f 1078/1078/1078 1086/1086/1086 1079/1079/1079
f 1080/1080/1080 1087/1087/1087 1088/1088/1088
f 1080/1080/1080 1088/1088/1088 1081/1081/1081
f 1081/1081/1081 1088/1088/1088 1089/1089/1089
f 1081/1081/1081 1089/1089/1089 1082/1082/1082
f 1082/1082/1082 1089/1089/1089 1090/1090/1090
f 1082/1082/1082 1090/1090/1090 1083/1083/1083
f 1084/1084/1084 1091/1091/1091 1092/1092/1092
f 1084/1084/1084 1092/1092/1092 1085/1085/1085
f 1085/1085/1085 1092/1092/1092 1093/1093/1093
f 1085/1085/1085 1093/1093/1093 1086/1086/1086
f 1087/1087/1087 1094/1094/1094 1095/1095/1095
f 1087/1087/1087 1095/1095/1095 1088/1088/1088
f 1088/1088/1088 1095/1095/1095 1096/1096/1096
f 1088/1088/1088 1096/1096/1096 1089/1089/1089
f 1089/1089/1089 1096/1096/1096 1097/1097/1097
f 1089/1089/1089 1097/1097/1097 1090/1090/1090
f 1091/1091/1091 1098/1098/1098 1099/1099/1099
f 1091/1091/1091 1099/1099/1099 1092/1092/1092
f 1092/1092/1092 1099/1099/1099 1100/1100/1100
f 1092/1092/1092 1100/1100/1100 1093/1093/1093
f 1094/1094/1094 1101/1101/1101 1102/1102/1102
f 1094/1094/1094 1102/1102/1102 1095/1095/1095
f 1095/1095/1095 1102/1102/1102 1103/1103/1103
f 1095/1095/1095 1103/1103/1103 1096/1096/1096
f 1096/1096/1096 1103/1103/1103 1104/1104/1104
f 1096/1096/1096 1104/1104/1104 1097/1097/1097
f 1098/1098/1098 1105/1105/1105 1106/1106/1106
f 1098/1098/1098 1106/1106/1106 1099/1099/1099
f 1099/1099/1099 1106/1106/1106 1107/1107/1107
f 1099/1099/1099 1107/1107/1107 1100/1100/1100
f 1101/1101/1101 1108/1108/1108 1109/1109/1109
f 1101/1101/1101 1109/1109/1109 1102/1102/1102
f 1102/1102/1102 1109/1109/1109 1110/1110/1110
f 1102/1102/1102 1110/1110/1110 1103/1103/1103
f 1103/1103/1103 1110/1110/1110 1111/1111/1111
f 1103/1103/1103 1111/1111/1111 1104/1104/1104
f 1112/1112/1112 1113/1113/1113 1114/1114/1114
f 1112/1112/1112 1114/1114/1114 1115/1115/1115
f 1115/1115/1115 1114/1114/1114 1116/1116/1116
f 1115/1115/1115 1116/1116/1116 1117/1117/1117
f 1108/1108/1108 1118/1118/1118 1119/1119/1119
f 1108/1108/1108 1119/1119/1119 1109/1109/1109
f 1109/1109/1109 1119/1119/1119 1120/1120/1120
f 1109/1109/1109 1120/1120/1120 1110/1110/1110
f 1110/1110/1110 1120/1120/1120 1121/1121/1121
f 1110/1110/1110 1121/1121/1121 1111/1111/1111
f 1113/1113/1113 1122/1122/1122 1123/1123/1123
f 1113/1113/1113 1123/1123/1123 1114/1114/1114
f 1114/1114/1114 1123/1123/1123 1124/1124/1124
f 1114/1114/1114 1124/1124/1124 1116/1116/1116
f 1118/1118/1118 1125/1125/1125 1126/1126/1126
f 1118/1118/1118 1126/1126/1126 1119/1119/1119
f 1119/1119/1119 1126/1126/1126 1127/1127/1127
f 1119/1119/1119 1127/1127/1127 1120/1120/1120
f 1120/1120/1120 1127/1127/1127 1128/1128/1128
f 1120/1120/1120 1128/1128/1128 1121/1121/1121
f 1122/1122/1122 1129/1129/1129 1130/1130/1130
f 1122/1122/1122 1130/1130/1130 1123/1123/1123
f 1123/1123/1123 1130/1130/1130 1131/1131/1131
f 1123/1123/1123 1131/1131/1131 1124/1124/1124
f 1125/1125/1125 1132/1132/1132 1133/1133/1133
f 1125/1125/1125 1133/1133/1133 1126/1126/1126
f 1126/1126/1126 1133/1133/1133 1134/1134/1134
f 1126/1126/1126 1134/1134/1134 1127/1127/1127
f 1127/1127/1127 1134/1134/1134 1135/1135/1135
f 1127/1127/1127 1135/1135/1135 1128/1128/1128
f 1129/1129/1129 1136/1136/1136 1137/1137/1137
f 1129/1129/1129 1137/1137/1137 1130/1130/1130
f 1130/1130/1130 1137/1137/1137 1138/1138/1138
f 1130/1130/1130 1138/1138/1138 1131/1131/1131
f 1132/1132/1132 1139/1139/1139 1140/1140/1140
f 1132/1132/1132 1140/1140/1140 1133/1133/1133
f 1133/1133/1133 1140/1140/1140 1141/1141/1141
f 1133/1133/1133 1141/1141/1141 1134/1134/1134
f 1134/1134/1134 1141/1141/1141 1142/1142/1142
f 1134/1134/1134 1142/1142/1142 1135/1135/1135
f 1136/1136/1136 1143/1143/1143 1144/1144/1144
f 1136/1136/1136 1144/1144/1144 1137/1137/1137
f 1137/1137/1137 1144/1144/1144 1145/1145/1145
f 1137/1137/1137 1145/1145/1145 1138/1138/1138
f 1139/1139/1139 1146/1146/1146 1147/1147/1147
f 1139/1139/1139 1147/1147/1147 1140/1140/1140
f 1140/1140/1140 1147/1147/1147 1148/1148/1148
f 1140/1140/1140 1148/1148/1148 1141/1141/1141
f 1141/1141/1141 1148/1148/1148 1149/1149/1149
f 1141/1141/1141 1149/1149/1149 1142/1142/1142
f 1143/1143/1143 1150/1150/1150 1151/1151/1151
f 1143/1143/1143 1151/1151/1151 1144/1144/1144
f 1144/1144/1144 1151/1151/1151 1152/1152/1152
f 1144/1144/1144 1152/1152/1152 1145/1145/1145
f 1153/1153/1153 1154/1154/1154 1155/1155/1155
f 1153/1153/1153 1155/1155/1155 1156/1156/1156
f 1156/1156/1156 1155/1155/1155 1157/1157/1157
f 1156/1156/1156 1157/1157/1157 1158/1158/1158
f 1158/1158/1158 1157/1157/1157 1159/1159/1159
f 1158/1158/1158 1159/1159/1159 1160/1160/1160
f 1161/1161/1161 1162/1162/1162 1163/1163/1163
f 1161/1161/1161 1163/1163/1163 1164/1164/1164
f 1164/1164/1164 1163/1163/1163 1165/1165/1165
f 1164/1164/1164 1165/1165/1165 1166/1166/1166
f 1167/1167/1167 1153/1153/1153 1156/1156/1156
f 1167/1167/1167 1156/1156/1156 1168/1168/1168
f 1168/1168/1168 1156/1156/1156 1158/1158/1158
f 1168/1168/1168 1158/1158/1158 1169/1169/1169
f 1169/1169/1169 1158/1158/1158 1160/1160/1160
f 1169/1169/1169 1160/1160/1160 1170/1170/1170
f 1171/1171/1171 1161/1161/1161 1164/1164/1164
f 1171/1171/1171 1164/1164/1164 1172/1172/1172
f 1172/1172/1172 1164/1164/1164 1166/1166/1166
f 1172/1172/1172 1166/1166/1166 1173/1173/1173
f 1174/1174/1174 1167/1167/1167 1168/1168/1168
f 1174/1174/1174 1168/1168/1168 1175/1175/1175
f 1175/1175/1175 1168/1168/1168 1169/1169/1169
f 1175/1175/1175 1169/1169/1169 1176/1176/1176
f 1176/1176/1176 1169/1169/1169 1170/1170/1170
f 1176/1176/1176 1170/1170/1170 1177/1177/1177
f 1178/1178/1178 1171/1171/1171 1172/1172/1172
f 1178/1178/1178 1172/1172/1172 1179/1179/1179
f 1179/1179/1179 1172/1172/1172 1173/1173/1173
f 1179/1179/1179 1173/1173/1173 1180/1180/1180
f 1181/1181/1181 1174/1174/1174 1175/1175/1175
f 1181/1181/1181 1175/1175/1175 1182/1182/1182
f 1182/1182/1182 1175/1175/1175 1176/1176/1176
f 1182/1182/1182 1176/1176/1176 1183/1183/1183
f 1183/1183/1183 1176/1176/1176 1177/1177/1177
f 1183/1183/1183 1177/1177/1177 1184/1184/1184
f 1185/1185/1185 1178/1178/1178 1179/1179/1179
f 1185/1185/1185 1179/1179/1179 1186/1186/1186
f 1186/1186/1186 1179/1179/1179 1180/1180/1180
f 1186/1186/1186 1180/1180/1180 1187/1187/1187
f 1188/1188/1188 1181/1181/1181 1182/1182/1182
f 1188/1188/1188 1182/1182/1182 1189/1189/1189
f 1189/1189/1189 1182/1182/1182 1183/1183/1183
f 1189/1189/1189 1183/1183/1183 1190/1190/1190
f 1190/1190/1190 1183/1183/1183 1184/1184/1184
f 1190/1190/1190 1184/1184/1184 1191/1191/1191
f 1192/1192/1192 1185/1185/1185 1186/1186/1186
f 1192/1192/1192 1186/1186/1186 1193/1193/1193
f 1193/1193/1193 1186/1186/1186 1187/1187/1187
f 1193/1193/1193 1187/1187/1187 1194/1194/1194
f 1195/1195/1195 1188/1188/1188 1189/1189/1189
f 1195/1195/1195 1189/1189/1189 1196/1196/1196
f 1196/1196/1196 1189/1189/1189 1190/1190/1190
f 1196/1196/1196 1190/1190/1190 1197/1197/1197
f 1197/1197/1197 1190/1190/1190 1191/1191/1191
f 1197/1197/1197 1191/1191/1191 1198/1198/1198
f 1199/1199/1199 1192/1192/1192 1193/1193/1193
f 1199/1199/1199 1193/1193/1193 1200/1200/1200
f 1200/1200/1200 1193/1193/1193 1194/1194/1194
f 1200/1200/1200 1194/1194/1194 1201/1201/1201
f 1202/1202/1202 1195/1195/1195 1196/1196/1196
f 1202/1202/1202 1196/1196/1196 1203/1203/1203
f 1203/1203/1203 1196/1196/1196 1197/1197/1197
f 1203/1203/1203 1197/1197/1197 1204/1204/1204
f 1204/1204/1204 1197/1197/1197 1198/1198/1198
f 1204/1204/1204 1198/1198/1198 1205/1205/1205
f 1206/1206/1206 1207/1207/1207 1208/1208/1208
f 1206/1206/1206 1208/1208/1208 1209/1209/1209
f 1209/1209/1209 1208/1208/1208 1210/1210/1210
f 1209/1209/1209 1210/1210/1210 1211/1211/1211
f 1212/1212/1212 1202/1202/1202 1203/1203/1203
f 1212/1212/1212 1203/1203/1203 1213/1213/1213
f 1213/1213/1213 1203/1203/1203 1204/1204/1204
f 1213/1213/1213 1204/1204/1204 1214/1214/1214
f 1214/1214/1214 1204/1204/1204 1205/1205/1205
f 1214/1214/1214 1205/1205/1205 1215/1215/1215
f 1216/1216/1216 1206/1206/1206 1209/1209/1209
f 1216/1216/1216 1209/1209/1209 1217/1217/1217
f 1217/1217/1217 1209/1209/1209 1211/1211/1211
f 1217/1217/1217 1211/1211/1211 1218/1218/1218
f 1219/1219/1219 1212/1212/1212 1213/1213/1213
f 1219/1219/1219 1213/1213/1213 1220/1220/1220
f 1220/1220/1220 1213/1213/1213 1214/1214/1214
f 1220/1220/1220 1214/1214/1214 1221/1221/1221
f 1221/1221/1221 1214/1214/1214 1215/1215/1215
f 1221/1221/1221 1215/1215/1215 1222/1222/1222
f 1223/1223/1223 1216/1216/1216 1217/1217/1217
f 1223/1223/1223 1217/1217/1217 1224/1224/1224
f 1224/1224/1224 1217/1217/1217 1218/1218/1218
f 1224/1224/1224 1218/1218/1218 1225/1225/1225
f 1226/1226/1226 1219/1219/1219 1220/1220/1220
f 1226/1226/1226 1220/1220/1220 1227/1227/1227
f 1227/1227/1227 1220/1220/1220 1221/1221/1221
f 1227/1227/1227 1221/1221/1221 1228/1228/1228
f 1228/1228/1228 1221/1221/1221 1222/1222/1222
f 1228/1228/1228 1222/1222/1222 1229/1229/1229
f 1230/1230/1230 1223/1223/1223 1224/1224/1224
f 1230/1230/1230 1224/1224/1224 1231/1231/1231
f 1231/1231/1231 1224/1224/1224 1225/1225/1225
f 1231/1231/1231 1225/1225/1225 1232/1232/1232
f 1233/1233/1233 1226/1226/1226 1227/1227/1227
f 1233/1233/1233 1227/1227/1227 1234/1234/1234
f 1234/1234/1234 1227/1227/1227 1228/1228/1228
f 1234/1234/1234 1228/1228/1228 1235/1235/1235
f 1235/1235/1235 1228/1228/1228 1229/1229/1229
f 1235/1235/1235 1229/1229/1229 1236/1236/1236
f 1237/1237/1237 1230/1230/1230 1231/1231/1231
f 1237/1237/1237 1231/1231/1231 1238/1238/1238
f 1238/1238/1238 1231/1231/1231 1232/1232/1232
f 1238/1238/1238 1232/1232/1232 1239/1239/1239
f 1240/1240/1240 1233/1233/1233 1234/1234/1234
f 1240/1240/1240 1234/1234/1234 1241/1241/1241
f 1241/1241/1241 1234/1234/1234 1235/1235/1235
f 1241/1241/1241 1235/1235/1235 1242/1242/1242
f 1242/1242/1242 1235/1235/1235 1236/1236/1236
f 1242/1242/1242 1236/1236/1236 1243/1243/1243
f 1244/1244/1244 1237/1237/1237 1238/1238/1238
f 1244/1244/1244 1238/1238/1238 1245/1245/1245
f 1245/1245/1245 1238/1238/1238 1239/1239/1239
f 1245/1245/1245 1239/1239/1239 1246/1246/1246
f 1247/1247/1247 1248/1248/1248 1249/1249/1249
f 1247/1247/1247 1249/1249/1249 1250/1250/1250
f 1250/1250/1250 1249/1249/1249 1251/1251/1251
f 1250/1250/1250 1251/1251/1251 1252/1252/1252
f 1252/1252/1252 1251/1251/1251 1253/1253/1253
f 1252/1252/1252 1253/1253/1253 1254/1254/1254
f 1255/1255/1255 1256/1256/1256 1257/1257/1257
f 1255/1255/1255 1257/1257/1257 1258/1258/1258
f 1258/1258/1258 1257/1257/1257 1259/1259/1259
f 1258/1258/1258 1259/1259/1259 1260/1260/1260
f 1261/1261/1261 1247/1247/1247 1250/1250/1250
f 1261/1261/1261 1250/1250/1250 1262/1262/1262
f 1262/1262/1262 1250/1250/1250 1252/1252/1252
f 1262/1262/1262 1252/1252/1252 1263/1263/1263
f 1263/1263/1263 1252/1252/1252 1254/1254/1254
f 1263/1263/1263 1254/1254/1254 1264/1264/1264
f 1265/1265/1265 1255/1255/1255 1258/1258/1258
f 1265/1265/1265 1258/1258/1258 1266/1266/1266
f 1266/1266/1266 1258/1258/1258 1260/1260/1260
f 1266/1266/1266 1260/1260/1260 1267/1267/1267
f 1268/1268/1268 1261/1261/1261 1262/1262/1262
f 1268/1268/1268 1262/1262/1262 1269/1269/1269
f 1269/1269/1269 1262/1262/1262 1263/1263/1263
f 1269/1269/1269 1263/1263/1263 1270/1270/1270
f 1270/1270/1270 1263/1263/1263 1264/1264/1264
f 1270/1270/1270 1264/1264/1264 1271/1271/1271
f 1272/1272/1272 1265/1265/1265 1266/1266/1266
f 1272/1272/1272 1266/1266/1266 1273/1273/1273
f 1273/1273/1273 1266/1266/1266 1267/1267/1267
f 1273/1273/1273 1267/1267/1267 1274/1274/1274
f 1275/1275/1275 1268/1268/1268 1269/1269/1269
f 1275/1275/1275 1269/1269/1269 1276/1276/1276
f 1276/1276/1276 1269/1269/1269 1270/1270/1270
f 1276/1276/1276 1270/1270/1270 1277/1277/1277
f 1277/1277/1277 1270/1270/1270 1271/1271/1271
f 1277/1277/1277 1271/1271/1271 1278/1278/1278
f 1279/1279/1279 1272/1272/1272 1273/1273/1273
f 1279/1279/1279 1273/1273/1273 1280/1280/1280
f 1280/1280/1280 1273/1273/1273 1274/1274/1274
f 1280/1280/1280 1274/1274/1274 1281/1281/1281
f 1282/1282/1282 1275/1275/1275 1276/1276/1276
f 1282/1282/1282 1276/1276/1276 1283/1283/1283
f 1283/1283/1283 1276/1276/1276 1277/1277/1277
f 1283/1283/1283 1277/1277/1277 1284/1284/1284
f 1284/1284/1284 1277/1277/1277 1278/1278/1278
f 1284/1284/1284 1278/1278/1278 1285/1285/1285
f 1286/1286/1286 1279/1279/1279 1280/1280/1280
f 1286/1286/1286 1280/1280/1280 1287/1287/1287
f 1287/1287/1287 1280/1280/1280 1281/1281/1281
f 1287/1287/1287 1281/1281/1281 1288/1288/1288
f 1289/1289/1289 1282/1282/1282 1283/1283/1283
f 1289/1289/1289 1283/1283/1283 1290/1290/1290
f 1290/1290/1290 1283/1283/1283 1284/1284/1284
f 1290/1290/1290 1284/1284/1284 1291/1291/1291
f 1291/1291/1291 1284/1284/1284 1285/1285/1285
f 1291/1291/1291 1285/1285/1285 1292/1292/1292
f 1293/1293/1293 1286/1286/1286 1287/1287/1287
f 1293/1293/1293 1287/1287/1287 1294/1294/1294
f 1294/1294/1294 1287/1287/1287 1288/1288/1288
f 1294/1294/1294 1288/1288/1288 1295/1295/1295
f 1296/1296/1296 1289/1289/1289 1290/1290/1290
f 1296/1296/1296 1290/1290/1290 1297/1297/1297
f 1297/1297/1297 1290/1290/1290 1291/1291/1291
f 1297/1297/1297 1291/1291/1291 1298/1298/1298
f 1298/1298/1298 1291/1291/1291 1292/1292/1292
f 1298/1298/1298 1292/1292/1292 1299/1299/1299
f 1300/1300/1300 1301/1301/1301 1302/1302/1302
f 1300/1300/1300 1302/1302/1302 1303/1303/1303
f 1303/1303/1303 1302/1302/1302 1304/1304/1304
f 1303/1303/1303 1304/1304/1304 1305/1305/1305
f 1306/1306/1306 1296/1296/1296 1297/1297/1297
f 1306/1306/1306 1297/1297/1297 1307/1307/1307
f 1307/1307/1307 1297/1297/1297 1298/1298/1298
f 1307/1307/1307 1298/1298/1298 1308/1308/1308
f 1308/1308/1308 1298/1298/1298 1299/1299/1299
f 1308/1308/1308 1299/1299/1299 1309/1309/1309
f 1310/1310/1310 1300/1300/1300 1303/1303/1303
f 1310/1310/1310 1303/1303/1303 1311/1311/1311
f 1311/1311/1311 1303/1303/1303 1305/1305/1305
f 1311/1311/1311 1305/1305/1305 1312/1312/1312
f 1313/1313/1313 1306/1306/1306 1307/1307/1307
f 1313/1313/1313 1307/1307/1307 1314/1314/1314
f 1314/1314/1314 1307/1307/1307 1308/1308/1308
f 1314/1314/1314 1308/1308/1308 1315/1315/1315
f 1315/1315/1315 1308/1308/1308 1309/1309/1309
f 1315/1315/1315 1309/1309/1309 1316/1316/1316
f 1317/1317/1317 1310/1310/1310 1311/1311/1311
f 1317/1317/1317 1311/1311/1311 1318/1318/1318
f 1318/1318/1318 1311/1311/1311 1312/1312/1312
f 1318/1318/1318 1312/1312/1312 1319/1319/1319
f 1320/1320/1320 1313/1313/1313 1314/1314/1314
f 1320/1320/1320 1314/1314/1314 1321/1321/1321
f 1321/1321/1321 1314/1314/1314 1315/1315/1315
f 1321/1321/1321 1315/1315/1315 1322/1322/1322
f 1322/1322/1322 1315/1315/1315 1316/1316/1316
f 1322/1322/1322 1316/1316/1316 1323/1323/1323
f 1324/1324/1324 1317/1317/1317 1318/1318/1318
f 1324/1324/1324 1318/1318/1318 1325/1325/1325
f 1325/1325/1325 1318/1318/1318 1319/1319/1319
f 1325/1325/1325 1319/1319/1319 1326/1326/1326
f 1327/1327/1327 1320/1320/1320 1321/1321/1321
f 1327/1327/1327 1321/1321/1321 1328/1328/1328
f 1328/1328/1328 1321/1321/1321 1322/1322/1322
f 1328/1328/1328 1322/1322/1322 1329/1329/1329
f 1329/1329/1329 1322/1322/1322 1323/1323/1323
f 1329/1329/1329 1323/1323/1323 1330/1330/1330
f 1331/1331/1331 1324/1324/1324 1325/1325/1325
f 1331/1331/1331 1325/1325/1325 1332/1332/1332
f 1332/1332/1332 1325/1325/1325 1326/1326/1326
f 1332/1332/1332 1326/1326/1326 1333/1333/1333
f 1334/1334/1334 1327/1327/1327 1328/1328/1328
f 1334/1334/1334 1328/1328/1328 1335/1335/1335
f 1335/1335/1335 1328/1328/1328 1329/1329/1329
f 1335/1335/1335 1329/1329/1329 1336/1336/1336
f 1336/1336/1336 1329/1329/1329 1330/1330/1330
f 1336/1336/1336 1330/1330/1330 1337/1337/1337
f 1338/1338/1338 1331/1331/1331 1332/1332/1332
f 1338/1338/1338 1332/1332/1332 1339/1339/1339
f 1339/1339/1339 1332/1332/1332 1333/1333/1333
f 1339/1339/1339 1333/1333/1333 1340/1340/1340
f 1052/1052/1052 1059/1059/1059 1062/1062/1062
f 1052/1052/1052 1062/1062/1062 1053/1053/1053
f 1053/1053/1053 1062/1062/1062 1064/1064/1064
f 1053/1053/1053 1064/1064/1064 1054/1054/1054
f 1054/1054/1054 1064/1064/1064 1066/1066/1066
f 1054/1054/1054 1066/1066/1066 1055/1055/1055
f 1056/1056/1056 1067/1067/1067 1070/1070/1070
f 1056/1056/1056 1070/1070/1070 1057/1057/1057
f 1057/1057/1057 1070/1070/1070 1072/1072/1072
f 1057/1057/1057 1072/1072/1072 1058/1058/1058
f 950/950/950 965/965/965 968/968/968
f 950/950/950 968/968/968 948/948/948
f 948/948/948 968/968/968 970/970/970
f 948/948/948 970/970/970 946/946/946
f 946/946/946 970/970/970 972/972/972
f 946/946/946 972/972/972 943/943/943
f 942/942/942 973/973/973 976/976/976
f 942/942/942 976/976/976 940/940/940
f 940/940/940 976/976/976 978/978/978
f 940/940/940 978/978/978 937/937/937
f 1154/1154/1154 1341/1341/1341 1342/1342/1342
f 1154/1154/1154 1342/1342/1342 1155/1155/1155
f 1155/1155/1155 1342/1342/1342 1343/1343/1343
f 1155/1155/1155 1343/1343/1343 1157/1157/1157
f 1157/1157/1157 1343/1343/1343 1344/1344/1344
f 1157/1157/1157 1344/1344/1344 1159/1159/1159
f 1162/1162/1162 1345/1345/1345 1346/1346/1346
f 1162/1162/1162 1346/1346/1346 1163/1163/1163
f 1163/1163/1163 1346/1346/1346 1347/1347/1347
f 1163/1163/1163 1347/1347/1347 1165/1165/1165
f 1248/1248/1248 1240/1240/1240 1241/1241/1241
f 1248/1248/1248 1241/1241/1241 1249/1249/1249
f 1249/1249/1249 1241/1241/1241 1242/1242/1242
f 1249/1249/1249 1242/1242/1242 1251/1251/1251
f 1251/1251/1251 1242/1242/1242 1243/1243/1243
f 1251/1251/1251 1243/1243/1243 1253/1253/1253
f 1256/1256/1256 1244/1244/1244 1245/1245/1245
f 1256/1256/1256 1245/1245/1245 1257/1257/1257
f 1257/1257/1257 1245/1245/1245 1246/1246/1246
f 1257/1257/1257 1246/1246/1246 1259/1259/1259
f 1146/1146/1146 963/963/963 961/961/961
f 1146/1146/1146 961/961/961 1147/1147/1147
f 1147/1147/1147 961/961/961 959/959/959
f 1147/1147/1147 959/959/959 1148/1148/1148
f 1148/1148/1148 959/959/959 958/958/958
f 1148/1148/1148 958/958/958 1149/1149/1149
f 1150/1150/1150 955/955/955 953/953/953
f 1150/1150/1150 953/953/953 1151/1151/1151
f 1151/1151/1151 953/953/953 952/952/952
f 1151/1151/1151 952/952/952 1152/1152/1152
f 1348/1348/1348 1334/1334/1334 1335/1335/1335
f 1348/1348/1348 1335/1335/1335 1349/1349/1349
f 1349/1349/1349 1335/1335/1335 1336/1336/1336
f 1349/1349/1349 1336/1336/1336 1350/1350/1350
f 1350/1350/1350 1336/1336/1336 1337/1337/1337
f 1350/1350/1350 1337/1337/1337 1351/1351/1351
f 1352/1352/1352 1338/1338/1338 1339/1339/1339
f 1352/1352/1352 1339/1339/1339 1353/1353/1353
f 1353/1353/1353 1339/1339/1339 1340/1340/1340
f 1353/1353/1353 1340/1340/1340 1354/1354/1354
f 1355/1355/1355 1356/1356/1356 1357/1357/1357
f 1355/1355/1355 1357/1357/1357 1358/1358/1358
f 1358/1358/1358 1357/1357/1357 1359/1359/1359
f 1358/1358/1358 1359/1359/1359 1360/1360/1360
f 1360/1360/1360 1359/1359/1359 1361/1361/1361
f 1360/1360/1360 1361/1361/1361 1362/1362/1362
f 1363/1363/1363 1364/1364/1364 1365/1365/1365
f 1363/1363/1363 1365/1365/1365 1366/1366/1366
f 1366/1366/1366 1365/1365/1365 1367/1367/1367
f 1366/1366/1366 1367/1367/1367 1368/1368/1368
f 1369/1369/1369 1355/1355/1355 1358/1358/1358
f 1369/1369/1369 1358/1358/1358 1370/1370/1370
f 1370/1370/1370 1358/1358/1358 1360/1360/1360
f 1370/1370/1370 1360/1360/1360 1371/1371/1371
f 1371/1371/1371 1360/1360/1360 1362/1362/1362
f 1371/1371/1371 1362/1362/1362 1372/1372/1372
f 1373/1373/1373 1363/1363/1363 1366/1366/1366
f 1373/1373/1373 1366/1366/1366 1374/1374/1374
f 1374/1374/1374 1366/1366/1366 1368/1368/1368
f 1374/1374/1374 1368/1368/1368 1375/1375/1375
f 1376/1376/1376 1369/1369/1369 1370/1370/1370
f 1376/1376/1376 1370/1370/1370 1377/1377/1377
f 1377/1377/1377 1370/1370/1370 1371/1371/1371
f 1377/1377/1377 1371/1371/1371 1378/1378/1378
f 1378/1378/1378 1371/1371/1371 1372/1372/1372
f 1378/1378/1378 1372/1372/1372 1379/1379/1379
f 1380/1380/1380 1373/1373/1373 1374/1374/1374
f 1380/1380/1380 1374/1374/1374 1381/1381/1381
f 1381/1381/1381 1374/1374/1374 1375/1375/1375
f 1381/1381/1381 1375/1375/1375 1382/1382/1382
f 1383/1383/1383 1376/1376/1376 1377/1377/1377
f 1383/1383/1383 1377/1377/1377 1384/1384/1384
f 1384/1384/1384 1377/1377/1377 1378/1378/1378
f 1384/1384/1384 1378/1378/1378 1385/1385/1385
f 1385/1385/1385 1378/1378/1378 1379/1379/1379
f 1385/1385/1385 1379/1379/1379 1386/1386/1386
f 1387/1387/1387 1380/1380/1380 1381/1381/1381
f 1387/1387/1387 1381/1381/1381 1388/1388/1388
f 1388/1388/1388 1381/1381/1381 1382/1382/1382
f 1388/1388/1388 1382/1382/1382 1389/1389/1389
f 1390/1390/1390 1383/1383/1383 1384/1384/1384
f 1390/1390/1390 1384/1384/1384 1391/1391/1391
f 1391/1391/1391 1384/1384/1384 1385/1385/1385
f 1391/1391/1391 1385/1385/1385 1392/1392/1392
f 1392/1392/1392 1385/1385/1385 1386/1386/1386
f 1392/1392/1392 1386/1386/1386 1393/1393/1393
f 1394/1394/1394 1387/1387/1387 1388/1388/1388
f 1394/1394/1394 1388/1388/1388 1395/1395/1395
f 1395/1395/1395 1388/1388/1388 1389/1389/1389
f 1395/1395/1395 1389/1389/1389 1396/1396/1396
f 1397/1397/1397 1390/1390/1390 1391/1391/1391
f 1397/1397/1397 1391/1391/1391 1398/1398/1398
f 1398/1398/1398 1391/1391/1391 1392/1392/1392
f 1398/1398/1398 1392/1392/1392 1399/1399/1399
f 1399/1399/1399 1392/1392/1392 1393/1393/1393
f 1399/1399/1399 1393/1393/1393 1400/1400/1400
f 1401/1401/1401 1394/1394/1394 1395/1395/1395
f 1401/1401/1401 1395/1395/1395 1402/1402/1402
f 1402/1402/1402 1395/1395/1395 1396/1396/1396
f 1402/1402/1402 1396/1396/1396 1403/1403/1403
f 1404/1404/1404 1397/1397/1397 1398/1398/1398
f 1404/1404/1404 1398/1398/1398 1405/1405/1405
f 1405/1405/1405 1398/1398/1398 1399/1399/1399
f 1405/1405/1405 1399/1399/1399 1406/1406/1406
f 1406/1406/1406 1399/1399/1399 1400/1400/1400
f 1406/1406/1406 1400/1400/1400 1407/1407/1407
f 1408/1408/1408 1401/1401/1401 1402/1402/1402
f 1408/1408/1408 1402/1402/1402 1409/1409/1409
f 1409/1409/1409 1402/1402/1402 1403/1403/1403
f 1409/1409/1409 1403/1403/1403 1410/1410/1410
f 1411/1411/1411 1404/1404/1404 1405/1405/1405
f 1411/1411/1411 1405/1405/1405 1412/1412/1412
f 1412/1412/1412 1405/1405/1405 1406/1406/1406
f 1412/1412/1412 1406/1406/1406 1413/1413/1413
f 1413/1413/1413 1406/1406/1406 1407/1407/1407
f 1413/1413/1413 1407/1407/1407 1414/1414/1414
f 1415/1415/1415 1408/1408/1408 1409/1409/1409
f 1415/1415/1415 1409/1409/1409 1416/1416/1416
f 1416/1416/1416 1409/1409/1409 1410/1410/1410
f 1416/1416/1416 1410/1410/1410 1417/1417/1417
f 1418/1418/1418 1411/1411/1411 1412/1412/1412
f 1418/1418/1418 1412/1412/1412 1419/1419/1419
f 1419/1419/1419 1412/1412/1412 1413/1413/1413
f 1419/1419/1419 1413/1413/1413 1420/1420/1420
f 1420/1420/1420 1413/1413/1413 1414/1414/1414
f 1420/1420/1420 1414/1414/1414 1421/1421/1421
f 1422/1422/1422 1423/1423/1423 1424/1424/1424
f 1422/1422/1422 1424/1424/1424 1425/1425/1425
f 1425/1425/1425 1424/1424/1424 1426/1426/1426
f 1425/1425/1425 1426/1426/1426 1427/1427/1427
f 1428/1428/1428 1418/1418/1418 1419/1419/1419
f 1428/1428/1428 1419/1419/1419 1429/1429/1429
f 1429/1429/1429 1419/1419/1419 1420/1420/1420
f 1429/1429/1429 1420/1420/1420 1430/1430/1430
f 1430/1430/1430 1420/1420/1420 1421/1421/1421
f 1430/1430/1430 1421/1421/1421 1431/1431/1431
f 1432/1432/1432 1422/1422/1422 1425/1425/1425
f 1432/1432/1432 1425/1425/1425 1433/1433/1433
f 1433/1433/1433 1425/1425/1425 1427/1427/1427
f 1433/1433/1433 1427/1427/1427 1434/1434/1434
f 1435/1435/1435 1428/1428/1428 1429/1429/1429
f 1435/1435/1435 1429/1429/1429 1436/1436/1436
f 1436/1436/1436 1429/1429/1429 1430/1430/1430
f 1436/1436/1436 1430/1430/1430 1437/1437/1437
f 1437/1437/1437 1430/1430/1430 1431/1431/1431
f 1437/1437/1437 1431/1431/1431 1438/1438/1438
f 1439/1439/1439 1432/1432/1432 1433/1433/1433
f 1439/1439/1439 1433/1433/1433 1440/1440/1440
f 1440/1440/1440 1433/1433/1433 1434/1434/1434
f 1440/1440/1440 1434/1434/1434 1441/1441/1441
f 1442/1442/1442 1435/1435/1435 1436/1436/1436
f 1442/1442/1442 1436/1436/1436 1443/1443/1443
f 1443/1443/1443 1436/1436/1436 1437/1437/1437
f 1443/1443/1443 1437/1437/1437 1444/1444/1444
f 1444/1444/1444 1437/1437/1437 1438/1438/1438
f 1444/1444/1444 1438/1438/1438 1445/1445/1445
f 1446/1446/1446 1439/1439/1439 1440/1440/1440
f 1446/1446/1446 1440/1440/1440 1447/1447/1447
f 1447/1447/1447 1440/1440/1440 1441/1441/1441
f 1447/1447/1447 1441/1441/1441 1448/1448/1448
f 1449/1449/1449 1442/1442/1442 1443/1443/1443
f 1449/1449/1449 1443/1443/1443 1450/1450/1450
f 1450/1450/1450 1443/1443/1443 1444/1444/1444
f 1450/1450/1450 1444/1444/1444 1451/1451/1451
f 1451/1451/1451 1444/1444/1444 1445/1445/1445
f 1451/1451/1451 1445/1445/1445 1452/1452/1452
f 1453/1453/1453 1446/1446/1446 1447/1447/1447
f 1453/1453/1453 1447/1447/1447 1454/1454/1454
f 1454/1454/1454 1447/1447/1447 1448/1448/1448
f 1454/1454/1454 1448/1448/1448 1455/1455/1455
f 1456/1456/1456 1449/1449/1449 1450/1450/1450
f 1456/1456/1456 1450/1450/1450 1457/1457/1457
f 1457/1457/1457 1450/1450/1450 1451/1451/1451
f 1457/1457/1457 1451/1451/1451 1458/1458/1458
f 1458/1458/1458 1451/1451/1451 1452/1452/1452
f 1458/1458/1458 1452/1452/1452 1459/1459/1459
f 1460/1460/1460 1453/1453/1453 1454/1454/1454
f 1460/1460/1460 1454/1454/1454 1461/1461/1461
f 1461/1461/1461 1454/1454/1454 1455/1455/1455
f 1461/1461/1461 1455/1455/1455 1462/1462/1462
f 1463/1463/1463 1456/1456/1456 1457/1457/1457
f 1463/1463/1463 1457/1457/1457 1464/1464/1464
f 1464/1464/1464 1457/1457/1457 1458/1458/1458
f 1464/1464/1464 1458/1458/1458 1465/1465/1465
f 1465/1465/1465 1458/1458/1458 1459/1459/1459
f 1465/1465/1465 1459/1459/1459 1466/1466/1466
f 1467/1467/1467 1460/1460/1460 1461/1461/1461
f 1467/1467/1467 1461/1461/1461 1468/1468/1468
f 1468/1468/1468 1461/1461/1461 1462/1462/1462
f 1468/1468/1468 1462/1462/1462 1469/1469/1469
f 1470/1470/1470 1463/1463/1463 1464/1464/1464
f 1470/1470/1470 1464/1464/1464 1471/1471/1471
f 1471/1471/1471 1464/1464/1464 1465/1465/1465
f 1471/1471/1471 1465/1465/1465 1472/1472/1472
f 1472/1472/1472 1465/1465/1465 1466/1466/1466
f 1472/1472/1472 1466/1466/1466 1473/1473/1473
f 1474/1474/1474 1467/1467/1467 1468/1468/1468
f 1474/1474/1474 1468/1468/1468 1475/1475/1475
f 1475/1475/1475 1468/1468/1468 1469/1469/1469
f 1475/1475/1475 1469/1469/1469 1476/1476/1476
f 1477/1477/1477 1470/1470/1470 1471/1471/1471
f 1477/1477/1477 1471/1471/1471 1478/1478/1478
f 1478/1478/1478 1471/1471/1471 1472/1472/1472
f 1478/1478/1478 1472/1472/1472 1479/1479/1479
f 1479/1479/1479 1472/1472/1472 1473/1473/1473
f 1479/1479/1479 1473/1473/1473 1480/1480/1480
f 1481/1481/1481 1474/1474/1474 1475/1475/1475
f 1481/1481/1481 1475/1475/1475 1482/1482/1482
f 1482/1482/1482 1475/1475/1475 1476/1476/1476
f 1482/1482/1482 1476/1476/1476 1483/1483/1483
f 1484/1484/1484 1477/1477/1477 1478/1478/1478
f 1484/1484/1484 1478/1478/1478 1485/1485/1485
f 1485/1485/1485 1478/1478/1478 1479/1479/1479
f 1485/1485/1485 1479/1479/1479 1486/1486/1486
f 1486/1486/1486 1479/1479/1479 1480/1480/1480
f 1486/1486/1486 1480/1480/1480 1487/1487/1487
f 1488/1488/1488 1481/1481/1481 1482/1482/1482
f 1488/1488/1488 1482/1482/1482 1489/1489/1489
f 1489/1489/1489 1482/1482/1482 1483/1483/1483
f 1489/1489/1489 1483/1483/1483 1490/1490/1490
f 1491/1491/1491 1484/1484/1484 1485/1485/1485
f 1491/1491/1491 1485/1485/1485 1492/1492/1492
f 1492/1492/1492 1485/1485/1485 1486/1486/1486
f 1492/1492/1492 1486/1486/1486 1493/1493/1493
f 1493/1493/1493 1486/1486/1486 1487/1487/1487
f 1493/1493/1493 1487/1487/1487 1494/1494/1494
f 1495/1495/1495 1488/1488/1488 1489/1489/1489
f 1495/1495/1495 1489/1489/1489 1496/1496/1496
f 1496/1496/1496 1489/1489/1489 1490/1490/1490
f 1496/1496/1496 1490/1490/1490 1497/1497/1497
f 1498/1498/1498 1491/1491/1491 1492/1492/1492
f 1498/1498/1498 1492/1492/1492 1499/1499/1499
f 1499/1499/1499 1492/1492/1492 1493/1493/1493
f 1499/1499/1499 1493/1493/1493 1500/1500/1500
f 1500/1500/1500 1493/1493/1493 1494/1494/1494
f 1500/1500/1500 1494/1494/1494 1501/1501/1501
f 1502/1502/1502 1495/1495/1495 1496/1496/1496
f 1502/1502/1502 1496/1496/1496 1503/1503/1503
f 1503/1503/1503 1496/1496/1496 1497/1497/1497
f 1503/1503/1503 1497/1497/1497 1504/1504/1504
f 1505/1505/1505 1498/1498/1498 1499/1499/1499
f 1505/1505/1505 1499/1499/1499 1506/1506/1506
f 1506/1506/1506 1499/1499/1499 1500/1500/1500
f 1506/1506/1506 1500/1500/1500 1507/1507/1507
f 1507/1507/1507 1500/1500/1500 1501/1501/1501
f 1507/1507/1507 1501/1501/1501 1508/1508/1508
f 1509/1509/1509 1502/1502/1502 1503/1503/1503
f 1509/1509/1509 1503/1503/1503 1510/1510/1510
f 1510/1510/1510 1503/1503/1503 1504/1504/1504
f 1510/1510/1510 1504/1504/1504 1511/1511/1511
f 1512/1512/1512 1505/1505/1505 1506/1506/1506
f 1512/1512/1512 1506/1506/1506 1513/1513/1513
f 1513/1513/1513 1506/1506/1506 1507/1507/1507
f 1513/1513/1513 1507/1507/1507 1514/1514/1514
f 1514/1514/1514 1507/1507/1507 1508/1508/1508
f 1514/1514/1514 1508/1508/1508 1515/1515/1515
f 1516/1516/1516 1509/1509/1509 1510/1510/1510
f 1516/1516/1516 1510/1510/1510 1517/1517/1517
f 1517/1517/1517 1510/1510/1510 1511/1511/1511
f 1517/1517/1517 1511/1511/1511 1518/1518/1518
f 1519/1519/1519 1512/1512/1512 1513/1513/1513
f 1519/1519/1519 1513/1513/1513 1520/1520/1520
f 1520/1520/1520 1513/1513/1513 1514/1514/1514
f 1520/1520/1520 1514/1514/1514 1521/1521/1521
f 1521/1521/1521 1514/1514/1514 1515/1515/1515
f 1521/1521/1521 1515/1515/1515 1522/1522/1522
f 1523/1523/1523 1516/1516/1516 1517/1517/1517
f 1523/1523/1523 1517/1517/1517 1524/1524/1524
f 1524/1524/1524 1517/1517/1517 1518/1518/1518
f 1524/1524/1524 1518/1518/1518 1525/1525/1525
f 1526/1526/1526 1519/1519/1519 1520/1520/1520
f 1526/1526/1526 1520/1520/1520 1527/1527/1527
f 1527/1527/1527 1520/1520/1520 1521/1521/1521
f 1527/1527/1527 1521/1521/1521 1528/1528/1528
f 1528/1528/1528 1521/1521/1521 1522/1522/1522
f 1528/1528/1528 1522/1522/1522 1529/1529/1529
f 1530/1530/1530 1523/1523/1523 1524/1524/1524
f 1530/1530/1530 1524/1524/1524 1531/1531/1531
f 1531/1531/1531 1524/1524/1524 1525/1525/1525
f 1531/1531/1531 1525/1525/1525 1532/1532/1532
f 1533/1533/1533 1526/1526/1526 1527/1527/1527
f 1533/1533/1533 1527/1527/1527 1534/1534/1534
f 1534/1534/1534 1527/1527/1527 1528/1528/1528
f 1534/1534/1534 1528/1528/1528 1535/1535/1535
f 1535/1535/1535 1528/1528/1528 1529/1529/1529
f 1535/1535/1535 1529/1529/1529 1536/1536/1536
f 1537/1537/1537 1538/1538/1538 1539/1539/1539
f 1537/1537/1537 1539/1539/1539 1540/1540/1540
f 1540/1540/1540 1539/1539/1539 1541/1541/1541
f 1540/1540/1540 1541/1541/1541 1542/1542/1542
f 1543/1543/1543 1533/1533/1533 1534/1534/1534
f 1543/1543/1543 1534/1534/1534 1544/1544/1544
f 1544/1544/1544 1534/1534/1534 1535/1535/1535
f 1544/1544/1544 1535/1535/1535 1545/1545/1545
f 1545/1545/1545 1535/1535/1535 1536/1536/1536
f 1545/1545/1545 1536/1536/1536 1546/1546/1546
f 1547/1547/1547 1537/1537/1537 1540/1540/1540
f 1547/1547/1547 1540/1540/1540 1548/1548/1548
f 1548/1548/1548 1540/1540/1540 1542/1542/1542
f 1548/1548/1548 1542/1542/1542 1549/1549/1549
f 1550/1550/1550 1543/1543/1543 1544/1544/1544
f 1550/1550/1550 1544/1544/1544 1551/1551/1551
f 1551/1551/1551 1544/1544/1544 1545/1545/1545
f 1551/1551/1551 1545/1545/1545 1552/1552/1552
f 1552/1552/1552 1545/1545/1545 1546/1546/1546
f 1552/1552/1552 1546/1546/1546 1553/1553/1553
f 1554/1554/1554 1547/1547/1547 1548/1548/1548
f 1554/1554/1554 1548/1548/1548 1555/1555/1555
f 1555/1555/1555 1548/1548/1548 1549/1549/1549
f 1555/1555/1555 1549/1549/1549 1556/1556/1556
f 1557/1557/1557 1550/1550/1550 1551/1551/1551
f 1557/1557/1557 1551/1551/1551 1558/1558/1558
f 1558/1558/1558 1551/1551/1551 1552/1552/1552
f 1558/1558/1558 1552/1552/1552 1559/1559/1559
f 1559/1559/1559 1552/1552/1552 1553/1553/1553
f 1559/1559/1559 1553/1553/1553 1560/1560/1560
f 1561/1561/1561 1554/1554/1554 1555/1555/1555
f 1561/1561/1561 1555/1555/1555 1562/1562/1562
f 1562/1562/1562 1555/1555/1555 1556/1556/1556
f 1562/1562/1562 1556/1556/1556 1563/1563/1563
f 1564/1564/1564 1557/1557/1557 1558/1558/1558
f 1564/1564/1564 1558/1558/1558 1565/1565/1565
f 1565/1565/1565 1558/1558/1558 1559/1559/1559
f 1565/1565/1565 1559/1559/1559 1566/1566/1566
f 1566/1566/1566 1559/1559/1559 1560/1560/1560
f 1566/1566/1566 1560/1560/1560 1567/1567/1567
f 1568/1568/1568 1561/1561/1561 1562/1562/1562
f 1568/1568/1568 1562/1562/1562 1569/1569/1569
f 1569/1569/1569 1562/1562/1562 1563/1563/1563
f 1569/1569/1569 1563/1563/1563 1570/1570/1570
f 1571/1571/1571 1564/1564/1564 1565/1565/1565
f 1571/1571/1571 1565/1565/1565 1572/1572/1572
f 1572/1572/1572 1565/1565/1565 1566/1566/1566
f 1572/1572/1572 1566/1566/1566 1573/1573/1573
f 1573/1573/1573 1566/1566/1566 1567/1567/1567
f 1573/1573/1573 1567/1567/1567 1574/1574/1574
f 1575/1575/1575 1568/1568/1568 1569/1569/1569
f 1575/1575/1575 1569/1569/1569 1576/1576/1576
f 1576/1576/1576 1569/1569/1569 1570/1570/1570
f 1576/1576/1576 1570/1570/1570 1577/1577/1577
f 1578/1578/1578 1571/1571/1571 1572/1572/1572
f 1578/1578/1578 1572/1572/1572 1579/1579/1579
f 1579/1579/1579 1572/1572/1572 1573/1573/1573
f 1579/1579/1579 1573/1573/1573 1580/1580/1580
f 1580/1580/1580 1573/1573/1573 1574/1574/1574
f 1580/1580/1580 1574/1574/1574 1581/1581/1581
f 1582/1582/1582 1575/1575/1575 1576/1576/1576
f 1582/1582/1582 1576/1576/1576 1583/1583/1583
f 1583/1583/1583 1576/1576/1576 1577/1577/1577
f 1583/1583/1583 1577/1577/1577 1584/1584/1584
f 1585/1585/1585 1586/1586/1586 1587/1587/1587
f 1585/1585/1585 1587/1587/1587 1588/1588/1588
f 1588/1588/1588 1587/1587/1587 1589/1589/1589
f 1588/1588/1588 1589/1589/1589 1590/1590/1590
f 1590/1590/1590 1589/1589/1589 1591/1591/1591
f 1590/1590/1590 1591/1591/1591 1592/1592/1592
f 1593/1593/1593 1594/1594/1594 1595/1595/1595
f 1593/1593/1593 1595/1595/1595 1596/1596/1596
f 1596/1596/1596 1595/1595/1595 1597/1597/1597
f 1596/1596/1596 1597/1597/1597 1598/1598/1598
f 1599/1599/1599 1585/1585/1585 1588/1588/1588
f 1599/1599/1599 1588/1588/1588 1600/1600/1600
f 1600/1600/1600 1588/1588/1588 1590/1590/1590
f 1600/1600/1600 1590/1590/1590 1601/1601/1601
f 1601/1601/1601 1590/1590/1590 1592/1592/1592
f 1601/1601/1601 1592/1592/1592 1602/1602/1602
f 1603/1603/1603 1593/1593/1593 1596/1596/1596
f 1603/1603/1603 1596/1596/1596 1604/1604/1604
f 1604/1604/1604 1596/1596/1596 1598/1598/1598
f 1604/1604/1604 1598/1598/1598 1605/1605/1605
f 1606/1606/1606 1599/1599/1599 1600/1600/1600
f 1606/1606/1606 1600/1600/1600 1607/1607/1607
f 1607/1607/1607 1600/1600/1600 1601/1601/1601
f 1607/1607/1607 1601/1601/1601 1608/1608/1608
f 1608/1608/1608 1601/1601/1601 1602/1602/1602
f 1608/1608/1608 1602/1602/1602 1609/1609/1609
f 1610/1610/1610 1603/1603/1603 1604/1604/1604
f 1610/1610/1610 1604/1604/1604 1611/1611/1611
f 1611/1611/1611 1604/1604/1604 1605/1605/1605
f 1611/1611/1611 1605/1605/1605 1612/1612/1612
f 1613/1613/1613 1606/1606/1606 1607/1607/1607
f 1613/1613/1613 1607/1607/1607 1614/1614/1614
f 1614/1614/1614 1607/1607/1607 1608/1608/1608
f 1614/1614/1614 1608/1608/1608 1615/1615/1615
f 1615/1615/1615 1608/1608/1608 1609/1609/1609
f 1615/1615/1615 1609/1609/1609 1616/1616/1616
f 1617/1617/1617 1610/1610/1610 1611/1611/1611
f 1617/1617/1617 1611/1611/1611 1618/1618/1618
f 1618/1618/1618 1611/1611/1611 1612/1612/1612
f 1618/1618/1618 1612/1612/1612 1619/1619/1619
f 1620/1620/1620 1613/1613/1613 1614/1614/1614
f 1620/1620/1620 1614/1614/1614 1621/1621/1621
f 1621/1621/1621 1614/1614/1614 1615/1615/1615
f 1621/1621/1621 1615/1615/1615 1622/1622/1622
f 1622/1622/1622 1615/1615/1615 1616/1616/1616
f 1622/1622/1622 1616/1616/1616 1623/1623/1623
f 1624/1624/1624 1617/1617/1617 1618/1618/1618
f 1624/1624/1624 1618/1618/1618 1625/1625/1625
f 1625/1625/1625 1618/1618/1618 1619/1619/1619
f 1625/1625/1625 1619/1619/1619 1626/1626/1626
f 1627/1627/1627 1620/1620/1620 1621/1621/1621
f 1627/1627/1627 1621/1621/1621 1628/1628/1628
f 1628/1628/1628 1621/1621/1621 1622/1622/1622
f 1628/1628/1628 1622/1622/1622 1629/1629/1629
f 1629/1629/1629 1622/1622/1622 1623/1623/1623
f 1629/1629/1629 1623/1623/1623 1630/1630/1630
f 1631/1631/1631 1624/1624/1624 1625/1625/1625
f 1631/1631/1631 1625/1625/1625 1632/1632/1632
f 1632/1632/1632 1625/1625/1625 1626/1626/1626
f 1632/1632/1632 1626/1626/1626 1633/1633/1633
f 1634/1634/1634 1627/1627/1627 1628/1628/1628
f 1634/1634/1634 1628/1628/1628 1635/1635/1635
f 1635/1635/1635 1628/1628/1628 1629/1629/1629
f 1635/1635/1635 1629/1629/1629 1636/1636/1636
f 1636/1636/1636 1629/1629/1629 1630/1630/1630
f 1636/1636/1636 1630/1630/1630 1637/1637/1637
f 1638/1638/1638 1631/1631/1631 1632/1632/1632
f 1638/1638/1638 1632/1632/1632 1639/1639/1639
f 1639/1639/1639 1632/1632/1632 1633/1633/1633
f 1639/1639/1639 1633/1633/1633 1640/1640/1640
f 1641/1641/1641 1634/1634/1634 1635/1635/1635
f 1641/1641/1641 1635/1635/1635 1642/1642/1642
f 1642/1642/1642 1635/1635/1635 1636/1636/1636
f 1642/1642/1642 1636/1636/1636 1643/1643/1643
f 1643/1643/1643 1636/1636/1636 1637/1637/1637
f 1643/1643/1643 1637/1637/1637 1644/1644/1644
f 1645/1645/1645 1646/1646/1646 1647/1647/1647
f 1645/1645/1645 1647/1647/1647 1648/1648/1648
f 1648/1648/1648 1647/1647/1647 1649/1649/1649
f 1648/1648/1648 1649/1649/1649 1650/1650/1650
f 1651/1651/1651 1641/1641/1641 1642/1642/1642
f 1651/1651/1651 1642/1642/1642 1652/1652/1652
f 1652/1652/1652 1642/1642/1642 1643/1643/1643
f 1652/1652/1652 1643/1643/1643 1653/1653/1653
f 1653/1653/1653 1643/1643/1643 1644/1644/1644
f 1653/1653/1653 1644/1644/1644 1654/1654/1654
f 1655/1655/1655 1645/1645/1645 1648/1648/1648
f 1655/1655/1655 1648/1648/1648 1656/1656/1656
f 1656/1656/1656 1648/1648/1648 1650/1650/1650
f 1656/1656/1656 1650/1650/1650 1657/1657/1657
f 1658/1658/1658 1651/1651/1651 1652/1652/1652
f 1658/1658/1658 1652/1652/1652 1659/1659/1659
f 1659/1659/1659 1652/1652/1652 1653/1653/1653
f 1659/1659/1659 1653/1653/1653 1660/1660/1660
f 1660/1660/1660 1653/1653/1653 1654/1654/1654
f 1660/1660/1660 1654/1654/1654 1661/1661/1661
f 1662/1662/1662 1655/1655/1655 1656/1656/1656
f 1662/1662/1662 1656/1656/1656 1663/1663/1663
f 1663/1663/1663 1656/1656/1656 1657/1657/1657
f 1663/1663/1663 1657/1657/1657 1664/1664/1664
f 1665/1665/1665 1658/1658/1658 1659/1659/1659
f 1665/1665/1665 1659/1659/1659 1666/1666/1666
f 1666/1666/1666 1659/1659/1659 1660/1660/1660
f 1666/1666/1666 1660/1660/1660 1667/1667/1667
f 1667/1667/1667 1660/1660/1660 1661/1661/1661
f 1667/1667/1667 1661/1661/1661 1668/1668/1668
f 1669/1669/1669 1662/1662/1662 1663/1663/1663
f 1669/1669/1669 1663/1663/1663 1670/1670/1670
f 1670/1670/1670 1663/1663/1663 1664/1664/1664
f 1670/1670/1670 1664/1664/1664 1671/1671/1671
f 1672/1672/1672 1665/1665/1665 1666/1666/1666
f 1672/1672/1672 1666/1666/1666 1673/1673/1673
f 1673/1673/1673 1666/1666/1666 1667/1667/1667
f 1673/1673/1673 1667/1667/1667 1674/1674/1674
f 1674/1674/1674 1667/1667/1667 1668/1668/1668
f 1674/1674/1674 1668/1668/1668 1675/1675/1675
f 1676/1676/1676 1669/1669/1669 1670/1670/1670
f 1676/1676/1676 1670/1670/1670 1677/1677/1677
f 1677/1677/1677 1670/1670/1670 1671/1671/1671
f 1677/1677/1677 1671/1671/1671 1678/1678/1678
f 1679/1679/1679 1672/1672/1672 1673/1673/1673
f 1679/1679/1679 1673/1673/1673 1680/1680/1680
f 1680/1680/1680 1673/1673/1673 1674/1674/1674
f 1680/1680/1680 1674/1674/1674 1681/1681/1681
f 1681/1681/1681 1674/1674/1674 1675/1675/1675
f 1681/1681/1681 1675/1675/1675 1682/1682/1682
f 1683/1683/1683 1676/1676/1676 1677/1677/1677
f 1683/1683/1683 1677/1677/1677 1684/1684/1684
f 1684/1684/1684 1677/1677/1677 1678/1678/1678
f 1684/1684/1684 1678/1678/1678 1685/1685/1685
f 1686/1686/1686 1679/1679/1679 1680/1680/1680
f 1686/1686/1686 1680/1680/1680 1687/1687/1687
f 1687/1687/1687 1680/1680/1680 1681/1681/1681
f 1687/1687/1687 1681/1681/1681 1688/1688/1688
f 1688/1688/1688 1681/1681/1681 1682/1682/1682
f 1688/1688/1688 1682/1682/1682 1689/1689/1689
f 1690/1690/1690 1683/1683/1683 1684/1684/1684
f 1690/1690/1690 1684/1684/1684 1691/1691/1691
f 1691/1691/1691 1684/1684/1684 1685/1685/1685
f 1691/1691/1691 1685/1685/1685 1692/1692/1692
f 1693/1693/1693 1686/1686/1686 1687/1687/1687
f 1693/1693/1693 1687/1687/1687 1694/1694/1694
f 1694/1694/1694 1687/1687/1687 1688/1688/1688
f 1694/1694/1694 1688/1688/1688 1695/1695/1695
f 1695/1695/1695 1688/1688/1688 1689/1689/1689
f 1695/1695/1695 1689/1689/1689 1696/1696/1696
f 1697/1697/1697 1690/1690/1690 1691/1691/1691
f 1697/1697/1697 1691/1691/1691 1698/1698/1698
f 1698/1698/1698 1691/1691/1691 1692/1692/1692
f 1698/1698/1698 1692/1692/1692 1699/1699/1699
f 1700/1700/1700 1693/1693/1693 1694/1694/1694
f 1700/1700/1700 1694/1694/1694 1701/1701/1701
f 1701/1701/1701 1694/1694/1694 1695/1695/1695
f 1701/1701/1701 1695/1695/1695 1702/1702/1702
f 1703/1703/1703 1704/1704/1704 1697/1697/1697
f 1703/1703/1703 1697/1697/1697 1705/1705/1705
f 1705/1705/1705 1697/1697/1697 1698/1698/1698
f 1705/1705/1705 1698/1698/1698 1706/1706/1706
f 1706/1706/1706 1698/1698/1698 1699/1699/1699
f 1706/1706/1706 1699/1699/1699 1707/1707/1707
f 1356/1356/1356 1700/1700/1700 1701/1701/1701
f 1356/1356/1356 1701/1701/1701 1357/1357/1357
f 1357/1357/1357 1701/1701/1701 1702/1702/1702
f 1357/1357/1357 1702/1702/1702 1359/1359/1359
f 1359/1359/1359 1702/1702/1702 1708/1708/1708
f 1359/1359/1359 1708/1708/1708 1361/1361/1361
f 1364/1364/1364 1705/1705/1705 1706/1706/1706
f 1364/1364/1364 1706/1706/1706 1365/1365/1365
f 1365/1365/1365 1706/1706/1706 1707/1707/1707
f 1365/1365/1365 1707/1707/1707 1367/1367/1367
f 1709/1709/1709 1578/1578/1578 1579/1579/1579
f 1709/1709/1709 1579/1579/1579 1710/1710/1710
f 1710/1710/1710 1579/1579/1579 1580/1580/1580
f 1710/1710/1710 1580/1580/1580 1711/1711/1711
f 1712/1712/1712 1713/1713/1713 1582/1582/1582
f 1712/1712/1712 1582/1582/1582 1714/1714/1714
f 1714/1714/1714 1582/1582/1582 1583/1583/1583
f 1714/1714/1714 1583/1583/1583 1715/1715/1715
f 1715/1715/1715 1583/1583/1583 1584/1584/1584
f 1715/1715/1715 1584/1584/1584 1716/1716/1716
f 1717/1717/1717 1709/1709/1709 1710/1710/1710
f 1717/1717/1717 1710/1710/1710 1718/1718/1718
f 1718/1718/1718 1710/1710/1710 1711/1711/1711
f 1718/1718/1718 1711/1711/1711 1719/1719/1719
f 1719/1719/1719 1711/1711/1711 1720/1720/1720
f 1719/1719/1719 1720/1720/1720 1721/1721/1721
f 1722/1722/1722 1714/1714/1714 1715/1715/1715
f 1722/1722/1722 1715/1715/1715 1723/1723/1723
f 1723/1723/1723 1715/1715/1715 1716/1716/1716
f 1723/1723/1723 1716/1716/1716 1724/1724/1724
f 1725/1725/1725 1717/1717/1717 1718/1718/1718
f 1725/1725/1725 1718/1718/1718 1726/1726/1726
f 1726/1726/1726 1718/1718/1718 1719/1719/1719
f 1726/1726/1726 1719/1719/1719 1727/1727/1727
f 1727/1727/1727 1719/1719/1719 1721/1721/1721
f 1727/1727/1727 1721/1721/1721 1728/1728/1728
f 1729/1729/1729 1722/1722/1722 1723/1723/1723
f 1729/1729/1729 1723/1723/1723 1730/1730/1730
f 1730/1730/1730 1723/1723/1723 1724/1724/1724
f 1730/1730/1730 1724/1724/1724 1731/1731/1731
f 1732/1732/1732 1725/1725/1725 1726/1726/1726
f 1732/1732/1732 1726/1726/1726 1733/1733/1733
f 1733/1733/1733 1726/1726/1726 1727/1727/1727
f 1733/1733/1733 1727/1727/1727 1734/1734/1734
f 1734/1734/1734 1727/1727/1727 1728/1728/1728
f 1734/1734/1734 1728/1728/1728 1735/1735/1735
f 1736/1736/1736 1729/1729/1729 1730/1730/1730
f 1736/1736/1736 1730/1730/1730 1737/1737/1737
f 1737/1737/1737 1730/1730/1730 1731/1731/1731
f 1737/1737/1737 1731/1731/1731 1738/1738/1738
f 1739/1739/1739 1732/1732/1732 1733/1733/1733
f 1739/1739/1739 1733/1733/1733 1740/1740/1740
f 1740/1740/1740 1733/1733/1733 1734/1734/1734
f 1740/1740/1740 1734/1734/1734 1741/1741/1741
f 1741/1741/1741 1734/1734/1734 1735/1735/1735
f 1741/1741/1741 1735/1735/1735 1742/1742/1742
f 1743/1743/1743 1736/1736/1736 1737/1737/1737
f 1743/1743/1743 1737/1737/1737 1744/1744/1744
f 1744/1744/1744 1737/1737/1737 1738/1738/1738
f 1744/1744/1744 1738/1738/1738 1745/1745/1745
f 1746/1746/1746 1739/1739/1739 1740/1740/1740
f 1746/1746/1746 1740/1740/1740 1747/1747/1747
f 1747/1747/1747 1740/1740/1740 1741/1741/1741
f 1747/1747/1747 1741/1741/1741 1748/1748/1748
f 1748/1748/1748 1741/1741/1741 1742/1742/1742
f 1748/1748/1748 1742/1742/1742 1749/1749/1749
f 1750/1750/1750 1743/1743/1743 1744/1744/1744
f 1750/1750/1750 1744/1744/1744 1751/1751/1751
f 1751/1751/1751 1744/1744/1744 1745/1745/1745
f 1751/1751/1751 1745/1745/1745 1752/1752/1752
f 1753/1753/1753 1746/1746/1746 1747/1747/1747
f 1753/1753/1753 1747/1747/1747 1754/1754/1754
f 1754/1754/1754 1747/1747/1747 1748/1748/1748
f 1754/1754/1754 1748/1748/1748 1755/1755/1755
f 1755/1755/1755 1748/1748/1748 1749/1749/1749
f 1755/1755/1755 1749/1749/1749 1756/1756/1756
f 1757/1757/1757 1750/1750/1750 1751/1751/1751
f 1757/1757/1757 1751/1751/1751 1758/1758/1758
f 1758/1758/1758 1751/1751/1751 1752/1752/1752
f 1758/1758/1758 1752/1752/1752 1759/1759/1759
f 1760/1760/1760 1753/1753/1753 1754/1754/1754
f 1760/1760/1760 1754/1754/1754 1761/1761/1761
f 1761/1761/1761 1754/1754/1754 1755/1755/1755
f 1761/1761/1761 1755/1755/1755 1762/1762/1762
f 1762/1762/1762 1755/1755/1755 1756/1756/1756
f 1762/1762/1762 1756/1756/1756 1763/1763/1763
f 1764/1764/1764 1757/1757/1757 1758/1758/1758
f 1764/1764/1764 1758/1758/1758 1765/1765/1765
f 1765/1765/1765 1758/1758/1758 1759/1759/1759
f 1765/1765/1765 1759/1759/1759 1766/1766/1766
f 1767/1767/1767 1760/1760/1760 1761/1761/1761
f 1767/1767/1767 1761/1761/1761 1768/1768/1768
f 1768/1768/1768 1761/1761/1761 1762/1762/1762
f 1768/1768/1768 1762/1762/1762 1769/1769/1769
f 1769/1769/1769 1762/1762/1762 1763/1763/1763
f 1769/1769/1769 1763/1763/1763 1770/1770/1770
f 1771/1771/1771 1764/1764/1764 1765/1765/1765
f 1771/1771/1771 1765/1765/1765 1772/1772/1772
f 1772/1772/1772 1765/1765/1765 1766/1766/1766
f 1772/1772/1772 1766/1766/1766 1773/1773/1773
f 1774/1774/1774 1767/1767/1767 1768/1768/1768
f 1774/1774/1774 1768/1768/1768 1775/1775/1775
f 1775/1775/1775 1768/1768/1768 1769/1769/1769
f 1775/1775/1775 1769/1769/1769 1776/1776/1776
f 1776/1776/1776 1769/1769/1769 1770/1770/1770
f 1776/1776/1776 1770/1770/1770 1777/1777/1777
f 1778/1778/1778 1779/1779/1779 1780/1780/1780
f 1778/1778/1778 1780/1780/1780 1781/1781/1781
f 1781/1781/1781 1780/1780/1780 1782/1782/1782
f 1781/1781/1781 1782/1782/1782 1783/1783/1783
f 1784/1784/1784 1774/1774/1774 1775/1775/1775
f 1784/1784/1784 1775/1775/1775 1785/1785/1785
f 1785/1785/1785 1775/1775/1775 1776/1776/1776
f 1785/1785/1785 1776/1776/1776 1786/1786/1786
f 1786/1786/1786 1776/1776/1776 1777/1777/1777
f 1786/1786/1786 1777/1777/1777 1787/1787/1787
f 1788/1788/1788 1778/1778/1778 1781/1781/1781
f 1788/1788/1788 1781/1781/1781 1789/1789/1789
f 1789/1789/1789 1781/1781/1781 1783/1783/1783
f 1789/1789/1789 1783/1783/1783 1790/1790/1790
f 1791/1791/1791 1784/1784/1784 1785/1785/1785
f 1791/1791/1791 1785/1785/1785 1792/1792/1792
f 1792/1792/1792 1785/1785/1785 1786/1786/1786
f 1792/1792/1792 1786/1786/1786 1793/1793/1793
f 1793/1793/1793 1786/1786/1786 1787/1787/1787
f 1793/1793/1793 1787/1787/1787 1794/1794/1794
f 1795/1795/1795 1788/1788/1788 1789/1789/1789
f 1795/1795/1795 1789/1789/1789 1796/1796/1796
f 1796/1796/1796 1789/1789/1789 1790/1790/1790
f 1796/1796/1796 1790/1790/1790 1797/1797/1797
f 1798/1798/1798 1791/1791/1791 1792/1792/1792
f 1798/1798/1798 1792/1792/1792 1799/1799/1799
f 1799/1799/1799 1792/1792/1792 1793/1793/1793
f 1799/1799/1799 1793/1793/1793 1800/1800/1800
f 1800/1800/1800 1793/1793/1793 1794/1794/1794
f 1800/1800/1800 1794/1794/1794 1801/1801/1801
f 1802/1802/1802 1795/1795/1795 1796/1796/1796
f 1802/1802/1802 1796/1796/1796 1803/1803/1803
f 1803/1803/1803 1796/1796/1796 1797/1797/1797
f 1803/1803/1803 1797/1797/1797 1804/1804/1804
f 1805/1805/1805 1798/1798/1798 1799/1799/1799
f 1805/1805/1805 1799/1799/1799 1806/1806/1806
f 1806/1806/1806 1799/1799/1799 1800/1800/1800
f 1806/1806/1806 1800/1800/1800 1807/1807/1807
f 1807/1807/1807 1800/1800/1800 1801/1801/1801
f 1807/1807/1807 1801/1801/1801 1808/1808/1808
f 1809/1809/1809 1802/1802/1802 1803/1803/1803
f 1809/1809/1809 1803/1803/1803 1810/1810/1810
f 1810/1810/1810 1803/1803/1803 1804/1804/1804
f 1810/1810/1810 1804/1804/1804 1811/1811/1811
f 1812/1812/1812 1805/1805/1805 1806/1806/1806
f 1812/1812/1812 1806/1806/1806 1813/1813/1813
f 1813/1813/1813 1806/1806/1806 1807/1807/1807
f 1813/1813/1813 1807/1807/1807 1814/1814/1814
f 1814/1814/1814 1807/1807/1807 1808/1808/1808
f 1814/1814/1814 1808/1808/1808 1815/1815/1815
f 1816/1816/1816 1809/1809/1809 1810/1810/1810
f 1816/1816/1816 1810/1810/1810 1817/1817/1817
f 1817/1817/1817 1810/1810/1810 1811/1811/1811
f 1817/1817/1817 1811/1811/1811 1818/1818/1818
f 1819/1819/1819 1812/1812/1812 1813/1813/1813
f 1819/1819/1819 1813/1813/1813 1820/1820/1820
f 1820/1820/1820 1813/1813/1813 1814/1814/1814
f 1820/1820/1820 1814/1814/1814 1821/1821/1821
f 1821/1821/1821 1814/1814/1814 1815/1815/1815
f 1821/1821/1821 1815/1815/1815 1822/1822/1822
f 1823/1823/1823 1816/1816/1816 1817/1817/1817
f 1823/1823/1823 1817/1817/1817 1824/1824/1824
f 1824/1824/1824 1817/1817/1817 1818/1818/1818
f 1824/1824/1824 1818/1818/1818 1825/1825/1825
f 1826/1826/1826 1819/1819/1819 1820/1820/1820
f 1826/1826/1826 1820/1820/1820 1827/1827/1827
f 1827/1827/1827 1820/1820/1820 1821/1821/1821
f 1827/1827/1827 1821/1821/1821 1828/1828/1828
f 1828/1828/1828 1821/1821/1821 1822/1822/1822
f 1828/1828/1828 1822/1822/1822 1829/1829/1829
f 1830/1830/1830 1823/1823/1823 1824/1824/1824
f 1830/1830/1830 1824/1824/1824 1831/1831/1831
f 1831/1831/1831 1824/1824/1824 1825/1825/1825
f 1831/1831/1831 1825/1825/1825 1832/1832/1832
f 1586/1586/1586 1826/1826/1826 1827/1827/1827
f 1586/1586/1586 1827/1827/1827 1587/1587/1587
f 1587/1587/1587 1827/1827/1827 1828/1828/1828
f 1587/1587/1587 1828/1828/1828 1589/1589/1589
f 1589/1589/1589 1828/1828/1828 1829/1829/1829
f 1589/1589/1589 1829/1829/1829 1591/1591/1591
f 1594/1594/1594 1830/1830/1830 1831/1831/1831
f 1594/1594/1594 1831/1831/1831 1595/1595/1595
f 1595/1595/1595 1831/1831/1831 1832/1832/1832
f 1595/1595/1595 1832/1832/1832 1597/1597/1597
f 1833/1833/1833 1834/1834/1834 1835/1835/1835
f 1833/1833/1833 1835/1835/1835 1836/1836/1836
f 1836/1836/1836 1835/1835/1835 1837/1837/1837
f 1836/1836/1836 1837/1837/1837 1838/1838/1838
f 1838/1838/1838 1837/1837/1837 1839/1839/1839
f 1838/1838/1838 1839/1839/1839 1840/1840/1840
f 1841/1841/1841 1842/1842/1842 1843/1843/1843
f 1841/1841/1841 1843/1843/1843 1844/1844/1844
f 1844/1844/1844 1843/1843/1843 1845/1845/1845
f 1844/1844/1844 1845/1845/1845 1846/1846/1846
f 1847/1847/1847 1848/1848/1848 1849/1849/1849
f 1847/1847/1847 1849/1849/1849 1850/1850/1850
f 1850/1850/1850 1849/1849/1849 1851/1851/1851
f 1850/1850/1850 1851/1851/1851 1852/1852/1852
f 1852/1852/1852 1851/1851/1851 1853/1853/1853
f 1852/1852/1852 1853/1853/1853 1854/1854/1854
f 1855/1855/1855 1856/1856/1856 1857/1857/1857
f 1855/1855/1855 1857/1857/1857 1858/1858/1858
f 1858/1858/1858 1857/1857/1857 1859/1859/1859
f 1858/1858/1858 1859/1859/1859 1860/1860/1860
f 1861/1861/1861 1862/1862/1862 1863/1863/1863
f 1861/1861/1861 1863/1863/1863 1864/1864/1864
f 1864/1864/1864 1863/1863/1863 1865/1865/1865
f 1864/1864/1864 1865/1865/1865 1866/1866/1866
f 1866/1866/1866 1865/1865/1865 1867/1867/1867
f 1866/1866/1866 1867/1867/1867 1868/1868/1868
f 1869/1869/1869 1870/1870/1870 1871/1871/1871
f 1869/1869/1869 1871/1871/1871 1872/1872/1872
f 1872/1872/1872 1871/1871/1871 1873/1873/1873
f 1872/1872/1872 1873/1873/1873 1874/1874/1874
f 1875/1875/1875 1861/1861/1861 1864/1864/1864
f 1875/1875/1875 1864/1864/1864 1876/1876/1876
f 1876/1876/1876 1864/1864/1864 1866/1866/1866
f 1876/1876/1876 1866/1866/1866 1877/1877/1877
f 1877/1877/1877 1866/1866/1866 1868/1868/1868
f 1877/1877/1877 1868/1868/1868 1878/1878/1878
f 1879/1879/1879 1869/1869/1869 1872/1872/1872
f 1879/1879/1879 1872/1872/1872 1880/1880/1880
f 1880/1880/1880 1872/1872/1872 1874/1874/1874
f 1880/1880/1880 1874/1874/1874 1881/1881/1881
f 1882/1882/1882 1875/1875/1875 1876/1876/1876
f 1882/1882/1882 1876/1876/1876 1883/1883/1883
f 1883/1883/1883 1876/1876/1876 1877/1877/1877
f 1883/1883/1883 1877/1877/1877 1884/1884/1884
f 1884/1884/1884 1877/1877/1877 1878/1878/1878
f 1884/1884/1884 1878/1878/1878 1885/1885/1885
f 1886/1886/1886 1879/1879/1879 1880/1880/1880
f 1886/1886/1886 1880/1880/1880 1887/1887/1887
f 1887/1887/1887 1880/1880/1880 1881/1881/1881
f 1887/1887/1887 1881/1881/1881 1888/1888/1888
f 1889/1889/1889 1882/1882/1882 1883/1883/1883
f 1889/1889/1889 1883/1883/1883 1890/1890/1890
f 1890/1890/1890 1883/1883/1883 1884/1884/1884
f 1890/1890/1890 1884/1884/1884 1891/1891/1891
f 1891/1891/1891 1884/1884/1884 1885/1885/1885
f 1891/1891/1891 1885/1885/1885 1892/1892/1892
f 1893/1893/1893 1886/1886/1886 1887/1887/1887
f 1893/1893/1893 1887/1887/1887 1894/1894/1894
f 1894/1894/1894 1887/1887/1887 1888/1888/1888
f 1894/1894/1894 1888/1888/1888 1895/1895/1895
f 1896/1896/1896 1889/1889/1889 1890/1890/1890
f 1896/1896/1896 1890/1890/1890 1897/1897/1897
f 1897/1897/1897 1890/1890/1890 1891/1891/1891
f 1897/1897/1897 1891/1891/1891 1898/1898/1898
f 1898/1898/1898 1891/1891/1891 1892/1892/1892
f 1898/1898/1898 1892/1892/1892 1899/1899/1899
f 1900/1900/1900 1893/1893/1893 1894/1894/1894
f 1900/1900/1900 1894/1894/1894 1901/1901/1901
f 1901/1901/1901 1894/1894/1894 1895/1895/1895
f 1901/1901/1901 1895/1895/1895 1902/1902/1902
f 1903/1903/1903 1896/1896/1896 1897/1897/1897
f 1903/1903/1903 1897/1897/1897 1904/1904/1904
f 1904/1904/1904 1897/1897/1897 1898/1898/1898
f 1904/1904/1904 1898/1898/1898 1905/1905/1905
f 1905/1905/1905 1898/1898/1898 1899/1899/1899
f 1905/1905/1905 1899/1899/1899 1906/1906/1906
f 1907/1907/1907 1900/1900/1900 1901/1901/1901
f 1907/1907/1907 1901/1901/1901 1908/1908/1908
f 1908/1908/1908 1901/1901/1901 1902/1902/1902
f 1908/1908/1908 1902/1902/1902 1909/1909/1909
f 1910/1910/1910 1903/1903/1903 1904/1904/1904
f 1910/1910/1910 1904/1904/1904 1911/1911/1911
f 1911/1911/1911 1904/1904/1904 1905/1905/1905
f 1911/1911/1911 1905/1905/1905 1912/1912/1912
f 1912/1912/1912 1905/1905/1905 1906/1906/1906
f 1912/1912/1912 1906/1906/1906 1913/1913/1913
f 1914/1914/1914 1915/1915/1915 1916/1916/1916
f 1914/1914/1914 1916/1916/1916 1917/1917/1917
f 1917/1917/1917 1916/1916/1916 1918/1918/1918
f 1917/1917/1917 1918/1918/1918 1919/1919/1919
f 1920/1920/1920 1910/1910/1910 1911/1911/1911
f 1920/1920/1920 1911/1911/1911 1921/1921/1921
f 1921/1921/1921 1911/1911/1911 1912/1912/1912
f 1921/1921/1921 1912/1912/1912 1922/1922/1922
f 1922/1922/1922 1912/1912/1912 1913/1913/1913
f 1922/1922/1922 1913/1913/1913 1923/1923/1923
f 1924/1924/1924 1914/1914/1914 1917/1917/1917
f 1924/1924/1924 1917/1917/1917 1925/1925/1925
f 1925/1925/1925 1917/1917/1917 1919/1919/1919
f 1925/1925/1925 1919/1919/1919 1926/1926/1926
f 1927/1927/1927 1920/1920/1920 1921/1921/1921
f 1927/1927/1927 1921/1921/1921 1928/1928/1928
f 1928/1928/1928 1921/1921/1921 1922/1922/1922
f 1928/1928/1928 1922/1922/1922 1929/1929/1929
f 1929/1929/1929 1922/1922/1922 1923/1923/1923
f 1929/1929/1929 1923/1923/1923 1930/1930/1930
f 1931/1931/1931 1924/1924/1924 1925/1925/1925
f 1931/1931/1931 1925/1925/1925 1932/1932/1932
f 1932/1932/1932 1925/1925/1925 1926/1926/1926
f 1932/1932/1932 1926/1926/1926 1933/1933/1933
f 1934/1934/1934 1927/1927/1927 1928/1928/1928
f 1934/1934/1934 1928/1928/1928 1935/1935/1935
f 1935/1935/1935 1928/1928/1928 1929/1929/1929
f 1935/1935/1935 1929/1929/1929 1936/1936/1936
f 1936/1936/1936 1929/1929/1929 1930/1930/1930
f 1936/1936/1936 1930/1930/1930 1937/1937/1937
f 1938/1938/1938 1931/1931/1931 1932/1932/1932
f 1938/1938/1938 1932/1932/1932 1939/1939/1939
f 1939/1939/1939 1932/1932/1932 1933/1933/1933
f 1939/1939/1939 1933/1933/1933 1940/1940/1940
f 1941/1941/1941 1934/1934/1934 1935/1935/1935
f 1941/1941/1941 1935/1935/1935 1942/1942/1942
f 1942/1942/1942 1935/1935/1935 1936/1936/1936
f 1942/1942/1942 1936/1936/1936 1943/1943/1943
f 1943/1943/1943 1936/1936/1936 1937/1937/1937
f 1943/1943/1943 1937/1937/1937 1944/1944/1944
f 1945/1945/1945 1938/1938/1938 1939/1939/1939
f 1945/1945/1945 1939/1939/1939 1946/1946/1946
f 1946/1946/1946 1939/1939/1939 1940/1940/1940
f 1946/1946/1946 1940/1940/1940 1947/1947/1947
f 1948/1948/1948 1941/1941/1941 1942/1942/1942
f 1948/1948/1948 1942/1942/1942 1949/1949/1949
f 1949/1949/1949 1942/1942/1942 1943/1943/1943
f 1949/1949/1949 1943/1943/1943 1950/1950/1950
f 1950/1950/1950 1943/1943/1943 1944/1944/1944
f 1950/1950/1950 1944/1944/1944 1951/1951/1951
f 1952/1952/1952 1945/1945/1945 1946/1946/1946
f 1952/1952/1952 1946/1946/1946 1953/1953/1953
f 1953/1953/1953 1946/1946/1946 1947/1947/1947
f 1953/1953/1953 1947/1947/1947 1954/1954/1954
f 1955/1955/1955 1956/1956/1956 1957/1957/1957
f 1955/1955/1955 1957/1957/1957 1958/1958/1958
f 1958/1958/1958 1957/1957/1957 1959/1959/1959
f 1958/1958/1958 1959/1959/1959 1960/1960/1960
f 1960/1960/1960 1959/1959/1959 1961/1961/1961
f 1960/1960/1960 1961/1961/1961 1962/1962/1962
f 1963/1963/1963 1964/1964/1964 1965/1965/1965
f 1963/1963/1963 1965/1965/1965 1966/1966/1966
f 1966/1966/1966 1965/1965/1965 1967/1967/1967
f 1966/1966/1966 1967/1967/1967 1968/1968/1968
f 1969/1969/1969 1955/1955/1955 1958/1958/1958
f 1969/1969/1969 1958/1958/1958 1970/1970/1970
f 1970/1970/1970 1958/1958/1958 1960/1960/1960
f 1970/1970/1970 1960/1960/1960 1971/1971/1971
f 1971/1971/1971 1960/1960/1960 1962/1962/1962
f 1971/1971/1971 1962/1962/1962 1972/1972/1972
f 1973/1973/1973 1963/1963/1963 1966/1966/1966
f 1973/1973/1973 1966/1966/1966 1974/1974/1974
f 1974/1974/1974 1966/1966/1966 1968/1968/1968
f 1974/1974/1974 1968/1968/1968 1975/1975/1975
f 1976/1976/1976 1969/1969/1969 1970/1970/1970
f 1976/1976/1976 1970/1970/1970 1977/1977/1977
f 1977/1977/1977 1970/1970/1970 1971/1971/1971
f 1977/1977/1977 1971/1971/1971 1978/1978/1978
f 1978/1978/1978 1971/1971/1971 1972/1972/1972
f 1978/1978/1978 1972/1972/1972 1979/1979/1979
f 1980/1980/1980 1973/1973/1973 1974/1974/1974
f 1980/1980/1980 1974/1974/1974 1981/1981/1981
f 1981/1981/1981 1974/1974/1974 1975/1975/1975
f 1981/1981/1981 1975/1975/1975 1982/1982/1982
f 1983/1983/1983 1976/1976/1976 1977/1977/1977
f 1983/1983/1983 1977/1977/1977 1984/1984/1984
f 1984/1984/1984 1977/1977/1977 1978/1978/1978
f 1984/1984/1984 1978/1978/1978 1985/1985/1985
f 1985/1985/1985 1978/1978/1978 1979/1979/1979
f 1985/1985/1985 1979/1979/1979 1986/1986/1986
f 1987/1987/1987 1980/1980/1980 1981/1981/1981
f 1987/1987/1987 1981/1981/1981 1988/1988/1988
f 1988/1988/1988 1981/1981/1981 1982/1982/1982
f 1988/1988/1988 1982/1982/1982 1989/1989/1989
f 1990/1990/1990 1983/1983/1983 1984/1984/1984
f 1990/1990/1990 1984/1984/1984 1991/1991/1991
f 1991/1991/1991 1984/1984/1984 1985/1985/1985
f 1991/1991/1991 1985/1985/1985 1992/1992/1992
f 1992/1992/1992 1985/1985/1985 1986/1986/1986
f 1992/1992/1992 1986/1986/1986 1993/1993/1993
f 1994/1994/1994 1987/1987/1987 1988/1988/1988
f 1994/1994/1994 1988/1988/1988 1995/1995/1995
f 1995/1995/1995 1988/1988/1988 1989/1989/1989
f 1995/1995/1995 1989/1989/1989 1996/1996/1996
f 1997/1997/1997 1990/1990/1990 1991/1991/1991
f 1997/1997/1997 1991/1991/1991 1998/1998/1998
f 1998/1998/1998 1991/1991/1991 1992/1992/1992
f 1998/1998/1998 1992/1992/1992 1999/1999/1999
f 1999/1999/1999 1992/1992/1992 1993/1993/1993
f 1999/1999/1999 1993/1993/1993 2000/2000/2000
f 2001/2001/2001 1994/1994/1994 1995/1995/1995
f 2001/2001/2001 1995/1995/1995 2002/2002/2002
f 2002/2002/2002 1995/1995/1995 1996/1996/1996
f 2002/2002/2002 1996/1996/1996 2003/2003/2003
f 2004/2004/2004 1997/1997/1997 1998/1998/1998
f 2004/2004/2004 1998/1998/1998 2005/2005/2005
f 2005/2005/2005 1998/1998/1998 1999/1999/1999
f 2005/2005/2005 1999/1999/1999 2006/2006/2006
f 2006/2006/2006 1999/1999/1999 2000/2000/2000
f 2006/2006/2006 2000/2000/2000 2007/2007/2007
f 2008/2008/2008 2009/2009/2009 2010/2010/2010
f 2008/2008/2008 2010/2010/2010 2011/2011/2011
f 2011/2011/2011 2010/2010/2010 2012/2012/2012
f 2011/2011/2011 2012/2012/2012 2013/2013/2013
f 2014/2014/2014 2004/2004/2004 2005/2005/2005
f 2014/2014/2014 2005/2005/2005 2015/2015/2015
f 2015/2015/2015 2005/2005/2005 2006/2006/2006
f 2015/2015/2015 2006/2006/2006 2016/2016/2016
f 2016/2016/2016 2006/2006/2006 2007/2007/2007
f 2016/2016/2016 2007/2007/2007 2017/2017/2017
f 2018/2018/2018 2008/2008/2008 2011/2011/2011
f 2018/2018/2018 2011/2011/2011 2019/2019/2019
f 2019/2019/2019 2011/2011/2011 2013/2013/2013
f 2019/2019/2019 2013/2013/2013 2020/2020/2020
f 2021/2021/2021 2014/2014/2014 2015/2015/2015
f 2021/2021/2021 2015/2015/2015 2022/2022/2022
f 2022/2022/2022 2015/2015/2015 2016/2016/2016
f 2022/2022/2022 2016/2016/2016 2023/2023/2023
f 2023/2023/2023 2016/2016/2016 2017/2017/2017
f 2023/2023/2023 2017/2017/2017 2024/2024/2024
f 2025/2025/2025 2018/2018/2018 2019/2019/2019
f 2025/2025/2025 2019/2019/2019 2026/2026/2026
f 2026/2026/2026 2019/2019/2019 2020/2020/2020
f 2026/2026/2026 2020/2020/2020 2027/2027/2027
f 2028/2028/2028 2021/2021/2021 2022/2022/2022
f 2028/2028/2028 2022/2022/2022 2029/2029/2029
f 2029/2029/2029 2022/2022/2022 2023/2023/2023
f 2029/2029/2029 2023/2023/2023 2030/2030/2030
f 2030/2030/2030 2023/2023/2023 2024/2024/2024
f 2030/2030/2030 2024/2024/2024 2031/2031/2031
f 2032/2032/2032 2025/2025/2025 2026/2026/2026
f 2032/2032/2032 2026/2026/2026 2033/2033/2033
f 2033/2033/2033 2026/2026/2026 2027/2027/2027
f 2033/2033/2033 2027/2027/2027 2034/2034/2034
f 2035/2035/2035 2028/2028/2028 2029/2029/2029
f 2035/2035/2035 2029/2029/2029 2036/2036/2036
f 2036/2036/2036 2029/2029/2029 2030/2030/2030
f 2036/2036/2036 2030/2030/2030 2037/2037/2037
f 2037/2037/2037 2030/2030/2030 2031/2031/2031
f 2037/2037/2037 2031/2031/2031 2038/2038/2038
f 2039/2039/2039 2032/2032/2032 2033/2033/2033
f 2039/2039/2039 2033/2033/2033 2040/2040/2040
f 2040/2040/2040 2033/2033/2033 2034/2034/2034
f 2040/2040/2040 2034/2034/2034 2041/2041/2041
f 2042/2042/2042 2035/2035/2035 2036/2036/2036
f 2042/2042/2042 2036/2036/2036 2043/2043/2043
f 2043/2043/2043 2036/2036/2036 2037/2037/2037
f 2043/2043/2043 2037/2037/2037 2044/2044/2044
f 2044/2044/2044 2037/2037/2037 2038/2038/2038
f 2044/2044/2044 2038/2038/2038 2045/2045/2045
f 2046/2046/2046 2039/2039/2039 2040/2040/2040
f 2046/2046/2046 2040/2040/2040 2047/2047/2047
f 2047/2047/2047 2040/2040/2040 2041/2041/2041
f 2047/2047/2047 2041/2041/2041 2048/2048/2048
f 2049/2049/2049 2050/2050/2050 2051/2051/2051
f 2049/2049/2049 2051/2051/2051 2052/2052/2052
f 2052/2052/2052 2051/2051/2051 2053/2053/2053
f 2052/2052/2052 2053/2053/2053 2054/2054/2054
f 2054/2054/2054 2053/2053/2053 2055/2055/2055
f 2054/2054/2054 2055/2055/2055 2056/2056/2056
f 2057/2057/2057 2058/2058/2058 2059/2059/2059
f 2057/2057/2057 2059/2059/2059 2060/2060/2060
f 2060/2060/2060 2059/2059/2059 2061/2061/2061
f 2060/2060/2060 2061/2061/2061 2062/2062/2062
f 2050/2050/2050 2063/2063/2063 2064/2064/2064
f 2050/2050/2050 2064/2064/2064 2051/2051/2051
f 2051/2051/2051 2064/2064/2064 2065/2065/2065
f 2051/2051/2051 2065/2065/2065 2053/2053/2053
f 2053/2053/2053 2065/2065/2065 2066/2066/2066
f 2053/2053/2053 2066/2066/2066 2055/2055/2055
f 2058/2058/2058 2067/2067/2067 2068/2068/2068
f 2058/2058/2058 2068/2068/2068 2059/2059/2059
f 2059/2059/2059 2068/2068/2068 2069/2069/2069
f 2059/2059/2059 2069/2069/2069 2061/2061/2061
f 2063/2063/2063 2070/2070/2070 2071/2071/2071
f 2063/2063/2063 2071/2071/2071 2064/2064/2064
f 2064/2064/2064 2071/2071/2071 2072/2072/2072
f 2064/2064/2064 2072/2072/2072 2065/2065/2065
f 2065/2065/2065 2072/2072/2072 2073/2073/2073
f 2065/2065/2065 2073/2073/2073 2066/2066/2066
f 2067/2067/2067 2074/2074/2074 2075/2075/2075
f 2067/2067/2067 2075/2075/2075 2068/2068/2068
f 2068/2068/2068 2075/2075/2075 2076/2076/2076
f 2068/2068/2068 2076/2076/2076 2069/2069/2069
f 2070/2070/2070 2077/2077/2077 2078/2078/2078
f 2070/2070/2070 2078/2078/2078 2071/2071/2071
f 2071/2071/2071 2078/2078/2078 2079/2079/2079
f 2071/2071/2071 2079/2079/2079 2072/2072/2072
f 2072/2072/2072 2079/2079/2079 2080/2080/2080
f 2072/2072/2072 2080/2080/2080 2073/2073/2073
f 2074/2074/2074 2081/2081/2081 2082/2082/2082
f 2074/2074/2074 2082/2082/2082 2075/2075/2075
f 2075/2075/2075 2082/2082/2082 2083/2083/2083
f 2075/2075/2075 2083/2083/2083 2076/2076/2076
f 2077/2077/2077 2084/2084/2084 2085/2085/2085
f 2077/2077/2077 2085/2085/2085 2078/2078/2078
f 2078/2078/2078 2085/2085/2085 2086/2086/2086
f 2078/2078/2078 2086/2086/2086 2079/2079/2079
f 2079/2079/2079 2086/2086/2086 2087/2087/2087
f 2079/2079/2079 2087/2087/2087 2080/2080/2080
f 2081/2081/2081 2088/2088/2088 2089/2089/2089
f 2081/2081/2081 2089/2089/2089 2082/2082/2082
f 2082/2082/2082 2089/2089/2089 2090/2090/2090
f 2082/2082/2082 2090/2090/2090 2083/2083/2083
f 2084/2084/2084 2091/2091/2091 2092/2092/2092
f 2084/2084/2084 2092/2092/2092 2085/2085/2085
f 2085/2085/2085 2092/2092/2092 2093/2093/2093
f 2085/2085/2085 2093/2093/2093 2086/2086/2086
f 2086/2086/2086 2093/2093/2093 2094/2094/2094
f 2086/2086/2086 2094/2094/2094 2087/2087/2087
f 2088/2088/2088 2095/2095/2095 2096/2096/2096
f 2088/2088/2088 2096/2096/2096 2089/2089/2089
f 2089/2089/2089 2096/2096/2096 2097/2097/2097
f 2089/2089/2089 2097/2097/2097 2090/2090/2090
f 2091/2091/2091 2098/2098/2098 2099/2099/2099
f 2091/2091/2091 2099/2099/2099 2092/2092/2092
f 2092/2092/2092 2099/2099/2099 2100/2100/2100
f 2092/2092/2092 2100/2100/2100 2093/2093/2093
f 2093/2093/2093 2100/2100/2100 2101/2101/2101
f 2093/2093/2093 2101/2101/2101 2094/2094/2094
f 2102/2102/2102 2103/2103/2103 2104/2104/2104
f 2102/2102/2102 2104/2104/2104 2105/2105/2105
f 2105/2105/2105 2104/2104/2104 2106/2106/2106
f 2105/2105/2105 2106/2106/2106 2107/2107/2107
f 2098/2098/2098 2108/2108/2108 2109/2109/2109
f 2098/2098/2098 2109/2109/2109 2099/2099/2099
f 2099/2099/2099 2109/2109/2109 2110/2110/2110
f 2099/2099/2099 2110/2110/2110 2100/2100/2100
f 2100/2100/2100 2110/2110/2110 2111/2111/2111
f 2100/2100/2100 2111/2111/2111 2101/2101/2101
f 2103/2103/2103 2112/2112/2112 2113/2113/2113
f 2103/2103/2103 2113/2113/2113 2104/2104/2104
f 2104/2104/2104 2113/2113/2113 2114/2114/2114
f 2104/2104/2104 2114/2114/2114 2106/2106/2106
f 2108/2108/2108 2115/2115/2115 2116/2116/2116
f 2108/2108/2108 2116/2116/2116 2109/2109/2109
f 2109/2109/2109 2116/2116/2116 2117/2117/2117
f 2109/2109/2109 2117/2117/2117 2110/2110/2110
f 2110/2110/2110 2117/2117/2117 2118/2118/2118
f 2110/2110/2110 2118/2118/2118 2111/2111/2111
f 2112/2112/2112 2119/2119/2119 2120/2120/2120
f 2112/2112/2112 2120/2120/2120 2113/2113/2113
f 2113/2113/2113 2120/2120/2120 2121/2121/2121
f 2113/2113/2113 2121/2121/2121 2114/2114/2114
f 2115/2115/2115 2122/2122/2122 2123/2123/2123
f 2115/2115/2115 2123/2123/2123 2116/2116/2116
f 2116/2116/2116 2123/2123/2123 2124/2124/2124
f 2116/2116/2116 2124/2124/2124 2117/2117/2117
f 2117/2117/2117 2124/2124/2124 2125/2125/2125
f 2117/2117/2117 2125/2125/2125 2118/2118/2118
f 2119/2119/2119 2126/2126/2126 2127/2127/2127
f 2119/2119/2119 2127/2127/2127 2120/2120/2120
f 2120/2120/2120 2127/2127/2127 2128/2128/2128
f 2120/2120/2120 2128/2128/2128 2121/2121/2121
f 2122/2122/2122 2129/2129/2129 2130/2130/2130
f 2122/2122/2122 2130/2130/2130 2123/2123/2123
f 2123/2123/2123 2130/2130/2130 2131/2131/2131
f 2123/2123/2123 2131/2131/2131 2124/2124/2124
f 2124/2124/2124 2131/2131/2131 2132/2132/2132
f 2124/2124/2124 2132/2132/2132 2125/2125/2125
f 2126/2126/2126 2133/2133/2133 2134/2134/2134
f 2126/2126/2126 2134/2134/2134 2127/2127/2127
f 2127/2127/2127 2134/2134/2134 2135/2135/2135
f 2127/2127/2127 2135/2135/2135 2128/2128/2128
f 2129/2129/2129 2136/2136/2136 2137/2137/2137
f 2129/2129/2129 2137/2137/2137 2130/2130/2130
f 2130/2130/2130 2137/2137/2137 2138/2138/2138
f 2130/2130/2130 2138/2138/2138 2131/2131/2131
f 2131/2131/2131 2138/2138/2138 2139/2139/2139
f 2131/2131/2131 2139/2139/2139 2132/2132/2132
f 2133/2133/2133 2140/2140/2140 2141/2141/2141
f 2133/2133/2133 2141/2141/2141 2134/2134/2134
f 2134/2134/2134 2141/2141/2141 2142/2142/2142
f 2134/2134/2134 2142/2142/2142 2135/2135/2135
f 2143/2143/2143 2144/2144/2144 2145/2145/2145
f 2143/2143/2143 2145/2145/2145 2146/2146/2146
f 2146/2146/2146 2145/2145/2145 2147/2147/2147
f 2146/2146/2146 2147/2147/2147 2148/2148/2148
f 2148/2148/2148 2147/2147/2147 2149/2149/2149
f 2148/2148/2148 2149/2149/2149 2150/2150/2150
f 2151/2151/2151 2152/2152/2152 2153/2153/2153
f 2151/2151/2151 2153/2153/2153 2154/2154/2154
f 2154/2154/2154 2153/2153/2153 2155/2155/2155
f 2154/2154/2154 2155/2155/2155 2156/2156/2156
f 2144/2144/2144 2157/2157/2157 2158/2158/2158
f 2144/2144/2144 2158/2158/2158 2145/2145/2145
f 2145/2145/2145 2158/2158/2158 2159/2159/2159
f 2145/2145/2145 2159/2159/2159 2147/2147/2147
f 2147/2147/2147 2159/2159/2159 2160/2160/2160
f 2147/2147/2147 2160/2160/2160 2149/2149/2149
f 2152/2152/2152 2161/2161/2161 2162/2162/2162
f 2152/2152/2152 2162/2162/2162 2153/2153/2153
f 2153/2153/2153 2162/2162/2162 2163/2163/2163
f 2153/2153/2153 2163/2163/2163 2155/2155/2155
f 2157/2157/2157 2164/2164/2164 2165/2165/2165
f 2157/2157/2157 2165/2165/2165 2158/2158/2158
f 2158/2158/2158 2165/2165/2165 2166/2166/2166
f 2158/2158/2158 2166/2166/2166 2159/2159/2159
f 2159/2159/2159 2166/2166/2166 2167/2167/2167
f 2159/2159/2159 2167/2167/2167 2160/2160/2160
f 2161/2161/2161 2168/2168/2168 2169/2169/2169
f 2161/2161/2161 2169/2169/2169 2162/2162/2162
f 2162/2162/2162 2169/2169/2169 2170/2170/2170
f 2162/2162/2162 2170/2170/2170 2163/2163/2163
f 2164/2164/2164 2171/2171/2171 2172/2172/2172
f 2164/2164/2164 2172/2172/2172 2165/2165/2165
f 2165/2165/2165 2172/2172/2172 2173/2173/2173
f 2165/2165/2165 2173/2173/2173 2166/2166/2166
f 2166/2166/2166 2173/2173/2173 2174/2174/2174
f 2166/2166/2166 2174/2174/2174 2167/2167/2167
f 2168/2168/2168 2175/2175/2175 2176/2176/2176
f 2168/2168/2168 2176/2176/2176 2169/2169/2169
f 2169/2169/2169 2176/2176/2176 2177/2177/2177
f 2169/2169/2169 2177/2177/2177 2170/2170/2170
f 2171/2171/2171 2178/2178/2178 2179/2179/2179
f 2171/2171/2171 2179/2179/2179 2172/2172/2172
f 2172/2172/2172 2179/2179/2179 2180/2180/2180
f 2172/2172/2172 2180/2180/2180 2173/2173/2173
f 2173/2173/2173 2180/2180/2180 2181/2181/2181
f 2173/2173/2173 2181/2181/2181 2174/2174/2174
f 2175/2175/2175 2182/2182/2182 2183/2183/2183
f 2175/2175/2175 2183/2183/2183 2176/2176/2176
f 2176/2176/2176 2183/2183/2183 2184/2184/2184
f 2176/2176/2176 2184/2184/2184 2177/2177/2177
f 2178/2178/2178 2185/2185/2185 2186/2186/2186
f 2178/2178/2178 2186/2186/2186 2179/2179/2179
f 2179/2179/2179 2186/2186/2186 2187/2187/2187
f 2179/2179/2179 2187/2187/2187 2180/2180/2180
f 2180/2180/2180 2187/2187/2187 2188/2188/2188
f 2180/2180/2180 2188/2188/2188 2181/2181/2181
f 2182/2182/2182 2189/2189/2189 2190/2190/2190
f 2182/2182/2182 2190/2190/2190 2183/2183/2183
f 2183/2183/2183 2190/2190/2190 2191/2191/2191
f 2183/2183/2183 2191/2191/2191 2184/2184/2184
f 2185/2185/2185 2192/2192/2192 2193/2193/2193
f 2185/2185/2185 2193/2193/2193 2186/2186/2186
f 2186/2186/2186 2193/2193/2193 2194/2194/2194
f 2186/2186/2186 2194/2194/2194 2187/2187/2187
f 2187/2187/2187 2194/2194/2194 2195/2195/2195
f 2187/2187/2187 2195/2195/2195 2188/2188/2188
f 2196/2196/2196 2197/2197/2197 2198/2198/2198
f 2196/2196/2196 2198/2198/2198 2199/2199/2199
f 2199/2199/2199 2198/2198/2198 2200/2200/2200
f 2199/2199/2199 2200/2200/2200 2201/2201/2201
f 2192/2192/2192 2202/2202/2202 2203/2203/2203
f 2192/2192/2192 2203/2203/2203 2193/2193/2193
f 2193/2193/2193 2203/2203/2203 2204/2204/2204
f 2193/2193/2193 2204/2204/2204 2194/2194/2194
f 2194/2194/2194 2204/2204/2204 2205/2205/2205
f 2194/2194/2194 2205/2205/2205 2195/2195/2195
f 2197/2197/2197 2206/2206/2206 2207/2207/2207
f 2197/2197/2197 2207/2207/2207 2198/2198/2198
f 2198/2198/2198 2207/2207/2207 2208/2208/2208
f 2198/2198/2198 2208/2208/2208 2200/2200/2200
f 2202/2202/2202 2209/2209/2209 2210/2210/2210
f 2202/2202/2202 2210/2210/2210 2203/2203/2203
f 2203/2203/2203 2210/2210/2210 2211/2211/2211
f 2203/2203/2203 2211/2211/2211 2204/2204/2204
f 2204/2204/2204 2211/2211/2211 2212/2212/2212
f 2204/2204/2204 2212/2212/2212 2205/2205/2205
f 2206/2206/2206 2213/2213/2213 2214/2214/2214
f 2206/2206/2206 2214/2214/2214 2207/2207/2207
f 2207/2207/2207 2214/2214/2214 2215/2215/2215
f 2207/2207/2207 2215/2215/2215 2208/2208/2208
f 2209/2209/2209 2216/2216/2216 2217/2217/2217
f 2209/2209/2209 2217/2217/2217 2210/2210/2210
f 2210/2210/2210 2217/2217/2217 2218/2218/2218
f 2210/2210/2210 2218/2218/2218 2211/2211/2211
f 2211/2211/2211 2218/2218/2218 2219/2219/2219
f 2211/2211/2211 2219/2219/2219 2212/2212/2212
f 2213/2213/2213 2220/2220/2220 2221/2221/2221
f 2213/2213/2213 2221/2221/2221 2214/2214/2214
f 2214/2214/2214 2221/2221/2221 2222/2222/2222
f 2214/2214/2214 2222/2222/2222 2215/2215/2215
f 2216/2216/2216 2223/2223/2223 2224/2224/2224
f 2216/2216/2216 2224/2224/2224 2217/2217/2217
f 2217/2217/2217 2224/2224/2224 2225/2225/2225
f 2217/2217/2217 2225/2225/2225 2218/2218/2218
f 2218/2218/2218 2225/2225/2225 2226/2226/2226
f 2218/2218/2218 2226/2226/2226 2219/2219/2219
f 2220/2220/2220 2227/2227/2227 2228/2228/2228
f 2220/2220/2220 2228/2228/2228 2221/2221/2221
f 2221/2221/2221 2228/2228/2228 2229/2229/2229
f 2221/2221/2221 2229/2229/2229 2222/2222/2222
f 2223/2223/2223 2230/2230/2230 2231/2231/2231
f 2223/2223/2223 2231/2231/2231 2224/2224/2224
f 2224/2224/2224 2231/2231/2231 2232/2232/2232
f 2224/2224/2224 2232/2232/2232 2225/2225/2225
f 2225/2225/2225 2232/2232/2232 2233/2233/2233
f 2225/2225/2225 2233/2233/2233 2226/2226/2226
f 2227/2227/2227 2234/2234/2234 2235/2235/2235
f 2227/2227/2227 2235/2235/2235 2228/2228/2228
f 2228/2228/2228 2235/2235/2235 2236/2236/2236
f 2228/2228/2228 2236/2236/2236 2229/2229/2229
f 1956/1956/1956 1948/1948/1948 1949/1949/1949
f 1956/1956/1956 1949/1949/1949 1957/1957/1957
f 1957/1957/1957 1949/1949/1949 1950/1950/1950
f 1957/1957/1957 1950/1950/1950 1959/1959/1959
f 1959/1959/1959 1950/1950/1950 1951/1951/1951
f 1959/1959/1959 1951/1951/1951 1961/1961/1961
f 1964/1964/1964 1952/1952/1952 1953/1953/1953
f 1964/1964/1964 1953/1953/1953 1965/1965/1965
f 1965/1965/1965 1953/1953/1953 1954/1954/1954
f 1965/1965/1965 1954/1954/1954 1967/1967/1967
f 1846/1846/1846 1873/1873/1873 1871/1871/1871
f 1846/1846/1846 1871/1871/1871 1844/1844/1844
f 1844/1844/1844 1871/1871/1871 1870/1870/1870
f 1844/1844/1844 1870/1870/1870 1841/1841/1841
f 1840/1840/1840 1867/1867/1867 1865/1865/1865
f 1840/1840/1840 1865/1865/1865 1838/1838/1838
f 1838/1838/1838 1865/1865/1865 1863/1863/1863
f 1838/1838/1838 1863/1863/1863 1836/1836/1836
f 1836/1836/1836 1863/1863/1863 1862/1862/1862
f 1836/1836/1836 1862/1862/1862 1833/1833/1833
f 2048/2048/2048 1859/1859/1859 1857/1857/1857
f 2048/2048/2048 1857/1857/1857 2047/2047/2047
f 2047/2047/2047 1857/1857/1857 1856/1856/1856
f 2047/2047/2047 1856/1856/1856 2046/2046/2046
f 2045/2045/2045 1853/1853/1853 1851/1851/1851
f 2045/2045/2045 1851/1851/1851 2044/2044/2044
f 2044/2044/2044 1851/1851/1851 1849/1849/1849
f 2044/2044/2044 1849/1849/1849 2043/2043/2043
f 2043/2043/2043 1849/1849/1849 1848/1848/1848
f 2043/2043/2043 1848/1848/1848 2042/2042/2042
f 2237/2237/2237 2049/2049/2049 2052/2052/2052
f 2237/2237/2237 2052/2052/2052 2238/2238/2238
f 2238/2238/2238 2052/2052/2052 2054/2054/2054
f 2238/2238/2238 2054/2054/2054 2239/2239/2239
f 2239/2239/2239 2054/2054/2054 2056/2056/2056
f 2239/2239/2239 2056/2056/2056 2240/2240/2240
f 2241/2241/2241 2057/2057/2057 2060/2060/2060
f 2241/2241/2241 2060/2060/2060 2242/2242/2242
f 2242/2242/2242 2060/2060/2060 2062/2062/2062
f 2242/2242/2242 2062/2062/2062 2243/2243/2243
f 2156/2156/2156 2142/2142/2142 2141/2141/2141
f 2156/2156/2156 2141/2141/2141 2154/2154/2154
f 2154/2154/2154 2141/2141/2141 2140/2140/2140
f 2154/2154/2154 2140/2140/2140 2151/2151/2151
f 2150/2150/2150 2139/2139/2139 2138/2138/2138
f 2150/2150/2150 2138/2138/2138 2148/2148/2148
f 2148/2148/2148 2138/2138/2138 2137/2137/2137
f 2148/2148/2148 2137/2137/2137 2146/2146/2146
f 2146/2146/2146 2137/2137/2137 2136/2136/2136
f 2146/2146/2146 2136/2136/2136 2143/2143/2143
f 2244/2244/2244 2236/2236/2236 2235/2235/2235
f 2244/2244/2244 2235/2235/2235 2245/2245/2245
f 2245/2245/2245 2235/2235/2235 2234/2234/2234
f 2245/2245/2245 2234/2234/2234 2246/2246/2246
f 2247/2247/2247 2233/2233/2233 2232/2232/2232
f 2247/2247/2247 2232/2232/2232 2248/2248/2248
f 2248/2248/2248 2232/2232/2232 2231/2231/2231
f 2248/2248/2248 2231/2231/2231 2249/2249/2249
f 2249/2249/2249 2231/2231/2231 2230/2230/2230
f 2249/2249/2249 2230/2230/2230 2250/2250/2250
f 2230/2230/2230 2237/2237/2237 2250/2250/2250
f 2237/2237/2237 2230/2230/2230 2049/2049/2049
f 2049/2049/2049 2230/2230/2230 2223/2223/2223
f 2049/2049/2049 2223/2223/2223 2050/2050/2050
f 2050/2050/2050 2223/2223/2223 2216/2216/2216
f 2050/2050/2050 2216/2216/2216 2063/2063/2063
f 2063/2063/2063 2216/2216/2216 2209/2209/2209
f 2063/2063/2063 2209/2209/2209 2070/2070/2070
f 2070/2070/2070 2209/2209/2209 2202/2202/2202
f 2070/2070/2070 2202/2202/2202 2077/2077/2077
f 2077/2077/2077 2202/2202/2202 2192/2192/2192
f 2077/2077/2077 2192/2192/2192 2084/2084/2084
f 2084/2084/2084 2192/2192/2192 2185/2185/2185
f 2084/2084/2084 2185/2185/2185 2091/2091/2091
f 2091/2091/2091 2185/2185/2185 2178/2178/2178
f 2091/2091/2091 2178/2178/2178 2098/2098/2098
f 2098/2098/2098 2178/2178/2178 2171/2171/2171
f 2098/2098/2098 2171/2171/2171 2108/2108/2108
f 2108/2108/2108 2171/2171/2171 2164/2164/2164
f 2108/2108/2108 2164/2164/2164 2115/2115/2115
f 2115/2115/2115 2164/2164/2164 2157/2157/2157
f 2115/2115/2115 2157/2157/2157 2122/2122/2122
f 2122/2122/2122 2157/2157/2157 2144/2144/2144
f 2122/2122/2122 2144/2144/2144 2129/2129/2129
f 2129/2129/2129 2144/2144/2144 2143/2143/2143
f 2129/2129/2129 2143/2143/2143 2136/2136/2136
f 1847/1847/1847 1586/1586/1586 1848/1848/1848
f 1586/1586/1586 1847/1847/1847 1826/1826/1826
f 1826/1826/1826 1847/1847/1847 1819/1819/1819
f 1819/1819/1819 1847/1847/1847 1812/1812/1812
f 1812/1812/1812 1847/1847/1847 1805/1805/1805
f 1805/1805/1805 1847/1847/1847 1798/1798/1798
f 1798/1798/1798 1847/1847/1847 1791/1791/1791
f 1791/1791/1791 1847/1847/1847 1784/1784/1784
f 1784/1784/1784 1847/1847/1847 1774/1774/1774
f 1774/1774/1774 1847/1847/1847 1767/1767/1767
f 1767/1767/1767 1847/1847/1847 1760/1760/1760
f 1760/1760/1760 1847/1847/1847 1753/1753/1753
f 1753/1753/1753 1847/1847/1847 1746/1746/1746
f 1746/1746/1746 1847/1847/1847 1739/1739/1739
f 1739/1739/1739 1847/1847/1847 1732/1732/1732
f 1732/1732/1732 1847/1847/1847 1725/1725/1725
f 1725/1725/1725 1847/1847/1847 1717/1717/1717
f 1717/1717/1717 1847/1847/1847 1709/1709/1709
f 1477/1477/1477 1833/1833/1833 1470/1470/1470
f 1833/1833/1833 1477/1477/1477 1834/1834/1834
f 1834/1834/1834 1477/1477/1477 1484/1484/1484
f 1834/1834/1834 1484/1484/1484 1491/1491/1491
f 1834/1834/1834 1491/1491/1491 1498/1498/1498
f 1834/1834/1834 1498/1498/1498 1505/1505/1505
f 1834/1834/1834 1505/1505/1505 1512/1512/1512
f 1834/1834/1834 1512/1512/1512 1519/1519/1519
f 1834/1834/1834 1519/1519/1519 1526/1526/1526
f 1834/1834/1834 1526/1526/1526 1533/1533/1533
f 1834/1834/1834 1533/1533/1533 1543/1543/1543
f 1834/1834/1834 1543/1543/1543 1550/1550/1550
f 1834/1834/1834 1550/1550/1550 1557/1557/1557
f 1834/1834/1834 1557/1557/1557 1564/1564/1564
f 1834/1834/1834 1564/1564/1564 1571/1571/1571
f 1834/1834/1834 1571/1571/1571 1578/1578/1578
f 1834/1834/1834 1578/1578/1578 1709/1709/1709
f 1834/1834/1834 1709/1709/1709 1847/1847/1847
f 949/949/949 580/580/580 950/950/950
f 580/580/580 949/949/949 587/587/587
f 587/587/587 949/949/949 594/594/594
f 594/594/594 949/949/949 601/601/601
f 601/601/601 949/949/949 608/608/608
f 608/608/608 949/949/949 615/615/615
f 615/615/615 949/949/949 622/622/622
f 622/622/622 949/949/949 629/629/629
f 629/629/629 949/949/949 636/636/636
f 636/636/636 949/949/949 646/646/646
f 646/646/646 949/949/949 653/653/653
f 653/653/653 949/949/949 660/660/660
f 660/660/660 949/949/949 667/667/667
f 667/667/667 949/949/949 674/674/674
f 674/674/674 949/949/949 681/681/681
f 681/681/681 949/949/949 688/688/688
f 688/688/688 949/949/949 820/820/820
f 820/820/820 949/949/949 828/828/828
f 936/936/936 963/963/963 701/701/701
f 963/963/963 936/936/936 964/964/964
f 964/964/964 936/936/936 929/929/929
f 964/964/964 929/929/929 922/922/922
f 964/964/964 922/922/922 915/915/915
f 964/964/964 915/915/915 908/908/908
f 964/964/964 908/908/908 901/901/901
f 964/964/964 901/901/901 894/894/894
f 964/964/964 894/894/894 887/887/887
f 964/964/964 887/887/887 877/877/877
f 964/964/964 877/877/877 870/870/870
f 964/964/964 870/870/870 863/863/863
f 964/964/964 863/863/863 856/856/856
f 964/964/964 856/856/856 849/849/849
f 964/964/964 849/849/849 842/842/842
f 964/964/964 842/842/842 835/835/835
f 964/964/964 835/835/835 828/828/828
f 964/964/964 828/828/828 949/949/949
f 1154/1154/1154 1348/1348/1348 1341/1341/1341
f 1348/1348/1348 1154/1154/1154 1334/1334/1334
f 1334/1334/1334 1154/1154/1154 1153/1153/1153
f 1334/1334/1334 1153/1153/1153 1327/1327/1327
f 1327/1327/1327 1153/1153/1153 1167/1167/1167
f 1327/1327/1327 1167/1167/1167 1320/1320/1320
f 1320/1320/1320 1167/1167/1167 1174/1174/1174
f 1320/1320/1320 1174/1174/1174 1313/1313/1313
f 1313/1313/1313 1174/1174/1174 1181/1181/1181
f 1313/1313/1313 1181/1181/1181 1306/1306/1306
f 1306/1306/1306 1181/1181/1181 1188/1188/1188
f 1306/1306/1306 1188/1188/1188 1296/1296/1296
f 1296/1296/1296 1188/1188/1188 1195/1195/1195
f 1296/1296/1296 1195/1195/1195 1289/1289/1289
f 1289/1289/1289 1195/1195/1195 1202/1202/1202
f 1289/1289/1289 1202/1202/1202 1282/1282/1282
f 1282/1282/1282 1202/1202/1202 1212/1212/1212
f 1282/1282/1282 1212/1212/1212 1275/1275/1275
f 1275/1275/1275 1212/1212/1212 1219/1219/1219
f 1275/1275/1275 1219/1219/1219 1268/1268/1268
f 1268/1268/1268 1219/1219/1219 1226/1226/1226
f 1268/1268/1268 1226/1226/1226 1261/1261/1261
f 1261/1261/1261 1226/1226/1226 1233/1233/1233
f 1261/1261/1261 1233/1233/1233 1247/1247/1247
f 1247/1247/1247 1233/1233/1233 1240/1240/1240
f 1247/1247/1247 1240/1240/1240 1248/1248/1248
f 1955/1955/1955 1948/1948/1948 1956/1956/1956
f 1948/1948/1948 1955/1955/1955 1941/1941/1941
f 1941/1941/1941 1955/1955/1955 1969/1969/1969
f 1941/1941/1941 1969/1969/1969 1934/1934/1934
f 1934/1934/1934 1969/1969/1969 1976/1976/1976
f 1934/1934/1934 1976/1976/1976 1927/1927/1927
f 1927/1927/1927 1976/1976/1976 1983/1983/1983
f 1927/1927/1927 1983/1983/1983 1920/1920/1920
f 1920/1920/1920 1983/1983/1983 1990/1990/1990
f 1920/1920/1920 1990/1990/1990 1910/1910/1910
f 1910/1910/1910 1990/1990/1990 1997/1997/1997
f 1910/1910/1910 1997/1997/1997 1903/1903/1903
f 1903/1903/1903 1997/1997/1997 2004/2004/2004
f 1903/1903/1903 2004/2004/2004 1896/1896/1896
f 1896/1896/1896 2004/2004/2004 2014/2014/2014
f 1896/1896/1896 2014/2014/2014 1889/1889/1889
f 1889/1889/1889 2014/2014/2014 2021/2021/2021
f 1889/1889/1889 2021/2021/2021 1882/1882/1882
f 1882/1882/1882 2021/2021/2021 2028/2028/2028
f 1882/1882/1882 2028/2028/2028 1875/1875/1875
f 1875/1875/1875 2028/2028/2028 2035/2035/2035
f 1875/1875/1875 2035/2035/2035 1861/1861/1861
f 1861/1861/1861 2035/2035/2035 2042/2042/2042
f 1861/1861/1861 2042/2042/2042 1862/1862/1862
f 1862/1862/1862 2042/2042/2042 1700/1700/1700
f 1700/1700/1700 2042/2042/2042 1693/1693/1693
f 1693/1693/1693 2042/2042/2042 1686/1686/1686
f 1686/1686/1686 2042/2042/2042 1848/1848/1848
f 1686/1686/1686 1848/1848/1848 1679/1679/1679
f 1679/1679/1679 1848/1848/1848 1672/1672/1672
f 1672/1672/1672 1848/1848/1848 1665/1665/1665
f 1665/1665/1665 1848/1848/1848 1658/1658/1658
f 1658/1658/1658 1848/1848/1848 1651/1651/1651
f 1651/1651/1651 1848/1848/1848 1641/1641/1641
f 1641/1641/1641 1848/1848/1848 1634/1634/1634
f 1634/1634/1634 1848/1848/1848 1627/1627/1627
f 1627/1627/1627 1848/1848/1848 1620/1620/1620
f 1620/1620/1620 1848/1848/1848 1613/1613/1613
f 1613/1613/1613 1848/1848/1848 1606/1606/1606
f 1606/1606/1606 1848/1848/1848 1599/1599/1599
f 1599/1599/1599 1848/1848/1848 1585/1585/1585
f 1585/1585/1585 1848/1848/1848 1586/1586/1586
f 1862/1862/1862 1369/1369/1369 1833/1833/1833
f 1369/1369/1369 1862/1862/1862 1355/1355/1355
f 1355/1355/1355 1862/1862/1862 1356/1356/1356
f 1356/1356/1356 1862/1862/1862 1700/1700/1700
f 1833/1833/1833 1369/1369/1369 1376/1376/1376
f 1833/1833/1833 1376/1376/1376 1383/1383/1383
f 1833/1833/1833 1383/1383/1383 1390/1390/1390
f 1833/1833/1833 1390/1390/1390 1397/1397/1397
f 1833/1833/1833 1397/1397/1397 1404/1404/1404
f 1833/1833/1833 1404/1404/1404 1411/1411/1411
f 1833/1833/1833 1411/1411/1411 1418/1418/1418
f 1833/1833/1833 1418/1418/1418 1428/1428/1428
f 1833/1833/1833 1428/1428/1428 1435/1435/1435
f 1833/1833/1833 1435/1435/1435 1442/1442/1442
f 1833/1833/1833 1442/1442/1442 1449/1449/1449
f 1833/1833/1833 1449/1449/1449 1456/1456/1456
f 1833/1833/1833 1456/1456/1456 1463/1463/1463
f 1833/1833/1833 1463/1463/1463 1470/1470/1470
f 1045/1045/1045 1059/1059/1059 1052/1052/1052
f 1059/1059/1059 1045/1045/1045 1060/1060/1060
f 1060/1060/1060 1045/1045/1045 1038/1038/1038
f 1060/1060/1060 1038/1038/1038 1073/1073/1073
f 1073/1073/1073 1038/1038/1038 1031/1031/1031
f 1073/1073/1073 1031/1031/1031 1080/1080/1080
f 1080/1080/1080 1031/1031/1031 1024/1024/1024
f 1080/1080/1080 1024/1024/1024 1087/1087/1087
f 1087/1087/1087 1024/1024/1024 1014/1014/1014
f 1087/1087/1087 1014/1014/1014 1094/1094/1094
f 1094/1094/1094 1014/1014/1014 1007/1007/1007
f 1094/1094/1094 1007/1007/1007 1101/1101/1101
f 1101/1101/1101 1007/1007/1007 1000/1000/1000
f 1101/1101/1101 1000/1000/1000 1108/1108/1108
f 1108/1108/1108 1000/1000/1000 993/993/993
f 1108/1108/1108 993/993/993 1118/1118/1118
f 1118/1118/1118 993/993/993 986/986/986
f 1118/1118/1118 986/986/986 1125/1125/1125
f 1125/1125/1125 986/986/986 979/979/979
f 1125/1125/1125 979/979/979 1132/1132/1132
f 1132/1132/1132 979/979/979 966/966/966
f 1132/1132/1132 966/966/966 1139/1139/1139
f 1139/1139/1139 966/966/966 965/965/965
f 1139/1139/1139 965/965/965 1146/1146/1146
f 1146/1146/1146 965/965/965 471/471/471
f 471/471/471 965/965/965 472/472/472
f 472/472/472 965/965/965 479/479/479
f 479/479/479 965/965/965 950/950/950
f 479/479/479 950/950/950 486/486/486
f 486/486/486 950/950/950 493/493/493
f 493/493/493 950/950/950 500/500/500
f 500/500/500 950/950/950 507/507/507
f 507/507/507 950/950/950 514/514/514
f 514/514/514 950/950/950 521/521/521
f 521/521/521 950/950/950 531/531/531
f 531/531/531 950/950/950 538/538/538
f 538/538/538 950/950/950 545/545/545
f 545/545/545 950/950/950 552/552/552
f 552/552/552 950/950/950 559/559/559
f 559/559/559 950/950/950 566/566/566
f 566/566/566 950/950/950 573/573/573
f 573/573/573 950/950/950 580/580/580
f 1146/1146/1146 796/796/796 963/963/963
f 796/796/796 1146/1146/1146 803/803/803
f 803/803/803 1146/1146/1146 811/811/811
f 811/811/811 1146/1146/1146 471/471/471
f 963/963/963 796/796/796 789/789/789
f 963/963/963 789/789/789 782/782/782
f 963/963/963 782/782/782 775/775/775
f 963/963/963 775/775/775 768/768/768
f 963/963/963 768/768/768 761/761/761
f 963/963/963 761/761/761 754/754/754
f 963/963/963 754/754/754 744/744/744
f 963/963/963 744/744/744 737/737/737
f 963/963/963 737/737/737 730/730/730
f 963/963/963 730/730/730 723/723/723
f 963/963/963 723/723/723 716/716/716
f 963/963/963 716/716/716 709/709/709
f 963/963/963 709/709/709 702/702/702
f 963/963/963 702/702/702 701/701/701
o Circle001_Material003_0
usemtl Material.003
v -0.14181454870489738 0.028076841150409634 -0.12291872318061808
v -0.14283876266764275 0.03342808873136469 -0.12092997343720283
v 0.13768239805516833 0.08060331184812045 -0.10339765638437981
v 0.1387066120179137 0.0752520642671654 -0.10538640612779507
v 0.13870660348858213 -0.011838569739009238 0.12895355412124698
v 0.13768238952583675 -0.006487322158054183 0.13094230386466224
v -0.14283877119697433 -0.053662545274809945 0.11340998681183925
v -0.14181455723422895 -0.059013792855765 0.111421237068424
v 0.139730817533558 -0.017189817749596895 0.1269648042181621
v 0.13870660348858213 -0.011838569739009238 0.12895355412124698
v -0.14181455723422895 -0.059013792855765 0.111421237068424
v -0.14079034318925307 -0.06436504086635265 0.1094324871653391
v -0.1407903346599215 0.022725593139821983 -0.12490747308370298
v 0.13973082606288958 0.06990081625657774 -0.10737515603087996
vt 0.6196444034576416 0.7893955409526825
vt 0.6768896579742432 0.7893955409526825
vt 0.6768893599510193 0.20764732360839844
vt 0.6196441054344177 0.20764732360839844
vt 0.7689430713653564 0.7894904315471649
vt 0.826188325881958 0.7894904315471649
vt 0.8261879682540894 0.2080112099647522
vt 0.7689427137374878 0.2080112099647522
vt 0.7515386343002319 0.2073569893836975
vt 0.6942934393882751 0.2073569893836975
vt 0.6942934393882751 0.7888362109661102
vt 0.7515386343002319 0.7888362109661102
vt 0.56239914894104 0.7893955409526825
vt 0.5623988509178162 0.20764732360839844
vn 3.4088600525444666e-8 0.34836254856022847 -0.9373598747336167
vn -0.013853888618430026 0.41967191642794405 -0.9075701363155605
vn -0.013854043737243277 0.4196727028011315 -0.9075697703183594
vn 3.4088600525444666e-8 0.34836254856022847 -0.9373598747336167
vn -3.4088600525444666e-8 -0.34836254856022847 0.9373598747336167
vn -0.013854111704309864 -0.2749049050658487 0.9613716018063052
vn -0.01385395658550133 -0.274905739602338 0.9613713654049713
vn -3.4088600525444666e-8 -0.34836254856022847 0.9373598747336167
vn 0.013854076765843389 -0.4196728702392365 0.907569692388484
vn -3.4088600525444666e-8 -0.34836254856022847 0.9373598747336167
vn -3.4088600525444666e-8 -0.34836254856022847 0.9373598747336167
vn 0.013853920000586757 -0.41967207551947844 0.9075700622705611
vn 0.013853987967657107 0.27490557076690814 -0.96137141323149
vn 0.013854144732908974 0.2749047273725256 -0.9613716521418535
f 2251/2251/2251 2252/2252/2252 2253/2253/2253
f 2251/2251/2251 2253/2253/2253 2254/2254/2254
f 2255/2255/2255 2256/2256/2256 2257/2257/2257
f 2255/2255/2255 2257/2257/2257 2258/2258/2258
f 2259/2259/2259 2260/2260/2260 2261/2261/2261
f 2259/2259/2259 2261/2261/2261 2262/2262/2262
f 2263/2263/2263 2251/2251/2251 2254/2254/2254
f 2263/2263/2263 2254/2254/2254 2264/2264/2264
o Circle001_Material004_0
usemtl Material.004
v -0.14026057719022667 -0.06608784069713888 0.10559174516238526
v -0.14026056886559896 0.0189126190480327 -0.12312405861074582
v 0.14026059185721212 0.06608784216478845 -0.10559174155792281
v 0.14026058353258442 -0.018912617580383144 0.12312406221520827
v -0.14336853707352737 -0.049849570753388056 0.11162657249855171
v 0.1371526236492837 -0.0026743476366323047 0.12915888955137472
v 0.13715263197391142 0.0823261121085393 -0.09955691422175636
v -0.14336852874889966 0.03515088899178354 -0.11708923127457938
v -0.14283877119697433 -0.053662545274809945 0.11340998681183925
v 0.13768238952583675 -0.006487322158054183 0.13094230386466224
v 0.137518682441788 -0.0055808488484001394 0.13112255503112233
v -0.14300247828102308 -0.05275607196515591 0.11359023797829934
v 0.1373710004449822 -0.004660804712820547 0.13100988525640087
v -0.14315016027782887 -0.0518360278295763 0.11347756820357785
v -0.14315016027782887 -0.0518360278295763 0.11347756820357785
v 0.1373710004449822 -0.004660804712820547 0.13100988525640087
v 0.1372537996539782 -0.003817253979711048 0.13061533431985556
v -0.1432673610688329 -0.05099247709646681 0.11308301726703254
v 0.13717855187763112 -0.003132769216553059 0.12997753340505355
v -0.14334260884517996 -0.05030799233330883 0.11244521635223054
v 0.13768239805516833 0.08060331184812045 -0.10339765638437981
v -0.14283876266764275 0.03342808873136469 -0.12092997343720283
v -0.14300246976170983 0.03423226807080785 -0.12047447378752191
v 0.13751869096110125 0.0814074911875636 -0.10294215673469892
v -0.1431501517875918 0.034855422982888434 -0.11978828603149913
v 0.13737100893521928 0.0820306460996442 -0.10225596897867614
v 0.13737100893521928 0.0820306460996442 -0.10225596897867614
v -0.1431501517875918 0.034855422982888434 -0.11978828603149913
v -0.14326735262388304 0.035236558874508724 -0.1189385897902657
v 0.13725380809892804 0.08241178199126449 -0.10140627273744268
v -0.14334260045729458 0.03533837394415756 -0.11800856662876602
v 0.1371785602655165 0.08251359706091331 -0.100476249575943
v 0.14023465491205736 -0.019100100814226764 0.12404339820807345
v -0.14028650581075372 -0.06627532393098252 0.10651108115525043
v 0.14015940724310683 -0.01899828660384313 0.12497342105023387
v -0.14036175347970425 -0.06617350972059888 0.10744110399741086
v 0.1400422061601241 -0.018617149423325048 0.1258231177704762
v -0.14047895456268697 -0.0657923725400808 0.10829080071765318
v -0.14047895456268697 -0.0657923725400808 0.10829080071765318
v 0.1400422061601241 -0.018617149423325048 0.1258231177704762
v 0.13989452421647264 -0.017993994940877056 0.12650930536682936
v -0.14062663650633844 -0.06516921805763282 0.10897698831400635
v 0.139730817533558 -0.017189817749596895 0.1269648042181621
v -0.14079034318925307 -0.06436504086635265 0.1094324871653391
v -0.14028649742286833 0.01937104234648385 -0.12394270182574613
v 0.14023466329994275 0.0665462654632396 -0.10641038477292311
v -0.1403617450347544 0.02005552625037664 -0.12458050305988741
v 0.14015941568805668 0.0672307493671324 -0.10704818600706437
v -0.1404789460724499 0.020899078272383936 -0.1249750535174238
v 0.14004221465036118 0.0680743013891397 -0.10744273646460081
v 0.14004221465036118 0.0680743013891397 -0.10744273646460081
v -0.1404789460724499 0.020899078272383936 -0.1249750535174238
v -0.1406266279870252 0.021819121978330927 -0.12508772345181493
v 0.1398945327357859 0.06899434509508669 -0.10755540639899192
v -0.1407903346599215 0.022725593139821983 -0.12490747308370298
v 0.13973082606288958 0.06990081625657774 -0.10737515603087996
vt 0.46268925070762634 0.9092207923531532
vt 0.9119715690612793 0.9092207923531532
vt 0.9119715690612793 0.32687121629714966
vt 0.46268925070762634 0.32687121629714966
vt 0.4537513256072998 0.9092207923531532
vt 0.45375126600265503 0.32687121629714966
vt 0.004468991886824369 0.32687121629714966
vt 0.00446901423856616 0.9092207923531532
vt 0.9688999056816101 0.3330112099647522
vt 0.9688999652862549 0.9144904315471649
vt 0.9706069231033325 0.9144740179181099
vt 0.9706069231033325 0.3329947590827942
vt 0.9721468687057495 0.9144264534115791
vt 0.9721468091011047 0.33294713497161865
vt 0.45822030305862427 0.9092207923531532
vt 0.4582202434539795 0.32687121629714966
vt 0.45699816942214966 0.32687121629714966
vt 0.45699822902679443 0.9092207923531532
vt 0.45545828342437744 0.32687121629714966
vt 0.4554583430290222 0.9092207923531532
vt 0.9410467743873596 0.33264732360839844
vt 0.9410468339920044 0.9143955484032631
vt 0.942753791809082 0.9143819138407707
vt 0.942753791809082 0.3326336145401001
vt 0.944293737411499 0.9143423587083817
vt 0.9442936778068542 0.332594096660614
vt 0 0.32687121629714966
vt 2.9802318834981634e-8 0.9092207923531532
vt 0.0012221111683174968 0.9092207923531532
vt 0.001222081365995109 0.32687121629714966
vt 0.0027619970496743917 0.9092207923531532
vt 0.002761974697932601 0.32687121629714966
vt 0.46098223328590393 0.32687121629714966
vt 0.46098223328590393 0.9092207923531532
vt 0.4594423472881317 0.32687121629714966
vt 0.4594423472881317 0.9092207923531532
vt 0.4582202732563019 0.32687121629714966
vt 0.4582202732563019 0.9092207923531532
vt 0.9582202434539795 0.9139001965522766
vt 0.9582202434539795 0.3324209451675415
vt 0.9566803574562073 0.33237338066101074
vt 0.9566802978515625 0.9138526320457458
vt 0.9549733400344849 0.3323569893836975
vt 0.9549733400344849 0.9138362184166908
vt 0.9136785268783569 0.9092207923531532
vt 0.9136785268783569 0.32687121629714966
vt 0.9152184724807739 0.9092207923531532
vt 0.9152184724807739 0.32687121629714966
vt 0.916440486907959 0.9092207923531532
vt 0.916440486907959 0.32687121629714966
vt 0.9164405465126038 0.332594096660614
vt 0.9164406061172485 0.9143423587083817
vt 0.9179804921150208 0.9143819138407707
vt 0.9179804921150208 0.3326336145401001
vt 0.9196875095367432 0.9143955484032631
vt 0.9196874499320984 0.33264732360839844
vn 0.1760442983060265 -0.9471168266749374 -0.26828738632879384
vn 0.1760443036551569 -0.8924530333674338 -0.41537451340186604
vn 0.17604427881018386 -0.8924529215690521 -0.4153747641360333
vn 0.1760442734610348 -0.9471169057614769 -0.26828712343752525
vn -0.17604428955117515 0.8924534451974672 0.415373634540751
vn -0.17604430600991325 0.8924533295877748 0.4153738759589758
vn -0.17604430066083065 0.9471166346961982 0.2682880625122692
vn -0.1760442842021107 0.9471165645799897 0.26828832083779675
vn -0.01385395658550133 -0.274905739602338 0.9613713654049713
vn -0.013854111704309864 -0.2749049050658487 0.9613716018063052
vn -0.0545680673497681 -0.04620944273405361 0.9974402305040234
vn -0.05456784267394158 -0.04621076061599236 0.9974401817398392
vn -0.10379672054730811 0.2604798079158518 0.9598835921463317
vn -0.10379676812402185 0.2604801246827348 0.959883501041806
vn -0.10379676812402185 0.2604801246827348 0.959883501041806
vn -0.10379672054730811 0.2604798079158518 0.9598835921463317
vn -0.14286326300424462 0.5416604516836449 0.8283683016422404
vn -0.14286336443608386 0.5416612570503372 0.828367757528413
vn -0.16794570453918806 0.7698214703992989 0.6157671183484037
vn -0.1679457323015093 0.7698217840072056 0.6157667187090199
vn -0.013854043737243277 0.4196727028011315 -0.9075697703183594
vn -0.013853888618430026 0.41967191642794405 -0.9075701363155605
vn -0.05456777307312936 0.6164155461368884 -0.7855279960781798
vn -0.054568007269427135 0.6164166196383651 -0.7855271374155415
vn -0.10379671797259499 0.8241410321107949 -0.5567924214008944
vn -0.1037966635068693 0.8241408256067847 -0.5567927372128781
vn -0.1037966635068693 0.8241408256067847 -0.5567927372128781
vn -0.10379671797259499 0.8241410321107949 -0.5567924214008944
vn -0.1428633193570839 0.9511852527356198 -0.27356294880804066
vn -0.14286322656683137 0.9511850198790076 -0.2735638069129144
vn -0.16794570968658998 0.9851223405685139 0.03644465270352306
vn -0.16794568347092478 0.9851223627650734 0.03644417352119623
vn 0.1679456541618324 -0.9851223875805007 -0.0364436377965736
vn 0.1679456819242336 -0.9851223640746344 -0.0364441452500646
vn 0.14286321792518752 -0.9511849981928273 0.2735638868289664
vn 0.1428633193570839 -0.9511852527356198 0.27356294880804066
vn 0.10379659714694421 -0.8241405740064417 0.5567931219915055
vn 0.10379664660749993 -0.8241407615336783 0.5567928352015019
vn 0.10379664660749993 -0.8241407615336783 0.5567928352015019
vn 0.10379659714694421 -0.8241405740064417 0.5567931219915055
vn 0.05456805011139727 -0.6164168160159363 0.7855269803385594
vn 0.05456782686198901 -0.6164157926926006 0.7855277988656497
vn 0.013854076765843389 -0.4196728702392365 0.907569692388484
vn 0.013853920000586757 -0.41967207551947844 0.9075700622705611
vn 0.16794570299249867 -0.769821452927641 -0.6157671406130171
vn 0.16794567724034645 -0.7698211620272218 -0.6157675113152199
vn 0.14286335579445691 -0.5416611884359772 -0.8283678038850081
vn 0.1428632579990729 -0.5416604119427002 -0.8283683284915924
vn 0.10379669988031986 -0.26047967031457103 -0.9598836317214536
vn 0.10379665230359074 -0.260479353547654 -0.9598837228258242
vn 0.10379665230359074 -0.260479353547654 -0.9598837228258242
vn 0.10379669988031986 -0.26047967031457103 -0.9598836317214536
vn 0.05456789170257157 0.04621047302860756 -0.9974401923812819
vn 0.05456811495195182 0.04620916351364059 -0.99744024083549
vn 0.013853987967657107 0.27490557076690814 -0.96137141323149
vn 0.013854144732908974 0.2749047273725256 -0.9613716521418535
f 2265/2265/2265 2266/2266/2266 2267/2267/2267
f 2265/2265/2265 2267/2267/2267 2268/2268/2268
f 2269/2269/2269 2270/2270/2270 2271/2271/2271
f 2269/2269/2269 2271/2271/2271 2272/2272/2272
f 2273/2273/2273 2274/2274/2274 2275/2275/2275
f 2273/2273/2273 2275/2275/2275 2276/2276/2276
f 2276/2276/2276 2275/2275/2275 2277/2277/2277
f 2276/2276/2276 2277/2277/2277 2278/2278/2278
f 2279/2279/2279 2280/2280/2280 2281/2281/2281
f 2279/2279/2279 2281/2281/2281 2282/2282/2282
f 2282/2282/2282 2281/2281/2281 2283/2283/2283
f 2282/2282/2282 2283/2283/2283 2284/2284/2284
f 2284/2284/2284 2283/2283/2283 2270/2270/2270
f 2284/2284/2284 2270/2270/2270 2269/2269/2269
f 2285/2285/2285 2286/2286/2286 2287/2287/2287
f 2285/2285/2285 2287/2287/2287 2288/2288/2288
f 2288/2288/2288 2287/2287/2287 2289/2289/2289
f 2288/2288/2288 2289/2289/2289 2290/2290/2290
f 2291/2291/2291 2292/2292/2292 2293/2293/2293
f 2291/2291/2291 2293/2293/2293 2294/2294/2294
f 2294/2294/2294 2293/2293/2293 2295/2295/2295
f 2294/2294/2294 2295/2295/2295 2296/2296/2296
f 2296/2296/2296 2295/2295/2295 2272/2272/2272
f 2296/2296/2296 2272/2272/2272 2271/2271/2271
f 2265/2265/2265 2268/2268/2268 2297/2297/2297
f 2265/2265/2265 2297/2297/2297 2298/2298/2298
f 2298/2298/2298 2297/2297/2297 2299/2299/2299
f 2298/2298/2298 2299/2299/2299 2300/2300/2300
f 2300/2300/2300 2299/2299/2299 2301/2301/2301
f 2300/2300/2300 2301/2301/2301 2302/2302/2302
f 2303/2303/2303 2304/2304/2304 2305/2305/2305
f 2303/2303/2303 2305/2305/2305 2306/2306/2306
f 2306/2306/2306 2305/2305/2305 2307/2307/2307
f 2306/2306/2306 2307/2307/2307 2308/2308/2308
f 2267/2267/2267 2266/2266/2266 2309/2309/2309
f 2267/2267/2267 2309/2309/2309 2310/2310/2310
f 2310/2310/2310 2309/2309/2309 2311/2311/2311
f 2310/2310/2310 2311/2311/2311 2312/2312/2312
f 2312/2312/2312 2311/2311/2311 2313/2313/2313
f 2312/2312/2312 2313/2313/2313 2314/2314/2314
f 2315/2315/2315 2316/2316/2316 2317/2317/2317
f 2315/2315/2315 2317/2317/2317 2318/2318/2318
f 2318/2318/2318 2317/2317/2317 2319/2319/2319
f 2318/2318/2318 2319/2319/2319 2320/2320/2320
