mtllib Trashbin.mtl
o Mesh
usemtl Default
v -31.17047882080078 -5.630119323730469 34.76551055908203
v -31.17047882080078 -5.630119323730469 -15.76551342010498
v -32.79441452026367 110.60006713867188 36.08180618286133
v -31.17047882080078 -5.630119323730469 -15.76551342010498
v -32.79441452026367 110.60006713867188 -17.08180809020996
v -32.79441452026367 110.60006713867188 36.08180618286133
v -32.44071960449219 -13.220000267028809 37.96281051635742
v -33.03289031982422 -13.220000267028809 34.94148635864258
v -30.847394943237305 -13.220000267028809 40.34739303588867
v -33.03289031982422 -13.220000267028809 34.94148635864258
v -33.03289031982422 -13.220000267028809 -15.941484451293945
v -30.847394943237305 -13.220000267028809 40.34739303588867
v -33.03289031982422 -13.220000267028809 -15.941484451293945
v -32.44071960449219 -13.220000267028809 -18.96280860900879
v -30.847394943237305 -13.220000267028809 40.34739303588867
v -32.44071960449219 -13.220000267028809 -18.96280860900879
v -30.847394943237305 -13.220000267028809 -21.34739112854004
v -30.847394943237305 -13.220000267028809 40.34739303588867
v -30.847394943237305 -13.220000267028809 -21.34739112854004
v -28.462806701660156 -13.220000267028809 -22.94072151184082
v -30.847394943237305 -13.220000267028809 40.34739303588867
v -28.462806701660156 -13.220000267028809 -22.94072151184082
v -25.441486358642578 -13.220000267028809 -23.53289031982422
v -30.847394943237305 -13.220000267028809 40.34739303588867
v -25.441486358642578 -13.220000267028809 -23.53289031982422
v 25.441486358642578 -13.220000267028809 -23.53289031982422
v -30.847394943237305 -13.220000267028809 40.34739303588867
v 25.441486358642578 -13.220000267028809 -23.53289031982422
v 28.462806701660156 -13.220000267028809 -22.94072151184082
v -30.847394943237305 -13.220000267028809 40.34739303588867
v 28.462806701660156 -13.220000267028809 -22.94072151184082
v 30.847394943237305 -13.220000267028809 -21.34739112854004
v -30.847394943237305 -13.220000267028809 40.34739303588867
v 30.847394943237305 -13.220000267028809 -21.34739112854004
v 32.44071960449219 -13.220000267028809 -18.96280860900879
v -30.847394943237305 -13.220000267028809 40.34739303588867
v 32.44071960449219 -13.220000267028809 -18.96280860900879
v 33.03289031982422 -13.220000267028809 -15.941484451293945
v -30.847394943237305 -13.220000267028809 40.34739303588867
v 33.03289031982422 -13.220000267028809 -15.941484451293945
v 33.03289031982422 -13.220000267028809 34.94148635864258
v -30.847394943237305 -13.220000267028809 40.34739303588867
v 33.03289031982422 -13.220000267028809 34.94148635864258
v 32.44071960449219 -13.220000267028809 37.96281051635742
v -30.847394943237305 -13.220000267028809 40.34739303588867
v 32.44071960449219 -13.220000267028809 37.96281051635742
v 30.847394943237305 -13.220000267028809 40.34739303588867
v -30.847394943237305 -13.220000267028809 40.34739303588867
v 30.847394943237305 -13.220000267028809 40.34739303588867
v 28.46280860900879 -13.220000267028809 41.94071960449219
v -30.847394943237305 -13.220000267028809 40.34739303588867
v 28.46280860900879 -13.220000267028809 41.94071960449219
v 25.441486358642578 -13.220000267028809 42.53289031982422
v -30.847394943237305 -13.220000267028809 40.34739303588867
v 25.441486358642578 -13.220000267028809 42.53289031982422
v -25.441486358642578 -13.220000267028809 42.53289031982422
v -30.847394943237305 -13.220000267028809 40.34739303588867
v -25.441486358642578 -13.220000267028809 42.53289031982422
v -28.46280860900879 -13.220000267028809 41.94071960449219
v -30.847394943237305 -13.220000267028809 40.34739303588867
v -33.639259338378906 -12.620112419128418 -16.007312774658203
v -33.639259338378906 -12.620112419128418 35.0073127746582
v -35.400001525878906 101.5 -17.34241485595703
v -33.639259338378906 -12.620112419128418 35.0073127746582
v -35.400001525878906 101.5 36.34241485595703
v -35.400001525878906 101.5 -17.34241485595703
v -25.507312774658203 -12.620112419128418 43.139259338378906
v 25.507312774658203 -12.620112419128418 43.139259338378906
v -26.84241485595703 101.5 44.900001525878906
v 25.507312774658203 -12.620112419128418 43.139259338378906
v 26.84241485595703 101.5 44.900001525878906
v -26.84241485595703 101.5 44.900001525878906
v 33.639259338378906 -12.620112419128418 35.0073127746582
v 33.639259338378906 -12.620112419128418 -16.007312774658203
v 35.400001525878906 101.5 36.34241485595703
v 33.639259338378906 -12.620112419128418 -16.007312774658203
v 35.400001525878906 101.5 -17.34241485595703
v 35.400001525878906 101.5 36.34241485595703
v 25.507312774658203 -12.620112419128418 -24.13925552368164
v -25.507312774658203 -12.620112419128418 -24.13925552368164
v 26.84241485595703 101.5 -25.899999618530273
v -25.507312774658203 -12.620112419128418 -24.13925552368164
v -26.84241485595703 101.5 -25.899999618530273
v 26.84241485595703 101.5 -25.899999618530273
v 33.639259338378906 -12.620112419128418 -16.007312774658203
v 33.004127502441406 -12.620121002197266 -19.200315475463867
v 35.400001525878906 101.5 -17.34241485595703
v 33.004127502441406 -12.620121002197266 -19.200315475463867
v 34.73162841796875 101.5 -20.702547073364258
v 35.400001525878906 101.5 -17.34241485595703
v 33.004127502441406 -12.620121002197266 -19.200315475463867
v 31.280263900756836 -12.620123863220215 -21.780261993408203
v 34.73162841796875 101.5 -20.702547073364258
v 31.280263900756836 -12.620123863220215 -21.780261993408203
v 32.91753387451172 101.5 -23.417531967163086
v 34.73162841796875 101.5 -20.702547073364258
v 31.280263900756836 -12.620123863220215 -21.780261993408203
v 28.700313568115234 -12.620121002197266 -23.50412940979004
v 32.91753387451172 101.5 -23.417531967163086
v 28.700313568115234 -12.620121002197266 -23.50412940979004
v 30.202543258666992 101.5 -25.231630325317383
v 32.91753387451172 101.5 -23.417531967163086
v 28.700313568115234 -12.620121002197266 -23.50412940979004
v 25.507312774658203 -12.620112419128418 -24.13925552368164
v 30.202543258666992 101.5 -25.231630325317383
v 25.507312774658203 -12.620112419128418 -24.13925552368164
v 26.84241485595703 101.5 -25.899999618530273
v 30.202543258666992 101.5 -25.231630325317383
v -35.400001525878906 101.5 -17.34241485595703
v -34.73162841796875 101.5 -20.702547073364258
v -33.639259338378906 -12.620112419128418 -16.007312774658203
v -34.73162841796875 101.5 -20.702547073364258
v -33.004127502441406 -12.620121002197266 -19.200315475463867
v -33.639259338378906 -12.620112419128418 -16.007312774658203
v -34.73162841796875 101.5 -20.702547073364258
v -32.91753387451172 101.5 -23.417531967163086
v -33.004127502441406 -12.620121002197266 -19.200315475463867
v -32.91753387451172 101.5 -23.417531967163086
v -31.280263900756836 -12.620123863220215 -21.780261993408203
v -33.004127502441406 -12.620121002197266 -19.200315475463867
v -32.91753387451172 101.5 -23.417531967163086
v -30.202543258666992 101.5 -25.231630325317383
v -31.280263900756836 -12.620123863220215 -21.780261993408203
v -30.202543258666992 101.5 -25.231630325317383
v -28.700313568115234 -12.620121002197266 -23.50412940979004
v -31.280263900756836 -12.620123863220215 -21.780261993408203
v -30.202543258666992 101.5 -25.231630325317383
v -26.84241485595703 101.5 -25.899999618530273
v -28.700313568115234 -12.620121002197266 -23.50412940979004
v -26.84241485595703 101.5 -25.899999618530273
v -25.507312774658203 -12.620112419128418 -24.13925552368164
v -28.700313568115234 -12.620121002197266 -23.50412940979004
v 25.507312774658203 -12.620112419128418 43.139259338378906
v 28.700315475463867 -12.620121002197266 42.504127502441406
v 26.84241485595703 101.5 44.900001525878906
v 28.700315475463867 -12.620121002197266 42.504127502441406
v 30.202547073364258 101.5 44.23162841796875
v 26.84241485595703 101.5 44.900001525878906
v 28.700315475463867 -12.620121002197266 42.504127502441406
v 31.280263900756836 -12.620123863220215 40.78026580810547
v 30.202547073364258 101.5 44.23162841796875
v 31.280263900756836 -12.620123863220215 40.78026580810547
v 32.91753387451172 101.5 42.41753387451172
v 30.202547073364258 101.5 44.23162841796875
v 31.280263900756836 -12.620123863220215 40.78026580810547
v 33.004127502441406 -12.620121002197266 38.2003173828125
v 32.91753387451172 101.5 42.41753387451172
v 33.004127502441406 -12.620121002197266 38.2003173828125
v 34.73162841796875 101.5 39.702545166015625
v 32.91753387451172 101.5 42.41753387451172
v 33.004127502441406 -12.620121002197266 38.2003173828125
v 33.639259338378906 -12.620112419128418 35.0073127746582
v 34.73162841796875 101.5 39.702545166015625
v 33.639259338378906 -12.620112419128418 35.0073127746582
v 35.400001525878906 101.5 36.34241485595703
v 34.73162841796875 101.5 39.702545166015625
v -33.639259338378906 -12.620112419128418 35.0073127746582
v -33.004127502441406 -12.620121002197266 38.2003173828125
v -35.400001525878906 101.5 36.34241485595703
v -33.004127502441406 -12.620121002197266 38.2003173828125
v -34.73162841796875 101.5 39.702545166015625
v -35.400001525878906 101.5 36.34241485595703
v -33.004127502441406 -12.620121002197266 38.2003173828125
v -31.280263900756836 -12.620123863220215 40.78026580810547
v -34.73162841796875 101.5 39.702545166015625
v -31.280263900756836 -12.620123863220215 40.78026580810547
v -32.91753387451172 101.5 42.41753387451172
v -34.73162841796875 101.5 39.702545166015625
v -31.280263900756836 -12.620123863220215 40.78026580810547
v -28.700315475463867 -12.620121002197266 42.504127502441406
v -32.91753387451172 101.5 42.41753387451172
v -28.700315475463867 -12.620121002197266 42.504127502441406
v -30.202547073364258 101.5 44.23162841796875
v -32.91753387451172 101.5 42.41753387451172
v 34.30022430419922 110.60000610351562 37.268333435058594
v 33.80805206298828 110.60000610351562 40.05263900756836
v 34.30022430419922 103.30000305175781 37.268333435058594
v 33.80805206298828 110.60000610351562 40.05263900756836
v 33.80805206298828 103.30000305175781 40.05263900756836
v 34.30022430419922 103.30000305175781 37.268333435058594
v 33.50991439819336 111 39.78596496582031
v 33.98603057861328 111 37.020782470703125
v 32.58061599731445 111 38.95474624633789
v 33.98603057861328 111 37.020782470703125
v 33.11419677734375 111 36.333885192871094
v 32.58061599731445 111 38.95474624633789
v 34.282318115234375 103.30000305175781 6.3199968338012695
v 34.28143310546875 103.60448455810547 4.7892632484436035
v 34.30022430419922 103.30000305175781 37.268333435058594
v 34.28143310546875 103.60448455810547 4.7892632484436035
v 34.28068161010742 104.47156524658203 3.491569995880127
v 34.30022430419922 103.30000305175781 37.268333435058594
v 34.28068161010742 104.47156524658203 3.491569995880127
v 34.28017807006836 105.7692642211914 2.6244795322418213
v 34.30022430419922 103.30000305175781 37.268333435058594
v 34.28017807006836 105.7692642211914 2.6244795322418213
v 34.28000259399414 107.29999542236328 2.319997787475586
v 34.30022430419922 103.30000305175781 37.268333435058594
v 34.28000259399414 107.29999542236328 2.319997787475586
v 34.28000259399414 110.60000610351562 2.319997787475586
v 34.30022430419922 103.30000305175781 37.268333435058594
v 34.28000259399414 110.60000610351562 2.319997787475586
v 34.30022430419922 110.60000610351562 37.268333435058594
v 34.30022430419922 103.30000305175781 37.268333435058594
v 33.11419677734375 111 36.333885192871094
v 33.98603057861328 111 37.020782470703125
v 33.19807434082031 111 -17.12554359436035
v 33.98603057861328 111 37.020782470703125
v 33.8797721862793 111 1.9199976921081543
v 33.19807434082031 111 -17.12554359436035
v 33.8797721862793 111 1.9199976921081543
v 36.599998474121094 111 1.9199986457824707
v 33.19807434082031 111 -17.12554359436035
v 36.599998474121094 111 1.9199986457824707
v 36.6019287109375 111 -17.46079444885254
v 33.19807434082031 111 -17.12554359436035
v 33.80805206298828 110.60000610351562 40.05263900756836
v 32.46406173706055 110.60000610351562 42.06406021118164
v 33.80805206298828 103.30000305175781 40.05263900756836
v 32.46406173706055 110.60000610351562 42.06406021118164
v 32.46406173706055 103.30000305175781 42.06406021118164
v 33.80805206298828 103.30000305175781 40.05263900756836
v 33.50991439819336 111 39.78596496582031
v 32.58061599731445 111 38.95474624633789
v 32.19099044799805 111 41.77177429199219
v 32.58061599731445 111 38.95474624633789
v 31.316110610961914 111 40.835323333740234
v 32.19099044799805 111 41.77177429199219
v 30.452638626098633 110.60000610351562 43.408050537109375
v 30.452638626098633 103.30000305175781 43.408050537109375
v 32.46406173706055 110.60000610351562 42.06406021118164
v 30.452638626098633 103.30000305175781 43.408050537109375
v 32.46406173706055 103.30000305175781 42.06406021118164
v 32.46406173706055 110.60000610351562 42.06406021118164
v 29.433679580688477 111 42.098201751708984
v 30.207035064697266 111 43.09233093261719
v 31.316110610961914 111 40.835323333740234
v 30.207035064697266 111 43.09233093261719
v 32.19099044799805 111 41.77177429199219
v 31.316110610961914 111 40.835323333740234
v 30.452638626098633 110.60000610351562 43.408050537109375
v 27.66832733154297 110.60000610351562 43.90022277832031
v 30.452638626098633 103.30000305175781 43.408050537109375
v 27.66832733154297 110.60000610351562 43.90022277832031
v 27.66832733154297 103.30000305175781 43.90022277832031
v 30.452638626098633 103.30000305175781 43.408050537109375
v 26.81039047241211 111 42.63136291503906
v 27.444276809692383 111 43.56886291503906
v 29.433679580688477 111 42.098201751708984
v 27.444276809692383 111 43.56886291503906
v 30.207035064697266 111 43.09233093261719
v 29.433679580688477 111 42.098201751708984
v 27.66832733154297 110.60000610351562 43.90022277832031
v -27.6683292388916 110.60000610351562 43.90022277832031
v 27.66832733154297 103.30000305175781 43.90022277832031
v -27.6683292388916 110.60000610351562 43.90022277832031
v -27.6683292388916 103.30000305175781 43.90022277832031
v 27.66832733154297 103.30000305175781 43.90022277832031
v 26.81039047241211 111 42.63136291503906
v -26.810386657714844 111 42.63136291503906
v 27.444276809692383 111 43.56886291503906
v -26.810386657714844 111 42.63136291503906
v -27.444278717041016 111 43.56886291503906
v 27.444276809692383 111 43.56886291503906
v -27.6683292388916 110.60000610351562 43.90022277832031
v -30.452638626098633 110.60000610351562 43.408050537109375
v -27.6683292388916 103.30000305175781 43.90022277832031
v -30.452638626098633 110.60000610351562 43.408050537109375
v -30.452638626098633 103.30000305175781 43.408050537109375
v -27.6683292388916 103.30000305175781 43.90022277832031
v -30.207035064697266 111 43.09233093261719
v -27.444278717041016 111 43.56886291503906
v -29.433679580688477 111 42.098201751708984
v -27.444278717041016 111 43.56886291503906
v -26.810386657714844 111 42.63136291503906
v -29.433679580688477 111 42.098201751708984
v -32.46406173706055 110.60000610351562 42.06406021118164
v -32.46406173706055 103.30000305175781 42.06406021118164
v -30.452638626098633 110.60000610351562 43.408050537109375
v -32.46406173706055 103.30000305175781 42.06406021118164
v -30.452638626098633 103.30000305175781 43.408050537109375
v -30.452638626098633 110.60000610351562 43.408050537109375
v -32.19099044799805 111 41.77177429199219
v -30.207035064697266 111 43.09233093261719
v -31.316110610961914 111 40.835323333740234
v -30.207035064697266 111 43.09233093261719
v -29.433679580688477 111 42.098201751708984
v -31.316110610961914 111 40.835323333740234
v -32.46406173706055 110.60000610351562 42.06406021118164
v -33.80805206298828 110.60000610351562 40.05263900756836
v -32.46406173706055 103.30000305175781 42.06406021118164
v -33.80805206298828 110.60000610351562 40.05263900756836
v -33.80805206298828 103.30000305175781 40.05263900756836
v -32.46406173706055 103.30000305175781 42.06406021118164
v -31.316110610961914 111 40.835323333740234
v -32.58061599731445 111 38.95474624633789
v -32.19099044799805 111 41.77177429199219
v -32.58061599731445 111 38.95474624633789
v -33.50991439819336 111 39.78596496582031
v -32.19099044799805 111 41.77177429199219
v -33.80805206298828 110.60000610351562 40.05263900756836
v -34.30022430419922 110.60000610351562 37.268333435058594
v -33.80805206298828 103.30000305175781 40.05263900756836
v -34.30022430419922 110.60000610351562 37.268333435058594
v -34.30022430419922 103.30000305175781 37.268333435058594
v -33.80805206298828 103.30000305175781 40.05263900756836
v -33.11419677734375 111 36.333885192871094
v -33.98603057861328 111 37.020782470703125
v -32.58061599731445 111 38.95474624633789
v -33.98603057861328 111 37.020782470703125
v -33.50991439819336 111 39.78596496582031
v -32.58061599731445 111 38.95474624633789
v -34.30022430419922 110.60000610351562 37.268333435058594
v -34.28000259399414 110.60000610351562 2.319997787475586
v -34.30022430419922 103.30000305175781 37.268333435058594
v -34.28000259399414 110.60000610351562 2.319997787475586
v -34.28000259399414 107.29999542236328 2.319997787475586
v -34.30022430419922 103.30000305175781 37.268333435058594
v -34.28000259399414 107.29999542236328 2.319997787475586
v -34.28017807006836 105.7692642211914 2.6244795322418213
v -34.30022430419922 103.30000305175781 37.268333435058594
v -34.28017807006836 105.7692642211914 2.6244795322418213
v -34.28068161010742 104.47156524658203 3.491569995880127
v -34.30022430419922 103.30000305175781 37.268333435058594
v -34.28068161010742 104.47156524658203 3.491569995880127
v -34.28143310546875 103.60448455810547 4.7892632484436035
v -34.30022430419922 103.30000305175781 37.268333435058594
v -34.28143310546875 103.60448455810547 4.7892632484436035
v -34.282318115234375 103.30000305175781 6.3199968338012695
v -34.30022430419922 103.30000305175781 37.268333435058594
v -36.6019287109375 111 -17.46079444885254
v -36.599998474121094 111 1.9199986457824707
v -33.19807434082031 111 -17.12554359436035
v -36.599998474121094 111 1.9199986457824707
v -33.8797721862793 111 1.9199976921081543
v -33.19807434082031 111 -17.12554359436035
v -33.8797721862793 111 1.9199976921081543
v -33.98603057861328 111 37.020782470703125
v -33.19807434082031 111 -17.12554359436035
v -33.98603057861328 111 37.020782470703125
v -33.11419677734375 111 36.333885192871094
v -33.19807434082031 111 -17.12554359436035
v -35.84131622314453 103.30000305175781 40.28199768066406
v -33.80805206298828 103.30000305175781 40.05263900756836
v -36.61527633666992 103.30000305175781 36.60948944091797
v -33.80805206298828 103.30000305175781 40.05263900756836
v -34.30022430419922 103.30000305175781 37.268333435058594
v -36.61527633666992 103.30000305175781 36.60948944091797
v -34.07107162475586 110.60000610351562 -24.571067810058594
v -30.826833724975586 110.60000610351562 -26.73879623413086
v -34.07107162475586 102.10000610351562 -24.571067810058594
v -30.826833724975586 110.60000610351562 -26.73879623413086
v -30.826833724975586 102.10000610351562 -26.73879623413086
v -34.07107162475586 102.10000610351562 -24.571067810058594
v -36.599998474121094 103.30000305175781 6.319998264312744
v -36.61527633666992 103.30000305175781 36.60948944091797
v -34.282318115234375 103.30000305175781 6.3199968338012695
v -36.61527633666992 103.30000305175781 36.60948944091797
v -34.30022430419922 103.30000305175781 37.268333435058594
v -34.282318115234375 103.30000305175781 6.3199968338012695
v -36.23879623413086 110.60000610351562 -21.32683563232422
v -34.07107162475586 110.60000610351562 -24.571067810058594
v -36.23879623413086 102.10000610351562 -21.32683563232422
v -34.07107162475586 110.60000610351562 -24.571067810058594
v -34.07107162475586 102.10000610351562 -24.571067810058594
v -36.23879623413086 102.10000610351562 -21.32683563232422
v -33.779296875 103.30000305175781 43.29745101928711
v -32.46406173706055 103.30000305175781 42.06406021118164
v -35.84131622314453 103.30000305175781 40.28199768066406
v -32.46406173706055 103.30000305175781 42.06406021118164
v -33.80805206298828 103.30000305175781 40.05263900756836
v -35.84131622314453 103.30000305175781 40.28199768066406
v -37 110.60000610351562 -17.500001907348633
v -36.23879623413086 110.60000610351562 -21.32683563232422
v -37 102.10000610351562 -17.500001907348633
v -36.23879623413086 110.60000610351562 -21.32683563232422
v -36.23879623413086 102.10000610351562 -21.32683563232422
v -37 102.10000610351562 -17.500001907348633
v -30.763425827026367 103.30000305175781 45.34385299682617
v -30.452638626098633 103.30000305175781 43.408050537109375
v -33.779296875 103.30000305175781 43.29745101928711
v -30.452638626098633 103.30000305175781 43.408050537109375
v -32.46406173706055 103.30000305175781 42.06406021118164
v -33.779296875 103.30000305175781 43.29745101928711
v 36.23879623413086 110.60000610351562 -21.32683563232422
v 37 110.60000610351562 -17.500001907348633
v 36.23879623413086 102.10000610351562 -21.32683563232422
v 37 110.60000610351562 -17.500001907348633
v 37 102.10000610351562 -17.500001907348633
v 36.23879623413086 102.10000610351562 -21.32683563232422
v -27.6683292388916 103.30000305175781 43.90022277832031
v -30.452638626098633 103.30000305175781 43.408050537109375
v -27.099592208862305 103.30000305175781 46.11259841918945
v -30.452638626098633 103.30000305175781 43.408050537109375
v -30.763425827026367 103.30000305175781 45.34385299682617
v -27.099592208862305 103.30000305175781 46.11259841918945
v 34.07107162475586 110.60000610351562 -24.571067810058594
v 36.23879623413086 110.60000610351562 -21.32683563232422
v 34.07107162475586 102.10000610351562 -24.571067810058594
v 36.23879623413086 110.60000610351562 -21.32683563232422
v 36.23879623413086 102.10000610351562 -21.32683563232422
v 34.07107162475586 102.10000610351562 -24.571067810058594
v -27.6683292388916 103.30000305175781 43.90022277832031
v -27.099592208862305 103.30000305175781 46.11259841918945
v 27.66832733154297 103.30000305175781 43.90022277832031
v -27.099592208862305 103.30000305175781 46.11259841918945
v 27.099592208862305 103.30000305175781 46.11259841918945
v 27.66832733154297 103.30000305175781 43.90022277832031
v 30.826833724975586 110.60000610351562 -26.73879623413086
v 34.07107162475586 110.60000610351562 -24.571067810058594
v 30.826833724975586 102.10000610351562 -26.73879623413086
v 34.07107162475586 110.60000610351562 -24.571067810058594
v 34.07107162475586 102.10000610351562 -24.571067810058594
v 30.826833724975586 102.10000610351562 -26.73879623413086
v 30.763425827026367 103.30000305175781 45.34385299682617
v 30.452638626098633 103.30000305175781 43.408050537109375
v 27.099592208862305 103.30000305175781 46.11259841918945
v 30.452638626098633 103.30000305175781 43.408050537109375
v 27.66832733154297 103.30000305175781 43.90022277832031
v 27.099592208862305 103.30000305175781 46.11259841918945
v 27.000001907348633 110.60000610351562 -27.5
v 30.826833724975586 110.60000610351562 -26.73879623413086
v 27.000001907348633 102.10000610351562 -27.5
v 30.826833724975586 110.60000610351562 -26.73879623413086
v 30.826833724975586 102.10000610351562 -26.73879623413086
v 27.000001907348633 102.10000610351562 -27.5
v 32.46406173706055 103.30000305175781 42.06406021118164
v 30.452638626098633 103.30000305175781 43.408050537109375
v 33.779296875 103.30000305175781 43.29745101928711
v 30.452638626098633 103.30000305175781 43.408050537109375
v 30.763425827026367 103.30000305175781 45.34385299682617
v 33.779296875 103.30000305175781 43.29745101928711
v -27.000001907348633 110.60000610351562 -27.5
v 27.000001907348633 110.60000610351562 -27.5
v -27.000001907348633 102.10000610351562 -27.5
v 27.000001907348633 110.60000610351562 -27.5
v 27.000001907348633 102.10000610351562 -27.5
v -27.000001907348633 102.10000610351562 -27.5
v 33.80805206298828 103.30000305175781 40.05263900756836
v 32.46406173706055 103.30000305175781 42.06406021118164
v 35.84131622314453 103.30000305175781 40.28199768066406
v 32.46406173706055 103.30000305175781 42.06406021118164
v 33.779296875 103.30000305175781 43.29745101928711
v 35.84131622314453 103.30000305175781 40.28199768066406
v -30.826833724975586 110.60000610351562 -26.73879623413086
v -27.000001907348633 110.60000610351562 -27.5
v -30.826833724975586 102.10000610351562 -26.73879623413086
v -27.000001907348633 110.60000610351562 -27.5
v -27.000001907348633 102.10000610351562 -27.5
v -30.826833724975586 102.10000610351562 -26.73879623413086
v 34.30022430419922 103.30000305175781 37.268333435058594
v 33.80805206298828 103.30000305175781 40.05263900756836
v 36.61527633666992 103.30000305175781 36.60948944091797
v 33.80805206298828 103.30000305175781 40.05263900756836
v 35.84131622314453 103.30000305175781 40.28199768066406
v 36.61527633666992 103.30000305175781 36.60948944091797
v -36.402889251708984 101.5 36.441192626953125
v -35.400001525878906 101.5 36.34241485595703
v -35.68446731567383 101.5 40.097225189208984
v -35.400001525878906 101.5 36.34241485595703
v -34.73162841796875 101.5 39.702545166015625
v -35.68446731567383 101.5 40.097225189208984
v 34.30022430419922 103.30000305175781 37.268333435058594
v 36.61527633666992 103.30000305175781 36.60948944091797
v 34.282318115234375 103.30000305175781 6.3199968338012695
v 36.61527633666992 103.30000305175781 36.60948944091797
v 36.599998474121094 103.30000305175781 6.319998264312744
v 34.282318115234375 103.30000305175781 6.3199968338012695
v -35.68446731567383 101.5 40.097225189208984
v -34.73162841796875 101.5 39.702545166015625
v -33.64680862426758 101.5 43.14680862426758
v -34.73162841796875 101.5 39.702545166015625
v -32.91753387451172 101.5 42.41753387451172
v -33.64680862426758 101.5 43.14680862426758
v 34.28000259399414 107.29999542236328 2.319997787475586
v 34.28017807006836 105.7692642211914 2.6244795322418213
v 36.599998474121094 107.29999542236328 2.3199985027313232
v 34.28017807006836 105.7692642211914 2.6244795322418213
v 36.599998474121094 105.7692642211914 2.6244802474975586
v 36.599998474121094 107.29999542236328 2.3199985027313232
v 34.28068161010742 104.47156524658203 3.491569995880127
v 36.599998474121094 104.47156524658203 3.4915711879730225
v 34.28017807006836 105.7692642211914 2.6244795322418213
v 36.599998474121094 104.47156524658203 3.4915711879730225
v 36.599998474121094 105.7692642211914 2.6244802474975586
v 34.28017807006836 105.7692642211914 2.6244795322418213
v 34.28143310546875 103.60448455810547 4.7892632484436035
v 36.599998474121094 103.60448455810547 4.789264678955078
v 34.28068161010742 104.47156524658203 3.491569995880127
v 36.599998474121094 103.60448455810547 4.789264678955078
v 36.599998474121094 104.47156524658203 3.4915711879730225
v 34.28068161010742 104.47156524658203 3.491569995880127
v 34.282318115234375 103.30000305175781 6.3199968338012695
v 36.599998474121094 103.30000305175781 6.319998264312744
v 34.28143310546875 103.60448455810547 4.7892632484436035
v 36.599998474121094 103.30000305175781 6.319998264312744
v 36.599998474121094 103.60448455810547 4.789264678955078
v 34.28143310546875 103.60448455810547 4.7892632484436035
v 38.480003356933594 104.83926391601562 4.4592671394348145
v 38.480003356933594 105.96826171875 3.7048983573913574
v 38.480003356933594 104.08489990234375 5.588259696960449
v 38.480003356933594 105.96826171875 3.7048983573913574
v 38.480003356933594 107.35096740722656 3.437495231628418
v 38.480003356933594 104.08489990234375 5.588259696960449
v 38.480003356933594 107.35096740722656 3.437495231628418
v 38.480003356933594 108.86902618408203 3.437495231628418
v 38.480003356933594 104.08489990234375 5.588259696960449
v 38.480003356933594 108.86902618408203 3.437495231628418
v 38.480003356933594 110.20581817626953 3.6957640647888184
v 38.480003356933594 104.08489990234375 5.588259696960449
v 38.480003356933594 110.20581817626953 3.6957640647888184
v 38.480003356933594 111.2958755493164 4.42411994934082
v 38.480003356933594 104.08489990234375 5.588259696960449
v 38.480003356933594 111.2958755493164 4.42411994934082
v 38.480003356933594 112.02423858642578 5.5141825675964355
v 38.480003356933594 104.08489990234375 5.588259696960449
v 38.480003356933594 112.02423858642578 5.5141825675964355
v 38.480003356933594 112.28250122070312 6.850968837738037
v 38.480003356933594 104.08489990234375 5.588259696960449
v 38.480003356933594 112.28250122070312 6.850968837738037
v 38.480003356933594 112.27999877929688 38.28000259399414
v 38.480003356933594 104.08489990234375 5.588259696960449
v 38.480003356933594 112.27999877929688 38.28000259399414
v 38.480003356933594 103.81999969482422 38.28000259399414
v 38.480003356933594 104.08489990234375 5.588259696960449
v 38.480003356933594 103.81999969482422 38.28000259399414
v 38.480003356933594 103.81749725341797 6.970968246459961
v 38.480003356933594 104.08489990234375 5.588259696960449
v 37.96000289916992 103.60448455810547 5.389265537261963
v 37.96000289916992 103.30000305175781 6.919998645782471
v 35.79999923706055 103.60448455810547 5.389265537261963
v 37.96000289916992 103.30000305175781 6.919998645782471
v 35.79999923706055 103.30000305175781 6.919998645782471
v 35.79999923706055 103.60448455810547 5.389265537261963
v 37.96000289916992 103.30000305175781 6.919998645782471
v 37.96250534057617 103.30000305175781 38.229034423828125
v 35.79999923706055 103.30000305175781 6.919998645782471
v 37.96250534057617 103.30000305175781 38.229034423828125
v 35.81290817260742 103.30000305175781 38.01731872558594
v 35.79999923706055 103.30000305175781 6.919998645782471
v 37.96250534057617 112.80000305175781 38.229034423828125
v 37.96000289916992 112.80000305175781 6.799998760223389
v 35.81290817260742 112.80000305175781 38.01731872558594
v 37.96000289916992 112.80000305175781 6.799998760223389
v 35.79999923706055 112.80000305175781 6.799999713897705
v 35.81290817260742 112.80000305175781 38.01731872558594
v 37.96000289916992 112.80000305175781 6.799998760223389
v 37.96000289916992 112.50464630126953 5.315187454223633
v 35.79999923706055 112.80000305175781 6.799999713897705
v 37.96000289916992 112.50464630126953 5.315187454223633
v 35.79999923706055 112.50464630126953 5.315186977386475
v 35.79999923706055 112.80000305175781 6.799999713897705
v 37.96000289916992 112.50464630126953 5.315187454223633
v 37.96000289916992 111.66358184814453 4.056425094604492
v 35.79999923706055 112.50464630126953 5.315186977386475
v 37.96000289916992 111.66358184814453 4.056425094604492
v 35.79999923706055 111.66358184814453 4.056425094604492
v 35.79999923706055 112.50464630126953 5.315186977386475
v 37.96000289916992 111.66358184814453 4.056425094604492
v 37.96000289916992 110.40481567382812 3.215346574783325
v 35.79999923706055 111.66358184814453 4.056425094604492
v 37.96000289916992 110.40481567382812 3.215346574783325
v 35.79999923706055 110.40481567382812 3.215346574783325
v 35.79999923706055 111.66358184814453 4.056425094604492
v 37.96000289916992 110.40481567382812 3.215346574783325
v 37.96000289916992 108.91999816894531 2.919999122619629
v 35.79999923706055 110.40481567382812 3.215346574783325
v 37.96000289916992 108.91999816894531 2.919999122619629
v 35.79999923706055 108.91999816894531 2.919999599456787
v 35.79999923706055 110.40481567382812 3.215346574783325
v 37.96000289916992 108.91999816894531 2.919999122619629
v 37.96000289916992 107.29999542236328 2.919999122619629
v 35.79999923706055 108.91999816894531 2.919999599456787
v 37.96000289916992 107.29999542236328 2.919999122619629
v 35.79999923706055 107.29999542236328 2.919999599456787
v 35.79999923706055 108.91999816894531 2.919999599456787
v 37.96000289916992 107.29999542236328 2.919999122619629
v 37.96000289916992 105.7692642211914 3.2244808673858643
v 35.79999923706055 107.29999542236328 2.919999599456787
v 37.96000289916992 105.7692642211914 3.2244808673858643
v 35.79999923706055 105.7692642211914 3.2244808673858643
v 35.79999923706055 107.29999542236328 2.919999599456787
v 37.96000289916992 105.7692642211914 3.2244808673858643
v 37.96000289916992 104.47156524658203 4.091571807861328
v 35.79999923706055 105.7692642211914 3.2244808673858643
v 37.96000289916992 104.47156524658203 4.091571807861328
v 35.79999923706055 104.47156524658203 4.091572284698486
v 35.79999923706055 105.7692642211914 3.2244808673858643
v 37.96000289916992 104.47156524658203 4.091571807861328
v 37.96000289916992 103.60448455810547 5.389265537261963
v 35.79999923706055 104.47156524658203 4.091572284698486
v 37.96000289916992 103.60448455810547 5.389265537261963
v 35.79999923706055 103.60448455810547 5.389265537261963
v 35.79999923706055 104.47156524658203 4.091572284698486
v 38.480003356933594 103.81999969482422 38.28000259399414
v 38.480003356933594 112.27999877929688 38.28000259399414
v 37.68834686279297 103.81999969482422 42.25990676879883
v 38.480003356933594 112.27999877929688 38.28000259399414
v 37.68834686279297 112.27999877929688 42.25990676879883
v 37.68834686279297 103.81999969482422 42.25990676879883
v 37.20793151855469 112.80000305175781 42.0609130859375
v 37.96250534057617 112.80000305175781 38.229034423828125
v 35.21234893798828 112.80000305175781 41.234317779541016
v 37.96250534057617 112.80000305175781 38.229034423828125
v 35.81290817260742 112.80000305175781 38.01731872558594
v 35.21234893798828 112.80000305175781 41.234317779541016
v 37.96250534057617 103.30000305175781 38.229034423828125
v 37.20793151855469 103.30000305175781 42.0609130859375
v 35.81290817260742 103.30000305175781 38.01731872558594
v 37.20793151855469 103.30000305175781 42.0609130859375
v 35.21234893798828 103.30000305175781 41.234317779541016
v 35.81290817260742 103.30000305175781 38.01731872558594
v 37.68834686279297 103.81999969482422 42.25990676879883
v 37.68834686279297 112.27999877929688 42.25990676879883
v 35.43391418457031 103.81999969482422 45.6339111328125
v 37.68834686279297 112.27999877929688 42.25990676879883
v 35.43391418457031 112.27999877929688 45.6339111328125
v 35.43391418457031 103.81999969482422 45.6339111328125
v 35.06621551513672 112.80000305175781 45.26621627807617
v 37.20793151855469 112.80000305175781 42.0609130859375
v 33.53886413574219 112.80000305175781 43.73886489868164
v 37.20793151855469 112.80000305175781 42.0609130859375
v 35.21234893798828 112.80000305175781 41.234317779541016
v 33.53886413574219 112.80000305175781 43.73886489868164
v 37.20793151855469 103.30000305175781 42.0609130859375
v 35.06621551513672 103.30000305175781 45.26621627807617
v 35.21234893798828 103.30000305175781 41.234317779541016
v 35.06621551513672 103.30000305175781 45.26621627807617
v 33.53886413574219 103.30000305175781 43.73886489868164
v 35.21234893798828 103.30000305175781 41.234317779541016
v 35.43391418457031 103.81999969482422 45.6339111328125
v 35.43391418457031 112.27999877929688 45.6339111328125
v 32.059906005859375 103.81999969482422 47.88835144042969
v 35.43391418457031 112.27999877929688 45.6339111328125
v 32.059906005859375 112.27999877929688 47.88835144042969
v 32.059906005859375 103.81999969482422 47.88835144042969
v 31.860912322998047 112.80000305175781 47.40793228149414
v 35.06621551513672 112.80000305175781 45.26621627807617
v 31.034317016601562 112.80000305175781 45.412353515625
v 35.06621551513672 112.80000305175781 45.26621627807617
v 33.53886413574219 112.80000305175781 43.73886489868164
v 31.034317016601562 112.80000305175781 45.412353515625
v 35.06621551513672 103.30000305175781 45.26621627807617
v 31.860912322998047 103.30000305175781 47.40793228149414
v 33.53886413574219 103.30000305175781 43.73886489868164
v 31.860912322998047 103.30000305175781 47.40793228149414
v 31.034317016601562 103.30000305175781 45.412353515625
v 33.53886413574219 103.30000305175781 43.73886489868164
v 32.059906005859375 103.81999969482422 47.88835144042969
v 32.059906005859375 112.27999877929688 47.88835144042969
v 28.080001831054688 103.81999969482422 48.68000030517578
v 32.059906005859375 112.27999877929688 47.88835144042969
v 28.080001831054688 112.27999877929688 48.68000030517578
v 28.080001831054688 103.81999969482422 48.68000030517578
v 28.029029846191406 112.80000305175781 48.162506103515625
v 31.860912322998047 112.80000305175781 47.40793228149414
v 27.81731414794922 112.80000305175781 46.012908935546875
v 31.860912322998047 112.80000305175781 47.40793228149414
v 31.034317016601562 112.80000305175781 45.412353515625
v 27.81731414794922 112.80000305175781 46.012908935546875
v 31.860912322998047 103.30000305175781 47.40793228149414
v 28.029029846191406 103.30000305175781 48.162506103515625
v 31.034317016601562 103.30000305175781 45.412353515625
v 28.029029846191406 103.30000305175781 48.162506103515625
v 27.81731414794922 103.30000305175781 46.012908935546875
v 31.034317016601562 103.30000305175781 45.412353515625
v 28.080001831054688 103.81999969482422 48.68000030517578
v 28.080001831054688 112.27999877929688 48.68000030517578
v -28.080001831054688 103.81999969482422 48.68000030517578
v 28.080001831054688 112.27999877929688 48.68000030517578
v -28.080001831054688 112.27999877929688 48.68000030517578
v -28.080001831054688 103.81999969482422 48.68000030517578
v -28.029033660888672 112.80000305175781 48.162506103515625
v 28.029029846191406 112.80000305175781 48.162506103515625
v -27.81731414794922 112.80000305175781 46.012908935546875
v 28.029029846191406 112.80000305175781 48.162506103515625
v 27.81731414794922 112.80000305175781 46.012908935546875
v -27.81731414794922 112.80000305175781 46.012908935546875
v 28.029029846191406 103.30000305175781 48.162506103515625
v -28.029033660888672 103.30000305175781 48.162506103515625
v 27.81731414794922 103.30000305175781 46.012908935546875
v -28.029033660888672 103.30000305175781 48.162506103515625
v -27.81731414794922 103.30000305175781 46.012908935546875
v 27.81731414794922 103.30000305175781 46.012908935546875
v -28.080001831054688 103.81999969482422 48.68000030517578
v -28.080001831054688 112.27999877929688 48.68000030517578
v -32.059906005859375 103.81999969482422 47.88835144042969
v -28.080001831054688 112.27999877929688 48.68000030517578
v -32.059906005859375 112.27999877929688 47.88835144042969
v -32.059906005859375 103.81999969482422 47.88835144042969
v -31.860912322998047 112.80000305175781 47.40793228149414
v -28.029033660888672 112.80000305175781 48.162506103515625
v -31.034317016601562 112.80000305175781 45.412353515625
v -28.029033660888672 112.80000305175781 48.162506103515625
v -27.81731414794922 112.80000305175781 46.012908935546875
v -31.034317016601562 112.80000305175781 45.412353515625
v -28.029033660888672 103.30000305175781 48.162506103515625
v -31.860912322998047 103.30000305175781 47.40793228149414
v -27.81731414794922 103.30000305175781 46.012908935546875
v -31.860912322998047 103.30000305175781 47.40793228149414
v -31.034317016601562 103.30000305175781 45.412353515625
v -27.81731414794922 103.30000305175781 46.012908935546875
v -32.059906005859375 103.81999969482422 47.88835144042969
v -32.059906005859375 112.27999877929688 47.88835144042969
v -35.43391418457031 103.81999969482422 45.6339111328125
v -32.059906005859375 112.27999877929688 47.88835144042969
v -35.43391418457031 112.27999877929688 45.6339111328125
v -35.43391418457031 103.81999969482422 45.6339111328125
v -35.06621551513672 112.80000305175781 45.26621627807617
v -31.860912322998047 112.80000305175781 47.40793228149414
v -33.53886413574219 112.80000305175781 43.73886489868164
v -31.860912322998047 112.80000305175781 47.40793228149414
v -31.034317016601562 112.80000305175781 45.412353515625
v -33.53886413574219 112.80000305175781 43.73886489868164
v -31.860912322998047 103.30000305175781 47.40793228149414
v -35.06621551513672 103.30000305175781 45.26621627807617
v -31.034317016601562 103.30000305175781 45.412353515625
v -35.06621551513672 103.30000305175781 45.26621627807617
v -33.53886413574219 103.30000305175781 43.73886489868164
v -31.034317016601562 103.30000305175781 45.412353515625
v -35.43391418457031 103.81999969482422 45.6339111328125
v -35.43391418457031 112.27999877929688 45.6339111328125
v -37.68834686279297 103.81999969482422 42.25990676879883
v -35.43391418457031 112.27999877929688 45.6339111328125
v -37.68834686279297 112.27999877929688 42.25990676879883
v -37.68834686279297 103.81999969482422 42.25990676879883
v -37.20793151855469 112.80000305175781 42.0609130859375
v -35.06621551513672 112.80000305175781 45.26621627807617
v -35.21234893798828 112.80000305175781 41.234317779541016
v -35.06621551513672 112.80000305175781 45.26621627807617
v -33.53886413574219 112.80000305175781 43.73886489868164
v -35.21234893798828 112.80000305175781 41.234317779541016
v -35.06621551513672 103.30000305175781 45.26621627807617
v -37.20793151855469 103.30000305175781 42.0609130859375
v -33.53886413574219 103.30000305175781 43.73886489868164
v -37.20793151855469 103.30000305175781 42.0609130859375
v -35.21234893798828 103.30000305175781 41.234317779541016
v -33.53886413574219 103.30000305175781 43.73886489868164
v -37.68834686279297 103.81999969482422 42.25990676879883
v -37.68834686279297 112.27999877929688 42.25990676879883
v -38.480003356933594 103.81999969482422 38.28000259399414
v -37.68834686279297 112.27999877929688 42.25990676879883
v -38.480003356933594 112.27999877929688 38.28000259399414
v -38.480003356933594 103.81999969482422 38.28000259399414
v -37.96250534057617 112.80000305175781 38.229034423828125
v -37.20793151855469 112.80000305175781 42.0609130859375
v -35.81290817260742 112.80000305175781 38.01731872558594
v -37.20793151855469 112.80000305175781 42.0609130859375
v -35.21234893798828 112.80000305175781 41.234317779541016
v -35.81290817260742 112.80000305175781 38.01731872558594
v -37.20793151855469 103.30000305175781 42.0609130859375
v -37.96250534057617 103.30000305175781 38.229034423828125
v -35.21234893798828 103.30000305175781 41.234317779541016
v -37.96250534057617 103.30000305175781 38.229034423828125
v -35.81290817260742 103.30000305175781 38.01731872558594
v -35.21234893798828 103.30000305175781 41.234317779541016
v -38.480003356933594 104.08489990234375 5.588259696960449
v -38.480003356933594 103.81749725341797 6.970968246459961
v -38.480003356933594 104.83926391601562 4.4592671394348145
v -38.480003356933594 103.81749725341797 6.970968246459961
v -38.480003356933594 103.81999969482422 38.28000259399414
v -38.480003356933594 104.83926391601562 4.4592671394348145
v -38.480003356933594 103.81999969482422 38.28000259399414
v -38.480003356933594 112.27999877929688 38.28000259399414
v -38.480003356933594 104.83926391601562 4.4592671394348145
v -38.480003356933594 112.27999877929688 38.28000259399414
v -38.480003356933594 112.28250122070312 6.850968837738037
v -38.480003356933594 104.83926391601562 4.4592671394348145
v -38.480003356933594 112.28250122070312 6.850968837738037
v -38.480003356933594 112.02423858642578 5.5141825675964355
v -38.480003356933594 104.83926391601562 4.4592671394348145
v -38.480003356933594 112.02423858642578 5.5141825675964355
v -38.480003356933594 111.2958755493164 4.42411994934082
v -38.480003356933594 104.83926391601562 4.4592671394348145
v -38.480003356933594 111.2958755493164 4.42411994934082
v -38.480003356933594 110.20581817626953 3.6957640647888184
v -38.480003356933594 104.83926391601562 4.4592671394348145
v -38.480003356933594 110.20581817626953 3.6957640647888184
v -38.480003356933594 108.86902618408203 3.437495231628418
v -38.480003356933594 104.83926391601562 4.4592671394348145
v -38.480003356933594 108.86902618408203 3.437495231628418
v -38.480003356933594 107.35096740722656 3.437495231628418
v -38.480003356933594 104.83926391601562 4.4592671394348145
v -38.480003356933594 107.35096740722656 3.437495231628418
v -38.480003356933594 105.96826171875 3.7048983573913574
v -38.480003356933594 104.83926391601562 4.4592671394348145
v -37.96000289916992 104.47156524658203 4.091571807861328
v -37.96000289916992 105.7692642211914 3.2244808673858643
v -35.79999923706055 104.47156524658203 4.091572284698486
v -37.96000289916992 105.7692642211914 3.2244808673858643
v -35.79999923706055 105.7692642211914 3.2244808673858643
v -35.79999923706055 104.47156524658203 4.091572284698486
v -37.96000289916992 105.7692642211914 3.2244808673858643
v -37.96000289916992 107.29999542236328 2.919999122619629
v -35.79999923706055 105.7692642211914 3.2244808673858643
v -37.96000289916992 107.29999542236328 2.919999122619629
v -35.79999923706055 107.29999542236328 2.919999599456787
v -35.79999923706055 105.7692642211914 3.2244808673858643
v -37.96000289916992 107.29999542236328 2.919999122619629
v -37.96000289916992 108.91999816894531 2.919999122619629
v -35.79999923706055 107.29999542236328 2.919999599456787
v -37.96000289916992 108.91999816894531 2.919999122619629
v -35.79999923706055 108.91999816894531 2.919999599456787
v -35.79999923706055 107.29999542236328 2.919999599456787
v -37.96000289916992 108.91999816894531 2.919999122619629
v -37.96000289916992 110.40481567382812 3.215346574783325
v -35.79999923706055 108.91999816894531 2.919999599456787
v -37.96000289916992 110.40481567382812 3.215346574783325
v -35.79999923706055 110.40481567382812 3.215346574783325
v -35.79999923706055 108.91999816894531 2.919999599456787
v -37.96000289916992 110.40481567382812 3.215346574783325
v -37.96000289916992 111.66358184814453 4.056425094604492
v -35.79999923706055 110.40481567382812 3.215346574783325
v -37.96000289916992 111.66358184814453 4.056425094604492
v -35.79999923706055 111.66358184814453 4.056425094604492
v -35.79999923706055 110.40481567382812 3.215346574783325
v -37.96000289916992 111.66358184814453 4.056425094604492
v -37.96000289916992 112.50464630126953 5.315187454223633
v -35.79999923706055 111.66358184814453 4.056425094604492
v -37.96000289916992 112.50464630126953 5.315187454223633
v -35.79999923706055 112.50464630126953 5.315186977386475
v -35.79999923706055 111.66358184814453 4.056425094604492
v -37.96000289916992 112.50464630126953 5.315187454223633
v -37.96000289916992 112.80000305175781 6.799998760223389
v -35.79999923706055 112.50464630126953 5.315186977386475
v -37.96000289916992 112.80000305175781 6.799998760223389
v -35.79999923706055 112.80000305175781 6.799999713897705
v -35.79999923706055 112.50464630126953 5.315186977386475
v -37.96000289916992 112.80000305175781 6.799998760223389
v -37.96250534057617 112.80000305175781 38.229034423828125
v -35.79999923706055 112.80000305175781 6.799999713897705
v -37.96250534057617 112.80000305175781 38.229034423828125
v -35.81290817260742 112.80000305175781 38.01731872558594
v -35.79999923706055 112.80000305175781 6.799999713897705
v -37.96250534057617 103.30000305175781 38.229034423828125
v -37.96000289916992 103.30000305175781 6.919998645782471
v -35.81290817260742 103.30000305175781 38.01731872558594
v -37.96000289916992 103.30000305175781 6.919998645782471
v -35.79999923706055 103.30000305175781 6.919998645782471
v -35.81290817260742 103.30000305175781 38.01731872558594
v -37.96000289916992 103.30000305175781 6.919998645782471
v -37.96000289916992 103.60448455810547 5.389265537261963
v -35.79999923706055 103.30000305175781 6.919998645782471
v -37.96000289916992 103.60448455810547 5.389265537261963
v -35.79999923706055 103.60448455810547 5.389265537261963
v -35.79999923706055 103.30000305175781 6.919998645782471
v -37.96000289916992 103.60448455810547 5.389265537261963
v -37.96000289916992 104.47156524658203 4.091571807861328
v -35.79999923706055 103.60448455810547 5.389265537261963
v -37.96000289916992 104.47156524658203 4.091571807861328
v -35.79999923706055 104.47156524658203 4.091572284698486
v -35.79999923706055 103.60448455810547 5.389265537261963
v -35.28000259399414 105.96826171875 3.7048983573913574
v -35.28000259399414 107.35096740722656 3.437495708465576
v -35.28000259399414 104.83926391601562 4.459267616271973
v -35.28000259399414 107.35096740722656 3.437495708465576
v -35.28000259399414 108.86902618408203 3.437495708465576
v -35.28000259399414 104.83926391601562 4.459267616271973
v -35.28000259399414 108.86902618408203 3.437495708465576
v -35.28000259399414 110.20581817626953 3.6957640647888184
v -35.28000259399414 104.83926391601562 4.459267616271973
v -35.28000259399414 110.20581817626953 3.6957640647888184
v -35.28000259399414 111.2958755493164 4.42411994934082
v -35.28000259399414 104.83926391601562 4.459267616271973
v -35.28000259399414 111.2958755493164 4.42411994934082
v -35.28000259399414 112.02423858642578 5.514182090759277
v -35.28000259399414 104.83926391601562 4.459267616271973
v -35.28000259399414 112.02423858642578 5.514182090759277
v -35.28000259399414 112.28250122070312 6.8509697914123535
v -35.28000259399414 104.83926391601562 4.459267616271973
v -35.28000259399414 112.28250122070312 6.8509697914123535
v -35.29541015625 112.27999877929688 37.96635055541992
v -35.28000259399414 104.83926391601562 4.459267616271973
v -35.29541015625 112.27999877929688 37.96635055541992
v -35.29541015625 103.81999969482422 37.96635055541992
v -35.28000259399414 104.83926391601562 4.459267616271973
v -35.29541015625 103.81999969482422 37.96635055541992
v -35.28000259399414 103.81749725341797 6.970968246459961
v -35.28000259399414 104.83926391601562 4.459267616271973
v -35.28000259399414 103.81749725341797 6.970968246459961
v -35.28000259399414 104.08489990234375 5.588259696960449
v -35.28000259399414 104.83926391601562 4.459267616271973
v -35.29541015625 112.27999877929688 37.96635055541992
v -34.73193359375 112.27999877929688 41.03532028198242
v -35.29541015625 103.81999969482422 37.96635055541992
v -34.73193359375 112.27999877929688 41.03532028198242
v -34.73193359375 103.81999969482422 41.03532028198242
v -35.29541015625 103.81999969482422 37.96635055541992
v -34.73193359375 112.27999877929688 41.03532028198242
v -33.17116928100586 112.27999877929688 43.37117004394531
v -34.73193359375 103.81999969482422 41.03532028198242
v -33.17116928100586 112.27999877929688 43.37117004394531
v -33.17116928100586 103.81999969482422 43.37117004394531
v -34.73193359375 103.81999969482422 41.03532028198242
v -33.17116928100586 112.27999877929688 43.37117004394531
v -30.8353214263916 112.27999877929688 44.93193817138672
v -33.17116928100586 103.81999969482422 43.37117004394531
v -30.8353214263916 112.27999877929688 44.93193817138672
v -30.8353214263916 103.81999969482422 44.93193817138672
v -33.17116928100586 103.81999969482422 43.37117004394531
v -30.8353214263916 112.27999877929688 44.93193817138672
v -27.766345977783203 112.27999877929688 45.49541091918945
v -30.8353214263916 103.81999969482422 44.93193817138672
v -27.766345977783203 112.27999877929688 45.49541091918945
v -27.766345977783203 103.81999969482422 45.49541091918945
v -30.8353214263916 103.81999969482422 44.93193817138672
v -27.766345977783203 112.27999877929688 45.49541091918945
v 27.766345977783203 112.27999877929688 45.49541091918945
v -27.766345977783203 103.81999969482422 45.49541091918945
v 27.766345977783203 112.27999877929688 45.49541091918945
v 27.766345977783203 103.81999969482422 45.49541091918945
v -27.766345977783203 103.81999969482422 45.49541091918945
v 27.766345977783203 112.27999877929688 45.49541091918945
v 30.8353214263916 112.27999877929688 44.93193817138672
v 27.766345977783203 103.81999969482422 45.49541091918945
v 30.8353214263916 112.27999877929688 44.93193817138672
v 30.8353214263916 103.81999969482422 44.93193817138672
v 27.766345977783203 103.81999969482422 45.49541091918945
v 30.8353214263916 112.27999877929688 44.93193817138672
v 33.17116928100586 112.27999877929688 43.37117004394531
v 30.8353214263916 103.81999969482422 44.93193817138672
v 33.17116928100586 112.27999877929688 43.37117004394531
v 33.17116928100586 103.81999969482422 43.37117004394531
v 30.8353214263916 103.81999969482422 44.93193817138672
v 33.17116928100586 112.27999877929688 43.37117004394531
v 34.73193359375 112.27999877929688 41.03532028198242
v 33.17116928100586 103.81999969482422 43.37117004394531
v 34.73193359375 112.27999877929688 41.03532028198242
v 34.73193359375 103.81999969482422 41.03532028198242
v 33.17116928100586 103.81999969482422 43.37117004394531
v 34.73193359375 112.27999877929688 41.03532028198242
v 35.29541015625 112.27999877929688 37.96635055541992
v 34.73193359375 103.81999969482422 41.03532028198242
v 35.29541015625 112.27999877929688 37.96635055541992
v 35.29541015625 103.81999969482422 37.96635055541992
v 34.73193359375 103.81999969482422 41.03532028198242
v 35.28000259399414 103.81749725341797 6.970968246459961
v 35.29541015625 103.81999969482422 37.96635055541992
v 35.28000259399414 104.08489990234375 5.588259696960449
v 35.29541015625 103.81999969482422 37.96635055541992
v 35.29541015625 112.27999877929688 37.96635055541992
v 35.28000259399414 104.08489990234375 5.588259696960449
v 35.29541015625 112.27999877929688 37.96635055541992
v 35.28000259399414 112.28250122070312 6.8509697914123535
v 35.28000259399414 104.08489990234375 5.588259696960449
v 35.28000259399414 112.28250122070312 6.8509697914123535
v 35.28000259399414 112.02423858642578 5.514182090759277
v 35.28000259399414 104.08489990234375 5.588259696960449
v 35.28000259399414 112.02423858642578 5.514182090759277
v 35.28000259399414 111.2958755493164 4.42411994934082
v 35.28000259399414 104.08489990234375 5.588259696960449
v 35.28000259399414 111.2958755493164 4.42411994934082
v 35.28000259399414 110.20581817626953 3.6957640647888184
v 35.28000259399414 104.08489990234375 5.588259696960449
v 35.28000259399414 110.20581817626953 3.6957640647888184
v 35.28000259399414 108.86902618408203 3.437495708465576
v 35.28000259399414 104.08489990234375 5.588259696960449
v 35.28000259399414 108.86902618408203 3.437495708465576
v 35.28000259399414 107.35096740722656 3.437495708465576
v 35.28000259399414 104.08489990234375 5.588259696960449
v 35.28000259399414 107.35096740722656 3.437495708465576
v 35.28000259399414 105.96826171875 3.7048983573913574
v 35.28000259399414 104.08489990234375 5.588259696960449
v 35.28000259399414 105.96826171875 3.7048983573913574
v 35.28000259399414 104.83926391601562 4.459267616271973
v 35.28000259399414 104.08489990234375 5.588259696960449
v 35.28000259399414 103.81749725341797 6.970968246459961
v 35.28000259399414 104.08489990234375 5.588259696960449
v 35.79999923706055 103.30000305175781 6.919998645782471
v 35.28000259399414 104.08489990234375 5.588259696960449
v 35.79999923706055 103.60448455810547 5.389265537261963
v 35.79999923706055 103.30000305175781 6.919998645782471
v 35.29541015625 103.81999969482422 37.96635055541992
v 35.28000259399414 103.81749725341797 6.970968246459961
v 35.81290817260742 103.30000305175781 38.01731872558594
v 35.28000259399414 103.81749725341797 6.970968246459961
v 35.79999923706055 103.30000305175781 6.919998645782471
v 35.81290817260742 103.30000305175781 38.01731872558594
v 35.28000259399414 112.28250122070312 6.8509697914123535
v 35.29541015625 112.27999877929688 37.96635055541992
v 35.79999923706055 112.80000305175781 6.799999713897705
v 35.29541015625 112.27999877929688 37.96635055541992
v 35.81290817260742 112.80000305175781 38.01731872558594
v 35.79999923706055 112.80000305175781 6.799999713897705
v 35.28000259399414 112.02423858642578 5.514182090759277
v 35.28000259399414 112.28250122070312 6.8509697914123535
v 35.79999923706055 112.50464630126953 5.315186977386475
v 35.28000259399414 112.28250122070312 6.8509697914123535
v 35.79999923706055 112.80000305175781 6.799999713897705
v 35.79999923706055 112.50464630126953 5.315186977386475
v 35.28000259399414 111.2958755493164 4.42411994934082
v 35.28000259399414 112.02423858642578 5.514182090759277
v 35.79999923706055 111.66358184814453 4.056425094604492
v 35.28000259399414 112.02423858642578 5.514182090759277
v 35.79999923706055 112.50464630126953 5.315186977386475
v 35.79999923706055 111.66358184814453 4.056425094604492
v 35.28000259399414 110.20581817626953 3.6957640647888184
v 35.28000259399414 111.2958755493164 4.42411994934082
v 35.79999923706055 110.40481567382812 3.215346574783325
v 35.28000259399414 111.2958755493164 4.42411994934082
v 35.79999923706055 111.66358184814453 4.056425094604492
v 35.79999923706055 110.40481567382812 3.215346574783325
v 35.28000259399414 108.86902618408203 3.437495708465576
v 35.28000259399414 110.20581817626953 3.6957640647888184
v 35.79999923706055 108.91999816894531 2.919999599456787
v 35.28000259399414 110.20581817626953 3.6957640647888184
v 35.79999923706055 110.40481567382812 3.215346574783325
v 35.79999923706055 108.91999816894531 2.919999599456787
v 35.28000259399414 107.35096740722656 3.437495708465576
v 35.28000259399414 108.86902618408203 3.437495708465576
v 35.79999923706055 107.29999542236328 2.919999599456787
v 35.28000259399414 108.86902618408203 3.437495708465576
v 35.79999923706055 108.91999816894531 2.919999599456787
v 35.79999923706055 107.29999542236328 2.919999599456787
v 35.28000259399414 105.96826171875 3.7048983573913574
v 35.28000259399414 107.35096740722656 3.437495708465576
v 35.79999923706055 105.7692642211914 3.2244808673858643
v 35.28000259399414 107.35096740722656 3.437495708465576
v 35.79999923706055 107.29999542236328 2.919999599456787
v 35.79999923706055 105.7692642211914 3.2244808673858643
v 35.28000259399414 104.83926391601562 4.459267616271973
v 35.28000259399414 105.96826171875 3.7048983573913574
v 35.79999923706055 104.47156524658203 4.091572284698486
v 35.28000259399414 105.96826171875 3.7048983573913574
v 35.79999923706055 105.7692642211914 3.2244808673858643
v 35.79999923706055 104.47156524658203 4.091572284698486
v 35.28000259399414 104.08489990234375 5.588259696960449
v 35.28000259399414 104.83926391601562 4.459267616271973
v 35.79999923706055 103.60448455810547 5.389265537261963
v 35.28000259399414 104.83926391601562 4.459267616271973
v 35.79999923706055 104.47156524658203 4.091572284698486
v 35.79999923706055 103.60448455810547 5.389265537261963
v 35.29541015625 112.27999877929688 37.96635055541992
v 34.73193359375 112.27999877929688 41.03532028198242
v 35.81290817260742 112.80000305175781 38.01731872558594
v 34.73193359375 112.27999877929688 41.03532028198242
v 35.21234893798828 112.80000305175781 41.234317779541016
v 35.81290817260742 112.80000305175781 38.01731872558594
v 34.73193359375 103.81999969482422 41.03532028198242
v 35.29541015625 103.81999969482422 37.96635055541992
v 35.21234893798828 103.30000305175781 41.234317779541016
v 35.29541015625 103.81999969482422 37.96635055541992
v 35.81290817260742 103.30000305175781 38.01731872558594
v 35.21234893798828 103.30000305175781 41.234317779541016
v 34.73193359375 112.27999877929688 41.03532028198242
v 33.17116928100586 112.27999877929688 43.37117004394531
v 35.21234893798828 112.80000305175781 41.234317779541016
v 33.17116928100586 112.27999877929688 43.37117004394531
v 33.53886413574219 112.80000305175781 43.73886489868164
v 35.21234893798828 112.80000305175781 41.234317779541016
v 33.17116928100586 103.81999969482422 43.37117004394531
v 34.73193359375 103.81999969482422 41.03532028198242
v 33.53886413574219 103.30000305175781 43.73886489868164
v 34.73193359375 103.81999969482422 41.03532028198242
v 35.21234893798828 103.30000305175781 41.234317779541016
v 33.53886413574219 103.30000305175781 43.73886489868164
v 33.17116928100586 112.27999877929688 43.37117004394531
v 30.8353214263916 112.27999877929688 44.93193817138672
v 33.53886413574219 112.80000305175781 43.73886489868164
v 30.8353214263916 112.27999877929688 44.93193817138672
v 31.034317016601562 112.80000305175781 45.412353515625
v 33.53886413574219 112.80000305175781 43.73886489868164
v 30.8353214263916 103.81999969482422 44.93193817138672
v 33.17116928100586 103.81999969482422 43.37117004394531
v 31.034317016601562 103.30000305175781 45.412353515625
v 33.17116928100586 103.81999969482422 43.37117004394531
v 33.53886413574219 103.30000305175781 43.73886489868164
v 31.034317016601562 103.30000305175781 45.412353515625
v 30.8353214263916 112.27999877929688 44.93193817138672
v 27.766345977783203 112.27999877929688 45.49541091918945
v 31.034317016601562 112.80000305175781 45.412353515625
v 27.766345977783203 112.27999877929688 45.49541091918945
v 27.81731414794922 112.80000305175781 46.012908935546875
v 31.034317016601562 112.80000305175781 45.412353515625
v 27.766345977783203 103.81999969482422 45.49541091918945
v 30.8353214263916 103.81999969482422 44.93193817138672
v 27.81731414794922 103.30000305175781 46.012908935546875
v 30.8353214263916 103.81999969482422 44.93193817138672
v 31.034317016601562 103.30000305175781 45.412353515625
v 27.81731414794922 103.30000305175781 46.012908935546875
v 27.766345977783203 112.27999877929688 45.49541091918945
v -27.766345977783203 112.27999877929688 45.49541091918945
v 27.81731414794922 112.80000305175781 46.012908935546875
v -27.766345977783203 112.27999877929688 45.49541091918945
v -27.81731414794922 112.80000305175781 46.012908935546875
v 27.81731414794922 112.80000305175781 46.012908935546875
v -27.766345977783203 103.81999969482422 45.49541091918945
v 27.766345977783203 103.81999969482422 45.49541091918945
v -27.81731414794922 103.30000305175781 46.012908935546875
v 27.766345977783203 103.81999969482422 45.49541091918945
v 27.81731414794922 103.30000305175781 46.012908935546875
v -27.81731414794922 103.30000305175781 46.012908935546875
v -27.766345977783203 112.27999877929688 45.49541091918945
v -30.8353214263916 112.27999877929688 44.93193817138672
v -27.81731414794922 112.80000305175781 46.012908935546875
v -30.8353214263916 112.27999877929688 44.93193817138672
v -31.034317016601562 112.80000305175781 45.412353515625
v -27.81731414794922 112.80000305175781 46.012908935546875
v -30.8353214263916 103.81999969482422 44.93193817138672
v -27.766345977783203 103.81999969482422 45.49541091918945
v -31.034317016601562 103.30000305175781 45.412353515625
v -27.766345977783203 103.81999969482422 45.49541091918945
v -27.81731414794922 103.30000305175781 46.012908935546875
v -31.034317016601562 103.30000305175781 45.412353515625
v -30.8353214263916 112.27999877929688 44.93193817138672
v -33.17116928100586 112.27999877929688 43.37117004394531
v -31.034317016601562 112.80000305175781 45.412353515625
v -33.17116928100586 112.27999877929688 43.37117004394531
v -33.53886413574219 112.80000305175781 43.73886489868164
v -31.034317016601562 112.80000305175781 45.412353515625
v -33.17116928100586 103.81999969482422 43.37117004394531
v -30.8353214263916 103.81999969482422 44.93193817138672
v -33.53886413574219 103.30000305175781 43.73886489868164
v -30.8353214263916 103.81999969482422 44.93193817138672
v -31.034317016601562 103.30000305175781 45.412353515625
v -33.53886413574219 103.30000305175781 43.73886489868164
v -33.17116928100586 112.27999877929688 43.37117004394531
v -34.73193359375 112.27999877929688 41.03532028198242
v -33.53886413574219 112.80000305175781 43.73886489868164
v -34.73193359375 112.27999877929688 41.03532028198242
v -35.21234893798828 112.80000305175781 41.234317779541016
v -33.53886413574219 112.80000305175781 43.73886489868164
v -34.73193359375 103.81999969482422 41.03532028198242
v -33.17116928100586 103.81999969482422 43.37117004394531
v -35.21234893798828 103.30000305175781 41.234317779541016
v -33.17116928100586 103.81999969482422 43.37117004394531
v -33.53886413574219 103.30000305175781 43.73886489868164
v -35.21234893798828 103.30000305175781 41.234317779541016
v -34.73193359375 112.27999877929688 41.03532028198242
v -35.29541015625 112.27999877929688 37.96635055541992
v -35.21234893798828 112.80000305175781 41.234317779541016
v -35.29541015625 112.27999877929688 37.96635055541992
v -35.81290817260742 112.80000305175781 38.01731872558594
v -35.21234893798828 112.80000305175781 41.234317779541016
v -35.29541015625 103.81999969482422 37.96635055541992
v -34.73193359375 103.81999969482422 41.03532028198242
v -35.81290817260742 103.30000305175781 38.01731872558594
v -34.73193359375 103.81999969482422 41.03532028198242
v -35.21234893798828 103.30000305175781 41.234317779541016
v -35.81290817260742 103.30000305175781 38.01731872558594
v -35.28000259399414 105.96826171875 3.7048983573913574
v -35.28000259399414 104.83926391601562 4.459267616271973
v -35.79999923706055 105.7692642211914 3.2244808673858643
v -35.28000259399414 104.83926391601562 4.459267616271973
v -35.79999923706055 104.47156524658203 4.091572284698486
v -35.79999923706055 105.7692642211914 3.2244808673858643
v -35.28000259399414 107.35096740722656 3.437495708465576
v -35.28000259399414 105.96826171875 3.7048983573913574
v -35.79999923706055 107.29999542236328 2.919999599456787
v -35.28000259399414 105.96826171875 3.7048983573913574
v -35.79999923706055 105.7692642211914 3.2244808673858643
v -35.79999923706055 107.29999542236328 2.919999599456787
v -35.28000259399414 108.86902618408203 3.437495708465576
v -35.28000259399414 107.35096740722656 3.437495708465576
v -35.79999923706055 108.91999816894531 2.919999599456787
v -35.28000259399414 107.35096740722656 3.437495708465576
v -35.79999923706055 107.29999542236328 2.919999599456787
v -35.79999923706055 108.91999816894531 2.919999599456787
v -35.28000259399414 110.20581817626953 3.6957640647888184
v -35.28000259399414 108.86902618408203 3.437495708465576
v -35.79999923706055 110.40481567382812 3.215346574783325
v -35.28000259399414 108.86902618408203 3.437495708465576
v -35.79999923706055 108.91999816894531 2.919999599456787
v -35.79999923706055 110.40481567382812 3.215346574783325
v -35.28000259399414 111.2958755493164 4.42411994934082
v -35.28000259399414 110.20581817626953 3.6957640647888184
v -35.79999923706055 111.66358184814453 4.056425094604492
v -35.28000259399414 110.20581817626953 3.6957640647888184
v -35.79999923706055 110.40481567382812 3.215346574783325
v -35.79999923706055 111.66358184814453 4.056425094604492
v -35.28000259399414 112.02423858642578 5.514182090759277
v -35.28000259399414 111.2958755493164 4.42411994934082
v -35.79999923706055 112.50464630126953 5.315186977386475
v -35.28000259399414 111.2958755493164 4.42411994934082
v -35.79999923706055 111.66358184814453 4.056425094604492
v -35.79999923706055 112.50464630126953 5.315186977386475
v -35.28000259399414 112.28250122070312 6.8509697914123535
v -35.28000259399414 112.02423858642578 5.514182090759277
v -35.79999923706055 112.80000305175781 6.799999713897705
v -35.28000259399414 112.02423858642578 5.514182090759277
v -35.79999923706055 112.50464630126953 5.315186977386475
v -35.79999923706055 112.80000305175781 6.799999713897705
v -35.29541015625 112.27999877929688 37.96635055541992
v -35.28000259399414 112.28250122070312 6.8509697914123535
v -35.81290817260742 112.80000305175781 38.01731872558594
v -35.28000259399414 112.28250122070312 6.8509697914123535
v -35.79999923706055 112.80000305175781 6.799999713897705
v -35.81290817260742 112.80000305175781 38.01731872558594
v -35.28000259399414 103.81749725341797 6.970968246459961
v -35.29541015625 103.81999969482422 37.96635055541992
v -35.79999923706055 103.30000305175781 6.919998645782471
v -35.29541015625 103.81999969482422 37.96635055541992
v -35.81290817260742 103.30000305175781 38.01731872558594
v -35.79999923706055 103.30000305175781 6.919998645782471
v -35.28000259399414 104.08489990234375 5.588259696960449
v -35.28000259399414 103.81749725341797 6.970968246459961
v -35.79999923706055 103.60448455810547 5.389265537261963
v -35.28000259399414 103.81749725341797 6.970968246459961
v -35.79999923706055 103.30000305175781 6.919998645782471
v -35.79999923706055 103.60448455810547 5.389265537261963
v -35.28000259399414 104.83926391601562 4.459267616271973
v -35.28000259399414 104.08489990234375 5.588259696960449
v -35.79999923706055 104.47156524658203 4.091572284698486
v -35.28000259399414 104.08489990234375 5.588259696960449
v -35.79999923706055 103.60448455810547 5.389265537261963
v -35.79999923706055 104.47156524658203 4.091572284698486
v -38.480003356933594 104.08489990234375 5.588259696960449
v -38.480003356933594 104.83926391601562 4.4592671394348145
v -37.96000289916992 103.60448455810547 5.389265537261963
v -38.480003356933594 104.83926391601562 4.4592671394348145
v -37.96000289916992 104.47156524658203 4.091571807861328
v -37.96000289916992 103.60448455810547 5.389265537261963
v -38.480003356933594 103.81749725341797 6.970968246459961
v -38.480003356933594 104.08489990234375 5.588259696960449
v -37.96000289916992 103.30000305175781 6.919998645782471
v -38.480003356933594 104.08489990234375 5.588259696960449
v -37.96000289916992 103.60448455810547 5.389265537261963
v -37.96000289916992 103.30000305175781 6.919998645782471
v -38.480003356933594 103.81999969482422 38.28000259399414
v -38.480003356933594 103.81749725341797 6.970968246459961
v -37.96250534057617 103.30000305175781 38.229034423828125
v -38.480003356933594 103.81749725341797 6.970968246459961
v -37.96000289916992 103.30000305175781 6.919998645782471
v -37.96250534057617 103.30000305175781 38.229034423828125
v -38.480003356933594 112.28250122070312 6.850968837738037
v -38.480003356933594 112.27999877929688 38.28000259399414
v -37.96000289916992 112.80000305175781 6.799998760223389
v -38.480003356933594 112.27999877929688 38.28000259399414
v -37.96250534057617 112.80000305175781 38.229034423828125
v -37.96000289916992 112.80000305175781 6.799998760223389
v -38.480003356933594 112.02423858642578 5.5141825675964355
v -38.480003356933594 112.28250122070312 6.850968837738037
v -37.96000289916992 112.50464630126953 5.315187454223633
v -38.480003356933594 112.28250122070312 6.850968837738037
v -37.96000289916992 112.80000305175781 6.799998760223389
v -37.96000289916992 112.50464630126953 5.315187454223633
v -38.480003356933594 111.2958755493164 4.42411994934082
v -38.480003356933594 112.02423858642578 5.5141825675964355
v -37.96000289916992 111.66358184814453 4.056425094604492
v -38.480003356933594 112.02423858642578 5.5141825675964355
v -37.96000289916992 112.50464630126953 5.315187454223633
v -37.96000289916992 111.66358184814453 4.056425094604492
v -38.480003356933594 110.20581817626953 3.6957640647888184
v -38.480003356933594 111.2958755493164 4.42411994934082
v -37.96000289916992 110.40481567382812 3.215346574783325
v -38.480003356933594 111.2958755493164 4.42411994934082
v -37.96000289916992 111.66358184814453 4.056425094604492
v -37.96000289916992 110.40481567382812 3.215346574783325
v -38.480003356933594 108.86902618408203 3.437495231628418
v -38.480003356933594 110.20581817626953 3.6957640647888184
v -37.96000289916992 108.91999816894531 2.919999122619629
v -38.480003356933594 110.20581817626953 3.6957640647888184
v -37.96000289916992 110.40481567382812 3.215346574783325
v -37.96000289916992 108.91999816894531 2.919999122619629
v -38.480003356933594 107.35096740722656 3.437495231628418
v -38.480003356933594 108.86902618408203 3.437495231628418
v -37.96000289916992 107.29999542236328 2.919999122619629
v -38.480003356933594 108.86902618408203 3.437495231628418
v -37.96000289916992 108.91999816894531 2.919999122619629
v -37.96000289916992 107.29999542236328 2.919999122619629
v -38.480003356933594 105.96826171875 3.7048983573913574
v -38.480003356933594 107.35096740722656 3.437495231628418
v -37.96000289916992 105.7692642211914 3.2244808673858643
v -38.480003356933594 107.35096740722656 3.437495231628418
v -37.96000289916992 107.29999542236328 2.919999122619629
v -37.96000289916992 105.7692642211914 3.2244808673858643
v -38.480003356933594 104.83926391601562 4.4592671394348145
v -38.480003356933594 105.96826171875 3.7048983573913574
v -37.96000289916992 104.47156524658203 4.091571807861328
v -38.480003356933594 105.96826171875 3.7048983573913574
v -37.96000289916992 105.7692642211914 3.2244808673858643
v -37.96000289916992 104.47156524658203 4.091571807861328
v -37.68834686279297 103.81999969482422 42.25990676879883
v -38.480003356933594 103.81999969482422 38.28000259399414
v -37.20793151855469 103.30000305175781 42.0609130859375
v -38.480003356933594 103.81999969482422 38.28000259399414
v -37.96250534057617 103.30000305175781 38.229034423828125
v -37.20793151855469 103.30000305175781 42.0609130859375
v -38.480003356933594 112.27999877929688 38.28000259399414
v -37.68834686279297 112.27999877929688 42.25990676879883
v -37.96250534057617 112.80000305175781 38.229034423828125
v -37.68834686279297 112.27999877929688 42.25990676879883
v -37.20793151855469 112.80000305175781 42.0609130859375
v -37.96250534057617 112.80000305175781 38.229034423828125
v -35.43391418457031 103.81999969482422 45.6339111328125
v -37.68834686279297 103.81999969482422 42.25990676879883
v -35.06621551513672 103.30000305175781 45.26621627807617
v -37.68834686279297 103.81999969482422 42.25990676879883
v -37.20793151855469 103.30000305175781 42.0609130859375
v -35.06621551513672 103.30000305175781 45.26621627807617
v -37.68834686279297 112.27999877929688 42.25990676879883
v -35.43391418457031 112.27999877929688 45.6339111328125
v -37.20793151855469 112.80000305175781 42.0609130859375
v -35.43391418457031 112.27999877929688 45.6339111328125
v -35.06621551513672 112.80000305175781 45.26621627807617
v -37.20793151855469 112.80000305175781 42.0609130859375
v -32.059906005859375 103.81999969482422 47.88835144042969
v -35.43391418457031 103.81999969482422 45.6339111328125
v -31.860912322998047 103.30000305175781 47.40793228149414
v -35.43391418457031 103.81999969482422 45.6339111328125
v -35.06621551513672 103.30000305175781 45.26621627807617
v -31.860912322998047 103.30000305175781 47.40793228149414
v -35.43391418457031 112.27999877929688 45.6339111328125
v -32.059906005859375 112.27999877929688 47.88835144042969
v -35.06621551513672 112.80000305175781 45.26621627807617
v -32.059906005859375 112.27999877929688 47.88835144042969
v -31.860912322998047 112.80000305175781 47.40793228149414
v -35.06621551513672 112.80000305175781 45.26621627807617
v -28.080001831054688 103.81999969482422 48.68000030517578
v -32.059906005859375 103.81999969482422 47.88835144042969
v -28.029033660888672 103.30000305175781 48.162506103515625
v -32.059906005859375 103.81999969482422 47.88835144042969
v -31.860912322998047 103.30000305175781 47.40793228149414
v -28.029033660888672 103.30000305175781 48.162506103515625
v -32.059906005859375 112.27999877929688 47.88835144042969
v -28.080001831054688 112.27999877929688 48.68000030517578
v -31.860912322998047 112.80000305175781 47.40793228149414
v -28.080001831054688 112.27999877929688 48.68000030517578
v -28.029033660888672 112.80000305175781 48.162506103515625
v -31.860912322998047 112.80000305175781 47.40793228149414
v 28.080001831054688 103.81999969482422 48.68000030517578
v -28.080001831054688 103.81999969482422 48.68000030517578
v 28.029029846191406 103.30000305175781 48.162506103515625
v -28.080001831054688 103.81999969482422 48.68000030517578
v -28.029033660888672 103.30000305175781 48.162506103515625
v 28.029029846191406 103.30000305175781 48.162506103515625
v -28.080001831054688 112.27999877929688 48.68000030517578
v 28.080001831054688 112.27999877929688 48.68000030517578
v -28.029033660888672 112.80000305175781 48.162506103515625
v 28.080001831054688 112.27999877929688 48.68000030517578
v 28.029029846191406 112.80000305175781 48.162506103515625
v -28.029033660888672 112.80000305175781 48.162506103515625
v 32.059906005859375 103.81999969482422 47.88835144042969
v 28.080001831054688 103.81999969482422 48.68000030517578
v 31.860912322998047 103.30000305175781 47.40793228149414
v 28.080001831054688 103.81999969482422 48.68000030517578
v 28.029029846191406 103.30000305175781 48.162506103515625
v 31.860912322998047 103.30000305175781 47.40793228149414
v 28.080001831054688 112.27999877929688 48.68000030517578
v 32.059906005859375 112.27999877929688 47.88835144042969
v 28.029029846191406 112.80000305175781 48.162506103515625
v 32.059906005859375 112.27999877929688 47.88835144042969
v 31.860912322998047 112.80000305175781 47.40793228149414
v 28.029029846191406 112.80000305175781 48.162506103515625
v 35.43391418457031 103.81999969482422 45.6339111328125
v 32.059906005859375 103.81999969482422 47.88835144042969
v 35.06621551513672 103.30000305175781 45.26621627807617
v 32.059906005859375 103.81999969482422 47.88835144042969
v 31.860912322998047 103.30000305175781 47.40793228149414
v 35.06621551513672 103.30000305175781 45.26621627807617
v 32.059906005859375 112.27999877929688 47.88835144042969
v 35.43391418457031 112.27999877929688 45.6339111328125
v 31.860912322998047 112.80000305175781 47.40793228149414
v 35.43391418457031 112.27999877929688 45.6339111328125
v 35.06621551513672 112.80000305175781 45.26621627807617
v 31.860912322998047 112.80000305175781 47.40793228149414
v 37.68834686279297 103.81999969482422 42.25990676879883
v 35.43391418457031 103.81999969482422 45.6339111328125
v 37.20793151855469 103.30000305175781 42.0609130859375
v 35.43391418457031 103.81999969482422 45.6339111328125
v 35.06621551513672 103.30000305175781 45.26621627807617
v 37.20793151855469 103.30000305175781 42.0609130859375
v 35.43391418457031 112.27999877929688 45.6339111328125
v 37.68834686279297 112.27999877929688 42.25990676879883
v 35.06621551513672 112.80000305175781 45.26621627807617
v 37.68834686279297 112.27999877929688 42.25990676879883
v 37.20793151855469 112.80000305175781 42.0609130859375
v 35.06621551513672 112.80000305175781 45.26621627807617
v 38.480003356933594 103.81999969482422 38.28000259399414
v 37.68834686279297 103.81999969482422 42.25990676879883
v 37.96250534057617 103.30000305175781 38.229034423828125
v 37.68834686279297 103.81999969482422 42.25990676879883
v 37.20793151855469 103.30000305175781 42.0609130859375
v 37.96250534057617 103.30000305175781 38.229034423828125
v 37.68834686279297 112.27999877929688 42.25990676879883
v 38.480003356933594 112.27999877929688 38.28000259399414
v 37.20793151855469 112.80000305175781 42.0609130859375
v 38.480003356933594 112.27999877929688 38.28000259399414
v 37.96250534057617 112.80000305175781 38.229034423828125
v 37.20793151855469 112.80000305175781 42.0609130859375
v 38.480003356933594 104.83926391601562 4.4592671394348145
v 38.480003356933594 104.08489990234375 5.588259696960449
v 37.96000289916992 104.47156524658203 4.091571807861328
v 38.480003356933594 104.08489990234375 5.588259696960449
v 37.96000289916992 103.60448455810547 5.389265537261963
v 37.96000289916992 104.47156524658203 4.091571807861328
v 38.480003356933594 105.96826171875 3.7048983573913574
v 38.480003356933594 104.83926391601562 4.4592671394348145
v 37.96000289916992 105.7692642211914 3.2244808673858643
v 38.480003356933594 104.83926391601562 4.4592671394348145
v 37.96000289916992 104.47156524658203 4.091571807861328
v 37.96000289916992 105.7692642211914 3.2244808673858643
v 38.480003356933594 107.35096740722656 3.437495231628418
v 38.480003356933594 105.96826171875 3.7048983573913574
v 37.96000289916992 107.29999542236328 2.919999122619629
v 38.480003356933594 105.96826171875 3.7048983573913574
v 37.96000289916992 105.7692642211914 3.2244808673858643
v 37.96000289916992 107.29999542236328 2.919999122619629
v 38.480003356933594 108.86902618408203 3.437495231628418
v 38.480003356933594 107.35096740722656 3.437495231628418
v 37.96000289916992 108.91999816894531 2.919999122619629
v 38.480003356933594 107.35096740722656 3.437495231628418
v 37.96000289916992 107.29999542236328 2.919999122619629
v 37.96000289916992 108.91999816894531 2.919999122619629
v 38.480003356933594 110.20581817626953 3.6957640647888184
v 38.480003356933594 108.86902618408203 3.437495231628418
v 37.96000289916992 110.40481567382812 3.215346574783325
v 38.480003356933594 108.86902618408203 3.437495231628418
v 37.96000289916992 108.91999816894531 2.919999122619629
v 37.96000289916992 110.40481567382812 3.215346574783325
v 38.480003356933594 111.2958755493164 4.42411994934082
v 38.480003356933594 110.20581817626953 3.6957640647888184
v 37.96000289916992 111.66358184814453 4.056425094604492
v 38.480003356933594 110.20581817626953 3.6957640647888184
v 37.96000289916992 110.40481567382812 3.215346574783325
v 37.96000289916992 111.66358184814453 4.056425094604492
v 38.480003356933594 112.02423858642578 5.5141825675964355
v 38.480003356933594 111.2958755493164 4.42411994934082
v 37.96000289916992 112.50464630126953 5.315187454223633
v 38.480003356933594 111.2958755493164 4.42411994934082
v 37.96000289916992 111.66358184814453 4.056425094604492
v 37.96000289916992 112.50464630126953 5.315187454223633
v 38.480003356933594 112.28250122070312 6.850968837738037
v 38.480003356933594 112.02423858642578 5.5141825675964355
v 37.96000289916992 112.80000305175781 6.799998760223389
v 38.480003356933594 112.02423858642578 5.5141825675964355
v 37.96000289916992 112.50464630126953 5.315187454223633
v 37.96000289916992 112.80000305175781 6.799998760223389
v 38.480003356933594 112.27999877929688 38.28000259399414
v 38.480003356933594 112.28250122070312 6.850968837738037
v 37.96250534057617 112.80000305175781 38.229034423828125
v 38.480003356933594 112.28250122070312 6.850968837738037
v 37.96000289916992 112.80000305175781 6.799998760223389
v 37.96250534057617 112.80000305175781 38.229034423828125
v 38.480003356933594 103.81749725341797 6.970968246459961
v 38.480003356933594 103.81999969482422 38.28000259399414
v 37.96000289916992 103.30000305175781 6.919998645782471
v 38.480003356933594 103.81999969482422 38.28000259399414
v 37.96250534057617 103.30000305175781 38.229034423828125
v 37.96000289916992 103.30000305175781 6.919998645782471
v 38.480003356933594 104.08489990234375 5.588259696960449
v 38.480003356933594 103.81749725341797 6.970968246459961
v 37.96000289916992 103.60448455810547 5.389265537261963
v 38.480003356933594 103.81749725341797 6.970968246459961
v 37.96000289916992 103.30000305175781 6.919998645782471
v 37.96000289916992 103.60448455810547 5.389265537261963
v -33.64680862426758 101.5 43.14680862426758
v -32.91753387451172 101.5 42.41753387451172
v -30.597225189208984 101.5 45.18446731567383
v -32.91753387451172 101.5 42.41753387451172
v -30.202547073364258 101.5 44.23162841796875
v -30.597225189208984 101.5 45.18446731567383
v -30.597225189208984 101.5 45.18446731567383
v -30.202547073364258 101.5 44.23162841796875
v -26.941192626953125 101.5 45.902889251708984
v -30.202547073364258 101.5 44.23162841796875
v -26.84241485595703 101.5 44.900001525878906
v -26.941192626953125 101.5 45.902889251708984
v -26.941192626953125 101.5 45.902889251708984
v -26.84241485595703 101.5 44.900001525878906
v 26.941192626953125 101.5 45.902889251708984
v -26.84241485595703 101.5 44.900001525878906
v 26.84241485595703 101.5 44.900001525878906
v 26.941192626953125 101.5 45.902889251708984
v 26.941192626953125 101.5 45.902889251708984
v 26.84241485595703 101.5 44.900001525878906
v 30.597225189208984 101.5 45.18446731567383
v 26.84241485595703 101.5 44.900001525878906
v 30.202547073364258 101.5 44.23162841796875
v 30.597225189208984 101.5 45.18446731567383
v 30.597225189208984 101.5 45.18446731567383
v 30.202547073364258 101.5 44.23162841796875
v 33.64680862426758 101.5 43.14680862426758
v 30.202547073364258 101.5 44.23162841796875
v 32.91753387451172 101.5 42.41753387451172
v 33.64680862426758 101.5 43.14680862426758
v 33.64680862426758 101.5 43.14680862426758
v 32.91753387451172 101.5 42.41753387451172
v 35.68446731567383 101.5 40.097225189208984
v 32.91753387451172 101.5 42.41753387451172
v 34.73162841796875 101.5 39.702545166015625
v 35.68446731567383 101.5 40.097225189208984
v 35.68446731567383 101.5 40.097225189208984
v 34.73162841796875 101.5 39.702545166015625
v 36.402889251708984 101.5 36.441192626953125
v 34.73162841796875 101.5 39.702545166015625
v 35.400001525878906 101.5 36.34241485595703
v 36.402889251708984 101.5 36.441192626953125
v 36.402889251708984 101.5 36.441192626953125
v 35.400001525878906 101.5 36.34241485595703
v 36.402889251708984 101.5 -17.441190719604492
v 35.400001525878906 101.5 36.34241485595703
v 35.400001525878906 101.5 -17.34241485595703
v 36.402889251708984 101.5 -17.441190719604492
v 36.402889251708984 101.5 -17.441190719604492
v 35.400001525878906 101.5 -17.34241485595703
v 35.68446731567383 101.5 -21.097225189208984
v 35.400001525878906 101.5 -17.34241485595703
v 34.73162841796875 101.5 -20.702547073364258
v 35.68446731567383 101.5 -21.097225189208984
v 35.68446731567383 101.5 -21.097225189208984
v 34.73162841796875 101.5 -20.702547073364258
v 33.64680862426758 101.5 -24.146804809570312
v 34.73162841796875 101.5 -20.702547073364258
v 32.91753387451172 101.5 -23.417531967163086
v 33.64680862426758 101.5 -24.146804809570312
v 33.64680862426758 101.5 -24.146804809570312
v 32.91753387451172 101.5 -23.417531967163086
v 30.59722137451172 101.5 -26.18446922302246
v 32.91753387451172 101.5 -23.417531967163086
v 30.202543258666992 101.5 -25.231630325317383
v 30.59722137451172 101.5 -26.18446922302246
v 30.59722137451172 101.5 -26.18446922302246
v 30.202543258666992 101.5 -25.231630325317383
v 26.941192626953125 101.5 -26.902889251708984
v 30.202543258666992 101.5 -25.231630325317383
v 26.84241485595703 101.5 -25.899999618530273
v 26.941192626953125 101.5 -26.902889251708984
v 26.941192626953125 101.5 -26.902889251708984
v 26.84241485595703 101.5 -25.899999618530273
v -26.941192626953125 101.5 -26.902889251708984
v 26.84241485595703 101.5 -25.899999618530273
v -26.84241485595703 101.5 -25.899999618530273
v -26.941192626953125 101.5 -26.902889251708984
v -26.941192626953125 101.5 -26.902889251708984
v -26.84241485595703 101.5 -25.899999618530273
v -30.59722137451172 101.5 -26.18446922302246
v -26.84241485595703 101.5 -25.899999618530273
v -30.202543258666992 101.5 -25.231630325317383
v -30.59722137451172 101.5 -26.18446922302246
v -30.59722137451172 101.5 -26.18446922302246
v -30.202543258666992 101.5 -25.231630325317383
v -33.64680862426758 101.5 -24.146804809570312
v -30.202543258666992 101.5 -25.231630325317383
v -32.91753387451172 101.5 -23.417531967163086
v -33.64680862426758 101.5 -24.146804809570312
v -33.64680862426758 101.5 -24.146804809570312
v -32.91753387451172 101.5 -23.417531967163086
v -35.68446731567383 101.5 -21.097225189208984
v -32.91753387451172 101.5 -23.417531967163086
v -34.73162841796875 101.5 -20.702547073364258
v -35.68446731567383 101.5 -21.097225189208984
v -35.68446731567383 101.5 -21.097225189208984
v -34.73162841796875 101.5 -20.702547073364258
v -36.402889251708984 101.5 -17.441190719604492
v -34.73162841796875 101.5 -20.702547073364258
v -35.400001525878906 101.5 -17.34241485595703
v -36.402889251708984 101.5 -17.441190719604492
v -36.402889251708984 101.5 -17.441190719604492
v -35.400001525878906 101.5 -17.34241485595703
v -36.402889251708984 101.5 36.441192626953125
v -35.400001525878906 101.5 -17.34241485595703
v -35.400001525878906 101.5 36.34241485595703
v -36.402889251708984 101.5 36.441192626953125
v 37 110.60000610351562 1.9199986457824707
v 37 107.26078796386719 1.9219247102737427
v 37 110.60000610351562 -17.500001907348633
v 37 107.26078796386719 1.9219247102737427
v 37 105.6161880493164 2.2549283504486084
v 37 110.60000610351562 -17.500001907348633
v 37 105.6161880493164 2.2549283504486084
v 37 104.18871307373047 3.208728790283203
v 37 110.60000610351562 -17.500001907348633
v 37 104.18871307373047 3.208728790283203
v 37 103.23493194580078 4.6361918449401855
v 37 110.60000610351562 -17.500001907348633
v 37 102.9000015258789 36.5
v 37 102.10000610351562 36.5
v 37 102.90192413330078 6.28079080581665
v 37 102.10000610351562 36.5
v 37 102.10000610351562 -17.500001907348633
v 37 102.90192413330078 6.28079080581665
v 37 102.90192413330078 6.28079080581665
v 37 102.10000610351562 -17.500001907348633
v 37 103.23493194580078 4.6361918449401855
v 37 103.23493194580078 4.6361918449401855
v 37 102.10000610351562 -17.500001907348633
v 37 110.60000610351562 -17.500001907348633
v 37 102.9000015258789 36.5
v 36.23879623413086 102.9000015258789 40.32683563232422
v 37 102.10000610351562 36.5
v 36.23879623413086 102.9000015258789 40.32683563232422
v 36.23879623413086 102.10000610351562 40.32683563232422
v 37 102.10000610351562 36.5
v -28.700315475463867 -12.620121002197266 42.504127502441406
v -25.507312774658203 -12.620112419128418 43.139259338378906
v -30.202547073364258 101.5 44.23162841796875
v -25.507312774658203 -12.620112419128418 43.139259338378906
v -26.84241485595703 101.5 44.900001525878906
v -30.202547073364258 101.5 44.23162841796875
v -36.599998474121094 105.7692642211914 2.6244802474975586
v -34.28017807006836 105.7692642211914 2.6244795322418213
v -36.599998474121094 107.29999542236328 2.3199985027313232
v -34.28017807006836 105.7692642211914 2.6244795322418213
v -34.28000259399414 107.29999542236328 2.319997787475586
v -36.599998474121094 107.29999542236328 2.3199985027313232
v -36.599998474121094 104.47156524658203 3.4915711879730225
v -34.28068161010742 104.47156524658203 3.491569995880127
v -36.599998474121094 105.7692642211914 2.6244802474975586
v -34.28068161010742 104.47156524658203 3.491569995880127
v -34.28017807006836 105.7692642211914 2.6244795322418213
v -36.599998474121094 105.7692642211914 2.6244802474975586
v -36.599998474121094 103.60448455810547 4.789264678955078
v -34.28143310546875 103.60448455810547 4.7892632484436035
v -36.599998474121094 104.47156524658203 3.4915711879730225
v -34.28143310546875 103.60448455810547 4.7892632484436035
v -34.28068161010742 104.47156524658203 3.491569995880127
v -36.599998474121094 104.47156524658203 3.4915711879730225
v -36.599998474121094 103.60448455810547 4.789264678955078
v -36.599998474121094 103.30000305175781 6.319998264312744
v -34.28143310546875 103.60448455810547 4.7892632484436035
v -36.599998474121094 103.30000305175781 6.319998264312744
v -34.282318115234375 103.30000305175781 6.3199968338012695
v -34.28143310546875 103.60448455810547 4.7892632484436035
v -36.599998474121094 110.60000610351562 2.3199985027313232
v -36.599998474121094 107.29999542236328 2.3199985027313232
v -34.28000259399414 110.60000610351562 2.319997787475586
v -36.599998474121094 107.29999542236328 2.3199985027313232
v -34.28000259399414 107.29999542236328 2.319997787475586
v -34.28000259399414 110.60000610351562 2.319997787475586
v 34.28000259399414 107.29999542236328 2.319997787475586
v 36.599998474121094 107.29999542236328 2.3199985027313232
v 34.28000259399414 110.60000610351562 2.319997787475586
v 36.599998474121094 107.29999542236328 2.3199985027313232
v 36.599998474121094 110.60000610351562 2.3199985027313232
v 34.28000259399414 110.60000610351562 2.319997787475586
v -30.678668975830078 -5.630126476287842 37.23799133300781
v -31.17047882080078 -5.630119323730469 34.76551055908203
v -32.276981353759766 110.60006713867188 38.68310546875
v -31.17047882080078 -5.630119323730469 34.76551055908203
v -32.79441452026367 110.60006713867188 36.08180618286133
v -32.276981353759766 110.60006713867188 38.68310546875
v -29.50080108642578 -5.630128860473633 39.00080108642578
v -30.678668975830078 -5.630126476287842 37.23799133300781
v -31.037750244140625 110.60006713867188 40.537750244140625
v -30.678668975830078 -5.630126476287842 37.23799133300781
v -32.276981353759766 110.60006713867188 38.68310546875
v -31.037750244140625 110.60006713867188 40.537750244140625
v -27.737993240356445 -5.630126476287842 40.17866897583008
v -29.50080108642578 -5.630128860473633 39.00080108642578
v -29.18310546875 110.60006713867188 41.776981353759766
v -29.50080108642578 -5.630128860473633 39.00080108642578
v -31.037750244140625 110.60006713867188 40.537750244140625
v -29.18310546875 110.60006713867188 41.776981353759766
v -25.265512466430664 -5.630119323730469 40.67047882080078
v -27.737993240356445 -5.630126476287842 40.17866897583008
v -26.581806182861328 110.60006713867188 42.29441452026367
v -27.737993240356445 -5.630126476287842 40.17866897583008
v -29.18310546875 110.60006713867188 41.776981353759766
v -26.581806182861328 110.60006713867188 42.29441452026367
v 25.265514373779297 -5.630119323730469 40.67047882080078
v -25.265512466430664 -5.630119323730469 40.67047882080078
v 26.581806182861328 110.60006713867188 42.29441452026367
v -25.265512466430664 -5.630119323730469 40.67047882080078
v -26.581806182861328 110.60006713867188 42.29441452026367
v 26.581806182861328 110.60006713867188 42.29441452026367
v 27.737995147705078 -5.630126476287842 40.17866897583008
v 25.265514373779297 -5.630119323730469 40.67047882080078
v 29.18310546875 110.60006713867188 41.776981353759766
v 25.265514373779297 -5.630119323730469 40.67047882080078
v 26.581806182861328 110.60006713867188 42.29441452026367
v 29.18310546875 110.60006713867188 41.776981353759766
v 29.50080108642578 -5.630128860473633 39.00080108642578
v 27.737995147705078 -5.630126476287842 40.17866897583008
v 31.037750244140625 110.60006713867188 40.537750244140625
v 27.737995147705078 -5.630126476287842 40.17866897583008
v 29.18310546875 110.60006713867188 41.776981353759766
v 31.037750244140625 110.60006713867188 40.537750244140625
v 30.678668975830078 -5.630126476287842 37.23799133300781
v 29.50080108642578 -5.630128860473633 39.00080108642578
v 32.276981353759766 110.60006713867188 38.68310546875
v 29.50080108642578 -5.630128860473633 39.00080108642578
v 31.037750244140625 110.60006713867188 40.537750244140625
v 32.276981353759766 110.60006713867188 38.68310546875
v 31.17047882080078 -5.630119323730469 34.76551055908203
v 30.678668975830078 -5.630126476287842 37.23799133300781
v 32.79441452026367 110.60006713867188 36.08180618286133
v 30.678668975830078 -5.630126476287842 37.23799133300781
v 32.276981353759766 110.60006713867188 38.68310546875
v 32.79441452026367 110.60006713867188 36.08180618286133
v 31.17047882080078 -5.630119323730469 -15.76551342010498
v 31.17047882080078 -5.630119323730469 34.76551055908203
v 32.79441452026367 110.60006713867188 -17.08180809020996
v 31.17047882080078 -5.630119323730469 34.76551055908203
v 32.79441452026367 110.60006713867188 36.08180618286133
v 32.79441452026367 110.60006713867188 -17.08180809020996
v 30.678668975830078 -5.630126476287842 -18.23799705505371
v 31.17047882080078 -5.630119323730469 -15.76551342010498
v 32.276981353759766 110.60006713867188 -19.68310546875
v 31.17047882080078 -5.630119323730469 -15.76551342010498
v 32.79441452026367 110.60006713867188 -17.08180809020996
v 32.276981353759766 110.60006713867188 -19.68310546875
v 29.50080108642578 -5.630128860473633 -20.00080108642578
v 30.678668975830078 -5.630126476287842 -18.23799705505371
v 31.037750244140625 110.60006713867188 -21.537748336791992
v 30.678668975830078 -5.630126476287842 -18.23799705505371
v 32.276981353759766 110.60006713867188 -19.68310546875
v 31.037750244140625 110.60006713867188 -21.537748336791992
v 27.737995147705078 -5.630126476287842 -21.17867088317871
v 29.50080108642578 -5.630128860473633 -20.00080108642578
v 29.18310546875 110.60006713867188 -22.776981353759766
v 29.50080108642578 -5.630128860473633 -20.00080108642578
v 31.037750244140625 110.60006713867188 -21.537748336791992
v 29.18310546875 110.60006713867188 -22.776981353759766
v 25.265514373779297 -5.630119323730469 -21.67047882080078
v 27.737995147705078 -5.630126476287842 -21.17867088317871
v 26.581806182861328 110.60006713867188 -23.29441261291504
v 27.737995147705078 -5.630126476287842 -21.17867088317871
v 29.18310546875 110.60006713867188 -22.776981353759766
v 26.581806182861328 110.60006713867188 -23.29441261291504
v -25.265512466430664 -5.630119323730469 -21.67047882080078
v 25.265514373779297 -5.630119323730469 -21.67047882080078
v -26.581806182861328 110.60006713867188 -23.29441261291504
v 25.265514373779297 -5.630119323730469 -21.67047882080078
v 26.581806182861328 110.60006713867188 -23.29441261291504
v -26.581806182861328 110.60006713867188 -23.29441261291504
v -27.737993240356445 -5.630126476287842 -21.17867088317871
v -25.265512466430664 -5.630119323730469 -21.67047882080078
v -29.18310546875 110.60006713867188 -22.776981353759766
v -25.265512466430664 -5.630119323730469 -21.67047882080078
v -26.581806182861328 110.60006713867188 -23.29441261291504
v -29.18310546875 110.60006713867188 -22.776981353759766
v -29.50080108642578 -5.630128860473633 -20.00080108642578
v -27.737993240356445 -5.630126476287842 -21.17867088317871
v -31.037750244140625 110.60006713867188 -21.537748336791992
v -27.737993240356445 -5.630126476287842 -21.17867088317871
v -29.18310546875 110.60006713867188 -22.776981353759766
v -31.037750244140625 110.60006713867188 -21.537748336791992
v -30.678668975830078 -5.630126476287842 -18.23799705505371
v -29.50080108642578 -5.630128860473633 -20.00080108642578
v -32.276981353759766 110.60006713867188 -19.68310546875
v -29.50080108642578 -5.630128860473633 -20.00080108642578
v -31.037750244140625 110.60006713867188 -21.537748336791992
v -32.276981353759766 110.60006713867188 -19.68310546875
v -31.17047882080078 -5.630119323730469 -15.76551342010498
v -30.678668975830078 -5.630126476287842 -18.23799705505371
v -32.79441452026367 110.60006713867188 -17.08180809020996
v -30.678668975830078 -5.630126476287842 -18.23799705505371
v -32.276981353759766 110.60006713867188 -19.68310546875
v -32.79441452026367 110.60006713867188 -17.08180809020996
v -30.413612365722656 -6.379997730255127 34.68350601196289
v -29.975446701049805 -6.379997730255127 36.94165802001953
v -30.413612365722656 -6.379997730255127 -15.683507919311523
v -29.975446701049805 -6.379997730255127 36.94165802001953
v -28.960556030273438 -6.379997730255127 38.46055603027344
v -30.413612365722656 -6.379997730255127 -15.683507919311523
v -28.960556030273438 -6.379997730255127 38.46055603027344
v -27.441659927368164 -6.379997730255127 39.47544860839844
v -30.413612365722656 -6.379997730255127 -15.683507919311523
v -27.441659927368164 -6.379997730255127 39.47544860839844
v -25.183504104614258 -6.379997730255127 39.913612365722656
v -30.413612365722656 -6.379997730255127 -15.683507919311523
v -25.183504104614258 -6.379997730255127 39.913612365722656
v 25.183507919311523 -6.379997730255127 39.913612365722656
v -30.413612365722656 -6.379997730255127 -15.683507919311523
v 25.183507919311523 -6.379997730255127 39.913612365722656
v 27.441659927368164 -6.379997730255127 39.47544860839844
v -30.413612365722656 -6.379997730255127 -15.683507919311523
v 27.441659927368164 -6.379997730255127 39.47544860839844
v 28.960556030273438 -6.379997730255127 38.46055603027344
v -30.413612365722656 -6.379997730255127 -15.683507919311523
v 28.960556030273438 -6.379997730255127 38.46055603027344
v 29.975446701049805 -6.379997730255127 36.94165802001953
v -30.413612365722656 -6.379997730255127 -15.683507919311523
v 29.975446701049805 -6.379997730255127 36.94165802001953
v 30.413612365722656 -6.379997730255127 34.68350601196289
v -30.413612365722656 -6.379997730255127 -15.683507919311523
v 30.413612365722656 -6.379997730255127 34.68350601196289
v 30.413612365722656 -6.379997730255127 -15.683507919311523
v -30.413612365722656 -6.379997730255127 -15.683507919311523
v 30.413612365722656 -6.379997730255127 -15.683507919311523
v 29.975446701049805 -6.379997730255127 -17.941661834716797
v -30.413612365722656 -6.379997730255127 -15.683507919311523
v 29.975446701049805 -6.379997730255127 -17.941661834716797
v 28.960556030273438 -6.379997730255127 -19.460556030273438
v -30.413612365722656 -6.379997730255127 -15.683507919311523
v 28.960556030273438 -6.379997730255127 -19.460556030273438
v 27.441659927368164 -6.379997730255127 -20.475448608398438
v -30.413612365722656 -6.379997730255127 -15.683507919311523
v 27.441659927368164 -6.379997730255127 -20.475448608398438
v 25.183507919311523 -6.379997730255127 -20.913612365722656
v -30.413612365722656 -6.379997730255127 -15.683507919311523
v 25.183507919311523 -6.379997730255127 -20.913612365722656
v -25.183504104614258 -6.379997730255127 -20.913612365722656
v -30.413612365722656 -6.379997730255127 -15.683507919311523
v -25.183504104614258 -6.379997730255127 -20.913612365722656
v -27.441659927368164 -6.379997730255127 -20.475448608398438
v -30.413612365722656 -6.379997730255127 -15.683507919311523
v -27.441659927368164 -6.379997730255127 -20.475448608398438
v -28.960556030273438 -6.379997730255127 -19.460554122924805
v -30.413612365722656 -6.379997730255127 -15.683507919311523
v -28.960556030273438 -6.379997730255127 -19.460554122924805
v -29.975446701049805 -6.379997730255127 -17.941661834716797
v -30.413612365722656 -6.379997730255127 -15.683507919311523
v -36.6019287109375 111 -17.46079444885254
v -33.19807434082031 111 -17.12554359436035
v -35.86924362182617 111 -21.17376136779785
v -33.19807434082031 111 -17.12554359436035
v -32.65203094482422 111 -19.841150283813477
v -35.86924362182617 111 -21.17376136779785
v -35.86924362182617 111 -21.17376136779785
v -32.65203094482422 111 -19.841150283813477
v -33.78822708129883 111 -24.288225173950195
v -32.65203094482422 111 -19.841150283813477
v -31.32588005065918 111 -21.82588005065918
v -33.78822708129883 111 -24.288225173950195
v -33.78822708129883 111 -24.288225173950195
v -31.32588005065918 111 -21.82588005065918
v -30.67375946044922 111 -26.369243621826172
v -31.32588005065918 111 -21.82588005065918
v -29.341148376464844 111 -23.152034759521484
v -30.67375946044922 111 -26.369243621826172
v -30.67375946044922 111 -26.369243621826172
v -29.341148376464844 111 -23.152034759521484
v -26.960792541503906 111 -27.1019287109375
v -29.341148376464844 111 -23.152034759521484
v -26.62554359436035 111 -23.698074340820312
v -26.960792541503906 111 -27.1019287109375
v -26.960792541503906 111 -27.1019287109375
v -26.62554359436035 111 -23.698074340820312
v 26.960796356201172 111 -27.1019287109375
v -26.62554359436035 111 -23.698074340820312
v 26.62554359436035 111 -23.698074340820312
v 26.960796356201172 111 -27.1019287109375
v 26.960796356201172 111 -27.1019287109375
v 26.62554359436035 111 -23.698074340820312
v 30.67375946044922 111 -26.369243621826172
v 26.62554359436035 111 -23.698074340820312
v 29.341148376464844 111 -23.152034759521484
v 30.67375946044922 111 -26.369243621826172
v 30.67375946044922 111 -26.369243621826172
v 29.341148376464844 111 -23.152034759521484
v 33.78822708129883 111 -24.288225173950195
v 29.341148376464844 111 -23.152034759521484
v 31.32588005065918 111 -21.82588005065918
v 33.78822708129883 111 -24.288225173950195
v 33.78822708129883 111 -24.288225173950195
v 31.32588005065918 111 -21.82588005065918
v 35.86924362182617 111 -21.17376136779785
v 31.32588005065918 111 -21.82588005065918
v 32.65203094482422 111 -19.841150283813477
v 35.86924362182617 111 -21.17376136779785
v 35.86924362182617 111 -21.17376136779785
v 32.65203094482422 111 -19.841150283813477
v 36.6019287109375 111 -17.46079444885254
v 32.65203094482422 111 -19.841150283813477
v 33.19807434082031 111 -17.12554359436035
v 36.6019287109375 111 -17.46079444885254
v 36.23879623413086 102.9000015258789 40.32683563232422
v 34.07107162475586 102.9000015258789 43.57107162475586
v 36.23879623413086 102.10000610351562 40.32683563232422
v 34.07107162475586 102.9000015258789 43.57107162475586
v 34.07107162475586 102.10000610351562 43.57107162475586
v 36.23879623413086 102.10000610351562 40.32683563232422
v 34.07107162475586 102.9000015258789 43.57107162475586
v 30.826833724975586 102.9000015258789 45.73879623413086
v 34.07107162475586 102.10000610351562 43.57107162475586
v 30.826833724975586 102.9000015258789 45.73879623413086
v 30.826833724975586 102.10000610351562 45.73879623413086
v 34.07107162475586 102.10000610351562 43.57107162475586
v 30.826833724975586 102.9000015258789 45.73879623413086
v 27.000001907348633 102.9000015258789 46.5
v 30.826833724975586 102.10000610351562 45.73879623413086
v 27.000001907348633 102.9000015258789 46.5
v 27.000001907348633 102.10000610351562 46.5
v 30.826833724975586 102.10000610351562 45.73879623413086
v -27.000001907348633 102.10000610351562 46.5
v 27.000001907348633 102.10000610351562 46.5
v -27.000001907348633 102.9000015258789 46.5
v 27.000001907348633 102.10000610351562 46.5
v 27.000001907348633 102.9000015258789 46.5
v -27.000001907348633 102.9000015258789 46.5
v -27.000001907348633 102.9000015258789 46.5
v -30.826833724975586 102.9000015258789 45.73879623413086
v -27.000001907348633 102.10000610351562 46.5
v -30.826833724975586 102.9000015258789 45.73879623413086
v -30.826833724975586 102.10000610351562 45.73879623413086
v -27.000001907348633 102.10000610351562 46.5
v -30.826833724975586 102.9000015258789 45.73879623413086
v -34.07107162475586 102.9000015258789 43.57107162475586
v -30.826833724975586 102.10000610351562 45.73879623413086
v -34.07107162475586 102.9000015258789 43.57107162475586
v -34.07107162475586 102.10000610351562 43.57107162475586
v -30.826833724975586 102.10000610351562 45.73879623413086
v -34.07107162475586 102.9000015258789 43.57107162475586
v -36.23879623413086 102.9000015258789 40.32683563232422
v -34.07107162475586 102.10000610351562 43.57107162475586
v -36.23879623413086 102.9000015258789 40.32683563232422
v -36.23879623413086 102.10000610351562 40.32683563232422
v -34.07107162475586 102.10000610351562 43.57107162475586
v -37 102.9000015258789 36.5
v -37 102.90192413330078 6.28079080581665
v -37 102.10000610351562 36.5
v -37 110.60000610351562 1.9199986457824707
v -37 110.60000610351562 -17.500001907348633
v -37 107.26078796386719 1.9219247102737427
v -37 107.26078796386719 1.9219247102737427
v -37 110.60000610351562 -17.500001907348633
v -37 105.6161880493164 2.2549283504486084
v -37 105.6161880493164 2.2549283504486084
v -37 110.60000610351562 -17.500001907348633
v -37 104.18871307373047 3.208728790283203
v -37 104.18871307373047 3.208728790283203
v -37 110.60000610351562 -17.500001907348633
v -37 103.23493194580078 4.6361918449401855
v -37 110.60000610351562 -17.500001907348633
v -37 102.10000610351562 -17.500001907348633
v -37 103.23493194580078 4.6361918449401855
v -37 103.23493194580078 4.6361918449401855
v -37 102.10000610351562 -17.500001907348633
v -37 102.90192413330078 6.28079080581665
v -37 102.90192413330078 6.28079080581665
v -37 102.10000610351562 -17.500001907348633
v -37 102.10000610351562 36.5
v -36.23879623413086 102.9000015258789 40.32683563232422
v -37 102.9000015258789 36.5
v -36.23879623413086 102.10000610351562 40.32683563232422
v -37 102.9000015258789 36.5
v -37 102.10000610351562 36.5
v -36.23879623413086 102.10000610351562 40.32683563232422
v -33.78822708129883 111 -24.288225173950195
v -30.67375946044922 111 -26.369243621826172
v -34.07107162475586 110.60000610351562 -24.571067810058594
v -30.67375946044922 111 -26.369243621826172
v -30.826833724975586 110.60000610351562 -26.73879623413086
v -34.07107162475586 110.60000610351562 -24.571067810058594
v -35.86924362182617 111 -21.17376136779785
v -33.78822708129883 111 -24.288225173950195
v -36.23879623413086 110.60000610351562 -21.32683563232422
v -33.78822708129883 111 -24.288225173950195
v -34.07107162475586 110.60000610351562 -24.571067810058594
v -36.23879623413086 110.60000610351562 -21.32683563232422
v -36.6019287109375 111 -17.46079444885254
v -35.86924362182617 111 -21.17376136779785
v -37 110.60000610351562 -17.500001907348633
v -35.86924362182617 111 -21.17376136779785
v -36.23879623413086 110.60000610351562 -21.32683563232422
v -37 110.60000610351562 -17.500001907348633
v 35.86924362182617 111 -21.17376136779785
v 36.6019287109375 111 -17.46079444885254
v 36.23879623413086 110.60000610351562 -21.32683563232422
v 36.6019287109375 111 -17.46079444885254
v 37 110.60000610351562 -17.500001907348633
v 36.23879623413086 110.60000610351562 -21.32683563232422
v 33.78822708129883 111 -24.288225173950195
v 35.86924362182617 111 -21.17376136779785
v 34.07107162475586 110.60000610351562 -24.571067810058594
v 35.86924362182617 111 -21.17376136779785
v 36.23879623413086 110.60000610351562 -21.32683563232422
v 34.07107162475586 110.60000610351562 -24.571067810058594
v 30.67375946044922 111 -26.369243621826172
v 33.78822708129883 111 -24.288225173950195
v 30.826833724975586 110.60000610351562 -26.73879623413086
v 33.78822708129883 111 -24.288225173950195
v 34.07107162475586 110.60000610351562 -24.571067810058594
v 30.826833724975586 110.60000610351562 -26.73879623413086
v 26.960796356201172 111 -27.1019287109375
v 30.67375946044922 111 -26.369243621826172
v 27.000001907348633 110.60000610351562 -27.5
v 30.67375946044922 111 -26.369243621826172
v 30.826833724975586 110.60000610351562 -26.73879623413086
v 27.000001907348633 110.60000610351562 -27.5
v -26.960792541503906 111 -27.1019287109375
v 26.960796356201172 111 -27.1019287109375
v -27.000001907348633 110.60000610351562 -27.5
v 26.960796356201172 111 -27.1019287109375
v 27.000001907348633 110.60000610351562 -27.5
v -27.000001907348633 110.60000610351562 -27.5
v -30.67375946044922 111 -26.369243621826172
v -26.960792541503906 111 -27.1019287109375
v -30.826833724975586 110.60000610351562 -26.73879623413086
v -26.960792541503906 111 -27.1019287109375
v -27.000001907348633 110.60000610351562 -27.5
v -30.826833724975586 110.60000610351562 -26.73879623413086
v 32.276981353759766 110.60006713867188 -19.68310546875
v 32.79441452026367 110.60006713867188 -17.08180809020996
v 32.65203094482422 111 -19.841150283813477
v 32.79441452026367 110.60006713867188 -17.08180809020996
v 33.19807434082031 111 -17.12554359436035
v 32.65203094482422 111 -19.841150283813477
v 31.037750244140625 110.60006713867188 -21.537748336791992
v 32.276981353759766 110.60006713867188 -19.68310546875
v 31.32588005065918 111 -21.82588005065918
v 32.276981353759766 110.60006713867188 -19.68310546875
v 32.65203094482422 111 -19.841150283813477
v 31.32588005065918 111 -21.82588005065918
v 29.18310546875 110.60006713867188 -22.776981353759766
v 31.037750244140625 110.60006713867188 -21.537748336791992
v 29.341148376464844 111 -23.152034759521484
v 31.037750244140625 110.60006713867188 -21.537748336791992
v 31.32588005065918 111 -21.82588005065918
v 29.341148376464844 111 -23.152034759521484
v 26.581806182861328 110.60006713867188 -23.29441261291504
v 29.18310546875 110.60006713867188 -22.776981353759766
v 26.62554359436035 111 -23.698074340820312
v 29.18310546875 110.60006713867188 -22.776981353759766
v 29.341148376464844 111 -23.152034759521484
v 26.62554359436035 111 -23.698074340820312
v -26.581806182861328 110.60006713867188 -23.29441261291504
v 26.581806182861328 110.60006713867188 -23.29441261291504
v -26.62554359436035 111 -23.698074340820312
v 26.581806182861328 110.60006713867188 -23.29441261291504
v 26.62554359436035 111 -23.698074340820312
v -26.62554359436035 111 -23.698074340820312
v -29.18310546875 110.60006713867188 -22.776981353759766
v -26.581806182861328 110.60006713867188 -23.29441261291504
v -29.341148376464844 111 -23.152034759521484
v -26.581806182861328 110.60006713867188 -23.29441261291504
v -26.62554359436035 111 -23.698074340820312
v -29.341148376464844 111 -23.152034759521484
v -31.037750244140625 110.60006713867188 -21.537748336791992
v -29.18310546875 110.60006713867188 -22.776981353759766
v -31.32588005065918 111 -21.82588005065918
v -29.18310546875 110.60006713867188 -22.776981353759766
v -29.341148376464844 111 -23.152034759521484
v -31.32588005065918 111 -21.82588005065918
v -32.276981353759766 110.60006713867188 -19.68310546875
v -31.037750244140625 110.60006713867188 -21.537748336791992
v -32.65203094482422 111 -19.841150283813477
v -31.037750244140625 110.60006713867188 -21.537748336791992
v -31.32588005065918 111 -21.82588005065918
v -32.65203094482422 111 -19.841150283813477
v -32.79441452026367 110.60006713867188 -17.08180809020996
v -32.276981353759766 110.60006713867188 -19.68310546875
v -33.19807434082031 111 -17.12554359436035
v -32.276981353759766 110.60006713867188 -19.68310546875
v -32.65203094482422 111 -19.841150283813477
v -33.19807434082031 111 -17.12554359436035
v -32.79441452026367 110.60006713867188 36.08180618286133
v -32.79441452026367 110.60006713867188 -17.08180809020996
v -33.11419677734375 111 36.333885192871094
v -32.79441452026367 110.60006713867188 -17.08180809020996
v -33.19807434082031 111 -17.12554359436035
v -33.11419677734375 111 36.333885192871094
v -32.276981353759766 110.60006713867188 38.68310546875
v -32.79441452026367 110.60006713867188 36.08180618286133
v -32.58061599731445 111 38.95474624633789
v -32.79441452026367 110.60006713867188 36.08180618286133
v -33.11419677734375 111 36.333885192871094
v -32.58061599731445 111 38.95474624633789
v -31.037750244140625 110.60006713867188 40.537750244140625
v -32.276981353759766 110.60006713867188 38.68310546875
v -31.316110610961914 111 40.835323333740234
v -32.276981353759766 110.60006713867188 38.68310546875
v -32.58061599731445 111 38.95474624633789
v -31.316110610961914 111 40.835323333740234
v -29.18310546875 110.60006713867188 41.776981353759766
v -31.037750244140625 110.60006713867188 40.537750244140625
v -29.433679580688477 111 42.098201751708984
v -31.037750244140625 110.60006713867188 40.537750244140625
v -31.316110610961914 111 40.835323333740234
v -29.433679580688477 111 42.098201751708984
v -26.581806182861328 110.60006713867188 42.29441452026367
v -29.18310546875 110.60006713867188 41.776981353759766
v -26.810386657714844 111 42.63136291503906
v -29.18310546875 110.60006713867188 41.776981353759766
v -29.433679580688477 111 42.098201751708984
v -26.810386657714844 111 42.63136291503906
v 26.581806182861328 110.60006713867188 42.29441452026367
v -26.581806182861328 110.60006713867188 42.29441452026367
v 26.81039047241211 111 42.63136291503906
v -26.581806182861328 110.60006713867188 42.29441452026367
v -26.810386657714844 111 42.63136291503906
v 26.81039047241211 111 42.63136291503906
v 29.18310546875 110.60006713867188 41.776981353759766
v 26.581806182861328 110.60006713867188 42.29441452026367
v 29.433679580688477 111 42.098201751708984
v 26.581806182861328 110.60006713867188 42.29441452026367
v 26.81039047241211 111 42.63136291503906
v 29.433679580688477 111 42.098201751708984
v 31.037750244140625 110.60006713867188 40.537750244140625
v 29.18310546875 110.60006713867188 41.776981353759766
v 31.316110610961914 111 40.835323333740234
v 29.18310546875 110.60006713867188 41.776981353759766
v 29.433679580688477 111 42.098201751708984
v 31.316110610961914 111 40.835323333740234
v 32.276981353759766 110.60006713867188 38.68310546875
v 31.037750244140625 110.60006713867188 40.537750244140625
v 32.58061599731445 111 38.95474624633789
v 31.037750244140625 110.60006713867188 40.537750244140625
v 31.316110610961914 111 40.835323333740234
v 32.58061599731445 111 38.95474624633789
v 32.79441452026367 110.60006713867188 36.08180618286133
v 32.276981353759766 110.60006713867188 38.68310546875
v 33.11419677734375 111 36.333885192871094
v 32.276981353759766 110.60006713867188 38.68310546875
v 32.58061599731445 111 38.95474624633789
v 33.11419677734375 111 36.333885192871094
v 32.79441452026367 110.60006713867188 -17.08180809020996
v 32.79441452026367 110.60006713867188 36.08180618286133
v 33.19807434082031 111 -17.12554359436035
v 32.79441452026367 110.60006713867188 36.08180618286133
v 33.11419677734375 111 36.333885192871094
v 33.19807434082031 111 -17.12554359436035
v 37 107.26078796386719 1.9219247102737427
v 37 110.60000610351562 1.9199986457824707
v 36.599998474121094 107.29999542236328 2.3199985027313232
v 37 110.60000610351562 1.9199986457824707
v 36.599998474121094 110.60000610351562 2.3199985027313232
v 36.599998474121094 107.29999542236328 2.3199985027313232
v 36.599998474121094 111 1.9199986457824707
v 33.8797721862793 111 1.9199976921081543
v 36.599998474121094 110.60000610351562 2.3199985027313232
v 33.8797721862793 111 1.9199976921081543
v 34.28000259399414 110.60000610351562 2.319997787475586
v 36.599998474121094 110.60000610351562 2.3199985027313232
v -33.8797721862793 111 1.9199976921081543
v -36.599998474121094 111 1.9199986457824707
v -34.28000259399414 110.60000610351562 2.319997787475586
v -36.599998474121094 111 1.9199986457824707
v -36.599998474121094 110.60000610351562 2.3199985027313232
v -34.28000259399414 110.60000610351562 2.319997787475586
v -37 110.60000610351562 1.9199986457824707
v -37 107.26078796386719 1.9219247102737427
v -36.599998474121094 110.60000610351562 2.3199985027313232
v -37 107.26078796386719 1.9219247102737427
v -36.599998474121094 107.29999542236328 2.3199985027313232
v -36.599998474121094 110.60000610351562 2.3199985027313232
v -37 103.23493194580078 4.6361918449401855
v -37 102.90192413330078 6.28079080581665
v -36.599998474121094 103.60448455810547 4.789264678955078
v -37 102.90192413330078 6.28079080581665
v -36.599998474121094 103.30000305175781 6.319998264312744
v -36.599998474121094 103.60448455810547 4.789264678955078
v -37 104.18871307373047 3.208728790283203
v -37 103.23493194580078 4.6361918449401855
v -36.599998474121094 104.47156524658203 3.4915711879730225
v -37 103.23493194580078 4.6361918449401855
v -36.599998474121094 103.60448455810547 4.789264678955078
v -36.599998474121094 104.47156524658203 3.4915711879730225
v -37 105.6161880493164 2.2549283504486084
v -37 104.18871307373047 3.208728790283203
v -36.599998474121094 105.7692642211914 2.6244802474975586
v -37 104.18871307373047 3.208728790283203
v -36.599998474121094 104.47156524658203 3.4915711879730225
v -36.599998474121094 105.7692642211914 2.6244802474975586
v -37 107.26078796386719 1.9219247102737427
v -37 105.6161880493164 2.2549283504486084
v -36.599998474121094 107.29999542236328 2.3199985027313232
v -37 105.6161880493164 2.2549283504486084
v -36.599998474121094 105.7692642211914 2.6244802474975586
v -36.599998474121094 107.29999542236328 2.3199985027313232
v 37 102.90192413330078 6.28079080581665
v 37 103.23493194580078 4.6361918449401855
v 36.599998474121094 103.30000305175781 6.319998264312744
v 37 103.23493194580078 4.6361918449401855
v 36.599998474121094 103.60448455810547 4.789264678955078
v 36.599998474121094 103.30000305175781 6.319998264312744
v 37 103.23493194580078 4.6361918449401855
v 37 104.18871307373047 3.208728790283203
v 36.599998474121094 103.60448455810547 4.789264678955078
v 37 104.18871307373047 3.208728790283203
v 36.599998474121094 104.47156524658203 3.4915711879730225
v 36.599998474121094 103.60448455810547 4.789264678955078
v 37 104.18871307373047 3.208728790283203
v 37 105.6161880493164 2.2549283504486084
v 36.599998474121094 104.47156524658203 3.4915711879730225
v 37 105.6161880493164 2.2549283504486084
v 36.599998474121094 105.7692642211914 2.6244802474975586
v 36.599998474121094 104.47156524658203 3.4915711879730225
v 37 105.6161880493164 2.2549283504486084
v 37 107.26078796386719 1.9219247102737427
v 36.599998474121094 105.7692642211914 2.6244802474975586
v 37 107.26078796386719 1.9219247102737427
v 36.599998474121094 107.29999542236328 2.3199985027313232
v 36.599998474121094 105.7692642211914 2.6244802474975586
v 37 110.60000610351562 1.9199986457824707
v 37 110.60000610351562 -17.500001907348633
v 36.599998474121094 111 1.9199986457824707
v 37 110.60000610351562 -17.500001907348633
v 36.6019287109375 111 -17.46079444885254
v 36.599998474121094 111 1.9199986457824707
v 37 102.9000015258789 36.5
v 37 102.90192413330078 6.28079080581665
v 36.61527633666992 103.30000305175781 36.60948944091797
v 37 102.90192413330078 6.28079080581665
v 36.599998474121094 103.30000305175781 6.319998264312744
v 36.61527633666992 103.30000305175781 36.60948944091797
v 36.23879623413086 102.9000015258789 40.32683563232422
v 37 102.9000015258789 36.5
v 35.84131622314453 103.30000305175781 40.28199768066406
v 37 102.9000015258789 36.5
v 36.61527633666992 103.30000305175781 36.60948944091797
v 35.84131622314453 103.30000305175781 40.28199768066406
v 34.07107162475586 102.9000015258789 43.57107162475586
v 36.23879623413086 102.9000015258789 40.32683563232422
v 33.779296875 103.30000305175781 43.29745101928711
v 36.23879623413086 102.9000015258789 40.32683563232422
v 35.84131622314453 103.30000305175781 40.28199768066406
v 33.779296875 103.30000305175781 43.29745101928711
v 30.826833724975586 102.9000015258789 45.73879623413086
v 34.07107162475586 102.9000015258789 43.57107162475586
v 30.763425827026367 103.30000305175781 45.34385299682617
v 34.07107162475586 102.9000015258789 43.57107162475586
v 33.779296875 103.30000305175781 43.29745101928711
v 30.763425827026367 103.30000305175781 45.34385299682617
v 27.000001907348633 102.9000015258789 46.5
v 30.826833724975586 102.9000015258789 45.73879623413086
v 27.099592208862305 103.30000305175781 46.11259841918945
v 30.826833724975586 102.9000015258789 45.73879623413086
v 30.763425827026367 103.30000305175781 45.34385299682617
v 27.099592208862305 103.30000305175781 46.11259841918945
v -27.000001907348633 102.9000015258789 46.5
v 27.000001907348633 102.9000015258789 46.5
v -27.099592208862305 103.30000305175781 46.11259841918945
v 27.000001907348633 102.9000015258789 46.5
v 27.099592208862305 103.30000305175781 46.11259841918945
v -27.099592208862305 103.30000305175781 46.11259841918945
v -30.826833724975586 102.9000015258789 45.73879623413086
v -27.000001907348633 102.9000015258789 46.5
v -30.763425827026367 103.30000305175781 45.34385299682617
v -27.000001907348633 102.9000015258789 46.5
v -27.099592208862305 103.30000305175781 46.11259841918945
v -30.763425827026367 103.30000305175781 45.34385299682617
v -34.07107162475586 102.9000015258789 43.57107162475586
v -30.826833724975586 102.9000015258789 45.73879623413086
v -33.779296875 103.30000305175781 43.29745101928711
v -30.826833724975586 102.9000015258789 45.73879623413086
v -30.763425827026367 103.30000305175781 45.34385299682617
v -33.779296875 103.30000305175781 43.29745101928711
v -36.23879623413086 102.9000015258789 40.32683563232422
v -34.07107162475586 102.9000015258789 43.57107162475586
v -35.84131622314453 103.30000305175781 40.28199768066406
v -34.07107162475586 102.9000015258789 43.57107162475586
v -33.779296875 103.30000305175781 43.29745101928711
v -35.84131622314453 103.30000305175781 40.28199768066406
v -37 102.90192413330078 6.28079080581665
v -37 102.9000015258789 36.5
v -36.599998474121094 103.30000305175781 6.319998264312744
v -37 102.9000015258789 36.5
v -36.61527633666992 103.30000305175781 36.60948944091797
v -36.599998474121094 103.30000305175781 6.319998264312744
v -37 110.60000610351562 -17.500001907348633
v -37 110.60000610351562 1.9199986457824707
v -36.6019287109375 111 -17.46079444885254
v -37 110.60000610351562 1.9199986457824707
v -36.599998474121094 111 1.9199986457824707
v -36.6019287109375 111 -17.46079444885254
v -37 102.9000015258789 36.5
v -36.23879623413086 102.9000015258789 40.32683563232422
v -36.61527633666992 103.30000305175781 36.60948944091797
v -36.23879623413086 102.9000015258789 40.32683563232422
v -35.84131622314453 103.30000305175781 40.28199768066406
v -36.61527633666992 103.30000305175781 36.60948944091797
v -33.98603057861328 111 37.020782470703125
v -33.8797721862793 111 1.9199976921081543
v -34.30022430419922 110.60000610351562 37.268333435058594
v -33.8797721862793 111 1.9199976921081543
v -34.28000259399414 110.60000610351562 2.319997787475586
v -34.30022430419922 110.60000610351562 37.268333435058594
v -33.50991439819336 111 39.78596496582031
v -33.98603057861328 111 37.020782470703125
v -33.80805206298828 110.60000610351562 40.05263900756836
v -33.98603057861328 111 37.020782470703125
v -34.30022430419922 110.60000610351562 37.268333435058594
v -33.80805206298828 110.60000610351562 40.05263900756836
v -32.19099044799805 111 41.77177429199219
v -33.50991439819336 111 39.78596496582031
v -32.46406173706055 110.60000610351562 42.06406021118164
v -33.50991439819336 111 39.78596496582031
v -33.80805206298828 110.60000610351562 40.05263900756836
v -32.46406173706055 110.60000610351562 42.06406021118164
v -30.207035064697266 111 43.09233093261719
v -32.19099044799805 111 41.77177429199219
v -30.452638626098633 110.60000610351562 43.408050537109375
v -32.19099044799805 111 41.77177429199219
v -32.46406173706055 110.60000610351562 42.06406021118164
v -30.452638626098633 110.60000610351562 43.408050537109375
v -27.444278717041016 111 43.56886291503906
v -30.207035064697266 111 43.09233093261719
v -27.6683292388916 110.60000610351562 43.90022277832031
v -30.207035064697266 111 43.09233093261719
v -30.452638626098633 110.60000610351562 43.408050537109375
v -27.6683292388916 110.60000610351562 43.90022277832031
v 27.444276809692383 111 43.56886291503906
v -27.444278717041016 111 43.56886291503906
v 27.66832733154297 110.60000610351562 43.90022277832031
v -27.444278717041016 111 43.56886291503906
v -27.6683292388916 110.60000610351562 43.90022277832031
v 27.66832733154297 110.60000610351562 43.90022277832031
v 30.207035064697266 111 43.09233093261719
v 27.444276809692383 111 43.56886291503906
v 30.452638626098633 110.60000610351562 43.408050537109375
v 27.444276809692383 111 43.56886291503906
v 27.66832733154297 110.60000610351562 43.90022277832031
v 30.452638626098633 110.60000610351562 43.408050537109375
v 32.19099044799805 111 41.77177429199219
v 30.207035064697266 111 43.09233093261719
v 32.46406173706055 110.60000610351562 42.06406021118164
v 30.207035064697266 111 43.09233093261719
v 30.452638626098633 110.60000610351562 43.408050537109375
v 32.46406173706055 110.60000610351562 42.06406021118164
v 33.50991439819336 111 39.78596496582031
v 32.19099044799805 111 41.77177429199219
v 33.80805206298828 110.60000610351562 40.05263900756836
v 32.19099044799805 111 41.77177429199219
v 32.46406173706055 110.60000610351562 42.06406021118164
v 33.80805206298828 110.60000610351562 40.05263900756836
v 33.8797721862793 111 1.9199976921081543
v 33.98603057861328 111 37.020782470703125
v 34.28000259399414 110.60000610351562 2.319997787475586
v 33.98603057861328 111 37.020782470703125
v 34.30022430419922 110.60000610351562 37.268333435058594
v 34.28000259399414 110.60000610351562 2.319997787475586
v 33.98603057861328 111 37.020782470703125
v 33.50991439819336 111 39.78596496582031
v 34.30022430419922 110.60000610351562 37.268333435058594
v 33.50991439819336 111 39.78596496582031
v 33.80805206298828 110.60000610351562 40.05263900756836
v 34.30022430419922 110.60000610351562 37.268333435058594
v -36.599998474121094 111 1.9199986457824707
v -37 110.60000610351562 1.9199986457824707
v -36.599998474121094 110.60000610351562 2.3199985027313232
v 36.599998474121094 110.60000610351562 2.3199985027313232
v 37 110.60000610351562 1.9199986457824707
v 36.599998474121094 111 1.9199986457824707
v -36.23879623413086 102.10000610351562 40.32683563232422
v -37 102.10000610351562 36.5
v -35.68446731567383 101.5 40.097225189208984
v -37 102.10000610351562 36.5
v -36.402889251708984 101.5 36.441192626953125
v -35.68446731567383 101.5 40.097225189208984
v -37 102.10000610351562 36.5
v -37 102.10000610351562 -17.500001907348633
v -36.402889251708984 101.5 36.441192626953125
v -37 102.10000610351562 -17.500001907348633
v -36.402889251708984 101.5 -17.441190719604492
v -36.402889251708984 101.5 36.441192626953125
v -34.07107162475586 102.10000610351562 43.57107162475586
v -36.23879623413086 102.10000610351562 40.32683563232422
v -33.64680862426758 101.5 43.14680862426758
v -36.23879623413086 102.10000610351562 40.32683563232422
v -35.68446731567383 101.5 40.097225189208984
v -33.64680862426758 101.5 43.14680862426758
v -30.826833724975586 102.10000610351562 45.73879623413086
v -34.07107162475586 102.10000610351562 43.57107162475586
v -30.597225189208984 101.5 45.18446731567383
v -34.07107162475586 102.10000610351562 43.57107162475586
v -33.64680862426758 101.5 43.14680862426758
v -30.597225189208984 101.5 45.18446731567383
v -27.000001907348633 102.10000610351562 46.5
v -30.826833724975586 102.10000610351562 45.73879623413086
v -26.941192626953125 101.5 45.902889251708984
v -30.826833724975586 102.10000610351562 45.73879623413086
v -30.597225189208984 101.5 45.18446731567383
v -26.941192626953125 101.5 45.902889251708984
v 27.000001907348633 102.10000610351562 46.5
v -27.000001907348633 102.10000610351562 46.5
v 26.941192626953125 101.5 45.902889251708984
v -27.000001907348633 102.10000610351562 46.5
v -26.941192626953125 101.5 45.902889251708984
v 26.941192626953125 101.5 45.902889251708984
v 30.826833724975586 102.10000610351562 45.73879623413086
v 27.000001907348633 102.10000610351562 46.5
v 30.597225189208984 101.5 45.18446731567383
v 27.000001907348633 102.10000610351562 46.5
v 26.941192626953125 101.5 45.902889251708984
v 30.597225189208984 101.5 45.18446731567383
v 34.07107162475586 102.10000610351562 43.57107162475586
v 30.826833724975586 102.10000610351562 45.73879623413086
v 33.64680862426758 101.5 43.14680862426758
v 30.826833724975586 102.10000610351562 45.73879623413086
v 30.597225189208984 101.5 45.18446731567383
v 33.64680862426758 101.5 43.14680862426758
v 36.23879623413086 102.10000610351562 40.32683563232422
v 34.07107162475586 102.10000610351562 43.57107162475586
v 35.68446731567383 101.5 40.097225189208984
v 34.07107162475586 102.10000610351562 43.57107162475586
v 33.64680862426758 101.5 43.14680862426758
v 35.68446731567383 101.5 40.097225189208984
v 37 102.10000610351562 36.5
v 36.23879623413086 102.10000610351562 40.32683563232422
v 36.402889251708984 101.5 36.441192626953125
v 36.23879623413086 102.10000610351562 40.32683563232422
v 35.68446731567383 101.5 40.097225189208984
v 36.402889251708984 101.5 36.441192626953125
v 37 102.10000610351562 -17.500001907348633
v 37 102.10000610351562 36.5
v 36.402889251708984 101.5 -17.441190719604492
v 37 102.10000610351562 36.5
v 36.402889251708984 101.5 36.441192626953125
v 36.402889251708984 101.5 -17.441190719604492
v -37 102.10000610351562 -17.500001907348633
v -36.23879623413086 102.10000610351562 -21.32683563232422
v -36.402889251708984 101.5 -17.441190719604492
v -36.23879623413086 102.10000610351562 -21.32683563232422
v -35.68446731567383 101.5 -21.097225189208984
v -36.402889251708984 101.5 -17.441190719604492
v -36.23879623413086 102.10000610351562 -21.32683563232422
v -34.07107162475586 102.10000610351562 -24.571067810058594
v -35.68446731567383 101.5 -21.097225189208984
v -34.07107162475586 102.10000610351562 -24.571067810058594
v -33.64680862426758 101.5 -24.146804809570312
v -35.68446731567383 101.5 -21.097225189208984
v -34.07107162475586 102.10000610351562 -24.571067810058594
v -30.826833724975586 102.10000610351562 -26.73879623413086
v -33.64680862426758 101.5 -24.146804809570312
v -30.826833724975586 102.10000610351562 -26.73879623413086
v -30.59722137451172 101.5 -26.18446922302246
v -33.64680862426758 101.5 -24.146804809570312
v -30.826833724975586 102.10000610351562 -26.73879623413086
v -27.000001907348633 102.10000610351562 -27.5
v -30.59722137451172 101.5 -26.18446922302246
v -27.000001907348633 102.10000610351562 -27.5
v -26.941192626953125 101.5 -26.902889251708984
v -30.59722137451172 101.5 -26.18446922302246
v -27.000001907348633 102.10000610351562 -27.5
v 27.000001907348633 102.10000610351562 -27.5
v -26.941192626953125 101.5 -26.902889251708984
v 27.000001907348633 102.10000610351562 -27.5
v 26.941192626953125 101.5 -26.902889251708984
v -26.941192626953125 101.5 -26.902889251708984
v 27.000001907348633 102.10000610351562 -27.5
v 30.826833724975586 102.10000610351562 -26.73879623413086
v 26.941192626953125 101.5 -26.902889251708984
v 30.826833724975586 102.10000610351562 -26.73879623413086
v 30.59722137451172 101.5 -26.18446922302246
v 26.941192626953125 101.5 -26.902889251708984
v 30.826833724975586 102.10000610351562 -26.73879623413086
v 34.07107162475586 102.10000610351562 -24.571067810058594
v 30.59722137451172 101.5 -26.18446922302246
v 34.07107162475586 102.10000610351562 -24.571067810058594
v 33.64680862426758 101.5 -24.146804809570312
v 30.59722137451172 101.5 -26.18446922302246
v 34.07107162475586 102.10000610351562 -24.571067810058594
v 36.23879623413086 102.10000610351562 -21.32683563232422
v 33.64680862426758 101.5 -24.146804809570312
v 36.23879623413086 102.10000610351562 -21.32683563232422
v 35.68446731567383 101.5 -21.097225189208984
v 33.64680862426758 101.5 -24.146804809570312
v 36.23879623413086 102.10000610351562 -21.32683563232422
v 37 102.10000610351562 -17.500001907348633
v 35.68446731567383 101.5 -21.097225189208984
v 37 102.10000610351562 -17.500001907348633
v 36.402889251708984 101.5 -17.441190719604492
v 35.68446731567383 101.5 -21.097225189208984
v -25.507312774658203 -12.620112419128418 43.139259338378906
v -28.700315475463867 -12.620121002197266 42.504127502441406
v -25.441486358642578 -13.220000267028809 42.53289031982422
v -28.700315475463867 -12.620121002197266 42.504127502441406
v -28.46280860900879 -13.220000267028809 41.94071960449219
v -25.441486358642578 -13.220000267028809 42.53289031982422
v -28.700315475463867 -12.620121002197266 42.504127502441406
v -31.280263900756836 -12.620123863220215 40.78026580810547
v -28.46280860900879 -13.220000267028809 41.94071960449219
v -31.280263900756836 -12.620123863220215 40.78026580810547
v -30.847394943237305 -13.220000267028809 40.34739303588867
v -28.46280860900879 -13.220000267028809 41.94071960449219
v -31.280263900756836 -12.620123863220215 40.78026580810547
v -33.004127502441406 -12.620121002197266 38.2003173828125
v -30.847394943237305 -13.220000267028809 40.34739303588867
v -33.004127502441406 -12.620121002197266 38.2003173828125
v -32.44071960449219 -13.220000267028809 37.96281051635742
v -30.847394943237305 -13.220000267028809 40.34739303588867
v -33.004127502441406 -12.620121002197266 38.2003173828125
v -33.639259338378906 -12.620112419128418 35.0073127746582
v -32.44071960449219 -13.220000267028809 37.96281051635742
v -33.639259338378906 -12.620112419128418 35.0073127746582
v -33.03289031982422 -13.220000267028809 34.94148635864258
v -32.44071960449219 -13.220000267028809 37.96281051635742
v 33.639259338378906 -12.620112419128418 35.0073127746582
v 33.004127502441406 -12.620121002197266 38.2003173828125
v 33.03289031982422 -13.220000267028809 34.94148635864258
v 33.004127502441406 -12.620121002197266 38.2003173828125
v 32.44071960449219 -13.220000267028809 37.96281051635742
v 33.03289031982422 -13.220000267028809 34.94148635864258
v 33.004127502441406 -12.620121002197266 38.2003173828125
v 31.280263900756836 -12.620123863220215 40.78026580810547
v 32.44071960449219 -13.220000267028809 37.96281051635742
v 31.280263900756836 -12.620123863220215 40.78026580810547
v 30.847394943237305 -13.220000267028809 40.34739303588867
v 32.44071960449219 -13.220000267028809 37.96281051635742
v 31.280263900756836 -12.620123863220215 40.78026580810547
v 28.700315475463867 -12.620121002197266 42.504127502441406
v 30.847394943237305 -13.220000267028809 40.34739303588867
v 28.700315475463867 -12.620121002197266 42.504127502441406
v 28.46280860900879 -13.220000267028809 41.94071960449219
v 30.847394943237305 -13.220000267028809 40.34739303588867
v 28.700315475463867 -12.620121002197266 42.504127502441406
v 25.507312774658203 -12.620112419128418 43.139259338378906
v 28.46280860900879 -13.220000267028809 41.94071960449219
v 25.507312774658203 -12.620112419128418 43.139259338378906
v 25.441486358642578 -13.220000267028809 42.53289031982422
v 28.46280860900879 -13.220000267028809 41.94071960449219
v -28.700313568115234 -12.620121002197266 -23.50412940979004
v -25.507312774658203 -12.620112419128418 -24.13925552368164
v -28.462806701660156 -13.220000267028809 -22.94072151184082
v -25.507312774658203 -12.620112419128418 -24.13925552368164
v -25.441486358642578 -13.220000267028809 -23.53289031982422
v -28.462806701660156 -13.220000267028809 -22.94072151184082
v -31.280263900756836 -12.620123863220215 -21.780261993408203
v -28.700313568115234 -12.620121002197266 -23.50412940979004
v -30.847394943237305 -13.220000267028809 -21.34739112854004
v -28.700313568115234 -12.620121002197266 -23.50412940979004
v -28.462806701660156 -13.220000267028809 -22.94072151184082
v -30.847394943237305 -13.220000267028809 -21.34739112854004
v -33.004127502441406 -12.620121002197266 -19.200315475463867
v -31.280263900756836 -12.620123863220215 -21.780261993408203
v -32.44071960449219 -13.220000267028809 -18.96280860900879
v -31.280263900756836 -12.620123863220215 -21.780261993408203
v -30.847394943237305 -13.220000267028809 -21.34739112854004
v -32.44071960449219 -13.220000267028809 -18.96280860900879
v -33.639259338378906 -12.620112419128418 -16.007312774658203
v -33.004127502441406 -12.620121002197266 -19.200315475463867
v -33.03289031982422 -13.220000267028809 -15.941484451293945
v -33.004127502441406 -12.620121002197266 -19.200315475463867
v -32.44071960449219 -13.220000267028809 -18.96280860900879
v -33.03289031982422 -13.220000267028809 -15.941484451293945
v 25.507312774658203 -12.620112419128418 -24.13925552368164
v 28.700313568115234 -12.620121002197266 -23.50412940979004
v 25.441486358642578 -13.220000267028809 -23.53289031982422
v 28.700313568115234 -12.620121002197266 -23.50412940979004
v 28.462806701660156 -13.220000267028809 -22.94072151184082
v 25.441486358642578 -13.220000267028809 -23.53289031982422
v 28.700313568115234 -12.620121002197266 -23.50412940979004
v 31.280263900756836 -12.620123863220215 -21.780261993408203
v 28.462806701660156 -13.220000267028809 -22.94072151184082
v 31.280263900756836 -12.620123863220215 -21.780261993408203
v 30.847394943237305 -13.220000267028809 -21.34739112854004
v 28.462806701660156 -13.220000267028809 -22.94072151184082
v 31.280263900756836 -12.620123863220215 -21.780261993408203
v 33.004127502441406 -12.620121002197266 -19.200315475463867
v 30.847394943237305 -13.220000267028809 -21.34739112854004
v 33.004127502441406 -12.620121002197266 -19.200315475463867
v 32.44071960449219 -13.220000267028809 -18.96280860900879
v 30.847394943237305 -13.220000267028809 -21.34739112854004
v 33.004127502441406 -12.620121002197266 -19.200315475463867
v 33.639259338378906 -12.620112419128418 -16.007312774658203
v 32.44071960449219 -13.220000267028809 -18.96280860900879
v 33.639259338378906 -12.620112419128418 -16.007312774658203
v 33.03289031982422 -13.220000267028809 -15.941484451293945
v 32.44071960449219 -13.220000267028809 -18.96280860900879
v -25.507312774658203 -12.620112419128418 -24.13925552368164
v 25.507312774658203 -12.620112419128418 -24.13925552368164
v -25.441486358642578 -13.220000267028809 -23.53289031982422
v 25.507312774658203 -12.620112419128418 -24.13925552368164
v 25.441486358642578 -13.220000267028809 -23.53289031982422
v -25.441486358642578 -13.220000267028809 -23.53289031982422
v 33.639259338378906 -12.620112419128418 -16.007312774658203
v 33.639259338378906 -12.620112419128418 35.0073127746582
v 33.03289031982422 -13.220000267028809 -15.941484451293945
v 33.639259338378906 -12.620112419128418 35.0073127746582
v 33.03289031982422 -13.220000267028809 34.94148635864258
v 33.03289031982422 -13.220000267028809 -15.941484451293945
v 25.507312774658203 -12.620112419128418 43.139259338378906
v -25.507312774658203 -12.620112419128418 43.139259338378906
v 25.441486358642578 -13.220000267028809 42.53289031982422
v -25.507312774658203 -12.620112419128418 43.139259338378906
v -25.441486358642578 -13.220000267028809 42.53289031982422
v 25.441486358642578 -13.220000267028809 42.53289031982422
v -33.639259338378906 -12.620112419128418 35.0073127746582
v -33.639259338378906 -12.620112419128418 -16.007312774658203
v -33.03289031982422 -13.220000267028809 34.94148635864258
v -33.639259338378906 -12.620112419128418 -16.007312774658203
v -33.03289031982422 -13.220000267028809 -15.941484451293945
v -33.03289031982422 -13.220000267028809 34.94148635864258
v -30.413612365722656 -6.379997730255127 34.68350601196289
v -30.413612365722656 -6.379997730255127 -15.683507919311523
v -31.17047882080078 -5.630119323730469 34.76551055908203
v -30.413612365722656 -6.379997730255127 -15.683507919311523
v -31.17047882080078 -5.630119323730469 -15.76551342010498
v -31.17047882080078 -5.630119323730469 34.76551055908203
v -29.975446701049805 -6.379997730255127 36.94165802001953
v -30.413612365722656 -6.379997730255127 34.68350601196289
v -30.678668975830078 -5.630126476287842 37.23799133300781
v -30.413612365722656 -6.379997730255127 34.68350601196289
v -31.17047882080078 -5.630119323730469 34.76551055908203
v -30.678668975830078 -5.630126476287842 37.23799133300781
v -28.960556030273438 -6.379997730255127 38.46055603027344
v -29.975446701049805 -6.379997730255127 36.94165802001953
v -29.50080108642578 -5.630128860473633 39.00080108642578
v -29.975446701049805 -6.379997730255127 36.94165802001953
v -30.678668975830078 -5.630126476287842 37.23799133300781
v -29.50080108642578 -5.630128860473633 39.00080108642578
v -27.441659927368164 -6.379997730255127 39.47544860839844
v -28.960556030273438 -6.379997730255127 38.46055603027344
v -27.737993240356445 -5.630126476287842 40.17866897583008
v -28.960556030273438 -6.379997730255127 38.46055603027344
v -29.50080108642578 -5.630128860473633 39.00080108642578
v -27.737993240356445 -5.630126476287842 40.17866897583008
v -25.183504104614258 -6.379997730255127 39.913612365722656
v -27.441659927368164 -6.379997730255127 39.47544860839844
v -25.265512466430664 -5.630119323730469 40.67047882080078
v -27.441659927368164 -6.379997730255127 39.47544860839844
v -27.737993240356445 -5.630126476287842 40.17866897583008
v -25.265512466430664 -5.630119323730469 40.67047882080078
v 25.183507919311523 -6.379997730255127 39.913612365722656
v -25.183504104614258 -6.379997730255127 39.913612365722656
v 25.265514373779297 -5.630119323730469 40.67047882080078
v -25.183504104614258 -6.379997730255127 39.913612365722656
v -25.265512466430664 -5.630119323730469 40.67047882080078
v 25.265514373779297 -5.630119323730469 40.67047882080078
v 27.441659927368164 -6.379997730255127 39.47544860839844
v 25.183507919311523 -6.379997730255127 39.913612365722656
v 27.737995147705078 -5.630126476287842 40.17866897583008
v 25.183507919311523 -6.379997730255127 39.913612365722656
v 25.265514373779297 -5.630119323730469 40.67047882080078
v 27.737995147705078 -5.630126476287842 40.17866897583008
v 28.960556030273438 -6.379997730255127 38.46055603027344
v 27.441659927368164 -6.379997730255127 39.47544860839844
v 29.50080108642578 -5.630128860473633 39.00080108642578
v 27.441659927368164 -6.379997730255127 39.47544860839844
v 27.737995147705078 -5.630126476287842 40.17866897583008
v 29.50080108642578 -5.630128860473633 39.00080108642578
v 29.975446701049805 -6.379997730255127 36.94165802001953
v 28.960556030273438 -6.379997730255127 38.46055603027344
v 30.678668975830078 -5.630126476287842 37.23799133300781
v 28.960556030273438 -6.379997730255127 38.46055603027344
v 29.50080108642578 -5.630128860473633 39.00080108642578
v 30.678668975830078 -5.630126476287842 37.23799133300781
v 30.413612365722656 -6.379997730255127 34.68350601196289
v 29.975446701049805 -6.379997730255127 36.94165802001953
v 31.17047882080078 -5.630119323730469 34.76551055908203
v 29.975446701049805 -6.379997730255127 36.94165802001953
v 30.678668975830078 -5.630126476287842 37.23799133300781
v 31.17047882080078 -5.630119323730469 34.76551055908203
v 30.413612365722656 -6.379997730255127 -15.683507919311523
v 30.413612365722656 -6.379997730255127 34.68350601196289
v 31.17047882080078 -5.630119323730469 -15.76551342010498
v 30.413612365722656 -6.379997730255127 34.68350601196289
v 31.17047882080078 -5.630119323730469 34.76551055908203
v 31.17047882080078 -5.630119323730469 -15.76551342010498
v 29.975446701049805 -6.379997730255127 -17.941661834716797
v 30.413612365722656 -6.379997730255127 -15.683507919311523
v 30.678668975830078 -5.630126476287842 -18.23799705505371
v 30.413612365722656 -6.379997730255127 -15.683507919311523
v 31.17047882080078 -5.630119323730469 -15.76551342010498
v 30.678668975830078 -5.630126476287842 -18.23799705505371
v 28.960556030273438 -6.379997730255127 -19.460556030273438
v 29.975446701049805 -6.379997730255127 -17.941661834716797
v 29.50080108642578 -5.630128860473633 -20.00080108642578
v 29.975446701049805 -6.379997730255127 -17.941661834716797
v 30.678668975830078 -5.630126476287842 -18.23799705505371
v 29.50080108642578 -5.630128860473633 -20.00080108642578
v 27.441659927368164 -6.379997730255127 -20.475448608398438
v 28.960556030273438 -6.379997730255127 -19.460556030273438
v 27.737995147705078 -5.630126476287842 -21.17867088317871
v 28.960556030273438 -6.379997730255127 -19.460556030273438
v 29.50080108642578 -5.630128860473633 -20.00080108642578
v 27.737995147705078 -5.630126476287842 -21.17867088317871
v 25.183507919311523 -6.379997730255127 -20.913612365722656
v 27.441659927368164 -6.379997730255127 -20.475448608398438
v 25.265514373779297 -5.630119323730469 -21.67047882080078
v 27.441659927368164 -6.379997730255127 -20.475448608398438
v 27.737995147705078 -5.630126476287842 -21.17867088317871
v 25.265514373779297 -5.630119323730469 -21.67047882080078
v -25.183504104614258 -6.379997730255127 -20.913612365722656
v 25.183507919311523 -6.379997730255127 -20.913612365722656
v -25.265512466430664 -5.630119323730469 -21.67047882080078
v 25.183507919311523 -6.379997730255127 -20.913612365722656
v 25.265514373779297 -5.630119323730469 -21.67047882080078
v -25.265512466430664 -5.630119323730469 -21.67047882080078
v -27.441659927368164 -6.379997730255127 -20.475448608398438
v -25.183504104614258 -6.379997730255127 -20.913612365722656
v -27.737993240356445 -5.630126476287842 -21.17867088317871
v -25.183504104614258 -6.379997730255127 -20.913612365722656
v -25.265512466430664 -5.630119323730469 -21.67047882080078
v -27.737993240356445 -5.630126476287842 -21.17867088317871
v -28.960556030273438 -6.379997730255127 -19.460554122924805
v -27.441659927368164 -6.379997730255127 -20.475448608398438
v -29.50080108642578 -5.630128860473633 -20.00080108642578
v -27.441659927368164 -6.379997730255127 -20.475448608398438
v -27.737993240356445 -5.630126476287842 -21.17867088317871
v -29.50080108642578 -5.630128860473633 -20.00080108642578
v -29.975446701049805 -6.379997730255127 -17.941661834716797
v -28.960556030273438 -6.379997730255127 -19.460554122924805
v -30.678668975830078 -5.630126476287842 -18.23799705505371
v -28.960556030273438 -6.379997730255127 -19.460554122924805
v -29.50080108642578 -5.630128860473633 -20.00080108642578
v -30.678668975830078 -5.630126476287842 -18.23799705505371
v -30.413612365722656 -6.379997730255127 -15.683507919311523
v -29.975446701049805 -6.379997730255127 -17.941661834716797
v -31.17047882080078 -5.630119323730469 -15.76551342010498
v -29.975446701049805 -6.379997730255127 -17.941661834716797
v -30.678668975830078 -5.630126476287842 -18.23799705505371
v -31.17047882080078 -5.630119323730469 -15.76551342010498
v -32.00049591064453 105.40864562988281 7.199999809265137
v -32.00049591064453 105.742431640625 5.9543256759643555
v -32.00049591064453 105.742431640625 8.445674896240234
v -32.00049591064453 105.742431640625 5.9543256759643555
v -32.00049591064453 106.65433502197266 5.042429447174072
v -32.00049591064453 105.742431640625 8.445674896240234
v -32.00049591064453 106.65433502197266 5.042429447174072
v -32.00049591064453 107.9000015258789 4.708652019500732
v -32.00049591064453 105.742431640625 8.445674896240234
v -32.00049591064453 107.9000015258789 4.708652019500732
v -32.00049591064453 109.14566802978516 5.042429447174072
v -32.00049591064453 105.742431640625 8.445674896240234
v -32.00049591064453 109.14566802978516 5.042429447174072
v -32.00049591064453 110.05757141113281 5.9543256759643555
v -32.00049591064453 105.742431640625 8.445674896240234
v -32.00049591064453 110.05757141113281 5.9543256759643555
v -32.00049591064453 110.391357421875 7.199999809265137
v -32.00049591064453 105.742431640625 8.445674896240234
v -32.00049591064453 110.391357421875 7.199999809265137
v -32.00049591064453 110.05757141113281 8.445674896240234
v -32.00049591064453 105.742431640625 8.445674896240234
v -32.00049591064453 110.05757141113281 8.445674896240234
v -32.00049591064453 109.14566802978516 9.357569694519043
v -32.00049591064453 105.742431640625 8.445674896240234
v -32.00049591064453 109.14566802978516 9.357569694519043
v -32.00049591064453 107.9000015258789 9.6913480758667
v -32.00049591064453 105.742431640625 8.445674896240234
v -32.00049591064453 107.9000015258789 9.6913480758667
v -32.00049591064453 106.65433502197266 9.357569694519043
v -32.00049591064453 105.742431640625 8.445674896240234
v -39.63949966430664 106.08134460449219 8.25
v -39.63949966430664 106.85000610351562 9.018653869628906
v -39.63949966430664 105.79999542236328 7.199999809265137
v -39.63949966430664 106.85000610351562 9.018653869628906
v -39.63949966430664 107.9000015258789 9.300000190734863
v -39.63949966430664 105.79999542236328 7.199999809265137
v -39.63949966430664 107.9000015258789 9.300000190734863
v -39.63949966430664 108.94999694824219 9.018653869628906
v -39.63949966430664 105.79999542236328 7.199999809265137
v -39.63949966430664 108.94999694824219 9.018653869628906
v -39.63949966430664 109.71865844726562 8.25
v -39.63949966430664 105.79999542236328 7.199999809265137
v -39.63949966430664 109.71865844726562 8.25
v -39.63949966430664 110 7.199999809265137
v -39.63949966430664 105.79999542236328 7.199999809265137
v -39.63949966430664 110 7.199999809265137
v -39.63949966430664 109.71865844726562 6.150000095367432
v -39.63949966430664 105.79999542236328 7.199999809265137
v -39.63949966430664 109.71865844726562 6.150000095367432
v -39.63949966430664 108.94999694824219 5.381346702575684
v -39.63949966430664 105.79999542236328 7.199999809265137
v -39.63949966430664 108.94999694824219 5.381346702575684
v -39.63949966430664 107.9000015258789 5.099999904632568
v -39.63949966430664 105.79999542236328 7.199999809265137
v -39.63949966430664 107.9000015258789 5.099999904632568
v -39.63949966430664 106.85000610351562 5.381346702575684
v -39.63949966430664 105.79999542236328 7.199999809265137
v -39.63949966430664 106.85000610351562 5.381346702575684
v -39.63949966430664 106.08134460449219 6.150000095367432
v -39.63949966430664 105.79999542236328 7.199999809265137
v -38.899497985839844 105.66206359863281 5.907927989959717
v -38.899497985839844 106.60794067382812 4.9620680809021
v -38.74949645996094 106.08134460449219 6.150000095367432
v -38.899497985839844 106.60794067382812 4.9620680809021
v -38.74949645996094 106.85000610351562 5.381346702575684
v -38.74949645996094 106.08134460449219 6.150000095367432
v -38.899497985839844 107.9000015258789 4.6158576011657715
v -38.74949645996094 107.9000015258789 5.099999904632568
v -38.899497985839844 106.60794067382812 4.9620680809021
v -38.74949645996094 107.9000015258789 5.099999904632568
v -38.74949645996094 106.85000610351562 5.381346702575684
v -38.899497985839844 106.60794067382812 4.9620680809021
v -38.899497985839844 107.9000015258789 4.6158576011657715
v -38.899497985839844 109.19206237792969 4.9620680809021
v -38.74949645996094 107.9000015258789 5.099999904632568
v -38.899497985839844 109.19206237792969 4.9620680809021
v -38.74949645996094 108.94999694824219 5.381346702575684
v -38.74949645996094 107.9000015258789 5.099999904632568
v -38.899497985839844 110.137939453125 5.907927989959717
v -38.74949645996094 109.71865844726562 6.150000095367432
v -38.899497985839844 109.19206237792969 4.9620680809021
v -38.74949645996094 109.71865844726562 6.150000095367432
v -38.74949645996094 108.94999694824219 5.381346702575684
v -38.899497985839844 109.19206237792969 4.9620680809021
v -38.899497985839844 110.48414611816406 7.199999809265137
v -38.74949645996094 110 7.199999809265137
v -38.899497985839844 110.137939453125 5.907927989959717
v -38.74949645996094 110 7.199999809265137
v -38.74949645996094 109.71865844726562 6.150000095367432
v -38.899497985839844 110.137939453125 5.907927989959717
v -38.899497985839844 110.48414611816406 7.199999809265137
v -38.899497985839844 110.137939453125 8.492072105407715
v -38.74949645996094 110 7.199999809265137
v -38.899497985839844 110.137939453125 8.492072105407715
v -38.74949645996094 109.71865844726562 8.25
v -38.74949645996094 110 7.199999809265137
v -38.899497985839844 110.137939453125 8.492072105407715
v -38.899497985839844 109.19206237792969 9.437932014465332
v -38.74949645996094 109.71865844726562 8.25
v -38.899497985839844 109.19206237792969 9.437932014465332
v -38.74949645996094 108.94999694824219 9.018653869628906
v -38.74949645996094 109.71865844726562 8.25
v -38.899497985839844 107.9000015258789 9.784141540527344
v -38.74949645996094 107.9000015258789 9.300000190734863
v -38.899497985839844 109.19206237792969 9.437932014465332
v -38.74949645996094 107.9000015258789 9.300000190734863
v -38.74949645996094 108.94999694824219 9.018653869628906
v -38.899497985839844 109.19206237792969 9.437932014465332
v -38.899497985839844 107.9000015258789 9.784141540527344
v -38.899497985839844 106.60794067382812 9.437932014465332
v -38.74949645996094 107.9000015258789 9.300000190734863
v -38.899497985839844 106.60794067382812 9.437932014465332
v -38.74949645996094 106.85000610351562 9.018653869628906
v -38.74949645996094 107.9000015258789 9.300000190734863
v -38.899497985839844 105.66206359863281 8.492072105407715
v -38.74949645996094 106.08134460449219 8.25
v -38.899497985839844 106.60794067382812 9.437932014465332
v -38.74949645996094 106.08134460449219 8.25
v -38.74949645996094 106.85000610351562 9.018653869628906
v -38.899497985839844 106.60794067382812 9.437932014465332
v -38.899497985839844 105.31584930419922 7.199999809265137
v -38.74949645996094 105.79999542236328 7.199999809265137
v -38.899497985839844 105.66206359863281 8.492072105407715
v -38.74949645996094 105.79999542236328 7.199999809265137
v -38.74949645996094 106.08134460449219 8.25
v -38.899497985839844 105.66206359863281 8.492072105407715
v -38.899497985839844 105.31584930419922 7.199999809265137
v -38.899497985839844 105.66206359863281 5.907927989959717
v -38.74949645996094 105.79999542236328 7.199999809265137
v -38.899497985839844 105.66206359863281 5.907927989959717
v -38.74949645996094 106.08134460449219 6.150000095367432
v -38.74949645996094 105.79999542236328 7.199999809265137
v -39.339500427246094 107.9000015258789 9.784141540527344
v -39.63949966430664 107.9000015258789 9.300000190734863
v -39.339500427246094 106.60794067382812 9.437932014465332
v -39.63949966430664 107.9000015258789 9.300000190734863
v -39.63949966430664 106.85000610351562 9.018653869628906
v -39.339500427246094 106.60794067382812 9.437932014465332
v -39.339500427246094 107.9000015258789 9.784141540527344
v -39.339500427246094 109.19206237792969 9.437932014465332
v -39.63949966430664 107.9000015258789 9.300000190734863
v -39.339500427246094 109.19206237792969 9.437932014465332
v -39.63949966430664 108.94999694824219 9.018653869628906
v -39.63949966430664 107.9000015258789 9.300000190734863
v -39.339500427246094 110.137939453125 8.492072105407715
v -39.63949966430664 109.71865844726562 8.25
v -39.339500427246094 109.19206237792969 9.437932014465332
v -39.63949966430664 109.71865844726562 8.25
v -39.63949966430664 108.94999694824219 9.018653869628906
v -39.339500427246094 109.19206237792969 9.437932014465332
v -39.339500427246094 110.48414611816406 7.199999809265137
v -39.63949966430664 110 7.199999809265137
v -39.339500427246094 110.137939453125 8.492072105407715
v -39.63949966430664 110 7.199999809265137
v -39.63949966430664 109.71865844726562 8.25
v -39.339500427246094 110.137939453125 8.492072105407715
v -39.339500427246094 110.48414611816406 7.199999809265137
v -39.339500427246094 110.137939453125 5.907927989959717
v -39.63949966430664 110 7.199999809265137
v -39.339500427246094 110.137939453125 5.907927989959717
v -39.63949966430664 109.71865844726562 6.150000095367432
v -39.63949966430664 110 7.199999809265137
v -39.339500427246094 110.137939453125 5.907927989959717
v -39.339500427246094 109.19206237792969 4.9620680809021
v -39.63949966430664 109.71865844726562 6.150000095367432
v -39.339500427246094 109.19206237792969 4.9620680809021
v -39.63949966430664 108.94999694824219 5.381346702575684
v -39.63949966430664 109.71865844726562 6.150000095367432
v -39.339500427246094 107.9000015258789 4.6158576011657715
v -39.63949966430664 107.9000015258789 5.099999904632568
v -39.339500427246094 109.19206237792969 4.9620680809021
v -39.63949966430664 107.9000015258789 5.099999904632568
v -39.63949966430664 108.94999694824219 5.381346702575684
v -39.339500427246094 109.19206237792969 4.9620680809021
v -39.339500427246094 107.9000015258789 4.6158576011657715
v -39.339500427246094 106.60794067382812 4.9620680809021
v -39.63949966430664 107.9000015258789 5.099999904632568
v -39.339500427246094 106.60794067382812 4.9620680809021
v -39.63949966430664 106.85000610351562 5.381346702575684
v -39.63949966430664 107.9000015258789 5.099999904632568
v -39.339500427246094 105.66206359863281 5.907927989959717
v -39.63949966430664 106.08134460449219 6.150000095367432
v -39.339500427246094 106.60794067382812 4.9620680809021
v -39.63949966430664 106.08134460449219 6.150000095367432
v -39.63949966430664 106.85000610351562 5.381346702575684
v -39.339500427246094 106.60794067382812 4.9620680809021
v -39.339500427246094 105.31584930419922 7.199999809265137
v -39.63949966430664 105.79999542236328 7.199999809265137
v -39.339500427246094 105.66206359863281 5.907927989959717
v -39.63949966430664 105.79999542236328 7.199999809265137
v -39.63949966430664 106.08134460449219 6.150000095367432
v -39.339500427246094 105.66206359863281 5.907927989959717
v -39.339500427246094 105.31584930419922 7.199999809265137
v -39.339500427246094 105.66206359863281 8.492072105407715
v -39.63949966430664 105.79999542236328 7.199999809265137
v -39.339500427246094 105.66206359863281 8.492072105407715
v -39.63949966430664 106.08134460449219 8.25
v -39.63949966430664 105.79999542236328 7.199999809265137
v -39.339500427246094 105.66206359863281 8.492072105407715
v -39.339500427246094 106.60794067382812 9.437932014465332
v -39.63949966430664 106.08134460449219 8.25
v -39.339500427246094 106.60794067382812 9.437932014465332
v -39.63949966430664 106.85000610351562 9.018653869628906
v -39.63949966430664 106.08134460449219 8.25
v -38.899497985839844 105.66206359863281 8.492072105407715
v -39.339500427246094 105.66206359863281 8.492072105407715
v -38.899497985839844 105.31584930419922 7.199999809265137
v -39.339500427246094 105.66206359863281 8.492072105407715
v -39.339500427246094 105.31584930419922 7.199999809265137
v -38.899497985839844 105.31584930419922 7.199999809265137
v -38.899497985839844 106.60794067382812 9.437932014465332
v -39.339500427246094 106.60794067382812 9.437932014465332
v -38.899497985839844 105.66206359863281 8.492072105407715
v -39.339500427246094 106.60794067382812 9.437932014465332
v -39.339500427246094 105.66206359863281 8.492072105407715
v -38.899497985839844 105.66206359863281 8.492072105407715
v -38.899497985839844 107.9000015258789 9.784141540527344
v -39.339500427246094 107.9000015258789 9.784141540527344
v -38.899497985839844 106.60794067382812 9.437932014465332
v -39.339500427246094 107.9000015258789 9.784141540527344
v -39.339500427246094 106.60794067382812 9.437932014465332
v -38.899497985839844 106.60794067382812 9.437932014465332
v -38.899497985839844 109.19206237792969 9.437932014465332
v -39.339500427246094 109.19206237792969 9.437932014465332
v -38.899497985839844 107.9000015258789 9.784141540527344
v -39.339500427246094 109.19206237792969 9.437932014465332
v -39.339500427246094 107.9000015258789 9.784141540527344
v -38.899497985839844 107.9000015258789 9.784141540527344
v -38.899497985839844 110.137939453125 8.492072105407715
v -39.339500427246094 110.137939453125 8.492072105407715
v -38.899497985839844 109.19206237792969 9.437932014465332
v -39.339500427246094 110.137939453125 8.492072105407715
v -39.339500427246094 109.19206237792969 9.437932014465332
v -38.899497985839844 109.19206237792969 9.437932014465332
v -38.899497985839844 110.48414611816406 7.199999809265137
v -39.339500427246094 110.48414611816406 7.199999809265137
v -38.899497985839844 110.137939453125 8.492072105407715
v -39.339500427246094 110.48414611816406 7.199999809265137
v -39.339500427246094 110.137939453125 8.492072105407715
v -38.899497985839844 110.137939453125 8.492072105407715
v -38.899497985839844 110.137939453125 5.907927989959717
v -39.339500427246094 110.137939453125 5.907927989959717
v -38.899497985839844 110.48414611816406 7.199999809265137
v -39.339500427246094 110.137939453125 5.907927989959717
v -39.339500427246094 110.48414611816406 7.199999809265137
v -38.899497985839844 110.48414611816406 7.199999809265137
v -38.899497985839844 109.19206237792969 4.9620680809021
v -39.339500427246094 109.19206237792969 4.9620680809021
v -38.899497985839844 110.137939453125 5.907927989959717
v -39.339500427246094 109.19206237792969 4.9620680809021
v -39.339500427246094 110.137939453125 5.907927989959717
v -38.899497985839844 110.137939453125 5.907927989959717
v -38.899497985839844 107.9000015258789 4.6158576011657715
v -39.339500427246094 107.9000015258789 4.6158576011657715
v -38.899497985839844 109.19206237792969 4.9620680809021
v -39.339500427246094 107.9000015258789 4.6158576011657715
v -39.339500427246094 109.19206237792969 4.9620680809021
v -38.899497985839844 109.19206237792969 4.9620680809021
v -38.899497985839844 106.60794067382812 4.9620680809021
v -39.339500427246094 106.60794067382812 4.9620680809021
v -38.899497985839844 107.9000015258789 4.6158576011657715
v -39.339500427246094 106.60794067382812 4.9620680809021
v -39.339500427246094 107.9000015258789 4.6158576011657715
v -38.899497985839844 107.9000015258789 4.6158576011657715
v -38.899497985839844 105.66206359863281 5.907927989959717
v -39.339500427246094 105.66206359863281 5.907927989959717
v -38.899497985839844 106.60794067382812 4.9620680809021
v -39.339500427246094 105.66206359863281 5.907927989959717
v -39.339500427246094 106.60794067382812 4.9620680809021
v -38.899497985839844 106.60794067382812 4.9620680809021
v -38.899497985839844 105.31584930419922 7.199999809265137
v -39.339500427246094 105.31584930419922 7.199999809265137
v -38.899497985839844 105.66206359863281 5.907927989959717
v -39.339500427246094 105.31584930419922 7.199999809265137
v -39.339500427246094 105.66206359863281 5.907927989959717
v -38.899497985839844 105.66206359863281 5.907927989959717
v -32.60049819946289 110.391357421875 7.199999809265137
v -32.60049819946289 110.05757141113281 8.445674896240234
v -32.00049591064453 110.391357421875 7.199999809265137
v -32.60049819946289 110.05757141113281 8.445674896240234
v -32.00049591064453 110.05757141113281 8.445674896240234
v -32.00049591064453 110.391357421875 7.199999809265137
v -32.60049819946289 110.05757141113281 5.9543256759643555
v -32.60049819946289 110.391357421875 7.199999809265137
v -32.00049591064453 110.05757141113281 5.9543256759643555
v -32.60049819946289 110.391357421875 7.199999809265137
v -32.00049591064453 110.391357421875 7.199999809265137
v -32.00049591064453 110.05757141113281 5.9543256759643555
v -32.60049819946289 109.14566802978516 5.042429447174072
v -32.60049819946289 110.05757141113281 5.9543256759643555
v -32.00049591064453 109.14566802978516 5.042429447174072
v -32.60049819946289 110.05757141113281 5.9543256759643555
v -32.00049591064453 110.05757141113281 5.9543256759643555
v -32.00049591064453 109.14566802978516 5.042429447174072
v -32.60049819946289 107.9000015258789 4.708652019500732
v -32.60049819946289 109.14566802978516 5.042429447174072
v -32.00049591064453 107.9000015258789 4.708652019500732
v -32.60049819946289 109.14566802978516 5.042429447174072
v -32.00049591064453 109.14566802978516 5.042429447174072
v -32.00049591064453 107.9000015258789 4.708652019500732
v -32.60049819946289 106.65433502197266 5.042429447174072
v -32.60049819946289 107.9000015258789 4.708652019500732
v -32.00049591064453 106.65433502197266 5.042429447174072
v -32.60049819946289 107.9000015258789 4.708652019500732
v -32.00049591064453 107.9000015258789 4.708652019500732
v -32.00049591064453 106.65433502197266 5.042429447174072
v -32.60049819946289 105.742431640625 5.9543256759643555
v -32.60049819946289 106.65433502197266 5.042429447174072
v -32.00049591064453 105.742431640625 5.9543256759643555
v -32.60049819946289 106.65433502197266 5.042429447174072
v -32.00049591064453 106.65433502197266 5.042429447174072
v -32.00049591064453 105.742431640625 5.9543256759643555
v -32.60049819946289 105.40864562988281 7.199999809265137
v -32.60049819946289 105.742431640625 5.9543256759643555
v -32.00049591064453 105.40864562988281 7.199999809265137
v -32.60049819946289 105.742431640625 5.9543256759643555
v -32.00049591064453 105.742431640625 5.9543256759643555
v -32.00049591064453 105.40864562988281 7.199999809265137
v -32.60049819946289 105.742431640625 8.445674896240234
v -32.60049819946289 105.40864562988281 7.199999809265137
v -32.00049591064453 105.742431640625 8.445674896240234
v -32.60049819946289 105.40864562988281 7.199999809265137
v -32.00049591064453 105.40864562988281 7.199999809265137
v -32.00049591064453 105.742431640625 8.445674896240234
v -32.60049819946289 106.65433502197266 9.357569694519043
v -32.60049819946289 105.742431640625 8.445674896240234
v -32.00049591064453 106.65433502197266 9.357569694519043
v -32.60049819946289 105.742431640625 8.445674896240234
v -32.00049591064453 105.742431640625 8.445674896240234
v -32.00049591064453 106.65433502197266 9.357569694519043
v -32.60049819946289 107.9000015258789 9.6913480758667
v -32.60049819946289 106.65433502197266 9.357569694519043
v -32.00049591064453 107.9000015258789 9.6913480758667
v -32.60049819946289 106.65433502197266 9.357569694519043
v -32.00049591064453 106.65433502197266 9.357569694519043
v -32.00049591064453 107.9000015258789 9.6913480758667
v -32.60049819946289 109.14566802978516 9.357569694519043
v -32.60049819946289 107.9000015258789 9.6913480758667
v -32.00049591064453 109.14566802978516 9.357569694519043
v -32.60049819946289 107.9000015258789 9.6913480758667
v -32.00049591064453 107.9000015258789 9.6913480758667
v -32.00049591064453 109.14566802978516 9.357569694519043
v -32.60049819946289 110.05757141113281 8.445674896240234
v -32.60049819946289 109.14566802978516 9.357569694519043
v -32.00049591064453 110.05757141113281 8.445674896240234
v -32.60049819946289 109.14566802978516 9.357569694519043
v -32.00049591064453 109.14566802978516 9.357569694519043
v -32.00049591064453 110.05757141113281 8.445674896240234
v -32.60049819946289 105.40864562988281 7.199999809265137
v -32.60049819946289 105.742431640625 8.445674896240234
v -32.85049819946289 105.79999542236328 7.199999809265137
v -32.60049819946289 105.742431640625 8.445674896240234
v -32.85049819946289 106.08134460449219 8.25
v -32.85049819946289 105.79999542236328 7.199999809265137
v -32.60049819946289 105.742431640625 8.445674896240234
v -32.60049819946289 106.65433502197266 9.357569694519043
v -32.85049819946289 106.08134460449219 8.25
v -32.60049819946289 106.65433502197266 9.357569694519043
v -32.85049819946289 106.85000610351562 9.018653869628906
v -32.85049819946289 106.08134460449219 8.25
v -32.60049819946289 107.9000015258789 9.6913480758667
v -32.85049819946289 107.9000015258789 9.300000190734863
v -32.60049819946289 106.65433502197266 9.357569694519043
v -32.85049819946289 107.9000015258789 9.300000190734863
v -32.85049819946289 106.85000610351562 9.018653869628906
v -32.60049819946289 106.65433502197266 9.357569694519043
v -32.60049819946289 107.9000015258789 9.6913480758667
v -32.60049819946289 109.14566802978516 9.357569694519043
v -32.85049819946289 107.9000015258789 9.300000190734863
v -32.60049819946289 109.14566802978516 9.357569694519043
v -32.85049819946289 108.94999694824219 9.018653869628906
v -32.85049819946289 107.9000015258789 9.300000190734863
v -32.60049819946289 110.05757141113281 8.445674896240234
v -32.85049819946289 109.71865844726562 8.25
v -32.60049819946289 109.14566802978516 9.357569694519043
v -32.85049819946289 109.71865844726562 8.25
v -32.85049819946289 108.94999694824219 9.018653869628906
v -32.60049819946289 109.14566802978516 9.357569694519043
v -32.60049819946289 110.391357421875 7.199999809265137
v -32.85049819946289 110 7.199999809265137
v -32.60049819946289 110.05757141113281 8.445674896240234
v -32.85049819946289 110 7.199999809265137
v -32.85049819946289 109.71865844726562 8.25
v -32.60049819946289 110.05757141113281 8.445674896240234
v -32.60049819946289 110.391357421875 7.199999809265137
v -32.60049819946289 110.05757141113281 5.9543256759643555
v -32.85049819946289 110 7.199999809265137
v -32.60049819946289 110.05757141113281 5.9543256759643555
v -32.85049819946289 109.71865844726562 6.150000095367432
v -32.85049819946289 110 7.199999809265137
v -32.60049819946289 110.05757141113281 5.9543256759643555
v -32.60049819946289 109.14566802978516 5.042429447174072
v -32.85049819946289 109.71865844726562 6.150000095367432
v -32.60049819946289 109.14566802978516 5.042429447174072
v -32.85049819946289 108.94999694824219 5.381346702575684
v -32.85049819946289 109.71865844726562 6.150000095367432
v -32.60049819946289 107.9000015258789 4.708652019500732
v -32.85049819946289 107.9000015258789 5.099999904632568
v -32.60049819946289 109.14566802978516 5.042429447174072
v -32.85049819946289 107.9000015258789 5.099999904632568
v -32.85049819946289 108.94999694824219 5.381346702575684
v -32.60049819946289 109.14566802978516 5.042429447174072
v -32.60049819946289 107.9000015258789 4.708652019500732
v -32.60049819946289 106.65433502197266 5.042429447174072
v -32.85049819946289 107.9000015258789 5.099999904632568
v -32.60049819946289 106.65433502197266 5.042429447174072
v -32.85049819946289 106.85000610351562 5.381346702575684
v -32.85049819946289 107.9000015258789 5.099999904632568
v -32.60049819946289 105.742431640625 5.9543256759643555
v -32.85049819946289 106.08134460449219 6.150000095367432
v -32.60049819946289 106.65433502197266 5.042429447174072
v -32.85049819946289 106.08134460449219 6.150000095367432
v -32.85049819946289 106.85000610351562 5.381346702575684
v -32.60049819946289 106.65433502197266 5.042429447174072
v -32.60049819946289 105.40864562988281 7.199999809265137
v -32.85049819946289 105.79999542236328 7.199999809265137
v -32.60049819946289 105.742431640625 5.9543256759643555
v -32.85049819946289 105.79999542236328 7.199999809265137
v -32.85049819946289 106.08134460449219 6.150000095367432
v -32.60049819946289 105.742431640625 5.9543256759643555
v -32.85049819946289 106.08134460449219 8.25
v -38.74949645996094 106.08134460449219 8.25
v -32.85049819946289 105.79999542236328 7.199999809265137
v -38.74949645996094 106.08134460449219 8.25
v -38.74949645996094 105.79999542236328 7.199999809265137
v -32.85049819946289 105.79999542236328 7.199999809265137
v -32.85049819946289 106.85000610351562 9.018653869628906
v -38.74949645996094 106.85000610351562 9.018653869628906
v -32.85049819946289 106.08134460449219 8.25
v -38.74949645996094 106.85000610351562 9.018653869628906
v -38.74949645996094 106.08134460449219 8.25
v -32.85049819946289 106.08134460449219 8.25
v -32.85049819946289 107.9000015258789 9.300000190734863
v -38.74949645996094 107.9000015258789 9.300000190734863
v -32.85049819946289 106.85000610351562 9.018653869628906
v -38.74949645996094 107.9000015258789 9.300000190734863
v -38.74949645996094 106.85000610351562 9.018653869628906
v -32.85049819946289 106.85000610351562 9.018653869628906
v -32.85049819946289 108.94999694824219 9.018653869628906
v -38.74949645996094 108.94999694824219 9.018653869628906
v -32.85049819946289 107.9000015258789 9.300000190734863
v -38.74949645996094 108.94999694824219 9.018653869628906
v -38.74949645996094 107.9000015258789 9.300000190734863
v -32.85049819946289 107.9000015258789 9.300000190734863
v -32.85049819946289 109.71865844726562 8.25
v -38.74949645996094 109.71865844726562 8.25
v -32.85049819946289 108.94999694824219 9.018653869628906
v -38.74949645996094 109.71865844726562 8.25
v -38.74949645996094 108.94999694824219 9.018653869628906
v -32.85049819946289 108.94999694824219 9.018653869628906
v -32.85049819946289 110 7.199999809265137
v -38.74949645996094 110 7.199999809265137
v -32.85049819946289 109.71865844726562 8.25
v -38.74949645996094 110 7.199999809265137
v -38.74949645996094 109.71865844726562 8.25
v -32.85049819946289 109.71865844726562 8.25
v -32.85049819946289 109.71865844726562 6.150000095367432
v -38.74949645996094 109.71865844726562 6.150000095367432
v -32.85049819946289 110 7.199999809265137
v -38.74949645996094 109.71865844726562 6.150000095367432
v -38.74949645996094 110 7.199999809265137
v -32.85049819946289 110 7.199999809265137
v -32.85049819946289 108.94999694824219 5.381346702575684
v -38.74949645996094 108.94999694824219 5.381346702575684
v -32.85049819946289 109.71865844726562 6.150000095367432
v -38.74949645996094 108.94999694824219 5.381346702575684
v -38.74949645996094 109.71865844726562 6.150000095367432
v -32.85049819946289 109.71865844726562 6.150000095367432
v -32.85049819946289 107.9000015258789 5.099999904632568
v -38.74949645996094 107.9000015258789 5.099999904632568
v -32.85049819946289 108.94999694824219 5.381346702575684
v -38.74949645996094 107.9000015258789 5.099999904632568
v -38.74949645996094 108.94999694824219 5.381346702575684
v -32.85049819946289 108.94999694824219 5.381346702575684
v -32.85049819946289 106.85000610351562 5.381346702575684
v -38.74949645996094 106.85000610351562 5.381346702575684
v -32.85049819946289 107.9000015258789 5.099999904632568
v -38.74949645996094 106.85000610351562 5.381346702575684
v -38.74949645996094 107.9000015258789 5.099999904632568
v -32.85049819946289 107.9000015258789 5.099999904632568
v -32.85049819946289 106.08134460449219 6.150000095367432
v -38.74949645996094 106.08134460449219 6.150000095367432
v -32.85049819946289 106.85000610351562 5.381346702575684
v -38.74949645996094 106.08134460449219 6.150000095367432
v -38.74949645996094 106.85000610351562 5.381346702575684
v -32.85049819946289 106.85000610351562 5.381346702575684
v -32.85049819946289 105.79999542236328 7.199999809265137
v -38.74949645996094 105.79999542236328 7.199999809265137
v -32.85049819946289 106.08134460449219 6.150000095367432
v -38.74949645996094 105.79999542236328 7.199999809265137
v -38.74949645996094 106.08134460449219 6.150000095367432
v -32.85049819946289 106.08134460449219 6.150000095367432
v 32.00049591064453 105.40864562988281 7.199999809265137
v 32.00049591064453 105.742431640625 8.445674896240234
v 32.00049591064453 105.742431640625 5.9543256759643555
v 32.00049591064453 105.742431640625 8.445674896240234
v 32.00049591064453 106.65433502197266 9.357569694519043
v 32.00049591064453 105.742431640625 5.9543256759643555
v 32.00049591064453 106.65433502197266 9.357569694519043
v 32.00049591064453 107.9000015258789 9.6913480758667
v 32.00049591064453 105.742431640625 5.9543256759643555
v 32.00049591064453 107.9000015258789 9.6913480758667
v 32.00049591064453 109.14566802978516 9.357569694519043
v 32.00049591064453 105.742431640625 5.9543256759643555
v 32.00049591064453 109.14566802978516 9.357569694519043
v 32.00049591064453 110.05757141113281 8.445674896240234
v 32.00049591064453 105.742431640625 5.9543256759643555
v 32.00049591064453 110.05757141113281 8.445674896240234
v 32.00049591064453 110.391357421875 7.199999809265137
v 32.00049591064453 105.742431640625 5.9543256759643555
v 32.00049591064453 110.391357421875 7.199999809265137
v 32.00049591064453 110.05757141113281 5.9543256759643555
v 32.00049591064453 105.742431640625 5.9543256759643555
v 32.00049591064453 110.05757141113281 5.9543256759643555
v 32.00049591064453 109.14566802978516 5.042429447174072
v 32.00049591064453 105.742431640625 5.9543256759643555
v 32.00049591064453 109.14566802978516 5.042429447174072
v 32.00049591064453 107.9000015258789 4.708652019500732
v 32.00049591064453 105.742431640625 5.9543256759643555
v 32.00049591064453 107.9000015258789 4.708652019500732
v 32.00049591064453 106.65433502197266 5.042429447174072
v 32.00049591064453 105.742431640625 5.9543256759643555
v 39.63949966430664 106.08134460449219 8.25
v 39.63949966430664 105.79999542236328 7.199999809265137
v 39.63949966430664 106.85000610351562 9.018653869628906
v 39.63949966430664 105.79999542236328 7.199999809265137
v 39.63949966430664 106.08134460449219 6.150000095367432
v 39.63949966430664 106.85000610351562 9.018653869628906
v 39.63949966430664 106.08134460449219 6.150000095367432
v 39.63949966430664 106.85000610351562 5.381346702575684
v 39.63949966430664 106.85000610351562 9.018653869628906
v 39.63949966430664 106.85000610351562 5.381346702575684
v 39.63949966430664 107.9000015258789 5.099999904632568
v 39.63949966430664 106.85000610351562 9.018653869628906
v 39.63949966430664 107.9000015258789 5.099999904632568
v 39.63949966430664 108.94999694824219 5.381346702575684
v 39.63949966430664 106.85000610351562 9.018653869628906
v 39.63949966430664 108.94999694824219 5.381346702575684
v 39.63949966430664 109.71865844726562 6.150000095367432
v 39.63949966430664 106.85000610351562 9.018653869628906
v 39.63949966430664 109.71865844726562 6.150000095367432
v 39.63949966430664 110 7.199999809265137
v 39.63949966430664 106.85000610351562 9.018653869628906
v 39.63949966430664 110 7.199999809265137
v 39.63949966430664 109.71865844726562 8.25
v 39.63949966430664 106.85000610351562 9.018653869628906
v 39.63949966430664 109.71865844726562 8.25
v 39.63949966430664 108.94999694824219 9.018653869628906
v 39.63949966430664 106.85000610351562 9.018653869628906
v 39.63949966430664 108.94999694824219 9.018653869628906
v 39.63949966430664 107.9000015258789 9.300000190734863
v 39.63949966430664 106.85000610351562 9.018653869628906
v 38.899497985839844 105.66206359863281 5.907927989959717
v 38.74949645996094 106.08134460449219 6.150000095367432
v 38.899497985839844 106.60794067382812 4.9620680809021
v 38.74949645996094 106.08134460449219 6.150000095367432
v 38.74949645996094 106.85000610351562 5.381346702575684
v 38.899497985839844 106.60794067382812 4.9620680809021
v 38.899497985839844 107.9000015258789 4.6158576011657715
v 38.899497985839844 106.60794067382812 4.9620680809021
v 38.74949645996094 107.9000015258789 5.099999904632568
v 38.899497985839844 106.60794067382812 4.9620680809021
v 38.74949645996094 106.85000610351562 5.381346702575684
v 38.74949645996094 107.9000015258789 5.099999904632568
v 38.899497985839844 107.9000015258789 4.6158576011657715
v 38.74949645996094 107.9000015258789 5.099999904632568
v 38.899497985839844 109.19206237792969 4.9620680809021
v 38.74949645996094 107.9000015258789 5.099999904632568
v 38.74949645996094 108.94999694824219 5.381346702575684
v 38.899497985839844 109.19206237792969 4.9620680809021
v 38.899497985839844 110.137939453125 5.907927989959717
v 38.899497985839844 109.19206237792969 4.9620680809021
v 38.74949645996094 109.71865844726562 6.150000095367432
v 38.899497985839844 109.19206237792969 4.9620680809021
v 38.74949645996094 108.94999694824219 5.381346702575684
v 38.74949645996094 109.71865844726562 6.150000095367432
v 38.899497985839844 110.48414611816406 7.199999809265137
v 38.899497985839844 110.137939453125 5.907927989959717
v 38.74949645996094 110 7.199999809265137
v 38.899497985839844 110.137939453125 5.907927989959717
v 38.74949645996094 109.71865844726562 6.150000095367432
v 38.74949645996094 110 7.199999809265137
v 38.899497985839844 110.48414611816406 7.199999809265137
v 38.74949645996094 110 7.199999809265137
v 38.899497985839844 110.137939453125 8.492072105407715
v 38.74949645996094 110 7.199999809265137
v 38.74949645996094 109.71865844726562 8.25
v 38.899497985839844 110.137939453125 8.492072105407715
v 38.899497985839844 110.137939453125 8.492072105407715
v 38.74949645996094 109.71865844726562 8.25
v 38.899497985839844 109.19206237792969 9.437932014465332
v 38.74949645996094 109.71865844726562 8.25
v 38.74949645996094 108.94999694824219 9.018653869628906
v 38.899497985839844 109.19206237792969 9.437932014465332
v 38.899497985839844 107.9000015258789 9.784141540527344
v 38.899497985839844 109.19206237792969 9.437932014465332
v 38.74949645996094 107.9000015258789 9.300000190734863
v 38.899497985839844 109.19206237792969 9.437932014465332
v 38.74949645996094 108.94999694824219 9.018653869628906
v 38.74949645996094 107.9000015258789 9.300000190734863
v 38.899497985839844 107.9000015258789 9.784141540527344
v 38.74949645996094 107.9000015258789 9.300000190734863
v 38.899497985839844 106.60794067382812 9.437932014465332
v 38.74949645996094 107.9000015258789 9.300000190734863
v 38.74949645996094 106.85000610351562 9.018653869628906
v 38.899497985839844 106.60794067382812 9.437932014465332
v 38.899497985839844 105.66206359863281 8.492072105407715
v 38.899497985839844 106.60794067382812 9.437932014465332
v 38.74949645996094 106.08134460449219 8.25
v 38.899497985839844 106.60794067382812 9.437932014465332
v 38.74949645996094 106.85000610351562 9.018653869628906
v 38.74949645996094 106.08134460449219 8.25
v 38.899497985839844 105.31584930419922 7.199999809265137
v 38.899497985839844 105.66206359863281 8.492072105407715
v 38.74949645996094 105.79999542236328 7.199999809265137
v 38.899497985839844 105.66206359863281 8.492072105407715
v 38.74949645996094 106.08134460449219 8.25
v 38.74949645996094 105.79999542236328 7.199999809265137
v 38.899497985839844 105.31584930419922 7.199999809265137
v 38.74949645996094 105.79999542236328 7.199999809265137
v 38.899497985839844 105.66206359863281 5.907927989959717
v 38.74949645996094 105.79999542236328 7.199999809265137
v 38.74949645996094 106.08134460449219 6.150000095367432
v 38.899497985839844 105.66206359863281 5.907927989959717
v 39.339500427246094 107.9000015258789 9.784141540527344
v 39.339500427246094 106.60794067382812 9.437932014465332
v 39.63949966430664 107.9000015258789 9.300000190734863
v 39.339500427246094 106.60794067382812 9.437932014465332
v 39.63949966430664 106.85000610351562 9.018653869628906
v 39.63949966430664 107.9000015258789 9.300000190734863
v 39.339500427246094 107.9000015258789 9.784141540527344
v 39.63949966430664 107.9000015258789 9.300000190734863
v 39.339500427246094 109.19206237792969 9.437932014465332
v 39.63949966430664 107.9000015258789 9.300000190734863
v 39.63949966430664 108.94999694824219 9.018653869628906
v 39.339500427246094 109.19206237792969 9.437932014465332
v 39.339500427246094 110.137939453125 8.492072105407715
v 39.339500427246094 109.19206237792969 9.437932014465332
v 39.63949966430664 109.71865844726562 8.25
v 39.339500427246094 109.19206237792969 9.437932014465332
v 39.63949966430664 108.94999694824219 9.018653869628906
v 39.63949966430664 109.71865844726562 8.25
v 39.339500427246094 110.48414611816406 7.199999809265137
v 39.339500427246094 110.137939453125 8.492072105407715
v 39.63949966430664 110 7.199999809265137
v 39.339500427246094 110.137939453125 8.492072105407715
v 39.63949966430664 109.71865844726562 8.25
v 39.63949966430664 110 7.199999809265137
v 39.339500427246094 110.48414611816406 7.199999809265137
v 39.63949966430664 110 7.199999809265137
v 39.339500427246094 110.137939453125 5.907927989959717
v 39.63949966430664 110 7.199999809265137
v 39.63949966430664 109.71865844726562 6.150000095367432
v 39.339500427246094 110.137939453125 5.907927989959717
v 39.339500427246094 110.137939453125 5.907927989959717
v 39.63949966430664 109.71865844726562 6.150000095367432
v 39.339500427246094 109.19206237792969 4.9620680809021
v 39.63949966430664 109.71865844726562 6.150000095367432
v 39.63949966430664 108.94999694824219 5.381346702575684
v 39.339500427246094 109.19206237792969 4.9620680809021
v 39.339500427246094 107.9000015258789 4.6158576011657715
v 39.339500427246094 109.19206237792969 4.9620680809021
v 39.63949966430664 107.9000015258789 5.099999904632568
v 39.339500427246094 109.19206237792969 4.9620680809021
v 39.63949966430664 108.94999694824219 5.381346702575684
v 39.63949966430664 107.9000015258789 5.099999904632568
v 39.339500427246094 107.9000015258789 4.6158576011657715
v 39.63949966430664 107.9000015258789 5.099999904632568
v 39.339500427246094 106.60794067382812 4.9620680809021
v 39.63949966430664 107.9000015258789 5.099999904632568
v 39.63949966430664 106.85000610351562 5.381346702575684
v 39.339500427246094 106.60794067382812 4.9620680809021
v 39.339500427246094 105.66206359863281 5.907927989959717
v 39.339500427246094 106.60794067382812 4.9620680809021
v 39.63949966430664 106.08134460449219 6.150000095367432
v 39.339500427246094 106.60794067382812 4.9620680809021
v 39.63949966430664 106.85000610351562 5.381346702575684
v 39.63949966430664 106.08134460449219 6.150000095367432
v 39.339500427246094 105.31584930419922 7.199999809265137
v 39.339500427246094 105.66206359863281 5.907927989959717
v 39.63949966430664 105.79999542236328 7.199999809265137
v 39.339500427246094 105.66206359863281 5.907927989959717
v 39.63949966430664 106.08134460449219 6.150000095367432
v 39.63949966430664 105.79999542236328 7.199999809265137
v 39.339500427246094 105.31584930419922 7.199999809265137
v 39.63949966430664 105.79999542236328 7.199999809265137
v 39.339500427246094 105.66206359863281 8.492072105407715
v 39.63949966430664 105.79999542236328 7.199999809265137
v 39.63949966430664 106.08134460449219 8.25
v 39.339500427246094 105.66206359863281 8.492072105407715
v 39.339500427246094 105.66206359863281 8.492072105407715
v 39.63949966430664 106.08134460449219 8.25
v 39.339500427246094 106.60794067382812 9.437932014465332
v 39.63949966430664 106.08134460449219 8.25
v 39.63949966430664 106.85000610351562 9.018653869628906
v 39.339500427246094 106.60794067382812 9.437932014465332
v 38.899497985839844 105.66206359863281 8.492072105407715
v 38.899497985839844 105.31584930419922 7.199999809265137
v 39.339500427246094 105.66206359863281 8.492072105407715
v 38.899497985839844 105.31584930419922 7.199999809265137
v 39.339500427246094 105.31584930419922 7.199999809265137
v 39.339500427246094 105.66206359863281 8.492072105407715
v 38.899497985839844 106.60794067382812 9.437932014465332
v 38.899497985839844 105.66206359863281 8.492072105407715
v 39.339500427246094 106.60794067382812 9.437932014465332
v 38.899497985839844 105.66206359863281 8.492072105407715
v 39.339500427246094 105.66206359863281 8.492072105407715
v 39.339500427246094 106.60794067382812 9.437932014465332
v 38.899497985839844 107.9000015258789 9.784141540527344
v 38.899497985839844 106.60794067382812 9.437932014465332
v 39.339500427246094 107.9000015258789 9.784141540527344
v 38.899497985839844 106.60794067382812 9.437932014465332
v 39.339500427246094 106.60794067382812 9.437932014465332
v 39.339500427246094 107.9000015258789 9.784141540527344
v 38.899497985839844 109.19206237792969 9.437932014465332
v 38.899497985839844 107.9000015258789 9.784141540527344
v 39.339500427246094 109.19206237792969 9.437932014465332
v 38.899497985839844 107.9000015258789 9.784141540527344
v 39.339500427246094 107.9000015258789 9.784141540527344
v 39.339500427246094 109.19206237792969 9.437932014465332
v 38.899497985839844 110.137939453125 8.492072105407715
v 38.899497985839844 109.19206237792969 9.437932014465332
v 39.339500427246094 110.137939453125 8.492072105407715
v 38.899497985839844 109.19206237792969 9.437932014465332
v 39.339500427246094 109.19206237792969 9.437932014465332
v 39.339500427246094 110.137939453125 8.492072105407715
v 38.899497985839844 110.48414611816406 7.199999809265137
v 38.899497985839844 110.137939453125 8.492072105407715
v 39.339500427246094 110.48414611816406 7.199999809265137
v 38.899497985839844 110.137939453125 8.492072105407715
v 39.339500427246094 110.137939453125 8.492072105407715
v 39.339500427246094 110.48414611816406 7.199999809265137
v 38.899497985839844 110.137939453125 5.907927989959717
v 38.899497985839844 110.48414611816406 7.199999809265137
v 39.339500427246094 110.137939453125 5.907927989959717
v 38.899497985839844 110.48414611816406 7.199999809265137
v 39.339500427246094 110.48414611816406 7.199999809265137
v 39.339500427246094 110.137939453125 5.907927989959717
v 38.899497985839844 109.19206237792969 4.9620680809021
v 38.899497985839844 110.137939453125 5.907927989959717
v 39.339500427246094 109.19206237792969 4.9620680809021
v 38.899497985839844 110.137939453125 5.907927989959717
v 39.339500427246094 110.137939453125 5.907927989959717
v 39.339500427246094 109.19206237792969 4.9620680809021
v 38.899497985839844 107.9000015258789 4.6158576011657715
v 38.899497985839844 109.19206237792969 4.9620680809021
v 39.339500427246094 107.9000015258789 4.6158576011657715
v 38.899497985839844 109.19206237792969 4.9620680809021
v 39.339500427246094 109.19206237792969 4.9620680809021
v 39.339500427246094 107.9000015258789 4.6158576011657715
v 38.899497985839844 106.60794067382812 4.9620680809021
v 38.899497985839844 107.9000015258789 4.6158576011657715
v 39.339500427246094 106.60794067382812 4.9620680809021
v 38.899497985839844 107.9000015258789 4.6158576011657715
v 39.339500427246094 107.9000015258789 4.6158576011657715
v 39.339500427246094 106.60794067382812 4.9620680809021
v 38.899497985839844 105.66206359863281 5.907927989959717
v 38.899497985839844 106.60794067382812 4.9620680809021
v 39.339500427246094 105.66206359863281 5.907927989959717
v 38.899497985839844 106.60794067382812 4.9620680809021
v 39.339500427246094 106.60794067382812 4.9620680809021
v 39.339500427246094 105.66206359863281 5.907927989959717
v 38.899497985839844 105.31584930419922 7.199999809265137
v 38.899497985839844 105.66206359863281 5.907927989959717
v 39.339500427246094 105.31584930419922 7.199999809265137
v 38.899497985839844 105.66206359863281 5.907927989959717
v 39.339500427246094 105.66206359863281 5.907927989959717
v 39.339500427246094 105.31584930419922 7.199999809265137
v 32.60049819946289 110.391357421875 7.199999809265137
v 32.00049591064453 110.391357421875 7.199999809265137
v 32.60049819946289 110.05757141113281 8.445674896240234
v 32.00049591064453 110.391357421875 7.199999809265137
v 32.00049591064453 110.05757141113281 8.445674896240234
v 32.60049819946289 110.05757141113281 8.445674896240234
v 32.60049819946289 110.05757141113281 5.9543256759643555
v 32.00049591064453 110.05757141113281 5.9543256759643555
v 32.60049819946289 110.391357421875 7.199999809265137
v 32.00049591064453 110.05757141113281 5.9543256759643555
v 32.00049591064453 110.391357421875 7.199999809265137
v 32.60049819946289 110.391357421875 7.199999809265137
v 32.60049819946289 109.14566802978516 5.042429447174072
v 32.00049591064453 109.14566802978516 5.042429447174072
v 32.60049819946289 110.05757141113281 5.9543256759643555
v 32.00049591064453 109.14566802978516 5.042429447174072
v 32.00049591064453 110.05757141113281 5.9543256759643555
v 32.60049819946289 110.05757141113281 5.9543256759643555
v 32.60049819946289 107.9000015258789 4.708652019500732
v 32.00049591064453 107.9000015258789 4.708652019500732
v 32.60049819946289 109.14566802978516 5.042429447174072
v 32.00049591064453 107.9000015258789 4.708652019500732
v 32.00049591064453 109.14566802978516 5.042429447174072
v 32.60049819946289 109.14566802978516 5.042429447174072
v 32.60049819946289 106.65433502197266 5.042429447174072
v 32.00049591064453 106.65433502197266 5.042429447174072
v 32.60049819946289 107.9000015258789 4.708652019500732
v 32.00049591064453 106.65433502197266 5.042429447174072
v 32.00049591064453 107.9000015258789 4.708652019500732
v 32.60049819946289 107.9000015258789 4.708652019500732
v 32.60049819946289 105.742431640625 5.9543256759643555
v 32.00049591064453 105.742431640625 5.9543256759643555
v 32.60049819946289 106.65433502197266 5.042429447174072
v 32.00049591064453 105.742431640625 5.9543256759643555
v 32.00049591064453 106.65433502197266 5.042429447174072
v 32.60049819946289 106.65433502197266 5.042429447174072
v 32.60049819946289 105.40864562988281 7.199999809265137
v 32.00049591064453 105.40864562988281 7.199999809265137
v 32.60049819946289 105.742431640625 5.9543256759643555
v 32.00049591064453 105.40864562988281 7.199999809265137
v 32.00049591064453 105.742431640625 5.9543256759643555
v 32.60049819946289 105.742431640625 5.9543256759643555
v 32.60049819946289 105.742431640625 8.445674896240234
v 32.00049591064453 105.742431640625 8.445674896240234
v 32.60049819946289 105.40864562988281 7.199999809265137
v 32.00049591064453 105.742431640625 8.445674896240234
v 32.00049591064453 105.40864562988281 7.199999809265137
v 32.60049819946289 105.40864562988281 7.199999809265137
v 32.60049819946289 106.65433502197266 9.357569694519043
v 32.00049591064453 106.65433502197266 9.357569694519043
v 32.60049819946289 105.742431640625 8.445674896240234
v 32.00049591064453 106.65433502197266 9.357569694519043
v 32.00049591064453 105.742431640625 8.445674896240234
v 32.60049819946289 105.742431640625 8.445674896240234
v 32.60049819946289 107.9000015258789 9.6913480758667
v 32.00049591064453 107.9000015258789 9.6913480758667
v 32.60049819946289 106.65433502197266 9.357569694519043
v 32.00049591064453 107.9000015258789 9.6913480758667
v 32.00049591064453 106.65433502197266 9.357569694519043
v 32.60049819946289 106.65433502197266 9.357569694519043
v 32.60049819946289 109.14566802978516 9.357569694519043
v 32.00049591064453 109.14566802978516 9.357569694519043
v 32.60049819946289 107.9000015258789 9.6913480758667
v 32.00049591064453 109.14566802978516 9.357569694519043
v 32.00049591064453 107.9000015258789 9.6913480758667
v 32.60049819946289 107.9000015258789 9.6913480758667
v 32.60049819946289 110.05757141113281 8.445674896240234
v 32.00049591064453 110.05757141113281 8.445674896240234
v 32.60049819946289 109.14566802978516 9.357569694519043
v 32.00049591064453 110.05757141113281 8.445674896240234
v 32.00049591064453 109.14566802978516 9.357569694519043
v 32.60049819946289 109.14566802978516 9.357569694519043
v 32.60049819946289 105.40864562988281 7.199999809265137
v 32.85049819946289 105.79999542236328 7.199999809265137
v 32.60049819946289 105.742431640625 8.445674896240234
v 32.85049819946289 105.79999542236328 7.199999809265137
v 32.85049819946289 106.08134460449219 8.25
v 32.60049819946289 105.742431640625 8.445674896240234
v 32.60049819946289 105.742431640625 8.445674896240234
v 32.85049819946289 106.08134460449219 8.25
v 32.60049819946289 106.65433502197266 9.357569694519043
v 32.85049819946289 106.08134460449219 8.25
v 32.85049819946289 106.85000610351562 9.018653869628906
v 32.60049819946289 106.65433502197266 9.357569694519043
v 32.60049819946289 107.9000015258789 9.6913480758667
v 32.60049819946289 106.65433502197266 9.357569694519043
v 32.85049819946289 107.9000015258789 9.300000190734863
v 32.60049819946289 106.65433502197266 9.357569694519043
v 32.85049819946289 106.85000610351562 9.018653869628906
v 32.85049819946289 107.9000015258789 9.300000190734863
v 32.60049819946289 107.9000015258789 9.6913480758667
v 32.85049819946289 107.9000015258789 9.300000190734863
v 32.60049819946289 109.14566802978516 9.357569694519043
v 32.85049819946289 107.9000015258789 9.300000190734863
v 32.85049819946289 108.94999694824219 9.018653869628906
v 32.60049819946289 109.14566802978516 9.357569694519043
v 32.60049819946289 110.05757141113281 8.445674896240234
v 32.60049819946289 109.14566802978516 9.357569694519043
v 32.85049819946289 109.71865844726562 8.25
v 32.60049819946289 109.14566802978516 9.357569694519043
v 32.85049819946289 108.94999694824219 9.018653869628906
v 32.85049819946289 109.71865844726562 8.25
v 32.60049819946289 110.391357421875 7.199999809265137
v 32.60049819946289 110.05757141113281 8.445674896240234
v 32.85049819946289 110 7.199999809265137
v 32.60049819946289 110.05757141113281 8.445674896240234
v 32.85049819946289 109.71865844726562 8.25
v 32.85049819946289 110 7.199999809265137
v 32.60049819946289 110.391357421875 7.199999809265137
v 32.85049819946289 110 7.199999809265137
v 32.60049819946289 110.05757141113281 5.9543256759643555
v 32.85049819946289 110 7.199999809265137
v 32.85049819946289 109.71865844726562 6.150000095367432
v 32.60049819946289 110.05757141113281 5.9543256759643555
v 32.60049819946289 110.05757141113281 5.9543256759643555
v 32.85049819946289 109.71865844726562 6.150000095367432
v 32.60049819946289 109.14566802978516 5.042429447174072
v 32.85049819946289 109.71865844726562 6.150000095367432
v 32.85049819946289 108.94999694824219 5.381346702575684
v 32.60049819946289 109.14566802978516 5.042429447174072
v 32.60049819946289 107.9000015258789 4.708652019500732
v 32.60049819946289 109.14566802978516 5.042429447174072
v 32.85049819946289 107.9000015258789 5.099999904632568
v 32.60049819946289 109.14566802978516 5.042429447174072
v 32.85049819946289 108.94999694824219 5.381346702575684
v 32.85049819946289 107.9000015258789 5.099999904632568
v 32.60049819946289 107.9000015258789 4.708652019500732
v 32.85049819946289 107.9000015258789 5.099999904632568
v 32.60049819946289 106.65433502197266 5.042429447174072
v 32.85049819946289 107.9000015258789 5.099999904632568
v 32.85049819946289 106.85000610351562 5.381346702575684
v 32.60049819946289 106.65433502197266 5.042429447174072
v 32.60049819946289 105.742431640625 5.9543256759643555
v 32.60049819946289 106.65433502197266 5.042429447174072
v 32.85049819946289 106.08134460449219 6.150000095367432
v 32.60049819946289 106.65433502197266 5.042429447174072
v 32.85049819946289 106.85000610351562 5.381346702575684
v 32.85049819946289 106.08134460449219 6.150000095367432
v 32.60049819946289 105.40864562988281 7.199999809265137
v 32.60049819946289 105.742431640625 5.9543256759643555
v 32.85049819946289 105.79999542236328 7.199999809265137
v 32.60049819946289 105.742431640625 5.9543256759643555
v 32.85049819946289 106.08134460449219 6.150000095367432
v 32.85049819946289 105.79999542236328 7.199999809265137
v 32.85049819946289 106.08134460449219 8.25
v 32.85049819946289 105.79999542236328 7.199999809265137
v 38.74949645996094 106.08134460449219 8.25
v 32.85049819946289 105.79999542236328 7.199999809265137
v 38.74949645996094 105.79999542236328 7.199999809265137
v 38.74949645996094 106.08134460449219 8.25
v 32.85049819946289 106.85000610351562 9.018653869628906
v 32.85049819946289 106.08134460449219 8.25
v 38.74949645996094 106.85000610351562 9.018653869628906
v 32.85049819946289 106.08134460449219 8.25
v 38.74949645996094 106.08134460449219 8.25
v 38.74949645996094 106.85000610351562 9.018653869628906
v 32.85049819946289 107.9000015258789 9.300000190734863
v 32.85049819946289 106.85000610351562 9.018653869628906
v 38.74949645996094 107.9000015258789 9.300000190734863
v 32.85049819946289 106.85000610351562 9.018653869628906
v 38.74949645996094 106.85000610351562 9.018653869628906
v 38.74949645996094 107.9000015258789 9.300000190734863
v 32.85049819946289 108.94999694824219 9.018653869628906
v 32.85049819946289 107.9000015258789 9.300000190734863
v 38.74949645996094 108.94999694824219 9.018653869628906
v 32.85049819946289 107.9000015258789 9.300000190734863
v 38.74949645996094 107.9000015258789 9.300000190734863
v 38.74949645996094 108.94999694824219 9.018653869628906
v 32.85049819946289 109.71865844726562 8.25
v 32.85049819946289 108.94999694824219 9.018653869628906
v 38.74949645996094 109.71865844726562 8.25
v 32.85049819946289 108.94999694824219 9.018653869628906
v 38.74949645996094 108.94999694824219 9.018653869628906
v 38.74949645996094 109.71865844726562 8.25
v 32.85049819946289 110 7.199999809265137
v 32.85049819946289 109.71865844726562 8.25
v 38.74949645996094 110 7.199999809265137
v 32.85049819946289 109.71865844726562 8.25
v 38.74949645996094 109.71865844726562 8.25
v 38.74949645996094 110 7.199999809265137
v 32.85049819946289 109.71865844726562 6.150000095367432
v 32.85049819946289 110 7.199999809265137
v 38.74949645996094 109.71865844726562 6.150000095367432
v 32.85049819946289 110 7.199999809265137
v 38.74949645996094 110 7.199999809265137
v 38.74949645996094 109.71865844726562 6.150000095367432
v 32.85049819946289 108.94999694824219 5.381346702575684
v 32.85049819946289 109.71865844726562 6.150000095367432
v 38.74949645996094 108.94999694824219 5.381346702575684
v 32.85049819946289 109.71865844726562 6.150000095367432
v 38.74949645996094 109.71865844726562 6.150000095367432
v 38.74949645996094 108.94999694824219 5.381346702575684
v 32.85049819946289 107.9000015258789 5.099999904632568
v 32.85049819946289 108.94999694824219 5.381346702575684
v 38.74949645996094 107.9000015258789 5.099999904632568
v 32.85049819946289 108.94999694824219 5.381346702575684
v 38.74949645996094 108.94999694824219 5.381346702575684
v 38.74949645996094 107.9000015258789 5.099999904632568
v 32.85049819946289 106.85000610351562 5.381346702575684
v 32.85049819946289 107.9000015258789 5.099999904632568
v 38.74949645996094 106.85000610351562 5.381346702575684
v 32.85049819946289 107.9000015258789 5.099999904632568
v 38.74949645996094 107.9000015258789 5.099999904632568
v 38.74949645996094 106.85000610351562 5.381346702575684
v 32.85049819946289 106.08134460449219 6.150000095367432
v 32.85049819946289 106.85000610351562 5.381346702575684
v 38.74949645996094 106.08134460449219 6.150000095367432
v 32.85049819946289 106.85000610351562 5.381346702575684
v 38.74949645996094 106.85000610351562 5.381346702575684
v 38.74949645996094 106.08134460449219 6.150000095367432
v 32.85049819946289 105.79999542236328 7.199999809265137
v 32.85049819946289 106.08134460449219 6.150000095367432
v 38.74949645996094 105.79999542236328 7.199999809265137
v 32.85049819946289 106.08134460449219 6.150000095367432
v 38.74949645996094 106.08134460449219 6.150000095367432
v 38.74949645996094 105.79999542236328 7.199999809265137
vt 0.03880716860294342 0.32613492012023926
vt 0.17259041965007782 0.3315228223800659
vt 0.022924067452549934 0.6337490081787109
vt 0.17259041965007782 0.3315228223800659
vt 0.1636766642332077 0.63941890001297
vt 0.022924067452549934 0.6337490081787109
vt 0.14061704277992249 0.8745951652526855
vt 0.13308997452259064 0.8714632391929626
vt 0.14821456372737885 0.8745909929275513
vt 0.13308997452259064 0.8714632391929626
vt 0.020949339494109154 0.7966194748878479
vt 0.14821456372737885 0.8745909929275513
vt 0.020949339494109154 0.7966194748878479
vt 0.015169289894402027 0.7908696532249451
vt 0.14821456372737885 0.8745909929275513
vt 0.015169289894402027 0.7908696532249451
vt 0.01225888542830944 0.7838516235351562
vt 0.14821456372737885 0.8745909929275513
vt 0.01225888542830944 0.7838516235351562
vt 0.012254678644239902 0.7762541770935059
vt 0.14821456372737885 0.8745909929275513
vt 0.012254678644239902 0.7762541770935059
vt 0.015386780723929405 0.7687270045280457
vt 0.14821456372737885 0.8745909929275513
vt 0.015386780723929405 0.7687270045280457
vt 0.09023234248161316 0.6565886735916138
vt 0.14821456372737885 0.8745909929275513
vt 0.09023234248161316 0.6565886735916138
vt 0.09598191827535629 0.6508086323738098
vt 0.14821456372737885 0.8745909929275513
vt 0.09598191827535629 0.6508086323738098
vt 0.10299956053495407 0.6478977203369141
vt 0.14821456372737885 0.8745909929275513
vt 0.10299956053495407 0.6478977203369141
vt 0.11059708148241043 0.6478935480117798
vt 0.14821456372737885 0.8745909929275513
vt 0.11059708148241043 0.6478935480117798
vt 0.11812435835599899 0.6510253548622131
vt 0.14821456372737885 0.8745909929275513
vt 0.11812435835599899 0.6510253548622131
vt 0.23026499152183533 0.7258687019348145
vt 0.14821456372737885 0.8745909929275513
vt 0.23026499152183533 0.7258687019348145
vt 0.23604483902454376 0.7316184639930725
vt 0.14821456372737885 0.8745909929275513
vt 0.23604483902454376 0.7316184639930725
vt 0.23895548284053802 0.7386361956596375
vt 0.14821456372737885 0.8745909929275513
vt 0.23895548284053802 0.7386361956596375
vt 0.23895961046218872 0.7462334036827087
vt 0.14821456372737885 0.8745909929275513
vt 0.23895961046218872 0.7462334036827087
vt 0.2358277440071106 0.7537605166435242
vt 0.14821456372737885 0.8745909929275513
vt 0.2358277440071106 0.7537605166435242
vt 0.1609821915626526 0.8658999800682068
vt 0.14821456372737885 0.8745909929275513
vt 0.1609821915626526 0.8658999800682068
vt 0.15523241460323334 0.8716801404953003
vt 0.14821456372737885 0.8745909929275513
vt 0.17862676084041595 0.31540095806121826
vt 0.04349622502923012 0.3213196396827698
vt 0.16992241144180298 0.01324617862701416
vt 0.04349622502923012 0.3213196396827698
vt 0.027718713507056236 0.019474327564239502
vt 0.16992241144180298 0.01324617862701416
vt 0.6852753162384033 0.3213198184967041
vt 0.5501836538314819 0.31540167331695557
vt 0.7030752897262573 0.01947307586669922
vt 0.5501836538314819 0.31540167331695557
vt 0.5609127879142761 0.013247072696685791
vt 0.7030752897262573 0.01947307586669922
vt 0.5164896249771118 0.3144177198410034
vt 0.38127022981643677 0.31244373321533203
vt 0.5254554748535156 0.012212753295898438
vt 0.38127022981643677 0.31244373321533203
vt 0.3831653594970703 0.010137438774108887
vt 0.5254554748535156 0.012212753295898438
vt 0.347558856010437 0.3124435544013977
vt 0.2123270183801651 0.31441718339920044
vt 0.3476913273334503 0.010137319564819336
vt 0.2123270183801651 0.31441718339920044
vt 0.20538544654846191 0.012211918830871582
vt 0.3476913273334503 0.010137319564819336
vt 0.38127022981643677 0.31244373321533203
vt 0.3726406395435333 0.31234562397003174
vt 0.3831653594970703 0.010137438774108887
vt 0.3726406395435333 0.31234562397003174
vt 0.37408447265625 0.010034263134002686
vt 0.3831653594970703 0.010137438774108887
vt 0.3726406395435333 0.31234562397003174
vt 0.3644149899482727 0.3123129606246948
vt 0.37408447265625 0.010034263134002686
vt 0.3644149899482727 0.3123129606246948
vt 0.36542877554893494 0.009999990463256836
vt 0.37408447265625 0.010034263134002686
vt 0.3644149899482727 0.3123129606246948
vt 0.35618916153907776 0.3123455047607422
vt 0.36542877554893494 0.009999990463256836
vt 0.35618916153907776 0.3123455047607422
vt 0.3567728102207184 0.01003420352935791
vt 0.36542877554893494 0.009999990463256836
vt 0.35618916153907776 0.3123455047607422
vt 0.347558856010437 0.3124435544013977
vt 0.3567728102207184 0.01003420352935791
vt 0.347558856010437 0.3124435544013977
vt 0.3476913273334503 0.010137319564819336
vt 0.3567728102207184 0.01003420352935791
vt 0.16992241144180298 0.01324617862701416
vt 0.1789981573820114 0.012878239154815674
vt 0.17862676084041595 0.31540095806121826
vt 0.1789981573820114 0.012878239154815674
vt 0.18725131452083588 0.3150510787963867
vt 0.17862676084041595 0.31540095806121826
vt 0.1789981573820114 0.012878239154815674
vt 0.1876503974199295 0.012591719627380371
vt 0.18725131452083588 0.3150510787963867
vt 0.1876503974199295 0.012591719627380371
vt 0.1954735368490219 0.31477856636047363
vt 0.18725131452083588 0.3150510787963867
vt 0.1876503974199295 0.012591719627380371
vt 0.19630441069602966 0.012373566627502441
vt 0.1954735368490219 0.31477856636047363
vt 0.19630441069602966 0.012373566627502441
vt 0.20369736850261688 0.3145710229873657
vt 0.1954735368490219 0.31477856636047363
vt 0.19630441069602966 0.012373566627502441
vt 0.20538544654846191 0.012211918830871582
vt 0.20369736850261688 0.3145710229873657
vt 0.20538544654846191 0.012211918830871582
vt 0.2123270183801651 0.31441718339920044
vt 0.20369736850261688 0.3145710229873657
vt 0.5501836538314819 0.31540167331695557
vt 0.5415613651275635 0.3150518536567688
vt 0.5609127879142761 0.013247072696685791
vt 0.5415613651275635 0.3150518536567688
vt 0.551839292049408 0.012879014015197754
vt 0.5609127879142761 0.013247072696685791
vt 0.5415613651275635 0.3150518536567688
vt 0.5333408713340759 0.31477928161621094
vt 0.551839292049408 0.012879014015197754
vt 0.5333408713340759 0.31477928161621094
vt 0.5431885719299316 0.012592554092407227
vt 0.551839292049408 0.012879014015197754
vt 0.5333408713340759 0.31477928161621094
vt 0.5251184105873108 0.3145716190338135
vt 0.5431885719299316 0.012592554092407227
vt 0.5251184105873108 0.3145716190338135
vt 0.534535825252533 0.012374341487884521
vt 0.5431885719299316 0.012592554092407227
vt 0.5251184105873108 0.3145716190338135
vt 0.5164896249771118 0.3144177198410034
vt 0.534535825252533 0.012374341487884521
vt 0.5164896249771118 0.3144177198410034
vt 0.5254554748535156 0.012212753295898438
vt 0.534535825252533 0.012374341487884521
vt 0.04349622502923012 0.3213196396827698
vt 0.03487381711602211 0.3217252492904663
vt 0.027718713507056236 0.019474327564239502
vt 0.03487381711602211 0.3217252492904663
vt 0.018645090982317924 0.019901156425476074
vt 0.027718713507056236 0.019474327564239502
vt 0.03487381711602211 0.3217252492904663
vt 0.02665875479578972 0.32217276096343994
vt 0.018645090982317924 0.019901156425476074
vt 0.02665875479578972 0.32217276096343994
vt 0.009999999776482582 0.02037203311920166
vt 0.018645090982317924 0.019901156425476074
vt 0.7021071910858154 0.32217276096343994
vt 0.6938951015472412 0.3217252492904663
vt 0.7207880020141602 0.020370543003082275
vt 0.6938951015472412 0.3217252492904663
vt 0.712145984172821 0.01989966630935669
vt 0.7207880020141602 0.020370543003082275
vt 0.19230052828788757 0.9062240719795227
vt 0.1845947653055191 0.9065029621124268
vt 0.19044287502765656 0.8854191303253174
vt 0.1845947653055191 0.9065029621124268
vt 0.1821272075176239 0.8863461017608643
vt 0.19044287502765656 0.8854191303253174
vt 0.1850433349609375 0.9079182744026184
vt 0.19313453137874603 0.9076270461082458
vt 0.18659037351608276 0.9112240076065063
vt 0.19313453137874603 0.9076270461082458
vt 0.19537372887134552 0.9099769592285156
vt 0.18659037351608276 0.9112240076065063
vt 0.2818826735019684 0.8761783242225647
vt 0.2852858304977417 0.876654326915741
vt 0.19044287502765656 0.8854191303253174
vt 0.2852858304977417 0.876654326915741
vt 0.28841477632522583 0.8783981204032898
vt 0.19044287502765656 0.8854191303253174
vt 0.28841477632522583 0.8783981204032898
vt 0.291011780500412 0.8812911510467529
vt 0.19044287502765656 0.8854191303253174
vt 0.291011780500412 0.8812911510467529
vt 0.29290473461151123 0.8851781487464905
vt 0.19044287502765656 0.8854191303253174
vt 0.29290473461151123 0.8851781487464905
vt 0.29628440737724304 0.8953196406364441
vt 0.19044287502765656 0.8854191303253174
vt 0.29628440737724304 0.8953196406364441
vt 0.19230052828788757 0.9062240719795227
vt 0.19044287502765656 0.8854191303253174
vt 0.19537372887134552 0.9099769592285156
vt 0.19313453137874603 0.9076270461082458
vt 0.35485246777534485 0.8932309150695801
vt 0.19313453137874603 0.9076270461082458
vt 0.29783177375793457 0.8970142006874084
vt 0.35485246777534485 0.8932309150695801
vt 0.29783177375793457 0.8970142006874084
vt 0.29877427220344543 0.8899093866348267
vt 0.35485246777534485 0.8932309150695801
vt 0.29877427220344543 0.8899093866348267
vt 0.3544331192970276 0.8834861516952515
vt 0.35485246777534485 0.8932309150695801
vt 0.1845947653055191 0.9065029621124268
vt 0.17839010059833527 0.9070581793785095
vt 0.1821272075176239 0.8863461017608643
vt 0.17839010059833527 0.9070581793785095
vt 0.17517074942588806 0.887705385684967
vt 0.1821272075176239 0.8863461017608643
vt 0.1850433349609375 0.9079182744026184
vt 0.18659037351608276 0.9112240076065063
vt 0.1785825937986374 0.9084663391113281
vt 0.18659037351608276 0.9112240076065063
vt 0.1790546327829361 0.9120461940765381
vt 0.1785825937986374 0.9084663391113281
vt 0.172450453042984 0.9079433679580688
vt 0.1685052365064621 0.8894043564796448
vt 0.17839010059833527 0.9070581793785095
vt 0.1685052365064621 0.8894043564796448
vt 0.17517074942588806 0.887705385684967
vt 0.17839010059833527 0.9070581793785095
vt 0.1719585806131363 0.9126070141792297
vt 0.17242148518562317 0.9093019962310791
vt 0.1790546327829361 0.9120461940765381
vt 0.17242148518562317 0.9093019962310791
vt 0.1785825937986374 0.9084663391113281
vt 0.1790546327829361 0.9120461940765381
vt 0.172450453042984 0.9079433679580688
vt 0.16566888988018036 0.9094318151473999
vt 0.1685052365064621 0.8894043564796448
vt 0.16566888988018036 0.9094318151473999
vt 0.16107840836048126 0.8918489217758179
vt 0.1685052365064621 0.8894043564796448
vt 0.16453588008880615 0.9134885668754578
vt 0.16546401381492615 0.9108225107192993
vt 0.1719585806131363 0.9126070141792297
vt 0.16546401381492615 0.9108225107192993
vt 0.17242148518562317 0.9093019962310791
vt 0.1719585806131363 0.9126070141792297
vt 0.16566888988018036 0.9094318151473999
vt 0.032424088567495346 0.9459701776504517
vt 0.16107840836048126 0.8918489217758179
vt 0.032424088567495346 0.9459701776504517
vt 0.027794238179922104 0.9285704493522644
vt 0.16107840836048126 0.8918489217758179
vt 0.16453588008880615 0.9134885668754578
vt 0.03538902848958969 0.9488969445228577
vt 0.16546401381492615 0.9108225107192993
vt 0.03538902848958969 0.9488969445228577
vt 0.03328119218349457 0.9470645785331726
vt 0.16546401381492615 0.9108225107192993
vt 0.032424088567495346 0.9459701776504517
vt 0.025868574157357216 0.9478736519813538
vt 0.027794238179922104 0.9285704493522644
vt 0.025868574157357216 0.9478736519813538
vt 0.02060720883309841 0.9304583072662354
vt 0.027794238179922104 0.9285704493522644
vt 0.026566211134195328 0.9489771127700806
vt 0.03328119218349457 0.9470645785331726
vt 0.028543392196297646 0.951447606086731
vt 0.03328119218349457 0.9470645785331726
vt 0.03538902848958969 0.9488969445228577
vt 0.028543392196297646 0.951447606086731
vt 0.020196041092276573 0.949956476688385
vt 0.014729486778378487 0.9325239062309265
vt 0.025868574157357216 0.9478736519813538
vt 0.014729486778378487 0.9325239062309265
vt 0.02060720883309841 0.9304583072662354
vt 0.025868574157357216 0.9478736519813538
vt 0.020925667136907578 0.9513628482818604
vt 0.026566211134195328 0.9489771127700806
vt 0.02293427847325802 0.954296350479126
vt 0.026566211134195328 0.9489771127700806
vt 0.028543392196297646 0.951447606086731
vt 0.02293427847325802 0.954296350479126
vt 0.7106675505638123 0.9425064921379089
vt 0.7065290212631226 0.9407979249954224
vt 0.715604305267334 0.9296362400054932
vt 0.7065290212631226 0.9407979249954224
vt 0.7113157510757446 0.9279220104217529
vt 0.715604305267334 0.9296362400054932
vt 0.7082327604293823 0.9455432295799255
vt 0.7042049169540405 0.943235456943512
vt 0.7100133895874023 0.9435084462165833
vt 0.7042049169540405 0.943235456943512
vt 0.7059153318405151 0.9415783882141113
vt 0.7100133895874023 0.9435084462165833
vt 0.7065290212631226 0.9407979249954224
vt 0.7016999125480652 0.9391749501228333
vt 0.7113157510757446 0.9279220104217529
vt 0.7016999125480652 0.9391749501228333
vt 0.7060351371765137 0.9263124465942383
vt 0.7113157510757446 0.9279220104217529
vt 0.6991993188858032 0.9410927891731262
vt 0.700961172580719 0.9399333000183105
vt 0.7042049169540405 0.943235456943512
vt 0.700961172580719 0.9399333000183105
vt 0.7059153318405151 0.9415783882141113
vt 0.7042049169540405 0.943235456943512
vt 0.7016999125480652 0.9391749501228333
vt 0.6377087235450745 0.9188257455825806
vt 0.7060351371765137 0.9263124465942383
vt 0.6377087235450745 0.9188257455825806
vt 0.6414075493812561 0.9126771688461304
vt 0.7060351371765137 0.9263124465942383
vt 0.6414075493812561 0.9126771688461304
vt 0.6432064175605774 0.910400390625
vt 0.7060351371765137 0.9263124465942383
vt 0.6432064175605774 0.910400390625
vt 0.6452906131744385 0.9088610410690308
vt 0.7060351371765137 0.9263124465942383
vt 0.6452906131744385 0.9088610410690308
vt 0.647534191608429 0.9081384539604187
vt 0.7060351371765137 0.9263124465942383
vt 0.647534191608429 0.9081384539604187
vt 0.6497626304626465 0.9082815647125244
vt 0.7060351371765137 0.9263124465942383
vt 0.6026162505149841 0.9037653803825378
vt 0.6369601488113403 0.9149948954582214
vt 0.6010339856147766 0.910055935382843
vt 0.6369601488113403 0.9149948954582214
vt 0.6364709138870239 0.9197249412536621
vt 0.6010339856147766 0.910055935382843
vt 0.6364709138870239 0.9197249412536621
vt 0.700961172580719 0.9399333000183105
vt 0.6010339856147766 0.910055935382843
vt 0.700961172580719 0.9399333000183105
vt 0.6991993188858032 0.9410927891731262
vt 0.6010339856147766 0.910055935382843
vt 0.7118232846260071 0.924208402633667
vt 0.7113157510757446 0.9279220104217529
vt 0.7061285376548767 0.9219182133674622
vt 0.7113157510757446 0.9279220104217529
vt 0.7060351371765137 0.9263124465942383
vt 0.7061285376548767 0.9219182133674622
vt 0.5870830416679382 0.8997870683670044
vt 0.5778685808181763 0.899000883102417
vt 0.5920289754867554 0.8798899054527283
vt 0.5778685808181763 0.899000883102417
vt 0.5820952653884888 0.8762713670730591
vt 0.5920289754867554 0.8798899054527283
vt 0.6507881283760071 0.904046356678009
vt 0.7061285376548767 0.9219182133674622
vt 0.6497626304626465 0.9082815647125244
vt 0.7061285376548767 0.9219182133674622
vt 0.7060351371765137 0.9263124465942383
vt 0.6497626304626465 0.9082815647125244
vt 0.5953499674797058 0.9010283350944519
vt 0.5870830416679382 0.8997870683670044
vt 0.6005722284317017 0.8836172819137573
vt 0.5870830416679382 0.8997870683670044
vt 0.5920289754867554 0.8798899054527283
vt 0.6005722284317017 0.8836172819137573
vt 0.7175304889678955 0.9269383549690247
vt 0.715604305267334 0.9296362400054932
vt 0.7118232846260071 0.924208402633667
vt 0.715604305267334 0.9296362400054932
vt 0.7113157510757446 0.9279220104217529
vt 0.7118232846260071 0.924208402633667
vt 0.6029107570648193 0.9027479887008667
vt 0.5953499674797058 0.9010283350944519
vt 0.6080150604248047 0.8871591687202454
vt 0.5953499674797058 0.9010283350944519
vt 0.6005722284317017 0.8836172819137573
vt 0.6080150604248047 0.8871591687202454
vt 0.02006872184574604 0.9256993532180786
vt 0.02060720883309841 0.9304583072662354
vt 0.012153890915215015 0.9289495944976807
vt 0.02060720883309841 0.9304583072662354
vt 0.014729486778378487 0.9325239062309265
vt 0.012153890915215015 0.9289495944976807
vt 0.36465463042259216 0.8809409141540527
vt 0.3543415367603302 0.8819197416305542
vt 0.3637236952781677 0.8572325110435486
vt 0.3543415367603302 0.8819197416305542
vt 0.35254380106925964 0.8582342267036438
vt 0.3637236952781677 0.8572325110435486
vt 0.027794238179922104 0.9285704493522644
vt 0.02060720883309841 0.9304583072662354
vt 0.02784956432878971 0.9229596853256226
vt 0.02060720883309841 0.9304583072662354
vt 0.02006872184574604 0.9256993532180786
vt 0.02784956432878971 0.9229596853256226
vt 0.3749999403953552 0.8807452917098999
vt 0.36465463042259216 0.8809409141540527
vt 0.37515220046043396 0.8564983606338501
vt 0.36465463042259216 0.8809409141540527
vt 0.3637236952781677 0.8572325110435486
vt 0.37515220046043396 0.8564983606338501
vt 0.027794238179922104 0.9285704493522644
vt 0.02784956432878971 0.9229596853256226
vt 0.16107840836048126 0.8918489217758179
vt 0.02784956432878971 0.9229596853256226
vt 0.15822641551494598 0.8870323300361633
vt 0.16107840836048126 0.8918489217758179
vt 0.3855264186859131 0.8812747597694397
vt 0.3749999403953552 0.8807452917098999
vt 0.3869471549987793 0.8561598658561707
vt 0.3749999403953552 0.8807452917098999
vt 0.37515220046043396 0.8564983606338501
vt 0.3869471549987793 0.8561598658561707
vt 0.16626499593257904 0.8850855231285095
vt 0.1685052365064621 0.8894043564796448
vt 0.15822641551494598 0.8870323300361633
vt 0.1685052365064621 0.8894043564796448
vt 0.16107840836048126 0.8918489217758179
vt 0.15822641551494598 0.8870323300361633
vt 0.39630722999572754 0.882625937461853
vt 0.3855264186859131 0.8812747597694397
vt 0.39911365509033203 0.85617995262146
vt 0.3855264186859131 0.8812747597694397
vt 0.3869471549987793 0.8561598658561707
vt 0.39911365509033203 0.85617995262146
vt 0.17517074942588806 0.887705385684967
vt 0.1685052365064621 0.8894043564796448
vt 0.17428889870643616 0.8831503987312317
vt 0.1685052365064621 0.8894043564796448
vt 0.16626499593257904 0.8850855231285095
vt 0.17428889870643616 0.8831503987312317
vt 0.5677927732467651 0.8988387584686279
vt 0.39630722999572754 0.882625937461853
vt 0.5709019899368286 0.872967004776001
vt 0.39630722999572754 0.882625937461853
vt 0.39911365509033203 0.85617995262146
vt 0.5709019899368286 0.872967004776001
vt 0.1821272075176239 0.8863461017608643
vt 0.17517074942588806 0.887705385684967
vt 0.18264982104301453 0.8807790279388428
vt 0.17517074942588806 0.887705385684967
vt 0.17428889870643616 0.8831503987312317
vt 0.18264982104301453 0.8807790279388428
vt 0.5778685808181763 0.899000883102417
vt 0.5677927732467651 0.8988387584686279
vt 0.5820952653884888 0.8762713670730591
vt 0.5677927732467651 0.8988387584686279
vt 0.5709019899368286 0.872967004776001
vt 0.5820952653884888 0.8762713670730591
vt 0.19044287502765656 0.8854191303253174
vt 0.1821272075176239 0.8863461017608643
vt 0.19183942675590515 0.8786963224411011
vt 0.1821272075176239 0.8863461017608643
vt 0.18264982104301453 0.8807790279388428
vt 0.19183942675590515 0.8786963224411011
vt 0.7071924209594727 0.9179933667182922
vt 0.7076787352561951 0.9161242246627808
vt 0.7131572365760803 0.9207446575164795
vt 0.7076787352561951 0.9161242246627808
vt 0.713906466960907 0.9190218448638916
vt 0.7131572365760803 0.9207446575164795
vt 0.19044287502765656 0.8854191303253174
vt 0.19183942675590515 0.8786963224411011
vt 0.2818826735019684 0.8761783242225647
vt 0.19183942675590515 0.8786963224411011
vt 0.28185686469078064 0.8696309924125671
vt 0.2818826735019684 0.8761783242225647
vt 0.7131572365760803 0.9207446575164795
vt 0.713906466960907 0.9190218448638916
vt 0.7191650867462158 0.9231926202774048
vt 0.713906466960907 0.9190218448638916
vt 0.7195536494255066 0.9213006496429443
vt 0.7191650867462158 0.9231926202774048
vt 0.29290473461151123 0.8851781487464905
vt 0.291011780500412 0.8812911510467529
vt 0.2964675724506378 0.880811333656311
vt 0.291011780500412 0.8812911510467529
vt 0.29440608620643616 0.8764870762825012
vt 0.2964675724506378 0.880811333656311
vt 0.28841477632522583 0.8783981204032898
vt 0.2909978926181793 0.8728392720222473
vt 0.291011780500412 0.8812911510467529
vt 0.2909978926181793 0.8728392720222473
vt 0.29440608620643616 0.8764870762825012
vt 0.291011780500412 0.8812911510467529
vt 0.2852858304977417 0.876654326915741
vt 0.2866208553314209 0.8704885840415955
vt 0.28841477632522583 0.8783981204032898
vt 0.2866208553314209 0.8704885840415955
vt 0.2909978926181793 0.8728392720222473
vt 0.28841477632522583 0.8783981204032898
vt 0.2818826735019684 0.8761783242225647
vt 0.28185686469078064 0.8696309924125671
vt 0.2852858304977417 0.876654326915741
vt 0.28185686469078064 0.8696309924125671
vt 0.2866208553314209 0.8704885840415955
vt 0.2852858304977417 0.876654326915741
vt 0.4557693898677826 0.9632889628410339
vt 0.4575951397418976 0.9662450551986694
vt 0.45301419496536255 0.9612085819244385
vt 0.4575951397418976 0.9662450551986694
vt 0.45821571350097656 0.9697979092597961
vt 0.45301419496536255 0.9612085819244385
vt 0.45821571350097656 0.9697979092597961
vt 0.4581417143344879 0.9736981391906738
vt 0.45301419496536255 0.9612085819244385
vt 0.4581417143344879 0.9736981391906738
vt 0.45741379261016846 0.977105975151062
vt 0.45301419496536255 0.9612085819244385
vt 0.45741379261016846 0.977105975151062
vt 0.45554134249687195 0.9798704981803894
vt 0.45301419496536255 0.9612085819244385
vt 0.45554134249687195 0.9798704981803894
vt 0.4528082609176636 0.9817230701446533
vt 0.45301419496536255 0.9612085819244385
vt 0.4528082609176636 0.9817230701446533
vt 0.44950076937675476 0.982393205165863
vt 0.45301419496536255 0.9612085819244385
vt 0.44950076937675476 0.982393205165863
vt 0.3675614893436432 0.9810216426849365
vt 0.45301419496536255 0.9612085819244385
vt 0.3675614893436432 0.9810216426849365
vt 0.3679140508174896 0.9586491584777832
vt 0.45301419496536255 0.9612085819244385
vt 0.3679140508174896 0.9586491584777832
vt 0.4496185779571533 0.9602904319763184
vt 0.45301419496536255 0.9612085819244385
vt 0.45382142066955566 0.9595675468444824
vt 0.44987043738365173 0.958369255065918
vt 0.45596158504486084 0.9545685052871704
vt 0.44987043738365173 0.958369255065918
vt 0.4502394497394562 0.9527282118797302
vt 0.45596158504486084 0.9545685052871704
vt 0.44987043738365173 0.958369255065918
vt 0.36800551414489746 0.9567079544067383
vt 0.4502394497394562 0.9527282118797302
vt 0.36800551414489746 0.9567079544067383
vt 0.3684488534927368 0.9510453343391418
vt 0.4502394497394562 0.9527282118797302
vt 0.36758917570114136 0.9829640984535217
vt 0.4496736228466034 0.9843153953552246
vt 0.367835134267807 0.9886385202407837
vt 0.4496736228466034 0.9843153953552246
vt 0.4498862624168396 0.9900000095367432
vt 0.367835134267807 0.9886385202407837
vt 0.4496736228466034 0.9843153953552246
vt 0.4534938335418701 0.9834500551223755
vt 0.4498862624168396 0.9900000095367432
vt 0.4534938335418701 0.9834500551223755
vt 0.455867737531662 0.9882962107658386
vt 0.4498862624168396 0.9900000095367432
vt 0.4534938335418701 0.9834500551223755
vt 0.45677274465560913 0.9811890721321106
vt 0.455867737531662 0.9882962107658386
vt 0.45677274465560913 0.9811890721321106
vt 0.4607263505458832 0.9848255515098572
vt 0.455867737531662 0.9882962107658386
vt 0.45677274465560913 0.9811890721321106
vt 0.45904552936553955 0.9778936505317688
vt 0.4607263505458832 0.9848255515098572
vt 0.45904552936553955 0.9778936505317688
vt 0.46399468183517456 0.9800187349319458
vt 0.4607263505458832 0.9848255515098572
vt 0.45904552936553955 0.9778936505317688
vt 0.4600462317466736 0.9739532470703125
vt 0.46399468183517456 0.9800187349319458
vt 0.4600462317466736 0.9739532470703125
vt 0.4655087888240814 0.9746266603469849
vt 0.46399468183517456 0.9800187349319458
vt 0.4600462317466736 0.9739532470703125
vt 0.46011462807655334 0.9696077704429626
vt 0.4655087888240814 0.9746266603469849
vt 0.46011462807655334 0.9696077704429626
vt 0.4655762314796448 0.9687367677688599
vt 0.4655087888240814 0.9746266603469849
vt 0.46011462807655334 0.9696077704429626
vt 0.4592650830745697 0.9655517339706421
vt 0.4655762314796448 0.9687367677688599
vt 0.4592650830745697 0.9655517339706421
vt 0.4640948474407196 0.9630715250968933
vt 0.4655762314796448 0.9687367677688599
vt 0.4592650830745697 0.9655517339706421
vt 0.45708534121513367 0.9620637893676758
vt 0.4640948474407196 0.9630715250968933
vt 0.45708534121513367 0.9620637893676758
vt 0.4607899487018585 0.9581202864646912
vt 0.4640948474407196 0.9630715250968933
vt 0.45708534121513367 0.9620637893676758
vt 0.45382142066955566 0.9595675468444824
vt 0.4607899487018585 0.9581202864646912
vt 0.45382142066955566 0.9595675468444824
vt 0.45596158504486084 0.9545685052871704
vt 0.4607899487018585 0.9581202864646912
vt 0.3679140508174896 0.9586491584777832
vt 0.3675614893436432 0.9810216426849365
vt 0.35769450664520264 0.9586142897605896
vt 0.3675614893436432 0.9810216426849365
vt 0.3573927879333496 0.9808152914047241
vt 0.35769450664520264 0.9586142897605896
vt 0.3573470711708069 0.982734203338623
vt 0.36758917570114136 0.9829640984535217
vt 0.3572973310947418 0.9883543252944946
vt 0.36758917570114136 0.9829640984535217
vt 0.367835134267807 0.9886385202407837
vt 0.3572973310947418 0.9883543252944946
vt 0.36800551414489746 0.9567079544067383
vt 0.35769370198249817 0.9566867351531982
vt 0.3684488534927368 0.9510453343391418
vt 0.35769370198249817 0.9566867351531982
vt 0.3576783239841461 0.9508188962936401
vt 0.3684488534927368 0.9510453343391418
vt 0.35769450664520264 0.9586142897605896
vt 0.3573927879333496 0.9808152914047241
vt 0.34749993681907654 0.9584227800369263
vt 0.3573927879333496 0.9808152914047241
vt 0.3472755253314972 0.9806811213493347
vt 0.34749993681907654 0.9584227800369263
vt 0.347256600856781 0.9826138019561768
vt 0.3573470711708069 0.982734203338623
vt 0.3473346531391144 0.9882665872573853
vt 0.3573470711708069 0.982734203338623
vt 0.3572973310947418 0.9883543252944946
vt 0.3473346531391144 0.9882665872573853
vt 0.35769370198249817 0.9566867351531982
vt 0.34752190113067627 0.956490159034729
vt 0.3576783239841461 0.9508188962936401
vt 0.34752190113067627 0.956490159034729
vt 0.3474346995353699 0.9508395791053772
vt 0.3576783239841461 0.9508188962936401
vt 0.34749993681907654 0.9584227800369263
vt 0.3472755253314972 0.9806811213493347
vt 0.3372712731361389 0.9583339095115662
vt 0.3472755253314972 0.9806811213493347
vt 0.33716174960136414 0.9805521368980408
vt 0.3372712731361389 0.9583339095115662
vt 0.3371843099594116 0.982481062412262
vt 0.347256600856781 0.9826138019561768
vt 0.33723998069763184 0.9883528351783752
vt 0.347256600856781 0.9826138019561768
vt 0.3473346531391144 0.9882665872573853
vt 0.33723998069763184 0.9883528351783752
vt 0.34752190113067627 0.956490159034729
vt 0.33729374408721924 0.956413209438324
vt 0.3474346995353699 0.9508395791053772
vt 0.33729374408721924 0.956413209438324
vt 0.3372642695903778 0.9507915377616882
vt 0.3474346995353699 0.9508395791053772
vt 0.3372712731361389 0.9583339095115662
vt 0.33716174960136414 0.9805521368980408
vt 0.32697030901908875 0.9582902193069458
vt 0.33716174960136414 0.9805521368980408
vt 0.32700276374816895 0.9806562662124634
vt 0.32697030901908875 0.9582902193069458
vt 0.32691916823387146 0.9825962781906128
vt 0.3371843099594116 0.982481062412262
vt 0.3265109956264496 0.9882636666297913
vt 0.3371843099594116 0.982481062412262
vt 0.33723998069763184 0.9883528351783752
vt 0.3265109956264496 0.9882636666297913
vt 0.33729374408721924 0.956413209438324
vt 0.32687243819236755 0.9563522934913635
vt 0.3372642695903778 0.9507915377616882
vt 0.32687243819236755 0.9563522934913635
vt 0.3264200687408447 0.950685441493988
vt 0.3372642695903778 0.9507915377616882
vt 0.32697030901908875 0.9582902193069458
vt 0.32700276374816895 0.9806562662124634
vt 0.17703579366207123 0.95902419090271
vt 0.32700276374816895 0.9806562662124634
vt 0.17716224491596222 0.9813885688781738
vt 0.17703579366207123 0.95902419090271
vt 0.17726513743400574 0.98332679271698
vt 0.32691916823387146 0.9825962781906128
vt 0.1777268499135971 0.9889931678771973
vt 0.32691916823387146 0.9825962781906128
vt 0.3265109956264496 0.9882636666297913
vt 0.1777268499135971 0.9889931678771973
vt 0.32687243819236755 0.9563522934913635
vt 0.17711491882801056 0.9570845365524292
vt 0.3264200687408447 0.950685441493988
vt 0.17711491882801056 0.9570845365524292
vt 0.17752224206924438 0.9514170289039612
vt 0.3264200687408447 0.950685441493988
vt 0.17703579366207123 0.95902419090271
vt 0.17716224491596222 0.9813885688781738
vt 0.1666535884141922 0.9592016935348511
vt 0.17716224491596222 0.9813885688781738
vt 0.16676193475723267 0.9814196228981018
vt 0.1666535884141922 0.9592016935348511
vt 0.16675780713558197 0.9833406209945679
vt 0.17726513743400574 0.98332679271698
vt 0.1668400764465332 0.9889620542526245
vt 0.17726513743400574 0.98332679271698
vt 0.1777268499135971 0.9889931678771973
vt 0.1668400764465332 0.9889620542526245
vt 0.17711491882801056 0.9570845365524292
vt 0.1666177213191986 0.9572724103927612
vt 0.17752224206924438 0.9514170289039612
vt 0.1666177213191986 0.9572724103927612
vt 0.16650237143039703 0.9514049887657166
vt 0.17752224206924438 0.9514170289039612
vt 0.1666535884141922 0.9592016935348511
vt 0.16676193475723267 0.9814196228981018
vt 0.1562974601984024 0.9592040181159973
vt 0.16676193475723267 0.9814196228981018
vt 0.15641605854034424 0.981468141078949
vt 0.1562974601984024 0.9592040181159973
vt 0.15642479062080383 0.9834014773368835
vt 0.16675780713558197 0.9833406209945679
vt 0.15659597516059875 0.9890515804290771
vt 0.16675780713558197 0.9833406209945679
vt 0.1668400764465332 0.9889620542526245
vt 0.15659597516059875 0.9890515804290771
vt 0.1666177213191986 0.9572724103927612
vt 0.15629054605960846 0.9572709202766418
vt 0.16650237143039703 0.9514049887657166
vt 0.15629054605960846 0.9572709202766418
vt 0.15612274408340454 0.9516221284866333
vt 0.16650237143039703 0.9514049887657166
vt 0.1562974601984024 0.9592040181159973
vt 0.15641605854034424 0.981468141078949
vt 0.1459270864725113 0.9592627286911011
vt 0.15641605854034424 0.981468141078949
vt 0.14607647061347961 0.9814777970314026
vt 0.1459270864725113 0.9592627286911011
vt 0.1461213082075119 0.9834055304527283
vt 0.15642479062080383 0.9834014773368835
vt 0.1462627798318863 0.9892694354057312
vt 0.15642479062080383 0.9834014773368835
vt 0.15659597516059875 0.9890515804290771
vt 0.1462627798318863 0.9892694354057312
vt 0.15629054605960846 0.9572709202766418
vt 0.1459328830242157 0.9573438167572021
vt 0.15612274408340454 0.9516221284866333
vt 0.1459328830242157 0.9573438167572021
vt 0.1458577960729599 0.9517260193824768
vt 0.15612274408340454 0.9516221284866333
vt 0.1459270864725113 0.9592627286911011
vt 0.14607647061347961 0.9814777970314026
vt 0.1354866921901703 0.9593048691749573
vt 0.14607647061347961 0.9814777970314026
vt 0.13570566475391388 0.9816931486129761
vt 0.1354866921901703 0.9593048691749573
vt 0.1356593668460846 0.9836363792419434
vt 0.1461213082075119 0.9834055304527283
vt 0.13534964621067047 0.9893088936805725
vt 0.1461213082075119 0.9834055304527283
vt 0.1462627798318863 0.9892694354057312
vt 0.13534964621067047 0.9893088936805725
vt 0.1459328830242157 0.9573438167572021
vt 0.13540641963481903 0.9573641419410706
vt 0.1458577960729599 0.9517260193824768
vt 0.13540641963481903 0.9573641419410706
vt 0.13500051200389862 0.9516992568969727
vt 0.1458577960729599 0.9517260193824768
vt 0.048382505774497986 0.9610052704811096
vt 0.05183715745806694 0.9602081775665283
vt 0.04554833099246025 0.9630006551742554
vt 0.05183715745806694 0.9602081775665283
vt 0.1354866921901703 0.9593048691749573
vt 0.04554833099246025 0.9630006551742554
vt 0.1354866921901703 0.9593048691749573
vt 0.13570566475391388 0.9816931486129761
vt 0.04554833099246025 0.9630006551742554
vt 0.13570566475391388 0.9816931486129761
vt 0.051652342081069946 0.9822942018508911
vt 0.04554833099246025 0.9630006551742554
vt 0.051652342081069946 0.9822942018508911
vt 0.048282016068696976 0.9814931154251099
vt 0.04554833099246025 0.9630006551742554
vt 0.048282016068696976 0.9814931154251099
vt 0.045528344810009 0.9795600771903992
vt 0.04554833099246025 0.9630006551742554
vt 0.045528344810009 0.9795600771903992
vt 0.04366793483495712 0.9767604470252991
vt 0.04554833099246025 0.9630006551742554
vt 0.04366793483495712 0.9767604470252991
vt 0.042971644550561905 0.9733491539955139
vt 0.04554833099246025 0.9630006551742554
vt 0.042971644550561905 0.9733491539955139
vt 0.042953010648489 0.9694533944129944
vt 0.04554833099246025 0.9630006551742554
vt 0.042953010648489 0.9694533944129944
vt 0.04363999515771866 0.9659122824668884
vt 0.04554833099246025 0.9630006551742554
vt 0.04427977651357651 0.9617085456848145
vt 0.041983816772699356 0.9651593565940857
vt 0.040236201137304306 0.958142101764679
vt 0.041983816772699356 0.9651593565940857
vt 0.036974065005779266 0.963146984577179
vt 0.040236201137304306 0.958142101764679
vt 0.041983816772699356 0.9651593565940857
vt 0.04103653505444527 0.969248354434967
vt 0.036974065005779266 0.963146984577179
vt 0.04103653505444527 0.969248354434967
vt 0.035545770078897476 0.9687367677688599
vt 0.036974065005779266 0.963146984577179
vt 0.04103653505444527 0.969248354434967
vt 0.04107924550771713 0.9735972881317139
vt 0.035545770078897476 0.9687367677688599
vt 0.04107924550771713 0.9735972881317139
vt 0.035657625645399094 0.9746523499488831
vt 0.035545770078897476 0.9687367677688599
vt 0.04107924550771713 0.9735972881317139
vt 0.04202228784561157 0.977508544921875
vt 0.035657625645399094 0.9746523499488831
vt 0.04202228784561157 0.977508544921875
vt 0.037294257432222366 0.9801504015922546
vt 0.035657625645399094 0.9746523499488831
vt 0.04202228784561157 0.977508544921875
vt 0.04425743222236633 0.9808289408683777
vt 0.037294257432222366 0.9801504015922546
vt 0.04425743222236633 0.9808289408683777
vt 0.04070530831813812 0.984886884689331
vt 0.037294257432222366 0.9801504015922546
vt 0.04425743222236633 0.9808289408683777
vt 0.047535572201013565 0.9831579327583313
vt 0.04070530831813812 0.984886884689331
vt 0.047535572201013565 0.9831579327583313
vt 0.045561399310827255 0.9882124662399292
vt 0.04070530831813812 0.984886884689331
vt 0.047535572201013565 0.9831579327583313
vt 0.05145387351512909 0.9842205047607422
vt 0.045561399310827255 0.9882124662399292
vt 0.05145387351512909 0.9842205047607422
vt 0.05124327167868614 0.9898692965507507
vt 0.045561399310827255 0.9882124662399292
vt 0.05145387351512909 0.9842205047607422
vt 0.1356593668460846 0.9836363792419434
vt 0.05124327167868614 0.9898692965507507
vt 0.1356593668460846 0.9836363792419434
vt 0.13534964621067047 0.9893088936805725
vt 0.05124327167868614 0.9898692965507507
vt 0.13540641963481903 0.9573641419410706
vt 0.05160380154848099 0.9582913517951965
vt 0.13500051200389862 0.9516992568969727
vt 0.05160380154848099 0.9582913517951965
vt 0.05124194175004959 0.9526130557060242
vt 0.13500051200389862 0.9516992568969727
vt 0.05160380154848099 0.9582913517951965
vt 0.04764179140329361 0.959297239780426
vt 0.05124194175004959 0.9526130557060242
vt 0.04764179140329361 0.959297239780426
vt 0.045151956379413605 0.9544883966445923
vt 0.05124194175004959 0.9526130557060242
vt 0.04764179140329361 0.959297239780426
vt 0.04427977651357651 0.9617085456848145
vt 0.045151956379413605 0.9544883966445923
vt 0.04427977651357651 0.9617085456848145
vt 0.040236201137304306 0.958142101764679
vt 0.045151956379413605 0.9544883966445923
vt 0.47244182229042053 0.9748778939247131
vt 0.4717324674129486 0.9713109135627747
vt 0.47443118691444397 0.9777937531471252
vt 0.4717324674129486 0.9713109135627747
vt 0.4717467725276947 0.9673928022384644
vt 0.47443118691444397 0.9777937531471252
vt 0.4717467725276947 0.9673928022384644
vt 0.47243255376815796 0.9639479517936707
vt 0.47443118691444397 0.9777937531471252
vt 0.47243255376815796 0.9639479517936707
vt 0.47436535358428955 0.9611409306526184
vt 0.47443118691444397 0.9777937531471252
vt 0.47436535358428955 0.9611409306526184
vt 0.4772363305091858 0.9592660069465637
vt 0.47443118691444397 0.9777937531471252
vt 0.4772363305091858 0.9592660069465637
vt 0.4807608425617218 0.9585931897163391
vt 0.47443118691444397 0.9777937531471252
vt 0.4807608425617218 0.9585931897163391
vt 0.5642060041427612 0.9587743878364563
vt 0.47443118691444397 0.9777937531471252
vt 0.5642060041427612 0.9587743878364563
vt 0.5641677975654602 0.9806442260742188
vt 0.47443118691444397 0.9777937531471252
vt 0.5641677975654602 0.9806442260742188
vt 0.48103588819503784 0.9804555177688599
vt 0.47443118691444397 0.9777937531471252
vt 0.48103588819503784 0.9804555177688599
vt 0.47739630937576294 0.9797458648681641
vt 0.47443118691444397 0.9777937531471252
vt 0.5642060041427612 0.9587743878364563
vt 0.5726715326309204 0.9587807655334473
vt 0.5641677975654602 0.9806442260742188
vt 0.5726715326309204 0.9587807655334473
vt 0.5726461410522461 0.9806667566299438
vt 0.5641677975654602 0.9806442260742188
vt 0.5726715326309204 0.9587807655334473
vt 0.5803233981132507 0.9587950110435486
vt 0.5726461410522461 0.9806667566299438
vt 0.5803233981132507 0.9587950110435486
vt 0.5803118348121643 0.9806699156761169
vt 0.5726461410522461 0.9806667566299438
vt 0.5803233981132507 0.9587950110435486
vt 0.5879876017570496 0.9587929844856262
vt 0.5803118348121643 0.9806699156761169
vt 0.5879876017570496 0.9587929844856262
vt 0.5879941582679749 0.9806773066520691
vt 0.5803118348121643 0.9806699156761169
vt 0.5879876017570496 0.9587929844856262
vt 0.5965290665626526 0.9588006138801575
vt 0.5879941582679749 0.9806773066520691
vt 0.5965290665626526 0.9588006138801575
vt 0.5965406894683838 0.9806692004203796
vt 0.5879941582679749 0.9806773066520691
vt 0.5965290665626526 0.9588006138801575
vt 0.7498180270195007 0.958736002445221
vt 0.5965406894683838 0.9806692004203796
vt 0.7498180270195007 0.958736002445221
vt 0.749813973903656 0.9806036353111267
vt 0.5965406894683838 0.9806692004203796
vt 0.7498180270195007 0.958736002445221
vt 0.758404016494751 0.9587386250495911
vt 0.749813973903656 0.9806036353111267
vt 0.758404016494751 0.9587386250495911
vt 0.7583568692207336 0.9806213974952698
vt 0.749813973903656 0.9806036353111267
vt 0.758404016494751 0.9587386250495911
vt 0.766118049621582 0.9587633013725281
vt 0.7583568692207336 0.9806213974952698
vt 0.766118049621582 0.9587633013725281
vt 0.7660397291183472 0.9806391596794128
vt 0.7583568692207336 0.9806213974952698
vt 0.766118049621582 0.9587633013725281
vt 0.7738175988197327 0.9587901830673218
vt 0.7660397291183472 0.9806391596794128
vt 0.7738175988197327 0.9587901830673218
vt 0.7737067341804504 0.9806797504425049
vt 0.7660397291183472 0.9806391596794128
vt 0.7738175988197327 0.9587901830673218
vt 0.7823513746261597 0.9588497281074524
vt 0.7737067341804504 0.9806797504425049
vt 0.7823513746261597 0.9588497281074524
vt 0.7821899652481079 0.9807217121124268
vt 0.7737067341804504 0.9806797504425049
vt 0.8654385805130005 0.9813852906227112
vt 0.7821899652481079 0.9807217121124268
vt 0.8690842986106873 0.9807202219963074
vt 0.7821899652481079 0.9807217121124268
vt 0.7823513746261597 0.9588497281074524
vt 0.8690842986106873 0.9807202219963074
vt 0.7823513746261597 0.9588497281074524
vt 0.8659958243370056 0.9595298171043396
vt 0.8690842986106873 0.9807202219963074
vt 0.8659958243370056 0.9595298171043396
vt 0.8695105910301208 0.9602436423301697
vt 0.8690842986106873 0.9807202219963074
vt 0.8695105910301208 0.9602436423301697
vt 0.8723676204681396 0.9621542096138
vt 0.8690842986106873 0.9807202219963074
vt 0.8723676204681396 0.9621542096138
vt 0.8742490410804749 0.9649863243103027
vt 0.8690842986106873 0.9807202219963074
vt 0.8742490410804749 0.9649863243103027
vt 0.8748897314071655 0.9684404134750366
vt 0.8690842986106873 0.9807202219963074
vt 0.8748897314071655 0.9684404134750366
vt 0.8748520612716675 0.972358226776123
vt 0.8690842986106873 0.9807202219963074
vt 0.8748520612716675 0.972358226776123
vt 0.8740976452827454 0.9759153723716736
vt 0.8690842986106873 0.9807202219963074
vt 0.8740976452827454 0.9759153723716736
vt 0.8720852136611938 0.9788057208061218
vt 0.8690842986106873 0.9807202219963074
vt 0.8654385805130005 0.9813852906227112
vt 0.8690842986106873 0.9807202219963074
vt 0.8655662536621094 0.9832836389541626
vt 0.8690842986106873 0.9807202219963074
vt 0.8698043823242188 0.9824811220169067
vt 0.8655662536621094 0.9832836389541626
vt 0.7821899652481079 0.9807217121124268
vt 0.8654385805130005 0.9813852906227112
vt 0.7820647954940796 0.9826145768165588
vt 0.8654385805130005 0.9813852906227112
vt 0.8655662536621094 0.9832836389541626
vt 0.7820647954940796 0.9826145768165588
vt 0.8659958243370056 0.9595298171043396
vt 0.7823513746261597 0.9588497281074524
vt 0.8661569952964783 0.9576380848884583
vt 0.7823513746261597 0.9588497281074524
vt 0.7822585105895996 0.9569500088691711
vt 0.8661569952964783 0.9576380848884583
vt 0.8695105910301208 0.9602436423301697
vt 0.8659958243370056 0.9595298171043396
vt 0.8702700734138489 0.9584943056106567
vt 0.8659958243370056 0.9595298171043396
vt 0.8661569952964783 0.9576380848884583
vt 0.8702700734138489 0.9584943056106567
vt 0.8723676204681396 0.9621542096138
vt 0.8695105910301208 0.9602436423301697
vt 0.8737004399299622 0.9608283638954163
vt 0.8695105910301208 0.9602436423301697
vt 0.8702700734138489 0.9584943056106567
vt 0.8737004399299622 0.9608283638954163
vt 0.8742490410804749 0.9649863243103027
vt 0.8723676204681396 0.9621542096138
vt 0.8759995698928833 0.9642493724822998
vt 0.8723676204681396 0.9621542096138
vt 0.8737004399299622 0.9608283638954163
vt 0.8759995698928833 0.9642493724822998
vt 0.8748897314071655 0.9684404134750366
vt 0.8742490410804749 0.9649863243103027
vt 0.8767992258071899 0.968259334564209
vt 0.8742490410804749 0.9649863243103027
vt 0.8759995698928833 0.9642493724822998
vt 0.8767992258071899 0.968259334564209
vt 0.8748520612716675 0.972358226776123
vt 0.8748897314071655 0.9684404134750366
vt 0.8767609596252441 0.9725770354270935
vt 0.8748897314071655 0.9684404134750366
vt 0.8767992258071899 0.968259334564209
vt 0.8767609596252441 0.9725770354270935
vt 0.8740976452827454 0.9759153723716736
vt 0.8748520612716675 0.972358226776123
vt 0.8758432269096375 0.9766904711723328
vt 0.8748520612716675 0.972358226776123
vt 0.8767609596252441 0.9725770354270935
vt 0.8758432269096375 0.9766904711723328
vt 0.8720852136611938 0.9788057208061218
vt 0.8740976452827454 0.9759153723716736
vt 0.8733890056610107 0.9801615476608276
vt 0.8740976452827454 0.9759153723716736
vt 0.8758432269096375 0.9766904711723328
vt 0.8733890056610107 0.9801615476608276
vt 0.8690842986106873 0.9807202219963074
vt 0.8720852136611938 0.9788057208061218
vt 0.8698043823242188 0.9824811220169067
vt 0.8720852136611938 0.9788057208061218
vt 0.8733890056610107 0.9801615476608276
vt 0.8698043823242188 0.9824811220169067
vt 0.7823513746261597 0.9588497281074524
vt 0.7738175988197327 0.9587901830673218
vt 0.7822585105895996 0.9569500088691711
vt 0.7738175988197327 0.9587901830673218
vt 0.7738093137741089 0.9568989872932434
vt 0.7822585105895996 0.9569500088691711
vt 0.7737067341804504 0.9806797504425049
vt 0.7821899652481079 0.9807217121124268
vt 0.7736878991127014 0.9826025366783142
vt 0.7821899652481079 0.9807217121124268
vt 0.7820647954940796 0.9826145768165588
vt 0.7736878991127014 0.9826025366783142
vt 0.7738175988197327 0.9587901830673218
vt 0.766118049621582 0.9587633013725281
vt 0.7738093137741089 0.9568989872932434
vt 0.766118049621582 0.9587633013725281
vt 0.7661154866218567 0.9568720459938049
vt 0.7738093137741089 0.9568989872932434
vt 0.7660397291183472 0.9806391596794128
vt 0.7737067341804504 0.9806797504425049
vt 0.7660466432571411 0.9825320243835449
vt 0.7737067341804504 0.9806797504425049
vt 0.7736878991127014 0.9826025366783142
vt 0.7660466432571411 0.9825320243835449
vt 0.766118049621582 0.9587633013725281
vt 0.758404016494751 0.9587386250495911
vt 0.7661154866218567 0.9568720459938049
vt 0.758404016494751 0.9587386250495911
vt 0.7584266066551208 0.956816554069519
vt 0.7661154866218567 0.9568720459938049
vt 0.7583568692207336 0.9806213974952698
vt 0.7660397291183472 0.9806391596794128
vt 0.7583763003349304 0.9825124144554138
vt 0.7660397291183472 0.9806391596794128
vt 0.7660466432571411 0.9825320243835449
vt 0.7583763003349304 0.9825124144554138
vt 0.758404016494751 0.9587386250495911
vt 0.7498180270195007 0.958736002445221
vt 0.7584266066551208 0.956816554069519
vt 0.7498180270195007 0.958736002445221
vt 0.749941349029541 0.956840455532074
vt 0.7584266066551208 0.956816554069519
vt 0.749813973903656 0.9806036353111267
vt 0.7583568692207336 0.9806213974952698
vt 0.749938428401947 0.9824987649917603
vt 0.7583568692207336 0.9806213974952698
vt 0.7583763003349304 0.9825124144554138
vt 0.749938428401947 0.9824987649917603
vt 0.7498180270195007 0.958736002445221
vt 0.5965290665626526 0.9588006138801575
vt 0.749941349029541 0.956840455532074
vt 0.5965290665626526 0.9588006138801575
vt 0.5963974595069885 0.956905722618103
vt 0.749941349029541 0.956840455532074
vt 0.5965406894683838 0.9806692004203796
vt 0.749813973903656 0.9806036353111267
vt 0.5964117050170898 0.9825639128684998
vt 0.749813973903656 0.9806036353111267
vt 0.749938428401947 0.9824987649917603
vt 0.5964117050170898 0.9825639128684998
vt 0.5965290665626526 0.9588006138801575
vt 0.5879876017570496 0.9587929844856262
vt 0.5963974595069885 0.956905722618103
vt 0.5879876017570496 0.9587929844856262
vt 0.5879605412483215 0.9569046497344971
vt 0.5963974595069885 0.956905722618103
vt 0.5879941582679749 0.9806773066520691
vt 0.5965406894683838 0.9806692004203796
vt 0.5879743099212646 0.9825997352600098
vt 0.5965406894683838 0.9806692004203796
vt 0.5964117050170898 0.9825639128684998
vt 0.5879743099212646 0.9825997352600098
vt 0.5879876017570496 0.9587929844856262
vt 0.5803233981132507 0.9587950110435486
vt 0.5879605412483215 0.9569046497344971
vt 0.5803233981132507 0.9587950110435486
vt 0.5803081393241882 0.9569035172462463
vt 0.5879605412483215 0.9569046497344971
vt 0.5803118348121643 0.9806699156761169
vt 0.5879941582679749 0.9806773066520691
vt 0.5803120136260986 0.9825606942176819
vt 0.5879941582679749 0.9806773066520691
vt 0.5879743099212646 0.9825997352600098
vt 0.5803120136260986 0.9825606942176819
vt 0.5803233981132507 0.9587950110435486
vt 0.5726715326309204 0.9587807655334473
vt 0.5803081393241882 0.9569035172462463
vt 0.5726715326309204 0.9587807655334473
vt 0.5726877450942993 0.9568578600883484
vt 0.5803081393241882 0.9569035172462463
vt 0.5726461410522461 0.9806667566299438
vt 0.5803118348121643 0.9806699156761169
vt 0.5726608037948608 0.9825576543807983
vt 0.5803118348121643 0.9806699156761169
vt 0.5803120136260986 0.9825606942176819
vt 0.5726608037948608 0.9825576543807983
vt 0.5726715326309204 0.9587807655334473
vt 0.5642060041427612 0.9587743878364563
vt 0.5726877450942993 0.9568578600883484
vt 0.5642060041427612 0.9587743878364563
vt 0.564312756061554 0.9568796753883362
vt 0.5726877450942993 0.9568578600883484
vt 0.5641677975654602 0.9806442260742188
vt 0.5726461410522461 0.9806667566299438
vt 0.5642743110656738 0.982539176940918
vt 0.5726461410522461 0.9806667566299438
vt 0.5726608037948608 0.9825576543807983
vt 0.5642743110656738 0.982539176940918
vt 0.47244182229042053 0.9748778939247131
vt 0.47443118691444397 0.9777937531471252
vt 0.4706859290599823 0.9756312370300293
vt 0.47443118691444397 0.9777937531471252
vt 0.4730992317199707 0.9791339039802551
vt 0.4706859290599823 0.9756312370300293
vt 0.4717324674129486 0.9713109135627747
vt 0.47244182229042053 0.9748778939247131
vt 0.4698238670825958 0.9715077877044678
vt 0.47244182229042053 0.9748778939247131
vt 0.4706859290599823 0.9756312370300293
vt 0.4698238670825958 0.9715077877044678
vt 0.4717467725276947 0.9673928022384644
vt 0.4717324674129486 0.9713109135627747
vt 0.4698238670825958 0.9671897292137146
vt 0.4717324674129486 0.9713109135627747
vt 0.4698238670825958 0.9715077877044678
vt 0.4698238670825958 0.9671897292137146
vt 0.47243255376815796 0.9639479517936707
vt 0.4717467725276947 0.9673928022384644
vt 0.4706919193267822 0.9631884098052979
vt 0.4717467725276947 0.9673928022384644
vt 0.4698238670825958 0.9671897292137146
vt 0.4706919193267822 0.9631884098052979
vt 0.47436535358428955 0.9611409306526184
vt 0.47243255376815796 0.9639479517936707
vt 0.4730376601219177 0.959796667098999
vt 0.47243255376815796 0.9639479517936707
vt 0.4706919193267822 0.9631884098052979
vt 0.4730376601219177 0.959796667098999
vt 0.4772363305091858 0.9592660069465637
vt 0.47436535358428955 0.9611409306526184
vt 0.47649985551834106 0.9575106501579285
vt 0.47436535358428955 0.9611409306526184
vt 0.4730376601219177 0.959796667098999
vt 0.47649985551834106 0.9575106501579285
vt 0.4807608425617218 0.9585931897163391
vt 0.4772363305091858 0.9592660069465637
vt 0.480621874332428 0.9566962122917175
vt 0.4772363305091858 0.9592660069465637
vt 0.47649985551834106 0.9575106501579285
vt 0.480621874332428 0.9566962122917175
vt 0.5642060041427612 0.9587743878364563
vt 0.4807608425617218 0.9585931897163391
vt 0.564312756061554 0.9568796753883362
vt 0.4807608425617218 0.9585931897163391
vt 0.480621874332428 0.9566962122917175
vt 0.564312756061554 0.9568796753883362
vt 0.48103588819503784 0.9804555177688599
vt 0.5641677975654602 0.9806442260742188
vt 0.4808887243270874 0.982352077960968
vt 0.5641677975654602 0.9806442260742188
vt 0.5642743110656738 0.982539176940918
vt 0.4808887243270874 0.982352077960968
vt 0.47739630937576294 0.9797458648681641
vt 0.48103588819503784 0.9804555177688599
vt 0.4766659438610077 0.9814987182617188
vt 0.48103588819503784 0.9804555177688599
vt 0.4808887243270874 0.982352077960968
vt 0.4766659438610077 0.9814987182617188
vt 0.47443118691444397 0.9777937531471252
vt 0.47739630937576294 0.9797458648681641
vt 0.4730992317199707 0.9791339039802551
vt 0.47739630937576294 0.9797458648681641
vt 0.4766659438610077 0.9814987182617188
vt 0.4730992317199707 0.9791339039802551
vt 0.048382505774497986 0.9610052704811096
vt 0.04554833099246025 0.9630006551742554
vt 0.04764179140329361 0.959297239780426
vt 0.04554833099246025 0.9630006551742554
vt 0.04427977651357651 0.9617085456848145
vt 0.04764179140329361 0.959297239780426
vt 0.05183715745806694 0.9602081775665283
vt 0.048382505774497986 0.9610052704811096
vt 0.05160380154848099 0.9582913517951965
vt 0.048382505774497986 0.9610052704811096
vt 0.04764179140329361 0.959297239780426
vt 0.05160380154848099 0.9582913517951965
vt 0.1354866921901703 0.9593048691749573
vt 0.05183715745806694 0.9602081775665283
vt 0.13540641963481903 0.9573641419410706
vt 0.05183715745806694 0.9602081775665283
vt 0.05160380154848099 0.9582913517951965
vt 0.13540641963481903 0.9573641419410706
vt 0.051652342081069946 0.9822942018508911
vt 0.13570566475391388 0.9816931486129761
vt 0.05145387351512909 0.9842205047607422
vt 0.13570566475391388 0.9816931486129761
vt 0.1356593668460846 0.9836363792419434
vt 0.05145387351512909 0.9842205047607422
vt 0.048282016068696976 0.9814931154251099
vt 0.051652342081069946 0.9822942018508911
vt 0.047535572201013565 0.9831579327583313
vt 0.051652342081069946 0.9822942018508911
vt 0.05145387351512909 0.9842205047607422
vt 0.047535572201013565 0.9831579327583313
vt 0.045528344810009 0.9795600771903992
vt 0.048282016068696976 0.9814931154251099
vt 0.04425743222236633 0.9808289408683777
vt 0.048282016068696976 0.9814931154251099
vt 0.047535572201013565 0.9831579327583313
vt 0.04425743222236633 0.9808289408683777
vt 0.04366793483495712 0.9767604470252991
vt 0.045528344810009 0.9795600771903992
vt 0.04202228784561157 0.977508544921875
vt 0.045528344810009 0.9795600771903992
vt 0.04425743222236633 0.9808289408683777
vt 0.04202228784561157 0.977508544921875
vt 0.042971644550561905 0.9733491539955139
vt 0.04366793483495712 0.9767604470252991
vt 0.04107924550771713 0.9735972881317139
vt 0.04366793483495712 0.9767604470252991
vt 0.04202228784561157 0.977508544921875
vt 0.04107924550771713 0.9735972881317139
vt 0.042953010648489 0.9694533944129944
vt 0.042971644550561905 0.9733491539955139
vt 0.04103653505444527 0.969248354434967
vt 0.042971644550561905 0.9733491539955139
vt 0.04107924550771713 0.9735972881317139
vt 0.04103653505444527 0.969248354434967
vt 0.04363999515771866 0.9659122824668884
vt 0.042953010648489 0.9694533944129944
vt 0.041983816772699356 0.9651593565940857
vt 0.042953010648489 0.9694533944129944
vt 0.04103653505444527 0.969248354434967
vt 0.041983816772699356 0.9651593565940857
vt 0.04554833099246025 0.9630006551742554
vt 0.04363999515771866 0.9659122824668884
vt 0.04427977651357651 0.9617085456848145
vt 0.04363999515771866 0.9659122824668884
vt 0.041983816772699356 0.9651593565940857
vt 0.04427977651357651 0.9617085456848145
vt 0.1459270864725113 0.9592627286911011
vt 0.1354866921901703 0.9593048691749573
vt 0.1459328830242157 0.9573438167572021
vt 0.1354866921901703 0.9593048691749573
vt 0.13540641963481903 0.9573641419410706
vt 0.1459328830242157 0.9573438167572021
vt 0.13570566475391388 0.9816931486129761
vt 0.14607647061347961 0.9814777970314026
vt 0.1356593668460846 0.9836363792419434
vt 0.14607647061347961 0.9814777970314026
vt 0.1461213082075119 0.9834055304527283
vt 0.1356593668460846 0.9836363792419434
vt 0.1562974601984024 0.9592040181159973
vt 0.1459270864725113 0.9592627286911011
vt 0.15629054605960846 0.9572709202766418
vt 0.1459270864725113 0.9592627286911011
vt 0.1459328830242157 0.9573438167572021
vt 0.15629054605960846 0.9572709202766418
vt 0.14607647061347961 0.9814777970314026
vt 0.15641605854034424 0.981468141078949
vt 0.1461213082075119 0.9834055304527283
vt 0.15641605854034424 0.981468141078949
vt 0.15642479062080383 0.9834014773368835
vt 0.1461213082075119 0.9834055304527283
vt 0.1666535884141922 0.9592016935348511
vt 0.1562974601984024 0.9592040181159973
vt 0.1666177213191986 0.9572724103927612
vt 0.1562974601984024 0.9592040181159973
vt 0.15629054605960846 0.9572709202766418
vt 0.1666177213191986 0.9572724103927612
vt 0.15641605854034424 0.981468141078949
vt 0.16676193475723267 0.9814196228981018
vt 0.15642479062080383 0.9834014773368835
vt 0.16676193475723267 0.9814196228981018
vt 0.16675780713558197 0.9833406209945679
vt 0.15642479062080383 0.9834014773368835
vt 0.17703579366207123 0.95902419090271
vt 0.1666535884141922 0.9592016935348511
vt 0.17711491882801056 0.9570845365524292
vt 0.1666535884141922 0.9592016935348511
vt 0.1666177213191986 0.9572724103927612
vt 0.17711491882801056 0.9570845365524292
vt 0.16676193475723267 0.9814196228981018
vt 0.17716224491596222 0.9813885688781738
vt 0.16675780713558197 0.9833406209945679
vt 0.17716224491596222 0.9813885688781738
vt 0.17726513743400574 0.98332679271698
vt 0.16675780713558197 0.9833406209945679
vt 0.32697030901908875 0.9582902193069458
vt 0.17703579366207123 0.95902419090271
vt 0.32687243819236755 0.9563522934913635
vt 0.17703579366207123 0.95902419090271
vt 0.17711491882801056 0.9570845365524292
vt 0.32687243819236755 0.9563522934913635
vt 0.17716224491596222 0.9813885688781738
vt 0.32700276374816895 0.9806562662124634
vt 0.17726513743400574 0.98332679271698
vt 0.32700276374816895 0.9806562662124634
vt 0.32691916823387146 0.9825962781906128
vt 0.17726513743400574 0.98332679271698
vt 0.3372712731361389 0.9583339095115662
vt 0.32697030901908875 0.9582902193069458
vt 0.33729374408721924 0.956413209438324
vt 0.32697030901908875 0.9582902193069458
vt 0.32687243819236755 0.9563522934913635
vt 0.33729374408721924 0.956413209438324
vt 0.32700276374816895 0.9806562662124634
vt 0.33716174960136414 0.9805521368980408
vt 0.32691916823387146 0.9825962781906128
vt 0.33716174960136414 0.9805521368980408
vt 0.3371843099594116 0.982481062412262
vt 0.32691916823387146 0.9825962781906128
vt 0.34749993681907654 0.9584227800369263
vt 0.3372712731361389 0.9583339095115662
vt 0.34752190113067627 0.956490159034729
vt 0.3372712731361389 0.9583339095115662
vt 0.33729374408721924 0.956413209438324
vt 0.34752190113067627 0.956490159034729
vt 0.33716174960136414 0.9805521368980408
vt 0.3472755253314972 0.9806811213493347
vt 0.3371843099594116 0.982481062412262
vt 0.3472755253314972 0.9806811213493347
vt 0.347256600856781 0.9826138019561768
vt 0.3371843099594116 0.982481062412262
vt 0.35769450664520264 0.9586142897605896
vt 0.34749993681907654 0.9584227800369263
vt 0.35769370198249817 0.9566867351531982
vt 0.34749993681907654 0.9584227800369263
vt 0.34752190113067627 0.956490159034729
vt 0.35769370198249817 0.9566867351531982
vt 0.3472755253314972 0.9806811213493347
vt 0.3573927879333496 0.9808152914047241
vt 0.347256600856781 0.9826138019561768
vt 0.3573927879333496 0.9808152914047241
vt 0.3573470711708069 0.982734203338623
vt 0.347256600856781 0.9826138019561768
vt 0.3679140508174896 0.9586491584777832
vt 0.35769450664520264 0.9586142897605896
vt 0.36800551414489746 0.9567079544067383
vt 0.35769450664520264 0.9586142897605896
vt 0.35769370198249817 0.9566867351531982
vt 0.36800551414489746 0.9567079544067383
vt 0.3573927879333496 0.9808152914047241
vt 0.3675614893436432 0.9810216426849365
vt 0.3573470711708069 0.982734203338623
vt 0.3675614893436432 0.9810216426849365
vt 0.36758917570114136 0.9829640984535217
vt 0.3573470711708069 0.982734203338623
vt 0.4557693898677826 0.9632889628410339
vt 0.45301419496536255 0.9612085819244385
vt 0.45708534121513367 0.9620637893676758
vt 0.45301419496536255 0.9612085819244385
vt 0.45382142066955566 0.9595675468444824
vt 0.45708534121513367 0.9620637893676758
vt 0.4575951397418976 0.9662450551986694
vt 0.4557693898677826 0.9632889628410339
vt 0.4592650830745697 0.9655517339706421
vt 0.4557693898677826 0.9632889628410339
vt 0.45708534121513367 0.9620637893676758
vt 0.4592650830745697 0.9655517339706421
vt 0.45821571350097656 0.9697979092597961
vt 0.4575951397418976 0.9662450551986694
vt 0.46011462807655334 0.9696077704429626
vt 0.4575951397418976 0.9662450551986694
vt 0.4592650830745697 0.9655517339706421
vt 0.46011462807655334 0.9696077704429626
vt 0.4581417143344879 0.9736981391906738
vt 0.45821571350097656 0.9697979092597961
vt 0.4600462317466736 0.9739532470703125
vt 0.45821571350097656 0.9697979092597961
vt 0.46011462807655334 0.9696077704429626
vt 0.4600462317466736 0.9739532470703125
vt 0.45741379261016846 0.977105975151062
vt 0.4581417143344879 0.9736981391906738
vt 0.45904552936553955 0.9778936505317688
vt 0.4581417143344879 0.9736981391906738
vt 0.4600462317466736 0.9739532470703125
vt 0.45904552936553955 0.9778936505317688
vt 0.45554134249687195 0.9798704981803894
vt 0.45741379261016846 0.977105975151062
vt 0.45677274465560913 0.9811890721321106
vt 0.45741379261016846 0.977105975151062
vt 0.45904552936553955 0.9778936505317688
vt 0.45677274465560913 0.9811890721321106
vt 0.4528082609176636 0.9817230701446533
vt 0.45554134249687195 0.9798704981803894
vt 0.4534938335418701 0.9834500551223755
vt 0.45554134249687195 0.9798704981803894
vt 0.45677274465560913 0.9811890721321106
vt 0.4534938335418701 0.9834500551223755
vt 0.44950076937675476 0.982393205165863
vt 0.4528082609176636 0.9817230701446533
vt 0.4496736228466034 0.9843153953552246
vt 0.4528082609176636 0.9817230701446533
vt 0.4534938335418701 0.9834500551223755
vt 0.4496736228466034 0.9843153953552246
vt 0.3675614893436432 0.9810216426849365
vt 0.44950076937675476 0.982393205165863
vt 0.36758917570114136 0.9829640984535217
vt 0.44950076937675476 0.982393205165863
vt 0.4496736228466034 0.9843153953552246
vt 0.36758917570114136 0.9829640984535217
vt 0.4496185779571533 0.9602904319763184
vt 0.3679140508174896 0.9586491584777832
vt 0.44987043738365173 0.958369255065918
vt 0.3679140508174896 0.9586491584777832
vt 0.36800551414489746 0.9567079544067383
vt 0.44987043738365173 0.958369255065918
vt 0.45301419496536255 0.9612085819244385
vt 0.4496185779571533 0.9602904319763184
vt 0.45382142066955566 0.9595675468444824
vt 0.4496185779571533 0.9602904319763184
vt 0.44987043738365173 0.958369255065918
vt 0.45382142066955566 0.9595675468444824
vt 0.010312285274267197 0.9238542318344116
vt 0.010000020265579224 0.9213006496429443
vt 0.018603041768074036 0.9209920167922974
vt 0.010000020265579224 0.9213006496429443
vt 0.017792213708162308 0.9186446666717529
vt 0.018603041768074036 0.9209920167922974
vt 0.018603041768074036 0.9209920167922974
vt 0.017792213708162308 0.9186446666717529
vt 0.02681553177535534 0.9176868796348572
vt 0.017792213708162308 0.9186446666717529
vt 0.026368724182248116 0.9152512550354004
vt 0.02681553177535534 0.9176868796348572
vt 0.02681553177535534 0.9176868796348572
vt 0.026368724182248116 0.9152512550354004
vt 0.1564841866493225 0.8819541335105896
vt 0.026368724182248116 0.9152512550354004
vt 0.15565669536590576 0.8796259760856628
vt 0.1564841866493225 0.8819541335105896
vt 0.1564841866493225 0.8819541335105896
vt 0.15565669536590576 0.8796259760856628
vt 0.16497370600700378 0.8803465366363525
vt 0.15565669536590576 0.8796259760856628
vt 0.16442656517028809 0.8779438734054565
vt 0.16497370600700378 0.8803465366363525
vt 0.16497370600700378 0.8803465366363525
vt 0.16442656517028809 0.8779438734054565
vt 0.1730569750070572 0.8782200813293457
vt 0.16442656517028809 0.8779438734054565
vt 0.17236465215682983 0.8757761120796204
vt 0.1730569750070572 0.8782200813293457
vt 0.1730569750070572 0.8782200813293457
vt 0.17236465215682983 0.8757761120796204
vt 0.18163429200649261 0.8754016757011414
vt 0.17236465215682983 0.8757761120796204
vt 0.1808803677558899 0.8726877570152283
vt 0.18163429200649261 0.8754016757011414
vt 0.18163429200649261 0.8754016757011414
vt 0.1808803677558899 0.8726877570152283
vt 0.1916588395833969 0.8723914623260498
vt 0.1808803677558899 0.8726877570152283
vt 0.1916063129901886 0.8694159984588623
vt 0.1916588395833969 0.8723914623260498
vt 0.1916588395833969 0.8723914623260498
vt 0.1916063129901886 0.8694159984588623
vt 0.35217440128326416 0.8557474613189697
vt 0.1916063129901886 0.8694159984588623
vt 0.35165393352508545 0.8527922630310059
vt 0.35217440128326416 0.8557474613189697
vt 0.35217440128326416 0.8557474613189697
vt 0.35165393352508545 0.8527922630310059
vt 0.3635658323764801 0.8547472357749939
vt 0.35165393352508545 0.8527922630310059
vt 0.3633269965648651 0.8514708876609802
vt 0.3635658323764801 0.8547472357749939
vt 0.3635658323764801 0.8547472357749939
vt 0.3633269965648651 0.8514708876609802
vt 0.3750765323638916 0.8539271950721741
vt 0.3633269965648651 0.8514708876609802
vt 0.3749496340751648 0.8505237102508545
vt 0.3750765323638916 0.8539271950721741
vt 0.3750765323638916 0.8539271950721741
vt 0.3749496340751648 0.8505237102508545
vt 0.3869996666908264 0.8535119295120239
vt 0.3749496340751648 0.8505237102508545
vt 0.38704952597618103 0.8500050902366638
vt 0.3869996666908264 0.8535119295120239
vt 0.3869996666908264 0.8535119295120239
vt 0.38704952597618103 0.8500050902366638
vt 0.3995486795902252 0.8535173535346985
vt 0.38704952597618103 0.8500050902366638
vt 0.40015682578086853 0.8503450155258179
vt 0.3995486795902252 0.8535173535346985
vt 0.3995486795902252 0.8535173535346985
vt 0.40015682578086853 0.8503450155258179
vt 0.5710910558700562 0.8702977895736694
vt 0.40015682578086853 0.8503450155258179
vt 0.5712325572967529 0.867089569568634
vt 0.5710910558700562 0.8702977895736694
vt 0.5710910558700562 0.8702977895736694
vt 0.5712325572967529 0.867089569568634
vt 0.5828437805175781 0.8738784790039062
vt 0.5712325572967529 0.867089569568634
vt 0.5839154720306396 0.8707008361816406
vt 0.5828437805175781 0.8738784790039062
vt 0.5828437805175781 0.8738784790039062
vt 0.5839154720306396 0.8707008361816406
vt 0.5928793549537659 0.8778337836265564
vt 0.5839154720306396 0.8707008361816406
vt 0.594096839427948 0.8751243352890015
vt 0.5928793549537659 0.8778337836265564
vt 0.5928793549537659 0.8778337836265564
vt 0.594096839427948 0.8751243352890015
vt 0.6013785600662231 0.8818874359130859
vt 0.594096839427948 0.8751243352890015
vt 0.6025293469429016 0.8796422481536865
vt 0.6013785600662231 0.8818874359130859
vt 0.6013785600662231 0.8818874359130859
vt 0.6025293469429016 0.8796422481536865
vt 0.6086644530296326 0.8856232762336731
vt 0.6025293469429016 0.8796422481536865
vt 0.6094869375228882 0.8838235139846802
vt 0.6086644530296326 0.8856232762336731
vt 0.6086644530296326 0.8856232762336731
vt 0.6094869375228882 0.8838235139846802
vt 0.7071924209594727 0.9179933667182922
vt 0.6094869375228882 0.8838235139846802
vt 0.7076787352561951 0.9161242246627808
vt 0.7071924209594727 0.9179933667182922
vt 0.2987925708293915 0.8885329961776733
vt 0.29758134484291077 0.8797910213470459
vt 0.3543415367603302 0.8819197416305542
vt 0.29758134484291077 0.8797910213470459
vt 0.29564806818962097 0.875153660774231
vt 0.3543415367603302 0.8819197416305542
vt 0.29564806818962097 0.875153660774231
vt 0.29191723465919495 0.8711194396018982
vt 0.3543415367603302 0.8819197416305542
vt 0.29191723465919495 0.8711194396018982
vt 0.2870630621910095 0.8685560822486877
vt 0.3543415367603302 0.8819197416305542
vt 0.19200128316879272 0.8771095871925354
vt 0.1917598992586136 0.8748690485954285
vt 0.2819533050060272 0.8679854273796082
vt 0.1917598992586136 0.8748690485954285
vt 0.35254380106925964 0.8582342267036438
vt 0.2819533050060272 0.8679854273796082
vt 0.2819533050060272 0.8679854273796082
vt 0.35254380106925964 0.8582342267036438
vt 0.2870630621910095 0.8685560822486877
vt 0.2870630621910095 0.8685560822486877
vt 0.35254380106925964 0.8582342267036438
vt 0.3543415367603302 0.8819197416305542
vt 0.19200128316879272 0.8771095871925354
vt 0.18260768055915833 0.8793796300888062
vt 0.1917598992586136 0.8748690485954285
vt 0.18260768055915833 0.8793796300888062
vt 0.1821560114622116 0.8774704337120056
vt 0.1917598992586136 0.8748690485954285
vt 0.6938951015472412 0.3217252492904663
vt 0.6852753162384033 0.3213198184967041
vt 0.712145984172821 0.01989966630935669
vt 0.6852753162384033 0.3213198184967041
vt 0.7030752897262573 0.01947307586669922
vt 0.712145984172821 0.01989966630935669
vt 0.6418085694313049 0.90683513879776
vt 0.6432064175605774 0.910400390625
vt 0.6398317217826843 0.9093770980834961
vt 0.6432064175605774 0.910400390625
vt 0.6414075493812561 0.9126771688461304
vt 0.6398317217826843 0.9093770980834961
vt 0.6445252299308777 0.9049127101898193
vt 0.6452906131744385 0.9088610410690308
vt 0.6418085694313049 0.90683513879776
vt 0.6452906131744385 0.9088610410690308
vt 0.6432064175605774 0.910400390625
vt 0.6418085694313049 0.90683513879776
vt 0.6476488709449768 0.9039685130119324
vt 0.647534191608429 0.9081384539604187
vt 0.6445252299308777 0.9049127101898193
vt 0.647534191608429 0.9081384539604187
vt 0.6452906131744385 0.9088610410690308
vt 0.6445252299308777 0.9049127101898193
vt 0.6476488709449768 0.9039685130119324
vt 0.6507881283760071 0.904046356678009
vt 0.647534191608429 0.9081384539604187
vt 0.6507881283760071 0.904046356678009
vt 0.6497626304626465 0.9082815647125244
vt 0.647534191608429 0.9081384539604187
vt 0.6373302936553955 0.9146809577941895
vt 0.6398317217826843 0.9093770980834961
vt 0.6377087235450745 0.9188257455825806
vt 0.6398317217826843 0.9093770980834961
vt 0.6414075493812561 0.9126771688461304
vt 0.6377087235450745 0.9188257455825806
vt 0.29290473461151123 0.8851781487464905
vt 0.2964675724506378 0.880811333656311
vt 0.29628440737724304 0.8953196406364441
vt 0.2964675724506378 0.880811333656311
vt 0.298331618309021 0.8893392086029053
vt 0.29628440737724304 0.8953196406364441
vt 0.03213373199105263 0.32584643363952637
vt 0.03880716860294342 0.32613492012023926
vt 0.01590295322239399 0.6334454417228699
vt 0.03880716860294342 0.32613492012023926
vt 0.022924067452549934 0.6337490081787109
vt 0.01590295322239399 0.6334454417228699
vt 0.02652319148182869 0.3255653977394104
vt 0.03213373199105263 0.32584643363952637
vt 0.009999999776482582 0.6331498622894287
vt 0.03213373199105263 0.32584643363952637
vt 0.01590295322239399 0.6334454417228699
vt 0.009999999776482582 0.6331498622894287
vt 0.6545780897140503 0.32584643363952637
vt 0.6601889729499817 0.3255653977394104
vt 0.6708077192306519 0.6334536671638489
vt 0.6601889729499817 0.3255653977394104
vt 0.6767106652259827 0.6331581473350525
vt 0.6708077192306519 0.6334536671638489
vt 0.647904634475708 0.3261348009109497
vt 0.6545780897140503 0.32584643363952637
vt 0.6637861728668213 0.6337571740150452
vt 0.6545780897140503 0.32584643363952637
vt 0.6708077192306519 0.6334536671638489
vt 0.6637861728668213 0.6337571740150452
vt 0.5141180753707886 0.33152341842651367
vt 0.647904634475708 0.3261348009109497
vt 0.5230294466018677 0.6394281387329102
vt 0.647904634475708 0.3261348009109497
vt 0.6637861728668213 0.6337571740150452
vt 0.5230294466018677 0.6394281387329102
vt 0.5074427723884583 0.3317726254463196
vt 0.5141180753707886 0.33152341842651367
vt 0.5160064101219177 0.6396904587745667
vt 0.5141180753707886 0.33152341842651367
vt 0.5230294466018677 0.6394281387329102
vt 0.5160064101219177 0.6396904587745667
vt 0.5018277764320374 0.3319438695907593
vt 0.5074427723884583 0.3317726254463196
vt 0.5100986957550049 0.6398707628250122
vt 0.5074427723884583 0.3317726254463196
vt 0.5160064101219177 0.6396904587745667
vt 0.5100986957550049 0.6398707628250122
vt 0.49621155858039856 0.33207404613494873
vt 0.5018277764320374 0.3319438695907593
vt 0.5041898488998413 0.6400080323219299
vt 0.5018277764320374 0.3319438695907593
vt 0.5100986957550049 0.6398707628250122
vt 0.5041898488998413 0.6400080323219299
vt 0.48953279852867126 0.33218324184417725
vt 0.49621155858039856 0.33207404613494873
vt 0.49716269969940186 0.6401233673095703
vt 0.49621155858039856 0.33207404613494873
vt 0.5041898488998413 0.6400080323219299
vt 0.49716269969940186 0.6401233673095703
vt 0.3556503653526306 0.3339800238609314
vt 0.48953279852867126 0.33218324184417725
vt 0.35629159212112427 0.6420137286186218
vt 0.48953279852867126 0.33218324184417725
vt 0.49716269969940186 0.6401233673095703
vt 0.35629159212112427 0.6420137286186218
vt 0.34897100925445557 0.33404988050460815
vt 0.3556503653526306 0.3339800238609314
vt 0.34926339983940125 0.6420870423316956
vt 0.3556503653526306 0.3339800238609314
vt 0.35629159212112427 0.6420137286186218
vt 0.34926339983940125 0.6420870423316956
vt 0.34335342049598694 0.3340703248977661
vt 0.34897100925445557 0.33404988050460815
vt 0.34335243701934814 0.6421085000038147
vt 0.34897100925445557 0.33404988050460815
vt 0.34926339983940125 0.6420870423316956
vt 0.34335243701934814 0.6421085000038147
vt 0.33773574233055115 0.33404988050460815
vt 0.34335342049598694 0.3340703248977661
vt 0.33744147419929504 0.6420866847038269
vt 0.34335342049598694 0.3340703248977661
vt 0.34335243701934814 0.6421085000038147
vt 0.33744147419929504 0.6420866847038269
vt 0.3310563564300537 0.33397984504699707
vt 0.33773574233055115 0.33404988050460815
vt 0.3304133117198944 0.6420128345489502
vt 0.33773574233055115 0.33404988050460815
vt 0.33744147419929504 0.6420866847038269
vt 0.3304133117198944 0.6420128345489502
vt 0.1971755027770996 0.33218294382095337
vt 0.3310563564300537 0.33397984504699707
vt 0.18954463303089142 0.6401154398918152
vt 0.3310563564300537 0.33397984504699707
vt 0.3304133117198944 0.6420128345489502
vt 0.18954463303089142 0.6401154398918152
vt 0.19049662351608276 0.332073450088501
vt 0.1971755027770996 0.33218294382095337
vt 0.18251731991767883 0.6399998068809509
vt 0.1971755027770996 0.33218294382095337
vt 0.18954463303089142 0.6401154398918152
vt 0.18251731991767883 0.6399998068809509
vt 0.18488053977489471 0.3319433331489563
vt 0.19049662351608276 0.332073450088501
vt 0.17660805583000183 0.6398623585700989
vt 0.19049662351608276 0.332073450088501
vt 0.18251731991767883 0.6399998068809509
vt 0.17660805583000183 0.6398623585700989
vt 0.179265558719635 0.3317720890045166
vt 0.18488053977489471 0.3319433331489563
vt 0.17069999873638153 0.6396816372871399
vt 0.18488053977489471 0.3319433331489563
vt 0.17660805583000183 0.6398623585700989
vt 0.17069999873638153 0.6396816372871399
vt 0.17259041965007782 0.3315228223800659
vt 0.179265558719635 0.3317720890045166
vt 0.1636766642332077 0.63941890001297
vt 0.179265558719635 0.3317720890045166
vt 0.17069999873638153 0.6396816372871399
vt 0.1636766642332077 0.63941890001297
vt 0.5629977583885193 0.6463002562522888
vt 0.5686213970184326 0.6439716219902039
vt 0.45182326436042786 0.7201072573661804
vt 0.5686213970184326 0.6439716219902039
vt 0.5734577775001526 0.6439868211746216
vt 0.45182326436042786 0.7201072573661804
vt 0.5734577775001526 0.6439868211746216
vt 0.5779207944869995 0.6458500623703003
vt 0.45182326436042786 0.7201072573661804
vt 0.5779207944869995 0.6458500623703003
vt 0.58219975233078 0.6501789689064026
vt 0.45182326436042786 0.7201072573661804
vt 0.58219975233078 0.6501789689064026
vt 0.6560090780258179 0.7613512873649597
vt 0.45182326436042786 0.7201072573661804
vt 0.6560090780258179 0.7613512873649597
vt 0.6583375930786133 0.7669747471809387
vt 0.45182326436042786 0.7201072573661804
vt 0.6583375930786133 0.7669747471809387
vt 0.6583225131034851 0.7718111872673035
vt 0.45182326436042786 0.7201072573661804
vt 0.6583225131034851 0.7718111872673035
vt 0.6564594507217407 0.7762742638587952
vt 0.45182326436042786 0.7201072573661804
vt 0.6564594507217407 0.7762742638587952
vt 0.6521309614181519 0.7805532813072205
vt 0.45182326436042786 0.7201072573661804
vt 0.6521309614181519 0.7805532813072205
vt 0.540956974029541 0.8543602228164673
vt 0.45182326436042786 0.7201072573661804
vt 0.540956974029541 0.8543602228164673
vt 0.5353332161903381 0.8566889762878418
vt 0.45182326436042786 0.7201072573661804
vt 0.5353332161903381 0.8566889762878418
vt 0.5304968357086182 0.8566738367080688
vt 0.45182326436042786 0.7201072573661804
vt 0.5304968357086182 0.8566738367080688
vt 0.5260338187217712 0.8548105955123901
vt 0.45182326436042786 0.7201072573661804
vt 0.5260338187217712 0.8548105955123901
vt 0.521755039691925 0.8504817485809326
vt 0.45182326436042786 0.7201072573661804
vt 0.521755039691925 0.8504817485809326
vt 0.44794508814811707 0.7393093109130859
vt 0.45182326436042786 0.7201072573661804
vt 0.44794508814811707 0.7393093109130859
vt 0.44561636447906494 0.7336856722831726
vt 0.45182326436042786 0.7201072573661804
vt 0.44561636447906494 0.7336856722831726
vt 0.4456312954425812 0.7288492918014526
vt 0.45182326436042786 0.7201072573661804
vt 0.4456312954425812 0.7288492918014526
vt 0.4474945664405823 0.7243862152099609
vt 0.45182326436042786 0.7201072573661804
vt 0.6026162505149841 0.9037653803825378
vt 0.6010339856147766 0.910055935382843
vt 0.5951133370399475 0.9021246433258057
vt 0.6010339856147766 0.910055935382843
vt 0.5938696265220642 0.9100727438926697
vt 0.5951133370399475 0.9021246433258057
vt 0.5951133370399475 0.9021246433258057
vt 0.5938696265220642 0.9100727438926697
vt 0.5869017839431763 0.901053786277771
vt 0.5938696265220642 0.9100727438926697
vt 0.5860806107521057 0.9104276895523071
vt 0.5869017839431763 0.901053786277771
vt 0.5869017839431763 0.901053786277771
vt 0.5860806107521057 0.9104276895523071
vt 0.5777195692062378 0.9004306793212891
vt 0.5860806107521057 0.9104276895523071
vt 0.5770951509475708 0.910863995552063
vt 0.5777195692062378 0.9004306793212891
vt 0.5777195692062378 0.9004306793212891
vt 0.5770951509475708 0.910863995552063
vt 0.567529559135437 0.9005705714225769
vt 0.5770951509475708 0.910863995552063
vt 0.5657332539558411 0.9112066030502319
vt 0.567529559135437 0.9005705714225769
vt 0.567529559135437 0.9005705714225769
vt 0.5657332539558411 0.9112066030502319
vt 0.3961923122406006 0.8843981623649597
vt 0.5657332539558411 0.9112066030502319
vt 0.39568889141082764 0.8952814936637878
vt 0.3961923122406006 0.8843981623649597
vt 0.3961923122406006 0.8843981623649597
vt 0.39568889141082764 0.8952814936637878
vt 0.3853929936885834 0.8828334212303162
vt 0.39568889141082764 0.8952814936637878
vt 0.3844394385814667 0.8941065669059753
vt 0.3853929936885834 0.8828334212303162
vt 0.3853929936885834 0.8828334212303162
vt 0.3844394385814667 0.8941065669059753
vt 0.3749615252017975 0.8822624087333679
vt 0.3844394385814667 0.8941065669059753
vt 0.3745822608470917 0.8933961987495422
vt 0.3749615252017975 0.8822624087333679
vt 0.3749615252017975 0.8822624087333679
vt 0.3745822608470917 0.8933961987495422
vt 0.36471009254455566 0.8824116587638855
vt 0.3745822608470917 0.8933961987495422
vt 0.36507561802864075 0.8930724859237671
vt 0.36471009254455566 0.8824116587638855
vt 0.36471009254455566 0.8824116587638855
vt 0.36507561802864075 0.8930724859237671
vt 0.3544331192970276 0.8834861516952515
vt 0.36507561802864075 0.8930724859237671
vt 0.35485246777534485 0.8932309150695801
vt 0.3544331192970276 0.8834861516952515
vt 0.18260768055915833 0.8793796300888062
vt 0.17400886118412018 0.8818731904029846
vt 0.1821560114622116 0.8774704337120056
vt 0.17400886118412018 0.8818731904029846
vt 0.1735597550868988 0.880109429359436
vt 0.1821560114622116 0.8774704337120056
vt 0.17400886118412018 0.8818731904029846
vt 0.1657876968383789 0.8839201331138611
vt 0.1735597550868988 0.880109429359436
vt 0.1657876968383789 0.8839201331138611
vt 0.16539566218852997 0.8821986317634583
vt 0.1735597550868988 0.880109429359436
vt 0.1657876968383789 0.8839201331138611
vt 0.15762761235237122 0.8857956528663635
vt 0.16539566218852997 0.8821986317634583
vt 0.15762761235237122 0.8857956528663635
vt 0.1571299284696579 0.8839170932769775
vt 0.16539566218852997 0.8821986317634583
vt 0.027238210663199425 0.9197110533714294
vt 0.1571299284696579 0.8839170932769775
vt 0.027747565880417824 0.9215864539146423
vt 0.1571299284696579 0.8839170932769775
vt 0.15762761235237122 0.8857956528663635
vt 0.027747565880417824 0.9215864539146423
vt 0.027747565880417824 0.9215864539146423
vt 0.01983622834086418 0.9244595766067505
vt 0.027238210663199425 0.9197110533714294
vt 0.01983622834086418 0.9244595766067505
vt 0.01923566870391369 0.9227962493896484
vt 0.027238210663199425 0.9197110533714294
vt 0.01983622834086418 0.9244595766067505
vt 0.011436330154538155 0.9277533888816833
vt 0.01923566870391369 0.9227962493896484
vt 0.011436330154538155 0.9277533888816833
vt 0.01073663029819727 0.9259118437767029
vt 0.01923566870391369 0.9227962493896484
vt 0.718097448348999 0.9260468482971191
vt 0.7120369672775269 0.9232889413833618
vt 0.718725860118866 0.9247070550918579
vt 0.7120369672775269 0.9232889413833618
vt 0.7125790119171143 0.9220682382583618
vt 0.718725860118866 0.9247070550918579
vt 0.7062550187110901 0.9209063053131104
vt 0.6509827971458435 0.9029670357704163
vt 0.7067490816116333 0.9195460677146912
vt 0.6371617317199707 0.9140993356704712
vt 0.6029107570648193 0.9027479887008667
vt 0.6392917633056641 0.9085652232170105
vt 0.6392917633056641 0.9085652232170105
vt 0.6029107570648193 0.9027479887008667
vt 0.641231894493103 0.9058035612106323
vt 0.641231894493103 0.9058035612106323
vt 0.6029107570648193 0.9027479887008667
vt 0.6442111134529114 0.9036757946014404
vt 0.6442111134529114 0.9036757946014404
vt 0.6029107570648193 0.9027479887008667
vt 0.6476729512214661 0.902654767036438
vt 0.6029107570648193 0.9027479887008667
vt 0.6080150604248047 0.8871591687202454
vt 0.6476729512214661 0.902654767036438
vt 0.6476729512214661 0.902654767036438
vt 0.6080150604248047 0.8871591687202454
vt 0.6509827971458435 0.9029670357704163
vt 0.6509827971458435 0.9029670357704163
vt 0.6080150604248047 0.8871591687202454
vt 0.7067490816116333 0.9195460677146912
vt 0.7120369672775269 0.9232889413833618
vt 0.7062550187110901 0.9209063053131104
vt 0.7125790119171143 0.9220682382583618
vt 0.7062550187110901 0.9209063053131104
vt 0.7067490816116333 0.9195460677146912
vt 0.7125790119171143 0.9220682382583618
vt 0.5869017839431763 0.901053786277771
vt 0.5777195692062378 0.9004306793212891
vt 0.5870830416679382 0.8997870683670044
vt 0.5777195692062378 0.9004306793212891
vt 0.5778685808181763 0.899000883102417
vt 0.5870830416679382 0.8997870683670044
vt 0.5951133370399475 0.9021246433258057
vt 0.5869017839431763 0.901053786277771
vt 0.5953499674797058 0.9010283350944519
vt 0.5869017839431763 0.901053786277771
vt 0.5870830416679382 0.8997870683670044
vt 0.5953499674797058 0.9010283350944519
vt 0.6026162505149841 0.9037653803825378
vt 0.5951133370399475 0.9021246433258057
vt 0.6029107570648193 0.9027479887008667
vt 0.5951133370399475 0.9021246433258057
vt 0.5953499674797058 0.9010283350944519
vt 0.6029107570648193 0.9027479887008667
vt 0.36471009254455566 0.8824116587638855
vt 0.3544331192970276 0.8834861516952515
vt 0.36465463042259216 0.8809409141540527
vt 0.3544331192970276 0.8834861516952515
vt 0.3543415367603302 0.8819197416305542
vt 0.36465463042259216 0.8809409141540527
vt 0.3749615252017975 0.8822624087333679
vt 0.36471009254455566 0.8824116587638855
vt 0.3749999403953552 0.8807452917098999
vt 0.36471009254455566 0.8824116587638855
vt 0.36465463042259216 0.8809409141540527
vt 0.3749999403953552 0.8807452917098999
vt 0.3853929936885834 0.8828334212303162
vt 0.3749615252017975 0.8822624087333679
vt 0.3855264186859131 0.8812747597694397
vt 0.3749615252017975 0.8822624087333679
vt 0.3749999403953552 0.8807452917098999
vt 0.3855264186859131 0.8812747597694397
vt 0.3961923122406006 0.8843981623649597
vt 0.3853929936885834 0.8828334212303162
vt 0.39630722999572754 0.882625937461853
vt 0.3853929936885834 0.8828334212303162
vt 0.3855264186859131 0.8812747597694397
vt 0.39630722999572754 0.882625937461853
vt 0.567529559135437 0.9005705714225769
vt 0.3961923122406006 0.8843981623649597
vt 0.5677927732467651 0.8988387584686279
vt 0.3961923122406006 0.8843981623649597
vt 0.39630722999572754 0.882625937461853
vt 0.5677927732467651 0.8988387584686279
vt 0.5777195692062378 0.9004306793212891
vt 0.567529559135437 0.9005705714225769
vt 0.5778685808181763 0.899000883102417
vt 0.567529559135437 0.9005705714225769
vt 0.5677927732467651 0.8988387584686279
vt 0.5778685808181763 0.899000883102417
vt 0.3649677634239197 0.895263671875
vt 0.3548804223537445 0.8949467539787292
vt 0.36507561802864075 0.8930724859237671
vt 0.3548804223537445 0.8949467539787292
vt 0.35485246777534485 0.8932309150695801
vt 0.36507561802864075 0.8930724859237671
vt 0.3744224011898041 0.8957563638687134
vt 0.3649677634239197 0.895263671875
vt 0.3745822608470917 0.8933961987495422
vt 0.3649677634239197 0.895263671875
vt 0.36507561802864075 0.8930724859237671
vt 0.3745822608470917 0.8933961987495422
vt 0.3842698931694031 0.8964686989784241
vt 0.3744224011898041 0.8957563638687134
vt 0.3844394385814667 0.8941065669059753
vt 0.3744224011898041 0.8957563638687134
vt 0.3745822608470917 0.8933961987495422
vt 0.3844394385814667 0.8941065669059753
vt 0.3956117033958435 0.8971248865127563
vt 0.3842698931694031 0.8964686989784241
vt 0.39568889141082764 0.8952814936637878
vt 0.3842698931694031 0.8964686989784241
vt 0.3844394385814667 0.8941065669059753
vt 0.39568889141082764 0.8952814936637878
vt 0.5654243230819702 0.9130269289016724
vt 0.3956117033958435 0.8971248865127563
vt 0.5657332539558411 0.9112066030502319
vt 0.3956117033958435 0.8971248865127563
vt 0.39568889141082764 0.8952814936637878
vt 0.5657332539558411 0.9112066030502319
vt 0.5770617127418518 0.9131425619125366
vt 0.5654243230819702 0.9130269289016724
vt 0.5770951509475708 0.910863995552063
vt 0.5654243230819702 0.9130269289016724
vt 0.5657332539558411 0.9112066030502319
vt 0.5770951509475708 0.910863995552063
vt 0.5861624479293823 0.9124709963798523
vt 0.5770617127418518 0.9131425619125366
vt 0.5860806107521057 0.9104276895523071
vt 0.5770617127418518 0.9131425619125366
vt 0.5770951509475708 0.910863995552063
vt 0.5860806107521057 0.9104276895523071
vt 0.5939292907714844 0.9117133021354675
vt 0.5861624479293823 0.9124709963798523
vt 0.5938696265220642 0.9100727438926697
vt 0.5861624479293823 0.9124709963798523
vt 0.5860806107521057 0.9104276895523071
vt 0.5938696265220642 0.9100727438926697
vt 0.6007789373397827 0.9111433029174805
vt 0.5939292907714844 0.9117133021354675
vt 0.6010339856147766 0.910055935382843
vt 0.5939292907714844 0.9117133021354675
vt 0.5938696265220642 0.9100727438926697
vt 0.6010339856147766 0.910055935382843
vt 0.6984245777130127 0.941887617111206
vt 0.6007789373397827 0.9111433029174805
vt 0.6991993188858032 0.9410927891731262
vt 0.6007789373397827 0.9111433029174805
vt 0.6010339856147766 0.910055935382843
vt 0.6991993188858032 0.9410927891731262
vt 0.7034238576889038 0.9441161751747131
vt 0.6984245777130127 0.941887617111206
vt 0.7042049169540405 0.943235456943512
vt 0.6984245777130127 0.941887617111206
vt 0.6991993188858032 0.9410927891731262
vt 0.7042049169540405 0.943235456943512
vt 0.7074540257453918 0.9464709758758545
vt 0.7034238576889038 0.9441161751747131
vt 0.7082327604293823 0.9455432295799255
vt 0.7034238576889038 0.9441161751747131
vt 0.7042049169540405 0.943235456943512
vt 0.7082327604293823 0.9455432295799255
vt 0.02944224700331688 0.9527092576026917
vt 0.023820195347070694 0.9556224942207336
vt 0.028543392196297646 0.951447606086731
vt 0.023820195347070694 0.9556224942207336
vt 0.02293427847325802 0.954296350479126
vt 0.028543392196297646 0.951447606086731
vt 0.036270976066589355 0.9499987959861755
vt 0.02944224700331688 0.9527092576026917
vt 0.03538902848958969 0.9488969445228577
vt 0.02944224700331688 0.9527092576026917
vt 0.028543392196297646 0.951447606086731
vt 0.03538902848958969 0.9488969445228577
vt 0.16431067883968353 0.9148932099342346
vt 0.036270976066589355 0.9499987959861755
vt 0.16453588008880615 0.9134885668754578
vt 0.036270976066589355 0.9499987959861755
vt 0.03538902848958969 0.9488969445228577
vt 0.16453588008880615 0.9134885668754578
vt 0.1717546582221985 0.9142842888832092
vt 0.16431067883968353 0.9148932099342346
vt 0.1719585806131363 0.9126070141792297
vt 0.16431067883968353 0.9148932099342346
vt 0.16453588008880615 0.9134885668754578
vt 0.1719585806131363 0.9126070141792297
vt 0.17924951016902924 0.9139086008071899
vt 0.1717546582221985 0.9142842888832092
vt 0.1790546327829361 0.9120461940765381
vt 0.1717546582221985 0.9142842888832092
vt 0.1719585806131363 0.9126070141792297
vt 0.1790546327829361 0.9120461940765381
vt 0.1872844249010086 0.9129946827888489
vt 0.17924951016902924 0.9139086008071899
vt 0.18659037351608276 0.9112240076065063
vt 0.17924951016902924 0.9139086008071899
vt 0.1790546327829361 0.9120461940765381
vt 0.18659037351608276 0.9112240076065063
vt 0.19626210629940033 0.9114246368408203
vt 0.1872844249010086 0.9129946827888489
vt 0.19537372887134552 0.9099769592285156
vt 0.1872844249010086 0.9129946827888489
vt 0.18659037351608276 0.9112240076065063
vt 0.19537372887134552 0.9099769592285156
vt 0.3548804223537445 0.8949467539787292
vt 0.19626210629940033 0.9114246368408203
vt 0.35485246777534485 0.8932309150695801
vt 0.19626210629940033 0.9114246368408203
vt 0.19537372887134552 0.9099769592285156
vt 0.35485246777534485 0.8932309150695801
vt 0.29758134484291077 0.8797910213470459
vt 0.2987925708293915 0.8885329961776733
vt 0.2964675724506378 0.880811333656311
vt 0.2987925708293915 0.8885329961776733
vt 0.298331618309021 0.8893392086029053
vt 0.2964675724506378 0.880811333656311
vt 0.29877427220344543 0.8899093866348267
vt 0.29783177375793457 0.8970142006874084
vt 0.298331618309021 0.8893392086029053
vt 0.29783177375793457 0.8970142006874084
vt 0.29628440737724304 0.8953196406364441
vt 0.298331618309021 0.8893392086029053
vt 0.6364709138870239 0.9197249412536621
vt 0.6369601488113403 0.9149948954582214
vt 0.6377087235450745 0.9188257455825806
vt 0.6369601488113403 0.9149948954582214
vt 0.6373302936553955 0.9146809577941895
vt 0.6377087235450745 0.9188257455825806
vt 0.6371617317199707 0.9140993356704712
vt 0.6392917633056641 0.9085652232170105
vt 0.6373302936553955 0.9146809577941895
vt 0.6392917633056641 0.9085652232170105
vt 0.6398317217826843 0.9093770980834961
vt 0.6373302936553955 0.9146809577941895
vt 0.6476729512214661 0.902654767036438
vt 0.6509827971458435 0.9029670357704163
vt 0.6476488709449768 0.9039685130119324
vt 0.6509827971458435 0.9029670357704163
vt 0.6507881283760071 0.904046356678009
vt 0.6476488709449768 0.9039685130119324
vt 0.6442111134529114 0.9036757946014404
vt 0.6476729512214661 0.902654767036438
vt 0.6445252299308777 0.9049127101898193
vt 0.6476729512214661 0.902654767036438
vt 0.6476488709449768 0.9039685130119324
vt 0.6445252299308777 0.9049127101898193
vt 0.641231894493103 0.9058035612106323
vt 0.6442111134529114 0.9036757946014404
vt 0.6418085694313049 0.90683513879776
vt 0.6442111134529114 0.9036757946014404
vt 0.6445252299308777 0.9049127101898193
vt 0.6418085694313049 0.90683513879776
vt 0.6392917633056641 0.9085652232170105
vt 0.641231894493103 0.9058035612106323
vt 0.6398317217826843 0.9093770980834961
vt 0.641231894493103 0.9058035612106323
vt 0.6418085694313049 0.90683513879776
vt 0.6398317217826843 0.9093770980834961
vt 0.2819533050060272 0.8679854273796082
vt 0.2870630621910095 0.8685560822486877
vt 0.28185686469078064 0.8696309924125671
vt 0.2870630621910095 0.8685560822486877
vt 0.2866208553314209 0.8704885840415955
vt 0.28185686469078064 0.8696309924125671
vt 0.2870630621910095 0.8685560822486877
vt 0.29191723465919495 0.8711194396018982
vt 0.2866208553314209 0.8704885840415955
vt 0.29191723465919495 0.8711194396018982
vt 0.2909978926181793 0.8728392720222473
vt 0.2866208553314209 0.8704885840415955
vt 0.29191723465919495 0.8711194396018982
vt 0.29564806818962097 0.875153660774231
vt 0.2909978926181793 0.8728392720222473
vt 0.29564806818962097 0.875153660774231
vt 0.29440608620643616 0.8764870762825012
vt 0.2909978926181793 0.8728392720222473
vt 0.29564806818962097 0.875153660774231
vt 0.29758134484291077 0.8797910213470459
vt 0.29440608620643616 0.8764870762825012
vt 0.29758134484291077 0.8797910213470459
vt 0.2964675724506378 0.880811333656311
vt 0.29440608620643616 0.8764870762825012
vt 0.2987925708293915 0.8885329961776733
vt 0.3543415367603302 0.8819197416305542
vt 0.29877427220344543 0.8899093866348267
vt 0.3543415367603302 0.8819197416305542
vt 0.3544331192970276 0.8834861516952515
vt 0.29877427220344543 0.8899093866348267
vt 0.19200128316879272 0.8771095871925354
vt 0.2819533050060272 0.8679854273796082
vt 0.19183942675590515 0.8786963224411011
vt 0.2819533050060272 0.8679854273796082
vt 0.28185686469078064 0.8696309924125671
vt 0.19183942675590515 0.8786963224411011
vt 0.18260768055915833 0.8793796300888062
vt 0.19200128316879272 0.8771095871925354
vt 0.18264982104301453 0.8807790279388428
vt 0.19200128316879272 0.8771095871925354
vt 0.19183942675590515 0.8786963224411011
vt 0.18264982104301453 0.8807790279388428
vt 0.17400886118412018 0.8818731904029846
vt 0.18260768055915833 0.8793796300888062
vt 0.17428889870643616 0.8831503987312317
vt 0.18260768055915833 0.8793796300888062
vt 0.18264982104301453 0.8807790279388428
vt 0.17428889870643616 0.8831503987312317
vt 0.1657876968383789 0.8839201331138611
vt 0.17400886118412018 0.8818731904029846
vt 0.16626499593257904 0.8850855231285095
vt 0.17400886118412018 0.8818731904029846
vt 0.17428889870643616 0.8831503987312317
vt 0.16626499593257904 0.8850855231285095
vt 0.15762761235237122 0.8857956528663635
vt 0.1657876968383789 0.8839201331138611
vt 0.15822641551494598 0.8870323300361633
vt 0.1657876968383789 0.8839201331138611
vt 0.16626499593257904 0.8850855231285095
vt 0.15822641551494598 0.8870323300361633
vt 0.027747565880417824 0.9215864539146423
vt 0.15762761235237122 0.8857956528663635
vt 0.02784956432878971 0.9229596853256226
vt 0.15762761235237122 0.8857956528663635
vt 0.15822641551494598 0.8870323300361633
vt 0.02784956432878971 0.9229596853256226
vt 0.01983622834086418 0.9244595766067505
vt 0.027747565880417824 0.9215864539146423
vt 0.02006872184574604 0.9256993532180786
vt 0.027747565880417824 0.9215864539146423
vt 0.02784956432878971 0.9229596853256226
vt 0.02006872184574604 0.9256993532180786
vt 0.011436330154538155 0.9277533888816833
vt 0.01983622834086418 0.9244595766067505
vt 0.012153890915215015 0.9289495944976807
vt 0.01983622834086418 0.9244595766067505
vt 0.02006872184574604 0.9256993532180786
vt 0.012153890915215015 0.9289495944976807
vt 0.7120369672775269 0.9232889413833618
vt 0.718097448348999 0.9260468482971191
vt 0.7118232846260071 0.924208402633667
vt 0.718097448348999 0.9260468482971191
vt 0.7175304889678955 0.9269383549690247
vt 0.7118232846260071 0.924208402633667
vt 0.6509827971458435 0.9029670357704163
vt 0.7062550187110901 0.9209063053131104
vt 0.6507881283760071 0.904046356678009
vt 0.7062550187110901 0.9209063053131104
vt 0.7061285376548767 0.9219182133674622
vt 0.6507881283760071 0.904046356678009
vt 0.6029107570648193 0.9027479887008667
vt 0.6371617317199707 0.9140993356704712
vt 0.6026162505149841 0.9037653803825378
vt 0.6371617317199707 0.9140993356704712
vt 0.6369601488113403 0.9149948954582214
vt 0.6026162505149841 0.9037653803825378
vt 0.7062550187110901 0.9209063053131104
vt 0.7120369672775269 0.9232889413833618
vt 0.7061285376548767 0.9219182133674622
vt 0.7120369672775269 0.9232889413833618
vt 0.7118232846260071 0.924208402633667
vt 0.7061285376548767 0.9219182133674622
vt 0.700961172580719 0.9399333000183105
vt 0.6364709138870239 0.9197249412536621
vt 0.7016999125480652 0.9391749501228333
vt 0.6364709138870239 0.9197249412536621
vt 0.6377087235450745 0.9188257455825806
vt 0.7016999125480652 0.9391749501228333
vt 0.7059153318405151 0.9415783882141113
vt 0.700961172580719 0.9399333000183105
vt 0.7065290212631226 0.9407979249954224
vt 0.700961172580719 0.9399333000183105
vt 0.7016999125480652 0.9391749501228333
vt 0.7065290212631226 0.9407979249954224
vt 0.7100133895874023 0.9435084462165833
vt 0.7059153318405151 0.9415783882141113
vt 0.7106675505638123 0.9425064921379089
vt 0.7059153318405151 0.9415783882141113
vt 0.7065290212631226 0.9407979249954224
vt 0.7106675505638123 0.9425064921379089
vt 0.026566211134195328 0.9489771127700806
vt 0.020925667136907578 0.9513628482818604
vt 0.025868574157357216 0.9478736519813538
vt 0.020925667136907578 0.9513628482818604
vt 0.020196041092276573 0.949956476688385
vt 0.025868574157357216 0.9478736519813538
vt 0.03328119218349457 0.9470645785331726
vt 0.026566211134195328 0.9489771127700806
vt 0.032424088567495346 0.9459701776504517
vt 0.026566211134195328 0.9489771127700806
vt 0.025868574157357216 0.9478736519813538
vt 0.032424088567495346 0.9459701776504517
vt 0.16546401381492615 0.9108225107192993
vt 0.03328119218349457 0.9470645785331726
vt 0.16566888988018036 0.9094318151473999
vt 0.03328119218349457 0.9470645785331726
vt 0.032424088567495346 0.9459701776504517
vt 0.16566888988018036 0.9094318151473999
vt 0.17242148518562317 0.9093019962310791
vt 0.16546401381492615 0.9108225107192993
vt 0.172450453042984 0.9079433679580688
vt 0.16546401381492615 0.9108225107192993
vt 0.16566888988018036 0.9094318151473999
vt 0.172450453042984 0.9079433679580688
vt 0.1785825937986374 0.9084663391113281
vt 0.17242148518562317 0.9093019962310791
vt 0.17839010059833527 0.9070581793785095
vt 0.17242148518562317 0.9093019962310791
vt 0.172450453042984 0.9079433679580688
vt 0.17839010059833527 0.9070581793785095
vt 0.1850433349609375 0.9079182744026184
vt 0.1785825937986374 0.9084663391113281
vt 0.1845947653055191 0.9065029621124268
vt 0.1785825937986374 0.9084663391113281
vt 0.17839010059833527 0.9070581793785095
vt 0.1845947653055191 0.9065029621124268
vt 0.29783177375793457 0.8970142006874084
vt 0.19313453137874603 0.9076270461082458
vt 0.29628440737724304 0.8953196406364441
vt 0.19313453137874603 0.9076270461082458
vt 0.19230052828788757 0.9062240719795227
vt 0.29628440737724304 0.8953196406364441
vt 0.19313453137874603 0.9076270461082458
vt 0.1850433349609375 0.9079182744026184
vt 0.19230052828788757 0.9062240719795227
vt 0.1850433349609375 0.9079182744026184
vt 0.1845947653055191 0.9065029621124268
vt 0.19230052828788757 0.9062240719795227
vt 0.6369601488113403 0.9149948954582214
vt 0.6371617317199707 0.9140993356704712
vt 0.6373302936553955 0.9146809577941895
vt 0.298331618309021 0.8893392086029053
vt 0.2987925708293915 0.8885329961776733
vt 0.29877427220344543 0.8899093866348267
vt 0.7125790119171143 0.9220682382583618
vt 0.7067490816116333 0.9195460677146912
vt 0.7131572365760803 0.9207446575164795
vt 0.7067490816116333 0.9195460677146912
vt 0.7071924209594727 0.9179933667182922
vt 0.7131572365760803 0.9207446575164795
vt 0.7067490816116333 0.9195460677146912
vt 0.6080150604248047 0.8871591687202454
vt 0.7071924209594727 0.9179933667182922
vt 0.6080150604248047 0.8871591687202454
vt 0.6086644530296326 0.8856232762336731
vt 0.7071924209594727 0.9179933667182922
vt 0.718725860118866 0.9247070550918579
vt 0.7125790119171143 0.9220682382583618
vt 0.7191650867462158 0.9231926202774048
vt 0.7125790119171143 0.9220682382583618
vt 0.7131572365760803 0.9207446575164795
vt 0.7191650867462158 0.9231926202774048
vt 0.01923566870391369 0.9227962493896484
vt 0.01073663029819727 0.9259118437767029
vt 0.018603041768074036 0.9209920167922974
vt 0.01073663029819727 0.9259118437767029
vt 0.010312285274267197 0.9238542318344116
vt 0.018603041768074036 0.9209920167922974
vt 0.027238210663199425 0.9197110533714294
vt 0.01923566870391369 0.9227962493896484
vt 0.02681553177535534 0.9176868796348572
vt 0.01923566870391369 0.9227962493896484
vt 0.018603041768074036 0.9209920167922974
vt 0.02681553177535534 0.9176868796348572
vt 0.1571299284696579 0.8839170932769775
vt 0.027238210663199425 0.9197110533714294
vt 0.1564841866493225 0.8819541335105896
vt 0.027238210663199425 0.9197110533714294
vt 0.02681553177535534 0.9176868796348572
vt 0.1564841866493225 0.8819541335105896
vt 0.16539566218852997 0.8821986317634583
vt 0.1571299284696579 0.8839170932769775
vt 0.16497370600700378 0.8803465366363525
vt 0.1571299284696579 0.8839170932769775
vt 0.1564841866493225 0.8819541335105896
vt 0.16497370600700378 0.8803465366363525
vt 0.1735597550868988 0.880109429359436
vt 0.16539566218852997 0.8821986317634583
vt 0.1730569750070572 0.8782200813293457
vt 0.16539566218852997 0.8821986317634583
vt 0.16497370600700378 0.8803465366363525
vt 0.1730569750070572 0.8782200813293457
vt 0.1821560114622116 0.8774704337120056
vt 0.1735597550868988 0.880109429359436
vt 0.18163429200649261 0.8754016757011414
vt 0.1735597550868988 0.880109429359436
vt 0.1730569750070572 0.8782200813293457
vt 0.18163429200649261 0.8754016757011414
vt 0.1917598992586136 0.8748690485954285
vt 0.1821560114622116 0.8774704337120056
vt 0.1916588395833969 0.8723914623260498
vt 0.1821560114622116 0.8774704337120056
vt 0.18163429200649261 0.8754016757011414
vt 0.1916588395833969 0.8723914623260498
vt 0.35254380106925964 0.8582342267036438
vt 0.1917598992586136 0.8748690485954285
vt 0.35217440128326416 0.8557474613189697
vt 0.1917598992586136 0.8748690485954285
vt 0.1916588395833969 0.8723914623260498
vt 0.35217440128326416 0.8557474613189697
vt 0.6080150604248047 0.8871591687202454
vt 0.6005722284317017 0.8836172819137573
vt 0.6086644530296326 0.8856232762336731
vt 0.6005722284317017 0.8836172819137573
vt 0.6013785600662231 0.8818874359130859
vt 0.6086644530296326 0.8856232762336731
vt 0.6005722284317017 0.8836172819137573
vt 0.5920289754867554 0.8798899054527283
vt 0.6013785600662231 0.8818874359130859
vt 0.5920289754867554 0.8798899054527283
vt 0.5928793549537659 0.8778337836265564
vt 0.6013785600662231 0.8818874359130859
vt 0.5920289754867554 0.8798899054527283
vt 0.5820952653884888 0.8762713670730591
vt 0.5928793549537659 0.8778337836265564
vt 0.5820952653884888 0.8762713670730591
vt 0.5828437805175781 0.8738784790039062
vt 0.5928793549537659 0.8778337836265564
vt 0.5820952653884888 0.8762713670730591
vt 0.5709019899368286 0.872967004776001
vt 0.5828437805175781 0.8738784790039062
vt 0.5709019899368286 0.872967004776001
vt 0.5710910558700562 0.8702977895736694
vt 0.5828437805175781 0.8738784790039062
vt 0.5709019899368286 0.872967004776001
vt 0.39911365509033203 0.85617995262146
vt 0.5710910558700562 0.8702977895736694
vt 0.39911365509033203 0.85617995262146
vt 0.3995486795902252 0.8535173535346985
vt 0.5710910558700562 0.8702977895736694
vt 0.39911365509033203 0.85617995262146
vt 0.3869471549987793 0.8561598658561707
vt 0.3995486795902252 0.8535173535346985
vt 0.3869471549987793 0.8561598658561707
vt 0.3869996666908264 0.8535119295120239
vt 0.3995486795902252 0.8535173535346985
vt 0.3869471549987793 0.8561598658561707
vt 0.37515220046043396 0.8564983606338501
vt 0.3869996666908264 0.8535119295120239
vt 0.37515220046043396 0.8564983606338501
vt 0.3750765323638916 0.8539271950721741
vt 0.3869996666908264 0.8535119295120239
vt 0.37515220046043396 0.8564983606338501
vt 0.3637236952781677 0.8572325110435486
vt 0.3750765323638916 0.8539271950721741
vt 0.3637236952781677 0.8572325110435486
vt 0.3635658323764801 0.8547472357749939
vt 0.3750765323638916 0.8539271950721741
vt 0.3637236952781677 0.8572325110435486
vt 0.35254380106925964 0.8582342267036438
vt 0.3635658323764801 0.8547472357749939
vt 0.35254380106925964 0.8582342267036438
vt 0.35217440128326416 0.8557474613189697
vt 0.3635658323764801 0.8547472357749939
vt 0.16276171803474426 0.8673073053359985
vt 0.1565050631761551 0.8735928535461426
vt 0.1609821915626526 0.8658999800682068
vt 0.1565050631761551 0.8735928535461426
vt 0.15523241460323334 0.8716801404953003
vt 0.1609821915626526 0.8658999800682068
vt 0.1565050631761551 0.8735928535461426
vt 0.1486651599407196 0.8768496513366699
vt 0.15523241460323334 0.8716801404953003
vt 0.1486651599407196 0.8768496513366699
vt 0.14821456372737885 0.8745909929275513
vt 0.15523241460323334 0.8716801404953003
vt 0.1486651599407196 0.8768496513366699
vt 0.14017567038536072 0.8768497705459595
vt 0.14821456372737885 0.8745909929275513
vt 0.14017567038536072 0.8768497705459595
vt 0.14061704277992249 0.8745951652526855
vt 0.14821456372737885 0.8745909929275513
vt 0.14017567038536072 0.8768497705459595
vt 0.13198648393154144 0.8734455108642578
vt 0.14061704277992249 0.8745951652526855
vt 0.13198648393154144 0.8734455108642578
vt 0.13308997452259064 0.8714632391929626
vt 0.14061704277992249 0.8745951652526855
vt 0.23167216777801514 0.7240894436836243
vt 0.23795749247074127 0.7303459048271179
vt 0.23026499152183533 0.7258687019348145
vt 0.23795749247074127 0.7303459048271179
vt 0.23604483902454376 0.7316184639930725
vt 0.23026499152183533 0.7258687019348145
vt 0.23795749247074127 0.7303459048271179
vt 0.24121397733688354 0.7381855249404907
vt 0.23604483902454376 0.7316184639930725
vt 0.24121397733688354 0.7381855249404907
vt 0.23895548284053802 0.7386361956596375
vt 0.23604483902454376 0.7316184639930725
vt 0.24121397733688354 0.7381855249404907
vt 0.24121397733688354 0.7466747164726257
vt 0.23895548284053802 0.7386361956596375
vt 0.24121397733688354 0.7466747164726257
vt 0.23895961046218872 0.7462334036827087
vt 0.23895548284053802 0.7386361956596375
vt 0.24121397733688354 0.7466747164726257
vt 0.23781000077724457 0.7548638582229614
vt 0.23895961046218872 0.7462334036827087
vt 0.23781000077724457 0.7548638582229614
vt 0.2358277440071106 0.7537605166435242
vt 0.23895961046218872 0.7462334036827087
vt 0.009999999776482582 0.7758127450942993
vt 0.01340452115982771 0.7676237225532532
vt 0.012254678644239902 0.7762541770935059
vt 0.01340452115982771 0.7676237225532532
vt 0.015386780723929405 0.7687270045280457
vt 0.012254678644239902 0.7762541770935059
vt 0.010000198148190975 0.7843020558357239
vt 0.009999999776482582 0.7758127450942993
vt 0.01225888542830944 0.7838516235351562
vt 0.009999999776482582 0.7758127450942993
vt 0.012254678644239902 0.7762541770935059
vt 0.01225888542830944 0.7838516235351562
vt 0.013256484642624855 0.7921421527862549
vt 0.010000198148190975 0.7843020558357239
vt 0.015169289894402027 0.7908696532249451
vt 0.010000198148190975 0.7843020558357239
vt 0.01225888542830944 0.7838516235351562
vt 0.015169289894402027 0.7908696532249451
vt 0.019541962072253227 0.798399031162262
vt 0.013256484642624855 0.7921421527862549
vt 0.020949339494109154 0.7966194748878479
vt 0.013256484642624855 0.7921421527862549
vt 0.015169289894402027 0.7908696532249451
vt 0.020949339494109154 0.7966194748878479
vt 0.08845284581184387 0.6551814079284668
vt 0.09470931440591812 0.6488959789276123
vt 0.09023234248161316 0.6565886735916138
vt 0.09470931440591812 0.6488959789276123
vt 0.09598191827535629 0.6508086323738098
vt 0.09023234248161316 0.6565886735916138
vt 0.09470931440591812 0.6488959789276123
vt 0.10254902392625809 0.645639181137085
vt 0.09598191827535629 0.6508086323738098
vt 0.10254902392625809 0.645639181137085
vt 0.10299956053495407 0.6478977203369141
vt 0.09598191827535629 0.6508086323738098
vt 0.10254902392625809 0.645639181137085
vt 0.1110384538769722 0.6456388831138611
vt 0.10299956053495407 0.6478977203369141
vt 0.1110384538769722 0.6456388831138611
vt 0.11059708148241043 0.6478935480117798
vt 0.10299956053495407 0.6478977203369141
vt 0.1110384538769722 0.6456388831138611
vt 0.11922784149646759 0.649043083190918
vt 0.11059708148241043 0.6478935480117798
vt 0.11922784149646759 0.649043083190918
vt 0.11812435835599899 0.6510253548622131
vt 0.11059708148241043 0.6478935480117798
vt 0.01340452115982771 0.7676237225532532
vt 0.08845284581184387 0.6551814079284668
vt 0.015386780723929405 0.7687270045280457
vt 0.08845284581184387 0.6551814079284668
vt 0.09023234248161316 0.6565886735916138
vt 0.015386780723929405 0.7687270045280457
vt 0.11922784149646759 0.649043083190918
vt 0.23167216777801514 0.7240894436836243
vt 0.11812435835599899 0.6510253548622131
vt 0.23167216777801514 0.7240894436836243
vt 0.23026499152183533 0.7258687019348145
vt 0.11812435835599899 0.6510253548622131
vt 0.23781000077724457 0.7548638582229614
vt 0.16276171803474426 0.8673073053359985
vt 0.2358277440071106 0.7537605166435242
vt 0.16276171803474426 0.8673073053359985
vt 0.1609821915626526 0.8658999800682068
vt 0.2358277440071106 0.7537605166435242
vt 0.13198648393154144 0.8734455108642578
vt 0.019541962072253227 0.798399031162262
vt 0.13308997452259064 0.8714632391929626
vt 0.019541962072253227 0.798399031162262
vt 0.020949339494109154 0.7966194748878479
vt 0.13308997452259064 0.8714632391929626
vt 0.5629977583885193 0.6463002562522888
vt 0.45182326436042786 0.7201072573661804
vt 0.5616238117218018 0.6438213586807251
vt 0.45182326436042786 0.7201072573661804
vt 0.4500718414783478 0.7178786993026733
vt 0.5616238117218018 0.6438213586807251
vt 0.5686213970184326 0.6439716219902039
vt 0.5629977583885193 0.6463002562522888
vt 0.568062424659729 0.641130805015564
vt 0.5629977583885193 0.6463002562522888
vt 0.5616238117218018 0.6438213586807251
vt 0.568062424659729 0.641130805015564
vt 0.5734577775001526 0.6439868211746216
vt 0.5686213970184326 0.6439716219902039
vt 0.5740346908569336 0.641130805015564
vt 0.5686213970184326 0.6439716219902039
vt 0.568062424659729 0.641130805015564
vt 0.5740346908569336 0.641130805015564
vt 0.5779207944869995 0.6458500623703003
vt 0.5734577775001526 0.6439868211746216
vt 0.5795385241508484 0.6434488296508789
vt 0.5734577775001526 0.6439868211746216
vt 0.5740346908569336 0.641130805015564
vt 0.5795385241508484 0.6434488296508789
vt 0.58219975233078 0.6501789689064026
vt 0.5779207944869995 0.6458500623703003
vt 0.5844279527664185 0.6484277248382568
vt 0.5779207944869995 0.6458500623703003
vt 0.5795385241508484 0.6434488296508789
vt 0.5844279527664185 0.6484277248382568
vt 0.6560090780258179 0.7613512873649597
vt 0.58219975233078 0.6501789689064026
vt 0.658487856388092 0.7599771618843079
vt 0.58219975233078 0.6501789689064026
vt 0.5844279527664185 0.6484277248382568
vt 0.658487856388092 0.7599771618843079
vt 0.6583375930786133 0.7669747471809387
vt 0.6560090780258179 0.7613512873649597
vt 0.6611785888671875 0.7664157748222351
vt 0.6560090780258179 0.7613512873649597
vt 0.658487856388092 0.7599771618843079
vt 0.6611785888671875 0.7664157748222351
vt 0.6583225131034851 0.7718111872673035
vt 0.6583375930786133 0.7669747471809387
vt 0.6611785888671875 0.7723878622055054
vt 0.6583375930786133 0.7669747471809387
vt 0.6611785888671875 0.7664157748222351
vt 0.6611785888671875 0.7723878622055054
vt 0.6564594507217407 0.7762742638587952
vt 0.6583225131034851 0.7718111872673035
vt 0.6588608026504517 0.7778919339179993
vt 0.6583225131034851 0.7718111872673035
vt 0.6611785888671875 0.7723878622055054
vt 0.6588608026504517 0.7778919339179993
vt 0.6521309614181519 0.7805532813072205
vt 0.6564594507217407 0.7762742638587952
vt 0.6538820862770081 0.7827817797660828
vt 0.6564594507217407 0.7762742638587952
vt 0.6588608026504517 0.7778919339179993
vt 0.6538820862770081 0.7827817797660828
vt 0.540956974029541 0.8543602228164673
vt 0.6521309614181519 0.7805532813072205
vt 0.5423309206962585 0.8568392395973206
vt 0.6521309614181519 0.7805532813072205
vt 0.6538820862770081 0.7827817797660828
vt 0.5423309206962585 0.8568392395973206
vt 0.5353332161903381 0.8566889762878418
vt 0.540956974029541 0.8543602228164673
vt 0.5358921885490417 0.8595298528671265
vt 0.540956974029541 0.8543602228164673
vt 0.5423309206962585 0.8568392395973206
vt 0.5358921885490417 0.8595298528671265
vt 0.5304968357086182 0.8566738367080688
vt 0.5353332161903381 0.8566889762878418
vt 0.5299199223518372 0.8595298528671265
vt 0.5353332161903381 0.8566889762878418
vt 0.5358921885490417 0.8595298528671265
vt 0.5299199223518372 0.8595298528671265
vt 0.5260338187217712 0.8548105955123901
vt 0.5304968357086182 0.8566738367080688
vt 0.5244160890579224 0.8572117686271667
vt 0.5304968357086182 0.8566738367080688
vt 0.5299199223518372 0.8595298528671265
vt 0.5244160890579224 0.8572117686271667
vt 0.521755039691925 0.8504817485809326
vt 0.5260338187217712 0.8548105955123901
vt 0.5195266008377075 0.8522329330444336
vt 0.5260338187217712 0.8548105955123901
vt 0.5244160890579224 0.8572117686271667
vt 0.5195266008377075 0.8522329330444336
vt 0.44794508814811707 0.7393093109130859
vt 0.521755039691925 0.8504817485809326
vt 0.44546613097190857 0.7406833171844482
vt 0.521755039691925 0.8504817485809326
vt 0.5195266008377075 0.8522329330444336
vt 0.44546613097190857 0.7406833171844482
vt 0.44561636447906494 0.7336856722831726
vt 0.44794508814811707 0.7393093109130859
vt 0.4427754282951355 0.734244704246521
vt 0.44794508814811707 0.7393093109130859
vt 0.44546613097190857 0.7406833171844482
vt 0.4427754282951355 0.734244704246521
vt 0.4456312954425812 0.7288492918014526
vt 0.44561636447906494 0.7336856722831726
vt 0.4427756369113922 0.7282724976539612
vt 0.44561636447906494 0.7336856722831726
vt 0.4427754282951355 0.734244704246521
vt 0.4427756369113922 0.7282724976539612
vt 0.4474945664405823 0.7243862152099609
vt 0.4456312954425812 0.7288492918014526
vt 0.44509321451187134 0.7227686047554016
vt 0.4456312954425812 0.7288492918014526
vt 0.4427756369113922 0.7282724976539612
vt 0.44509321451187134 0.7227686047554016
vt 0.45182326436042786 0.7201072573661804
vt 0.4474945664405823 0.7243862152099609
vt 0.4500718414783478 0.7178786993026733
vt 0.4474945664405823 0.7243862152099609
vt 0.44509321451187134 0.7227686047554016
vt 0.4500718414783478 0.7178786993026733
vt 0.07377391308546066 0.6537208557128906
vt 0.07104937732219696 0.6521768569946289
vt 0.07689227908849716 0.6538263559341431
vt 0.07104937732219696 0.6521768569946289
vt 0.0693812444806099 0.6495170593261719
vt 0.07689227908849716 0.6538263559341431
vt 0.0693812444806099 0.6495170593261719
vt 0.06930284202098846 0.6463801860809326
vt 0.07689227908849716 0.6538263559341431
vt 0.06930284202098846 0.6463801860809326
vt 0.07111252099275589 0.6438167691230774
vt 0.07689227908849716 0.6538263559341431
vt 0.07111252099275589 0.6438167691230774
vt 0.07397808134555817 0.6425339579582214
vt 0.07689227908849716 0.6538263559341431
vt 0.07397808134555817 0.6425339579582214
vt 0.07710111141204834 0.6427659392356873
vt 0.07689227908849716 0.6538263559341431
vt 0.07710111141204834 0.6427659392356873
vt 0.0797514095902443 0.6444125175476074
vt 0.07689227908849716 0.6538263559341431
vt 0.0797514095902443 0.6444125175476074
vt 0.0813388079404831 0.6470717191696167
vt 0.07689227908849716 0.6538263559341431
vt 0.0813388079404831 0.6470717191696167
vt 0.08154483139514923 0.6500983238220215
vt 0.07689227908849716 0.6538263559341431
vt 0.08154483139514923 0.6500983238220215
vt 0.07969042658805847 0.6524990797042847
vt 0.07689227908849716 0.6538263559341431
vt 0.0732802152633667 0.8493950963020325
vt 0.07605710625648499 0.8495004177093506
vt 0.07067492604255676 0.8506641983985901
vt 0.07605710625648499 0.8495004177093506
vt 0.07842282950878143 0.8509042859077454
vt 0.07067492604255676 0.8506641983985901
vt 0.07842282950878143 0.8509042859077454
vt 0.07981742918491364 0.8532538414001465
vt 0.07067492604255676 0.8506641983985901
vt 0.07981742918491364 0.8532538414001465
vt 0.07983298599720001 0.8559718132019043
vt 0.07067492604255676 0.8506641983985901
vt 0.07983298599720001 0.8559718132019043
vt 0.0785159021615982 0.8583400845527649
vt 0.07067492604255676 0.8506641983985901
vt 0.0785159021615982 0.8583400845527649
vt 0.07617652416229248 0.859714150428772
vt 0.07067492604255676 0.8506641983985901
vt 0.07617652416229248 0.859714150428772
vt 0.07346067577600479 0.8597575426101685
vt 0.07067492604255676 0.8506641983985901
vt 0.07346067577600479 0.8597575426101685
vt 0.0710788369178772 0.8584165573120117
vt 0.07067492604255676 0.8506641983985901
vt 0.0710788369178772 0.8584165573120117
vt 0.06961184740066528 0.8560522198677063
vt 0.07067492604255676 0.8506641983985901
vt 0.06961184740066528 0.8560522198677063
vt 0.06948769837617874 0.8532465100288391
vt 0.07067492604255676 0.8506641983985901
vt 0.06694873422384262 0.8532626032829285
vt 0.06720690429210663 0.8569819331169128
vt 0.06559962034225464 0.8532816171646118
vt 0.06720690429210663 0.8569819331169128
vt 0.06607040017843246 0.8574090600013733
vt 0.06559962034225464 0.8532816171646118
vt 0.0693657398223877 0.860254168510437
vt 0.06843441724777222 0.8612443804740906
vt 0.06720690429210663 0.8569819331169128
vt 0.06843441724777222 0.8612443804740906
vt 0.06607040017843246 0.8574090600013733
vt 0.06720690429210663 0.8569819331169128
vt 0.0693657398223877 0.860254168510437
vt 0.07280462980270386 0.8622816801071167
vt 0.06843441724777222 0.8612443804740906
vt 0.07280462980270386 0.8622816801071167
vt 0.0725112110376358 0.8634525537490845
vt 0.06843441724777222 0.8612443804740906
vt 0.07682392001152039 0.8621431589126587
vt 0.07718618959188461 0.8634525537490845
vt 0.07280462980270386 0.8622816801071167
vt 0.07718618959188461 0.8634525537490845
vt 0.0725112110376358 0.8634525537490845
vt 0.07280462980270386 0.8622816801071167
vt 0.08035147190093994 0.8601964712142944
vt 0.08120940625667572 0.8610445261001587
vt 0.07682392001152039 0.8621431589126587
vt 0.08120940625667572 0.8610445261001587
vt 0.07718618959188461 0.8634525537490845
vt 0.07682392001152039 0.8621431589126587
vt 0.08035147190093994 0.8601964712142944
vt 0.08225586265325546 0.8566463589668274
vt 0.08120940625667572 0.8610445261001587
vt 0.08225586265325546 0.8566463589668274
vt 0.08356934040784836 0.8569937944412231
vt 0.08120940625667572 0.8610445261001587
vt 0.08225586265325546 0.8566463589668274
vt 0.0823502466082573 0.8526291847229004
vt 0.08356934040784836 0.8569937944412231
vt 0.0823502466082573 0.8526291847229004
vt 0.08351822197437286 0.8523238301277161
vt 0.08356934040784836 0.8569937944412231
vt 0.0802915021777153 0.8492152094841003
vt 0.08127377927303314 0.8482749462127686
vt 0.0823502466082573 0.8526291847229004
vt 0.08127377927303314 0.8482749462127686
vt 0.08351822197437286 0.8523238301277161
vt 0.0823502466082573 0.8526291847229004
vt 0.0802915021777153 0.8492152094841003
vt 0.07701192051172256 0.8470873832702637
vt 0.08127377927303314 0.8482749462127686
vt 0.07701192051172256 0.8470873832702637
vt 0.07742951810359955 0.8459472060203552
vt 0.08127377927303314 0.8482749462127686
vt 0.0732816830277443 0.8468440771102905
vt 0.0732865259051323 0.8454970121383667
vt 0.07701192051172256 0.8470873832702637
vt 0.0732865259051323 0.8454970121383667
vt 0.07742951810359955 0.8459472060203552
vt 0.07701192051172256 0.8470873832702637
vt 0.06970324367284775 0.8475742936134338
vt 0.06998416036367416 0.846161425113678
vt 0.0732816830277443 0.8468440771102905
vt 0.06998416036367416 0.846161425113678
vt 0.0732865259051323 0.8454970121383667
vt 0.0732816830277443 0.8468440771102905
vt 0.06761477887630463 0.8497441411018372
vt 0.06694873422384262 0.8532626032829285
vt 0.06621208786964417 0.8500216007232666
vt 0.06694873422384262 0.8532626032829285
vt 0.06559962034225464 0.8532816171646118
vt 0.06621208786964417 0.8500216007232666
vt 0.0794600397348404 0.849946916103363
vt 0.07842282950878143 0.8509042859077454
vt 0.07658111304044724 0.8481544852256775
vt 0.07842282950878143 0.8509042859077454
vt 0.07605710625648499 0.8495004177093506
vt 0.07658111304044724 0.8481544852256775
vt 0.0794600397348404 0.849946916103363
vt 0.0812309980392456 0.852883517742157
vt 0.07842282950878143 0.8509042859077454
vt 0.0812309980392456 0.852883517742157
vt 0.07981742918491364 0.8532538414001465
vt 0.07842282950878143 0.8509042859077454
vt 0.08119754493236542 0.856327474117279
vt 0.07983298599720001 0.8559718132019043
vt 0.0812309980392456 0.852883517742157
vt 0.07983298599720001 0.8559718132019043
vt 0.07981742918491364 0.8532538414001465
vt 0.0812309980392456 0.852883517742157
vt 0.0795627161860466 0.859364926815033
vt 0.0785159021615982 0.8583400845527649
vt 0.08119754493236542 0.856327474117279
vt 0.0785159021615982 0.8583400845527649
vt 0.07983298599720001 0.8559718132019043
vt 0.08119754493236542 0.856327474117279
vt 0.0795627161860466 0.859364926815033
vt 0.07656384259462357 0.8610695600509644
vt 0.0785159021615982 0.8583400845527649
vt 0.07656384259462357 0.8610695600509644
vt 0.07617652416229248 0.859714150428772
vt 0.0785159021615982 0.8583400845527649
vt 0.07656384259462357 0.8610695600509644
vt 0.07311741262674332 0.861178994178772
vt 0.07617652416229248 0.859714150428772
vt 0.07311741262674332 0.861178994178772
vt 0.07346067577600479 0.8597575426101685
vt 0.07617652416229248 0.859714150428772
vt 0.07013966143131256 0.859468400478363
vt 0.0710788369178772 0.8584165573120117
vt 0.07311741262674332 0.861178994178772
vt 0.0710788369178772 0.8584165573120117
vt 0.07346067577600479 0.8597575426101685
vt 0.07311741262674332 0.861178994178772
vt 0.07013966143131256 0.859468400478363
vt 0.06828058511018753 0.8566024899482727
vt 0.0710788369178772 0.8584165573120117
vt 0.06828058511018753 0.8566024899482727
vt 0.06961184740066528 0.8560522198677063
vt 0.0710788369178772 0.8584165573120117
vt 0.0680532157421112 0.853258490562439
vt 0.06948769837617874 0.8532465100288391
vt 0.06828058511018753 0.8566024899482727
vt 0.06948769837617874 0.8532465100288391
vt 0.06961184740066528 0.8560522198677063
vt 0.06828058511018753 0.8566024899482727
vt 0.06894492357969284 0.8498629331588745
vt 0.07067492604255676 0.8506641983985901
vt 0.0680532157421112 0.853258490562439
vt 0.07067492604255676 0.8506641983985901
vt 0.06948769837617874 0.8532465100288391
vt 0.0680532157421112 0.853258490562439
vt 0.06989791244268417 0.8489444851875305
vt 0.07324247062206268 0.8479647636413574
vt 0.07067492604255676 0.8506641983985901
vt 0.07324247062206268 0.8479647636413574
vt 0.0732802152633667 0.8493950963020325
vt 0.07067492604255676 0.8506641983985901
vt 0.07324247062206268 0.8479647636413574
vt 0.07658111304044724 0.8481544852256775
vt 0.0732802152633667 0.8493950963020325
vt 0.07658111304044724 0.8481544852256775
vt 0.07605710625648499 0.8495004177093506
vt 0.0732802152633667 0.8493950963020325
vt 0.0732816830277443 0.8468440771102905
vt 0.07324247062206268 0.8479647636413574
vt 0.06970324367284775 0.8475742936134338
vt 0.07324247062206268 0.8479647636413574
vt 0.06989791244268417 0.8489444851875305
vt 0.06970324367284775 0.8475742936134338
vt 0.07701192051172256 0.8470873832702637
vt 0.07658111304044724 0.8481544852256775
vt 0.0732816830277443 0.8468440771102905
vt 0.07658111304044724 0.8481544852256775
vt 0.07324247062206268 0.8479647636413574
vt 0.0732816830277443 0.8468440771102905
vt 0.0802915021777153 0.8492152094841003
vt 0.0794600397348404 0.849946916103363
vt 0.07701192051172256 0.8470873832702637
vt 0.0794600397348404 0.849946916103363
vt 0.07658111304044724 0.8481544852256775
vt 0.07701192051172256 0.8470873832702637
vt 0.0823502466082573 0.8526291847229004
vt 0.0812309980392456 0.852883517742157
vt 0.0802915021777153 0.8492152094841003
vt 0.0812309980392456 0.852883517742157
vt 0.0794600397348404 0.849946916103363
vt 0.0802915021777153 0.8492152094841003
vt 0.08225586265325546 0.8566463589668274
vt 0.08119754493236542 0.856327474117279
vt 0.0823502466082573 0.8526291847229004
vt 0.08119754493236542 0.856327474117279
vt 0.0812309980392456 0.852883517742157
vt 0.0823502466082573 0.8526291847229004
vt 0.08035147190093994 0.8601964712142944
vt 0.0795627161860466 0.859364926815033
vt 0.08225586265325546 0.8566463589668274
vt 0.0795627161860466 0.859364926815033
vt 0.08119754493236542 0.856327474117279
vt 0.08225586265325546 0.8566463589668274
vt 0.07682392001152039 0.8621431589126587
vt 0.07656384259462357 0.8610695600509644
vt 0.08035147190093994 0.8601964712142944
vt 0.07656384259462357 0.8610695600509644
vt 0.0795627161860466 0.859364926815033
vt 0.08035147190093994 0.8601964712142944
vt 0.07280462980270386 0.8622816801071167
vt 0.07311741262674332 0.861178994178772
vt 0.07682392001152039 0.8621431589126587
vt 0.07311741262674332 0.861178994178772
vt 0.07656384259462357 0.8610695600509644
vt 0.07682392001152039 0.8621431589126587
vt 0.0693657398223877 0.860254168510437
vt 0.07013966143131256 0.859468400478363
vt 0.07280462980270386 0.8622816801071167
vt 0.07013966143131256 0.859468400478363
vt 0.07311741262674332 0.861178994178772
vt 0.07280462980270386 0.8622816801071167
vt 0.06720690429210663 0.8569819331169128
vt 0.06828058511018753 0.8566024899482727
vt 0.0693657398223877 0.860254168510437
vt 0.06828058511018753 0.8566024899482727
vt 0.07013966143131256 0.859468400478363
vt 0.0693657398223877 0.860254168510437
vt 0.06694873422384262 0.8532626032829285
vt 0.0680532157421112 0.853258490562439
vt 0.06720690429210663 0.8569819331169128
vt 0.0680532157421112 0.853258490562439
vt 0.06828058511018753 0.8566024899482727
vt 0.06720690429210663 0.8569819331169128
vt 0.06761477887630463 0.8497441411018372
vt 0.06894492357969284 0.8498629331588745
vt 0.06694873422384262 0.8532626032829285
vt 0.06894492357969284 0.8498629331588745
vt 0.0680532157421112 0.853258490562439
vt 0.06694873422384262 0.8532626032829285
vt 0.07756265997886658 0.6413847208023071
vt 0.08078925311565399 0.6434237957000732
vt 0.07710111141204834 0.6427659392356873
vt 0.08078925311565399 0.6434237957000732
vt 0.0797514095902443 0.6444125175476074
vt 0.07710111141204834 0.6427659392356873
vt 0.07372669875621796 0.6410549879074097
vt 0.07756265997886658 0.6413847208023071
vt 0.07397808134555817 0.6425339579582214
vt 0.07756265997886658 0.6413847208023071
vt 0.07710111141204834 0.6427659392356873
vt 0.07397808134555817 0.6425339579582214
vt 0.07008155435323715 0.6425663828849792
vt 0.07372669875621796 0.6410549879074097
vt 0.07111252099275589 0.6438167691230774
vt 0.07372669875621796 0.6410549879074097
vt 0.07397808134555817 0.6425339579582214
vt 0.07111252099275589 0.6438167691230774
vt 0.06745927035808563 0.6458202600479126
vt 0.07008155435323715 0.6425663828849792
vt 0.06930284202098846 0.6463801860809326
vt 0.07008155435323715 0.6425663828849792
vt 0.07111252099275589 0.6438167691230774
vt 0.06930284202098846 0.6463801860809326
vt 0.06782899796962738 0.6499829292297363
vt 0.06745927035808563 0.6458202600479126
vt 0.0693812444806099 0.6495170593261719
vt 0.06745927035808563 0.6458202600479126
vt 0.06930284202098846 0.6463801860809326
vt 0.0693812444806099 0.6495170593261719
vt 0.07001790404319763 0.6532662510871887
vt 0.06782899796962738 0.6499829292297363
vt 0.07104937732219696 0.6521768569946289
vt 0.06782899796962738 0.6499829292297363
vt 0.0693812444806099 0.6495170593261719
vt 0.07104937732219696 0.6521768569946289
vt 0.07338938862085342 0.6551254391670227
vt 0.07001790404319763 0.6532662510871887
vt 0.07377391308546066 0.6537208557128906
vt 0.07001790404319763 0.6532662510871887
vt 0.07104937732219696 0.6521768569946289
vt 0.07377391308546066 0.6537208557128906
vt 0.07720495015382767 0.6552252769470215
vt 0.07338938862085342 0.6551254391670227
vt 0.07689227908849716 0.6538263559341431
vt 0.07338938862085342 0.6551254391670227
vt 0.07377391308546066 0.6537208557128906
vt 0.07689227908849716 0.6538263559341431
vt 0.08061188459396362 0.6535474061965942
vt 0.07720495015382767 0.6552252769470215
vt 0.07969042658805847 0.6524990797042847
vt 0.07720495015382767 0.6552252769470215
vt 0.07689227908849716 0.6538263559341431
vt 0.07969042658805847 0.6524990797042847
vt 0.08275595307350159 0.6504662036895752
vt 0.08061188459396362 0.6535474061965942
vt 0.08154483139514923 0.6500983238220215
vt 0.08061188459396362 0.6535474061965942
vt 0.07969042658805847 0.6524990797042847
vt 0.08154483139514923 0.6500983238220215
vt 0.082687608897686 0.6467129588127136
vt 0.08275595307350159 0.6504662036895752
vt 0.0813388079404831 0.6470717191696167
vt 0.08275595307350159 0.6504662036895752
vt 0.08154483139514923 0.6500983238220215
vt 0.0813388079404831 0.6470717191696167
vt 0.08078925311565399 0.6434237957000732
vt 0.082687608897686 0.6467129588127136
vt 0.0797514095902443 0.6444125175476074
vt 0.082687608897686 0.6467129588127136
vt 0.0813388079404831 0.6470717191696167
vt 0.0797514095902443 0.6444125175476074
vt 0.07338938862085342 0.6551254391670227
vt 0.07720495015382767 0.6552252769470215
vt 0.07302245497703552 0.6564816832542419
vt 0.07720495015382767 0.6552252769470215
vt 0.07750881463289261 0.6565789580345154
vt 0.07302245497703552 0.6564816832542419
vt 0.07720495015382767 0.6552252769470215
vt 0.08061188459396362 0.6535474061965942
vt 0.07750881463289261 0.6565789580345154
vt 0.08061188459396362 0.6535474061965942
vt 0.08151429146528244 0.6545701026916504
vt 0.07750881463289261 0.6565789580345154
vt 0.08275595307350159 0.6504662036895752
vt 0.08400638401508331 0.6508458852767944
vt 0.08061188459396362 0.6535474061965942
vt 0.08400638401508331 0.6508458852767944
vt 0.08151429146528244 0.6545701026916504
vt 0.08061188459396362 0.6535474061965942
vt 0.08275595307350159 0.6504662036895752
vt 0.082687608897686 0.6467129588127136
vt 0.08400638401508331 0.6508458852767944
vt 0.082687608897686 0.6467129588127136
vt 0.08400638401508331 0.6463648080825806
vt 0.08400638401508331 0.6508458852767944
vt 0.08078925311565399 0.6434237957000732
vt 0.08179464936256409 0.6424676775932312
vt 0.082687608897686 0.6467129588127136
vt 0.08179464936256409 0.6424676775932312
vt 0.08400638401508331 0.6463648080825806
vt 0.082687608897686 0.6467129588127136
vt 0.07756265997886658 0.6413847208023071
vt 0.07801198959350586 0.6400535106658936
vt 0.08078925311565399 0.6434237957000732
vt 0.07801198959350586 0.6400535106658936
vt 0.08179464936256409 0.6424676775932312
vt 0.08078925311565399 0.6434237957000732
vt 0.07756265997886658 0.6413847208023071
vt 0.07372669875621796 0.6410549879074097
vt 0.07801198959350586 0.6400535106658936
vt 0.07372669875621796 0.6410549879074097
vt 0.07349842041730881 0.6396281123161316
vt 0.07801198959350586 0.6400535106658936
vt 0.07372669875621796 0.6410549879074097
vt 0.07008155435323715 0.6425663828849792
vt 0.07349842041730881 0.6396281123161316
vt 0.07008155435323715 0.6425663828849792
vt 0.06911733746528625 0.6413383483886719
vt 0.07349842041730881 0.6396281123161316
vt 0.06745927035808563 0.6458202600479126
vt 0.06559962034225464 0.645255446434021
vt 0.07008155435323715 0.6425663828849792
vt 0.06559962034225464 0.645255446434021
vt 0.06911733746528625 0.6413383483886719
vt 0.07008155435323715 0.6425663828849792
vt 0.06745927035808563 0.6458202600479126
vt 0.06782899796962738 0.6499829292297363
vt 0.06559962034225464 0.645255446434021
vt 0.06782899796962738 0.6499829292297363
vt 0.0663447305560112 0.6504672169685364
vt 0.06559962034225464 0.645255446434021
vt 0.07001790404319763 0.6532662510871887
vt 0.06903467327356339 0.6543251276016235
vt 0.06782899796962738 0.6499829292297363
vt 0.06903467327356339 0.6543251276016235
vt 0.0663447305560112 0.6504672169685364
vt 0.06782899796962738 0.6499829292297363
vt 0.07338938862085342 0.6551254391670227
vt 0.07302245497703552 0.6564816832542419
vt 0.07001790404319763 0.6532662510871887
vt 0.07302245497703552 0.6564816832542419
vt 0.06903467327356339 0.6543251276016235
vt 0.07001790404319763 0.6532662510871887
vt 0.058521684259176254 0.6551088690757751
vt 0.058551788330078125 0.6396281123161316
vt 0.06143006309866905 0.6551088690757751
vt 0.058551788330078125 0.6396281123161316
vt 0.06146014481782913 0.6396281123161316
vt 0.06143006309866905 0.6551088690757751
vt 0.055613305419683456 0.6551088690757751
vt 0.055643364787101746 0.6396281123161316
vt 0.058521684259176254 0.6551088690757751
vt 0.055643364787101746 0.6396281123161316
vt 0.058551788330078125 0.6396281123161316
vt 0.058521684259176254 0.6551088690757751
vt 0.05270492285490036 0.6551088690757751
vt 0.05273502320051193 0.6396281123161316
vt 0.055613305419683456 0.6551088690757751
vt 0.05273502320051193 0.6396281123161316
vt 0.055643364787101746 0.6396281123161316
vt 0.055613305419683456 0.6551088690757751
vt 0.04979658126831055 0.6551088690757751
vt 0.049826666712760925 0.6396281123161316
vt 0.05270492285490036 0.6551088690757751
vt 0.049826666712760925 0.6396281123161316
vt 0.05273502320051193 0.6396281123161316
vt 0.05270492285490036 0.6551088690757751
vt 0.04688820242881775 0.6551088690757751
vt 0.04691828414797783 0.6396281123161316
vt 0.04979658126831055 0.6551088690757751
vt 0.04691828414797783 0.6396281123161316
vt 0.049826666712760925 0.6396281123161316
vt 0.04979658126831055 0.6551088690757751
vt 0.04397981986403465 0.6551088690757751
vt 0.04400990158319473 0.6396281123161316
vt 0.04688820242881775 0.6551088690757751
vt 0.04400990158319473 0.6396281123161316
vt 0.04691828414797783 0.6396281123161316
vt 0.04688820242881775 0.6551088690757751
vt 0.04107145965099335 0.6551088690757751
vt 0.041101545095443726 0.6396281123161316
vt 0.04397981986403465 0.6551088690757751
vt 0.041101545095443726 0.6396281123161316
vt 0.04400990158319473 0.6396281123161316
vt 0.04397981986403465 0.6551088690757751
vt 0.03816308081150055 0.6551088690757751
vt 0.03819316253066063 0.6396281123161316
vt 0.04107145965099335 0.6551088690757751
vt 0.03819316253066063 0.6396281123161316
vt 0.041101545095443726 0.6396281123161316
vt 0.04107145965099335 0.6551088690757751
vt 0.035254716873168945 0.6551088690757751
vt 0.035284802317619324 0.6396281123161316
vt 0.03816308081150055 0.6551088690757751
vt 0.035284802317619324 0.6396281123161316
vt 0.03819316253066063 0.6396281123161316
vt 0.03816308081150055 0.6551088690757751
vt 0.03234635666012764 0.6551088690757751
vt 0.03237646073102951 0.6396281123161316
vt 0.035254716873168945 0.6551088690757751
vt 0.03237646073102951 0.6396281123161316
vt 0.035284802317619324 0.6396281123161316
vt 0.035254716873168945 0.6551088690757751
vt 0.029437977820634842 0.6551088690757751
vt 0.02946806140244007 0.6396281719207764
vt 0.03234635666012764 0.6551088690757751
vt 0.02946806140244007 0.6396281719207764
vt 0.03237646073102951 0.6396281123161316
vt 0.03234635666012764 0.6551088690757751
vt 0.026529615744948387 0.6551088690757751
vt 0.026559699326753616 0.6396281719207764
vt 0.029437977820634842 0.6551088690757751
vt 0.026559699326753616 0.6396281719207764
vt 0.02946806140244007 0.6396281719207764
vt 0.029437977820634842 0.6551088690757751
vt 0.09354259818792343 0.8621590733528137
vt 0.09666561335325241 0.8619270324707031
vt 0.09089227020740509 0.8638056516647339
vt 0.09666561335325241 0.8619270324707031
vt 0.09953117370605469 0.8632098436355591
vt 0.09089227020740509 0.8638056516647339
vt 0.09953117370605469 0.8632098436355591
vt 0.1013408675789833 0.8657733201980591
vt 0.09089227020740509 0.8638056516647339
vt 0.1013408675789833 0.8657733201980591
vt 0.10126248002052307 0.8689101934432983
vt 0.09089227020740509 0.8638056516647339
vt 0.10126248002052307 0.8689101934432983
vt 0.0995943546295166 0.8715699315071106
vt 0.09089227020740509 0.8638056516647339
vt 0.0995943546295166 0.8715699315071106
vt 0.0968698039650917 0.8731139302253723
vt 0.09089227020740509 0.8638056516647339
vt 0.0968698039650917 0.8731139302253723
vt 0.0937514379620552 0.8732194304466248
vt 0.09089227020740509 0.8638056516647339
vt 0.0937514379620552 0.8732194304466248
vt 0.0909532681107521 0.8718922734260559
vt 0.09089227020740509 0.8638056516647339
vt 0.0909532681107521 0.8718922734260559
vt 0.08909884840250015 0.869491457939148
vt 0.09089227020740509 0.8638056516647339
vt 0.08909884840250015 0.869491457939148
vt 0.0893048644065857 0.8664648532867432
vt 0.09089227020740509 0.8638056516647339
vt 0.05973466485738754 0.6732198596000671
vt 0.05713760107755661 0.6719378232955933
vt 0.06250854581594467 0.6731268167495728
vt 0.05713760107755661 0.6719378232955933
vt 0.055963389575481415 0.6693475842475891
vt 0.06250854581594467 0.6731268167495728
vt 0.055963389575481415 0.6693475842475891
vt 0.056100111454725266 0.6665393114089966
vt 0.06250854581594467 0.6731268167495728
vt 0.056100111454725266 0.6665393114089966
vt 0.05755341053009033 0.6642026901245117
vt 0.06250854581594467 0.6731268167495728
vt 0.05755341053009033 0.6642026901245117
vt 0.059931837022304535 0.6628591418266296
vt 0.06250854581594467 0.6731268167495728
vt 0.059931837022304535 0.6628591418266296
vt 0.06264939904212952 0.6629028916358948
vt 0.06250854581594467 0.6731268167495728
vt 0.06264939904212952 0.6629028916358948
vt 0.06498774141073227 0.664271354675293
vt 0.06250854581594467 0.6731268167495728
vt 0.06498774141073227 0.664271354675293
vt 0.06631038337945938 0.6666405200958252
vt 0.06250854581594467 0.6731268167495728
vt 0.06631038337945938 0.6666405200958252
vt 0.06629478186368942 0.669356644153595
vt 0.06250854581594467 0.6731268167495728
vt 0.06629478186368942 0.669356644153595
vt 0.06490276753902435 0.6717100143432617
vt 0.06250854581594467 0.6731268167495728
vt 0.05342446640133858 0.6693262457847595
vt 0.05207538604736328 0.6693034768104553
vt 0.0536913238465786 0.6656113266944885
vt 0.05207538604736328 0.6693034768104553
vt 0.05255517736077309 0.6651830077171326
vt 0.0536913238465786 0.6656113266944885
vt 0.05584622919559479 0.6623561978340149
vt 0.0536913238465786 0.6656113266944885
vt 0.05491570383310318 0.6613645553588867
vt 0.0536913238465786 0.6656113266944885
vt 0.05255517736077309 0.6651830077171326
vt 0.05491570383310318 0.6613645553588867
vt 0.05584622919559479 0.6623561978340149
vt 0.05491570383310318 0.6613645553588867
vt 0.05927916616201401 0.6603343486785889
vt 0.05491570383310318 0.6613645553588867
vt 0.05898650735616684 0.6591631174087524
vt 0.05927916616201401 0.6603343486785889
vt 0.06329579651355743 0.6604727506637573
vt 0.05927916616201401 0.6603343486785889
vt 0.06365755200386047 0.6591631174087524
vt 0.05927916616201401 0.6603343486785889
vt 0.05898650735616684 0.6591631174087524
vt 0.06365755200386047 0.6591631174087524
vt 0.06682315468788147 0.6624147891998291
vt 0.06329579651355743 0.6604727506637573
vt 0.06768061220645905 0.6615663170814514
vt 0.06329579651355743 0.6604727506637573
vt 0.06365755200386047 0.6591631174087524
vt 0.06768061220645905 0.6615663170814514
vt 0.06682315468788147 0.6624147891998291
vt 0.06768061220645905 0.6615663170814514
vt 0.06873214989900589 0.6659648418426514
vt 0.06768061220645905 0.6615663170814514
vt 0.0700453445315361 0.6656167507171631
vt 0.06873214989900589 0.6659648418426514
vt 0.06873214989900589 0.6659648418426514
vt 0.0700453445315361 0.6656167507171631
vt 0.0688268393278122 0.6699846982955933
vt 0.0700453445315361 0.6656167507171631
vt 0.06999458372592926 0.6702907085418701
vt 0.0688268393278122 0.6699846982955933
vt 0.06676250696182251 0.67340487241745
vt 0.0688268393278122 0.6699846982955933
vt 0.06774327903985977 0.674345850944519
vt 0.0688268393278122 0.6699846982955933
vt 0.06999458372592926 0.6702907085418701
vt 0.06774327903985977 0.674345850944519
vt 0.06676250696182251 0.67340487241745
vt 0.06774327903985977 0.674345850944519
vt 0.06346546113491058 0.6755359172821045
vt 0.06774327903985977 0.674345850944519
vt 0.0638817548751831 0.6766763925552368
vt 0.06346546113491058 0.6755359172821045
vt 0.05973081663250923 0.6757709383964539
vt 0.06346546113491058 0.6755359172821045
vt 0.05973200872540474 0.6771180033683777
vt 0.06346546113491058 0.6755359172821045
vt 0.0638817548751831 0.6766763925552368
vt 0.05973200872540474 0.6771180033683777
vt 0.05615397170186043 0.6750279068946838
vt 0.05973081663250923 0.6757709383964539
vt 0.05643059313297272 0.6764419078826904
vt 0.05973081663250923 0.6757709383964539
vt 0.05973200872540474 0.6771180033683777
vt 0.05643059313297272 0.6764419078826904
vt 0.05407768860459328 0.672846257686615
vt 0.052676185965538025 0.6725643873214722
vt 0.05342446640133858 0.6693262457847595
vt 0.052676185965538025 0.6725643873214722
vt 0.05207538604736328 0.6693034768104553
vt 0.05342446640133858 0.6693262457847595
vt 0.06593310832977295 0.6726716756820679
vt 0.06303532421588898 0.6744694113731384
vt 0.06490276753902435 0.6717100143432617
vt 0.06303532421588898 0.6744694113731384
vt 0.06250854581594467 0.6731268167495728
vt 0.06490276753902435 0.6717100143432617
vt 0.06593310832977295 0.6726716756820679
vt 0.06490276753902435 0.6717100143432617
vt 0.0677080750465393 0.6697294116020203
vt 0.06490276753902435 0.6717100143432617
vt 0.06629478186368942 0.669356644153595
vt 0.0677080750465393 0.6697294116020203
vt 0.06767421960830688 0.6662842631340027
vt 0.0677080750465393 0.6697294116020203
vt 0.06631038337945938 0.6666405200958252
vt 0.0677080750465393 0.6697294116020203
vt 0.06629478186368942 0.669356644153595
vt 0.06631038337945938 0.6666405200958252
vt 0.06603474915027618 0.663246750831604
vt 0.06767421960830688 0.6662842631340027
vt 0.06498774141073227 0.664271354675293
vt 0.06767421960830688 0.6662842631340027
vt 0.06631038337945938 0.6666405200958252
vt 0.06498774141073227 0.664271354675293
vt 0.06603474915027618 0.663246750831604
vt 0.06498774141073227 0.664271354675293
vt 0.0630360022187233 0.6615465879440308
vt 0.06498774141073227 0.664271354675293
vt 0.06264939904212952 0.6629028916358948
vt 0.0630360022187233 0.6615465879440308
vt 0.0630360022187233 0.6615465879440308
vt 0.06264939904212952 0.6629028916358948
vt 0.05959111452102661 0.661437451839447
vt 0.06264939904212952 0.6629028916358948
vt 0.059931837022304535 0.6628591418266296
vt 0.05959111452102661 0.661437451839447
vt 0.056618914008140564 0.6631442904472351
vt 0.05959111452102661 0.661437451839447
vt 0.05755341053009033 0.6642026901245117
vt 0.05959111452102661 0.661437451839447
vt 0.059931837022304535 0.6628591418266296
vt 0.05755341053009033 0.6642026901245117
vt 0.056618914008140564 0.6631442904472351
vt 0.05755341053009033 0.6642026901245117
vt 0.05476516857743263 0.6659915447235107
vt 0.05755341053009033 0.6642026901245117
vt 0.056100111454725266 0.6665393114089966
vt 0.05476516857743263 0.6659915447235107
vt 0.054528944194316864 0.6693330407142639
vt 0.05476516857743263 0.6659915447235107
vt 0.055963389575481415 0.6693475842475891
vt 0.05476516857743263 0.6659915447235107
vt 0.056100111454725266 0.6665393114089966
vt 0.055963389575481415 0.6693475842475891
vt 0.05540771409869194 0.6727315783500671
vt 0.054528944194316864 0.6693330407142639
vt 0.05713760107755661 0.6719378232955933
vt 0.054528944194316864 0.6693330407142639
vt 0.055963389575481415 0.6693475842475891
vt 0.05713760107755661 0.6719378232955933
vt 0.05635324493050575 0.6736574769020081
vt 0.05713760107755661 0.6719378232955933
vt 0.05969422683119774 0.6746500730514526
vt 0.05713760107755661 0.6719378232955933
vt 0.05973466485738754 0.6732198596000671
vt 0.05969422683119774 0.6746500730514526
vt 0.05969422683119774 0.6746500730514526
vt 0.05973466485738754 0.6732198596000671
vt 0.06303532421588898 0.6744694113731384
vt 0.05973466485738754 0.6732198596000671
vt 0.06250854581594467 0.6731268167495728
vt 0.06303532421588898 0.6744694113731384
vt 0.05973081663250923 0.6757709383964539
vt 0.05615397170186043 0.6750279068946838
vt 0.05969422683119774 0.6746500730514526
vt 0.05615397170186043 0.6750279068946838
vt 0.05635324493050575 0.6736574769020081
vt 0.05969422683119774 0.6746500730514526
vt 0.06346546113491058 0.6755359172821045
vt 0.05973081663250923 0.6757709383964539
vt 0.06303532421588898 0.6744694113731384
vt 0.05973081663250923 0.6757709383964539
vt 0.05969422683119774 0.6746500730514526
vt 0.06303532421588898 0.6744694113731384
vt 0.06676250696182251 0.67340487241745
vt 0.06346546113491058 0.6755359172821045
vt 0.06593310832977295 0.6726716756820679
vt 0.06346546113491058 0.6755359172821045
vt 0.06303532421588898 0.6744694113731384
vt 0.06593310832977295 0.6726716756820679
vt 0.0688268393278122 0.6699846982955933
vt 0.06676250696182251 0.67340487241745
vt 0.0677080750465393 0.6697294116020203
vt 0.06676250696182251 0.67340487241745
vt 0.06593310832977295 0.6726716756820679
vt 0.0677080750465393 0.6697294116020203
vt 0.06873214989900589 0.6659648418426514
vt 0.0688268393278122 0.6699846982955933
vt 0.06767421960830688 0.6662842631340027
vt 0.0688268393278122 0.6699846982955933
vt 0.0677080750465393 0.6697294116020203
vt 0.06767421960830688 0.6662842631340027
vt 0.06682315468788147 0.6624147891998291
vt 0.06873214989900589 0.6659648418426514
vt 0.06603474915027618 0.663246750831604
vt 0.06873214989900589 0.6659648418426514
vt 0.06767421960830688 0.6662842631340027
vt 0.06603474915027618 0.663246750831604
vt 0.06329579651355743 0.6604727506637573
vt 0.06682315468788147 0.6624147891998291
vt 0.0630360022187233 0.6615465879440308
vt 0.06682315468788147 0.6624147891998291
vt 0.06603474915027618 0.663246750831604
vt 0.0630360022187233 0.6615465879440308
vt 0.05927916616201401 0.6603343486785889
vt 0.06329579651355743 0.6604727506637573
vt 0.05959111452102661 0.661437451839447
vt 0.06329579651355743 0.6604727506637573
vt 0.0630360022187233 0.6615465879440308
vt 0.05959111452102661 0.661437451839447
vt 0.05584622919559479 0.6623561978340149
vt 0.05927916616201401 0.6603343486785889
vt 0.056618914008140564 0.6631442904472351
vt 0.05927916616201401 0.6603343486785889
vt 0.05959111452102661 0.661437451839447
vt 0.056618914008140564 0.6631442904472351
vt 0.0536913238465786 0.6656113266944885
vt 0.05584622919559479 0.6623561978340149
vt 0.05476516857743263 0.6659915447235107
vt 0.05584622919559479 0.6623561978340149
vt 0.056618914008140564 0.6631442904472351
vt 0.05476516857743263 0.6659915447235107
vt 0.05342446640133858 0.6693262457847595
vt 0.0536913238465786 0.6656113266944885
vt 0.054528944194316864 0.6693330407142639
vt 0.0536913238465786 0.6656113266944885
vt 0.05476516857743263 0.6659915447235107
vt 0.054528944194316864 0.6693330407142639
vt 0.05407768860459328 0.672846257686615
vt 0.05342446640133858 0.6693262457847595
vt 0.05540771409869194 0.6727315783500671
vt 0.05342446640133858 0.6693262457847595
vt 0.054528944194316864 0.6693330407142639
vt 0.05540771409869194 0.6727315783500671
vt 0.09725434333086014 0.8745185136795044
vt 0.0968698039650917 0.8731139302253723
vt 0.10062580555677414 0.8726593255996704
vt 0.0968698039650917 0.8731139302253723
vt 0.0995943546295166 0.8715699315071106
vt 0.10062580555677414 0.8726593255996704
vt 0.0934387743473053 0.8746183514595032
vt 0.0937514379620552 0.8732194304466248
vt 0.09725434333086014 0.8745185136795044
vt 0.0937514379620552 0.8732194304466248
vt 0.0968698039650917 0.8731139302253723
vt 0.09725434333086014 0.8745185136795044
vt 0.09003183245658875 0.8729404807090759
vt 0.0909532681107521 0.8718922734260559
vt 0.0934387743473053 0.8746183514595032
vt 0.0909532681107521 0.8718922734260559
vt 0.0937514379620552 0.8732194304466248
vt 0.0934387743473053 0.8746183514595032
vt 0.08788776397705078 0.8698592782020569
vt 0.08909884840250015 0.869491457939148
vt 0.09003183245658875 0.8729404807090759
vt 0.08909884840250015 0.869491457939148
vt 0.0909532681107521 0.8718922734260559
vt 0.09003183245658875 0.8729404807090759
vt 0.08795606344938278 0.8661060929298401
vt 0.0893048644065857 0.8664648532867432
vt 0.08788776397705078 0.8698592782020569
vt 0.0893048644065857 0.8664648532867432
vt 0.08909884840250015 0.869491457939148
vt 0.08788776397705078 0.8698592782020569
vt 0.08985447138547897 0.8628168702125549
vt 0.09089227020740509 0.8638056516647339
vt 0.08795606344938278 0.8661060929298401
vt 0.09089227020740509 0.8638056516647339
vt 0.0893048644065857 0.8664648532867432
vt 0.08795606344938278 0.8661060929298401
vt 0.0930810272693634 0.8607779145240784
vt 0.09354259818792343 0.8621590733528137
vt 0.08985447138547897 0.8628168702125549
vt 0.09354259818792343 0.8621590733528137
vt 0.09089227020740509 0.8638056516647339
vt 0.08985447138547897 0.8628168702125549
vt 0.09691699594259262 0.8604480028152466
vt 0.09666561335325241 0.8619270324707031
vt 0.0930810272693634 0.8607779145240784
vt 0.09666561335325241 0.8619270324707031
vt 0.09354259818792343 0.8621590733528137
vt 0.0930810272693634 0.8607779145240784
vt 0.10056214034557343 0.8619594573974609
vt 0.09953117370605469 0.8632098436355591
vt 0.09691699594259262 0.8604480028152466
vt 0.09953117370605469 0.8632098436355591
vt 0.09666561335325241 0.8619270324707031
vt 0.09691699594259262 0.8604480028152466
vt 0.10318441689014435 0.8652133941650391
vt 0.1013408675789833 0.8657733201980591
vt 0.10056214034557343 0.8619594573974609
vt 0.1013408675789833 0.8657733201980591
vt 0.09953117370605469 0.8632098436355591
vt 0.10056214034557343 0.8619594573974609
vt 0.10281471908092499 0.869376003742218
vt 0.10126248002052307 0.8689101934432983
vt 0.10318441689014435 0.8652133941650391
vt 0.10126248002052307 0.8689101934432983
vt 0.1013408675789833 0.8657733201980591
vt 0.10318441689014435 0.8652133941650391
vt 0.10062580555677414 0.8726593255996704
vt 0.0995943546295166 0.8715699315071106
vt 0.10281471908092499 0.869376003742218
vt 0.0995943546295166 0.8715699315071106
vt 0.10126248002052307 0.8689101934432983
vt 0.10281471908092499 0.869376003742218
vt 0.0930810272693634 0.8607779145240784
vt 0.09263167530298233 0.8594465851783752
vt 0.09691699594259262 0.8604480028152466
vt 0.09263167530298233 0.8594465851783752
vt 0.09714528173208237 0.8590212464332581
vt 0.09691699594259262 0.8604480028152466
vt 0.09691699594259262 0.8604480028152466
vt 0.09714528173208237 0.8590212464332581
vt 0.10056214034557343 0.8619594573974609
vt 0.09714528173208237 0.8590212464332581
vt 0.10152632743120193 0.8607314825057983
vt 0.10056214034557343 0.8619594573974609
vt 0.10318441689014435 0.8652133941650391
vt 0.10056214034557343 0.8619594573974609
vt 0.10504407435655594 0.8646485805511475
vt 0.10056214034557343 0.8619594573974609
vt 0.10152632743120193 0.8607314825057983
vt 0.10504407435655594 0.8646485805511475
vt 0.10318441689014435 0.8652133941650391
vt 0.10504407435655594 0.8646485805511475
vt 0.10281471908092499 0.869376003742218
vt 0.10504407435655594 0.8646485805511475
vt 0.10429897904396057 0.8698603510856628
vt 0.10281471908092499 0.869376003742218
vt 0.10062580555677414 0.8726593255996704
vt 0.10281471908092499 0.869376003742218
vt 0.10160903632640839 0.8737182021141052
vt 0.10281471908092499 0.869376003742218
vt 0.10429897904396057 0.8698603510856628
vt 0.10160903632640839 0.8737182021141052
vt 0.09725434333086014 0.8745185136795044
vt 0.10062580555677414 0.8726593255996704
vt 0.09762126207351685 0.8758748173713684
vt 0.10062580555677414 0.8726593255996704
vt 0.10160903632640839 0.8737182021141052
vt 0.09762126207351685 0.8758748173713684
vt 0.09725434333086014 0.8745185136795044
vt 0.09762126207351685 0.8758748173713684
vt 0.0934387743473053 0.8746183514595032
vt 0.09762126207351685 0.8758748173713684
vt 0.09313492476940155 0.8759720325469971
vt 0.0934387743473053 0.8746183514595032
vt 0.0934387743473053 0.8746183514595032
vt 0.09313492476940155 0.8759720325469971
vt 0.09003183245658875 0.8729404807090759
vt 0.09313492476940155 0.8759720325469971
vt 0.08912940323352814 0.8739632368087769
vt 0.09003183245658875 0.8729404807090759
vt 0.08788776397705078 0.8698592782020569
vt 0.09003183245658875 0.8729404807090759
vt 0.08663731068372726 0.8702390789985657
vt 0.09003183245658875 0.8729404807090759
vt 0.08912940323352814 0.8739632368087769
vt 0.08663731068372726 0.8702390789985657
vt 0.08788776397705078 0.8698592782020569
vt 0.08663731068372726 0.8702390789985657
vt 0.08795606344938278 0.8661060929298401
vt 0.08663731068372726 0.8702390789985657
vt 0.08663731068372726 0.8657580018043518
vt 0.08795606344938278 0.8661060929298401
vt 0.08985447138547897 0.8628168702125549
vt 0.08795606344938278 0.8661060929298401
vt 0.08884905278682709 0.8618608117103577
vt 0.08795606344938278 0.8661060929298401
vt 0.08663731068372726 0.8657580018043518
vt 0.08884905278682709 0.8618608117103577
vt 0.0930810272693634 0.8607779145240784
vt 0.08985447138547897 0.8628168702125549
vt 0.09263167530298233 0.8594465851783752
vt 0.08985447138547897 0.8628168702125549
vt 0.08884905278682709 0.8618608117103577
vt 0.09263167530298233 0.8594465851783752
vt 0.05855176970362663 0.8334754705429077
vt 0.06146014481782913 0.8334754705429077
vt 0.058521684259176254 0.8489561676979065
vt 0.06146014481782913 0.8334754705429077
vt 0.06143006309866905 0.8489561676979065
vt 0.058521684259176254 0.8489561676979065
vt 0.055643364787101746 0.8334754705429077
vt 0.05855176970362663 0.8334754705429077
vt 0.055613283067941666 0.8489561676979065
vt 0.05855176970362663 0.8334754705429077
vt 0.058521684259176254 0.8489561676979065
vt 0.055613283067941666 0.8489561676979065
vt 0.05273500457406044 0.8334754705429077
vt 0.055643364787101746 0.8334754705429077
vt 0.05270494148135185 0.8489561676979065
vt 0.055643364787101746 0.8334754705429077
vt 0.055613283067941666 0.8489561676979065
vt 0.05270494148135185 0.8489561676979065
vt 0.04982664808630943 0.8334754705429077
vt 0.05273500457406044 0.8334754705429077
vt 0.049796562641859055 0.8489561676979065
vt 0.05273500457406044 0.8334754705429077
vt 0.05270494148135185 0.8489561676979065
vt 0.049796562641859055 0.8489561676979065
vt 0.04691826552152634 0.8334755301475525
vt 0.04982664808630943 0.8334754705429077
vt 0.04688820242881775 0.8489561676979065
vt 0.04982664808630943 0.8334754705429077
vt 0.049796562641859055 0.8489561676979065
vt 0.04688820242881775 0.8489561676979065
vt 0.04400988295674324 0.8334755301475525
vt 0.04691826552152634 0.8334755301475525
vt 0.04397981986403465 0.8489561676979065
vt 0.04691826552152634 0.8334755301475525
vt 0.04688820242881775 0.8489561676979065
vt 0.04397981986403465 0.8489561676979065
vt 0.04110152646899223 0.8334755301475525
vt 0.04400988295674324 0.8334755301475525
vt 0.04107145965099335 0.8489562273025513
vt 0.04400988295674324 0.8334755301475525
vt 0.04397981986403465 0.8489561676979065
vt 0.04107145965099335 0.8489562273025513
vt 0.03819314390420914 0.8334755301475525
vt 0.04110152646899223 0.8334755301475525
vt 0.03816308081150055 0.8489561676979065
vt 0.04110152646899223 0.8334755301475525
vt 0.04107145965099335 0.8489562273025513
vt 0.03816308081150055 0.8489561676979065
vt 0.035284802317619324 0.8334755301475525
vt 0.03819314390420914 0.8334755301475525
vt 0.035254716873168945 0.8489561676979065
vt 0.03819314390420914 0.8334755301475525
vt 0.03816308081150055 0.8489561676979065
vt 0.035254716873168945 0.8489561676979065
vt 0.03237644210457802 0.8334755301475525
vt 0.035284802317619324 0.8334755301475525
vt 0.03234635666012764 0.8489562273025513
vt 0.035284802317619324 0.8334755301475525
vt 0.035254716873168945 0.8489561676979065
vt 0.03234635666012764 0.8489562273025513
vt 0.029468081891536713 0.8334755301475525
vt 0.03237644210457802 0.8334755301475525
vt 0.029437977820634842 0.8489561676979065
vt 0.03237644210457802 0.8334755301475525
vt 0.03234635666012764 0.8489562273025513
vt 0.029437977820634842 0.8489561676979065
vt 0.026559699326753616 0.8334755301475525
vt 0.029468081891536713 0.8334755301475525
vt 0.026529615744948387 0.8489562273025513
vt 0.029468081891536713 0.8334755301475525
vt 0.029437977820634842 0.8489561676979065
vt 0.026529615744948387 0.8489562273025513
vn 0.9950726614482688 0.015012774659749225 -0.09800517861457472
vn 0.9950726725141789 0.015012763650832208 0.09800506794576481
vn 0.9707645777452123 0.23003087946278236 -0.068570613886262
vn 0.9950726725141789 0.015012763650832208 0.09800506794576481
vn 0.9707645865282275 0.2300308666428308 0.06857053255026889
vn 0.9707645777452123 0.23003087946278236 -0.068570613886262
vn 0 -1 0
vn 0 -1 0
vn 0 -1 0
vn 0 -1 0
vn 0 -1 0
vn 0 -1 0
vn 0 -1 0
vn 0 -1 0
vn 0 -1 0
vn 0 -1 0
vn 0 -1 0
vn 0 -1 0
vn 0 -1 0
vn 0 -1 0
vn 0 -1 0
vn 0 -1 0
vn 0 -1 0
vn 0 -1 0
vn 0 -1 0
vn 0 -1 0
vn 0 -1 0
vn 0 -1 0
vn 0 -1 0
vn 0 -1 0
vn 0 -1 0
vn 0 -1 0
vn 0 -1 0
vn 0 -1 0
vn 0 -1 0
vn 0 -1 0
vn 0 -1 0
vn 0 -1 0
vn 0 -1 0
vn 0 -1 0
vn 0 -1 0
vn 0 -1 0
vn 0 -1 0
vn 0 -1 0
vn 0 -1 0
vn 0 -1 0
vn 0 -1 0
vn 0 -1 0
vn 0 -1 0
vn 0 -1 0
vn 0 -1 0
vn 0 -1 0
vn 0 -1 0
vn 0 -1 0
vn 0 -1 0
vn 0 -1 0
vn 0 -1 0
vn 0 -1 0
vn 0 -1 0
vn 0 -1 0
vn -0.995049434906314 -0.016499003578056434 -0.09800206616983216
vn -0.995049401729762 -0.01649900686721803 0.09800240246870702
vn -0.995049434906314 -0.016499003578056434 -0.09800206616983216
vn -0.995049401729762 -0.01649900686721803 0.09800240246870702
vn -0.995049401729762 -0.01649900686721803 0.09800240246870702
vn -0.995049434906314 -0.016499003578056434 -0.09800206616983216
vn -0.09800240245063627 -0.016499018040046484 0.9950494015462839
vn 0.09800240246870702 -0.01649900686721803 0.995049401729762
vn -0.09800240245063627 -0.016499018040046484 0.9950494015462839
vn 0.09800240246870702 -0.01649900686721803 0.995049401729762
vn 0.09800240246870702 -0.01649900686721803 0.995049401729762
vn -0.09800240245063627 -0.016499018040046484 0.9950494015462839
vn 0.9950494015462841 -0.016499018040046488 0.0980024024506363
vn 0.995049401729762 -0.01649900686721803 -0.09800240246870702
vn 0.9950494015462841 -0.016499018040046488 0.0980024024506363
vn 0.995049401729762 -0.01649900686721803 -0.09800240246870702
vn 0.995049401729762 -0.01649900686721803 -0.09800240246870702
vn 0.9950494015462841 -0.016499018040046488 0.0980024024506363
vn 0.09800205875165757 -0.016499027797896457 -0.995049435235336
vn -0.09800215154883367 -0.016499027760340252 -0.9950494260963938
vn 0.09800205875165757 -0.016499027797896457 -0.995049435235336
vn -0.09800215154883367 -0.016499027760340252 -0.9950494260963938
vn -0.09800215154883367 -0.016499027760340252 -0.9950494260963938
vn 0.09800205875165757 -0.016499027797896457 -0.995049435235336
vn 0.995049401729762 -0.01649900686721803 -0.09800240246870702
vn 0.9237141437851171 -0.01901929231471724 -0.38261004572694574
vn 0.995049401729762 -0.01649900686721803 -0.09800240246870702
vn 0.9237141437851171 -0.01901929231471724 -0.38261004572694574
vn 0.9237141437851171 -0.01901929231471724 -0.38261004572694574
vn 0.995049401729762 -0.01649900686721803 -0.09800240246870702
vn 0.9237141437851171 -0.01901929231471724 -0.38261004572694574
vn 0.7069611605836509 -0.020285407243248937 -0.7069613990022319
vn 0.9237141437851171 -0.01901929231471724 -0.38261004572694574
vn 0.7069611605836509 -0.020285407243248937 -0.7069613990022319
vn 0.7069611605836509 -0.020285407243248937 -0.7069613990022319
vn 0.9237141437851171 -0.01901929231471724 -0.38261004572694574
vn 0.7069611605836509 -0.020285407243248937 -0.7069613990022319
vn 0.38260955000353364 -0.019019300307928706 -0.9237143489531221
vn 0.7069611605836509 -0.020285407243248937 -0.7069613990022319
vn 0.38260955000353364 -0.019019300307928706 -0.9237143489531221
vn 0.38260955000353364 -0.019019300307928706 -0.9237143489531221
vn 0.7069611605836509 -0.020285407243248937 -0.7069613990022319
vn 0.38260955000353364 -0.019019300307928706 -0.9237143489531221
vn 0.09800205875165757 -0.016499027797896457 -0.995049435235336
vn 0.38260955000353364 -0.019019300307928706 -0.9237143489531221
vn 0.09800205875165757 -0.016499027797896457 -0.995049435235336
vn 0.09800205875165757 -0.016499027797896457 -0.995049435235336
vn 0.38260955000353364 -0.019019300307928706 -0.9237143489531221
vn -0.995049434906314 -0.016499003578056434 -0.09800206616983216
vn -0.9237142877056675 -0.0190192909608774 -0.3826096983346826
vn -0.995049434906314 -0.016499003578056434 -0.09800206616983216
vn -0.9237142877056675 -0.0190192909608774 -0.3826096983346826
vn -0.9237142877056675 -0.0190192909608774 -0.3826096983346826
vn -0.995049434906314 -0.016499003578056434 -0.09800206616983216
vn -0.9237142877056675 -0.0190192909608774 -0.3826096983346826
vn -0.7069611904249575 -0.02028540452658042 -0.7069613692388858
vn -0.9237142877056675 -0.0190192909608774 -0.3826096983346826
vn -0.7069611904249575 -0.02028540452658042 -0.7069613692388858
vn -0.7069611904249575 -0.02028540452658042 -0.7069613692388858
vn -0.9237142877056675 -0.0190192909608774 -0.3826096983346826
vn -0.7069611904249575 -0.02028540452658042 -0.7069613692388858
vn -0.3826096815617221 -0.019019299821518752 -0.9237142944707183
vn -0.7069611904249575 -0.02028540452658042 -0.7069613692388858
vn -0.3826096815617221 -0.019019299821518752 -0.9237142944707183
vn -0.3826096815617221 -0.019019299821518752 -0.9237142944707183
vn -0.7069611904249575 -0.02028540452658042 -0.7069613692388858
vn -0.3826096815617221 -0.019019299821518752 -0.9237142944707183
vn -0.09800215154883367 -0.016499027760340252 -0.9950494260963938
vn -0.3826096815617221 -0.019019299821518752 -0.9237142944707183
vn -0.09800215154883367 -0.016499027760340252 -0.9950494260963938
vn -0.09800215154883367 -0.016499027760340252 -0.9950494260963938
vn -0.3826096815617221 -0.019019299821518752 -0.9237142944707183
vn 0.09800240246870702 -0.01649900686721803 0.995049401729762
vn 0.38260992290314616 -0.01901929213504217 0.9237141946634416
vn 0.09800240246870702 -0.01649900686721803 0.995049401729762
vn 0.38260992290314616 -0.01901929213504217 0.9237141946634416
vn 0.38260992290314616 -0.01901929213504217 0.9237141946634416
vn 0.09800240246870702 -0.01649900686721803 0.995049401729762
vn 0.38260992290314616 -0.01901929213504217 0.9237141946634416
vn 0.7069612797128149 -0.020285412828885293 0.7069612797128149
vn 0.38260992290314616 -0.01901929213504217 0.9237141946634416
vn 0.7069612797128149 -0.020285412828885293 0.7069612797128149
vn 0.7069612797128149 -0.020285412828885293 0.7069612797128149
vn 0.38260992290314616 -0.01901929213504217 0.9237141946634416
vn 0.7069612797128149 -0.020285412828885293 0.7069612797128149
vn 0.9237141943689284 -0.019019308892784005 0.3826099227811564
vn 0.7069612797128149 -0.020285412828885293 0.7069612797128149
vn 0.9237141943689284 -0.019019308892784005 0.3826099227811564
vn 0.9237141943689284 -0.019019308892784005 0.3826099227811564
vn 0.7069612797128149 -0.020285412828885293 0.7069612797128149
vn 0.9237141943689284 -0.019019308892784005 0.3826099227811564
vn 0.9950494015462841 -0.016499018040046488 0.0980024024506363
vn 0.9237141943689284 -0.019019308892784005 0.3826099227811564
vn 0.9950494015462841 -0.016499018040046488 0.0980024024506363
vn 0.9950494015462841 -0.016499018040046488 0.0980024024506363
vn 0.9237141943689284 -0.019019308892784005 0.3826099227811564
vn -0.995049401729762 -0.01649900686721803 0.09800240246870702
vn -0.9237141946634416 -0.01901929213504217 0.38260992290314616
vn -0.995049401729762 -0.01649900686721803 0.09800240246870702
vn -0.9237141946634416 -0.01901929213504217 0.38260992290314616
vn -0.9237141946634416 -0.01901929213504217 0.38260992290314616
vn -0.995049401729762 -0.01649900686721803 0.09800240246870702
vn -0.9237141946634416 -0.01901929213504217 0.38260992290314616
vn -0.7069612797128149 -0.020285412828885293 0.7069612797128149
vn -0.9237141946634416 -0.01901929213504217 0.38260992290314616
vn -0.7069612797128149 -0.020285412828885293 0.7069612797128149
vn -0.7069612797128149 -0.020285412828885293 0.7069612797128149
vn -0.9237141946634416 -0.01901929213504217 0.38260992290314616
vn -0.7069612797128149 -0.020285412828885293 0.7069612797128149
vn -0.3826099227811564 -0.019019308892784005 0.9237141943689284
vn -0.7069612797128149 -0.020285412828885293 0.7069612797128149
vn -0.3826099227811564 -0.019019308892784005 0.9237141943689284
vn -0.3826099227811564 -0.019019308892784005 0.9237141943689284
vn -0.7069612797128149 -0.020285412828885293 0.7069612797128149
vn 0.9962013159561047 -0.0000010351337565786826 0.08708006710065024
vn 0.927919485039019 0 0.37278067182315355
vn 0.9962013159561047 -0.0000010351337565786826 0.08708006710065024
vn 0.927919485039019 0 0.37278067182315355
vn 0.927919485039019 0 0.37278067182315355
vn 0.9962013159561047 -0.0000010351337565786826 0.08708006710065024
vn 0 1 0
vn 0 1 0
vn 0 1 0
vn 0 1 0
vn 0 1 0
vn 0 1 0
vn 0.9999998325807293 -0.00000206229858653173 -0.000578648650161666
vn 0.9999998325807293 -0.00000206229858653173 -0.000578648650161666
vn 0.9962013159561047 -0.0000010351337565786826 0.08708006710065024
vn 0.9999998325807293 -0.00000206229858653173 -0.000578648650161666
vn 0.9999998325807293 -0.00000206229858653173 -0.000578648650161666
vn 0.9962013159561047 -0.0000010351337565786826 0.08708006710065024
vn 0.9999998325807293 -0.00000206229858653173 -0.000578648650161666
vn 0.9999998325807293 -0.00000206229858653173 -0.000578648650161666
vn 0.9962013159561047 -0.0000010351337565786826 0.08708006710065024
vn 0.9999998325807293 -0.00000206229858653173 -0.000578648650161666
vn 0.9999998325807293 -0.00000206229858653173 -0.000578648650161666
vn 0.9962013159561047 -0.0000010351337565786826 0.08708006710065024
vn 0.9999998325807293 -0.00000206229858653173 -0.000578648650161666
vn 0.9999998325807293 -0.00000206229858653173 -0.000578648650161666
vn 0.9962013159561047 -0.0000010351337565786826 0.08708006710065024
vn 0.9999998325807293 -0.00000206229858653173 -0.000578648650161666
vn 0.9962013159561047 -0.0000010351337565786826 0.08708006710065024
vn 0.9962013159561047 -0.0000010351337565786826 0.08708006710065024
vn 0 1 0
vn 0 1 0
vn 0 1 0
vn 0 1 0
vn 0 1 0
vn 0 1 0
vn 0 1 0
vn 0 1 0
vn 0 1 0
vn 0 1 0
vn 0 1 0
vn 0 1 0
vn 0.927919485039019 0 0.37278067182315355
vn 0.7071067811865476 0 0.7071067811865476
vn 0.927919485039019 0 0.37278067182315355
vn 0.7071067811865476 0 0.7071067811865476
vn 0.7071067811865476 0 0.7071067811865476
vn 0.927919485039019 0 0.37278067182315355
vn 0 1 0
vn 0 1 0
vn 0 1 0
vn 0 1 0
vn 0 1 0
vn 0 1 0
vn 0.3727804972403005 0 0.927919555175595
vn 0.3727804972403005 0 0.927919555175595
vn 0.7071067811865476 0 0.7071067811865476
vn 0.3727804972403005 0 0.927919555175595
vn 0.7071067811865476 0 0.7071067811865476
vn 0.7071067811865476 0 0.7071067811865476
vn 0 1 0
vn 0 1 0
vn 0 1 0
vn 0 1 0
vn 0 1 0
vn 0 1 0
vn 0.3727804972403005 0 0.927919555175595
vn 0.08736811329605945 0 0.9961760952658354
vn 0.3727804972403005 0 0.927919555175595
vn 0.08736811329605945 0 0.9961760952658354
vn 0.08736811329605945 0 0.9961760952658354
vn 0.3727804972403005 0 0.927919555175595
vn 0 1 0
vn 0 1 0
vn 0 1 0
vn 0 1 0
vn 0 1 0
vn 0 1 0
vn 0.061441544830798084 0.22517922912271113 0.9723781421548442
vn -0.06144160792165102 0.22517922824651837 0.9723781383712328
vn 0.08736811329605945 0 0.9961760952658354
vn -0.06144160792165102 0.22517922824651837 0.9723781383712328
vn -0.08736820422663412 0 0.9961760872909032
vn 0.08736811329605945 0 0.9961760952658354
vn 0 1 0
vn 0 1 0
vn 0 1 0
vn 0 1 0
vn 0 1 0
vn 0 1 0
vn -0.08736820422663412 0 0.9961760872909032
vn -0.3727805948406619 0 0.9279195159658201
vn -0.08736820422663412 0 0.9961760872909032
vn -0.3727805948406619 0 0.9279195159658201
vn -0.3727805948406619 0 0.9279195159658201
vn -0.08736820422663412 0 0.9961760872909032
vn 0 1 0
vn 0 1 0
vn 0 1 0
vn 0 1 0
vn 0 1 0
vn 0 1 0
vn -0.7071067811865476 0 0.7071067811865476
vn -0.7071067811865476 0 0.7071067811865476
vn -0.3727805948406619 0 0.9279195159658201
vn -0.7071067811865476 0 0.7071067811865476
vn -0.3727805948406619 0 0.9279195159658201
vn -0.3727805948406619 0 0.9279195159658201
vn 0 1 0
vn 0 1 0
vn 0 1 0
vn 0 1 0
vn 0 1 0
vn 0 1 0
vn -0.7071067811865476 0 0.7071067811865476
vn -0.927919485039019 0 0.37278067182315355
vn -0.7071067811865476 0 0.7071067811865476
vn -0.927919485039019 0 0.37278067182315355
vn -0.927919485039019 0 0.37278067182315355
vn -0.7071067811865476 0 0.7071067811865476
vn 0 1 0
vn 0 1 0
vn 0 1 0
vn 0 1 0
vn 0 1 0
vn 0 1 0
vn -0.927919485039019 0 0.37278067182315355
vn -0.9743572116439215 0.2168186243869279 0.06014738761112198
vn -0.927919485039019 0 0.37278067182315355
vn -0.9743572116439215 0.2168186243869279 0.06014738761112198
vn -0.9962013172493033 0 0.08708005231253055
vn -0.927919485039019 0 0.37278067182315355
vn 0 1 0
vn 0 1 0
vn 0 1 0
vn 0 1 0
vn 0 1 0
vn 0 1 0
vn -0.9743572116439215 0.2168186243869279 0.06014738761112198
vn -0.9452807183886296 0.3262543635708216 -0.0015664270408927245
vn -0.9962013172493033 0 0.08708005231253055
vn -0.9452807183886296 0.3262543635708216 -0.0015664270408927245
vn -0.999999832565543 0 -0.0005786785688909284
vn -0.9962013172493033 0 0.08708005231253055
vn -0.999999832565543 0 -0.0005786785688909284
vn -0.999999832565543 0 -0.0005786785688909284
vn -0.9962013172493033 0 0.08708005231253055
vn -0.999999832565543 0 -0.0005786785688909284
vn -0.999999832565543 0 -0.0005786785688909284
vn -0.9962013172493033 0 0.08708005231253055
vn -0.999999832565543 0 -0.0005786785688909284
vn -0.999999832565543 0 -0.0005786785688909284
vn -0.9962013172493033 0 0.08708005231253055
vn -0.999999832565543 0 -0.0005786785688909284
vn -0.999999832565543 0 -0.0005786785688909284
vn -0.9962013172493033 0 0.08708005231253055
vn 0 1 0
vn 0 1 0
vn 0 1 0
vn 0 1 0
vn 0 1 0
vn 0 1 0
vn 0 1 0
vn 0 1 0
vn 0 1 0
vn 0 1 0
vn 0 1 0
vn 0 1 0
vn 0 1 0
vn 0 1 0
vn 0 1 0
vn 0 1 0
vn 0 1 0
vn 0 1 0
vn -0.7071067215818992 0 -0.7071068407911908
vn -0.3826832677251195 0 -0.9238796007073781
vn -0.7071067215818992 0 -0.7071068407911908
vn -0.3826832677251195 0 -0.9238796007073781
vn -0.3826832677251195 0 -0.9238796007073781
vn -0.7071067215818992 0 -0.7071068407911908
vn 4.724623491278581e-8 0.9951846503599197 0.09801791513801118
vn 0 1 0
vn 4.724623491278581e-8 0.9951846503599197 0.09801791513801118
vn 0 1 0
vn 0 1 0
vn 4.724623491278581e-8 0.9951846503599197 0.09801791513801118
vn -0.9238795814417777 0 -0.38268331423641383
vn -0.7071067215818992 0 -0.7071068407911908
vn -0.9238795814417777 0 -0.38268331423641383
vn -0.7071067215818992 0 -0.7071068407911908
vn -0.7071067215818992 0 -0.7071068407911908
vn -0.9238795814417777 0 -0.38268331423641383
vn 0 1 0
vn 0 1 0
vn 0 1 0
vn 0 1 0
vn 0 1 0
vn 0 1 0
vn -0.9951847228829044 0 -0.0980171788028852
vn -0.9238795814417777 0 -0.38268331423641383
vn -0.9951847228829044 0 -0.0980171788028852
vn -0.9238795814417777 0 -0.38268331423641383
vn -0.9238795814417777 0 -0.38268331423641383
vn -0.9951847228829044 0 -0.0980171788028852
vn 0 1 0
vn 0 1 0
vn 0 1 0
vn 0 1 0
vn 0 1 0
vn 0 1 0
vn 0.9238795814417777 0 -0.38268331423641383
vn 0.9951847228829044 0 -0.0980171788028852
vn 0.9238795814417777 0 -0.38268331423641383
vn 0.9951847228829044 0 -0.0980171788028852
vn 0.9951847228829044 0 -0.0980171788028852
vn 0.9238795814417777 0 -0.38268331423641383
vn 0 1 0
vn 0 1 0
vn 0 1 0
vn 0 1 0
vn 0 1 0
vn 0 1 0
vn 0.7071067215818992 0 -0.7071068407911908
vn 0.9238795814417777 0 -0.38268331423641383
vn 0.7071067215818992 0 -0.7071068407911908
vn 0.9238795814417777 0 -0.38268331423641383
vn 0.9238795814417777 0 -0.38268331423641383
vn 0.7071067215818992 0 -0.7071068407911908
vn 0 1 0
vn 0 1 0
vn 0 1 0
vn 0 1 0
vn 0 1 0
vn 0 1 0
vn 0.3826832677251195 0 -0.9238796007073781
vn 0.7071067215818992 0 -0.7071068407911908
vn 0.3826832677251195 0 -0.9238796007073781
vn 0.7071067215818992 0 -0.7071068407911908
vn 0.7071067215818992 0 -0.7071068407911908
vn 0.3826832677251195 0 -0.9238796007073781
vn 0 1 0
vn 0 1 0
vn 0 1 0
vn 0 1 0
vn 0 1 0
vn 0 1 0
vn 0.09801720831888569 0 -0.9951847199758306
vn 0.3826832677251195 0 -0.9238796007073781
vn 0.09801720831888569 0 -0.9951847199758306
vn 0.3826832677251195 0 -0.9238796007073781
vn 0.3826832677251195 0 -0.9238796007073781
vn 0.09801720831888569 0 -0.9951847199758306
vn 0 1 0
vn 0 1 0
vn 0 1 0
vn 0 1 0
vn 0 1 0
vn 0 1 0
vn -0.09801720831888569 0 -0.9951847199758306
vn 0.09801720831888569 0 -0.9951847199758306
vn -0.09801720831888569 0 -0.9951847199758306
vn 0.09801720831888569 0 -0.9951847199758306
vn 0.09801720831888569 0 -0.9951847199758306
vn -0.09801720831888569 0 -0.9951847199758306
vn 0 1 0
vn 0 1 0
vn 0 1 0
vn 0 1 0
vn 0 1 0
vn 0 1 0
vn -0.3826832677251195 0 -0.9238796007073781
vn -0.09801720831888569 0 -0.9951847199758306
vn -0.3826832677251195 0 -0.9238796007073781
vn -0.09801720831888569 0 -0.9951847199758306
vn -0.09801720831888569 0 -0.9951847199758306
vn -0.3826832677251195 0 -0.9238796007073781
vn 0 1 0
vn 0 1 0
vn 0 1 0
vn 0 1 0
vn 0 1 0
vn 0 1 0
vn 0 -1 0
vn 0 -1 0
vn 0 -1 0
vn 0 -1 0
vn 0 -1 0
vn 0 -1 0
vn 0 1 0
vn 0 1 0
vn -6.301905762423239e-8 0.9951846474528232 0.0980179446540069
vn 0 1 0
vn -6.301905762423239e-8 0.9951846474528232 0.0980179446540069
vn -6.301905762423239e-8 0.9951846474528232 0.0980179446540069
vn 0 -1 0
vn 0 -1 0
vn 0 -1 0
vn 0 -1 0
vn 0 -1 0
vn 0 -1 0
vn -3.1959964742149743e-7 0.09801728948788073 0.9951847119813222
vn -3.648239649014344e-7 0.38268232727231954 0.9238799902548536
vn -3.1959964742149743e-7 0.09801728948788073 0.9951847119813222
vn -3.648239649014344e-7 0.38268232727231954 0.9238799902548536
vn -3.648239649014344e-7 0.38268232727231954 0.9238799902548536
vn -3.1959964742149743e-7 0.09801728948788073 0.9951847119813222
vn -3.407703474025636e-7 0.7071077646624367 0.7071057977092085
vn -3.407703474025636e-7 0.7071077646624367 0.7071057977092085
vn -3.648239649014344e-7 0.38268232727231954 0.9238799902548536
vn -3.407703474025636e-7 0.7071077646624367 0.7071057977092085
vn -3.648239649014344e-7 0.38268232727231954 0.9238799902548536
vn -3.648239649014344e-7 0.38268232727231954 0.9238799902548536
vn -2.004631476910341e-7 0.9238802762426754 0.3826816368336972
vn -2.004631476910341e-7 0.9238802762426754 0.3826816368336972
vn -3.407703474025636e-7 0.7071077646624367 0.7071057977092085
vn -2.004631476910341e-7 0.9238802762426754 0.3826816368336972
vn -3.407703474025636e-7 0.7071077646624367 0.7071057977092085
vn -3.407703474025636e-7 0.7071077646624367 0.7071057977092085
vn -6.301905762423239e-8 0.9951846474528232 0.0980179446540069
vn -6.301905762423239e-8 0.9951846474528232 0.0980179446540069
vn -2.004631476910341e-7 0.9238802762426754 0.3826816368336972
vn -6.301905762423239e-8 0.9951846474528232 0.0980179446540069
vn -2.004631476910341e-7 0.9238802762426754 0.3826816368336972
vn -2.004631476910341e-7 0.9238802762426754 0.3826816368336972
vn 1 0 0
vn 1 0 0
vn 1 0 0
vn 1 0 0
vn 1 0 0
vn 1 0 0
vn 1 0 0
vn 1 0 0
vn 1 0 0
vn 1 0 0
vn 1 0 0
vn 1 0 0
vn 1 0 0
vn 1 0 0
vn 1 0 0
vn 1 0 0
vn 1 0 0
vn 1 0 0
vn 1 0 0
vn 1 0 0
vn 1 0 0
vn 1 0 0
vn 0.9951847039869088 0 0.09801737065688382
vn 1 0 0
vn 0.9951847039869088 0 0.09801737065688382
vn 0.9951847039869088 0 0.09801737065688382
vn 1 0 0
vn 0.9951847039869088 0 0.09801737065688382
vn 1 0 0
vn 1 0 0
vn -4.884693878896455e-8 -0.9238802762426929 -0.38268163683370443
vn 0 -0.9951846474528252 -0.0980179446540071
vn -4.884693878896455e-8 -0.9238802762426929 -0.38268163683370443
vn 0 -0.9951846474528252 -0.0980179446540071
vn 0 -0.9951846474528252 -0.0980179446540071
vn -4.884693878896455e-8 -0.9238802762426929 -0.38268163683370443
vn 0 -0.9951846474528252 -0.0980179446540071
vn 0 -1 0
vn 0 -0.9951846474528252 -0.0980179446540071
vn 0 -1 0
vn 0 -1 0
vn 0 -0.9951846474528252 -0.0980179446540071
vn 0 1 0
vn -3.3810085650942484e-8 0.9951845481925197 -0.09801895244721501
vn 0 1 0
vn -3.3810085650942484e-8 0.9951845481925197 -0.09801895244721501
vn -3.3810085650942484e-8 0.9951845481925197 -0.09801895244721501
vn 0 1 0
vn -3.3810085650942484e-8 0.9951845481925197 -0.09801895244721501
vn 1.4540537556641984e-8 0.9238797954812628 -0.38268279749879
vn -3.3810085650942484e-8 0.9951845481925197 -0.09801895244721501
vn 1.4540537556641984e-8 0.9238797954812628 -0.38268279749879
vn 1.4540537556641984e-8 0.9238797954812628 -0.38268279749879
vn -3.3810085650942484e-8 0.9951845481925197 -0.09801895244721501
vn 1.4540537556641984e-8 0.9238797954812628 -0.38268279749879
vn 4.884704635544864e-8 0.7071080924875384 -0.7071054698831234
vn 1.4540537556641984e-8 0.9238797954812628 -0.38268279749879
vn 4.884704635544864e-8 0.7071080924875384 -0.7071054698831234
vn 4.884704635544864e-8 0.7071080924875384 -0.7071054698831234
vn 1.4540537556641984e-8 0.9238797954812628 -0.38268279749879
vn 4.884704635544864e-8 0.7071080924875384 -0.7071054698831234
vn 0 0.38268282293667716 -0.9238797849445651
vn 4.884704635544864e-8 0.7071080924875384 -0.7071054698831234
vn 0 0.38268282293667716 -0.9238797849445651
vn 0 0.38268282293667716 -0.9238797849445651
vn 4.884704635544864e-8 0.7071080924875384 -0.7071054698831234
vn 0 0.38268282293667716 -0.9238797849445651
vn -8.665078664415102e-8 0.09801714928688407 -0.9951847257899736
vn 0 0.38268282293667716 -0.9238797849445651
vn -8.665078664415102e-8 0.09801714928688407 -0.9951847257899736
vn -8.665078664415102e-8 0.09801714928688407 -0.9951847257899736
vn 0 0.38268282293667716 -0.9238797849445651
vn -8.665078664415102e-8 0.09801714928688407 -0.9951847257899736
vn -1.7163659873620931e-7 -0.09801728948788428 -0.9951847119813582
vn -8.665078664415102e-8 0.09801714928688407 -0.9951847257899736
vn -1.7163659873620931e-7 -0.09801728948788428 -0.9951847119813582
vn -1.7163659873620931e-7 -0.09801728948788428 -0.9951847119813582
vn -8.665078664415102e-8 0.09801714928688407 -0.9951847257899736
vn -1.7163659873620931e-7 -0.09801728948788428 -0.9951847119813582
vn -8.623350734426867e-8 -0.38268245009731056 -0.923879939379307
vn -1.7163659873620931e-7 -0.09801728948788428 -0.9951847119813582
vn -8.623350734426867e-8 -0.38268245009731056 -0.923879939379307
vn -8.623350734426867e-8 -0.38268245009731056 -0.923879939379307
vn -1.7163659873620931e-7 -0.09801728948788428 -0.9951847119813582
vn -8.623350734426867e-8 -0.38268245009731056 -0.923879939379307
vn -4.8847012322301924e-8 -0.7071078838715876 -0.7071056784997862
vn -8.623350734426867e-8 -0.38268245009731056 -0.923879939379307
vn -4.8847012322301924e-8 -0.7071078838715876 -0.7071056784997862
vn -4.8847012322301924e-8 -0.7071078838715876 -0.7071056784997862
vn -8.623350734426867e-8 -0.38268245009731056 -0.923879939379307
vn -4.8847012322301924e-8 -0.7071078838715876 -0.7071056784997862
vn -4.884693878896455e-8 -0.9238802762426929 -0.38268163683370443
vn -4.8847012322301924e-8 -0.7071078838715876 -0.7071056784997862
vn -4.884693878896455e-8 -0.9238802762426929 -0.38268163683370443
vn -4.884693878896455e-8 -0.9238802762426929 -0.38268163683370443
vn -4.8847012322301924e-8 -0.7071078838715876 -0.7071056784997862
vn 0.9951847039869088 0 0.09801737065688382
vn 0.9951847039869088 0 0.09801737065688382
vn 0.9238795392949354 0 0.3826834159879129
vn 0.9951847039869088 0 0.09801737065688382
vn 0.9238795392949354 0 0.3826834159879129
vn 0.9238795392949354 0 0.3826834159879129
vn 0 1 0
vn 0 1 0
vn 0 1 0
vn 0 1 0
vn 0 1 0
vn 0 1 0
vn 0 -1 0
vn 0 -1 0
vn 0 -1 0
vn 0 -1 0
vn 0 -1 0
vn 0 -1 0
vn 0.9238795392949354 0 0.3826834159879129
vn 0.9238795392949354 0 0.3826834159879129
vn 0.7071070196050704 0 0.7071065427679443
vn 0.9238795392949354 0 0.3826834159879129
vn 0.7071070196050704 0 0.7071065427679443
vn 0.7071070196050704 0 0.7071065427679443
vn 0 1 0
vn 0 1 0
vn 0 1 0
vn 0 1 0
vn 0 1 0
vn 0 1 0
vn 0 -1 0
vn 0 -1 0
vn 0 -1 0
vn 0 -1 0
vn 0 -1 0
vn 0 -1 0
vn 0.7071070196050704 0 0.7071065427679443
vn 0.7071070196050704 0 0.7071065427679443
vn 0.38268333967428986 0 0.9238795709050677
vn 0.7071070196050704 0 0.7071065427679443
vn 0.38268333967428986 0 0.9238795709050677
vn 0.38268333967428986 0 0.9238795709050677
vn 0 1 0
vn 0 1 0
vn 0 1 0
vn 0 1 0
vn 0 1 0
vn 0 1 0
vn 0 -1 0
vn 0 -1 0
vn 0 -1 0
vn 0 -1 0
vn 0 -1 0
vn 0 -1 0
vn 0.38268333967428986 0 0.9238795709050677
vn 0.38268333967428986 0 0.9238795709050677
vn 0.0980169531836062 0 0.9951847451044468
vn 0.38268333967428986 0 0.9238795709050677
vn 0.0980169531836062 0 0.9951847451044468
vn 0.0980169531836062 0 0.9951847451044468
vn 0 1 0
vn 0 1 0
vn 0 1 0
vn 0 1 0
vn 0 1 0
vn 0 1 0
vn 0 -1 0
vn 0 -1 0
vn 0 -1 0
vn 0 -1 0
vn 0 -1 0
vn 0 -1 0
vn 0.0980169531836062 0 0.9951847451044468
vn 0.0980169531836062 0 0.9951847451044468
vn -0.0980169531836062 0 0.9951847451044468
vn 0.0980169531836062 0 0.9951847451044468
vn -0.0980169531836062 0 0.9951847451044468
vn -0.0980169531836062 0 0.9951847451044468
vn 0 1 0
vn 0 1 0
vn 0 1 0
vn 0 1 0
vn 0 1 0
vn 0 1 0
vn 0 -1 0
vn 0 -1 0
vn 0 -1 0
vn 0 -1 0
vn 0 -1 0
vn 0 -1 0
vn -0.0980169531836062 0 0.9951847451044468
vn -0.0980169531836062 0 0.9951847451044468
vn -0.38268333967428986 0 0.9238795709050677
vn -0.0980169531836062 0 0.9951847451044468
vn -0.38268333967428986 0 0.9238795709050677
vn -0.38268333967428986 0 0.9238795709050677
vn 0 1 0
vn 0 1 0
vn 0 1 0
vn 0 1 0
vn 0 1 0
vn 0 1 0
vn 0 -1 0
vn 0 -1 0
vn 0 -1 0
vn 0 -1 0
vn 0 -1 0
vn 0 -1 0
vn -0.38268333967428986 0 0.9238795709050677
vn -0.38268333967428986 0 0.9238795709050677
vn -0.7071070196050704 0 0.7071065427679443
vn -0.38268333967428986 0 0.9238795709050677
vn -0.7071070196050704 0 0.7071065427679443
vn -0.7071070196050704 0 0.7071065427679443
vn 0 1 0
vn 0 1 0
vn 0 1 0
vn 0 1 0
vn 0 1 0
vn 0 1 0
vn 0 -1 0
vn 0 -1 0
vn 0 -1 0
vn 0 -1 0
vn 0 -1 0
vn 0 -1 0
vn -0.7071070196050704 0 0.7071065427679443
vn -0.7071070196050704 0 0.7071065427679443
vn -0.9238795392949354 0 0.3826834159879129
vn -0.7071070196050704 0 0.7071065427679443
vn -0.9238795392949354 0 0.3826834159879129
vn -0.9238795392949354 0 0.3826834159879129
vn 0 1 0
vn 0 1 0
vn 0 1 0
vn 0 1 0
vn 0 1 0
vn 0 1 0
vn 0 -1 0
vn 0 -1 0
vn 0 -1 0
vn 0 -1 0
vn 0 -1 0
vn 0 -1 0
vn -0.9238795392949354 0 0.3826834159879129
vn -0.9238795392949354 0 0.3826834159879129
vn -0.9951847039869088 0 0.09801737065688382
vn -0.9238795392949354 0 0.3826834159879129
vn -0.9951847039869088 0 0.09801737065688382
vn -0.9951847039869088 0 0.09801737065688382
vn 0 1 0
vn 0 1 0
vn 0 1 0
vn 0 1 0
vn 0 1 0
vn 0 1 0
vn 0 -1 0
vn 0 -1 0
vn 0 -1 0
vn 0 -1 0
vn 0 -1 0
vn 0 -1 0
vn -1 0 0
vn -1 0 0
vn -1 0 0
vn -1 0 0
vn -0.9951847039869088 0 0.09801737065688382
vn -1 0 0
vn -0.9951847039869088 0 0.09801737065688382
vn -0.9951847039869088 0 0.09801737065688382
vn -1 0 0
vn -0.9951847039869088 0 0.09801737065688382
vn -1 0 0
vn -1 0 0
vn -1 0 0
vn -1 0 0
vn -1 0 0
vn -1 0 0
vn -1 0 0
vn -1 0 0
vn -1 0 0
vn -1 0 0
vn -1 0 0
vn -1 0 0
vn -1 0 0
vn -1 0 0
vn -1 0 0
vn -1 0 0
vn -1 0 0
vn -1 0 0
vn -1 0 0
vn -1 0 0
vn 7.310544519921339e-8 -0.7071078838715865 -0.7071056784997851
vn 7.310537028942446e-8 -0.382682450097311 -0.9238799393793081
vn 7.310544519921339e-8 -0.7071078838715865 -0.7071056784997851
vn 7.310537028942446e-8 -0.382682450097311 -0.9238799393793081
vn 7.310537028942446e-8 -0.382682450097311 -0.9238799393793081
vn 7.310544519921339e-8 -0.7071078838715865 -0.7071056784997851
vn 7.310537028942446e-8 -0.382682450097311 -0.9238799393793081
vn 8.665078544183511e-8 -0.09801728948788538 -0.9951847119813693
vn 7.310537028942446e-8 -0.382682450097311 -0.9238799393793081
vn 8.665078544183511e-8 -0.09801728948788538 -0.9951847119813693
vn 8.665078544183511e-8 -0.09801728948788538 -0.9951847119813693
vn 7.310537028942446e-8 -0.382682450097311 -0.9238799393793081
vn 8.665078544183511e-8 -0.09801728948788538 -0.9951847119813693
vn 1.716366153285938e-7 0.098017149286883 -0.9951847257899629
vn 8.665078544183511e-8 -0.09801728948788538 -0.9951847119813693
vn 1.716366153285938e-7 0.098017149286883 -0.9951847257899629
vn 1.716366153285938e-7 0.098017149286883 -0.9951847257899629
vn 8.665078544183511e-8 -0.09801728948788538 -0.9951847119813693
vn 1.716366153285938e-7 0.098017149286883 -0.9951847257899629
vn 8.623353247808844e-8 0.3826828229366757 -0.9238797849445616
vn 1.716366153285938e-7 0.098017149286883 -0.9951847257899629
vn 8.623353247808844e-8 0.3826828229366757 -0.9238797849445616
vn 8.623353247808844e-8 0.3826828229366757 -0.9238797849445616
vn 1.716366153285938e-7 0.098017149286883 -0.9951847257899629
vn 8.623353247808844e-8 0.3826828229366757 -0.9238797849445616
vn 0 0.7071080924875391 -0.7071054698831242
vn 8.623353247808844e-8 0.3826828229366757 -0.9238797849445616
vn 0 0.7071080924875391 -0.7071054698831242
vn 0 0.7071080924875391 -0.7071054698831242
vn 8.623353247808844e-8 0.3826828229366757 -0.9238797849445616
vn 0 0.7071080924875391 -0.7071054698831242
vn -1.7153217387809963e-8 0.9238797954812625 -0.38268279749878986
vn 0 0.7071080924875391 -0.7071054698831242
vn -1.7153217387809963e-8 0.9238797954812625 -0.38268279749878986
vn -1.7153217387809963e-8 0.9238797954812625 -0.38268279749878986
vn 0 0.7071080924875391 -0.7071054698831242
vn -1.7153217387809963e-8 0.9238797954812625 -0.38268279749878986
vn -1.6905042825471245e-8 0.9951845481925199 -0.09801895244721504
vn -1.7153217387809963e-8 0.9238797954812625 -0.38268279749878986
vn -1.6905042825471245e-8 0.9951845481925199 -0.09801895244721504
vn -1.6905042825471245e-8 0.9951845481925199 -0.09801895244721504
vn -1.7153217387809963e-8 0.9238797954812625 -0.38268279749878986
vn -1.6905042825471245e-8 0.9951845481925199 -0.09801895244721504
vn 0 1 0
vn -1.6905042825471245e-8 0.9951845481925199 -0.09801895244721504
vn 0 1 0
vn 0 1 0
vn -1.6905042825471245e-8 0.9951845481925199 -0.09801895244721504
vn 0 -1 0
vn 0 -0.9951846474528252 -0.0980179446540071
vn 0 -1 0
vn 0 -0.9951846474528252 -0.0980179446540071
vn 0 -0.9951846474528252 -0.0980179446540071
vn 0 -1 0
vn 0 -0.9951846474528252 -0.0980179446540071
vn 0 -0.9238802762426939 -0.3826816368337049
vn 0 -0.9951846474528252 -0.0980179446540071
vn 0 -0.9238802762426939 -0.3826816368337049
vn 0 -0.9238802762426939 -0.3826816368337049
vn 0 -0.9951846474528252 -0.0980179446540071
vn 0 -0.9238802762426939 -0.3826816368337049
vn 7.310544519921339e-8 -0.7071078838715865 -0.7071056784997851
vn 0 -0.9238802762426939 -0.3826816368337049
vn 7.310544519921339e-8 -0.7071078838715865 -0.7071056784997851
vn 7.310544519921339e-8 -0.7071078838715865 -0.7071056784997851
vn 0 -0.9238802762426939 -0.3826816368337049
vn 1 0 0
vn 1 0 0
vn 1 0 0
vn 1 0 0
vn 1 0 0
vn 1 0 0
vn 1 0 0
vn 1 0 0
vn 1 0 0
vn 1 0 0
vn 1 0 0
vn 1 0 0
vn 1 0 0
vn 1 0 0
vn 1 0 0
vn 1 0 0
vn 1 0 0
vn 1 0 0
vn 1 0 0
vn 0.9958813014917328 0 -0.0906666054241154
vn 1 0 0
vn 0.9958813014917328 0 -0.0906666054241154
vn 0.9958813014917328 0 -0.0906666054241154
vn 1 0 0
vn 0.9958813014917328 0 -0.0906666054241154
vn 1 0 0
vn 1 0 0
vn 1 0 0
vn 1 0 0
vn 1 0 0
vn 0.9958813014917328 0 -0.0906666054241154
vn 0.9266799738091969 0 -0.3758513351592438
vn 0.9958813014917328 0 -0.0906666054241154
vn 0.9266799738091969 0 -0.3758513351592438
vn 0.9266799738091969 0 -0.3758513351592438
vn 0.9958813014917328 0 -0.0906666054241154
vn 0.9266799738091969 0 -0.3758513351592438
vn 0.7071070792097137 0 -0.7071064831632558
vn 0.9266799738091969 0 -0.3758513351592438
vn 0.7071070792097137 0 -0.7071064831632558
vn 0.7071070792097137 0 -0.7071064831632558
vn 0.9266799738091969 0 -0.3758513351592438
vn 0.7071070792097137 0 -0.7071064831632558
vn 0.3758512120300251 0 -0.9266800237490614
vn 0.7071070792097137 0 -0.7071064831632558
vn 0.3758512120300251 0 -0.9266800237490614
vn 0.3758512120300251 0 -0.9266800237490614
vn 0.7071070792097137 0 -0.7071064831632558
vn 0.3758512120300251 0 -0.9266800237490614
vn 0.09066605323153756 0 -0.9958813517640625
vn 0.3758512120300251 0 -0.9266800237490614
vn 0.09066605323153756 0 -0.9958813517640625
vn 0.09066605323153756 0 -0.9958813517640625
vn 0.3758512120300251 0 -0.9266800237490614
vn 0.09066605323153756 0 -0.9958813517640625
vn -0.09066605323153756 0 -0.9958813517640625
vn 0.09066605323153756 0 -0.9958813517640625
vn -0.09066605323153756 0 -0.9958813517640625
vn -0.09066605323153756 0 -0.9958813517640625
vn 0.09066605323153756 0 -0.9958813517640625
vn -0.09066605323153756 0 -0.9958813517640625
vn -0.3758512120300251 0 -0.9266800237490614
vn -0.09066605323153756 0 -0.9958813517640625
vn -0.3758512120300251 0 -0.9266800237490614
vn -0.3758512120300251 0 -0.9266800237490614
vn -0.09066605323153756 0 -0.9958813517640625
vn -0.3758512120300251 0 -0.9266800237490614
vn -0.7071070792097137 0 -0.7071064831632558
vn -0.3758512120300251 0 -0.9266800237490614
vn -0.7071070792097137 0 -0.7071064831632558
vn -0.7071070792097137 0 -0.7071064831632558
vn -0.3758512120300251 0 -0.9266800237490614
vn -0.7071070792097137 0 -0.7071064831632558
vn -0.9266799738091969 0 -0.3758513351592438
vn -0.7071070792097137 0 -0.7071064831632558
vn -0.9266799738091969 0 -0.3758513351592438
vn -0.9266799738091969 0 -0.3758513351592438
vn -0.7071070792097137 0 -0.7071064831632558
vn -0.9266799738091969 0 -0.3758513351592438
vn -0.9959029578590546 0.0012902957417416994 -0.09041921070483394
vn -0.9266799738091969 0 -0.3758513351592438
vn -0.9959029578590546 0.0012902957417416994 -0.09041921070483394
vn -0.9959029578590546 0.0012902957417416994 -0.09041921070483394
vn -0.9266799738091969 0 -0.3758513351592438
vn -0.9999965742970768 0.0025699023828646118 0.0004969867737321726
vn -0.9959029578590546 0.0012902957417416994 -0.09041921070483394
vn -0.9999965742970768 0.0025699023828646118 0.0004969867737321726
vn -0.9959029578590546 0.0012902957417416994 -0.09041921070483394
vn -0.9959029578590546 0.0012902957417416994 -0.09041921070483394
vn -0.9999965742970768 0.0025699023828646118 0.0004969867737321726
vn -0.9959029578590546 0.0012902957417416994 -0.09041921070483394
vn -0.9999965742970768 0.0025699023828646118 0.0004969867737321726
vn -0.9999965742970768 0.0025699023828646118 0.0004969867737321726
vn -0.9999965742970768 0.0025699023828646118 0.0004969867737321726
vn -0.9999965742970768 0.0025699023828646118 0.0004969867737321726
vn -0.9999965742970768 0.0025699023828646118 0.0004969867737321726
vn -0.9999965742970768 0.0025699023828646118 0.0004969867737321726
vn -0.9999965742970768 0.0025699023828646118 0.0004969867737321726
vn -0.9999965742970768 0.0025699023828646118 0.0004969867737321726
vn -0.9999965742970768 0.0025699023828646118 0.0004969867737321726
vn -0.9999965742970768 0.0025699023828646118 0.0004969867737321726
vn -0.9999965742970768 0.0025699023828646118 0.0004969867737321726
vn -0.9999965742970768 0.0025699023828646118 0.0004969867737321726
vn -0.9999965742970768 0.0025699023828646118 0.0004969867737321726
vn -0.9999965742970768 0.0025699023828646118 0.0004969867737321726
vn -0.9999965742970768 0.0025699023828646118 0.0004969867737321726
vn -0.9999965742970768 0.0025699023828646118 0.0004969867737321726
vn -0.9999965742970768 0.0025699023828646118 0.0004969867737321726
vn -0.9999965742970768 0.0025699023828646118 0.0004969867737321726
vn -0.9999965742970768 0.0025699023828646118 0.0004969867737321726
vn -0.9999965742970768 0.0025699023828646118 0.0004969867737321726
vn -0.9999965742970768 0.0025699023828646118 0.0004969867737321726
vn -0.9999965742970768 0.0025699023828646118 0.0004969867737321726
vn -0.9999965742970768 0.0025699023828646118 0.0004969867737321726
vn -0.7088318571800718 -0.7021669854726084 -0.06722293328143286
vn -0.7099559283196837 -0.6511515953076643 -0.26826140194224724
vn -0.7088318571800718 -0.7021669854726084 -0.06722293328143286
vn -0.7099559283196837 -0.6511515953076643 -0.26826140194224724
vn -0.7099559283196837 -0.6511515953076643 -0.26826140194224724
vn -0.7088318571800718 -0.7021669854726084 -0.06722293328143286
vn -0.7075315023053474 -0.7037329579493427 -0.06449106249246264
vn -0.7088318571800718 -0.7021669854726084 -0.06722293328143286
vn -0.7075315023053474 -0.7037329579493427 -0.06449106249246264
vn -0.7088318571800718 -0.7021669854726084 -0.06722293328143286
vn -0.7088318571800718 -0.7021669854726084 -0.06722293328143286
vn -0.7075315023053474 -0.7037329579493427 -0.06449106249246264
vn -0.7042335373687724 0.7067327601603505 -0.06770473071505616
vn -0.7024916405092452 0.7088186735473311 -0.06388726825613611
vn -0.7042335373687724 0.7067327601603505 -0.06770473071505616
vn -0.7024916405092452 0.7088186735473311 -0.06388726825613611
vn -0.7024916405092452 0.7088186735473311 -0.06388726825613611
vn -0.7042335373687724 0.7067327601603505 -0.06770473071505616
vn -0.7071055637284581 0.654039370666386 -0.26876425238966806
vn -0.7042335373687724 0.7067327601603505 -0.06770473071505616
vn -0.7071055637284581 0.654039370666386 -0.26876425238966806
vn -0.7042335373687724 0.7067327601603505 -0.06770473071505616
vn -0.7042335373687724 0.7067327601603505 -0.06770473071505616
vn -0.7071055637284581 0.654039370666386 -0.26876425238966806
vn -0.707108492874642 0.4999985363310085 -0.49999904297048564
vn -0.7071055637284581 0.654039370666386 -0.26876425238966806
vn -0.707108492874642 0.4999985363310085 -0.49999904297048564
vn -0.7071055637284581 0.654039370666386 -0.26876425238966806
vn -0.7071055637284581 0.654039370666386 -0.26876425238966806
vn -0.707108492874642 0.4999985363310085 -0.49999904297048564
vn -0.7099659378116934 0.2681993221605195 -0.6511662543005439
vn -0.707108492874642 0.4999985363310085 -0.49999904297048564
vn -0.7099659378116934 0.2681993221605195 -0.6511662543005439
vn -0.707108492874642 0.4999985363310085 -0.49999904297048564
vn -0.707108492874642 0.4999985363310085 -0.49999904297048564
vn -0.7099659378116934 0.2681993221605195 -0.6511662543005439
vn -0.7071058715139706 0.06736424531959331 -0.703891571851084
vn -0.7099659378116934 0.2681993221605195 -0.6511662543005439
vn -0.7071058715139706 0.06736424531959331 -0.703891571851084
vn -0.7099659378116934 0.2681993221605195 -0.6511662543005439
vn -0.7099659378116934 0.2681993221605195 -0.6511662543005439
vn -0.7071058715139706 0.06736424531959331 -0.703891571851084
vn -0.7042440262529134 -0.0679709117110756 -0.7066967572079632
vn -0.7071058715139706 0.06736424531959331 -0.703891571851084
vn -0.7042440262529134 -0.0679709117110756 -0.7066967572079632
vn -0.7071058715139706 0.06736424531959331 -0.703891571851084
vn -0.7071058715139706 0.06736424531959331 -0.703891571851084
vn -0.7042440262529134 -0.0679709117110756 -0.7066967572079632
vn -0.7071065763880603 -0.2688252575069928 -0.6540132036549837
vn -0.7042440262529134 -0.0679709117110756 -0.7066967572079632
vn -0.7071065763880603 -0.2688252575069928 -0.6540132036549837
vn -0.7042440262529134 -0.0679709117110756 -0.7066967572079632
vn -0.7042440262529134 -0.0679709117110756 -0.7066967572079632
vn -0.7071065763880603 -0.2688252575069928 -0.6540132036549837
vn -0.7071065294858495 -0.5000002971884823 -0.5000000587699035
vn -0.7071065763880603 -0.2688252575069928 -0.6540132036549837
vn -0.7071065294858495 -0.5000002971884823 -0.5000000587699035
vn -0.7071065763880603 -0.2688252575069928 -0.6540132036549837
vn -0.7071065763880603 -0.2688252575069928 -0.6540132036549837
vn -0.7071065294858495 -0.5000002971884823 -0.5000000587699035
vn -0.7099559283196837 -0.6511515953076643 -0.26826140194224724
vn -0.7071065294858495 -0.5000002971884823 -0.5000000587699035
vn -0.7099559283196837 -0.6511515953076643 -0.26826140194224724
vn -0.7071065294858495 -0.5000002971884823 -0.5000000587699035
vn -0.7071065294858495 -0.5000002971884823 -0.5000000587699035
vn -0.7099559283196837 -0.6511515953076643 -0.26826140194224724
vn -0.7024916405092452 0.7088186735473311 -0.06388726825613611
vn -0.6519427445606628 0.710440293974986 -0.2650381982119666
vn -0.7024916405092452 0.7088186735473311 -0.06388726825613611
vn -0.6519427445606628 0.710440293974986 -0.2650381982119666
vn -0.6519427445606628 0.710440293974986 -0.2650381982119666
vn -0.7024916405092452 0.7088186735473311 -0.06388726825613611
vn -0.655314260069754 -0.7070943045798107 -0.2656705948727195
vn -0.7075315023053474 -0.7037329579493427 -0.06449106249246264
vn -0.655314260069754 -0.7070943045798107 -0.2656705948727195
vn -0.7075315023053474 -0.7037329579493427 -0.06449106249246264
vn -0.7075315023053474 -0.7037329579493427 -0.06449106249246264
vn -0.655314260069754 -0.7070943045798107 -0.2656705948727195
vn -0.6519427445606628 0.710440293974986 -0.2650381982119666
vn -0.5000017823705462 0.7071045555548173 -0.5000013651380375
vn -0.6519427445606628 0.710440293974986 -0.2650381982119666
vn -0.5000017823705462 0.7071045555548173 -0.5000013651380375
vn -0.5000017823705462 0.7071045555548173 -0.5000013651380375
vn -0.6519427445606628 0.710440293974986 -0.2650381982119666
vn -0.5000018481473548 -0.7071045046788719 -0.5000013713101963
vn -0.655314260069754 -0.7070943045798107 -0.2656705948727195
vn -0.5000018481473548 -0.7071045046788719 -0.5000013713101963
vn -0.655314260069754 -0.7070943045798107 -0.2656705948727195
vn -0.655314260069754 -0.7070943045798107 -0.2656705948727195
vn -0.5000018481473548 -0.7071045046788719 -0.5000013713101963
vn -0.5000017823705462 0.7071045555548173 -0.5000013651380375
vn -0.26567051177617124 0.7070943213752794 -0.6553142756353018
vn -0.5000017823705462 0.7071045555548173 -0.5000013651380375
vn -0.26567051177617124 0.7070943213752794 -0.6553142756353018
vn -0.26567051177617124 0.7070943213752794 -0.6553142756353018
vn -0.5000017823705462 0.7071045555548173 -0.5000013651380375
vn -0.26503813157107825 -0.7104403347188355 -0.6519427272528628
vn -0.5000018481473548 -0.7071045046788719 -0.5000013713101963
vn -0.26503813157107825 -0.7104403347188355 -0.6519427272528628
vn -0.5000018481473548 -0.7071045046788719 -0.5000013713101963
vn -0.5000018481473548 -0.7071045046788719 -0.5000013713101963
vn -0.26503813157107825 -0.7104403347188355 -0.6519427272528628
vn -0.26567051177617124 0.7070943213752794 -0.6553142756353018
vn -0.06469495444495445 0.7037336663152065 -0.7075121834738417
vn -0.26567051177617124 0.7070943213752794 -0.6553142756353018
vn -0.06469495444495445 0.7037336663152065 -0.7075121834738417
vn -0.06469495444495445 0.7037336663152065 -0.7075121834738417
vn -0.26567051177617124 0.7070943213752794 -0.6553142756353018
vn -0.06409015897907606 -0.7070953455794935 -0.7042077987226877
vn -0.26503813157107825 -0.7104403347188355 -0.6519427272528628
vn -0.06409015897907606 -0.7070953455794935 -0.7042077987226877
vn -0.26503813157107825 -0.7104403347188355 -0.6519427272528628
vn -0.26503813157107825 -0.7104403347188355 -0.6519427272528628
vn -0.06409015897907606 -0.7070953455794935 -0.7042077987226877
vn -0.06469495444495445 0.7037336663152065 -0.7075121834738417
vn 0.06409015897907606 0.7070953455794935 -0.7042077987226877
vn -0.06469495444495445 0.7037336663152065 -0.7075121834738417
vn 0.06409015897907606 0.7070953455794935 -0.7042077987226877
vn 0.06409015897907606 0.7070953455794935 -0.7042077987226877
vn -0.06469495444495445 0.7037336663152065 -0.7075121834738417
vn 0.06469495444495445 -0.7037336663152065 -0.7075121834738417
vn -0.06409015897907606 -0.7070953455794935 -0.7042077987226877
vn 0.06469495444495445 -0.7037336663152065 -0.7075121834738417
vn -0.06409015897907606 -0.7070953455794935 -0.7042077987226877
vn -0.06409015897907606 -0.7070953455794935 -0.7042077987226877
vn 0.06469495444495445 -0.7037336663152065 -0.7075121834738417
vn 0.06409015897907606 0.7070953455794935 -0.7042077987226877
vn 0.26503813157107825 0.7104403347188355 -0.6519427272528628
vn 0.06409015897907606 0.7070953455794935 -0.7042077987226877
vn 0.26503813157107825 0.7104403347188355 -0.6519427272528628
vn 0.26503813157107825 0.7104403347188355 -0.6519427272528628
vn 0.06409015897907606 0.7070953455794935 -0.7042077987226877
vn 0.26567051177617124 -0.7070943213752794 -0.6553142756353018
vn 0.06469495444495445 -0.7037336663152065 -0.7075121834738417
vn 0.26567051177617124 -0.7070943213752794 -0.6553142756353018
vn 0.06469495444495445 -0.7037336663152065 -0.7075121834738417
vn 0.06469495444495445 -0.7037336663152065 -0.7075121834738417
vn 0.26567051177617124 -0.7070943213752794 -0.6553142756353018
vn 0.26503813157107825 0.7104403347188355 -0.6519427272528628
vn 0.5000018481473548 0.7071045046788719 -0.5000013713101963
vn 0.26503813157107825 0.7104403347188355 -0.6519427272528628
vn 0.5000018481473548 0.7071045046788719 -0.5000013713101963
vn 0.5000018481473548 0.7071045046788719 -0.5000013713101963
vn 0.26503813157107825 0.7104403347188355 -0.6519427272528628
vn 0.5000017823705462 -0.7071045555548173 -0.5000013651380375
vn 0.26567051177617124 -0.7070943213752794 -0.6553142756353018
vn 0.5000017823705462 -0.7071045555548173 -0.5000013651380375
vn 0.26567051177617124 -0.7070943213752794 -0.6553142756353018
vn 0.26567051177617124 -0.7070943213752794 -0.6553142756353018
vn 0.5000017823705462 -0.7071045555548173 -0.5000013651380375
vn 0.5000018481473548 0.7071045046788719 -0.5000013713101963
vn 0.655314260069754 0.7070943045798107 -0.2656705948727195
vn 0.5000018481473548 0.7071045046788719 -0.5000013713101963
vn 0.655314260069754 0.7070943045798107 -0.2656705948727195
vn 0.655314260069754 0.7070943045798107 -0.2656705948727195
vn 0.5000018481473548 0.7071045046788719 -0.5000013713101963
vn 0.6519427445606628 -0.710440293974986 -0.2650381982119666
vn 0.5000017823705462 -0.7071045555548173 -0.5000013651380375
vn 0.6519427445606628 -0.710440293974986 -0.2650381982119666
vn 0.5000017823705462 -0.7071045555548173 -0.5000013651380375
vn 0.5000017823705462 -0.7071045555548173 -0.5000013651380375
vn 0.6519427445606628 -0.710440293974986 -0.2650381982119666
vn 0.655314260069754 0.7070943045798107 -0.2656705948727195
vn 0.7075314067357081 0.7037329814620805 -0.06449185440876157
vn 0.655314260069754 0.7070943045798107 -0.2656705948727195
vn 0.7075314067357081 0.7037329814620805 -0.06449185440876157
vn 0.7075314067357081 0.7037329814620805 -0.06449185440876157
vn 0.655314260069754 0.7070943045798107 -0.2656705948727195
vn 0.7024915860702948 -0.7088187979688413 -0.06388648641495626
vn 0.6519427445606628 -0.710440293974986 -0.2650381982119666
vn 0.7024915860702948 -0.7088187979688413 -0.06388648641495626
vn 0.6519427445606628 -0.710440293974986 -0.2650381982119666
vn 0.6519427445606628 -0.710440293974986 -0.2650381982119666
vn 0.7024915860702948 -0.7088187979688413 -0.06388648641495626
vn 0.7099564176546848 -0.268261525873926 -0.6511510107238716
vn 0.7071086262359114 -0.4999983079193326 -0.499999082779725
vn 0.7099564176546848 -0.268261525873926 -0.6511510107238716
vn 0.7071086262359114 -0.4999983079193326 -0.499999082779725
vn 0.7071086262359114 -0.4999983079193326 -0.499999082779725
vn 0.7099564176546848 -0.268261525873926 -0.6511510107238716
vn 0.7071059905889004 -0.06742898340126706 -0.703885253625022
vn 0.7099564176546848 -0.268261525873926 -0.6511510107238716
vn 0.7071059905889004 -0.06742898340126706 -0.703885253625022
vn 0.7099564176546848 -0.268261525873926 -0.6511510107238716
vn 0.7099564176546848 -0.268261525873926 -0.6511510107238716
vn 0.7071059905889004 -0.06742898340126706 -0.703885253625022
vn 0.7042342429916411 0.06790748243889909 -0.7067126041233458
vn 0.7071059905889004 -0.06742898340126706 -0.703885253625022
vn 0.7042342429916411 0.06790748243889909 -0.7067126041233458
vn 0.7071059905889004 -0.06742898340126706 -0.703885253625022
vn 0.7071059905889004 -0.06742898340126706 -0.703885253625022
vn 0.7042342429916411 0.06790748243889909 -0.7067126041233458
vn 0.7071064099314323 0.2687644654674096 -0.6540383682444775
vn 0.7042342429916411 0.06790748243889909 -0.7067126041233458
vn 0.7071064099314323 0.2687644654674096 -0.6540383682444775
vn 0.7042342429916411 0.06790748243889909 -0.7067126041233458
vn 0.7042342429916411 0.06790748243889909 -0.7067126041233458
vn 0.7071064099314323 0.2687644654674096 -0.6540383682444775
vn 0.7071064575366425 0.5000004076688368 -0.5000000500409749
vn 0.7071064099314323 0.2687644654674096 -0.6540383682444775
vn 0.7071064575366425 0.5000004076688368 -0.5000000500409749
vn 0.7071064099314323 0.2687644654674096 -0.6540383682444775
vn 0.7071064099314323 0.2687644654674096 -0.6540383682444775
vn 0.7071064575366425 0.5000004076688368 -0.5000000500409749
vn 0.7099654565452062 0.6511666078659102 -0.2681997377197843
vn 0.7071064575366425 0.5000004076688368 -0.5000000500409749
vn 0.7099654565452062 0.6511666078659102 -0.2681997377197843
vn 0.7071064575366425 0.5000004076688368 -0.5000000500409749
vn 0.7071064575366425 0.5000004076688368 -0.5000000500409749
vn 0.7099654565452062 0.6511666078659102 -0.2681997377197843
vn 0.7088317220606647 0.7021731680346561 -0.06715974905169929
vn 0.7099654565452062 0.6511666078659102 -0.2681997377197843
vn 0.7088317220606647 0.7021731680346561 -0.06715974905169929
vn 0.7099654565452062 0.6511666078659102 -0.2681997377197843
vn 0.7099654565452062 0.6511666078659102 -0.2681997377197843
vn 0.7088317220606647 0.7021731680346561 -0.06715974905169929
vn 0.7075314067357081 0.7037329814620805 -0.06449185440876157
vn 0.7088317220606647 0.7021731680346561 -0.06715974905169929
vn 0.7075314067357081 0.7037329814620805 -0.06449185440876157
vn 0.7088317220606647 0.7021731680346561 -0.06715974905169929
vn 0.7088317220606647 0.7021731680346561 -0.06715974905169929
vn 0.7075314067357081 0.7037329814620805 -0.06449185440876157
vn 0.7042431947529441 -0.7067172045750552 -0.06776662454177926
vn 0.7024915860702948 -0.7088187979688413 -0.06388648641495626
vn 0.7042431947529441 -0.7067172045750552 -0.06776662454177926
vn 0.7024915860702948 -0.7088187979688413 -0.06388648641495626
vn 0.7024915860702948 -0.7088187979688413 -0.06388648641495626
vn 0.7042431947529441 -0.7067172045750552 -0.06776662454177926
vn 0.7071056815528015 -0.6540145142490218 -0.268824422750918
vn 0.7042431947529441 -0.7067172045750552 -0.06776662454177926
vn 0.7071056815528015 -0.6540145142490218 -0.268824422750918
vn 0.7042431947529441 -0.7067172045750552 -0.06776662454177926
vn 0.7042431947529441 -0.7067172045750552 -0.06776662454177926
vn 0.7071056815528015 -0.6540145142490218 -0.268824422750918
vn 0.7071086262359114 -0.4999983079193326 -0.499999082779725
vn 0.7071056815528015 -0.6540145142490218 -0.268824422750918
vn 0.7071086262359114 -0.4999983079193326 -0.499999082779725
vn 0.7071056815528015 -0.6540145142490218 -0.268824422750918
vn 0.7071056815528015 -0.6540145142490218 -0.268824422750918
vn 0.7071086262359114 -0.4999983079193326 -0.499999082779725
vn -0.7099559396716121 -0.6511516057193336 -0.2682613466270007
vn -0.7071065382147725 -0.5000002612138833 -0.5000000823999621
vn -0.7099559396716121 -0.6511516057193336 -0.2682613466270007
vn -0.7071065382147725 -0.5000002612138833 -0.5000000823999621
vn -0.7071065382147725 -0.5000002612138833 -0.5000000823999621
vn -0.7099559396716121 -0.6511516057193336 -0.2682613466270007
vn -0.7088119775240621 -0.7021701725474038 -0.06739903043203099
vn -0.7099559396716121 -0.6511516057193336 -0.2682613466270007
vn -0.7088119775240621 -0.7021701725474038 -0.06739903043203099
vn -0.7099559396716121 -0.6511516057193336 -0.2682613466270007
vn -0.7099559396716121 -0.6511516057193336 -0.2682613466270007
vn -0.7088119775240621 -0.7021701725474038 -0.06739903043203099
vn -0.7062356560766929 -0.7045236914479401 0.06983957527427345
vn -0.7088119775240621 -0.7021701725474038 -0.06739903043203099
vn -0.7062356560766929 -0.7045236914479401 0.06983957527427345
vn -0.7088119775240621 -0.7021701725474038 -0.06739903043203099
vn -0.7088119775240621 -0.7021701725474038 -0.06739903043203099
vn -0.7062356560766929 -0.7045236914479401 0.06983957527427345
vn -0.7042338059451162 0.7067157432856794 -0.06787933968613932
vn -0.7019843588399631 0.7088091498175837 0.06933649168309722
vn -0.7042338059451162 0.7067157432856794 -0.06787933968613932
vn -0.7019843588399631 0.7088091498175837 0.06933649168309722
vn -0.7019843588399631 0.7088091498175837 0.06933649168309722
vn -0.7042338059451162 0.7067157432856794 -0.06787933968613932
vn -0.7071055304990355 0.6540393995353746 -0.2687642695617937
vn -0.7042338059451162 0.7067157432856794 -0.06787933968613932
vn -0.7071055304990355 0.6540393995353746 -0.2687642695617937
vn -0.7042338059451162 0.7067157432856794 -0.06787933968613932
vn -0.7042338059451162 0.7067157432856794 -0.06787933968613932
vn -0.7071055304990355 0.6540393995353746 -0.2687642695617937
vn -0.7071084928746519 0.49999856613333776 -0.4999990131681706
vn -0.7071055304990355 0.6540393995353746 -0.2687642695617937
vn -0.7071084928746519 0.49999856613333776 -0.4999990131681706
vn -0.7071055304990355 0.6540393995353746 -0.2687642695617937
vn -0.7071055304990355 0.6540393995353746 -0.2687642695617937
vn -0.7071084928746519 0.49999856613333776 -0.4999990131681706
vn -0.709965891226669 0.26819941648582696 -0.6511662662418741
vn -0.7071084928746519 0.49999856613333776 -0.4999990131681706
vn -0.709965891226669 0.26819941648582696 -0.6511662662418741
vn -0.7071084928746519 0.49999856613333776 -0.4999990131681706
vn -0.7071084928746519 0.49999856613333776 -0.4999990131681706
vn -0.709965891226669 0.26819941648582696 -0.6511662662418741
vn -0.7071058672551873 0.06736433432083563 -0.7038915676116598
vn -0.709965891226669 0.26819941648582696 -0.6511662662418741
vn -0.7071058672551873 0.06736433432083563 -0.7038915676116598
vn -0.709965891226669 0.26819941648582696 -0.6511662662418741
vn -0.709965891226669 0.26819941648582696 -0.6511662662418741
vn -0.7071058672551873 0.06736433432083563 -0.7038915676116598
vn -0.7042440219511223 -0.06797099900508043 -0.7066967530987802
vn -0.7071058672551873 0.06736433432083563 -0.7038915676116598
vn -0.7042440219511223 -0.06797099900508043 -0.7066967530987802
vn -0.7071058672551873 0.06736433432083563 -0.7038915676116598
vn -0.7071058672551873 0.06736433432083563 -0.7038915676116598
vn -0.7042440219511223 -0.06797099900508043 -0.7066967530987802
vn -0.7071065409206518 -0.26882529648572445 -0.6540132259798671
vn -0.7042440219511223 -0.06797099900508043 -0.7066967530987802
vn -0.7071065409206518 -0.26882529648572445 -0.6540132259798671
vn -0.7042440219511223 -0.06797099900508043 -0.7066967530987802
vn -0.7042440219511223 -0.06797099900508043 -0.7066967530987802
vn -0.7071065409206518 -0.26882529648572445 -0.6540132259798671
vn -0.7071065382147725 -0.5000002612138833 -0.5000000823999621
vn -0.7071065409206518 -0.26882529648572445 -0.6540132259798671
vn -0.7071065382147725 -0.5000002612138833 -0.5000000823999621
vn -0.7071065409206518 -0.26882529648572445 -0.6540132259798671
vn -0.7071065409206518 -0.26882529648572445 -0.6540132259798671
vn -0.7071065382147725 -0.5000002612138833 -0.5000000823999621
vn -0.6532837341704637 -0.7071043408652509 0.27059899075535004
vn -0.7062356560766929 -0.7045236914479401 0.06983957527427345
vn -0.6532837341704637 -0.7071043408652509 0.27059899075535004
vn -0.7062356560766929 -0.7045236914479401 0.06983957527427345
vn -0.7062356560766929 -0.7045236914479401 0.06983957527427345
vn -0.6532837341704637 -0.7071043408652509 0.27059899075535004
vn -0.7019843588399631 0.7088091498175837 0.06933649168309722
vn -0.6507054419514928 0.709676547617907 0.2700770733991336
vn -0.7019843588399631 0.7088091498175837 0.06933649168309722
vn -0.6507054419514928 0.709676547617907 0.2700770733991336
vn -0.6507054419514928 0.709676547617907 0.2700770733991336
vn -0.7019843588399631 0.7088091498175837 0.06933649168309722
vn -0.5000017885427225 -0.7071045046788894 0.5000014309148535
vn -0.6532837341704637 -0.7071043408652509 0.27059899075535004
vn -0.5000017885427225 -0.7071045046788894 0.5000014309148535
vn -0.6532837341704637 -0.7071043408652509 0.27059899075535004
vn -0.6532837341704637 -0.7071043408652509 0.27059899075535004
vn -0.5000017885427225 -0.7071045046788894 0.5000014309148535
vn -0.6507054419514928 0.709676547617907 0.2700770733991336
vn -0.5000017525680356 0.7071045134079856 0.5000014545448329
vn -0.6507054419514928 0.709676547617907 0.2700770733991336
vn -0.5000017525680356 0.7071045134079856 0.5000014545448329
vn -0.5000017525680356 0.7071045134079856 0.5000014545448329
vn -0.6507054419514928 0.709676547617907 0.2700770733991336
vn -0.2700769895643463 -0.7096766218644653 0.6507053957720811
vn -0.5000017885427225 -0.7071045046788894 0.5000014309148535
vn -0.2700769895643463 -0.7096766218644653 0.6507053957720811
vn -0.5000017885427225 -0.7071045046788894 0.5000014309148535
vn -0.5000017885427225 -0.7071045046788894 0.5000014309148535
vn -0.2700769895643463 -0.7096766218644653 0.6507053957720811
vn -0.5000017525680356 0.7071045134079856 0.5000014545448329
vn -0.2705988631917169 0.7071043969111388 0.6532837263458238
vn -0.5000017525680356 0.7071045134079856 0.5000014545448329
vn -0.2705988631917169 0.7071043969111388 0.6532837263458238
vn -0.2705988631917169 0.7071043969111388 0.6532837263458238
vn -0.5000017525680356 0.7071045134079856 0.5000014545448329
vn -0.06930862680333971 -0.7071050560936097 0.7037035980421648
vn -0.2700769895643463 -0.7096766218644653 0.6507053957720811
vn -0.06930862680333971 -0.7071050560936097 0.7037035980421648
vn -0.2700769895643463 -0.7096766218644653 0.6507053957720811
vn -0.2700769895643463 -0.7096766218644653 0.6507053957720811
vn -0.06930862680333971 -0.7071050560936097 0.7037035980421648
vn -0.2705988631917169 0.7071043969111388 0.6532837263458238
vn -0.06981114432373228 0.7045236365397793 0.7062385218075945
vn -0.2705988631917169 0.7071043969111388 0.6532837263458238
vn -0.06981114432373228 0.7045236365397793 0.7062385218075945
vn -0.06981114432373228 0.7045236365397793 0.7062385218075945
vn -0.2705988631917169 0.7071043969111388 0.6532837263458238
vn 0.06981114432373228 -0.7045236365397793 0.7062385218075945
vn -0.06930862680333971 -0.7071050560936097 0.7037035980421648
vn 0.06981114432373228 -0.7045236365397793 0.7062385218075945
vn -0.06930862680333971 -0.7071050560936097 0.7037035980421648
vn -0.06930862680333971 -0.7071050560936097 0.7037035980421648
vn 0.06981114432373228 -0.7045236365397793 0.7062385218075945
vn -0.06981114432373228 0.7045236365397793 0.7062385218075945
vn 0.06930857776473082 0.7071052666922356 0.7037033912553874
vn -0.06981114432373228 0.7045236365397793 0.7062385218075945
vn 0.06930857776473082 0.7071052666922356 0.7037033912553874
vn 0.06930857776473082 0.7071052666922356 0.7037033912553874
vn -0.06981114432373228 0.7045236365397793 0.7062385218075945
vn 0.2705988631917169 -0.7071043969111388 0.6532837263458238
vn 0.06981114432373228 -0.7045236365397793 0.7062385218075945
vn 0.2705988631917169 -0.7071043969111388 0.6532837263458238
vn 0.06981114432373228 -0.7045236365397793 0.7062385218075945
vn 0.06981114432373228 -0.7045236365397793 0.7062385218075945
vn 0.2705988631917169 -0.7071043969111388 0.6532837263458238
vn 0.06930857776473082 0.7071052666922356 0.7037033912553874
vn 0.2700769314594206 0.7096768046191866 0.6507052205714692
vn 0.06930857776473082 0.7071052666922356 0.7037033912553874
vn 0.2700769314594206 0.7096768046191866 0.6507052205714692
vn 0.2700769314594206 0.7096768046191866 0.6507052205714692
vn 0.06930857776473082 0.7071052666922356 0.7037033912553874
vn 0.5000017525680356 -0.7071045134079856 0.5000014545448329
vn 0.2705988631917169 -0.7071043969111388 0.6532837263458238
vn 0.5000017525680356 -0.7071045134079856 0.5000014545448329
vn 0.2705988631917169 -0.7071043969111388 0.6532837263458238
vn 0.2705988631917169 -0.7071043969111388 0.6532837263458238
vn 0.5000017525680356 -0.7071045134079856 0.5000014545448329
vn 0.2700769314594206 0.7096768046191866 0.6507052205714692
vn 0.5000017885427225 0.7071045046788894 0.5000014309148535
vn 0.2700769314594206 0.7096768046191866 0.6507052205714692
vn 0.5000017885427225 0.7071045046788894 0.5000014309148535
vn 0.5000017885427225 0.7071045046788894 0.5000014309148535
vn 0.2700769314594206 0.7096768046191866 0.6507052205714692
vn 0.6507054419514928 -0.709676547617907 0.2700770733991336
vn 0.5000017525680356 -0.7071045134079856 0.5000014545448329
vn 0.6507054419514928 -0.709676547617907 0.2700770733991336
vn 0.5000017525680356 -0.7071045134079856 0.5000014545448329
vn 0.5000017525680356 -0.7071045134079856 0.5000014545448329
vn 0.6507054419514928 -0.709676547617907 0.2700770733991336
vn 0.5000017885427225 0.7071045046788894 0.5000014309148535
vn 0.6532837341704637 0.7071043408652509 0.27059899075535004
vn 0.5000017885427225 0.7071045046788894 0.5000014309148535
vn 0.6532837341704637 0.7071043408652509 0.27059899075535004
vn 0.6532837341704637 0.7071043408652509 0.27059899075535004
vn 0.5000017885427225 0.7071045046788894 0.5000014309148535
vn 0.7019843535507109 -0.7088091450563935 0.06933659390549321
vn 0.6507054419514928 -0.709676547617907 0.2700770733991336
vn 0.7019843535507109 -0.7088091450563935 0.06933659390549321
vn 0.6507054419514928 -0.709676547617907 0.2700770733991336
vn 0.6507054419514928 -0.709676547617907 0.2700770733991336
vn 0.7019843535507109 -0.7088091450563935 0.06933659390549321
vn 0.6532837341704637 0.7071043408652509 0.27059899075535004
vn 0.7062356910972054 0.7045236669234028 0.0698394685350251
vn 0.6532837341704637 0.7071043408652509 0.27059899075535004
vn 0.7062356910972054 0.7045236669234028 0.0698394685350251
vn 0.7062356910972054 0.7045236669234028 0.0698394685350251
vn 0.6532837341704637 0.7071043408652509 0.27059899075535004
vn 0.7071086665747968 -0.49999829429646564 -0.49999903935451495
vn 0.7071056574154273 -0.6540145470533274 -0.26882440643239114
vn 0.7071086665747968 -0.49999829429646564 -0.49999903935451495
vn 0.7071056574154273 -0.6540145470533274 -0.26882440643239114
vn 0.7071056574154273 -0.6540145470533274 -0.26882440643239114
vn 0.7071086665747968 -0.49999829429646564 -0.49999903935451495
vn 0.7099564119787132 -0.2682615535315468 -0.6511510055180385
vn 0.7071086665747968 -0.49999829429646564 -0.49999903935451495
vn 0.7099564119787132 -0.2682615535315468 -0.6511510055180385
vn 0.7071086665747968 -0.49999829429646564 -0.49999903935451495
vn 0.7071086665747968 -0.49999829429646564 -0.49999903935451495
vn 0.7099564119787132 -0.2682615535315468 -0.6511510055180385
vn 0.7071059859707838 -0.0674290798184343 -0.7038852490279399
vn 0.7099564119787132 -0.2682615535315468 -0.6511510055180385
vn 0.7071059859707838 -0.0674290798184343 -0.7038852490279399
vn 0.7099564119787132 -0.2682615535315468 -0.6511510055180385
vn 0.7099564119787132 -0.2682615535315468 -0.6511510055180385
vn 0.7071059859707838 -0.0674290798184343 -0.7038852490279399
vn 0.704234238715949 0.06790757143357187 -0.7067125998326066
vn 0.7071059859707838 -0.0674290798184343 -0.7038852490279399
vn 0.704234238715949 0.06790757143357187 -0.7067125998326066
vn 0.7071059859707838 -0.0674290798184343 -0.7038852490279399
vn 0.7071059859707838 -0.0674290798184343 -0.7038852490279399
vn 0.704234238715949 0.06790757143357187 -0.7067125998326066
vn 0.7071063929400763 0.2687645484161206 -0.6540383525283157
vn 0.704234238715949 0.06790757143357187 -0.7067125998326066
vn 0.7071063929400763 0.2687645484161206 -0.6540383525283157
vn 0.704234238715949 0.06790757143357187 -0.7067125998326066
vn 0.704234238715949 0.06790757143357187 -0.7067125998326066
vn 0.7071063929400763 0.2687645484161206 -0.6540383525283157
vn 0.7071064575366249 0.5000004672734679 -0.4999999904363189
vn 0.7071063929400763 0.2687645484161206 -0.6540383525283157
vn 0.7071064575366249 0.5000004672734679 -0.4999999904363189
vn 0.7071063929400763 0.2687645484161206 -0.6540383525283157
vn 0.7071063929400763 0.2687645484161206 -0.6540383525283157
vn 0.7071064575366249 0.5000004672734679 -0.4999999904363189
vn 0.7099654233148983 0.6511666369923547 -0.2681997549688746
vn 0.7071064575366249 0.5000004672734679 -0.4999999904363189
vn 0.7099654233148983 0.6511666369923547 -0.2681997549688746
vn 0.7071064575366249 0.5000004672734679 -0.4999999904363189
vn 0.7071064575366249 0.5000004672734679 -0.4999999904363189
vn 0.7099654233148983 0.6511666369923547 -0.2681997549688746
vn 0.7088119387430112 0.7021763330122794 -0.06733522742816009
vn 0.7099654233148983 0.6511666369923547 -0.2681997549688746
vn 0.7088119387430112 0.7021763330122794 -0.06733522742816009
vn 0.7099654233148983 0.6511666369923547 -0.2681997549688746
vn 0.7099654233148983 0.6511666369923547 -0.2681997549688746
vn 0.7088119387430112 0.7021763330122794 -0.06733522742816009
vn 0.7062356910972054 0.7045236669234028 0.0698394685350251
vn 0.7088119387430112 0.7021763330122794 -0.06733522742816009
vn 0.7062356910972054 0.7045236669234028 0.0698394685350251
vn 0.7088119387430112 0.7021763330122794 -0.06733522742816009
vn 0.7088119387430112 0.7021763330122794 -0.06733522742816009
vn 0.7062356910972054 0.7045236669234028 0.0698394685350251
vn 0.7042434252058581 -0.7067001496543743 -0.06794186141699236
vn 0.7019843535507109 -0.7088091450563935 0.06933659390549321
vn 0.7042434252058581 -0.7067001496543743 -0.06794186141699236
vn 0.7019843535507109 -0.7088091450563935 0.06933659390549321
vn 0.7019843535507109 -0.7088091450563935 0.06933659390549321
vn 0.7042434252058581 -0.7067001496543743 -0.06794186141699236
vn 0.7071056574154273 -0.6540145470533274 -0.26882440643239114
vn 0.7042434252058581 -0.7067001496543743 -0.06794186141699236
vn 0.7071056574154273 -0.6540145470533274 -0.26882440643239114
vn 0.7042434252058581 -0.7067001496543743 -0.06794186141699236
vn 0.7042434252058581 -0.7067001496543743 -0.06794186141699236
vn 0.7071056574154273 -0.6540145470533274 -0.26882440643239114
vn 0 -1 0
vn 0 -1 0
vn 0 -1 0
vn 0 -1 0
vn 0 -1 0
vn 0 -1 0
vn 0 -1 0
vn 0 -1 0
vn 0 -1 0
vn 0 -1 0
vn 0 -1 0
vn 0 -1 0
vn 0 -1 0
vn 0 -1 0
vn 0 -1 0
vn 0 -1 0
vn 0 -1 0
vn 0 -1 0
vn 0 -1 0
vn 0 -1 0
vn 0 -1 0
vn 0 -1 0
vn 0 -1 0
vn 0 -1 0
vn 0 -1 0
vn 0 -1 0
vn 0 -1 0
vn 0 -1 0
vn 0 -1 0
vn 0 -1 0
vn 0 -1 0
vn 0 -1 0
vn 0 -1 0
vn 0 -1 0
vn 0 -1 0
vn 0 -1 0
vn 0 -1 0
vn 0 -1 0
vn 0 -1 0
vn 0 -1 0
vn 0 -1 0
vn 0 -1 0
vn 0 -1 0
vn 0 -1 0
vn 0 -1 0
vn 0 -1 0
vn 0 -1 0
vn 0 -1 0
vn 0 -1 0
vn 0 -1 0
vn 0 -1 0
vn 0 -1 0
vn 0 -1 0
vn 0 -1 0
vn 0 -1 0
vn 0 -1 0
vn 0 -1 0
vn 0 -1 0
vn 0 -1 0
vn 0 -1 0
vn 0 -1 0
vn 0 -1 0
vn 0 -1 0
vn 0 -1 0
vn 0 -1 0
vn 0 -1 0
vn 0 -1 0
vn 0 -1 0
vn 0 -1 0
vn 0 -1 0
vn 0 -1 0
vn 0 -1 0
vn 0 -1 0
vn 0 -1 0
vn 0 -1 0
vn 0 -1 0
vn 0 -1 0
vn 0 -1 0
vn 0 -1 0
vn 0 -1 0
vn 0 -1 0
vn 0 -1 0
vn 0 -1 0
vn 0 -1 0
vn 0 -1 0
vn 0 -1 0
vn 0 -1 0
vn 0 -1 0
vn 0 -1 0
vn 0 -1 0
vn 0 -1 0
vn 0 -1 0
vn 0 -1 0
vn 0 -1 0
vn 0 -1 0
vn 0 -1 0
vn 0 -1 0
vn 0 -1 0
vn 0 -1 0
vn 0 -1 0
vn 0 -1 0
vn 0 -1 0
vn 0 -1 0
vn 0 -1 0
vn 0 -1 0
vn 0 -1 0
vn 0 -1 0
vn 0 -1 0
vn 1 0 0
vn 1 0 0
vn 0.9951847228829044 0 -0.0980171788028852
vn 1 0 0
vn 1 0 0
vn 0.9951847228829044 0 -0.0980171788028852
vn 1 0 0
vn 1 0 0
vn 0.9951847228829044 0 -0.0980171788028852
vn 1 0 0
vn 1 0 0
vn 0.9951847228829044 0 -0.0980171788028852
vn 0.9951847192490619 0 0.09801721569788578
vn 0.9951847192490619 0 0.09801721569788578
vn 1 0 0
vn 0.9951847192490619 0 0.09801721569788578
vn 0.9951847228829044 0 -0.0980171788028852
vn 1 0 0
vn 1 0 0
vn 0.9951847228829044 0 -0.0980171788028852
vn 1 0 0
vn 1 0 0
vn 0.9951847228829044 0 -0.0980171788028852
vn 0.9951847228829044 0 -0.0980171788028852
vn 0.9951847192490619 0 0.09801721569788578
vn 0.9238796621197973 0 0.38268311946231587
vn 0.9951847192490619 0 0.09801721569788578
vn 0.9238796621197973 0 0.38268311946231587
vn 0.9238796621197973 0 0.38268311946231587
vn 0.9951847192490619 0 0.09801721569788578
vn -0.3826099227811564 -0.019019308892784005 0.9237141943689284
vn -0.09800240245063627 -0.016499018040046484 0.9950494015462839
vn -0.3826099227811564 -0.019019308892784005 0.9237141943689284
vn -0.09800240245063627 -0.016499018040046484 0.9950494015462839
vn -0.09800240245063627 -0.016499018040046484 0.9950494015462839
vn -0.3826099227811564 -0.019019308892784005 0.9237141943689284
vn 3.6483608848880876e-7 0.3826824035860119 0.9238799586447902
vn 3.6483608848880876e-7 0.3826824035860119 0.9238799586447902
vn 3.196116413827857e-7 0.09801728948788073 0.9951847119813222
vn 3.6483608848880876e-7 0.3826824035860119 0.9238799586447902
vn 3.196116413827857e-7 0.09801728948788073 0.9951847119813222
vn 3.196116413827857e-7 0.09801728948788073 0.9951847119813222
vn 3.4077031898081374e-7 0.7071078242669946 0.7071057381044797
vn 3.4077031898081374e-7 0.7071078242669946 0.7071057381044797
vn 3.6483608848880876e-7 0.3826824035860119 0.9238799586447902
vn 3.4077031898081374e-7 0.7071078242669946 0.7071057381044797
vn 3.6483608848880876e-7 0.3826824035860119 0.9238799586447902
vn 3.6483608848880876e-7 0.3826824035860119 0.9238799586447902
vn 1.844587857873838e-7 0.9238802867793491 0.38268161139578377
vn 1.844587857873838e-7 0.9238802867793491 0.38268161139578377
vn 3.4077031898081374e-7 0.7071078242669946 0.7071057381044797
vn 1.844587857873838e-7 0.9238802867793491 0.38268161139578377
vn 3.4077031898081374e-7 0.7071078242669946 0.7071057381044797
vn 3.4077031898081374e-7 0.7071078242669946 0.7071057381044797
vn 1.844587857873838e-7 0.9238802867793491 0.38268161139578377
vn 4.724623491278581e-8 0.9951846503599197 0.09801791513801118
vn 1.844587857873838e-7 0.9238802867793491 0.38268161139578377
vn 4.724623491278581e-8 0.9951846503599197 0.09801791513801118
vn 4.724623491278581e-8 0.9951846503599197 0.09801791513801118
vn 1.844587857873838e-7 0.9238802867793491 0.38268161139578377
vn 3.2114607506626433e-7 0 0.9999999999999485
vn 3.196116413827857e-7 0.09801728948788073 0.9951847119813222
vn 3.2114607506626433e-7 0 0.9999999999999485
vn 3.196116413827857e-7 0.09801728948788073 0.9951847119813222
vn 3.196116413827857e-7 0.09801728948788073 0.9951847119813222
vn 3.2114607506626433e-7 0 0.9999999999999485
vn -3.1959964742149743e-7 0.09801728948788073 0.9951847119813222
vn -3.1959964742149743e-7 0.09801728948788073 0.9951847119813222
vn -3.2114607506626433e-7 0 0.9999999999999485
vn -3.1959964742149743e-7 0.09801728948788073 0.9951847119813222
vn -3.2114607506626433e-7 0 0.9999999999999485
vn -3.2114607506626433e-7 0 0.9999999999999485
vn 0.9237402464312445 0.01745981682768291 -0.3826213688746193
vn 0.9950726614482688 0.015012774659749225 -0.09800517861457472
vn 0.9237402464312445 0.01745981682768291 -0.3826213688746193
vn 0.9950726614482688 0.015012774659749225 -0.09800517861457472
vn 0.9707645777452123 0.23003087946278236 -0.068570613886262
vn 0.9237402464312445 0.01745981682768291 -0.3826213688746193
vn 0.7069831714062422 0.018697344644194487 -0.7069831714062422
vn 0.9237402464312445 0.01745981682768291 -0.3826213688746193
vn 0.7069831714062422 0.018697344644194487 -0.7069831714062422
vn 0.9237402464312445 0.01745981682768291 -0.3826213688746193
vn 0.9237402464312445 0.01745981682768291 -0.3826213688746193
vn 0.7069831714062422 0.018697344644194487 -0.7069831714062422
vn 0.38262136898660987 0.017459800068987317 -0.9237402467016168
vn 0.7069831714062422 0.018697344644194487 -0.7069831714062422
vn 0.38262136898660987 0.017459800068987317 -0.9237402467016168
vn 0.7069831714062422 0.018697344644194487 -0.7069831714062422
vn 0.7069831714062422 0.018697344644194487 -0.7069831714062422
vn 0.38262136898660987 0.017459800068987317 -0.9237402467016168
vn 0.09800516812089641 0.015012764369015228 -0.9950726626370535
vn 0.38262136898660987 0.017459800068987317 -0.9237402467016168
vn 0.09800516812089641 0.015012764369015228 -0.9950726626370535
vn 0.38262136898660987 0.017459800068987317 -0.9237402467016168
vn 0.38262136898660987 0.017459800068987317 -0.9237402467016168
vn 0.09800516812089641 0.015012764369015228 -0.9950726626370535
vn -0.09800516810993415 0.015012771817916586 -0.9950726625257509
vn 0.09800516812089641 0.015012764369015228 -0.9950726626370535
vn -0.0688401597711894 0.2379290420247322 -0.9688399265946208
vn 0.09800516812089641 0.015012764369015228 -0.9950726626370535
vn 0.0688401597711894 0.2379290420247322 -0.9688399265946208
vn -0.0688401597711894 0.2379290420247322 -0.9688399265946208
vn -0.3826217373465471 0.017459817322520027 -0.9237400937974783
vn -0.09800516810993415 0.015012771817916586 -0.9950726625257509
vn -0.3826217373465471 0.017459817322520027 -0.9237400937974783
vn -0.09800516810993415 0.015012771817916586 -0.9950726625257509
vn -0.09800516810993415 0.015012771817916586 -0.9950726625257509
vn -0.3826217373465471 0.017459817322520027 -0.9237400937974783
vn -0.706983439665915 0.018697341708101597 -0.7069829032241176
vn -0.3826217373465471 0.017459817322520027 -0.9237400937974783
vn -0.706983439665915 0.018697341708101597 -0.7069829032241176
vn -0.3826217373465471 0.017459817322520027 -0.9237400937974783
vn -0.3826217373465471 0.017459817322520027 -0.9237400937974783
vn -0.706983439665915 0.018697341708101597 -0.7069829032241176
vn -0.9237402467016166 0.017459800068987313 -0.3826213689866098
vn -0.706983439665915 0.018697341708101597 -0.7069829032241176
vn -0.9237402467016166 0.017459800068987313 -0.3826213689866098
vn -0.706983439665915 0.018697341708101597 -0.7069829032241176
vn -0.706983439665915 0.018697341708101597 -0.7069829032241176
vn -0.9237402467016166 0.017459800068987313 -0.3826213689866098
vn -0.9950726616013099 0.015012764417511095 -0.09800517862964782
vn -0.9237402467016166 0.017459800068987313 -0.3826213689866098
vn -0.9950726616013099 0.015012764417511095 -0.09800517862964782
vn -0.9237402467016166 0.017459800068987313 -0.3826213689866098
vn -0.9237402467016166 0.017459800068987313 -0.3826213689866098
vn -0.9950726616013099 0.015012764417511095 -0.09800517862964782
vn -0.995072672416789 0.01501277016862018 0.09800506793617285
vn -0.9950726616013099 0.015012764417511095 -0.09800517862964782
vn -0.995072672416789 0.01501277016862018 0.09800506793617285
vn -0.9950726616013099 0.015012764417511095 -0.09800517862964782
vn -0.9950726616013099 0.015012764417511095 -0.09800517862964782
vn -0.995072672416789 0.01501277016862018 0.09800506793617285
vn -0.923740049964738 0.017459809779492234 0.38262184351341894
vn -0.995072672416789 0.01501277016862018 0.09800506793617285
vn -0.923740049964738 0.017459809779492234 0.38262184351341894
vn -0.995072672416789 0.01501277016862018 0.09800506793617285
vn -0.995072672416789 0.01501277016862018 0.09800506793617285
vn -0.923740049964738 0.017459809779492234 0.38262184351341894
vn -0.7069832313347537 0.018697320152070623 0.7069831121254604
vn -0.923740049964738 0.017459809779492234 0.38262184351341894
vn -0.7069832313347537 0.018697320152070623 0.7069831121254604
vn -0.923740049964738 0.017459809779492234 0.38262184351341894
vn -0.923740049964738 0.017459809779492234 0.38262184351341894
vn -0.7069832313347537 0.018697320152070623 0.7069831121254604
vn -0.38262176299736506 0.017459785468110983 0.9237400837747572
vn -0.7069832313347537 0.018697320152070623 0.7069831121254604
vn -0.38262176299736506 0.017459785468110983 0.9237400837747572
vn -0.7069832313347537 0.018697320152070623 0.7069831121254604
vn -0.7069832313347537 0.018697320152070623 0.7069831121254604
vn -0.38262176299736506 0.017459785468110983 0.9237400837747572
vn -0.09800489085757362 0.015012758327250193 0.9950726900359604
vn -0.38262176299736506 0.017459785468110983 0.9237400837747572
vn -0.09800489085757362 0.015012758327250193 0.9950726900359604
vn -0.38262176299736506 0.017459785468110983 0.9237400837747572
vn -0.38262176299736506 0.017459785468110983 0.9237400837747572
vn -0.09800489085757362 0.015012758327250193 0.9950726900359604
vn 0.0980048908479817 0.015012764845038285 0.9950726899385707
vn -0.09800489085757362 0.015012758327250193 0.9950726900359604
vn 0.0980048908479817 0.015012764845038285 0.9950726899385707
vn -0.09800489085757362 0.015012758327250193 0.9950726900359604
vn -0.09800489085757362 0.015012758327250193 0.9950726900359604
vn 0.0980048908479817 0.015012764845038285 0.9950726899385707
vn 0.38262141550517254 0.017459798969138525 0.9237402274540041
vn 0.0980048908479817 0.015012764845038285 0.9950726899385707
vn 0.38262141550517254 0.017459798969138525 0.9237402274540041
vn 0.0980048908479817 0.015012764845038285 0.9950726899385707
vn 0.0980048908479817 0.015012764845038285 0.9950726899385707
vn 0.38262141550517254 0.017459798969138525 0.9237402274540041
vn 0.7069829631488644 0.01869731750218055 0.7069833803813736
vn 0.38262141550517254 0.017459798969138525 0.9237402274540041
vn 0.7069829631488644 0.01869731750218055 0.7069833803813736
vn 0.38262141550517254 0.017459798969138525 0.9237402274540041
vn 0.38262141550517254 0.017459798969138525 0.9237402274540041
vn 0.7069829631488644 0.01869731750218055 0.7069833803813736
vn 0.9237400502651513 0.017459791158720896 0.3826218436378529
vn 0.7069829631488644 0.01869731750218055 0.7069833803813736
vn 0.9237400502651513 0.017459791158720896 0.3826218436378529
vn 0.7069829631488644 0.01869731750218055 0.7069833803813736
vn 0.7069829631488644 0.01869731750218055 0.7069833803813736
vn 0.9237400502651513 0.017459791158720896 0.3826218436378529
vn 0.9950726725141789 0.015012763650832208 0.09800506794576481
vn 0.9237400502651513 0.017459791158720896 0.3826218436378529
vn 0.9707645865282275 0.2300308666428308 0.06857053255026889
vn 0.9237400502651513 0.017459791158720896 0.3826218436378529
vn 0.9237400502651513 0.017459791158720896 0.3826218436378529
vn 0.9707645865282275 0.2300308666428308 0.06857053255026889
vn 0 1 0
vn 0 1 0
vn 0 1 0
vn 0 1 0
vn 0 1 0
vn 0 1 0
vn 0 1 0
vn 0 1 0
vn 0 1 0
vn 0 1 0
vn 0 1 0
vn 0 1 0
vn 0 1 0
vn 0 1 0
vn 0 1 0
vn 0 1 0
vn 0 1 0
vn 0 1 0
vn 0 1 0
vn 0 1 0
vn 0 1 0
vn 0 1 0
vn 0 1 0
vn 0 1 0
vn 0 1 0
vn 0 1 0
vn 0 1 0
vn 0 1 0
vn 0 1 0
vn 0 1 0
vn 0 1 0
vn 0 1 0
vn 0 1 0
vn 0 1 0
vn 0 1 0
vn 0 1 0
vn 0 1 0
vn 0 1 0
vn 0 1 0
vn 0 1 0
vn 0 1 0
vn 0 1 0
vn 0 1 0
vn 0 1 0
vn 0 1 0
vn 0 1 0
vn 0 1 0
vn 0 1 0
vn 0 1 0
vn 0 1 0
vn 0 1 0
vn 0 1 0
vn 0 1 0
vn 0 1 0
vn 0 1 0
vn 0 1 0
vn 0 1 0
vn 0 1 0
vn 0 1 0
vn 0 1 0
vn 0 1 0
vn 0 1 0
vn 0 1 0
vn 0 1 0
vn 0 1 0
vn 0 1 0
vn 0 1 0
vn 0 1 0
vn 0 1 0
vn 0 1 0
vn 0 1 0
vn 0 1 0
vn 0 1 0
vn 0 1 0
vn 0 1 0
vn 0 1 0
vn 0 1 0
vn 0 1 0
vn 0 1 0
vn 0 1 0
vn 0 1 0
vn 0 1 0
vn 0 1 0
vn 0 1 0
vn 0 1 0
vn 0 1 0
vn 0 1 0
vn 0 1 0
vn 0 1 0
vn 0 1 0
vn 0 1 0
vn 0 1 0
vn 0 1 0
vn 0 1 0
vn 0 1 0
vn 0 1 0
vn 0 1 0
vn 0 1 0
vn 0 1 0
vn 0 1 0
vn 0 1 0
vn 0 1 0
vn 0 1 0
vn 0 1 0
vn 0 1 0
vn 0 1 0
vn 0 1 0
vn 0 1 0
vn 0.9238796621197973 0 0.38268311946231587
vn 0.7071067811865476 0 0.7071067811865476
vn 0.9238796621197973 0 0.38268311946231587
vn 0.7071067811865476 0 0.7071067811865476
vn 0.7071067811865476 0 0.7071067811865476
vn 0.9238796621197973 0 0.38268311946231587
vn 0.7071067811865476 0 0.7071067811865476
vn 0.38268311946231587 0 0.9238796621197973
vn 0.7071067811865476 0 0.7071067811865476
vn 0.38268311946231587 0 0.9238796621197973
vn 0.38268311946231587 0 0.9238796621197973
vn 0.7071067811865476 0 0.7071067811865476
vn 0.38268311946231587 0 0.9238796621197973
vn 0.09801721569788578 0 0.9951847192490619
vn 0.38268311946231587 0 0.9238796621197973
vn 0.09801721569788578 0 0.9951847192490619
vn 0.09801721569788578 0 0.9951847192490619
vn 0.38268311946231587 0 0.9238796621197973
vn -0.09801721569788578 0 0.9951847192490619
vn 0.09801721569788578 0 0.9951847192490619
vn -0.09801721569788578 0 0.9951847192490619
vn 0.09801721569788578 0 0.9951847192490619
vn 0.09801721569788578 0 0.9951847192490619
vn -0.09801721569788578 0 0.9951847192490619
vn -0.09801721569788578 0 0.9951847192490619
vn -0.38268311946231587 0 0.9238796621197973
vn -0.09801721569788578 0 0.9951847192490619
vn -0.38268311946231587 0 0.9238796621197973
vn -0.38268311946231587 0 0.9238796621197973
vn -0.09801721569788578 0 0.9951847192490619
vn -0.38268311946231587 0 0.9238796621197973
vn -0.7071067811865476 0 0.7071067811865476
vn -0.38268311946231587 0 0.9238796621197973
vn -0.7071067811865476 0 0.7071067811865476
vn -0.7071067811865476 0 0.7071067811865476
vn -0.38268311946231587 0 0.9238796621197973
vn -0.7071067811865476 0 0.7071067811865476
vn -0.9238796621197973 0 0.38268311946231587
vn -0.7071067811865476 0 0.7071067811865476
vn -0.9238796621197973 0 0.38268311946231587
vn -0.9238796621197973 0 0.38268311946231587
vn -0.7071067811865476 0 0.7071067811865476
vn -0.9951847192490619 0 0.09801721569788578
vn -1 0 0
vn -0.9951847192490619 0 0.09801721569788578
vn -1 0 0
vn -0.9951847228829044 0 -0.0980171788028852
vn -1 0 0
vn -1 0 0
vn -0.9951847228829044 0 -0.0980171788028852
vn -1 0 0
vn -1 0 0
vn -0.9951847228829044 0 -0.0980171788028852
vn -1 0 0
vn -1 0 0
vn -0.9951847228829044 0 -0.0980171788028852
vn -1 0 0
vn -0.9951847228829044 0 -0.0980171788028852
vn -0.9951847228829044 0 -0.0980171788028852
vn -1 0 0
vn -1 0 0
vn -0.9951847228829044 0 -0.0980171788028852
vn -1 0 0
vn -1 0 0
vn -0.9951847228829044 0 -0.0980171788028852
vn -0.9951847192490619 0 0.09801721569788578
vn -0.9238796621197973 0 0.38268311946231587
vn -0.9951847192490619 0 0.09801721569788578
vn -0.9238796621197973 0 0.38268311946231587
vn -0.9951847192490619 0 0.09801721569788578
vn -0.9951847192490619 0 0.09801721569788578
vn -0.9238796621197973 0 0.38268311946231587
vn -0.49999666308637514 0.707111479190414 -0.4999966928886976
vn -0.27008939405962795 0.707111255576142 -0.6534871012147331
vn -0.49999666308637514 0.707111479190414 -0.4999966928886976
vn -0.27008939405962795 0.707111255576142 -0.6534871012147331
vn -0.27008939405962795 0.707111255576142 -0.6534871012147331
vn -0.49999666308637514 0.707111479190414 -0.4999966928886976
vn -0.650828412031563 0.7097621461027604 -0.26955532651401565
vn -0.49999666308637514 0.707111479190414 -0.4999966928886976
vn -0.650828412031563 0.7097621461027604 -0.26955532651401565
vn -0.49999666308637514 0.707111479190414 -0.4999966928886976
vn -0.49999666308637514 0.707111479190414 -0.4999966928886976
vn -0.650828412031563 0.7097621461027604 -0.26955532651401565
vn -0.7037513868950158 0.7071100490314968 -0.06877037154193731
vn -0.650828412031563 0.7097621461027604 -0.26955532651401565
vn -0.7037513868950158 0.7071100490314968 -0.06877037154193731
vn -0.650828412031563 0.7097621461027604 -0.26955532651401565
vn -0.650828412031563 0.7097621461027604 -0.26955532651401565
vn -0.7037513868950158 0.7071100490314968 -0.06877037154193731
vn 0.6534872652543322 0.7071110607755128 -0.27008950716261293
vn 0.7055088950796645 0.7053062392853279 -0.06928425354045903
vn 0.6534872652543322 0.7071110607755128 -0.27008950716261293
vn 0.7055088950796645 0.7053062392853279 -0.06928425354045903
vn 0.7055088950796645 0.7053062392853279 -0.06928425354045903
vn 0.6534872652543322 0.7071110607755128 -0.27008950716261293
vn 0.4999968231648786 0.7071113160276268 -0.49999676356023237
vn 0.6534872652543322 0.7071110607755128 -0.27008950716261293
vn 0.4999968231648786 0.7071113160276268 -0.49999676356023237
vn 0.6534872652543322 0.7071110607755128 -0.27008950716261293
vn 0.6534872652543322 0.7071110607755128 -0.27008950716261293
vn 0.4999968231648786 0.7071113160276268 -0.49999676356023237
vn 0.26955539991483407 0.7097620443525836 -0.650828492594781
vn 0.4999968231648786 0.7071113160276268 -0.49999676356023237
vn 0.26955539991483407 0.7097620443525836 -0.650828492594781
vn 0.4999968231648786 0.7071113160276268 -0.49999676356023237
vn 0.4999968231648786 0.7071113160276268 -0.49999676356023237
vn 0.26955539991483407 0.7097620443525836 -0.650828492594781
vn 0.06877044860761561 0.7071099561432665 -0.703751472695706
vn 0.26955539991483407 0.7097620443525836 -0.650828492594781
vn 0.06877044860761561 0.7071099561432665 -0.703751472695706
vn 0.26955539991483407 0.7097620443525836 -0.650828492594781
vn 0.26955539991483407 0.7097620443525836 -0.650828492594781
vn 0.06877044860761561 0.7071099561432665 -0.703751472695706
vn -0.0692842889702424 0.7044493443665484 -0.7063645011772804
vn 0.06877044860761561 0.7071099561432665 -0.703751472695706
vn -0.0692842889702424 0.7044493443665484 -0.7063645011772804
vn 0.06877044860761561 0.7071099561432665 -0.703751472695706
vn 0.06877044860761561 0.7071099561432665 -0.703751472695706
vn -0.0692842889702424 0.7044493443665484 -0.7063645011772804
vn -0.27008939405962795 0.707111255576142 -0.6534871012147331
vn -0.0692842889702424 0.7044493443665484 -0.7063645011772804
vn -0.27008939405962795 0.707111255576142 -0.6534871012147331
vn -0.0692842889702424 0.7044493443665484 -0.7063645011772804
vn -0.0692842889702424 0.7044493443665484 -0.7063645011772804
vn -0.27008939405962795 0.707111255576142 -0.6534871012147331
vn -0.6475839734787466 0.7132548761477905 0.26814637596819774
vn -0.70090006628884 0.7098898174799023 0.06924986725366764
vn -0.6475839734787466 0.7132548761477905 0.26814637596819774
vn -0.70090006628884 0.7098898174799023 0.06924986725366764
vn -0.70090006628884 0.7098898174799023 0.06924986725366764
vn -0.6475839734787466 0.7132548761477905 0.26814637596819774
vn -0.4953075689277859 0.7136814058629642 0.49530724110223684
vn -0.6475839734787466 0.7132548761477905 0.26814637596819774
vn -0.4953075689277859 0.7136814058629642 0.49530724110223684
vn -0.6475839734787466 0.7132548761477905 0.26814637596819774
vn -0.6475839734787466 0.7132548761477905 0.26814637596819774
vn -0.4953075689277859 0.7136814058629642 0.49530724110223684
vn -0.26762798583571673 0.7157643478849606 0.6450245417767718
vn -0.4953075689277859 0.7136814058629642 0.49530724110223684
vn -0.26762798583571673 0.7157643478849606 0.6450245417767718
vn -0.4953075689277859 0.7136814058629642 0.49530724110223684
vn -0.4953075689277859 0.7136814058629642 0.49530724110223684
vn -0.26762798583571673 0.7157643478849606 0.6450245417767718
vn -0.0687512992848401 0.7124121333534903 0.6983854316187984
vn -0.26762798583571673 0.7157643478849606 0.6450245417767718
vn -0.0687512992848401 0.7124121333534903 0.6983854316187984
vn -0.26762798583571673 0.7157643478849606 0.6450245417767718
vn -0.26762798583571673 0.7157643478849606 0.6450245417767718
vn -0.0687512992848401 0.7124121333534903 0.6983854316187984
vn 0.06924972566639315 0.7098909496990876 0.7008989335349691
vn -0.0687512992848401 0.7124121333534903 0.6983854316187984
vn 0.06924972566639315 0.7098909496990876 0.7008989335349691
vn -0.0687512992848401 0.7124121333534903 0.6983854316187984
vn -0.0687512992848401 0.7124121333534903 0.6983854316187984
vn 0.06924972566639315 0.7098909496990876 0.7008989335349691
vn 0.2681461226885835 0.7132557503558069 0.6475831154928718
vn 0.06924972566639315 0.7098909496990876 0.7008989335349691
vn 0.2681461226885835 0.7132557503558069 0.6475831154928718
vn 0.06924972566639315 0.7098909496990876 0.7008989335349691
vn 0.06924972566639315 0.7098909496990876 0.7008989335349691
vn 0.2681461226885835 0.7132557503558069 0.6475831154928718
vn 0.4953073193440732 0.713681628193858 0.49530717033246335
vn 0.2681461226885835 0.7132557503558069 0.6475831154928718
vn 0.4953073193440732 0.713681628193858 0.49530717033246335
vn 0.2681461226885835 0.7132557503558069 0.6475831154928718
vn 0.2681461226885835 0.7132557503558069 0.6475831154928718
vn 0.4953073193440732 0.713681628193858 0.49530717033246335
vn 0.6450255029529058 0.7157634025351506 0.26762819756455924
vn 0.4953073193440732 0.713681628193858 0.49530717033246335
vn 0.6450255029529058 0.7157634025351506 0.26762819756455924
vn 0.4953073193440732 0.713681628193858 0.49530717033246335
vn 0.4953073193440732 0.713681628193858 0.49530717033246335
vn 0.6450255029529058 0.7157634025351506 0.26762819756455924
vn 0.738532906649212 0.6706889975563102 0.06888696794879404
vn 0.6450255029529058 0.7157634025351506 0.26762819756455924
vn 0.738532906649212 0.6706889975563102 0.06888696794879404
vn 0.6450255029529058 0.7157634025351506 0.26762819756455924
vn 0.6450255029529058 0.7157634025351506 0.26762819756455924
vn 0.738532906649212 0.6706889975563102 0.06888696794879404
vn 0.93229088322312 0.35006104831504764 -0.0910547720420218
vn 0.9261651523092654 0.366426761484519 0.08916018795360714
vn 0.7615296249611305 0.6439422373222816 -0.07355967168859712
vn 0.9261651523092654 0.366426761484519 0.08916018795360714
vn 0.738532906649212 0.6706889975563102 0.06888696794879404
vn 0.7615296249611305 0.6439422373222816 -0.07355967168859712
vn 0.6709719775161004 0.6892155880455979 -0.27345653874627784
vn 0.7615296249611305 0.6439422373222816 -0.07355967168859712
vn 0.6709719775161004 0.6892155880455979 -0.27345653874627784
vn 0.7615296249611305 0.6439422373222816 -0.07355967168859712
vn 0.7615296249611305 0.6439422373222816 -0.07355967168859712
vn 0.6709719775161004 0.6892155880455979 -0.27345653874627784
vn 0.4947222367282627 0.7153016774553816 -0.49355183994804636
vn 0.6709719775161004 0.6892155880455979 -0.27345653874627784
vn 0.4947222367282627 0.7153016774553816 -0.49355183994804636
vn 0.6709719775161004 0.6892155880455979 -0.27345653874627784
vn 0.6709719775161004 0.6892155880455979 -0.27345653874627784
vn 0.4947222367282627 0.7153016774553816 -0.49355183994804636
vn 0.2687025041087213 0.7054104728589542 -0.6558925438412981
vn 0.4947222367282627 0.7153016774553816 -0.49355183994804636
vn 0.2687025041087213 0.7054104728589542 -0.6558925438412981
vn 0.4947222367282627 0.7153016774553816 -0.49355183994804636
vn 0.4947222367282627 0.7153016774553816 -0.49355183994804636
vn 0.2687025041087213 0.7054104728589542 -0.6558925438412981
vn 0.07136803078142719 0.6662174423848743 -0.7423347786844813
vn 0.2687025041087213 0.7054104728589542 -0.6558925438412981
vn 0.07136803078142719 0.6662174423848743 -0.7423347786844813
vn 0.2687025041087213 0.7054104728589542 -0.6558925438412981
vn 0.2687025041087213 0.7054104728589542 -0.6558925438412981
vn 0.07136803078142719 0.6662174423848743 -0.7423347786844813
vn -0.051035117280969385 0.47087967324737884 -0.8807200180117173
vn 0.050397008957304174 0.4754015235575769 -0.8783242754742078
vn -0.07235595414584871 0.660592600144899 -0.7472496453886381
vn 0.050397008957304174 0.4754015235575769 -0.8783242754742078
vn 0.07136803078142719 0.6662174423848743 -0.7423347786844813
vn -0.07235595414584871 0.660592600144899 -0.7472496453886381
vn -0.27083175038471896 0.6981923235764165 -0.6627047927112899
vn -0.07235595414584871 0.660592600144899 -0.7472496453886381
vn -0.27083175038471896 0.6981923235764165 -0.6627047927112899
vn -0.07235595414584871 0.660592600144899 -0.7472496453886381
vn -0.07235595414584871 0.660592600144899 -0.7472496453886381
vn -0.27083175038471896 0.6981923235764165 -0.6627047927112899
vn -0.4932890605124183 0.7163612349218643 -0.49344957582309973
vn -0.27083175038471896 0.6981923235764165 -0.6627047927112899
vn -0.4932890605124183 0.7163612349218643 -0.49344957582309973
vn -0.27083175038471896 0.6981923235764165 -0.6627047927112899
vn -0.27083175038471896 0.6981923235764165 -0.6627047927112899
vn -0.4932890605124183 0.7163612349218643 -0.49344957582309973
vn -0.6627539975408832 0.6982278209976629 -0.27061974933185234
vn -0.4932890605124183 0.7163612349218643 -0.49344957582309973
vn -0.6627539975408832 0.6982278209976629 -0.27061974933185234
vn -0.4932890605124183 0.7163612349218643 -0.49344957582309973
vn -0.4932890605124183 0.7163612349218643 -0.49344957582309973
vn -0.6627539975408832 0.6982278209976629 -0.27061974933185234
vn -0.7171675345344801 0.6931242732588495 -0.07245322097137541
vn -0.6627539975408832 0.6982278209976629 -0.27061974933185234
vn -0.7171675345344801 0.6931242732588495 -0.07245322097137541
vn -0.6627539975408832 0.6982278209976629 -0.27061974933185234
vn -0.6627539975408832 0.6982278209976629 -0.27061974933185234
vn -0.7171675345344801 0.6931242732588495 -0.07245322097137541
vn -0.70090006628884 0.7098898174799023 0.06924986725366764
vn -0.7171675345344801 0.6931242732588495 -0.07245322097137541
vn -0.70090006628884 0.7098898174799023 0.06924986725366764
vn -0.7171675345344801 0.6931242732588495 -0.07245322097137541
vn -0.7171675345344801 0.6931242732588495 -0.07245322097137541
vn -0.70090006628884 0.7098898174799023 0.06924986725366764
vn 0.7047055429691657 0.07120166785681487 0.7059181398738392
vn 0.6729566450862402 0.3031035361861286 0.6747277971046816
vn 0.7047055429691657 0.07120166785681487 0.7059181398738392
vn 0.6729566450862402 0.3031035361861286 0.6747277971046816
vn 0.6729566450862402 0.3031035361861286 0.6747277971046816
vn 0.7047055429691657 0.07120166785681487 0.7059181398738392
vn 0.30290341633062584 0.6738920268702696 0.67388356301064
vn -2.4209015650755247e-7 0.7071112515208305 0.7071023108239614
vn 0.30290341633062584 0.6738920268702696 0.67388356301064
vn -2.4209015650755247e-7 0.7071112515208305 0.7071023108239614
vn -2.4209015650755247e-7 0.7071112515208305 0.7071023108239614
vn 0.30290341633062584 0.6738920268702696 0.67388356301064
vn 2.4209012808584256e-7 0.7071112515208305 0.7071023108239614
vn -0.30290341633062584 0.6738920268702696 0.67388356301064
vn 2.4209012808584256e-7 0.7071112515208305 0.7071023108239614
vn -0.30290341633062584 0.6738920268702696 0.67388356301064
vn -0.30290341633062584 0.6738920268702696 0.67388356301064
vn 2.4209012808584256e-7 0.7071112515208305 0.7071023108239614
vn -0.6738421770551952 0.30310287413062653 0.6738437267759257
vn -0.7079480871180146 0.070725433375781 0.7027143224808727
vn -0.6738421770551952 0.30310287413062653 0.6738437267759257
vn -0.7079480871180146 0.070725433375781 0.7027143224808727
vn -0.7079480871180146 0.070725433375781 0.7027143224808727
vn -0.6738421770551952 0.30310287413062653 0.6738437267759257
vn -0.7071053363730687 0.6528093794535577 0.2717387667782982
vn -0.7047051117638484 0.7059366629213192 0.0710220627510463
vn -0.7071053363730687 0.6528093794535577 0.2717387667782982
vn -0.7047051117638484 0.7059366629213192 0.0710220627510463
vn -0.7047051117638484 0.7059366629213192 0.0710220627510463
vn -0.7071053363730687 0.6528093794535577 0.2717387667782982
vn -0.707108912222449 0.49999999814053164 0.4999969881059817
vn -0.7071053363730687 0.6528093794535577 0.2717387667782982
vn -0.707108912222449 0.49999999814053164 0.4999969881059817
vn -0.7071053363730687 0.6528093794535577 0.2717387667782982
vn -0.7071053363730687 0.6528093794535577 0.2717387667782982
vn -0.707108912222449 0.49999999814053164 0.4999969881059817
vn -0.7094983914124701 0.2712462788772958 0.6504133214951382
vn -0.707108912222449 0.49999999814053164 0.4999969881059817
vn -0.7094983914124701 0.2712462788772958 0.6504133214951382
vn -0.707108912222449 0.49999999814053164 0.4999969881059817
vn -0.707108912222449 0.49999999814053164 0.4999969881059817
vn -0.7094983914124701 0.2712462788772958 0.6504133214951382
vn -0.7079480871180146 0.070725433375781 0.7027143224808727
vn -0.7094983914124701 0.2712462788772958 0.6504133214951382
vn -0.7079480871180146 0.070725433375781 0.7027143224808727
vn -0.7094983914124701 0.2712462788772958 0.6504133214951382
vn -0.7094983914124701 0.2712462788772958 0.6504133214951382
vn -0.7079480871180146 0.070725433375781 0.7027143224808727
vn 0.7147982242718902 0.6957634210327972 0.07054615886418768
vn 0.7094967281821186 0.6504149360455569 0.2712467578934776
vn 0.7147982242718902 0.6957634210327972 0.07054615886418768
vn 0.7094967281821186 0.6504149360455569 0.2712467578934776
vn 0.7094967281821186 0.6504149360455569 0.2712467578934776
vn 0.7147982242718902 0.6957634210327972 0.07054615886418768
vn 0.7094967281821186 0.6504149360455569 0.2712467578934776
vn 0.7071065400201184 0.5000020331720636 0.4999983078817159
vn 0.7094967281821186 0.6504149360455569 0.2712467578934776
vn 0.7071065400201184 0.5000020331720636 0.4999983078817159
vn 0.7071065400201184 0.5000020331720636 0.4999983078817159
vn 0.7094967281821186 0.6504149360455569 0.2712467578934776
vn 0.7071065400201184 0.5000020331720636 0.4999983078817159
vn 0.7071067693597757 0.2717391849620371 0.6528076532040267
vn 0.7071065400201184 0.5000020331720636 0.4999983078817159
vn 0.7071067693597757 0.2717391849620371 0.6528076532040267
vn 0.7071067693597757 0.2717391849620371 0.6528076532040267
vn 0.7071065400201184 0.5000020331720636 0.4999983078817159
vn 0.7071067693597757 0.2717391849620371 0.6528076532040267
vn 0.7047055429691657 0.07120166785681487 0.7059181398738392
vn 0.7071067693597757 0.2717391849620371 0.6528076532040267
vn 0.7047055429691657 0.07120166785681487 0.7059181398738392
vn 0.7047055429691657 0.07120166785681487 0.7059181398738392
vn 0.7071067693597757 0.2717391849620371 0.6528076532040267
vn 0.6738825892389181 0.6738926028190263 0.3029043013667015
vn 0.7055088950796645 0.7053062392853279 -0.06928425354045903
vn 0.6738825892389181 0.6738926028190263 0.3029043013667015
vn 0.7055088950796645 0.7053062392853279 -0.06928425354045903
vn 0.7055088950796645 0.7053062392853279 -0.06928425354045903
vn 0.6738825892389181 0.6738926028190263 0.3029043013667015
vn 0.7095069986195497 0.70128352516767 0.06929095350970745
vn 0.7147982242718902 0.6957634210327972 0.07054615886418768
vn 0.7095069986195497 0.70128352516767 0.06929095350970745
vn 0.7147982242718902 0.6957634210327972 0.07054615886418768
vn 0.7147982242718902 0.6957634210327972 0.07054615886418768
vn 0.7095069986195497 0.70128352516767 0.06929095350970745
vn 0.6495880010265923 0.7109397726698659 0.26944399892815474
vn 0.7095069986195497 0.70128352516767 0.06929095350970745
vn 0.6495880010265923 0.7109397726698659 0.26944399892815474
vn 0.7095069986195497 0.70128352516767 0.06929095350970745
vn 0.7095069986195497 0.70128352516767 0.06929095350970745
vn 0.6495880010265923 0.7109397726698659 0.26944399892815474
vn 0.5067139844390534 0.6946221563204747 0.5106280426323967
vn 0.6495880010265923 0.7109397726698659 0.26944399892815474
vn 0.5067139844390534 0.6946221563204747 0.5106280426323967
vn 0.6495880010265923 0.7109397726698659 0.26944399892815474
vn 0.6495880010265923 0.7109397726698659 0.26944399892815474
vn 0.5067139844390534 0.6946221563204747 0.5106280426323967
vn 0.2809609775337584 0.6782154451893887 0.6790322076380723
vn 0.5067139844390534 0.6946221563204747 0.5106280426323967
vn 0.2809609775337584 0.6782154451893887 0.6790322076380723
vn 0.5067139844390534 0.6946221563204747 0.5106280426323967
vn 0.5067139844390534 0.6946221563204747 0.5106280426323967
vn 0.2809609775337584 0.6782154451893887 0.6790322076380723
vn 0.07265476822185071 0.6844788136919969 0.7254033624552798
vn 0.2809609775337584 0.6782154451893887 0.6790322076380723
vn 0.07265476822185071 0.6844788136919969 0.7254033624552798
vn 0.2809609775337584 0.6782154451893887 0.6790322076380723
vn 0.2809609775337584 0.6782154451893887 0.6790322076380723
vn 0.07265476822185071 0.6844788136919969 0.7254033624552798
vn -0.0691693422690262 0.7030287359696449 0.7077896569539525
vn 0.07265476822185071 0.6844788136919969 0.7254033624552798
vn -0.0691693422690262 0.7030287359696449 0.7077896569539525
vn 0.07265476822185071 0.6844788136919969 0.7254033624552798
vn 0.07265476822185071 0.6844788136919969 0.7254033624552798
vn -0.0691693422690262 0.7030287359696449 0.7077896569539525
vn -0.27061665308222616 0.7091918057177161 0.651009684856853
vn -0.0691693422690262 0.7030287359696449 0.7077896569539525
vn -0.27061665308222616 0.7091918057177161 0.651009684856853
vn -0.0691693422690262 0.7030287359696449 0.7077896569539525
vn -0.0691693422690262 0.7030287359696449 0.7077896569539525
vn -0.27061665308222616 0.7091918057177161 0.651009684856853
vn -0.5151857705841272 0.6882077418270317 0.5108363004691195
vn -0.27061665308222616 0.7091918057177161 0.651009684856853
vn -0.5151857705841272 0.6882077418270317 0.5108363004691195
vn -0.27061665308222616 0.7091918057177161 0.651009684856853
vn -0.27061665308222616 0.7091918057177161 0.651009684856853
vn -0.5151857705841272 0.6882077418270317 0.5108363004691195
vn -0.6844265516577606 0.6716821844315626 0.2835548245103773
vn -0.5151857705841272 0.6882077418270317 0.5108363004691195
vn -0.6844265516577606 0.6716821844315626 0.2835548245103773
vn -0.5151857705841272 0.6882077418270317 0.5108363004691195
vn -0.5151857705841272 0.6882077418270317 0.5108363004691195
vn -0.6844265516577606 0.6716821844315626 0.2835548245103773
vn -0.7047051117638484 0.7059366629213192 0.0710220627510463
vn -0.7211914971893331 0.688867065129696 0.07310944509027101
vn -0.7047051117638484 0.7059366629213192 0.0710220627510463
vn -0.7211914971893331 0.688867065129696 0.07310944509027101
vn -0.7211914971893331 0.688867065129696 0.07310944509027101
vn -0.7047051117638484 0.7059366629213192 0.0710220627510463
vn -0.7037513868950158 0.7071100490314968 -0.06877037154193731
vn -0.6747782262542764 0.6729956897391265 0.3029045179024073
vn -0.7037513868950158 0.7071100490314968 -0.06877037154193731
vn -0.6747782262542764 0.6729956897391265 0.3029045179024073
vn -0.6747782262542764 0.6729956897391265 0.3029045179024073
vn -0.7037513868950158 0.7071100490314968 -0.06877037154193731
vn -0.7211914971893331 0.688867065129696 0.07310944509027101
vn -0.6844265516577606 0.6716821844315626 0.2835548245103773
vn -0.7211914971893331 0.688867065129696 0.07310944509027101
vn -0.6844265516577606 0.6716821844315626 0.2835548245103773
vn -0.6844265516577606 0.6716821844315626 0.2835548245103773
vn -0.7211914971893331 0.688867065129696 0.07310944509027101
vn -0.7713174849793394 0.6332564974493979 0.06368316734638277
vn -0.787112855722787 0.616804405672306 -0.0023827503336610444
vn -0.9382993777559914 0.33643593802340804 0.08003210174066963
vn -0.787112855722787 0.616804405672306 -0.0023827503336610444
vn -0.9452807183886296 0.3262543635708216 -0.0015664270408927245
vn -0.9382993777559914 0.33643593802340804 0.08003210174066963
vn -0.6828001588542573 0.6803577989832564 0.26626529708405466
vn -0.7713174849793394 0.6332564974493979 0.06368316734638277
vn -0.6828001588542573 0.6803577989832564 0.26626529708405466
vn -0.7713174849793394 0.6332564974493979 0.06368316734638277
vn -0.7713174849793394 0.6332564974493979 0.06368316734638277
vn -0.6828001588542573 0.6803577989832564 0.26626529708405466
vn -0.4996582213228388 0.7088008442922927 0.4979387763521032
vn -0.6828001588542573 0.6803577989832564 0.26626529708405466
vn -0.4996582213228388 0.7088008442922927 0.4979387763521032
vn -0.6828001588542573 0.6803577989832564 0.26626529708405466
vn -0.6828001588542573 0.6803577989832564 0.26626529708405466
vn -0.4996582213228388 0.7088008442922927 0.4979387763521032
vn -0.26198863604646283 0.6979372996585266 0.6665174268748553
vn -0.4996582213228388 0.7088008442922927 0.4979387763521032
vn -0.26198863604646283 0.6979372996585266 0.6665174268748553
vn -0.4996582213228388 0.7088008442922927 0.4979387763521032
vn -0.4996582213228388 0.7088008442922927 0.4979387763521032
vn -0.26198863604646283 0.6979372996585266 0.6665174268748553
vn -0.06295573055038638 0.657358894073255 0.750943313688626
vn -0.26198863604646283 0.6979372996585266 0.6665174268748553
vn -0.06295573055038638 0.657358894073255 0.750943313688626
vn -0.26198863604646283 0.6979372996585266 0.6665174268748553
vn -0.26198863604646283 0.6979372996585266 0.6665174268748553
vn -0.06295573055038638 0.657358894073255 0.750943313688626
vn 0.06387348276434757 0.6511988439357146 0.7562144165885372
vn -0.06295573055038638 0.657358894073255 0.750943313688626
vn 0.04506392054527349 0.45943278304871504 0.88706863371737
vn -0.06295573055038638 0.657358894073255 0.750943313688626
vn -0.044473132625083046 0.4643709427016188 0.8845234694732084
vn 0.04506392054527349 0.45943278304871504 0.88706863371737
vn 0.26408747442101155 0.6901213088395987 0.6737880860771067
vn 0.06387348276434757 0.6511988439357146 0.7562144165885372
vn 0.26408747442101155 0.6901213088395987 0.6737880860771067
vn 0.06387348276434757 0.6511988439357146 0.7562144165885372
vn 0.06387348276434757 0.6511988439357146 0.7562144165885372
vn 0.26408747442101155 0.6901213088395987 0.6737880860771067
vn 0.49818152714708824 0.7099073604120534 0.49784204888918937
vn 0.26408747442101155 0.6901213088395987 0.6737880860771067
vn 0.49818152714708824 0.7099073604120534 0.49784204888918937
vn 0.26408747442101155 0.6901213088395987 0.6737880860771067
vn 0.26408747442101155 0.6901213088395987 0.6737880860771067
vn 0.49818152714708824 0.7099073604120534 0.49784204888918937
vn 0.674107063265672 0.6900485040534949 0.2634629562364798
vn 0.49818152714708824 0.7099073604120534 0.49784204888918937
vn 0.674107063265672 0.6900485040534949 0.2634629562364798
vn 0.49818152714708824 0.7099073604120534 0.49784204888918937
vn 0.49818152714708824 0.7099073604120534 0.49784204888918937
vn 0.674107063265672 0.6900485040534949 0.2634629562364798
vn 0.7079679141281953 0.7062413464387476 -0.002143162466288179
vn 0.7258694093593453 0.6849592254173218 0.06280493668508562
vn 0.7079679141281953 0.7062413464387476 -0.002143162466288179
vn 0.7258694093593453 0.6849592254173218 0.06280493668508562
vn 0.7258694093593453 0.6849592254173218 0.06280493668508562
vn 0.7079679141281953 0.7062413464387476 -0.002143162466288179
vn 0.7258694093593453 0.6849592254173218 0.06280493668508562
vn 0.674107063265672 0.6900485040534949 0.2634629562364798
vn 0.7258694093593453 0.6849592254173218 0.06280493668508562
vn 0.674107063265672 0.6900485040534949 0.2634629562364798
vn 0.674107063265672 0.6900485040534949 0.2634629562364798
vn 0.7258694093593453 0.6849592254173218 0.06280493668508562
vn -0.47721897385544837 0.7383272466809018 0.4765867474038189
vn -0.7392885628531387 0.4759183106002625 0.47639708486716514
vn -0.4764746102707224 0.47663116186934423 0.7387791830462213
vn 0.4757703238121032 0.47655346923872643 0.7392830242446127
vn 0.7382730714182059 0.4767103708938157 0.4771793104284904
vn 0.4765063629145392 0.7388386292982534 0.47650725698423047
vn -0.6532839757034264 -0.7071041058176616 0.27059902184769635
vn -0.7062386652378742 -0.7045234820327627 0.0698112525847908
vn -0.6532839757034264 -0.7071041058176616 0.27059902184769635
vn -0.7062386652378742 -0.7045234820327627 0.0698112525847908
vn -0.7062386652378742 -0.7045234820327627 0.0698112525847908
vn -0.6532839757034264 -0.7071041058176616 0.27059902184769635
vn -0.7062386652378742 -0.7045234820327627 0.0698112525847908
vn -0.703704601390612 -0.7071040328362891 -0.06930887914499982
vn -0.7062386652378742 -0.7045234820327627 0.0698112525847908
vn -0.703704601390612 -0.7071040328362891 -0.06930887914499982
vn -0.703704601390612 -0.7071040328362891 -0.06930887914499982
vn -0.7062386652378742 -0.7045234820327627 0.0698112525847908
vn -0.5000020254626198 -0.707104085326936 0.5000017870440413
vn -0.6532839757034264 -0.7071041058176616 0.27059902184769635
vn -0.5000020254626198 -0.707104085326936 0.5000017870440413
vn -0.6532839757034264 -0.7071041058176616 0.27059902184769635
vn -0.6532839757034264 -0.7071041058176616 0.27059902184769635
vn -0.5000020254626198 -0.707104085326936 0.5000017870440413
vn -0.27007690474760804 -0.7096760974843228 0.6507060028779308
vn -0.5000020254626198 -0.707104085326936 0.5000017870440413
vn -0.27007690474760804 -0.7096760974843228 0.6507060028779308
vn -0.5000020254626198 -0.707104085326936 0.5000017870440413
vn -0.5000020254626198 -0.707104085326936 0.5000017870440413
vn -0.27007690474760804 -0.7096760974843228 0.6507060028779308
vn -0.06930891464643904 -0.7071039717706079 0.7037046592546933
vn -0.27007690474760804 -0.7096760974843228 0.6507060028779308
vn -0.06930891464643904 -0.7071039717706079 0.7037046592546933
vn -0.27007690474760804 -0.7096760974843228 0.6507060028779308
vn -0.27007690474760804 -0.7096760974843228 0.6507060028779308
vn -0.06930891464643904 -0.7071039717706079 0.7037046592546933
vn 0.0698112525847908 -0.7045234820327627 0.7062386652378742
vn -0.06930891464643904 -0.7071039717706079 0.7037046592546933
vn 0.0698112525847908 -0.7045234820327627 0.7062386652378742
vn -0.06930891464643904 -0.7071039717706079 0.7037046592546933
vn -0.06930891464643904 -0.7071039717706079 0.7037046592546933
vn 0.0698112525847908 -0.7045234820327627 0.7062386652378742
vn 0.27059902184769635 -0.7071041058176616 0.6532839757034264
vn 0.0698112525847908 -0.7045234820327627 0.7062386652378742
vn 0.27059902184769635 -0.7071041058176616 0.6532839757034264
vn 0.0698112525847908 -0.7045234820327627 0.7062386652378742
vn 0.0698112525847908 -0.7045234820327627 0.7062386652378742
vn 0.27059902184769635 -0.7071041058176616 0.6532839757034264
vn 0.5000018528208364 -0.7071040344509641 0.5000020316347725
vn 0.27059902184769635 -0.7071041058176616 0.6532839757034264
vn 0.5000018528208364 -0.7071040344509641 0.5000020316347725
vn 0.27059902184769635 -0.7071041058176616 0.6532839757034264
vn 0.27059902184769635 -0.7071041058176616 0.6532839757034264
vn 0.5000018528208364 -0.7071040344509641 0.5000020316347725
vn 0.6507060372448765 -0.7096760699594641 0.27007689427264814
vn 0.5000018528208364 -0.7071040344509641 0.5000020316347725
vn 0.6507060372448765 -0.7096760699594641 0.27007689427264814
vn 0.5000018528208364 -0.7071040344509641 0.5000020316347725
vn 0.5000018528208364 -0.7071040344509641 0.5000020316347725
vn 0.6507060372448765 -0.7096760699594641 0.27007689427264814
vn 0.7037046593209001 -0.7071039715492087 0.06930891623299054
vn 0.6507060372448765 -0.7096760699594641 0.27007689427264814
vn 0.7037046593209001 -0.7071039715492087 0.06930891623299054
vn 0.6507060372448765 -0.7096760699594641 0.27007689427264814
vn 0.6507060372448765 -0.7096760699594641 0.27007689427264814
vn 0.7037046593209001 -0.7071039715492087 0.06930891623299054
vn 0.7062385780340025 -0.7045235735650991 -0.06981121104502239
vn 0.7037046593209001 -0.7071039715492087 0.06930891623299054
vn 0.7062385780340025 -0.7045235735650991 -0.06981121104502239
vn 0.7037046593209001 -0.7071039715492087 0.06930891623299054
vn 0.7037046593209001 -0.7071039715492087 0.06930891623299054
vn 0.7062385780340025 -0.7045235735650991 -0.06981121104502239
vn -0.703704601390612 -0.7071040328362891 -0.06930887914499982
vn -0.6507056986563219 -0.7096763887474377 -0.27007687237263334
vn -0.703704601390612 -0.7071040328362891 -0.06930887914499982
vn -0.6507056986563219 -0.7096763887474377 -0.27007687237263334
vn -0.6507056986563219 -0.7096763887474377 -0.27007687237263334
vn -0.703704601390612 -0.7071040328362891 -0.06930887914499982
vn -0.6507056986563219 -0.7096763887474377 -0.27007687237263334
vn -0.5000014334717799 -0.7071046275041978 -0.5000016122857154
vn -0.6507056986563219 -0.7096763887474377 -0.27007687237263334
vn -0.5000014334717799 -0.7071046275041978 -0.5000016122857154
vn -0.5000014334717799 -0.7071046275041978 -0.5000016122857154
vn -0.6507056986563219 -0.7096763887474377 -0.27007687237263334
vn -0.5000014334717799 -0.7071046275041978 -0.5000016122857154
vn -0.2705990367247804 -0.707103846669846 -0.6532842500384712
vn -0.5000014334717799 -0.7071046275041978 -0.5000016122857154
vn -0.2705990367247804 -0.707103846669846 -0.6532842500384712
vn -0.2705990367247804 -0.707103846669846 -0.6532842500384712
vn -0.5000014334717799 -0.7071046275041978 -0.5000016122857154
vn -0.2705990367247804 -0.707103846669846 -0.6532842500384712
vn -0.06981138889467393 -0.7045227889733279 -0.7062393431393076
vn -0.2705990367247804 -0.707103846669846 -0.6532842500384712
vn -0.06981138889467393 -0.7045227889733279 -0.7062393431393076
vn -0.06981138889467393 -0.7045227889733279 -0.7062393431393076
vn -0.2705990367247804 -0.707103846669846 -0.6532842500384712
vn -0.06981138889467393 -0.7045227889733279 -0.7062393431393076
vn 0.06930891464643904 -0.7071039717706079 -0.7037046592546933
vn -0.06981138889467393 -0.7045227889733279 -0.7062393431393076
vn 0.06930891464643904 -0.7071039717706079 -0.7037046592546933
vn 0.06930891464643904 -0.7071039717706079 -0.7037046592546933
vn -0.06981138889467393 -0.7045227889733279 -0.7062393431393076
vn 0.06930891464643904 -0.7071039717706079 -0.7037046592546933
vn 0.27007716767616635 -0.7096758451591557 -0.6507061689408346
vn 0.06930891464643904 -0.7071039717706079 -0.7037046592546933
vn 0.27007716767616635 -0.7096758451591557 -0.6507061689408346
vn 0.27007716767616635 -0.7096758451591557 -0.6507061689408346
vn 0.06930891464643904 -0.7071039717706079 -0.7037046592546933
vn 0.27007716767616635 -0.7096758451591557 -0.6507061689408346
vn 0.5000019720301307 -0.7071040344509691 -0.5000019124254853
vn 0.27007716767616635 -0.7096758451591557 -0.6507061689408346
vn 0.5000019720301307 -0.7071040344509691 -0.5000019124254853
vn 0.5000019720301307 -0.7071040344509691 -0.5000019124254853
vn 0.27007716767616635 -0.7096758451591557 -0.6507061689408346
vn 0.5000019720301307 -0.7071040344509691 -0.5000019124254853
vn 0.6532835871399358 -0.7071044944764101 -0.27059894431582343
vn 0.5000019720301307 -0.7071040344509691 -0.5000019124254853
vn 0.6532835871399358 -0.7071044944764101 -0.27059894431582343
vn 0.6532835871399358 -0.7071044944764101 -0.27059894431582343
vn 0.5000019720301307 -0.7071040344509691 -0.5000019124254853
vn 0.6532835871399358 -0.7071044944764101 -0.27059894431582343
vn 0.7062385780340025 -0.7045235735650991 -0.06981121104502239
vn 0.6532835871399358 -0.7071044944764101 -0.27059894431582343
vn 0.7062385780340025 -0.7045235735650991 -0.06981121104502239
vn 0.7062385780340025 -0.7045235735650991 -0.06981121104502239
vn 0.6532835871399358 -0.7071044944764101 -0.27059894431582343
vn -0.06869775656830707 -0.7129337637080763 0.6978581996419606
vn -0.26741122417466584 -0.7163066654542597 0.6445122172707094
vn -0.06869775656830707 -0.7129337637080763 0.6978581996419606
vn -0.26741122417466584 -0.7163066654542597 0.6445122172707094
vn -0.26741122417466584 -0.7163066654542597 0.6445122172707094
vn -0.06869775656830707 -0.7129337637080763 0.6978581996419606
vn -0.26741122417466584 -0.7163066654542597 0.6445122172707094
vn -0.4949028926832931 -0.7142423920703652 0.49490295228793235
vn -0.26741122417466584 -0.7163066654542597 0.6445122172707094
vn -0.4949028926832931 -0.7142423920703652 0.49490295228793235
vn -0.4949028926832931 -0.7142423920703652 0.49490295228793235
vn -0.26741122417466584 -0.7163066654542597 0.6445122172707094
vn -0.4949028926832931 -0.7142423920703652 0.49490295228793235
vn -0.6470654682907048 -0.7138072336209563 0.2679281862293113
vn -0.4949028926832931 -0.7142423920703652 0.49490295228793235
vn -0.6470654682907048 -0.7138072336209563 0.2679281862293113
vn -0.6470654682907048 -0.7138072336209563 0.2679281862293113
vn -0.4949028926832931 -0.7142423920703652 0.49490295228793235
vn -0.6470654682907048 -0.7138072336209563 0.2679281862293113
vn -0.700366735938556 -0.7104213242633207 0.06919521098112659
vn -0.6470654682907048 -0.7138072336209563 0.2679281862293113
vn -0.700366735938556 -0.7104213242633207 0.06919521098112659
vn -0.700366735938556 -0.7104213242633207 0.06919521098112659
vn -0.6470654682907048 -0.7138072336209563 0.2679281862293113
vn 0.6978581996419606 -0.7129337637080763 0.06869775656830707
vn 0.64451224478829 -0.7163066364324733 0.2674112355918426
vn 0.6978581996419606 -0.7129337637080763 0.06869775656830707
vn 0.64451224478829 -0.7163066364324733 0.2674112355918426
vn 0.64451224478829 -0.7163066364324733 0.2674112355918426
vn 0.6978581996419606 -0.7129337637080763 0.06869775656830707
vn 0.64451224478829 -0.7163066364324733 0.2674112355918426
vn 0.49490293565072935 -0.7142423944761979 0.4949029058484071
vn 0.64451224478829 -0.7163066364324733 0.2674112355918426
vn 0.49490293565072935 -0.7142423944761979 0.4949029058484071
vn 0.49490293565072935 -0.7142423944761979 0.4949029058484071
vn 0.64451224478829 -0.7163066364324733 0.2674112355918426
vn 0.49490293565072935 -0.7142423944761979 0.4949029058484071
vn 0.2679281862293113 -0.7138072336209563 0.6470654682907048
vn 0.49490293565072935 -0.7142423944761979 0.4949029058484071
vn 0.2679281862293113 -0.7138072336209563 0.6470654682907048
vn 0.2679281862293113 -0.7138072336209563 0.6470654682907048
vn 0.49490293565072935 -0.7142423944761979 0.4949029058484071
vn 0.2679281862293113 -0.7138072336209563 0.6470654682907048
vn 0.06919521839603397 -0.7104213238970669 0.7003667355774859
vn 0.2679281862293113 -0.7138072336209563 0.6470654682907048
vn 0.06919521839603397 -0.7104213238970669 0.7003667355774859
vn 0.06919521839603397 -0.7104213238970669 0.7003667355774859
vn 0.2679281862293113 -0.7138072336209563 0.6470654682907048
vn -0.26792775867994184 -0.7138071465303867 -0.6470657413979587
vn -0.06919504558657626 -0.7104204149803527 -0.7003676746148517
vn -0.26792775867994184 -0.7138071465303867 -0.6470657413979587
vn -0.06919504558657626 -0.7104204149803527 -0.7003676746148517
vn -0.06919504558657626 -0.7104204149803527 -0.7003676746148517
vn -0.26792775867994184 -0.7138071465303867 -0.6470657413979587
vn -0.49490262800412305 -0.7142427382156106 -0.49490271741108793
vn -0.26792775867994184 -0.7138071465303867 -0.6470657413979587
vn -0.49490262800412305 -0.7142427382156106 -0.49490271741108793
vn -0.26792775867994184 -0.7138071465303867 -0.6470657413979587
vn -0.26792775867994184 -0.7138071465303867 -0.6470657413979587
vn -0.49490262800412305 -0.7142427382156106 -0.49490271741108793
vn -0.6445120698084978 -0.7163067599030093 -0.267411326589617
vn -0.49490262800412305 -0.7142427382156106 -0.49490271741108793
vn -0.6445120698084978 -0.7163067599030093 -0.267411326589617
vn -0.49490262800412305 -0.7142427382156106 -0.49490271741108793
vn -0.49490262800412305 -0.7142427382156106 -0.49490271741108793
vn -0.6445120698084978 -0.7163067599030093 -0.267411326589617
vn -0.6978581099049814 -0.7129338534217144 -0.06869773711784442
vn -0.6445120698084978 -0.7163067599030093 -0.267411326589617
vn -0.6978581099049814 -0.7129338534217144 -0.06869773711784442
vn -0.6445120698084978 -0.7163067599030093 -0.267411326589617
vn -0.6445120698084978 -0.7163067599030093 -0.267411326589617
vn -0.6978581099049814 -0.7129338534217144 -0.06869773711784442
vn 0.06869758693957571 -0.7129328876400277 -0.6978591113326036
vn 0.26741126672196797 -0.7163059247334682 -0.6445130228489443
vn 0.06869758693957571 -0.7129328876400277 -0.6978591113326036
vn 0.26741126672196797 -0.7163059247334682 -0.6445130228489443
vn 0.26741126672196797 -0.7163059247334682 -0.6445130228489443
vn 0.06869758693957571 -0.7129328876400277 -0.6978591113326036
vn 0.26741126672196797 -0.7163059247334682 -0.6445130228489443
vn 0.4949027922800156 -0.7142422834078358 -0.4949032095125313
vn 0.26741126672196797 -0.7163059247334682 -0.6445130228489443
vn 0.4949027922800156 -0.7142422834078358 -0.4949032095125313
vn 0.4949027922800156 -0.7142422834078358 -0.4949032095125313
vn 0.26741126672196797 -0.7163059247334682 -0.6445130228489443
vn 0.4949027922800156 -0.7142422834078358 -0.4949032095125313
vn 0.6470652075456985 -0.7138075070148742 -0.2679280875777166
vn 0.4949027922800156 -0.7142422834078358 -0.4949032095125313
vn 0.6470652075456985 -0.7138075070148742 -0.2679280875777166
vn 0.6470652075456985 -0.7138075070148742 -0.2679280875777166
vn 0.4949027922800156 -0.7142422834078358 -0.4949032095125313
vn 0.6470652075456985 -0.7138075070148742 -0.2679280875777166
vn 0.700366735938556 -0.7104213242633207 -0.06919521098112659
vn 0.6470652075456985 -0.7138075070148742 -0.2679280875777166
vn 0.700366735938556 -0.7104213242633207 -0.06919521098112659
vn 0.700366735938556 -0.7104213242633207 -0.06919521098112659
vn 0.6470652075456985 -0.7138075070148742 -0.2679280875777166
vn -0.06919504558657626 -0.7104204149803527 -0.7003676746148517
vn 0.06869758693957571 -0.7129328876400277 -0.6978591113326036
vn -0.06919504558657626 -0.7104204149803527 -0.7003676746148517
vn 0.06869758693957571 -0.7129328876400277 -0.6978591113326036
vn 0.06869758693957571 -0.7129328876400277 -0.6978591113326036
vn -0.06919504558657626 -0.7104204149803527 -0.7003676746148517
vn 0.700366735938556 -0.7104213242633207 -0.06919521098112659
vn 0.6978581996419606 -0.7129337637080763 0.06869775656830707
vn 0.700366735938556 -0.7104213242633207 -0.06919521098112659
vn 0.6978581996419606 -0.7129337637080763 0.06869775656830707
vn 0.6978581996419606 -0.7129337637080763 0.06869775656830707
vn 0.700366735938556 -0.7104213242633207 -0.06919521098112659
vn 0.06919521839603397 -0.7104213238970669 0.7003667355774859
vn -0.06869775656830707 -0.7129337637080763 0.6978581996419606
vn 0.06919521839603397 -0.7104213238970669 0.7003667355774859
vn -0.06869775656830707 -0.7129337637080763 0.6978581996419606
vn -0.06869775656830707 -0.7129337637080763 0.6978581996419606
vn 0.06919521839603397 -0.7104213238970669 0.7003667355774859
vn -0.700366735938556 -0.7104213242633207 0.06919521098112659
vn -0.6978581099049814 -0.7129338534217144 -0.06869773711784442
vn -0.700366735938556 -0.7104213242633207 0.06919521098112659
vn -0.6978581099049814 -0.7129338534217144 -0.06869773711784442
vn -0.6978581099049814 -0.7129338534217144 -0.06869773711784442
vn -0.700366735938556 -0.7104213242633207 0.06919521098112659
vn 0.7013098756828328 0.7096402806305103 -0.0676397100554106
vn 0.6985550489801682 0.7124026384075444 0.06710681287532771
vn 0.7013098756828328 0.7096402806305103 -0.0676397100554106
vn 0.6985550489801682 0.7124026384075444 0.06710681287532771
vn 0.6985550489801682 0.7124026384075444 0.06710681287532771
vn 0.7013098756828328 0.7096402806305103 -0.0676397100554106
vn 0.6482267478801114 0.7132531513470775 -0.2665933709345333
vn 0.7013098756828328 0.7096402806305103 -0.0676397100554106
vn 0.6482267478801114 0.7132531513470775 -0.2665933709345333
vn 0.7013098756828328 0.7096402806305103 -0.0676397100554106
vn 0.7013098756828328 0.7096402806305103 -0.0676397100554106
vn 0.6482267478801114 0.7132531513470775 -0.2665933709345333
vn 0.4953043885354656 0.7136855307680549 -0.4953044779424351
vn 0.6482267478801114 0.7132531513470775 -0.2665933709345333
vn 0.4953043885354656 0.7136855307680549 -0.4953044779424351
vn 0.6482267478801114 0.7132531513470775 -0.2665933709345333
vn 0.6482267478801114 0.7132531513470775 -0.2665933709345333
vn 0.4953043885354656 0.7136855307680549 -0.4953044779424351
vn 0.266038477404958 0.7160003184845669 -0.6454200744244406
vn 0.4953043885354656 0.7136855307680549 -0.4953044779424351
vn 0.266038477404958 0.7160003184845669 -0.6454200744244406
vn 0.4953043885354656 0.7136855307680549 -0.4953044779424351
vn 0.4953043885354656 0.7136855307680549 -0.4953044779424351
vn 0.266038477404958 0.7160003184845669 -0.6454200744244406
vn 0.06710675348371305 0.7124027002737054 -0.6985549915930808
vn 0.266038477404958 0.7160003184845669 -0.6454200744244406
vn 0.06710675348371305 0.7124027002737054 -0.6985549915930808
vn 0.266038477404958 0.7160003184845669 -0.6454200744244406
vn 0.266038477404958 0.7160003184845669 -0.6454200744244406
vn 0.06710675348371305 0.7124027002737054 -0.6985549915930808
vn -0.0676397590426752 0.7096404262200572 -0.701309723639181
vn 0.06710675348371305 0.7124027002737054 -0.6985549915930808
vn -0.0676397590426752 0.7096404262200572 -0.701309723639181
vn 0.06710675348371305 0.7124027002737054 -0.6985549915930808
vn 0.06710675348371305 0.7124027002737054 -0.6985549915930808
vn -0.0676397590426752 0.7096404262200572 -0.701309723639181
vn -0.2665933955188873 0.7132533162006777 -0.6482265563785907
vn -0.0676397590426752 0.7096404262200572 -0.701309723639181
vn -0.2665933955188873 0.7132533162006777 -0.6482265563785907
vn -0.0676397590426752 0.7096404262200572 -0.701309723639181
vn -0.0676397590426752 0.7096404262200572 -0.701309723639181
vn -0.2665933955188873 0.7132533162006777 -0.6482265563785907
vn -0.4953044779424351 0.7136855307680549 -0.4953043885354656
vn -0.2665933955188873 0.7132533162006777 -0.6482265563785907
vn -0.4953044779424351 0.7136855307680549 -0.4953043885354656
vn -0.2665933955188873 0.7132533162006777 -0.6482265563785907
vn -0.2665933955188873 0.7132533162006777 -0.6482265563785907
vn -0.4953044779424351 0.7136855307680549 -0.4953043885354656
vn -0.6454200744244406 0.7160003184845669 -0.266038477404958
vn -0.4953044779424351 0.7136855307680549 -0.4953043885354656
vn -0.6454200744244406 0.7160003184845669 -0.266038477404958
vn -0.4953044779424351 0.7136855307680549 -0.4953043885354656
vn -0.4953044779424351 0.7136855307680549 -0.4953043885354656
vn -0.6454200744244406 0.7160003184845669 -0.266038477404958
vn -0.6985549915930808 0.7124027002737054 -0.06710675348371305
vn -0.6454200744244406 0.7160003184845669 -0.266038477404958
vn -0.6985549915930808 0.7124027002737054 -0.06710675348371305
vn -0.6454200744244406 0.7160003184845669 -0.266038477404958
vn -0.6454200744244406 0.7160003184845669 -0.266038477404958
vn -0.6985549915930808 0.7124027002737054 -0.06710675348371305
vn -0.7013097254063249 0.7096404280081926 0.06763972196021012
vn -0.6985549915930808 0.7124027002737054 -0.06710675348371305
vn -0.7013097254063249 0.7096404280081926 0.06763972196021012
vn -0.6985549915930808 0.7124027002737054 -0.06710675348371305
vn -0.6985549915930808 0.7124027002737054 -0.06710675348371305
vn -0.7013097254063249 0.7096404280081926 0.06763972196021012
vn -0.6482265063689955 0.713253326758254 0.2665934888719711
vn -0.7013097254063249 0.7096404280081926 0.06763972196021012
vn -0.6482265063689955 0.713253326758254 0.2665934888719711
vn -0.7013097254063249 0.7096404280081926 0.06763972196021012
vn -0.7013097254063249 0.7096404280081926 0.06763972196021012
vn -0.6482265063689955 0.713253326758254 0.2665934888719711
vn -0.4953042598884468 0.7136858747970755 0.4953041108768339
vn -0.6482265063689955 0.713253326758254 0.2665934888719711
vn -0.4953042598884468 0.7136858747970755 0.4953041108768339
vn -0.6482265063689955 0.713253326758254 0.2665934888719711
vn -0.6482265063689955 0.713253326758254 0.2665934888719711
vn -0.4953042598884468 0.7136858747970755 0.4953041108768339
vn -0.26603835879843263 0.7160007373393261 0.6454196586542571
vn -0.4953042598884468 0.7136858747970755 0.4953041108768339
vn -0.26603835879843263 0.7160007373393261 0.6454196586542571
vn -0.4953042598884468 0.7136858747970755 0.4953041108768339
vn -0.4953042598884468 0.7136858747970755 0.4953041108768339
vn -0.26603835879843263 0.7160007373393261 0.6454196586542571
vn -0.06710662739423096 0.7124027063289323 0.6985549975306059
vn -0.26603835879843263 0.7160007373393261 0.6454196586542571
vn -0.06710662739423096 0.7124027063289323 0.6985549975306059
vn -0.26603835879843263 0.7160007373393261 0.6454196586542571
vn -0.26603835879843263 0.7160007373393261 0.6454196586542571
vn -0.06710662739423096 0.7124027063289323 0.6985549975306059
vn 0.06763948473318357 0.7096402616953925 0.7013099165746371
vn -0.06710662739423096 0.7124027063289323 0.6985549975306059
vn 0.06763948473318357 0.7096402616953925 0.7013099165746371
vn -0.06710662739423096 0.7124027063289323 0.6985549975306059
vn -0.06710662739423096 0.7124027063289323 0.6985549975306059
vn 0.06763948473318357 0.7096402616953925 0.7013099165746371
vn 0.26659336370150766 0.7132535492280984 0.6482263130603664
vn 0.06763948473318357 0.7096402616953925 0.7013099165746371
vn 0.26659336370150766 0.7132535492280984 0.6482263130603664
vn 0.06763948473318357 0.7096402616953925 0.7013099165746371
vn 0.06763948473318357 0.7096402616953925 0.7013099165746371
vn 0.26659336370150766 0.7132535492280984 0.6482263130603664
vn 0.4953041151974456 0.7136861790458923 0.4953038171742172
vn 0.26659336370150766 0.7132535492280984 0.6482263130603664
vn 0.4953041151974456 0.7136861790458923 0.4953038171742172
vn 0.26659336370150766 0.7132535492280984 0.6482263130603664
vn 0.26659336370150766 0.7132535492280984 0.6482263130603664
vn 0.4953041151974456 0.7136861790458923 0.4953038171742172
vn 0.6454196125989969 0.7160006862476065 0.266038608035596
vn 0.4953041151974456 0.7136861790458923 0.4953038171742172
vn 0.6454196125989969 0.7160006862476065 0.266038608035596
vn 0.4953041151974456 0.7136861790458923 0.4953038171742172
vn 0.4953041151974456 0.7136861790458923 0.4953038171742172
vn 0.6454196125989969 0.7160006862476065 0.266038608035596
vn 0.6985550489801682 0.7124026384075444 0.06710681287532771
vn 0.6454196125989969 0.7160006862476065 0.266038608035596
vn 0.6985550489801682 0.7124026384075444 0.06710681287532771
vn 0.6454196125989969 0.7160006862476065 0.266038608035596
vn 0.6454196125989969 0.7160006862476065 0.266038608035596
vn 0.6985550489801682 0.7124026384075444 0.06710681287532771
vn 1 0 0
vn 1 0 0
vn 1 0 0
vn 1 0 0
vn 1 0 0
vn 1 0 0
vn 1 0 0
vn 1 0 0
vn 1 0 0
vn 1 0 0
vn 1 0 0
vn 1 0 0
vn 1 0 0
vn 1 0 0
vn 1 0 0
vn 1 0 0
vn 1 0 0
vn 1 0 0
vn 1 0 0
vn 1 0 0
vn 1 0 0
vn 1 0 0
vn 1 0 0
vn 1 0 0
vn 1 0 0
vn 1 0 0
vn 1 0 0
vn 1 0 0
vn 1 0 0
vn 1 0 0
vn -0.9320554410389364 -0.3137738395325038 0.18115913571979783
vn -0.9320546843799584 -0.18115751171487654 0.31377702477181213
vn -0.9320553265389606 -0.3623159784916355 -2.07032203111057e-8
vn -0.9320546843799584 -0.18115751171487654 0.31377702477181213
vn -0.9320546567446015 0 0.362317701528235
vn -0.9320553265389606 -0.3623159784916355 -2.07032203111057e-8
vn -0.9320546567446015 0 0.362317701528235
vn -0.9320546843799584 0.18115751171487654 0.31377702477181213
vn -0.9320553265389606 -0.3623159784916355 -2.07032203111057e-8
vn -0.9320546843799584 0.18115751171487654 0.31377702477181213
vn -0.9320554410389364 0.3137738395325038 0.18115913571979783
vn -0.9320553265389606 -0.3623159784916355 -2.07032203111057e-8
vn -0.9320554410389364 0.3137738395325038 0.18115913571979783
vn -0.9320553265389606 0.3623159784916355 -2.07032203111057e-8
vn -0.9320553265389606 -0.3623159784916355 -2.07032203111057e-8
vn -0.9320553265389606 0.3623159784916355 -2.07032203111057e-8
vn -0.9320554643940872 0.31377377805371887 -0.1811591220419723
vn -0.9320553265389606 -0.3623159784916355 -2.07032203111057e-8
vn -0.9320554643940872 0.31377377805371887 -0.1811591220419723
vn -0.9320547470159755 0.1811574974029041 -0.3137768469783943
vn -0.9320553265389606 -0.3623159784916355 -2.07032203111057e-8
vn -0.9320547470159755 0.1811574974029041 -0.3137768469783943
vn -0.9320547573869786 0 -0.3623174426277328
vn -0.9320553265389606 -0.3623159784916355 -2.07032203111057e-8
vn -0.9320547573869786 0 -0.3623174426277328
vn -0.9320547470159755 -0.1811574974029041 -0.3137768469783943
vn -0.9320553265389606 -0.3623159784916355 -2.07032203111057e-8
vn -0.9320547470159755 -0.1811574974029041 -0.3137768469783943
vn -0.9320554643940872 -0.31377377805371887 -0.1811591220419723
vn -0.9320553265389606 -0.3623159784916355 -2.07032203111057e-8
vn 0.9552041628589734 -0.25629755157928774 -0.1479749043295875
vn 0.9552036424627681 -0.14797361041427076 -0.25630023809358055
vn 0.9552041628589734 -0.25629755157928774 -0.1479749043295875
vn 0.9552036424627681 -0.14797361041427076 -0.25630023809358055
vn 0.9552036424627681 -0.14797361041427076 -0.25630023809358055
vn 0.9552041628589734 -0.25629755157928774 -0.1479749043295875
vn 0.9552036299674848 0 -0.2959493627243356
vn 0.9552036299674848 0 -0.2959493627243356
vn 0.9552036424627681 -0.14797361041427076 -0.25630023809358055
vn 0.9552036299674848 0 -0.2959493627243356
vn 0.9552036424627681 -0.14797361041427076 -0.25630023809358055
vn 0.9552036424627681 -0.14797361041427076 -0.25630023809358055
vn 0.9552036299674848 0 -0.2959493627243356
vn 0.9552036424627681 0.14797361041427076 -0.25630023809358055
vn 0.9552036299674848 0 -0.2959493627243356
vn 0.9552036424627681 0.14797361041427076 -0.25630023809358055
vn 0.9552036424627681 0.14797361041427076 -0.25630023809358055
vn 0.9552036299674848 0 -0.2959493627243356
vn 0.9552041628589734 0.25629755157928774 -0.1479749043295875
vn 0.9552041628589734 0.25629755157928774 -0.1479749043295875
vn 0.9552036424627681 0.14797361041427076 -0.25630023809358055
vn 0.9552041628589734 0.25629755157928774 -0.1479749043295875
vn 0.9552036424627681 0.14797361041427076 -0.25630023809358055
vn 0.9552036424627681 0.14797361041427076 -0.25630023809358055
vn 0.9552040813451429 0.29594790585773934 -1.868492350434104e-8
vn 0.9552040813451429 0.29594790585773934 -1.868492350434104e-8
vn 0.9552041628589734 0.25629755157928774 -0.1479749043295875
vn 0.9552040813451429 0.29594790585773934 -1.868492350434104e-8
vn 0.9552041628589734 0.25629755157928774 -0.1479749043295875
vn 0.9552041628589734 0.25629755157928774 -0.1479749043295875
vn 0.9552040813451429 0.29594790585773934 -1.868492350434104e-8
vn 0.955204140940074 0.256297621295661 0.1479749250688146
vn 0.9552040813451429 0.29594790585773934 -1.868492350434104e-8
vn 0.955204140940074 0.256297621295661 0.1479749250688146
vn 0.955204140940074 0.256297621295661 0.1479749250688146
vn 0.9552040813451429 0.29594790585773934 -1.868492350434104e-8
vn 0.955204140940074 0.256297621295661 0.1479749250688146
vn 0.9552035965489535 0.14797364233748303 0.25630039077871664
vn 0.955204140940074 0.256297621295661 0.1479749250688146
vn 0.9552035965489535 0.14797364233748303 0.25630039077871664
vn 0.9552035965489535 0.14797364233748303 0.25630039077871664
vn 0.955204140940074 0.256297621295661 0.1479749250688146
vn 0.955203562568464 0 0.29594958026075086
vn 0.955203562568464 0 0.29594958026075086
vn 0.9552035965489535 0.14797364233748303 0.25630039077871664
vn 0.955203562568464 0 0.29594958026075086
vn 0.9552035965489535 0.14797364233748303 0.25630039077871664
vn 0.9552035965489535 0.14797364233748303 0.25630039077871664
vn 0.955203562568464 0 0.29594958026075086
vn 0.9552035965489535 -0.14797364233748303 0.25630039077871664
vn 0.955203562568464 0 0.29594958026075086
vn 0.9552035965489535 -0.14797364233748303 0.25630039077871664
vn 0.9552035965489535 -0.14797364233748303 0.25630039077871664
vn 0.955203562568464 0 0.29594958026075086
vn 0.955204140940074 -0.256297621295661 0.1479749250688146
vn 0.955204140940074 -0.256297621295661 0.1479749250688146
vn 0.9552035965489535 -0.14797364233748303 0.25630039077871664
vn 0.955204140940074 -0.256297621295661 0.1479749250688146
vn 0.9552035965489535 -0.14797364233748303 0.25630039077871664
vn 0.9552035965489535 -0.14797364233748303 0.25630039077871664
vn 0.9552040813451429 -0.29594790585773934 -1.868492350434104e-8
vn 0.9552040813451429 -0.29594790585773934 -1.868492350434104e-8
vn 0.955204140940074 -0.256297621295661 0.1479749250688146
vn 0.9552040813451429 -0.29594790585773934 -1.868492350434104e-8
vn 0.955204140940074 -0.256297621295661 0.1479749250688146
vn 0.955204140940074 -0.256297621295661 0.1479749250688146
vn 0.9552040813451429 -0.29594790585773934 -1.868492350434104e-8
vn 0.9552041628589734 -0.25629755157928774 -0.1479749043295875
vn 0.9552040813451429 -0.29594790585773934 -1.868492350434104e-8
vn 0.9552041628589734 -0.25629755157928774 -0.1479749043295875
vn 0.9552041628589734 -0.25629755157928774 -0.1479749043295875
vn 0.9552040813451429 -0.29594790585773934 -1.868492350434104e-8
vn -0.8500353526431766 0 0.526725639452638
vn -0.9320546567446015 0 0.362317701528235
vn -0.8500354507135888 -0.263360857559172 0.45615873469204077
vn -0.9320546567446015 0 0.362317701528235
vn -0.9320546843799584 -0.18115751171487654 0.31377702477181213
vn -0.8500354507135888 -0.263360857559172 0.45615873469204077
vn -0.8500353526431766 0 0.526725639452638
vn -0.8500354507135888 0.263360857559172 0.45615873469204077
vn -0.9320546567446015 0 0.362317701528235
vn -0.8500354507135888 0.263360857559172 0.45615873469204077
vn -0.9320546843799584 0.18115751171487654 0.31377702477181213
vn -0.9320546567446015 0 0.362317701528235
vn -0.8500369891619443 0.4561544073067854 0.26336338726385644
vn -0.9320554410389364 0.3137738395325038 0.18115913571979783
vn -0.8500354507135888 0.263360857559172 0.45615873469204077
vn -0.9320554410389364 0.3137738395325038 0.18115913571979783
vn -0.9320546843799584 0.18115751171487654 0.31377702477181213
vn -0.8500354507135888 0.263360857559172 0.45615873469204077
vn -0.8500367903182565 0.5267233193104663 -3.0097673347131096e-8
vn -0.9320553265389606 0.3623159784916355 -2.07032203111057e-8
vn -0.8500369891619443 0.4561544073067854 0.26336338726385644
vn -0.9320553265389606 0.3623159784916355 -2.07032203111057e-8
vn -0.9320554410389364 0.3137738395325038 0.18115913571979783
vn -0.8500369891619443 0.4561544073067854 0.26336338726385644
vn -0.8500367903182565 0.5267233193104663 -3.0097673347131096e-8
vn -0.8500370437479807 0.45615431957319147 -0.2633633630384302
vn -0.9320553265389606 0.3623159784916355 -2.07032203111057e-8
vn -0.8500370437479807 0.45615431957319147 -0.2633633630384302
vn -0.9320554643940872 0.31377377805371887 -0.1811591220419723
vn -0.9320553265389606 0.3623159784916355 -2.07032203111057e-8
vn -0.8500370437479807 0.45615431957319147 -0.2633633630384302
vn -0.8500355845966572 0.26336082096772173 -0.456158506331546
vn -0.9320554643940872 0.31377377805371887 -0.1811591220419723
vn -0.8500355845966572 0.26336082096772173 -0.456158506331546
vn -0.9320547470159755 0.1811574974029041 -0.3137768469783943
vn -0.9320554643940872 0.31377377805371887 -0.1811591220419723
vn -0.8500355356887942 0 -0.5267253440515888
vn -0.9320547573869786 0 -0.3623174426277328
vn -0.8500355845966572 0.26336082096772173 -0.456158506331546
vn -0.9320547573869786 0 -0.3623174426277328
vn -0.9320547470159755 0.1811574974029041 -0.3137768469783943
vn -0.8500355845966572 0.26336082096772173 -0.456158506331546
vn -0.8500355356887942 0 -0.5267253440515888
vn -0.8500355845966572 -0.26336082096772173 -0.456158506331546
vn -0.9320547573869786 0 -0.3623174426277328
vn -0.8500355845966572 -0.26336082096772173 -0.456158506331546
vn -0.9320547470159755 -0.1811574974029041 -0.3137768469783943
vn -0.9320547573869786 0 -0.3623174426277328
vn -0.8500370437479807 -0.45615431957319147 -0.2633633630384302
vn -0.9320554643940872 -0.31377377805371887 -0.1811591220419723
vn -0.8500355845966572 -0.26336082096772173 -0.456158506331546
vn -0.9320554643940872 -0.31377377805371887 -0.1811591220419723
vn -0.9320547470159755 -0.1811574974029041 -0.3137768469783943
vn -0.8500355845966572 -0.26336082096772173 -0.456158506331546
vn -0.8500367903182565 -0.5267233193104663 -3.0097673347131096e-8
vn -0.9320553265389606 -0.3623159784916355 -2.07032203111057e-8
vn -0.8500370437479807 -0.45615431957319147 -0.2633633630384302
vn -0.9320553265389606 -0.3623159784916355 -2.07032203111057e-8
vn -0.9320554643940872 -0.31377377805371887 -0.1811591220419723
vn -0.8500370437479807 -0.45615431957319147 -0.2633633630384302
vn -0.8500367903182565 -0.5267233193104663 -3.0097673347131096e-8
vn -0.8500369891619443 -0.4561544073067854 0.26336338726385644
vn -0.9320553265389606 -0.3623159784916355 -2.07032203111057e-8
vn -0.8500369891619443 -0.4561544073067854 0.26336338726385644
vn -0.9320554410389364 -0.3137738395325038 0.18115913571979783
vn -0.9320553265389606 -0.3623159784916355 -2.07032203111057e-8
vn -0.8500369891619443 -0.4561544073067854 0.26336338726385644
vn -0.8500354507135888 -0.263360857559172 0.45615873469204077
vn -0.9320554410389364 -0.3137738395325038 0.18115913571979783
vn -0.8500354507135888 -0.263360857559172 0.45615873469204077
vn -0.9320546843799584 -0.18115751171487654 0.31377702477181213
vn -0.9320554410389364 -0.3137738395325038 0.18115913571979783
vn 0 -0.8660234111983992 0.5000034512443772
vn 0 -0.8660234111983992 0.5000034512443772
vn 0 -0.9999999999999971 -7.713405381082316e-8
vn 0 -0.8660234111983992 0.5000034512443772
vn 0 -0.9999999999999971 -7.713405381082316e-8
vn 0 -0.9999999999999971 -7.713405381082316e-8
vn 0 -0.49999681499419263 0.8660272426405897
vn 0 -0.49999681499419263 0.8660272426405897
vn 0 -0.8660234111983992 0.5000034512443772
vn 0 -0.49999681499419263 0.8660272426405897
vn 0 -0.8660234111983992 0.5000034512443772
vn 0 -0.8660234111983992 0.5000034512443772
vn 0 0 1
vn 0 0 1
vn 0 -0.49999681499419263 0.8660272426405897
vn 0 0 1
vn 0 -0.49999681499419263 0.8660272426405897
vn 0 -0.49999681499419263 0.8660272426405897
vn 0 0.49999681499419263 0.8660272426405897
vn 0 0.49999681499419263 0.8660272426405897
vn 0 0 1
vn 0 0.49999681499419263 0.8660272426405897
vn 0 0 1
vn 0 0 1
vn 0 0.8660234111983992 0.5000034512443772
vn 0 0.8660234111983992 0.5000034512443772
vn 0 0.49999681499419263 0.8660272426405897
vn 0 0.8660234111983992 0.5000034512443772
vn 0 0.49999681499419263 0.8660272426405897
vn 0 0.49999681499419263 0.8660272426405897
vn 0 0.9999999999999971 -7.713405381082316e-8
vn 0 0.9999999999999971 -7.713405381082316e-8
vn 0 0.8660234111983992 0.5000034512443772
vn 0 0.9999999999999971 -7.713405381082316e-8
vn 0 0.8660234111983992 0.5000034512443772
vn 0 0.8660234111983992 0.5000034512443772
vn 0 0.8660234002900801 -0.5000034701379662
vn 0 0.8660234002900801 -0.5000034701379662
vn 0 0.9999999999999971 -7.713405381082316e-8
vn 0 0.8660234002900801 -0.5000034701379662
vn 0 0.9999999999999971 -7.713405381082316e-8
vn 0 0.9999999999999971 -7.713405381082316e-8
vn 0 0.49999693021099373 -0.8660271761206935
vn 0 0.49999693021099373 -0.8660271761206935
vn 0 0.8660234002900801 -0.5000034701379662
vn 0 0.49999693021099373 -0.8660271761206935
vn 0 0.8660234002900801 -0.5000034701379662
vn 0 0.8660234002900801 -0.5000034701379662
vn 0 0 -1
vn 0 0 -1
vn 0 0.49999693021099373 -0.8660271761206935
vn 0 0 -1
vn 0 0.49999693021099373 -0.8660271761206935
vn 0 0.49999693021099373 -0.8660271761206935
vn 0 -0.49999693021099373 -0.8660271761206935
vn 0 -0.49999693021099373 -0.8660271761206935
vn 0 0 -1
vn 0 -0.49999693021099373 -0.8660271761206935
vn 0 0 -1
vn 0 0 -1
vn 0 -0.8660234002900801 -0.5000034701379662
vn 0 -0.8660234002900801 -0.5000034701379662
vn 0 -0.49999693021099373 -0.8660271761206935
vn 0 -0.8660234002900801 -0.5000034701379662
vn 0 -0.49999693021099373 -0.8660271761206935
vn 0 -0.49999693021099373 -0.8660271761206935
vn 0 -0.9999999999999971 -7.713405381082316e-8
vn 0 -0.9999999999999971 -7.713405381082316e-8
vn 0 -0.8660234002900801 -0.5000034701379662
vn 0 -0.9999999999999971 -7.713405381082316e-8
vn 0 -0.8660234002900801 -0.5000034701379662
vn 0 -0.8660234002900801 -0.5000034701379662
vn 0 0.9999999999999942 -1.0798790839316945e-7
vn 0 0.8660227161874107 0.5000046550257102
vn 0 0.9999999999999942 -1.0798790839316945e-7
vn 0 0.8660227161874107 0.5000046550257102
vn 0 0.8660227161874107 0.5000046550257102
vn 0 0.9999999999999942 -1.0798790839316945e-7
vn 0 0.8660227568985746 -0.5000045845127746
vn 0 0.9999999999999942 -1.0798790839316945e-7
vn 0 0.8660227568985746 -0.5000045845127746
vn 0 0.9999999999999942 -1.0798790839316945e-7
vn 0 0.9999999999999942 -1.0798790839316945e-7
vn 0 0.8660227568985746 -0.5000045845127746
vn 0 0.49999910389195457 -0.8660259211520417
vn 0 0.8660227568985746 -0.5000045845127746
vn 0 0.49999910389195457 -0.8660259211520417
vn 0 0.8660227568985746 -0.5000045845127746
vn 0 0.8660227568985746 -0.5000045845127746
vn 0 0.49999910389195457 -0.8660259211520417
vn 0 0 -1
vn 0 0.49999910389195457 -0.8660259211520417
vn 0 0 -1
vn 0 0.49999910389195457 -0.8660259211520417
vn 0 0.49999910389195457 -0.8660259211520417
vn 0 0 -1
vn 0 -0.49999910389195457 -0.8660259211520417
vn 0 0 -1
vn 0 -0.49999910389195457 -0.8660259211520417
vn 0 0 -1
vn 0 0 -1
vn 0 -0.49999910389195457 -0.8660259211520417
vn 0 -0.8660227568985746 -0.5000045845127746
vn 0 -0.49999910389195457 -0.8660259211520417
vn 0 -0.8660227568985746 -0.5000045845127746
vn 0 -0.49999910389195457 -0.8660259211520417
vn 0 -0.49999910389195457 -0.8660259211520417
vn 0 -0.8660227568985746 -0.5000045845127746
vn 0 -0.9999999999999942 -1.0798790839316945e-7
vn 0 -0.8660227568985746 -0.5000045845127746
vn 0 -0.9999999999999942 -1.0798790839316945e-7
vn 0 -0.8660227568985746 -0.5000045845127746
vn 0 -0.8660227568985746 -0.5000045845127746
vn 0 -0.9999999999999942 -1.0798790839316945e-7
vn 0 -0.8660227161874107 0.5000046550257102
vn 0 -0.9999999999999942 -1.0798790839316945e-7
vn 0 -0.8660227161874107 0.5000046550257102
vn 0 -0.9999999999999942 -1.0798790839316945e-7
vn 0 -0.9999999999999942 -1.0798790839316945e-7
vn 0 -0.8660227161874107 0.5000046550257102
vn 0 -0.49999896632356583 0.8660260005769839
vn 0 -0.8660227161874107 0.5000046550257102
vn 0 -0.49999896632356583 0.8660260005769839
vn 0 -0.8660227161874107 0.5000046550257102
vn 0 -0.8660227161874107 0.5000046550257102
vn 0 -0.49999896632356583 0.8660260005769839
vn 0 0 1
vn 0 -0.49999896632356583 0.8660260005769839
vn 0 0 1
vn 0 -0.49999896632356583 0.8660260005769839
vn 0 -0.49999896632356583 0.8660260005769839
vn 0 0 1
vn 0 0.49999896632356583 0.8660260005769839
vn 0 0 1
vn 0 0.49999896632356583 0.8660260005769839
vn 0 0 1
vn 0 0 1
vn 0 0.49999896632356583 0.8660260005769839
vn 0 0.8660227161874107 0.5000046550257102
vn 0 0.49999896632356583 0.8660260005769839
vn 0 0.8660227161874107 0.5000046550257102
vn 0 0.49999896632356583 0.8660260005769839
vn 0 0.49999896632356583 0.8660260005769839
vn 0 0.8660227161874107 0.5000046550257102
vn -0.8427263493374645 -0.5383421775528519 -6.022159478675477e-8
vn -0.8427235519616014 -0.4662198741998188 0.269176603497271
vn -0.8427263493374645 -0.5383421775528519 -6.022159478675477e-8
vn -0.8427235519616014 -0.4662198741998188 0.269176603497271
vn -0.8427235519616014 -0.4662198741998188 0.269176603497271
vn -0.8427263493374645 -0.5383421775528519 -6.022159478675477e-8
vn -0.8427235519616014 -0.4662198741998188 0.269176603497271
vn -0.8427221566222146 -0.2691741817051376 0.4662237945894364
vn -0.8427235519616014 -0.4662198741998188 0.269176603497271
vn -0.8427221566222146 -0.2691741817051376 0.4662237945894364
vn -0.8427221566222146 -0.2691741817051376 0.4662237945894364
vn -0.8427235519616014 -0.4662198741998188 0.269176603497271
vn -0.8427235709446346 0 0.5383465268526618
vn -0.8427235709446346 0 0.5383465268526618
vn -0.8427221566222146 -0.2691741817051376 0.4662237945894364
vn -0.8427235709446346 0 0.5383465268526618
vn -0.8427221566222146 -0.2691741817051376 0.4662237945894364
vn -0.8427221566222146 -0.2691741817051376 0.4662237945894364
vn -0.8427235709446346 0 0.5383465268526618
vn -0.8427221566222146 0.2691741817051376 0.4662237945894364
vn -0.8427235709446346 0 0.5383465268526618
vn -0.8427221566222146 0.2691741817051376 0.4662237945894364
vn -0.8427221566222146 0.2691741817051376 0.4662237945894364
vn -0.8427235709446346 0 0.5383465268526618
vn -0.8427235519616014 0.4662198741998188 0.269176603497271
vn -0.8427235519616014 0.4662198741998188 0.269176603497271
vn -0.8427221566222146 0.2691741817051376 0.4662237945894364
vn -0.8427235519616014 0.4662198741998188 0.269176603497271
vn -0.8427221566222146 0.2691741817051376 0.4662237945894364
vn -0.8427221566222146 0.2691741817051376 0.4662237945894364
vn -0.8427263493374645 0.5383421775528519 -6.022159478675477e-8
vn -0.8427263493374645 0.5383421775528519 -6.022159478675477e-8
vn -0.8427235519616014 0.4662198741998188 0.269176603497271
vn -0.8427263493374645 0.5383421775528519 -6.022159478675477e-8
vn -0.8427235519616014 0.4662198741998188 0.269176603497271
vn -0.8427235519616014 0.4662198741998188 0.269176603497271
vn -0.8427263493374645 0.5383421775528519 -6.022159478675477e-8
vn -0.8427235470128356 0.4662199012643359 -0.26917657211425006
vn -0.8427263493374645 0.5383421775528519 -6.022159478675477e-8
vn -0.8427235470128356 0.4662199012643359 -0.26917657211425006
vn -0.8427235470128356 0.4662199012643359 -0.26917657211425006
vn -0.8427263493374645 0.5383421775528519 -6.022159478675477e-8
vn -0.8427235470128356 0.4662199012643359 -0.26917657211425006
vn -0.8427222965545595 0.26917418832429607 -0.4662235378332644
vn -0.8427235470128356 0.4662199012643359 -0.26917657211425006
vn -0.8427222965545595 0.26917418832429607 -0.4662235378332644
vn -0.8427222965545595 0.26917418832429607 -0.4662235378332644
vn -0.8427235470128356 0.4662199012643359 -0.26917657211425006
vn -0.8427237947823636 0 -0.538346176458617
vn -0.8427237947823636 0 -0.538346176458617
vn -0.8427222965545595 0.26917418832429607 -0.4662235378332644
vn -0.8427237947823636 0 -0.538346176458617
vn -0.8427222965545595 0.26917418832429607 -0.4662235378332644
vn -0.8427222965545595 0.26917418832429607 -0.4662235378332644
vn -0.8427237947823636 0 -0.538346176458617
vn -0.8427222965545595 -0.26917418832429607 -0.4662235378332644
vn -0.8427237947823636 0 -0.538346176458617
vn -0.8427222965545595 -0.26917418832429607 -0.4662235378332644
vn -0.8427222965545595 -0.26917418832429607 -0.4662235378332644
vn -0.8427237947823636 0 -0.538346176458617
vn -0.8427235470128356 -0.4662199012643359 -0.26917657211425006
vn -0.8427235470128356 -0.4662199012643359 -0.26917657211425006
vn -0.8427222965545595 -0.26917418832429607 -0.4662235378332644
vn -0.8427235470128356 -0.4662199012643359 -0.26917657211425006
vn -0.8427222965545595 -0.26917418832429607 -0.4662235378332644
vn -0.8427222965545595 -0.26917418832429607 -0.4662235378332644
vn -0.8427263493374645 -0.5383421775528519 -6.022159478675477e-8
vn -0.8427263493374645 -0.5383421775528519 -6.022159478675477e-8
vn -0.8427235470128356 -0.4662199012643359 -0.26917657211425006
vn -0.8427263493374645 -0.5383421775528519 -6.022159478675477e-8
vn -0.8427235470128356 -0.4662199012643359 -0.26917657211425006
vn -0.8427235470128356 -0.4662199012643359 -0.26917657211425006
vn 0 -0.86602430576937 0.5000019018130637
vn 0 -0.86602430576937 0.5000019018130637
vn 0 -0.9999999999999925 -1.2341450883468404e-7
vn 0 -0.86602430576937 0.5000019018130637
vn 0 -0.9999999999999925 -1.2341450883468404e-7
vn 0 -0.9999999999999925 -1.2341450883468404e-7
vn 0 -0.49999813399742116 0.8660264811188493
vn 0 -0.49999813399742116 0.8660264811188493
vn 0 -0.86602430576937 0.5000019018130637
vn 0 -0.49999813399742116 0.8660264811188493
vn 0 -0.86602430576937 0.5000019018130637
vn 0 -0.86602430576937 0.5000019018130637
vn 0 0 1
vn 0 0 1
vn 0 -0.49999813399742116 0.8660264811188493
vn 0 0 1
vn 0 -0.49999813399742116 0.8660264811188493
vn 0 -0.49999813399742116 0.8660264811188493
vn 0 0.49999813399742116 0.8660264811188493
vn 0 0.49999813399742116 0.8660264811188493
vn 0 0 1
vn 0 0.49999813399742116 0.8660264811188493
vn 0 0 1
vn 0 0 1
vn 0 0.86602430576937 0.5000019018130637
vn 0 0.86602430576937 0.5000019018130637
vn 0 0.49999813399742116 0.8660264811188493
vn 0 0.86602430576937 0.5000019018130637
vn 0 0.49999813399742116 0.8660264811188493
vn 0 0.49999813399742116 0.8660264811188493
vn 0 0.9999999999999925 -1.2341450883468404e-7
vn 0 0.9999999999999925 -1.2341450883468404e-7
vn 0 0.86602430576937 0.5000019018130637
vn 0 0.9999999999999925 -1.2341450883468404e-7
vn 0 0.86602430576937 0.5000019018130637
vn 0 0.86602430576937 0.5000019018130637
vn 0 0.8660242650584585 -0.5000019723260668
vn 0 0.8660242650584585 -0.5000019723260668
vn 0 0.9999999999999925 -1.2341450883468404e-7
vn 0 0.8660242650584585 -0.5000019723260668
vn 0 0.9999999999999925 -1.2341450883468404e-7
vn 0 0.9999999999999925 -1.2341450883468404e-7
vn 0 0.4999982492141123 -0.8660264145987827
vn 0 0.4999982492141123 -0.8660264145987827
vn 0 0.8660242650584585 -0.5000019723260668
vn 0 0.4999982492141123 -0.8660264145987827
vn 0 0.8660242650584585 -0.5000019723260668
vn 0 0.8660242650584585 -0.5000019723260668
vn 0 0 -1
vn 0 0 -1
vn 0 0.4999982492141123 -0.8660264145987827
vn 0 0 -1
vn 0 0.4999982492141123 -0.8660264145987827
vn 0 0.4999982492141123 -0.8660264145987827
vn 0 -0.4999982492141123 -0.8660264145987827
vn 0 -0.4999982492141123 -0.8660264145987827
vn 0 0 -1
vn 0 -0.4999982492141123 -0.8660264145987827
vn 0 0 -1
vn 0 0 -1
vn 0 -0.8660242650584585 -0.5000019723260668
vn 0 -0.8660242650584585 -0.5000019723260668
vn 0 -0.4999982492141123 -0.8660264145987827
vn 0 -0.8660242650584585 -0.5000019723260668
vn 0 -0.4999982492141123 -0.8660264145987827
vn 0 -0.4999982492141123 -0.8660264145987827
vn 0 -0.9999999999999925 -1.2341450883468404e-7
vn 0 -0.9999999999999925 -1.2341450883468404e-7
vn 0 -0.8660242650584585 -0.5000019723260668
vn 0 -0.9999999999999925 -1.2341450883468404e-7
vn 0 -0.8660242650584585 -0.5000019723260668
vn 0 -0.8660242650584585 -0.5000019723260668
vn -1 0 0
vn -1 0 0
vn -1 0 0
vn -1 0 0
vn -1 0 0
vn -1 0 0
vn -1 0 0
vn -1 0 0
vn -1 0 0
vn -1 0 0
vn -1 0 0
vn -1 0 0
vn -1 0 0
vn -1 0 0
vn -1 0 0
vn -1 0 0
vn -1 0 0
vn -1 0 0
vn -1 0 0
vn -1 0 0
vn -1 0 0
vn -1 0 0
vn -1 0 0
vn -1 0 0
vn -1 0 0
vn -1 0 0
vn -1 0 0
vn -1 0 0
vn -1 0 0
vn -1 0 0
vn 0.9320554410389364 -0.3137738395325038 0.18115913571979783
vn 0.9320553265389606 -0.3623159784916355 -2.07032203111057e-8
vn 0.9320546843799584 -0.18115751171487654 0.31377702477181213
vn 0.9320553265389606 -0.3623159784916355 -2.07032203111057e-8
vn 0.9320554643940872 -0.31377377805371887 -0.1811591220419723
vn 0.9320546843799584 -0.18115751171487654 0.31377702477181213
vn 0.9320554643940872 -0.31377377805371887 -0.1811591220419723
vn 0.9320547470159755 -0.1811574974029041 -0.3137768469783943
vn 0.9320546843799584 -0.18115751171487654 0.31377702477181213
vn 0.9320547470159755 -0.1811574974029041 -0.3137768469783943
vn 0.9320547573869786 0 -0.3623174426277328
vn 0.9320546843799584 -0.18115751171487654 0.31377702477181213
vn 0.9320547573869786 0 -0.3623174426277328
vn 0.9320547470159755 0.1811574974029041 -0.3137768469783943
vn 0.9320546843799584 -0.18115751171487654 0.31377702477181213
vn 0.9320547470159755 0.1811574974029041 -0.3137768469783943
vn 0.9320554643940872 0.31377377805371887 -0.1811591220419723
vn 0.9320546843799584 -0.18115751171487654 0.31377702477181213
vn 0.9320554643940872 0.31377377805371887 -0.1811591220419723
vn 0.9320553265389606 0.3623159784916355 -2.07032203111057e-8
vn 0.9320546843799584 -0.18115751171487654 0.31377702477181213
vn 0.9320553265389606 0.3623159784916355 -2.07032203111057e-8
vn 0.9320554410389364 0.3137738395325038 0.18115913571979783
vn 0.9320546843799584 -0.18115751171487654 0.31377702477181213
vn 0.9320554410389364 0.3137738395325038 0.18115913571979783
vn 0.9320546843799584 0.18115751171487654 0.31377702477181213
vn 0.9320546843799584 -0.18115751171487654 0.31377702477181213
vn 0.9320546843799584 0.18115751171487654 0.31377702477181213
vn 0.9320546567446015 0 0.362317701528235
vn 0.9320546843799584 -0.18115751171487654 0.31377702477181213
vn -0.9552041628589734 -0.25629755157928774 -0.1479749043295875
vn -0.9552041628589734 -0.25629755157928774 -0.1479749043295875
vn -0.9552036424627681 -0.14797361041427076 -0.25630023809358055
vn -0.9552041628589734 -0.25629755157928774 -0.1479749043295875
vn -0.9552036424627681 -0.14797361041427076 -0.25630023809358055
vn -0.9552036424627681 -0.14797361041427076 -0.25630023809358055
vn -0.9552036299674848 0 -0.2959493627243356
vn -0.9552036424627681 -0.14797361041427076 -0.25630023809358055
vn -0.9552036299674848 0 -0.2959493627243356
vn -0.9552036424627681 -0.14797361041427076 -0.25630023809358055
vn -0.9552036424627681 -0.14797361041427076 -0.25630023809358055
vn -0.9552036299674848 0 -0.2959493627243356
vn -0.9552036299674848 0 -0.2959493627243356
vn -0.9552036299674848 0 -0.2959493627243356
vn -0.9552036424627681 0.14797361041427076 -0.25630023809358055
vn -0.9552036299674848 0 -0.2959493627243356
vn -0.9552036424627681 0.14797361041427076 -0.25630023809358055
vn -0.9552036424627681 0.14797361041427076 -0.25630023809358055
vn -0.9552041628589734 0.25629755157928774 -0.1479749043295875
vn -0.9552036424627681 0.14797361041427076 -0.25630023809358055
vn -0.9552041628589734 0.25629755157928774 -0.1479749043295875
vn -0.9552036424627681 0.14797361041427076 -0.25630023809358055
vn -0.9552036424627681 0.14797361041427076 -0.25630023809358055
vn -0.9552041628589734 0.25629755157928774 -0.1479749043295875
vn -0.9552040813451429 0.29594790585773934 -1.868492350434104e-8
vn -0.9552041628589734 0.25629755157928774 -0.1479749043295875
vn -0.9552040813451429 0.29594790585773934 -1.868492350434104e-8
vn -0.9552041628589734 0.25629755157928774 -0.1479749043295875
vn -0.9552041628589734 0.25629755157928774 -0.1479749043295875
vn -0.9552040813451429 0.29594790585773934 -1.868492350434104e-8
vn -0.9552040813451429 0.29594790585773934 -1.868492350434104e-8
vn -0.9552040813451429 0.29594790585773934 -1.868492350434104e-8
vn -0.955204140940074 0.256297621295661 0.1479749250688146
vn -0.9552040813451429 0.29594790585773934 -1.868492350434104e-8
vn -0.955204140940074 0.256297621295661 0.1479749250688146
vn -0.955204140940074 0.256297621295661 0.1479749250688146
vn -0.955204140940074 0.256297621295661 0.1479749250688146
vn -0.955204140940074 0.256297621295661 0.1479749250688146
vn -0.9552035965489535 0.14797364233748303 0.25630039077871664
vn -0.955204140940074 0.256297621295661 0.1479749250688146
vn -0.9552035965489535 0.14797364233748303 0.25630039077871664
vn -0.9552035965489535 0.14797364233748303 0.25630039077871664
vn -0.955203562568464 0 0.29594958026075086
vn -0.9552035965489535 0.14797364233748303 0.25630039077871664
vn -0.955203562568464 0 0.29594958026075086
vn -0.9552035965489535 0.14797364233748303 0.25630039077871664
vn -0.9552035965489535 0.14797364233748303 0.25630039077871664
vn -0.955203562568464 0 0.29594958026075086
vn -0.955203562568464 0 0.29594958026075086
vn -0.955203562568464 0 0.29594958026075086
vn -0.9552035965489535 -0.14797364233748303 0.25630039077871664
vn -0.955203562568464 0 0.29594958026075086
vn -0.9552035965489535 -0.14797364233748303 0.25630039077871664
vn -0.9552035965489535 -0.14797364233748303 0.25630039077871664
vn -0.955204140940074 -0.256297621295661 0.1479749250688146
vn -0.9552035965489535 -0.14797364233748303 0.25630039077871664
vn -0.955204140940074 -0.256297621295661 0.1479749250688146
vn -0.9552035965489535 -0.14797364233748303 0.25630039077871664
vn -0.9552035965489535 -0.14797364233748303 0.25630039077871664
vn -0.955204140940074 -0.256297621295661 0.1479749250688146
vn -0.9552040813451429 -0.29594790585773934 -1.868492350434104e-8
vn -0.955204140940074 -0.256297621295661 0.1479749250688146
vn -0.9552040813451429 -0.29594790585773934 -1.868492350434104e-8
vn -0.955204140940074 -0.256297621295661 0.1479749250688146
vn -0.955204140940074 -0.256297621295661 0.1479749250688146
vn -0.9552040813451429 -0.29594790585773934 -1.868492350434104e-8
vn -0.9552040813451429 -0.29594790585773934 -1.868492350434104e-8
vn -0.9552040813451429 -0.29594790585773934 -1.868492350434104e-8
vn -0.9552041628589734 -0.25629755157928774 -0.1479749043295875
vn -0.9552040813451429 -0.29594790585773934 -1.868492350434104e-8
vn -0.9552041628589734 -0.25629755157928774 -0.1479749043295875
vn -0.9552041628589734 -0.25629755157928774 -0.1479749043295875
vn 0.8500353526431766 0 0.526725639452638
vn 0.8500354507135888 -0.263360857559172 0.45615873469204077
vn 0.9320546567446015 0 0.362317701528235
vn 0.8500354507135888 -0.263360857559172 0.45615873469204077
vn 0.9320546843799584 -0.18115751171487654 0.31377702477181213
vn 0.9320546567446015 0 0.362317701528235
vn 0.8500353526431766 0 0.526725639452638
vn 0.9320546567446015 0 0.362317701528235
vn 0.8500354507135888 0.263360857559172 0.45615873469204077
vn 0.9320546567446015 0 0.362317701528235
vn 0.9320546843799584 0.18115751171487654 0.31377702477181213
vn 0.8500354507135888 0.263360857559172 0.45615873469204077
vn 0.8500369891619443 0.4561544073067854 0.26336338726385644
vn 0.8500354507135888 0.263360857559172 0.45615873469204077
vn 0.9320554410389364 0.3137738395325038 0.18115913571979783
vn 0.8500354507135888 0.263360857559172 0.45615873469204077
vn 0.9320546843799584 0.18115751171487654 0.31377702477181213
vn 0.9320554410389364 0.3137738395325038 0.18115913571979783
vn 0.8500367903182565 0.5267233193104663 -3.0097673347131096e-8
vn 0.8500369891619443 0.4561544073067854 0.26336338726385644
vn 0.9320553265389606 0.3623159784916355 -2.07032203111057e-8
vn 0.8500369891619443 0.4561544073067854 0.26336338726385644
vn 0.9320554410389364 0.3137738395325038 0.18115913571979783
vn 0.9320553265389606 0.3623159784916355 -2.07032203111057e-8
vn 0.8500367903182565 0.5267233193104663 -3.0097673347131096e-8
vn 0.9320553265389606 0.3623159784916355 -2.07032203111057e-8
vn 0.8500370437479807 0.45615431957319147 -0.2633633630384302
vn 0.9320553265389606 0.3623159784916355 -2.07032203111057e-8
vn 0.9320554643940872 0.31377377805371887 -0.1811591220419723
vn 0.8500370437479807 0.45615431957319147 -0.2633633630384302
vn 0.8500370437479807 0.45615431957319147 -0.2633633630384302
vn 0.9320554643940872 0.31377377805371887 -0.1811591220419723
vn 0.8500355845966572 0.26336082096772173 -0.456158506331546
vn 0.9320554643940872 0.31377377805371887 -0.1811591220419723
vn 0.9320547470159755 0.1811574974029041 -0.3137768469783943
vn 0.8500355845966572 0.26336082096772173 -0.456158506331546
vn 0.8500355356887942 0 -0.5267253440515888
vn 0.8500355845966572 0.26336082096772173 -0.456158506331546
vn 0.9320547573869786 0 -0.3623174426277328
vn 0.8500355845966572 0.26336082096772173 -0.456158506331546
vn 0.9320547470159755 0.1811574974029041 -0.3137768469783943
vn 0.9320547573869786 0 -0.3623174426277328
vn 0.8500355356887942 0 -0.5267253440515888
vn 0.9320547573869786 0 -0.3623174426277328
vn 0.8500355845966572 -0.26336082096772173 -0.456158506331546
vn 0.9320547573869786 0 -0.3623174426277328
vn 0.9320547470159755 -0.1811574974029041 -0.3137768469783943
vn 0.8500355845966572 -0.26336082096772173 -0.456158506331546
vn 0.8500370437479807 -0.45615431957319147 -0.2633633630384302
vn 0.8500355845966572 -0.26336082096772173 -0.456158506331546
vn 0.9320554643940872 -0.31377377805371887 -0.1811591220419723
vn 0.8500355845966572 -0.26336082096772173 -0.456158506331546
vn 0.9320547470159755 -0.1811574974029041 -0.3137768469783943
vn 0.9320554643940872 -0.31377377805371887 -0.1811591220419723
vn 0.8500367903182565 -0.5267233193104663 -3.0097673347131096e-8
vn 0.8500370437479807 -0.45615431957319147 -0.2633633630384302
vn 0.9320553265389606 -0.3623159784916355 -2.07032203111057e-8
vn 0.8500370437479807 -0.45615431957319147 -0.2633633630384302
vn 0.9320554643940872 -0.31377377805371887 -0.1811591220419723
vn 0.9320553265389606 -0.3623159784916355 -2.07032203111057e-8
vn 0.8500367903182565 -0.5267233193104663 -3.0097673347131096e-8
vn 0.9320553265389606 -0.3623159784916355 -2.07032203111057e-8
vn 0.8500369891619443 -0.4561544073067854 0.26336338726385644
vn 0.9320553265389606 -0.3623159784916355 -2.07032203111057e-8
vn 0.9320554410389364 -0.3137738395325038 0.18115913571979783
vn 0.8500369891619443 -0.4561544073067854 0.26336338726385644
vn 0.8500369891619443 -0.4561544073067854 0.26336338726385644
vn 0.9320554410389364 -0.3137738395325038 0.18115913571979783
vn 0.8500354507135888 -0.263360857559172 0.45615873469204077
vn 0.9320554410389364 -0.3137738395325038 0.18115913571979783
vn 0.9320546843799584 -0.18115751171487654 0.31377702477181213
vn 0.8500354507135888 -0.263360857559172 0.45615873469204077
vn 0 -0.8660234111983992 0.5000034512443772
vn 0 -0.9999999999999971 -7.713405381082316e-8
vn 0 -0.8660234111983992 0.5000034512443772
vn 0 -0.9999999999999971 -7.713405381082316e-8
vn 0 -0.9999999999999971 -7.713405381082316e-8
vn 0 -0.8660234111983992 0.5000034512443772
vn 0 -0.49999681499419263 0.8660272426405897
vn 0 -0.8660234111983992 0.5000034512443772
vn 0 -0.49999681499419263 0.8660272426405897
vn 0 -0.8660234111983992 0.5000034512443772
vn 0 -0.8660234111983992 0.5000034512443772
vn 0 -0.49999681499419263 0.8660272426405897
vn 0 0 1
vn 0 -0.49999681499419263 0.8660272426405897
vn 0 0 1
vn 0 -0.49999681499419263 0.8660272426405897
vn 0 -0.49999681499419263 0.8660272426405897
vn 0 0 1
vn 0 0.49999681499419263 0.8660272426405897
vn 0 0 1
vn 0 0.49999681499419263 0.8660272426405897
vn 0 0 1
vn 0 0 1
vn 0 0.49999681499419263 0.8660272426405897
vn 0 0.8660234111983992 0.5000034512443772
vn 0 0.49999681499419263 0.8660272426405897
vn 0 0.8660234111983992 0.5000034512443772
vn 0 0.49999681499419263 0.8660272426405897
vn 0 0.49999681499419263 0.8660272426405897
vn 0 0.8660234111983992 0.5000034512443772
vn 0 0.9999999999999971 -7.713405381082316e-8
vn 0 0.8660234111983992 0.5000034512443772
vn 0 0.9999999999999971 -7.713405381082316e-8
vn 0 0.8660234111983992 0.5000034512443772
vn 0 0.8660234111983992 0.5000034512443772
vn 0 0.9999999999999971 -7.713405381082316e-8
vn 0 0.8660234002900801 -0.5000034701379662
vn 0 0.9999999999999971 -7.713405381082316e-8
vn 0 0.8660234002900801 -0.5000034701379662
vn 0 0.9999999999999971 -7.713405381082316e-8
vn 0 0.9999999999999971 -7.713405381082316e-8
vn 0 0.8660234002900801 -0.5000034701379662
vn 0 0.49999693021099373 -0.8660271761206935
vn 0 0.8660234002900801 -0.5000034701379662
vn 0 0.49999693021099373 -0.8660271761206935
vn 0 0.8660234002900801 -0.5000034701379662
vn 0 0.8660234002900801 -0.5000034701379662
vn 0 0.49999693021099373 -0.8660271761206935
vn 0 0 -1
vn 0 0.49999693021099373 -0.8660271761206935
vn 0 0 -1
vn 0 0.49999693021099373 -0.8660271761206935
vn 0 0.49999693021099373 -0.8660271761206935
vn 0 0 -1
vn 0 -0.49999693021099373 -0.8660271761206935
vn 0 0 -1
vn 0 -0.49999693021099373 -0.8660271761206935
vn 0 0 -1
vn 0 0 -1
vn 0 -0.49999693021099373 -0.8660271761206935
vn 0 -0.8660234002900801 -0.5000034701379662
vn 0 -0.49999693021099373 -0.8660271761206935
vn 0 -0.8660234002900801 -0.5000034701379662
vn 0 -0.49999693021099373 -0.8660271761206935
vn 0 -0.49999693021099373 -0.8660271761206935
vn 0 -0.8660234002900801 -0.5000034701379662
vn 0 -0.9999999999999971 -7.713405381082316e-8
vn 0 -0.8660234002900801 -0.5000034701379662
vn 0 -0.9999999999999971 -7.713405381082316e-8
vn 0 -0.8660234002900801 -0.5000034701379662
vn 0 -0.8660234002900801 -0.5000034701379662
vn 0 -0.9999999999999971 -7.713405381082316e-8
vn 0 0.9999999999999942 -1.0798790839316945e-7
vn 0 0.9999999999999942 -1.0798790839316945e-7
vn 0 0.8660227161874107 0.5000046550257102
vn 0 0.9999999999999942 -1.0798790839316945e-7
vn 0 0.8660227161874107 0.5000046550257102
vn 0 0.8660227161874107 0.5000046550257102
vn 0 0.8660227568985746 -0.5000045845127746
vn 0 0.8660227568985746 -0.5000045845127746
vn 0 0.9999999999999942 -1.0798790839316945e-7
vn 0 0.8660227568985746 -0.5000045845127746
vn 0 0.9999999999999942 -1.0798790839316945e-7
vn 0 0.9999999999999942 -1.0798790839316945e-7
vn 0 0.49999910389195457 -0.8660259211520417
vn 0 0.49999910389195457 -0.8660259211520417
vn 0 0.8660227568985746 -0.5000045845127746
vn 0 0.49999910389195457 -0.8660259211520417
vn 0 0.8660227568985746 -0.5000045845127746
vn 0 0.8660227568985746 -0.5000045845127746
vn 0 0 -1
vn 0 0 -1
vn 0 0.49999910389195457 -0.8660259211520417
vn 0 0 -1
vn 0 0.49999910389195457 -0.8660259211520417
vn 0 0.49999910389195457 -0.8660259211520417
vn 0 -0.49999910389195457 -0.8660259211520417
vn 0 -0.49999910389195457 -0.8660259211520417
vn 0 0 -1
vn 0 -0.49999910389195457 -0.8660259211520417
vn 0 0 -1
vn 0 0 -1
vn 0 -0.8660227568985746 -0.5000045845127746
vn 0 -0.8660227568985746 -0.5000045845127746
vn 0 -0.49999910389195457 -0.8660259211520417
vn 0 -0.8660227568985746 -0.5000045845127746
vn 0 -0.49999910389195457 -0.8660259211520417
vn 0 -0.49999910389195457 -0.8660259211520417
vn 0 -0.9999999999999942 -1.0798790839316945e-7
vn 0 -0.9999999999999942 -1.0798790839316945e-7
vn 0 -0.8660227568985746 -0.5000045845127746
vn 0 -0.9999999999999942 -1.0798790839316945e-7
vn 0 -0.8660227568985746 -0.5000045845127746
vn 0 -0.8660227568985746 -0.5000045845127746
vn 0 -0.8660227161874107 0.5000046550257102
vn 0 -0.8660227161874107 0.5000046550257102
vn 0 -0.9999999999999942 -1.0798790839316945e-7
vn 0 -0.8660227161874107 0.5000046550257102
vn 0 -0.9999999999999942 -1.0798790839316945e-7
vn 0 -0.9999999999999942 -1.0798790839316945e-7
vn 0 -0.49999896632356583 0.8660260005769839
vn 0 -0.49999896632356583 0.8660260005769839
vn 0 -0.8660227161874107 0.5000046550257102
vn 0 -0.49999896632356583 0.8660260005769839
vn 0 -0.8660227161874107 0.5000046550257102
vn 0 -0.8660227161874107 0.5000046550257102
vn 0 0 1
vn 0 0 1
vn 0 -0.49999896632356583 0.8660260005769839
vn 0 0 1
vn 0 -0.49999896632356583 0.8660260005769839
vn 0 -0.49999896632356583 0.8660260005769839
vn 0 0.49999896632356583 0.8660260005769839
vn 0 0.49999896632356583 0.8660260005769839
vn 0 0 1
vn 0 0.49999896632356583 0.8660260005769839
vn 0 0 1
vn 0 0 1
vn 0 0.8660227161874107 0.5000046550257102
vn 0 0.8660227161874107 0.5000046550257102
vn 0 0.49999896632356583 0.8660260005769839
vn 0 0.8660227161874107 0.5000046550257102
vn 0 0.49999896632356583 0.8660260005769839
vn 0 0.49999896632356583 0.8660260005769839
vn 0.8427263493374645 -0.5383421775528519 -6.022159478675477e-8
vn 0.8427263493374645 -0.5383421775528519 -6.022159478675477e-8
vn 0.8427235519616014 -0.4662198741998188 0.269176603497271
vn 0.8427263493374645 -0.5383421775528519 -6.022159478675477e-8
vn 0.8427235519616014 -0.4662198741998188 0.269176603497271
vn 0.8427235519616014 -0.4662198741998188 0.269176603497271
vn 0.8427235519616014 -0.4662198741998188 0.269176603497271
vn 0.8427235519616014 -0.4662198741998188 0.269176603497271
vn 0.8427221566222146 -0.2691741817051376 0.4662237945894364
vn 0.8427235519616014 -0.4662198741998188 0.269176603497271
vn 0.8427221566222146 -0.2691741817051376 0.4662237945894364
vn 0.8427221566222146 -0.2691741817051376 0.4662237945894364
vn 0.8427235709446346 0 0.5383465268526618
vn 0.8427221566222146 -0.2691741817051376 0.4662237945894364
vn 0.8427235709446346 0 0.5383465268526618
vn 0.8427221566222146 -0.2691741817051376 0.4662237945894364
vn 0.8427221566222146 -0.2691741817051376 0.4662237945894364
vn 0.8427235709446346 0 0.5383465268526618
vn 0.8427235709446346 0 0.5383465268526618
vn 0.8427235709446346 0 0.5383465268526618
vn 0.8427221566222146 0.2691741817051376 0.4662237945894364
vn 0.8427235709446346 0 0.5383465268526618
vn 0.8427221566222146 0.2691741817051376 0.4662237945894364
vn 0.8427221566222146 0.2691741817051376 0.4662237945894364
vn 0.8427235519616014 0.4662198741998188 0.269176603497271
vn 0.8427221566222146 0.2691741817051376 0.4662237945894364
vn 0.8427235519616014 0.4662198741998188 0.269176603497271
vn 0.8427221566222146 0.2691741817051376 0.4662237945894364
vn 0.8427221566222146 0.2691741817051376 0.4662237945894364
vn 0.8427235519616014 0.4662198741998188 0.269176603497271
vn 0.8427263493374645 0.5383421775528519 -6.022159478675477e-8
vn 0.8427235519616014 0.4662198741998188 0.269176603497271
vn 0.8427263493374645 0.5383421775528519 -6.022159478675477e-8
vn 0.8427235519616014 0.4662198741998188 0.269176603497271
vn 0.8427235519616014 0.4662198741998188 0.269176603497271
vn 0.8427263493374645 0.5383421775528519 -6.022159478675477e-8
vn 0.8427263493374645 0.5383421775528519 -6.022159478675477e-8
vn 0.8427263493374645 0.5383421775528519 -6.022159478675477e-8
vn 0.8427235470128356 0.4662199012643359 -0.26917657211425006
vn 0.8427263493374645 0.5383421775528519 -6.022159478675477e-8
vn 0.8427235470128356 0.4662199012643359 -0.26917657211425006
vn 0.8427235470128356 0.4662199012643359 -0.26917657211425006
vn 0.8427235470128356 0.4662199012643359 -0.26917657211425006
vn 0.8427235470128356 0.4662199012643359 -0.26917657211425006
vn 0.8427222965545595 0.26917418832429607 -0.4662235378332644
vn 0.8427235470128356 0.4662199012643359 -0.26917657211425006
vn 0.8427222965545595 0.26917418832429607 -0.4662235378332644
vn 0.8427222965545595 0.26917418832429607 -0.4662235378332644
vn 0.8427237947823636 0 -0.538346176458617
vn 0.8427222965545595 0.26917418832429607 -0.4662235378332644
vn 0.8427237947823636 0 -0.538346176458617
vn 0.8427222965545595 0.26917418832429607 -0.4662235378332644
vn 0.8427222965545595 0.26917418832429607 -0.4662235378332644
vn 0.8427237947823636 0 -0.538346176458617
vn 0.8427237947823636 0 -0.538346176458617
vn 0.8427237947823636 0 -0.538346176458617
vn 0.8427222965545595 -0.26917418832429607 -0.4662235378332644
vn 0.8427237947823636 0 -0.538346176458617
vn 0.8427222965545595 -0.26917418832429607 -0.4662235378332644
vn 0.8427222965545595 -0.26917418832429607 -0.4662235378332644
vn 0.8427235470128356 -0.4662199012643359 -0.26917657211425006
vn 0.8427222965545595 -0.26917418832429607 -0.4662235378332644
vn 0.8427235470128356 -0.4662199012643359 -0.26917657211425006
vn 0.8427222965545595 -0.26917418832429607 -0.4662235378332644
vn 0.8427222965545595 -0.26917418832429607 -0.4662235378332644
vn 0.8427235470128356 -0.4662199012643359 -0.26917657211425006
vn 0.8427263493374645 -0.5383421775528519 -6.022159478675477e-8
vn 0.8427235470128356 -0.4662199012643359 -0.26917657211425006
vn 0.8427263493374645 -0.5383421775528519 -6.022159478675477e-8
vn 0.8427235470128356 -0.4662199012643359 -0.26917657211425006
vn 0.8427235470128356 -0.4662199012643359 -0.26917657211425006
vn 0.8427263493374645 -0.5383421775528519 -6.022159478675477e-8
vn 0 -0.86602430576937 0.5000019018130637
vn 0 -0.9999999999999925 -1.2341450883468404e-7
vn 0 -0.86602430576937 0.5000019018130637
vn 0 -0.9999999999999925 -1.2341450883468404e-7
vn 0 -0.9999999999999925 -1.2341450883468404e-7
vn 0 -0.86602430576937 0.5000019018130637
vn 0 -0.49999813399742116 0.8660264811188493
vn 0 -0.86602430576937 0.5000019018130637
vn 0 -0.49999813399742116 0.8660264811188493
vn 0 -0.86602430576937 0.5000019018130637
vn 0 -0.86602430576937 0.5000019018130637
vn 0 -0.49999813399742116 0.8660264811188493
vn 0 0 1
vn 0 -0.49999813399742116 0.8660264811188493
vn 0 0 1
vn 0 -0.49999813399742116 0.8660264811188493
vn 0 -0.49999813399742116 0.8660264811188493
vn 0 0 1
vn 0 0.49999813399742116 0.8660264811188493
vn 0 0 1
vn 0 0.49999813399742116 0.8660264811188493
vn 0 0 1
vn 0 0 1
vn 0 0.49999813399742116 0.8660264811188493
vn 0 0.86602430576937 0.5000019018130637
vn 0 0.49999813399742116 0.8660264811188493
vn 0 0.86602430576937 0.5000019018130637
vn 0 0.49999813399742116 0.8660264811188493
vn 0 0.49999813399742116 0.8660264811188493
vn 0 0.86602430576937 0.5000019018130637
vn 0 0.9999999999999925 -1.2341450883468404e-7
vn 0 0.86602430576937 0.5000019018130637
vn 0 0.9999999999999925 -1.2341450883468404e-7
vn 0 0.86602430576937 0.5000019018130637
vn 0 0.86602430576937 0.5000019018130637
vn 0 0.9999999999999925 -1.2341450883468404e-7
vn 0 0.8660242650584585 -0.5000019723260668
vn 0 0.9999999999999925 -1.2341450883468404e-7
vn 0 0.8660242650584585 -0.5000019723260668
vn 0 0.9999999999999925 -1.2341450883468404e-7
vn 0 0.9999999999999925 -1.2341450883468404e-7
vn 0 0.8660242650584585 -0.5000019723260668
vn 0 0.4999982492141123 -0.8660264145987827
vn 0 0.8660242650584585 -0.5000019723260668
vn 0 0.4999982492141123 -0.8660264145987827
vn 0 0.8660242650584585 -0.5000019723260668
vn 0 0.8660242650584585 -0.5000019723260668
vn 0 0.4999982492141123 -0.8660264145987827
vn 0 0 -1
vn 0 0.4999982492141123 -0.8660264145987827
vn 0 0 -1
vn 0 0.4999982492141123 -0.8660264145987827
vn 0 0.4999982492141123 -0.8660264145987827
vn 0 0 -1
vn 0 -0.4999982492141123 -0.8660264145987827
vn 0 0 -1
vn 0 -0.4999982492141123 -0.8660264145987827
vn 0 0 -1
vn 0 0 -1
vn 0 -0.4999982492141123 -0.8660264145987827
vn 0 -0.8660242650584585 -0.5000019723260668
vn 0 -0.4999982492141123 -0.8660264145987827
vn 0 -0.8660242650584585 -0.5000019723260668
vn 0 -0.4999982492141123 -0.8660264145987827
vn 0 -0.4999982492141123 -0.8660264145987827
vn 0 -0.8660242650584585 -0.5000019723260668
vn 0 -0.9999999999999925 -1.2341450883468404e-7
vn 0 -0.8660242650584585 -0.5000019723260668
vn 0 -0.9999999999999925 -1.2341450883468404e-7
vn 0 -0.8660242650584585 -0.5000019723260668
vn 0 -0.8660242650584585 -0.5000019723260668
vn 0 -0.9999999999999925 -1.2341450883468404e-7
f 1/1/1 2/2/2 3/3/3
f 4/4/4 5/5/5 6/6/6
f 7/7/7 8/8/8 9/9/9
f 10/10/10 11/11/11 12/12/12
f 13/13/13 14/14/14 15/15/15
f 16/16/16 17/17/17 18/18/18
f 19/19/19 20/20/20 21/21/21
f 22/22/22 23/23/23 24/24/24
f 25/25/25 26/26/26 27/27/27
f 28/28/28 29/29/29 30/30/30
f 31/31/31 32/32/32 33/33/33
f 34/34/34 35/35/35 36/36/36
f 37/37/37 38/38/38 39/39/39
f 40/40/40 41/41/41 42/42/42
f 43/43/43 44/44/44 45/45/45
f 46/46/46 47/47/47 48/48/48
f 49/49/49 50/50/50 51/51/51
f 52/52/52 53/53/53 54/54/54
f 55/55/55 56/56/56 57/57/57
f 58/58/58 59/59/59 60/60/60
f 61/61/61 62/62/62 63/63/63
f 64/64/64 65/65/65 66/66/66
f 67/67/67 68/68/68 69/69/69
f 70/70/70 71/71/71 72/72/72
f 73/73/73 74/74/74 75/75/75
f 76/76/76 77/77/77 78/78/78
f 79/79/79 80/80/80 81/81/81
f 82/82/82 83/83/83 84/84/84
f 85/85/85 86/86/86 87/87/87
f 88/88/88 89/89/89 90/90/90
f 91/91/91 92/92/92 93/93/93
f 94/94/94 95/95/95 96/96/96
f 97/97/97 98/98/98 99/99/99
f 100/100/100 101/101/101 102/102/102
f 103/103/103 104/104/104 105/105/105
f 106/106/106 107/107/107 108/108/108
f 109/109/109 110/110/110 111/111/111
f 112/112/112 113/113/113 114/114/114
f 115/115/115 116/116/116 117/117/117
f 118/118/118 119/119/119 120/120/120
f 121/121/121 122/122/122 123/123/123
f 124/124/124 125/125/125 126/126/126
f 127/127/127 128/128/128 129/129/129
f 130/130/130 131/131/131 132/132/132
f 133/133/133 134/134/134 135/135/135
f 136/136/136 137/137/137 138/138/138
f 139/139/139 140/140/140 141/141/141
f 142/142/142 143/143/143 144/144/144
f 145/145/145 146/146/146 147/147/147
f 148/148/148 149/149/149 150/150/150
f 151/151/151 152/152/152 153/153/153
f 154/154/154 155/155/155 156/156/156
f 157/157/157 158/158/158 159/159/159
f 160/160/160 161/161/161 162/162/162
f 163/163/163 164/164/164 165/165/165
f 166/166/166 167/167/167 168/168/168
f 169/169/169 170/170/170 171/171/171
f 172/172/172 173/173/173 174/174/174
f 175/175/175 176/176/176 177/177/177
f 178/178/178 179/179/179 180/180/180
f 181/181/181 182/182/182 183/183/183
f 184/184/184 185/185/185 186/186/186
f 187/187/187 188/188/188 189/189/189
f 190/190/190 191/191/191 192/192/192
f 193/193/193 194/194/194 195/195/195
f 196/196/196 197/197/197 198/198/198
f 199/199/199 200/200/200 201/201/201
f 202/202/202 203/203/203 204/204/204
f 205/205/205 206/206/206 207/207/207
f 208/208/208 209/209/209 210/210/210
f 211/211/211 212/212/212 213/213/213
f 214/214/214 215/215/215 216/216/216
f 217/217/217 218/218/218 219/219/219
f 220/220/220 221/221/221 222/222/222
f 223/223/223 224/224/224 225/225/225
f 226/226/226 227/227/227 228/228/228
f 229/229/229 230/230/230 231/231/231
f 232/232/232 233/233/233 234/234/234
f 235/235/235 236/236/236 237/237/237
f 238/238/238 239/239/239 240/240/240
f 241/241/241 242/242/242 243/243/243
f 244/244/244 245/245/245 246/246/246
f 247/247/247 248/248/248 249/249/249
f 250/250/250 251/251/251 252/252/252
f 253/253/253 254/254/254 255/255/255
f 256/256/256 257/257/257 258/258/258
f 259/259/259 260/260/260 261/261/261
f 262/262/262 263/263/263 264/264/264
f 265/265/265 266/266/266 267/267/267
f 268/268/268 269/269/269 270/270/270
f 271/271/271 272/272/272 273/273/273
f 274/274/274 275/275/275 276/276/276
f 277/277/277 278/278/278 279/279/279
f 280/280/280 281/281/281 282/282/282
f 283/283/283 284/284/284 285/285/285
f 286/286/286 287/287/287 288/288/288
f 289/289/289 290/290/290 291/291/291
f 292/292/292 293/293/293 294/294/294
f 295/295/295 296/296/296 297/297/297
f 298/298/298 299/299/299 300/300/300
f 301/301/301 302/302/302 303/303/303
f 304/304/304 305/305/305 306/306/306
f 307/307/307 308/308/308 309/309/309
f 310/310/310 311/311/311 312/312/312
f 313/313/313 314/314/314 315/315/315
f 316/316/316 317/317/317 318/318/318
f 319/319/319 320/320/320 321/321/321
f 322/322/322 323/323/323 324/324/324
f 325/325/325 326/326/326 327/327/327
f 328/328/328 329/329/329 330/330/330
f 331/331/331 332/332/332 333/333/333
f 334/334/334 335/335/335 336/336/336
f 337/337/337 338/338/338 339/339/339
f 340/340/340 341/341/341 342/342/342
f 343/343/343 344/344/344 345/345/345
f 346/346/346 347/347/347 348/348/348
f 349/349/349 350/350/350 351/351/351
f 352/352/352 353/353/353 354/354/354
f 355/355/355 356/356/356 357/357/357
f 358/358/358 359/359/359 360/360/360
f 361/361/361 362/362/362 363/363/363
f 364/364/364 365/365/365 366/366/366
f 367/367/367 368/368/368 369/369/369
f 370/370/370 371/371/371 372/372/372
f 373/373/373 374/374/374 375/375/375
f 376/376/376 377/377/377 378/378/378
f 379/379/379 380/380/380 381/381/381
f 382/382/382 383/383/383 384/384/384
f 385/385/385 386/386/386 387/387/387
f 388/388/388 389/389/389 390/390/390
f 391/391/391 392/392/392 393/393/393
f 394/394/394 395/395/395 396/396/396
f 397/397/397 398/398/398 399/399/399
f 400/400/400 401/401/401 402/402/402
f 403/403/403 404/404/404 405/405/405
f 406/406/406 407/407/407 408/408/408
f 409/409/409 410/410/410 411/411/411
f 412/412/412 413/413/413 414/414/414
f 415/415/415 416/416/416 417/417/417
f 418/418/418 419/419/419 420/420/420
f 421/421/421 422/422/422 423/423/423
f 424/424/424 425/425/425 426/426/426
f 427/427/427 428/428/428 429/429/429
f 430/430/430 431/431/431 432/432/432
f 433/433/433 434/434/434 435/435/435
f 436/436/436 437/437/437 438/438/438
f 439/439/439 440/440/440 441/441/441
f 442/442/442 443/443/443 444/444/444
f 445/445/445 446/446/446 447/447/447
f 448/448/448 449/449/449 450/450/450
f 451/451/451 452/452/452 453/453/453
f 454/454/454 455/455/455 456/456/456
f 457/457/457 458/458/458 459/459/459
f 460/460/460 461/461/461 462/462/462
f 463/463/463 464/464/464 465/465/465
f 466/466/466 467/467/467 468/468/468
f 469/469/469 470/470/470 471/471/471
f 472/472/472 473/473/473 474/474/474
f 475/475/475 476/476/476 477/477/477
f 478/478/478 479/479/479 480/480/480
f 481/481/481 482/482/482 483/483/483
f 484/484/484 485/485/485 486/486/486
f 487/487/487 488/488/488 489/489/489
f 490/490/490 491/491/491 492/492/492
f 493/493/493 494/494/494 495/495/495
f 496/496/496 497/497/497 498/498/498
f 499/499/499 500/500/500 501/501/501
f 502/502/502 503/503/503 504/504/504
f 505/505/505 506/506/506 507/507/507
f 508/508/508 509/509/509 510/510/510
f 511/511/511 512/512/512 513/513/513
f 514/514/514 515/515/515 516/516/516
f 517/517/517 518/518/518 519/519/519
f 520/520/520 521/521/521 522/522/522
f 523/523/523 524/524/524 525/525/525
f 526/526/526 527/527/527 528/528/528
f 529/529/529 530/530/530 531/531/531
f 532/532/532 533/533/533 534/534/534
f 535/535/535 536/536/536 537/537/537
f 538/538/538 539/539/539 540/540/540
f 541/541/541 542/542/542 543/543/543
f 544/544/544 545/545/545 546/546/546
f 547/547/547 548/548/548 549/549/549
f 550/550/550 551/551/551 552/552/552
f 553/553/553 554/554/554 555/555/555
f 556/556/556 557/557/557 558/558/558
f 559/559/559 560/560/560 561/561/561
f 562/562/562 563/563/563 564/564/564
f 565/565/565 566/566/566 567/567/567
f 568/568/568 569/569/569 570/570/570
f 571/571/571 572/572/572 573/573/573
f 574/574/574 575/575/575 576/576/576
f 577/577/577 578/578/578 579/579/579
f 580/580/580 581/581/581 582/582/582
f 583/583/583 584/584/584 585/585/585
f 586/586/586 587/587/587 588/588/588
f 589/589/589 590/590/590 591/591/591
f 592/592/592 593/593/593 594/594/594
f 595/595/595 596/596/596 597/597/597
f 598/598/598 599/599/599 600/600/600
f 601/601/601 602/602/602 603/603/603
f 604/604/604 605/605/605 606/606/606
f 607/607/607 608/608/608 609/609/609
f 610/610/610 611/611/611 612/612/612
f 613/613/613 614/614/614 615/615/615
f 616/616/616 617/617/617 618/618/618
f 619/619/619 620/620/620 621/621/621
f 622/622/622 623/623/623 624/624/624
f 625/625/625 626/626/626 627/627/627
f 628/628/628 629/629/629 630/630/630
f 631/631/631 632/632/632 633/633/633
f 634/634/634 635/635/635 636/636/636
f 637/637/637 638/638/638 639/639/639
f 640/640/640 641/641/641 642/642/642
f 643/643/643 644/644/644 645/645/645
f 646/646/646 647/647/647 648/648/648
f 649/649/649 650/650/650 651/651/651
f 652/652/652 653/653/653 654/654/654
f 655/655/655 656/656/656 657/657/657
f 658/658/658 659/659/659 660/660/660
f 661/661/661 662/662/662 663/663/663
f 664/664/664 665/665/665 666/666/666
f 667/667/667 668/668/668 669/669/669
f 670/670/670 671/671/671 672/672/672
f 673/673/673 674/674/674 675/675/675
f 676/676/676 677/677/677 678/678/678
f 679/679/679 680/680/680 681/681/681
f 682/682/682 683/683/683 684/684/684
f 685/685/685 686/686/686 687/687/687
f 688/688/688 689/689/689 690/690/690
f 691/691/691 692/692/692 693/693/693
f 694/694/694 695/695/695 696/696/696
f 697/697/697 698/698/698 699/699/699
f 700/700/700 701/701/701 702/702/702
f 703/703/703 704/704/704 705/705/705
f 706/706/706 707/707/707 708/708/708
f 709/709/709 710/710/710 711/711/711
f 712/712/712 713/713/713 714/714/714
f 715/715/715 716/716/716 717/717/717
f 718/718/718 719/719/719 720/720/720
f 721/721/721 722/722/722 723/723/723
f 724/724/724 725/725/725 726/726/726
f 727/727/727 728/728/728 729/729/729
f 730/730/730 731/731/731 732/732/732
f 733/733/733 734/734/734 735/735/735
f 736/736/736 737/737/737 738/738/738
f 739/739/739 740/740/740 741/741/741
f 742/742/742 743/743/743 744/744/744
f 745/745/745 746/746/746 747/747/747
f 748/748/748 749/749/749 750/750/750
f 751/751/751 752/752/752 753/753/753
f 754/754/754 755/755/755 756/756/756
f 757/757/757 758/758/758 759/759/759
f 760/760/760 761/761/761 762/762/762
f 763/763/763 764/764/764 765/765/765
f 766/766/766 767/767/767 768/768/768
f 769/769/769 770/770/770 771/771/771
f 772/772/772 773/773/773 774/774/774
f 775/775/775 776/776/776 777/777/777
f 778/778/778 779/779/779 780/780/780
f 781/781/781 782/782/782 783/783/783
f 784/784/784 785/785/785 786/786/786
f 787/787/787 788/788/788 789/789/789
f 790/790/790 791/791/791 792/792/792
f 793/793/793 794/794/794 795/795/795
f 796/796/796 797/797/797 798/798/798
f 799/799/799 800/800/800 801/801/801
f 802/802/802 803/803/803 804/804/804
f 805/805/805 806/806/806 807/807/807
f 808/808/808 809/809/809 810/810/810
f 811/811/811 812/812/812 813/813/813
f 814/814/814 815/815/815 816/816/816
f 817/817/817 818/818/818 819/819/819
f 820/820/820 821/821/821 822/822/822
f 823/823/823 824/824/824 825/825/825
f 826/826/826 827/827/827 828/828/828
f 829/829/829 830/830/830 831/831/831
f 832/832/832 833/833/833 834/834/834
f 835/835/835 836/836/836 837/837/837
f 838/838/838 839/839/839 840/840/840
f 841/841/841 842/842/842 843/843/843
f 844/844/844 845/845/845 846/846/846
f 847/847/847 848/848/848 849/849/849
f 850/850/850 851/851/851 852/852/852
f 853/853/853 854/854/854 855/855/855
f 856/856/856 857/857/857 858/858/858
f 859/859/859 860/860/860 861/861/861
f 862/862/862 863/863/863 864/864/864
f 865/865/865 866/866/866 867/867/867
f 868/868/868 869/869/869 870/870/870
f 871/871/871 872/872/872 873/873/873
f 874/874/874 875/875/875 876/876/876
f 877/877/877 878/878/878 879/879/879
f 880/880/880 881/881/881 882/882/882
f 883/883/883 884/884/884 885/885/885
f 886/886/886 887/887/887 888/888/888
f 889/889/889 890/890/890 891/891/891
f 892/892/892 893/893/893 894/894/894
f 895/895/895 896/896/896 897/897/897
f 898/898/898 899/899/899 900/900/900
f 901/901/901 902/902/902 903/903/903
f 904/904/904 905/905/905 906/906/906
f 907/907/907 908/908/908 909/909/909
f 910/910/910 911/911/911 912/912/912
f 913/913/913 914/914/914 915/915/915
f 916/916/916 917/917/917 918/918/918
f 919/919/919 920/920/920 921/921/921
f 922/922/922 923/923/923 924/924/924
f 925/925/925 926/926/926 927/927/927
f 928/928/928 929/929/929 930/930/930
f 931/931/931 932/932/932 933/933/933
f 934/934/934 935/935/935 936/936/936
f 937/937/937 938/938/938 939/939/939
f 940/940/940 941/941/941 942/942/942
f 943/943/943 944/944/944 945/945/945
f 946/946/946 947/947/947 948/948/948
f 949/949/949 950/950/950 951/951/951
f 952/952/952 953/953/953 954/954/954
f 955/955/955 956/956/956 957/957/957
f 958/958/958 959/959/959 960/960/960
f 961/961/961 962/962/962 963/963/963
f 964/964/964 965/965/965 966/966/966
f 967/967/967 968/968/968 969/969/969
f 970/970/970 971/971/971 972/972/972
f 973/973/973 974/974/974 975/975/975
f 976/976/976 977/977/977 978/978/978
f 979/979/979 980/980/980 981/981/981
f 982/982/982 983/983/983 984/984/984
f 985/985/985 986/986/986 987/987/987
f 988/988/988 989/989/989 990/990/990
f 991/991/991 992/992/992 993/993/993
f 994/994/994 995/995/995 996/996/996
f 997/997/997 998/998/998 999/999/999
f 1000/1000/1000 1001/1001/1001 1002/1002/1002
f 1003/1003/1003 1004/1004/1004 1005/1005/1005
f 1006/1006/1006 1007/1007/1007 1008/1008/1008
f 1009/1009/1009 1010/1010/1010 1011/1011/1011
f 1012/1012/1012 1013/1013/1013 1014/1014/1014
f 1015/1015/1015 1016/1016/1016 1017/1017/1017
f 1018/1018/1018 1019/1019/1019 1020/1020/1020
f 1021/1021/1021 1022/1022/1022 1023/1023/1023
f 1024/1024/1024 1025/1025/1025 1026/1026/1026
f 1027/1027/1027 1028/1028/1028 1029/1029/1029
f 1030/1030/1030 1031/1031/1031 1032/1032/1032
f 1033/1033/1033 1034/1034/1034 1035/1035/1035
f 1036/1036/1036 1037/1037/1037 1038/1038/1038
f 1039/1039/1039 1040/1040/1040 1041/1041/1041
f 1042/1042/1042 1043/1043/1043 1044/1044/1044
f 1045/1045/1045 1046/1046/1046 1047/1047/1047
f 1048/1048/1048 1049/1049/1049 1050/1050/1050
f 1051/1051/1051 1052/1052/1052 1053/1053/1053
f 1054/1054/1054 1055/1055/1055 1056/1056/1056
f 1057/1057/1057 1058/1058/1058 1059/1059/1059
f 1060/1060/1060 1061/1061/1061 1062/1062/1062
f 1063/1063/1063 1064/1064/1064 1065/1065/1065
f 1066/1066/1066 1067/1067/1067 1068/1068/1068
f 1069/1069/1069 1070/1070/1070 1071/1071/1071
f 1072/1072/1072 1073/1073/1073 1074/1074/1074
f 1075/1075/1075 1076/1076/1076 1077/1077/1077
f 1078/1078/1078 1079/1079/1079 1080/1080/1080
f 1081/1081/1081 1082/1082/1082 1083/1083/1083
f 1084/1084/1084 1085/1085/1085 1086/1086/1086
f 1087/1087/1087 1088/1088/1088 1089/1089/1089
f 1090/1090/1090 1091/1091/1091 1092/1092/1092
f 1093/1093/1093 1094/1094/1094 1095/1095/1095
f 1096/1096/1096 1097/1097/1097 1098/1098/1098
f 1099/1099/1099 1100/1100/1100 1101/1101/1101
f 1102/1102/1102 1103/1103/1103 1104/1104/1104
f 1105/1105/1105 1106/1106/1106 1107/1107/1107
f 1108/1108/1108 1109/1109/1109 1110/1110/1110
f 1111/1111/1111 1112/1112/1112 1113/1113/1113
f 1114/1114/1114 1115/1115/1115 1116/1116/1116
f 1117/1117/1117 1118/1118/1118 1119/1119/1119
f 1120/1120/1120 1121/1121/1121 1122/1122/1122
f 1123/1123/1123 1124/1124/1124 1125/1125/1125
f 1126/1126/1126 1127/1127/1127 1128/1128/1128
f 1129/1129/1129 1130/1130/1130 1131/1131/1131
f 1132/1132/1132 1133/1133/1133 1134/1134/1134
f 1135/1135/1135 1136/1136/1136 1137/1137/1137
f 1138/1138/1138 1139/1139/1139 1140/1140/1140
f 1141/1141/1141 1142/1142/1142 1143/1143/1143
f 1144/1144/1144 1145/1145/1145 1146/1146/1146
f 1147/1147/1147 1148/1148/1148 1149/1149/1149
f 1150/1150/1150 1151/1151/1151 1152/1152/1152
f 1153/1153/1153 1154/1154/1154 1155/1155/1155
f 1156/1156/1156 1157/1157/1157 1158/1158/1158
f 1159/1159/1159 1160/1160/1160 1161/1161/1161
f 1162/1162/1162 1163/1163/1163 1164/1164/1164
f 1165/1165/1165 1166/1166/1166 1167/1167/1167
f 1168/1168/1168 1169/1169/1169 1170/1170/1170
f 1171/1171/1171 1172/1172/1172 1173/1173/1173
f 1174/1174/1174 1175/1175/1175 1176/1176/1176
f 1177/1177/1177 1178/1178/1178 1179/1179/1179
f 1180/1180/1180 1181/1181/1181 1182/1182/1182
f 1183/1183/1183 1184/1184/1184 1185/1185/1185
f 1186/1186/1186 1187/1187/1187 1188/1188/1188
f 1189/1189/1189 1190/1190/1190 1191/1191/1191
f 1192/1192/1192 1193/1193/1193 1194/1194/1194
f 1195/1195/1195 1196/1196/1196 1197/1197/1197
f 1198/1198/1198 1199/1199/1199 1200/1200/1200
f 1201/1201/1201 1202/1202/1202 1203/1203/1203
f 1204/1204/1204 1205/1205/1205 1206/1206/1206
f 1207/1207/1207 1208/1208/1208 1209/1209/1209
f 1210/1210/1210 1211/1211/1211 1212/1212/1212
f 1213/1213/1213 1214/1214/1214 1215/1215/1215
f 1216/1216/1216 1217/1217/1217 1218/1218/1218
f 1219/1219/1219 1220/1220/1220 1221/1221/1221
f 1222/1222/1222 1223/1223/1223 1224/1224/1224
f 1225/1225/1225 1226/1226/1226 1227/1227/1227
f 1228/1228/1228 1229/1229/1229 1230/1230/1230
f 1231/1231/1231 1232/1232/1232 1233/1233/1233
f 1234/1234/1234 1235/1235/1235 1236/1236/1236
f 1237/1237/1237 1238/1238/1238 1239/1239/1239
f 1240/1240/1240 1241/1241/1241 1242/1242/1242
f 1243/1243/1243 1244/1244/1244 1245/1245/1245
f 1246/1246/1246 1247/1247/1247 1248/1248/1248
f 1249/1249/1249 1250/1250/1250 1251/1251/1251
f 1252/1252/1252 1253/1253/1253 1254/1254/1254
f 1255/1255/1255 1256/1256/1256 1257/1257/1257
f 1258/1258/1258 1259/1259/1259 1260/1260/1260
f 1261/1261/1261 1262/1262/1262 1263/1263/1263
f 1264/1264/1264 1265/1265/1265 1266/1266/1266
f 1267/1267/1267 1268/1268/1268 1269/1269/1269
f 1270/1270/1270 1271/1271/1271 1272/1272/1272
f 1273/1273/1273 1274/1274/1274 1275/1275/1275
f 1276/1276/1276 1277/1277/1277 1278/1278/1278
f 1279/1279/1279 1280/1280/1280 1281/1281/1281
f 1282/1282/1282 1283/1283/1283 1284/1284/1284
f 1285/1285/1285 1286/1286/1286 1287/1287/1287
f 1288/1288/1288 1289/1289/1289 1290/1290/1290
f 1291/1291/1291 1292/1292/1292 1293/1293/1293
f 1294/1294/1294 1295/1295/1295 1296/1296/1296
f 1297/1297/1297 1298/1298/1298 1299/1299/1299
f 1300/1300/1300 1301/1301/1301 1302/1302/1302
f 1303/1303/1303 1304/1304/1304 1305/1305/1305
f 1306/1306/1306 1307/1307/1307 1308/1308/1308
f 1309/1309/1309 1310/1310/1310 1311/1311/1311
f 1312/1312/1312 1313/1313/1313 1314/1314/1314
f 1315/1315/1315 1316/1316/1316 1317/1317/1317
f 1318/1318/1318 1319/1319/1319 1320/1320/1320
f 1321/1321/1321 1322/1322/1322 1323/1323/1323
f 1324/1324/1324 1325/1325/1325 1326/1326/1326
f 1327/1327/1327 1328/1328/1328 1329/1329/1329
f 1330/1330/1330 1331/1331/1331 1332/1332/1332
f 1333/1333/1333 1334/1334/1334 1335/1335/1335
f 1336/1336/1336 1337/1337/1337 1338/1338/1338
f 1339/1339/1339 1340/1340/1340 1341/1341/1341
f 1342/1342/1342 1343/1343/1343 1344/1344/1344
f 1345/1345/1345 1346/1346/1346 1347/1347/1347
f 1348/1348/1348 1349/1349/1349 1350/1350/1350
f 1351/1351/1351 1352/1352/1352 1353/1353/1353
f 1354/1354/1354 1355/1355/1355 1356/1356/1356
f 1357/1357/1357 1358/1358/1358 1359/1359/1359
f 1360/1360/1360 1361/1361/1361 1362/1362/1362
f 1363/1363/1363 1364/1364/1364 1365/1365/1365
f 1366/1366/1366 1367/1367/1367 1368/1368/1368
f 1369/1369/1369 1370/1370/1370 1371/1371/1371
f 1372/1372/1372 1373/1373/1373 1374/1374/1374
f 1375/1375/1375 1376/1376/1376 1377/1377/1377
f 1378/1378/1378 1379/1379/1379 1380/1380/1380
f 1381/1381/1381 1382/1382/1382 1383/1383/1383
f 1384/1384/1384 1385/1385/1385 1386/1386/1386
f 1387/1387/1387 1388/1388/1388 1389/1389/1389
f 1390/1390/1390 1391/1391/1391 1392/1392/1392
f 1393/1393/1393 1394/1394/1394 1395/1395/1395
f 1396/1396/1396 1397/1397/1397 1398/1398/1398
f 1399/1399/1399 1400/1400/1400 1401/1401/1401
f 1402/1402/1402 1403/1403/1403 1404/1404/1404
f 1405/1405/1405 1406/1406/1406 1407/1407/1407
f 1408/1408/1408 1409/1409/1409 1410/1410/1410
f 1411/1411/1411 1412/1412/1412 1413/1413/1413
f 1414/1414/1414 1415/1415/1415 1416/1416/1416
f 1417/1417/1417 1418/1418/1418 1419/1419/1419
f 1420/1420/1420 1421/1421/1421 1422/1422/1422
f 1423/1423/1423 1424/1424/1424 1425/1425/1425
f 1426/1426/1426 1427/1427/1427 1428/1428/1428
f 1429/1429/1429 1430/1430/1430 1431/1431/1431
f 1432/1432/1432 1433/1433/1433 1434/1434/1434
f 1435/1435/1435 1436/1436/1436 1437/1437/1437
f 1438/1438/1438 1439/1439/1439 1440/1440/1440
f 1441/1441/1441 1442/1442/1442 1443/1443/1443
f 1444/1444/1444 1445/1445/1445 1446/1446/1446
f 1447/1447/1447 1448/1448/1448 1449/1449/1449
f 1450/1450/1450 1451/1451/1451 1452/1452/1452
f 1453/1453/1453 1454/1454/1454 1455/1455/1455
f 1456/1456/1456 1457/1457/1457 1458/1458/1458
f 1459/1459/1459 1460/1460/1460 1461/1461/1461
f 1462/1462/1462 1463/1463/1463 1464/1464/1464
f 1465/1465/1465 1466/1466/1466 1467/1467/1467
f 1468/1468/1468 1469/1469/1469 1470/1470/1470
f 1471/1471/1471 1472/1472/1472 1473/1473/1473
f 1474/1474/1474 1475/1475/1475 1476/1476/1476
f 1477/1477/1477 1478/1478/1478 1479/1479/1479
f 1480/1480/1480 1481/1481/1481 1482/1482/1482
f 1483/1483/1483 1484/1484/1484 1485/1485/1485
f 1486/1486/1486 1487/1487/1487 1488/1488/1488
f 1489/1489/1489 1490/1490/1490 1491/1491/1491
f 1492/1492/1492 1493/1493/1493 1494/1494/1494
f 1495/1495/1495 1496/1496/1496 1497/1497/1497
f 1498/1498/1498 1499/1499/1499 1500/1500/1500
f 1501/1501/1501 1502/1502/1502 1503/1503/1503
f 1504/1504/1504 1505/1505/1505 1506/1506/1506
f 1507/1507/1507 1508/1508/1508 1509/1509/1509
f 1510/1510/1510 1511/1511/1511 1512/1512/1512
f 1513/1513/1513 1514/1514/1514 1515/1515/1515
f 1516/1516/1516 1517/1517/1517 1518/1518/1518
f 1519/1519/1519 1520/1520/1520 1521/1521/1521
f 1522/1522/1522 1523/1523/1523 1524/1524/1524
f 1525/1525/1525 1526/1526/1526 1527/1527/1527
f 1528/1528/1528 1529/1529/1529 1530/1530/1530
f 1531/1531/1531 1532/1532/1532 1533/1533/1533
f 1534/1534/1534 1535/1535/1535 1536/1536/1536
f 1537/1537/1537 1538/1538/1538 1539/1539/1539
f 1540/1540/1540 1541/1541/1541 1542/1542/1542
f 1543/1543/1543 1544/1544/1544 1545/1545/1545
f 1546/1546/1546 1547/1547/1547 1548/1548/1548
f 1549/1549/1549 1550/1550/1550 1551/1551/1551
f 1552/1552/1552 1553/1553/1553 1554/1554/1554
f 1555/1555/1555 1556/1556/1556 1557/1557/1557
f 1558/1558/1558 1559/1559/1559 1560/1560/1560
f 1561/1561/1561 1562/1562/1562 1563/1563/1563
f 1564/1564/1564 1565/1565/1565 1566/1566/1566
f 1567/1567/1567 1568/1568/1568 1569/1569/1569
f 1570/1570/1570 1571/1571/1571 1572/1572/1572
f 1573/1573/1573 1574/1574/1574 1575/1575/1575
f 1576/1576/1576 1577/1577/1577 1578/1578/1578
f 1579/1579/1579 1580/1580/1580 1581/1581/1581
f 1582/1582/1582 1583/1583/1583 1584/1584/1584
f 1585/1585/1585 1586/1586/1586 1587/1587/1587
f 1588/1588/1588 1589/1589/1589 1590/1590/1590
f 1591/1591/1591 1592/1592/1592 1593/1593/1593
f 1594/1594/1594 1595/1595/1595 1596/1596/1596
f 1597/1597/1597 1598/1598/1598 1599/1599/1599
f 1600/1600/1600 1601/1601/1601 1602/1602/1602
f 1603/1603/1603 1604/1604/1604 1605/1605/1605
f 1606/1606/1606 1607/1607/1607 1608/1608/1608
f 1609/1609/1609 1610/1610/1610 1611/1611/1611
f 1612/1612/1612 1613/1613/1613 1614/1614/1614
f 1615/1615/1615 1616/1616/1616 1617/1617/1617
f 1618/1618/1618 1619/1619/1619 1620/1620/1620
f 1621/1621/1621 1622/1622/1622 1623/1623/1623
f 1624/1624/1624 1625/1625/1625 1626/1626/1626
f 1627/1627/1627 1628/1628/1628 1629/1629/1629
f 1630/1630/1630 1631/1631/1631 1632/1632/1632
f 1633/1633/1633 1634/1634/1634 1635/1635/1635
f 1636/1636/1636 1637/1637/1637 1638/1638/1638
f 1639/1639/1639 1640/1640/1640 1641/1641/1641
f 1642/1642/1642 1643/1643/1643 1644/1644/1644
f 1645/1645/1645 1646/1646/1646 1647/1647/1647
f 1648/1648/1648 1649/1649/1649 1650/1650/1650
f 1651/1651/1651 1652/1652/1652 1653/1653/1653
f 1654/1654/1654 1655/1655/1655 1656/1656/1656
f 1657/1657/1657 1658/1658/1658 1659/1659/1659
f 1660/1660/1660 1661/1661/1661 1662/1662/1662
f 1663/1663/1663 1664/1664/1664 1665/1665/1665
f 1666/1666/1666 1667/1667/1667 1668/1668/1668
f 1669/1669/1669 1670/1670/1670 1671/1671/1671
f 1672/1672/1672 1673/1673/1673 1674/1674/1674
f 1675/1675/1675 1676/1676/1676 1677/1677/1677
f 1678/1678/1678 1679/1679/1679 1680/1680/1680
f 1681/1681/1681 1682/1682/1682 1683/1683/1683
f 1684/1684/1684 1685/1685/1685 1686/1686/1686
f 1687/1687/1687 1688/1688/1688 1689/1689/1689
f 1690/1690/1690 1691/1691/1691 1692/1692/1692
f 1693/1693/1693 1694/1694/1694 1695/1695/1695
f 1696/1696/1696 1697/1697/1697 1698/1698/1698
f 1699/1699/1699 1700/1700/1700 1701/1701/1701
f 1702/1702/1702 1703/1703/1703 1704/1704/1704
f 1705/1705/1705 1706/1706/1706 1707/1707/1707
f 1708/1708/1708 1709/1709/1709 1710/1710/1710
f 1711/1711/1711 1712/1712/1712 1713/1713/1713
f 1714/1714/1714 1715/1715/1715 1716/1716/1716
f 1717/1717/1717 1718/1718/1718 1719/1719/1719
f 1720/1720/1720 1721/1721/1721 1722/1722/1722
f 1723/1723/1723 1724/1724/1724 1725/1725/1725
f 1726/1726/1726 1727/1727/1727 1728/1728/1728
f 1729/1729/1729 1730/1730/1730 1731/1731/1731
f 1732/1732/1732 1733/1733/1733 1734/1734/1734
f 1735/1735/1735 1736/1736/1736 1737/1737/1737
f 1738/1738/1738 1739/1739/1739 1740/1740/1740
f 1741/1741/1741 1742/1742/1742 1743/1743/1743
f 1744/1744/1744 1745/1745/1745 1746/1746/1746
f 1747/1747/1747 1748/1748/1748 1749/1749/1749
f 1750/1750/1750 1751/1751/1751 1752/1752/1752
f 1753/1753/1753 1754/1754/1754 1755/1755/1755
f 1756/1756/1756 1757/1757/1757 1758/1758/1758
f 1759/1759/1759 1760/1760/1760 1761/1761/1761
f 1762/1762/1762 1763/1763/1763 1764/1764/1764
f 1765/1765/1765 1766/1766/1766 1767/1767/1767
f 1768/1768/1768 1769/1769/1769 1770/1770/1770
f 1771/1771/1771 1772/1772/1772 1773/1773/1773
f 1774/1774/1774 1775/1775/1775 1776/1776/1776
f 1777/1777/1777 1778/1778/1778 1779/1779/1779
f 1780/1780/1780 1781/1781/1781 1782/1782/1782
f 1783/1783/1783 1784/1784/1784 1785/1785/1785
f 1786/1786/1786 1787/1787/1787 1788/1788/1788
f 1789/1789/1789 1790/1790/1790 1791/1791/1791
f 1792/1792/1792 1793/1793/1793 1794/1794/1794
f 1795/1795/1795 1796/1796/1796 1797/1797/1797
f 1798/1798/1798 1799/1799/1799 1800/1800/1800
f 1801/1801/1801 1802/1802/1802 1803/1803/1803
f 1804/1804/1804 1805/1805/1805 1806/1806/1806
f 1807/1807/1807 1808/1808/1808 1809/1809/1809
f 1810/1810/1810 1811/1811/1811 1812/1812/1812
f 1813/1813/1813 1814/1814/1814 1815/1815/1815
f 1816/1816/1816 1817/1817/1817 1818/1818/1818
f 1819/1819/1819 1820/1820/1820 1821/1821/1821
f 1822/1822/1822 1823/1823/1823 1824/1824/1824
f 1825/1825/1825 1826/1826/1826 1827/1827/1827
f 1828/1828/1828 1829/1829/1829 1830/1830/1830
f 1831/1831/1831 1832/1832/1832 1833/1833/1833
f 1834/1834/1834 1835/1835/1835 1836/1836/1836
f 1837/1837/1837 1838/1838/1838 1839/1839/1839
f 1840/1840/1840 1841/1841/1841 1842/1842/1842
f 1843/1843/1843 1844/1844/1844 1845/1845/1845
f 1846/1846/1846 1847/1847/1847 1848/1848/1848
f 1849/1849/1849 1850/1850/1850 1851/1851/1851
f 1852/1852/1852 1853/1853/1853 1854/1854/1854
f 1855/1855/1855 1856/1856/1856 1857/1857/1857
f 1858/1858/1858 1859/1859/1859 1860/1860/1860
f 1861/1861/1861 1862/1862/1862 1863/1863/1863
f 1864/1864/1864 1865/1865/1865 1866/1866/1866
f 1867/1867/1867 1868/1868/1868 1869/1869/1869
f 1870/1870/1870 1871/1871/1871 1872/1872/1872
f 1873/1873/1873 1874/1874/1874 1875/1875/1875
f 1876/1876/1876 1877/1877/1877 1878/1878/1878
f 1879/1879/1879 1880/1880/1880 1881/1881/1881
f 1882/1882/1882 1883/1883/1883 1884/1884/1884
f 1885/1885/1885 1886/1886/1886 1887/1887/1887
f 1888/1888/1888 1889/1889/1889 1890/1890/1890
f 1891/1891/1891 1892/1892/1892 1893/1893/1893
f 1894/1894/1894 1895/1895/1895 1896/1896/1896
f 1897/1897/1897 1898/1898/1898 1899/1899/1899
f 1900/1900/1900 1901/1901/1901 1902/1902/1902
f 1903/1903/1903 1904/1904/1904 1905/1905/1905
f 1906/1906/1906 1907/1907/1907 1908/1908/1908
f 1909/1909/1909 1910/1910/1910 1911/1911/1911
f 1912/1912/1912 1913/1913/1913 1914/1914/1914
f 1915/1915/1915 1916/1916/1916 1917/1917/1917
f 1918/1918/1918 1919/1919/1919 1920/1920/1920
f 1921/1921/1921 1922/1922/1922 1923/1923/1923
f 1924/1924/1924 1925/1925/1925 1926/1926/1926
f 1927/1927/1927 1928/1928/1928 1929/1929/1929
f 1930/1930/1930 1931/1931/1931 1932/1932/1932
f 1933/1933/1933 1934/1934/1934 1935/1935/1935
f 1936/1936/1936 1937/1937/1937 1938/1938/1938
f 1939/1939/1939 1940/1940/1940 1941/1941/1941
f 1942/1942/1942 1943/1943/1943 1944/1944/1944
f 1945/1945/1945 1946/1946/1946 1947/1947/1947
f 1948/1948/1948 1949/1949/1949 1950/1950/1950
f 1951/1951/1951 1952/1952/1952 1953/1953/1953
f 1954/1954/1954 1955/1955/1955 1956/1956/1956
f 1957/1957/1957 1958/1958/1958 1959/1959/1959
f 1960/1960/1960 1961/1961/1961 1962/1962/1962
f 1963/1963/1963 1964/1964/1964 1965/1965/1965
f 1966/1966/1966 1967/1967/1967 1968/1968/1968
f 1969/1969/1969 1970/1970/1970 1971/1971/1971
f 1972/1972/1972 1973/1973/1973 1974/1974/1974
f 1975/1975/1975 1976/1976/1976 1977/1977/1977
f 1978/1978/1978 1979/1979/1979 1980/1980/1980
f 1981/1981/1981 1982/1982/1982 1983/1983/1983
f 1984/1984/1984 1985/1985/1985 1986/1986/1986
f 1987/1987/1987 1988/1988/1988 1989/1989/1989
f 1990/1990/1990 1991/1991/1991 1992/1992/1992
f 1993/1993/1993 1994/1994/1994 1995/1995/1995
f 1996/1996/1996 1997/1997/1997 1998/1998/1998
f 1999/1999/1999 2000/2000/2000 2001/2001/2001
f 2002/2002/2002 2003/2003/2003 2004/2004/2004
f 2005/2005/2005 2006/2006/2006 2007/2007/2007
f 2008/2008/2008 2009/2009/2009 2010/2010/2010
f 2011/2011/2011 2012/2012/2012 2013/2013/2013
f 2014/2014/2014 2015/2015/2015 2016/2016/2016
f 2017/2017/2017 2018/2018/2018 2019/2019/2019
f 2020/2020/2020 2021/2021/2021 2022/2022/2022
f 2023/2023/2023 2024/2024/2024 2025/2025/2025
f 2026/2026/2026 2027/2027/2027 2028/2028/2028
f 2029/2029/2029 2030/2030/2030 2031/2031/2031
f 2032/2032/2032 2033/2033/2033 2034/2034/2034
f 2035/2035/2035 2036/2036/2036 2037/2037/2037
f 2038/2038/2038 2039/2039/2039 2040/2040/2040
f 2041/2041/2041 2042/2042/2042 2043/2043/2043
f 2044/2044/2044 2045/2045/2045 2046/2046/2046
f 2047/2047/2047 2048/2048/2048 2049/2049/2049
f 2050/2050/2050 2051/2051/2051 2052/2052/2052
f 2053/2053/2053 2054/2054/2054 2055/2055/2055
f 2056/2056/2056 2057/2057/2057 2058/2058/2058
f 2059/2059/2059 2060/2060/2060 2061/2061/2061
f 2062/2062/2062 2063/2063/2063 2064/2064/2064
f 2065/2065/2065 2066/2066/2066 2067/2067/2067
f 2068/2068/2068 2069/2069/2069 2070/2070/2070
f 2071/2071/2071 2072/2072/2072 2073/2073/2073
f 2074/2074/2074 2075/2075/2075 2076/2076/2076
f 2077/2077/2077 2078/2078/2078 2079/2079/2079
f 2080/2080/2080 2081/2081/2081 2082/2082/2082
f 2083/2083/2083 2084/2084/2084 2085/2085/2085
f 2086/2086/2086 2087/2087/2087 2088/2088/2088
f 2089/2089/2089 2090/2090/2090 2091/2091/2091
f 2092/2092/2092 2093/2093/2093 2094/2094/2094
f 2095/2095/2095 2096/2096/2096 2097/2097/2097
f 2098/2098/2098 2099/2099/2099 2100/2100/2100
f 2101/2101/2101 2102/2102/2102 2103/2103/2103
f 2104/2104/2104 2105/2105/2105 2106/2106/2106
f 2107/2107/2107 2108/2108/2108 2109/2109/2109
f 2110/2110/2110 2111/2111/2111 2112/2112/2112
f 2113/2113/2113 2114/2114/2114 2115/2115/2115
f 2116/2116/2116 2117/2117/2117 2118/2118/2118
f 2119/2119/2119 2120/2120/2120 2121/2121/2121
f 2122/2122/2122 2123/2123/2123 2124/2124/2124
f 2125/2125/2125 2126/2126/2126 2127/2127/2127
f 2128/2128/2128 2129/2129/2129 2130/2130/2130
f 2131/2131/2131 2132/2132/2132 2133/2133/2133
f 2134/2134/2134 2135/2135/2135 2136/2136/2136
f 2137/2137/2137 2138/2138/2138 2139/2139/2139
f 2140/2140/2140 2141/2141/2141 2142/2142/2142
f 2143/2143/2143 2144/2144/2144 2145/2145/2145
f 2146/2146/2146 2147/2147/2147 2148/2148/2148
f 2149/2149/2149 2150/2150/2150 2151/2151/2151
f 2152/2152/2152 2153/2153/2153 2154/2154/2154
f 2155/2155/2155 2156/2156/2156 2157/2157/2157
f 2158/2158/2158 2159/2159/2159 2160/2160/2160
f 2161/2161/2161 2162/2162/2162 2163/2163/2163
f 2164/2164/2164 2165/2165/2165 2166/2166/2166
f 2167/2167/2167 2168/2168/2168 2169/2169/2169
f 2170/2170/2170 2171/2171/2171 2172/2172/2172
f 2173/2173/2173 2174/2174/2174 2175/2175/2175
f 2176/2176/2176 2177/2177/2177 2178/2178/2178
f 2179/2179/2179 2180/2180/2180 2181/2181/2181
f 2182/2182/2182 2183/2183/2183 2184/2184/2184
f 2185/2185/2185 2186/2186/2186 2187/2187/2187
f 2188/2188/2188 2189/2189/2189 2190/2190/2190
f 2191/2191/2191 2192/2192/2192 2193/2193/2193
f 2194/2194/2194 2195/2195/2195 2196/2196/2196
f 2197/2197/2197 2198/2198/2198 2199/2199/2199
f 2200/2200/2200 2201/2201/2201 2202/2202/2202
f 2203/2203/2203 2204/2204/2204 2205/2205/2205
f 2206/2206/2206 2207/2207/2207 2208/2208/2208
f 2209/2209/2209 2210/2210/2210 2211/2211/2211
f 2212/2212/2212 2213/2213/2213 2214/2214/2214
f 2215/2215/2215 2216/2216/2216 2217/2217/2217
f 2218/2218/2218 2219/2219/2219 2220/2220/2220
f 2221/2221/2221 2222/2222/2222 2223/2223/2223
f 2224/2224/2224 2225/2225/2225 2226/2226/2226
f 2227/2227/2227 2228/2228/2228 2229/2229/2229
f 2230/2230/2230 2231/2231/2231 2232/2232/2232
f 2233/2233/2233 2234/2234/2234 2235/2235/2235
f 2236/2236/2236 2237/2237/2237 2238/2238/2238
f 2239/2239/2239 2240/2240/2240 2241/2241/2241
f 2242/2242/2242 2243/2243/2243 2244/2244/2244
f 2245/2245/2245 2246/2246/2246 2247/2247/2247
f 2248/2248/2248 2249/2249/2249 2250/2250/2250
f 2251/2251/2251 2252/2252/2252 2253/2253/2253
f 2254/2254/2254 2255/2255/2255 2256/2256/2256
f 2257/2257/2257 2258/2258/2258 2259/2259/2259
f 2260/2260/2260 2261/2261/2261 2262/2262/2262
f 2263/2263/2263 2264/2264/2264 2265/2265/2265
f 2266/2266/2266 2267/2267/2267 2268/2268/2268
f 2269/2269/2269 2270/2270/2270 2271/2271/2271
f 2272/2272/2272 2273/2273/2273 2274/2274/2274
f 2275/2275/2275 2276/2276/2276 2277/2277/2277
f 2278/2278/2278 2279/2279/2279 2280/2280/2280
f 2281/2281/2281 2282/2282/2282 2283/2283/2283
f 2284/2284/2284 2285/2285/2285 2286/2286/2286
f 2287/2287/2287 2288/2288/2288 2289/2289/2289
f 2290/2290/2290 2291/2291/2291 2292/2292/2292
f 2293/2293/2293 2294/2294/2294 2295/2295/2295
f 2296/2296/2296 2297/2297/2297 2298/2298/2298
f 2299/2299/2299 2300/2300/2300 2301/2301/2301
f 2302/2302/2302 2303/2303/2303 2304/2304/2304
f 2305/2305/2305 2306/2306/2306 2307/2307/2307
f 2308/2308/2308 2309/2309/2309 2310/2310/2310
f 2311/2311/2311 2312/2312/2312 2313/2313/2313
f 2314/2314/2314 2315/2315/2315 2316/2316/2316
f 2317/2317/2317 2318/2318/2318 2319/2319/2319
f 2320/2320/2320 2321/2321/2321 2322/2322/2322
f 2323/2323/2323 2324/2324/2324 2325/2325/2325
f 2326/2326/2326 2327/2327/2327 2328/2328/2328
f 2329/2329/2329 2330/2330/2330 2331/2331/2331
f 2332/2332/2332 2333/2333/2333 2334/2334/2334
f 2335/2335/2335 2336/2336/2336 2337/2337/2337
f 2338/2338/2338 2339/2339/2339 2340/2340/2340
f 2341/2341/2341 2342/2342/2342 2343/2343/2343
f 2344/2344/2344 2345/2345/2345 2346/2346/2346
f 2347/2347/2347 2348/2348/2348 2349/2349/2349
f 2350/2350/2350 2351/2351/2351 2352/2352/2352
f 2353/2353/2353 2354/2354/2354 2355/2355/2355
f 2356/2356/2356 2357/2357/2357 2358/2358/2358
f 2359/2359/2359 2360/2360/2360 2361/2361/2361
f 2362/2362/2362 2363/2363/2363 2364/2364/2364
f 2365/2365/2365 2366/2366/2366 2367/2367/2367
f 2368/2368/2368 2369/2369/2369 2370/2370/2370
f 2371/2371/2371 2372/2372/2372 2373/2373/2373
f 2374/2374/2374 2375/2375/2375 2376/2376/2376
f 2377/2377/2377 2378/2378/2378 2379/2379/2379
f 2380/2380/2380 2381/2381/2381 2382/2382/2382
f 2383/2383/2383 2384/2384/2384 2385/2385/2385
f 2386/2386/2386 2387/2387/2387 2388/2388/2388
f 2389/2389/2389 2390/2390/2390 2391/2391/2391
f 2392/2392/2392 2393/2393/2393 2394/2394/2394
f 2395/2395/2395 2396/2396/2396 2397/2397/2397
f 2398/2398/2398 2399/2399/2399 2400/2400/2400
f 2401/2401/2401 2402/2402/2402 2403/2403/2403
f 2404/2404/2404 2405/2405/2405 2406/2406/2406
f 2407/2407/2407 2408/2408/2408 2409/2409/2409
f 2410/2410/2410 2411/2411/2411 2412/2412/2412
f 2413/2413/2413 2414/2414/2414 2415/2415/2415
f 2416/2416/2416 2417/2417/2417 2418/2418/2418
f 2419/2419/2419 2420/2420/2420 2421/2421/2421
f 2422/2422/2422 2423/2423/2423 2424/2424/2424
f 2425/2425/2425 2426/2426/2426 2427/2427/2427
f 2428/2428/2428 2429/2429/2429 2430/2430/2430
f 2431/2431/2431 2432/2432/2432 2433/2433/2433
f 2434/2434/2434 2435/2435/2435 2436/2436/2436
f 2437/2437/2437 2438/2438/2438 2439/2439/2439
f 2440/2440/2440 2441/2441/2441 2442/2442/2442
f 2443/2443/2443 2444/2444/2444 2445/2445/2445
f 2446/2446/2446 2447/2447/2447 2448/2448/2448
f 2449/2449/2449 2450/2450/2450 2451/2451/2451
f 2452/2452/2452 2453/2453/2453 2454/2454/2454
f 2455/2455/2455 2456/2456/2456 2457/2457/2457
f 2458/2458/2458 2459/2459/2459 2460/2460/2460
f 2461/2461/2461 2462/2462/2462 2463/2463/2463
f 2464/2464/2464 2465/2465/2465 2466/2466/2466
f 2467/2467/2467 2468/2468/2468 2469/2469/2469
f 2470/2470/2470 2471/2471/2471 2472/2472/2472
f 2473/2473/2473 2474/2474/2474 2475/2475/2475
f 2476/2476/2476 2477/2477/2477 2478/2478/2478
f 2479/2479/2479 2480/2480/2480 2481/2481/2481
f 2482/2482/2482 2483/2483/2483 2484/2484/2484
f 2485/2485/2485 2486/2486/2486 2487/2487/2487
f 2488/2488/2488 2489/2489/2489 2490/2490/2490
f 2491/2491/2491 2492/2492/2492 2493/2493/2493
f 2494/2494/2494 2495/2495/2495 2496/2496/2496
f 2497/2497/2497 2498/2498/2498 2499/2499/2499
f 2500/2500/2500 2501/2501/2501 2502/2502/2502
f 2503/2503/2503 2504/2504/2504 2505/2505/2505
f 2506/2506/2506 2507/2507/2507 2508/2508/2508
f 2509/2509/2509 2510/2510/2510 2511/2511/2511
f 2512/2512/2512 2513/2513/2513 2514/2514/2514
f 2515/2515/2515 2516/2516/2516 2517/2517/2517
f 2518/2518/2518 2519/2519/2519 2520/2520/2520
f 2521/2521/2521 2522/2522/2522 2523/2523/2523
f 2524/2524/2524 2525/2525/2525 2526/2526/2526
f 2527/2527/2527 2528/2528/2528 2529/2529/2529
f 2530/2530/2530 2531/2531/2531 2532/2532/2532
f 2533/2533/2533 2534/2534/2534 2535/2535/2535
f 2536/2536/2536 2537/2537/2537 2538/2538/2538
f 2539/2539/2539 2540/2540/2540 2541/2541/2541
f 2542/2542/2542 2543/2543/2543 2544/2544/2544
f 2545/2545/2545 2546/2546/2546 2547/2547/2547
f 2548/2548/2548 2549/2549/2549 2550/2550/2550
f 2551/2551/2551 2552/2552/2552 2553/2553/2553
f 2554/2554/2554 2555/2555/2555 2556/2556/2556
f 2557/2557/2557 2558/2558/2558 2559/2559/2559
f 2560/2560/2560 2561/2561/2561 2562/2562/2562
f 2563/2563/2563 2564/2564/2564 2565/2565/2565
f 2566/2566/2566 2567/2567/2567 2568/2568/2568
f 2569/2569/2569 2570/2570/2570 2571/2571/2571
f 2572/2572/2572 2573/2573/2573 2574/2574/2574
f 2575/2575/2575 2576/2576/2576 2577/2577/2577
f 2578/2578/2578 2579/2579/2579 2580/2580/2580
f 2581/2581/2581 2582/2582/2582 2583/2583/2583
f 2584/2584/2584 2585/2585/2585 2586/2586/2586
f 2587/2587/2587 2588/2588/2588 2589/2589/2589
f 2590/2590/2590 2591/2591/2591 2592/2592/2592
f 2593/2593/2593 2594/2594/2594 2595/2595/2595
f 2596/2596/2596 2597/2597/2597 2598/2598/2598
f 2599/2599/2599 2600/2600/2600 2601/2601/2601
f 2602/2602/2602 2603/2603/2603 2604/2604/2604
f 2605/2605/2605 2606/2606/2606 2607/2607/2607
f 2608/2608/2608 2609/2609/2609 2610/2610/2610
f 2611/2611/2611 2612/2612/2612 2613/2613/2613
f 2614/2614/2614 2615/2615/2615 2616/2616/2616
f 2617/2617/2617 2618/2618/2618 2619/2619/2619
f 2620/2620/2620 2621/2621/2621 2622/2622/2622
f 2623/2623/2623 2624/2624/2624 2625/2625/2625
f 2626/2626/2626 2627/2627/2627 2628/2628/2628
f 2629/2629/2629 2630/2630/2630 2631/2631/2631
f 2632/2632/2632 2633/2633/2633 2634/2634/2634
f 2635/2635/2635 2636/2636/2636 2637/2637/2637
f 2638/2638/2638 2639/2639/2639 2640/2640/2640
f 2641/2641/2641 2642/2642/2642 2643/2643/2643
f 2644/2644/2644 2645/2645/2645 2646/2646/2646
f 2647/2647/2647 2648/2648/2648 2649/2649/2649
f 2650/2650/2650 2651/2651/2651 2652/2652/2652
f 2653/2653/2653 2654/2654/2654 2655/2655/2655
f 2656/2656/2656 2657/2657/2657 2658/2658/2658
f 2659/2659/2659 2660/2660/2660 2661/2661/2661
f 2662/2662/2662 2663/2663/2663 2664/2664/2664
f 2665/2665/2665 2666/2666/2666 2667/2667/2667
f 2668/2668/2668 2669/2669/2669 2670/2670/2670
f 2671/2671/2671 2672/2672/2672 2673/2673/2673
f 2674/2674/2674 2675/2675/2675 2676/2676/2676
f 2677/2677/2677 2678/2678/2678 2679/2679/2679
f 2680/2680/2680 2681/2681/2681 2682/2682/2682
f 2683/2683/2683 2684/2684/2684 2685/2685/2685
f 2686/2686/2686 2687/2687/2687 2688/2688/2688
f 2689/2689/2689 2690/2690/2690 2691/2691/2691
f 2692/2692/2692 2693/2693/2693 2694/2694/2694
f 2695/2695/2695 2696/2696/2696 2697/2697/2697
f 2698/2698/2698 2699/2699/2699 2700/2700/2700
f 2701/2701/2701 2702/2702/2702 2703/2703/2703
f 2704/2704/2704 2705/2705/2705 2706/2706/2706
f 2707/2707/2707 2708/2708/2708 2709/2709/2709
f 2710/2710/2710 2711/2711/2711 2712/2712/2712
f 2713/2713/2713 2714/2714/2714 2715/2715/2715
f 2716/2716/2716 2717/2717/2717 2718/2718/2718
f 2719/2719/2719 2720/2720/2720 2721/2721/2721
f 2722/2722/2722 2723/2723/2723 2724/2724/2724
f 2725/2725/2725 2726/2726/2726 2727/2727/2727
f 2728/2728/2728 2729/2729/2729 2730/2730/2730
f 2731/2731/2731 2732/2732/2732 2733/2733/2733
f 2734/2734/2734 2735/2735/2735 2736/2736/2736
f 2737/2737/2737 2738/2738/2738 2739/2739/2739
f 2740/2740/2740 2741/2741/2741 2742/2742/2742
f 2743/2743/2743 2744/2744/2744 2745/2745/2745
f 2746/2746/2746 2747/2747/2747 2748/2748/2748
f 2749/2749/2749 2750/2750/2750 2751/2751/2751
f 2752/2752/2752 2753/2753/2753 2754/2754/2754
f 2755/2755/2755 2756/2756/2756 2757/2757/2757
f 2758/2758/2758 2759/2759/2759 2760/2760/2760
f 2761/2761/2761 2762/2762/2762 2763/2763/2763
f 2764/2764/2764 2765/2765/2765 2766/2766/2766
f 2767/2767/2767 2768/2768/2768 2769/2769/2769
f 2770/2770/2770 2771/2771/2771 2772/2772/2772
f 2773/2773/2773 2774/2774/2774 2775/2775/2775
f 2776/2776/2776 2777/2777/2777 2778/2778/2778
f 2779/2779/2779 2780/2780/2780 2781/2781/2781
f 2782/2782/2782 2783/2783/2783 2784/2784/2784
f 2785/2785/2785 2786/2786/2786 2787/2787/2787
f 2788/2788/2788 2789/2789/2789 2790/2790/2790
f 2791/2791/2791 2792/2792/2792 2793/2793/2793
f 2794/2794/2794 2795/2795/2795 2796/2796/2796
f 2797/2797/2797 2798/2798/2798 2799/2799/2799
f 2800/2800/2800 2801/2801/2801 2802/2802/2802
f 2803/2803/2803 2804/2804/2804 2805/2805/2805
f 2806/2806/2806 2807/2807/2807 2808/2808/2808
f 2809/2809/2809 2810/2810/2810 2811/2811/2811
f 2812/2812/2812 2813/2813/2813 2814/2814/2814
f 2815/2815/2815 2816/2816/2816 2817/2817/2817
f 2818/2818/2818 2819/2819/2819 2820/2820/2820
f 2821/2821/2821 2822/2822/2822 2823/2823/2823
f 2824/2824/2824 2825/2825/2825 2826/2826/2826
f 2827/2827/2827 2828/2828/2828 2829/2829/2829
f 2830/2830/2830 2831/2831/2831 2832/2832/2832
f 2833/2833/2833 2834/2834/2834 2835/2835/2835
f 2836/2836/2836 2837/2837/2837 2838/2838/2838
f 2839/2839/2839 2840/2840/2840 2841/2841/2841
f 2842/2842/2842 2843/2843/2843 2844/2844/2844
f 2845/2845/2845 2846/2846/2846 2847/2847/2847
f 2848/2848/2848 2849/2849/2849 2850/2850/2850
f 2851/2851/2851 2852/2852/2852 2853/2853/2853
f 2854/2854/2854 2855/2855/2855 2856/2856/2856
f 2857/2857/2857 2858/2858/2858 2859/2859/2859
f 2860/2860/2860 2861/2861/2861 2862/2862/2862
f 2863/2863/2863 2864/2864/2864 2865/2865/2865
f 2866/2866/2866 2867/2867/2867 2868/2868/2868
f 2869/2869/2869 2870/2870/2870 2871/2871/2871
f 2872/2872/2872 2873/2873/2873 2874/2874/2874
f 2875/2875/2875 2876/2876/2876 2877/2877/2877
f 2878/2878/2878 2879/2879/2879 2880/2880/2880
f 2881/2881/2881 2882/2882/2882 2883/2883/2883
f 2884/2884/2884 2885/2885/2885 2886/2886/2886
f 2887/2887/2887 2888/2888/2888 2889/2889/2889
f 2890/2890/2890 2891/2891/2891 2892/2892/2892
f 2893/2893/2893 2894/2894/2894 2895/2895/2895
f 2896/2896/2896 2897/2897/2897 2898/2898/2898
f 2899/2899/2899 2900/2900/2900 2901/2901/2901
f 2902/2902/2902 2903/2903/2903 2904/2904/2904
f 2905/2905/2905 2906/2906/2906 2907/2907/2907
f 2908/2908/2908 2909/2909/2909 2910/2910/2910
f 2911/2911/2911 2912/2912/2912 2913/2913/2913
f 2914/2914/2914 2915/2915/2915 2916/2916/2916
f 2917/2917/2917 2918/2918/2918 2919/2919/2919
f 2920/2920/2920 2921/2921/2921 2922/2922/2922
f 2923/2923/2923 2924/2924/2924 2925/2925/2925
f 2926/2926/2926 2927/2927/2927 2928/2928/2928
f 2929/2929/2929 2930/2930/2930 2931/2931/2931
f 2932/2932/2932 2933/2933/2933 2934/2934/2934
f 2935/2935/2935 2936/2936/2936 2937/2937/2937
f 2938/2938/2938 2939/2939/2939 2940/2940/2940
f 2941/2941/2941 2942/2942/2942 2943/2943/2943
f 2944/2944/2944 2945/2945/2945 2946/2946/2946
f 2947/2947/2947 2948/2948/2948 2949/2949/2949
f 2950/2950/2950 2951/2951/2951 2952/2952/2952
f 2953/2953/2953 2954/2954/2954 2955/2955/2955
f 2956/2956/2956 2957/2957/2957 2958/2958/2958
f 2959/2959/2959 2960/2960/2960 2961/2961/2961
f 2962/2962/2962 2963/2963/2963 2964/2964/2964
f 2965/2965/2965 2966/2966/2966 2967/2967/2967
f 2968/2968/2968 2969/2969/2969 2970/2970/2970
f 2971/2971/2971 2972/2972/2972 2973/2973/2973
f 2974/2974/2974 2975/2975/2975 2976/2976/2976
f 2977/2977/2977 2978/2978/2978 2979/2979/2979
f 2980/2980/2980 2981/2981/2981 2982/2982/2982
f 2983/2983/2983 2984/2984/2984 2985/2985/2985
f 2986/2986/2986 2987/2987/2987 2988/2988/2988
f 2989/2989/2989 2990/2990/2990 2991/2991/2991
f 2992/2992/2992 2993/2993/2993 2994/2994/2994
f 2995/2995/2995 2996/2996/2996 2997/2997/2997
f 2998/2998/2998 2999/2999/2999 3000/3000/3000
f 3001/3001/3001 3002/3002/3002 3003/3003/3003
f 3004/3004/3004 3005/3005/3005 3006/3006/3006
f 3007/3007/3007 3008/3008/3008 3009/3009/3009
f 3010/3010/3010 3011/3011/3011 3012/3012/3012
f 3013/3013/3013 3014/3014/3014 3015/3015/3015
f 3016/3016/3016 3017/3017/3017 3018/3018/3018
f 3019/3019/3019 3020/3020/3020 3021/3021/3021
f 3022/3022/3022 3023/3023/3023 3024/3024/3024
f 3025/3025/3025 3026/3026/3026 3027/3027/3027
f 3028/3028/3028 3029/3029/3029 3030/3030/3030
f 3031/3031/3031 3032/3032/3032 3033/3033/3033
f 3034/3034/3034 3035/3035/3035 3036/3036/3036
f 3037/3037/3037 3038/3038/3038 3039/3039/3039
f 3040/3040/3040 3041/3041/3041 3042/3042/3042
f 3043/3043/3043 3044/3044/3044 3045/3045/3045
f 3046/3046/3046 3047/3047/3047 3048/3048/3048
f 3049/3049/3049 3050/3050/3050 3051/3051/3051
f 3052/3052/3052 3053/3053/3053 3054/3054/3054
f 3055/3055/3055 3056/3056/3056 3057/3057/3057
f 3058/3058/3058 3059/3059/3059 3060/3060/3060
f 3061/3061/3061 3062/3062/3062 3063/3063/3063
f 3064/3064/3064 3065/3065/3065 3066/3066/3066
f 3067/3067/3067 3068/3068/3068 3069/3069/3069
f 3070/3070/3070 3071/3071/3071 3072/3072/3072
f 3073/3073/3073 3074/3074/3074 3075/3075/3075
f 3076/3076/3076 3077/3077/3077 3078/3078/3078
f 3079/3079/3079 3080/3080/3080 3081/3081/3081
f 3082/3082/3082 3083/3083/3083 3084/3084/3084
f 3085/3085/3085 3086/3086/3086 3087/3087/3087
f 3088/3088/3088 3089/3089/3089 3090/3090/3090
f 3091/3091/3091 3092/3092/3092 3093/3093/3093
f 3094/3094/3094 3095/3095/3095 3096/3096/3096
f 3097/3097/3097 3098/3098/3098 3099/3099/3099
f 3100/3100/3100 3101/3101/3101 3102/3102/3102
f 3103/3103/3103 3104/3104/3104 3105/3105/3105
f 3106/3106/3106 3107/3107/3107 3108/3108/3108
f 3109/3109/3109 3110/3110/3110 3111/3111/3111
f 3112/3112/3112 3113/3113/3113 3114/3114/3114
f 3115/3115/3115 3116/3116/3116 3117/3117/3117
f 3118/3118/3118 3119/3119/3119 3120/3120/3120
f 3121/3121/3121 3122/3122/3122 3123/3123/3123
f 3124/3124/3124 3125/3125/3125 3126/3126/3126
f 3127/3127/3127 3128/3128/3128 3129/3129/3129
f 3130/3130/3130 3131/3131/3131 3132/3132/3132
f 3133/3133/3133 3134/3134/3134 3135/3135/3135
f 3136/3136/3136 3137/3137/3137 3138/3138/3138
f 3139/3139/3139 3140/3140/3140 3141/3141/3141
f 3142/3142/3142 3143/3143/3143 3144/3144/3144
f 3145/3145/3145 3146/3146/3146 3147/3147/3147
f 3148/3148/3148 3149/3149/3149 3150/3150/3150
f 3151/3151/3151 3152/3152/3152 3153/3153/3153
f 3154/3154/3154 3155/3155/3155 3156/3156/3156
f 3157/3157/3157 3158/3158/3158 3159/3159/3159
f 3160/3160/3160 3161/3161/3161 3162/3162/3162
f 3163/3163/3163 3164/3164/3164 3165/3165/3165
f 3166/3166/3166 3167/3167/3167 3168/3168/3168
f 3169/3169/3169 3170/3170/3170 3171/3171/3171
f 3172/3172/3172 3173/3173/3173 3174/3174/3174
f 3175/3175/3175 3176/3176/3176 3177/3177/3177
f 3178/3178/3178 3179/3179/3179 3180/3180/3180
f 3181/3181/3181 3182/3182/3182 3183/3183/3183
f 3184/3184/3184 3185/3185/3185 3186/3186/3186
f 3187/3187/3187 3188/3188/3188 3189/3189/3189
f 3190/3190/3190 3191/3191/3191 3192/3192/3192
f 3193/3193/3193 3194/3194/3194 3195/3195/3195
f 3196/3196/3196 3197/3197/3197 3198/3198/3198
f 3199/3199/3199 3200/3200/3200 3201/3201/3201
f 3202/3202/3202 3203/3203/3203 3204/3204/3204
f 3205/3205/3205 3206/3206/3206 3207/3207/3207
f 3208/3208/3208 3209/3209/3209 3210/3210/3210
f 3211/3211/3211 3212/3212/3212 3213/3213/3213
f 3214/3214/3214 3215/3215/3215 3216/3216/3216
f 3217/3217/3217 3218/3218/3218 3219/3219/3219
f 3220/3220/3220 3221/3221/3221 3222/3222/3222
f 3223/3223/3223 3224/3224/3224 3225/3225/3225
f 3226/3226/3226 3227/3227/3227 3228/3228/3228
f 3229/3229/3229 3230/3230/3230 3231/3231/3231
f 3232/3232/3232 3233/3233/3233 3234/3234/3234
f 3235/3235/3235 3236/3236/3236 3237/3237/3237
f 3238/3238/3238 3239/3239/3239 3240/3240/3240
f 3241/3241/3241 3242/3242/3242 3243/3243/3243
f 3244/3244/3244 3245/3245/3245 3246/3246/3246
f 3247/3247/3247 3248/3248/3248 3249/3249/3249
f 3250/3250/3250 3251/3251/3251 3252/3252/3252
f 3253/3253/3253 3254/3254/3254 3255/3255/3255
f 3256/3256/3256 3257/3257/3257 3258/3258/3258
f 3259/3259/3259 3260/3260/3260 3261/3261/3261
f 3262/3262/3262 3263/3263/3263 3264/3264/3264
f 3265/3265/3265 3266/3266/3266 3267/3267/3267
f 3268/3268/3268 3269/3269/3269 3270/3270/3270
f 3271/3271/3271 3272/3272/3272 3273/3273/3273
f 3274/3274/3274 3275/3275/3275 3276/3276/3276
f 3277/3277/3277 3278/3278/3278 3279/3279/3279
f 3280/3280/3280 3281/3281/3281 3282/3282/3282
f 3283/3283/3283 3284/3284/3284 3285/3285/3285
f 3286/3286/3286 3287/3287/3287 3288/3288/3288
f 3289/3289/3289 3290/3290/3290 3291/3291/3291
f 3292/3292/3292 3293/3293/3293 3294/3294/3294
f 3295/3295/3295 3296/3296/3296 3297/3297/3297
f 3298/3298/3298 3299/3299/3299 3300/3300/3300
f 3301/3301/3301 3302/3302/3302 3303/3303/3303
f 3304/3304/3304 3305/3305/3305 3306/3306/3306
f 3307/3307/3307 3308/3308/3308 3309/3309/3309
f 3310/3310/3310 3311/3311/3311 3312/3312/3312
f 3313/3313/3313 3314/3314/3314 3315/3315/3315
f 3316/3316/3316 3317/3317/3317 3318/3318/3318
f 3319/3319/3319 3320/3320/3320 3321/3321/3321
f 3322/3322/3322 3323/3323/3323 3324/3324/3324
f 3325/3325/3325 3326/3326/3326 3327/3327/3327
f 3328/3328/3328 3329/3329/3329 3330/3330/3330
f 3331/3331/3331 3332/3332/3332 3333/3333/3333
f 3334/3334/3334 3335/3335/3335 3336/3336/3336
f 3337/3337/3337 3338/3338/3338 3339/3339/3339
f 3340/3340/3340 3341/3341/3341 3342/3342/3342
f 3343/3343/3343 3344/3344/3344 3345/3345/3345
f 3346/3346/3346 3347/3347/3347 3348/3348/3348
f 3349/3349/3349 3350/3350/3350 3351/3351/3351
f 3352/3352/3352 3353/3353/3353 3354/3354/3354
f 3355/3355/3355 3356/3356/3356 3357/3357/3357
f 3358/3358/3358 3359/3359/3359 3360/3360/3360
f 3361/3361/3361 3362/3362/3362 3363/3363/3363
f 3364/3364/3364 3365/3365/3365 3366/3366/3366
f 3367/3367/3367 3368/3368/3368 3369/3369/3369
f 3370/3370/3370 3371/3371/3371 3372/3372/3372
f 3373/3373/3373 3374/3374/3374 3375/3375/3375
f 3376/3376/3376 3377/3377/3377 3378/3378/3378
f 3379/3379/3379 3380/3380/3380 3381/3381/3381
f 3382/3382/3382 3383/3383/3383 3384/3384/3384
f 3385/3385/3385 3386/3386/3386 3387/3387/3387
f 3388/3388/3388 3389/3389/3389 3390/3390/3390
f 3391/3391/3391 3392/3392/3392 3393/3393/3393
f 3394/3394/3394 3395/3395/3395 3396/3396/3396
f 3397/3397/3397 3398/3398/3398 3399/3399/3399
f 3400/3400/3400 3401/3401/3401 3402/3402/3402
f 3403/3403/3403 3404/3404/3404 3405/3405/3405
f 3406/3406/3406 3407/3407/3407 3408/3408/3408
f 3409/3409/3409 3410/3410/3410 3411/3411/3411
f 3412/3412/3412 3413/3413/3413 3414/3414/3414
f 3415/3415/3415 3416/3416/3416 3417/3417/3417
f 3418/3418/3418 3419/3419/3419 3420/3420/3420
f 3421/3421/3421 3422/3422/3422 3423/3423/3423
f 3424/3424/3424 3425/3425/3425 3426/3426/3426
f 3427/3427/3427 3428/3428/3428 3429/3429/3429
f 3430/3430/3430 3431/3431/3431 3432/3432/3432
f 3433/3433/3433 3434/3434/3434 3435/3435/3435
f 3436/3436/3436 3437/3437/3437 3438/3438/3438
f 3439/3439/3439 3440/3440/3440 3441/3441/3441
f 3442/3442/3442 3443/3443/3443 3444/3444/3444
f 3445/3445/3445 3446/3446/3446 3447/3447/3447
f 3448/3448/3448 3449/3449/3449 3450/3450/3450
f 3451/3451/3451 3452/3452/3452 3453/3453/3453
f 3454/3454/3454 3455/3455/3455 3456/3456/3456
f 3457/3457/3457 3458/3458/3458 3459/3459/3459
f 3460/3460/3460 3461/3461/3461 3462/3462/3462
f 3463/3463/3463 3464/3464/3464 3465/3465/3465
f 3466/3466/3466 3467/3467/3467 3468/3468/3468
f 3469/3469/3469 3470/3470/3470 3471/3471/3471
f 3472/3472/3472 3473/3473/3473 3474/3474/3474
f 3475/3475/3475 3476/3476/3476 3477/3477/3477
f 3478/3478/3478 3479/3479/3479 3480/3480/3480
f 3481/3481/3481 3482/3482/3482 3483/3483/3483
f 3484/3484/3484 3485/3485/3485 3486/3486/3486
f 3487/3487/3487 3488/3488/3488 3489/3489/3489
f 3490/3490/3490 3491/3491/3491 3492/3492/3492
f 3493/3493/3493 3494/3494/3494 3495/3495/3495
f 3496/3496/3496 3497/3497/3497 3498/3498/3498
f 3499/3499/3499 3500/3500/3500 3501/3501/3501
f 3502/3502/3502 3503/3503/3503 3504/3504/3504
f 3505/3505/3505 3506/3506/3506 3507/3507/3507
f 3508/3508/3508 3509/3509/3509 3510/3510/3510
f 3511/3511/3511 3512/3512/3512 3513/3513/3513
f 3514/3514/3514 3515/3515/3515 3516/3516/3516
f 3517/3517/3517 3518/3518/3518 3519/3519/3519
f 3520/3520/3520 3521/3521/3521 3522/3522/3522
f 3523/3523/3523 3524/3524/3524 3525/3525/3525
f 3526/3526/3526 3527/3527/3527 3528/3528/3528
f 3529/3529/3529 3530/3530/3530 3531/3531/3531
f 3532/3532/3532 3533/3533/3533 3534/3534/3534
f 3535/3535/3535 3536/3536/3536 3537/3537/3537
f 3538/3538/3538 3539/3539/3539 3540/3540/3540
f 3541/3541/3541 3542/3542/3542 3543/3543/3543
f 3544/3544/3544 3545/3545/3545 3546/3546/3546
f 3547/3547/3547 3548/3548/3548 3549/3549/3549
f 3550/3550/3550 3551/3551/3551 3552/3552/3552
f 3553/3553/3553 3554/3554/3554 3555/3555/3555
f 3556/3556/3556 3557/3557/3557 3558/3558/3558
f 3559/3559/3559 3560/3560/3560 3561/3561/3561
f 3562/3562/3562 3563/3563/3563 3564/3564/3564
f 3565/3565/3565 3566/3566/3566 3567/3567/3567
f 3568/3568/3568 3569/3569/3569 3570/3570/3570
f 3571/3571/3571 3572/3572/3572 3573/3573/3573
f 3574/3574/3574 3575/3575/3575 3576/3576/3576
f 3577/3577/3577 3578/3578/3578 3579/3579/3579
f 3580/3580/3580 3581/3581/3581 3582/3582/3582
f 3583/3583/3583 3584/3584/3584 3585/3585/3585
f 3586/3586/3586 3587/3587/3587 3588/3588/3588
f 3589/3589/3589 3590/3590/3590 3591/3591/3591
f 3592/3592/3592 3593/3593/3593 3594/3594/3594
f 3595/3595/3595 3596/3596/3596 3597/3597/3597
f 3598/3598/3598 3599/3599/3599 3600/3600/3600
f 3601/3601/3601 3602/3602/3602 3603/3603/3603
f 3604/3604/3604 3605/3605/3605 3606/3606/3606
f 3607/3607/3607 3608/3608/3608 3609/3609/3609
f 3610/3610/3610 3611/3611/3611 3612/3612/3612
f 3613/3613/3613 3614/3614/3614 3615/3615/3615
f 3616/3616/3616 3617/3617/3617 3618/3618/3618
f 3619/3619/3619 3620/3620/3620 3621/3621/3621
f 3622/3622/3622 3623/3623/3623 3624/3624/3624
f 3625/3625/3625 3626/3626/3626 3627/3627/3627
f 3628/3628/3628 3629/3629/3629 3630/3630/3630
f 3631/3631/3631 3632/3632/3632 3633/3633/3633
f 3634/3634/3634 3635/3635/3635 3636/3636/3636
f 3637/3637/3637 3638/3638/3638 3639/3639/3639
f 3640/3640/3640 3641/3641/3641 3642/3642/3642
f 3643/3643/3643 3644/3644/3644 3645/3645/3645
f 3646/3646/3646 3647/3647/3647 3648/3648/3648
f 3649/3649/3649 3650/3650/3650 3651/3651/3651
f 3652/3652/3652 3653/3653/3653 3654/3654/3654
f 3655/3655/3655 3656/3656/3656 3657/3657/3657
f 3658/3658/3658 3659/3659/3659 3660/3660/3660
