mtllib Foodbox.mtl
o Foodbox
usemtl Foodbox_mat
v -0.027539827208075796 0.02089506413723763 0.027539827208075796
v -0.03084892442415077 0.021419172535404485 0.027539827208075796
v -0.03084892442415077 0.021419172535404485 -0.027539827208075796
v -0.027539827208075796 0.02089506413723763 0.027539827208075796
v -0.03084892442415077 0.021419172535404485 -0.027539827208075796
v -0.027539827208075796 0.02089506413723763 -0.027539827208075796
v -0.03084892442415077 0.021419172535404485 0.027539827208075796
v -0.03383410139752696 0.022940194821200688 0.027539827208075796
v -0.03383410139752696 0.022940194821200688 -0.027539827208075796
v -0.03084892442415077 0.021419172535404485 0.027539827208075796
v -0.03383410139752696 0.022940194821200688 -0.027539827208075796
v -0.03084892442415077 0.021419172535404485 -0.027539827208075796
v -0.03383410139752696 0.022940194821200688 0.027539827208075796
v -0.036203149940003065 0.025309243363676792 0.027539827208075796
v -0.036203149940003065 0.025309243363676792 -0.027539827208075796
v -0.03383410139752696 0.022940194821200688 0.027539827208075796
v -0.036203149940003065 0.025309243363676792 -0.027539827208075796
v -0.03383410139752696 0.022940194821200688 -0.027539827208075796
v -0.036203149940003065 0.025309243363676792 0.027539827208075796
v -0.03772417222579927 0.028294415568681508 0.027539827208075796
v -0.03772417222579927 0.028294415568681508 -0.027539827208075796
v -0.036203149940003065 0.025309243363676792 0.027539827208075796
v -0.03772417222579927 0.028294415568681508 -0.027539827208075796
v -0.036203149940003065 0.025309243363676792 -0.027539827208075796
v -0.03772417222579927 0.028294415568681508 0.027539827208075796
v -0.03824829254489481 0.03160350801638501 0.027539827208075796
v -0.03824829254489481 0.03160350801638501 -0.027539827208075796
v -0.03772417222579927 0.028294415568681508 0.027539827208075796
v -0.03824829254489481 0.03160350801638501 -0.027539827208075796
v -0.03772417222579927 0.028294415568681508 -0.027539827208075796
v -0.027539827208075796 0.03160350801638501 0.03824829254489481
v -0.027539827208075796 0.028294415568681508 0.03772417222579927
v 0.027539827208075796 0.028294415568681508 0.03772417222579927
v -0.027539827208075796 0.03160350801638501 0.03824829254489481
v 0.027539827208075796 0.028294415568681508 0.03772417222579927
v 0.027539827208075796 0.03160350801638501 0.03824829254489481
v -0.027539827208075796 0.028294415568681508 0.03772417222579927
v -0.027539827208075796 0.025309243363676792 0.036203149940003065
v 0.027539827208075796 0.025309243363676792 0.036203149940003065
v -0.027539827208075796 0.028294415568681508 0.03772417222579927
v 0.027539827208075796 0.025309243363676792 0.036203149940003065
v 0.027539827208075796 0.028294415568681508 0.03772417222579927
v -0.027539827208075796 0.025309243363676792 0.036203149940003065
v -0.027539827208075796 0.022940194821200688 0.03383410139752696
v 0.027539827208075796 0.022940194821200688 0.03383410139752696
v -0.027539827208075796 0.025309243363676792 0.036203149940003065
v 0.027539827208075796 0.022940194821200688 0.03383410139752696
v 0.027539827208075796 0.025309243363676792 0.036203149940003065
v -0.027539827208075796 0.022940194821200688 0.03383410139752696
v -0.027539827208075796 0.021419172535404485 0.03084892442415077
v 0.027539827208075796 0.021419172535404485 0.03084892442415077
v -0.027539827208075796 0.022940194821200688 0.03383410139752696
v 0.027539827208075796 0.021419172535404485 0.03084892442415077
v 0.027539827208075796 0.022940194821200688 0.03383410139752696
v -0.027539827208075796 0.021419172535404485 0.03084892442415077
v -0.027539827208075796 0.02089506413723763 0.027539827208075796
v 0.027539827208075796 0.02089506413723763 0.027539827208075796
v -0.027539827208075796 0.021419172535404485 0.03084892442415077
v 0.027539827208075796 0.02089506413723763 0.027539827208075796
v 0.027539827208075796 0.021419172535404485 0.03084892442415077
v -0.03824829254489481 0.03160350801638501 0.027539827208075796
v -0.03772417222579927 0.03160350801638501 0.03084892442415077
v -0.03772417222579927 0.04348123525944203 0.03084892442415077
v -0.03824829254489481 0.03160350801638501 0.027539827208075796
v -0.03772417222579927 0.04348123525944203 0.03084892442415077
v -0.03824829254489481 0.04348123525944203 0.027539827208075796
v -0.03772417222579927 0.03160350801638501 0.03084892442415077
v -0.036203149940003065 0.03160350801638501 0.03383410139752696
v -0.036203149940003065 0.04348123525944203 0.03383410139752696
v -0.03772417222579927 0.03160350801638501 0.03084892442415077
v -0.036203149940003065 0.04348123525944203 0.03383410139752696
v -0.03772417222579927 0.04348123525944203 0.03084892442415077
v -0.036203149940003065 0.03160350801638501 0.03383410139752696
v -0.03383410139752696 0.03160350801638501 0.036203149940003065
v -0.03383410139752696 0.04348123525944203 0.036203149940003065
v -0.036203149940003065 0.03160350801638501 0.03383410139752696
v -0.03383410139752696 0.04348123525944203 0.036203149940003065
v -0.036203149940003065 0.04348123525944203 0.03383410139752696
v -0.03383410139752696 0.03160350801638501 0.036203149940003065
v -0.03084892442415077 0.03160350801638501 0.03772417222579927
v -0.03084892442415077 0.04348123525944203 0.03772417222579927
v -0.03383410139752696 0.03160350801638501 0.036203149940003065
v -0.03084892442415077 0.04348123525944203 0.03772417222579927
v -0.03383410139752696 0.04348123525944203 0.036203149940003065
v -0.03084892442415077 0.03160350801638501 0.03772417222579927
v -0.027539827208075796 0.03160350801638501 0.03824829254489481
v -0.027539827208075796 0.04348123525944203 0.03824829254489481
v -0.03084892442415077 0.03160350801638501 0.03772417222579927
v -0.027539827208075796 0.04348123525944203 0.03824829254489481
v -0.03084892442415077 0.04348123525944203 0.03772417222579927
v 0.03824829254489481 0.03160350801638501 0.027539827208075796
v 0.03772417222579927 0.028294415568681508 0.027539827208075796
v 0.03772417222579927 0.028294415568681508 -0.027539827208075796
v 0.03824829254489481 0.03160350801638501 0.027539827208075796
v 0.03772417222579927 0.028294415568681508 -0.027539827208075796
v 0.03824829254489481 0.03160350801638501 -0.027539827208075796
v 0.03772417222579927 0.028294415568681508 0.027539827208075796
v 0.036203149940003065 0.025309243363676792 0.027539827208075796
v 0.036203149940003065 0.025309243363676792 -0.027539827208075796
v 0.03772417222579927 0.028294415568681508 0.027539827208075796
v 0.036203149940003065 0.025309243363676792 -0.027539827208075796
v 0.03772417222579927 0.028294415568681508 -0.027539827208075796
v 0.036203149940003065 0.025309243363676792 0.027539827208075796
v 0.03383410139752696 0.022940194821200688 0.027539827208075796
v 0.03383410139752696 0.022940194821200688 -0.027539827208075796
v 0.036203149940003065 0.025309243363676792 0.027539827208075796
v 0.03383410139752696 0.022940194821200688 -0.027539827208075796
v 0.036203149940003065 0.025309243363676792 -0.027539827208075796
v 0.03383410139752696 0.022940194821200688 0.027539827208075796
v 0.03084892442415077 0.021419172535404485 0.027539827208075796
v 0.03084892442415077 0.021419172535404485 -0.027539827208075796
v 0.03383410139752696 0.022940194821200688 0.027539827208075796
v 0.03084892442415077 0.021419172535404485 -0.027539827208075796
v 0.03383410139752696 0.022940194821200688 -0.027539827208075796
v 0.03084892442415077 0.021419172535404485 0.027539827208075796
v 0.027539827208075796 0.02089506413723763 0.027539827208075796
v 0.027539827208075796 0.02089506413723763 -0.027539827208075796
v 0.03084892442415077 0.021419172535404485 0.027539827208075796
v 0.027539827208075796 0.02089506413723763 -0.027539827208075796
v 0.03084892442415077 0.021419172535404485 -0.027539827208075796
v 0.027539827208075796 0.03160350801638501 0.03824829254489481
v 0.03084892442415077 0.03160350801638501 0.03772417222579927
v 0.03084892442415077 0.04348123525944203 0.03772417222579927
v 0.027539827208075796 0.03160350801638501 0.03824829254489481
v 0.03084892442415077 0.04348123525944203 0.03772417222579927
v 0.027539827208075796 0.04348123525944203 0.03824829254489481
v 0.03084892442415077 0.03160350801638501 0.03772417222579927
v 0.03383410139752696 0.03160350801638501 0.036203149940003065
v 0.03383410139752696 0.04348123525944203 0.036203149940003065
v 0.03084892442415077 0.03160350801638501 0.03772417222579927
v 0.03383410139752696 0.04348123525944203 0.036203149940003065
v 0.03084892442415077 0.04348123525944203 0.03772417222579927
v 0.03383410139752696 0.03160350801638501 0.036203149940003065
v 0.036203149940003065 0.03160350801638501 0.03383410139752696
v 0.036203149940003065 0.04348123525944203 0.03383410139752696
v 0.03383410139752696 0.03160350801638501 0.036203149940003065
v 0.036203149940003065 0.04348123525944203 0.03383410139752696
v 0.03383410139752696 0.04348123525944203 0.036203149940003065
v 0.036203149940003065 0.03160350801638501 0.03383410139752696
v 0.03772417222579927 0.03160350801638501 0.03084892442415077
v 0.03772417222579927 0.04348123525944203 0.03084892442415077
v 0.036203149940003065 0.03160350801638501 0.03383410139752696
v 0.03772417222579927 0.04348123525944203 0.03084892442415077
v 0.036203149940003065 0.04348123525944203 0.03383410139752696
v 0.03772417222579927 0.03160350801638501 0.03084892442415077
v 0.03824829254489481 0.03160350801638501 0.027539827208075796
v 0.03824829254489481 0.04348123525944203 0.027539827208075796
v 0.03772417222579927 0.03160350801638501 0.03084892442415077
v 0.03824829254489481 0.04348123525944203 0.027539827208075796
v 0.03772417222579927 0.04348123525944203 0.03084892442415077
v -0.027539827208075796 0.03160350801638501 -0.03824829254489481
v -0.03084892442415077 0.03160350801638501 -0.03772417222579927
v -0.03084892442415077 0.04348123525944203 -0.03772417222579927
v -0.027539827208075796 0.03160350801638501 -0.03824829254489481
v -0.03084892442415077 0.04348123525944203 -0.03772417222579927
v -0.027539827208075796 0.04348123525944203 -0.03824829254489481
v -0.03084892442415077 0.03160350801638501 -0.03772417222579927
v -0.03383410139752696 0.03160350801638501 -0.036203149940003065
v -0.03383410139752696 0.04348123525944203 -0.036203149940003065
v -0.03084892442415077 0.03160350801638501 -0.03772417222579927
v -0.03383410139752696 0.04348123525944203 -0.036203149940003065
v -0.03084892442415077 0.04348123525944203 -0.03772417222579927
v -0.03383410139752696 0.03160350801638501 -0.036203149940003065
v -0.036203149940003065 0.03160350801638501 -0.03383410139752696
v -0.036203149940003065 0.04348123525944203 -0.03383410139752696
v -0.03383410139752696 0.03160350801638501 -0.036203149940003065
v -0.036203149940003065 0.04348123525944203 -0.03383410139752696
v -0.03383410139752696 0.04348123525944203 -0.036203149940003065
v -0.036203149940003065 0.03160350801638501 -0.03383410139752696
v -0.03772417222579927 0.03160350801638501 -0.03084892442415077
v -0.03772417222579927 0.04348123525944203 -0.03084892442415077
v -0.036203149940003065 0.03160350801638501 -0.03383410139752696
v -0.03772417222579927 0.04348123525944203 -0.03084892442415077
v -0.036203149940003065 0.04348123525944203 -0.03383410139752696
v -0.03772417222579927 0.03160350801638501 -0.03084892442415077
v -0.03824829254489481 0.03160350801638501 -0.027539827208075796
v -0.03824829254489481 0.04348123525944203 -0.027539827208075796
v -0.03772417222579927 0.03160350801638501 -0.03084892442415077
v -0.03824829254489481 0.04348123525944203 -0.027539827208075796
v -0.03772417222579927 0.04348123525944203 -0.03084892442415077
v -0.027539827208075796 0.02089506413723763 -0.027539827208075796
v -0.027539827208075796 0.021419172535404485 -0.03084892442415077
v 0.027539827208075796 0.021419172535404485 -0.03084892442415077
v -0.027539827208075796 0.02089506413723763 -0.027539827208075796
v 0.027539827208075796 0.021419172535404485 -0.03084892442415077
v 0.027539827208075796 0.02089506413723763 -0.027539827208075796
v -0.027539827208075796 0.021419172535404485 -0.03084892442415077
v -0.027539827208075796 0.022940194821200688 -0.03383410139752696
v 0.027539827208075796 0.022940194821200688 -0.03383410139752696
v -0.027539827208075796 0.021419172535404485 -0.03084892442415077
v 0.027539827208075796 0.022940194821200688 -0.03383410139752696
v 0.027539827208075796 0.021419172535404485 -0.03084892442415077
v -0.027539827208075796 0.022940194821200688 -0.03383410139752696
v -0.027539827208075796 0.025309243363676792 -0.036203149940003065
v 0.027539827208075796 0.025309243363676792 -0.036203149940003065
v -0.027539827208075796 0.022940194821200688 -0.03383410139752696
v 0.027539827208075796 0.025309243363676792 -0.036203149940003065
v 0.027539827208075796 0.022940194821200688 -0.03383410139752696
v -0.027539827208075796 0.025309243363676792 -0.036203149940003065
v -0.027539827208075796 0.028294415568681508 -0.03772417222579927
v 0.027539827208075796 0.028294415568681508 -0.03772417222579927
v -0.027539827208075796 0.025309243363676792 -0.036203149940003065
v 0.027539827208075796 0.028294415568681508 -0.03772417222579927
v 0.027539827208075796 0.025309243363676792 -0.036203149940003065
v -0.027539827208075796 0.028294415568681508 -0.03772417222579927
v -0.027539827208075796 0.03160350801638501 -0.03824829254489481
v 0.027539827208075796 0.03160350801638501 -0.03824829254489481
v -0.027539827208075796 0.028294415568681508 -0.03772417222579927
v 0.027539827208075796 0.03160350801638501 -0.03824829254489481
v 0.027539827208075796 0.028294415568681508 -0.03772417222579927
v 0.03824829254489481 0.03160350801638501 -0.027539827208075796
v 0.03772417222579927 0.03160350801638501 -0.03084892442415077
v 0.03772417222579927 0.04348123525944203 -0.03084892442415077
v 0.03824829254489481 0.03160350801638501 -0.027539827208075796
v 0.03772417222579927 0.04348123525944203 -0.03084892442415077
v 0.03824829254489481 0.04348123525944203 -0.027539827208075796
v 0.03772417222579927 0.03160350801638501 -0.03084892442415077
v 0.036203149940003065 0.03160350801638501 -0.03383410139752696
v 0.036203149940003065 0.04348123525944203 -0.03383410139752696
v 0.03772417222579927 0.03160350801638501 -0.03084892442415077
v 0.036203149940003065 0.04348123525944203 -0.03383410139752696
v 0.03772417222579927 0.04348123525944203 -0.03084892442415077
v 0.036203149940003065 0.03160350801638501 -0.03383410139752696
v 0.03383410139752696 0.03160350801638501 -0.036203149940003065
v 0.03383410139752696 0.04348123525944203 -0.036203149940003065
v 0.036203149940003065 0.03160350801638501 -0.03383410139752696
v 0.03383410139752696 0.04348123525944203 -0.036203149940003065
v 0.036203149940003065 0.04348123525944203 -0.03383410139752696
v 0.03383410139752696 0.03160350801638501 -0.036203149940003065
v 0.03084892442415077 0.03160350801638501 -0.03772417222579927
v 0.03084892442415077 0.04348123525944203 -0.03772417222579927
v 0.03383410139752696 0.03160350801638501 -0.036203149940003065
v 0.03084892442415077 0.04348123525944203 -0.03772417222579927
v 0.03383410139752696 0.04348123525944203 -0.036203149940003065
v 0.03084892442415077 0.03160350801638501 -0.03772417222579927
v 0.027539827208075796 0.03160350801638501 -0.03824829254489481
v 0.027539827208075796 0.04348123525944203 -0.03824829254489481
v 0.03084892442415077 0.03160350801638501 -0.03772417222579927
v 0.027539827208075796 0.04348123525944203 -0.03824829254489481
v 0.03084892442415077 0.04348123525944203 -0.03772417222579927
v -0.027539827208075796 0.03160350801638501 0.03824829254489481
v 0.027539827208075796 0.03160350801638501 0.03824829254489481
v 0.027539827208075796 0.04348123525944203 0.03824829254489481
v -0.027539827208075796 0.03160350801638501 0.03824829254489481
v 0.027539827208075796 0.04348123525944203 0.03824829254489481
v -0.027539827208075796 0.04348123525944203 0.03824829254489481
v -0.027539827208075796 0.03160350801638501 -0.03824829254489481
v -0.027539827208075796 0.04348123525944203 -0.03824829254489481
v 0.027539827208075796 0.04348123525944203 -0.03824829254489481
v -0.027539827208075796 0.03160350801638501 -0.03824829254489481
v 0.027539827208075796 0.04348123525944203 -0.03824829254489481
v 0.027539827208075796 0.03160350801638501 -0.03824829254489481
v -0.027539827208075796 0.02089506413723763 -0.027539827208075796
v 0.027539827208075796 0.02089506413723763 -0.027539827208075796
v 0.027539827208075796 0.02089506413723763 0.027539827208075796
v -0.027539827208075796 0.02089506413723763 -0.027539827208075796
v 0.027539827208075796 0.02089506413723763 0.027539827208075796
v -0.027539827208075796 0.02089506413723763 0.027539827208075796
v 0.03824829254489481 0.03160350801638501 0.027539827208075796
v 0.03824829254489481 0.03160350801638501 -0.027539827208075796
v 0.03824829254489481 0.04348123525944203 -0.027539827208075796
v 0.03824829254489481 0.03160350801638501 0.027539827208075796
v 0.03824829254489481 0.04348123525944203 -0.027539827208075796
v 0.03824829254489481 0.04348123525944203 0.027539827208075796
v -0.03824829254489481 0.03160350801638501 -0.027539827208075796
v -0.03824829254489481 0.03160350801638501 0.027539827208075796
v -0.03824829254489481 0.04348123525944203 0.027539827208075796
v -0.03824829254489481 0.03160350801638501 -0.027539827208075796
v -0.03824829254489481 0.04348123525944203 0.027539827208075796
v -0.03824829254489481 0.04348123525944203 -0.027539827208075796
v -0.03772417222579927 0.03160350801638501 0.03084892442415077
v -0.03824829254489481 0.03160350801638501 0.027539827208075796
v -0.03772417222579927 0.028294415568681508 0.027539827208075796
v -0.03772417222579927 0.03160350801638501 0.03084892442415077
v -0.03772417222579927 0.028294415568681508 0.027539827208075796
v -0.03731501734297682 0.028513045400830883 0.03063029936037287
v -0.03731501734297682 0.028513045400830883 0.03063029936037287
v -0.03772417222579927 0.028294415568681508 0.027539827208075796
v -0.036203149940003065 0.025309243363676792 0.027539827208075796
v -0.03731501734297682 0.028513045400830883 0.03063029936037287
v -0.036203149940003065 0.025309243363676792 0.027539827208075796
v -0.035992929130950646 0.025569553530893074 0.030115203184294614
v -0.035992929130950646 0.025569553530893074 0.030115203184294614
v -0.036203149940003065 0.025309243363676792 0.027539827208075796
v -0.03383410139752696 0.022940194821200688 0.027539827208075796
v -0.035992929130950646 0.025569553530893074 0.030115203184294614
v -0.03383410139752696 0.022940194821200688 0.027539827208075796
v -0.03357379361449642 0.023150415630253107 0.030115203184294614
v -0.03357379361449642 0.023150415630253107 0.030115203184294614
v -0.03383410139752696 0.022940194821200688 0.027539827208075796
v -0.03084892442415077 0.021419172535404485 0.027539827208075796
v -0.03357379361449642 0.023150415630253107 0.030115203184294614
v -0.03084892442415077 0.021419172535404485 0.027539827208075796
v -0.03063029936037287 0.021828327418226934 0.03063029936037287
v -0.03084892442415077 0.021419172535404485 0.027539827208075796
v -0.027539827208075796 0.02089506413723763 0.027539827208075796
v -0.027539827208075796 0.021419172535404485 0.03084892442415077
v -0.03084892442415077 0.021419172535404485 0.027539827208075796
v -0.027539827208075796 0.021419172535404485 0.03084892442415077
v -0.03063029936037287 0.021828327418226934 0.03063029936037287
v -0.03063029936037287 0.021828327418226934 0.03063029936037287
v -0.027539827208075796 0.021419172535404485 0.03084892442415077
v -0.027539827208075796 0.022940194821200688 0.03383410139752696
v -0.03063029936037287 0.021828327418226934 0.03063029936037287
v -0.027539827208075796 0.022940194821200688 0.03383410139752696
v -0.030115203184294614 0.023150415630253107 0.03357379361449642
v -0.030115203184294614 0.023150415630253107 0.03357379361449642
v -0.027539827208075796 0.022940194821200688 0.03383410139752696
v -0.027539827208075796 0.025309243363676792 0.036203149940003065
v -0.030115203184294614 0.023150415630253107 0.03357379361449642
v -0.027539827208075796 0.025309243363676792 0.036203149940003065
v -0.030115203184294614 0.025569553530893074 0.035992929130950646
v -0.030115203184294614 0.025569553530893074 0.035992929130950646
v -0.027539827208075796 0.025309243363676792 0.036203149940003065
v -0.027539827208075796 0.028294415568681508 0.03772417222579927
v -0.030115203184294614 0.025569553530893074 0.035992929130950646
v -0.027539827208075796 0.028294415568681508 0.03772417222579927
v -0.03063029936037287 0.028513045400830883 0.03731501734297682
v -0.027539827208075796 0.028294415568681508 0.03772417222579927
v -0.027539827208075796 0.03160350801638501 0.03824829254489481
v -0.03084892442415077 0.03160350801638501 0.03772417222579927
v -0.027539827208075796 0.028294415568681508 0.03772417222579927
v -0.03084892442415077 0.03160350801638501 0.03772417222579927
v -0.03063029936037287 0.028513045400830883 0.03731501734297682
v -0.03063029936037287 0.028513045400830883 0.03731501734297682
v -0.03084892442415077 0.03160350801638501 0.03772417222579927
v -0.03383410139752696 0.03160350801638501 0.036203149940003065
v -0.03063029936037287 0.028513045400830883 0.03731501734297682
v -0.03383410139752696 0.03160350801638501 0.036203149940003065
v -0.03357379361449642 0.02902814157690914 0.035992929130950646
v -0.03357379361449642 0.02902814157690914 0.035992929130950646
v -0.03383410139752696 0.03160350801638501 0.036203149940003065
v -0.036203149940003065 0.03160350801638501 0.03383410139752696
v -0.03357379361449642 0.02902814157690914 0.035992929130950646
v -0.036203149940003065 0.03160350801638501 0.03383410139752696
v -0.035992929130950646 0.02902814157690914 0.03357379361449642
v -0.035992929130950646 0.02902814157690914 0.03357379361449642
v -0.036203149940003065 0.03160350801638501 0.03383410139752696
v -0.03772417222579927 0.03160350801638501 0.03084892442415077
v -0.035992929130950646 0.02902814157690914 0.03357379361449642
v -0.03772417222579927 0.03160350801638501 0.03084892442415077
v -0.03731501734297682 0.028513045400830883 0.03063029936037287
v -0.035992929130950646 0.02902814157690914 0.03357379361449642
v -0.03731501734297682 0.028513045400830883 0.03063029936037287
v -0.035992929130950646 0.025569553530893074 0.030115203184294614
v -0.035992929130950646 0.02902814157690914 0.03357379361449642
v -0.035992929130950646 0.025569553530893074 0.030115203184294614
v -0.03519391219629542 0.026314962049235557 0.032828382711968196
v -0.03519391219629542 0.026314962049235557 0.032828382711968196
v -0.035992929130950646 0.025569553530893074 0.030115203184294614
v -0.03357379361449642 0.023150415630253107 0.030115203184294614
v -0.03519391219629542 0.026314962049235557 0.032828382711968196
v -0.03357379361449642 0.023150415630253107 0.030115203184294614
v -0.032828382711968196 0.023949432564908335 0.032828382711968196
v -0.03357379361449642 0.023150415630253107 0.030115203184294614
v -0.03063029936037287 0.021828327418226934 0.03063029936037287
v -0.030115203184294614 0.023150415630253107 0.03357379361449642
v -0.03357379361449642 0.023150415630253107 0.030115203184294614
v -0.030115203184294614 0.023150415630253107 0.03357379361449642
v -0.032828382711968196 0.023949432564908335 0.032828382711968196
v -0.032828382711968196 0.023949432564908335 0.032828382711968196
v -0.030115203184294614 0.023150415630253107 0.03357379361449642
v -0.030115203184294614 0.025569553530893074 0.035992929130950646
v -0.032828382711968196 0.023949432564908335 0.032828382711968196
v -0.030115203184294614 0.025569553530893074 0.035992929130950646
v -0.032828382711968196 0.026314962049235557 0.03519391219629542
v -0.030115203184294614 0.025569553530893074 0.035992929130950646
v -0.03063029936037287 0.028513045400830883 0.03731501734297682
v -0.03357379361449642 0.02902814157690914 0.035992929130950646
v -0.030115203184294614 0.025569553530893074 0.035992929130950646
v -0.03357379361449642 0.02902814157690914 0.035992929130950646
v -0.032828382711968196 0.026314962049235557 0.03519391219629542
v -0.032828382711968196 0.026314962049235557 0.03519391219629542
v -0.03357379361449642 0.02902814157690914 0.035992929130950646
v -0.035992929130950646 0.02902814157690914 0.03357379361449642
v -0.032828382711968196 0.026314962049235557 0.03519391219629542
v -0.035992929130950646 0.02902814157690914 0.03357379361449642
v -0.03519391219629542 0.026314962049235557 0.032828382711968196
v -0.03519391219629542 0.026314962049235557 0.032828382711968196
v -0.032828382711968196 0.023949432564908335 0.032828382711968196
v -0.032828382711968196 0.026314962049235557 0.03519391219629542
v 0.027539827208075796 0.021419172535404485 0.03084892442415077
v 0.027539827208075796 0.02089506413723763 0.027539827208075796
v 0.03084892442415077 0.021419172535404485 0.027539827208075796
v 0.027539827208075796 0.021419172535404485 0.03084892442415077
v 0.03084892442415077 0.021419172535404485 0.027539827208075796
v 0.03063029936037287 0.021828327418226934 0.03063029936037287
v 0.03063029936037287 0.021828327418226934 0.03063029936037287
v 0.03084892442415077 0.021419172535404485 0.027539827208075796
v 0.03383410139752696 0.022940194821200688 0.027539827208075796
v 0.03063029936037287 0.021828327418226934 0.03063029936037287
v 0.03383410139752696 0.022940194821200688 0.027539827208075796
v 0.03357379361449642 0.023150415630253107 0.030115203184294614
v 0.03357379361449642 0.023150415630253107 0.030115203184294614
v 0.03383410139752696 0.022940194821200688 0.027539827208075796
v 0.036203149940003065 0.025309243363676792 0.027539827208075796
v 0.03357379361449642 0.023150415630253107 0.030115203184294614
v 0.036203149940003065 0.025309243363676792 0.027539827208075796
v 0.035992929130950646 0.025569553530893074 0.030115203184294614
v 0.035992929130950646 0.025569553530893074 0.030115203184294614
v 0.036203149940003065 0.025309243363676792 0.027539827208075796
v 0.03772417222579927 0.028294415568681508 0.027539827208075796
v 0.035992929130950646 0.025569553530893074 0.030115203184294614
v 0.03772417222579927 0.028294415568681508 0.027539827208075796
v 0.03731501734297682 0.028513045400830883 0.03063029936037287
v 0.03772417222579927 0.028294415568681508 0.027539827208075796
v 0.03824829254489481 0.03160350801638501 0.027539827208075796
v 0.03772417222579927 0.03160350801638501 0.03084892442415077
v 0.03772417222579927 0.028294415568681508 0.027539827208075796
v 0.03772417222579927 0.03160350801638501 0.03084892442415077
v 0.03731501734297682 0.028513045400830883 0.03063029936037287
v 0.03731501734297682 0.028513045400830883 0.03063029936037287
v 0.03772417222579927 0.03160350801638501 0.03084892442415077
v 0.036203149940003065 0.03160350801638501 0.03383410139752696
v 0.03731501734297682 0.028513045400830883 0.03063029936037287
v 0.036203149940003065 0.03160350801638501 0.03383410139752696
v 0.035992929130950646 0.02902814157690914 0.03357379361449642
v 0.035992929130950646 0.02902814157690914 0.03357379361449642
v 0.036203149940003065 0.03160350801638501 0.03383410139752696
v 0.03383410139752696 0.03160350801638501 0.036203149940003065
v 0.035992929130950646 0.02902814157690914 0.03357379361449642
v 0.03383410139752696 0.03160350801638501 0.036203149940003065
v 0.03357379361449642 0.02902814157690914 0.035992929130950646
v 0.03357379361449642 0.02902814157690914 0.035992929130950646
v 0.03383410139752696 0.03160350801638501 0.036203149940003065
v 0.03084892442415077 0.03160350801638501 0.03772417222579927
v 0.03357379361449642 0.02902814157690914 0.035992929130950646
v 0.03084892442415077 0.03160350801638501 0.03772417222579927
v 0.03063029936037287 0.028513045400830883 0.03731501734297682
v 0.03084892442415077 0.03160350801638501 0.03772417222579927
v 0.027539827208075796 0.03160350801638501 0.03824829254489481
v 0.027539827208075796 0.028294415568681508 0.03772417222579927
v 0.03084892442415077 0.03160350801638501 0.03772417222579927
v 0.027539827208075796 0.028294415568681508 0.03772417222579927
v 0.03063029936037287 0.028513045400830883 0.03731501734297682
v 0.03063029936037287 0.028513045400830883 0.03731501734297682
v 0.027539827208075796 0.028294415568681508 0.03772417222579927
v 0.027539827208075796 0.025309243363676792 0.036203149940003065
v 0.03063029936037287 0.028513045400830883 0.03731501734297682
v 0.027539827208075796 0.025309243363676792 0.036203149940003065
v 0.030115203184294614 0.025569553530893074 0.035992929130950646
v 0.030115203184294614 0.025569553530893074 0.035992929130950646
v 0.027539827208075796 0.025309243363676792 0.036203149940003065
v 0.027539827208075796 0.022940194821200688 0.03383410139752696
v 0.030115203184294614 0.025569553530893074 0.035992929130950646
v 0.027539827208075796 0.022940194821200688 0.03383410139752696
v 0.030115203184294614 0.023150415630253107 0.03357379361449642
v 0.030115203184294614 0.023150415630253107 0.03357379361449642
v 0.027539827208075796 0.022940194821200688 0.03383410139752696
v 0.027539827208075796 0.021419172535404485 0.03084892442415077
v 0.030115203184294614 0.023150415630253107 0.03357379361449642
v 0.027539827208075796 0.021419172535404485 0.03084892442415077
v 0.03063029936037287 0.021828327418226934 0.03063029936037287
v 0.030115203184294614 0.023150415630253107 0.03357379361449642
v 0.03063029936037287 0.021828327418226934 0.03063029936037287
v 0.03357379361449642 0.023150415630253107 0.030115203184294614
v 0.030115203184294614 0.023150415630253107 0.03357379361449642
v 0.03357379361449642 0.023150415630253107 0.030115203184294614
v 0.032828382711968196 0.023949432564908335 0.032828382711968196
v 0.032828382711968196 0.023949432564908335 0.032828382711968196
v 0.03357379361449642 0.023150415630253107 0.030115203184294614
v 0.035992929130950646 0.025569553530893074 0.030115203184294614
v 0.032828382711968196 0.023949432564908335 0.032828382711968196
v 0.035992929130950646 0.025569553530893074 0.030115203184294614
v 0.03519391219629542 0.026314962049235557 0.032828382711968196
v 0.035992929130950646 0.025569553530893074 0.030115203184294614
v 0.03731501734297682 0.028513045400830883 0.03063029936037287
v 0.035992929130950646 0.02902814157690914 0.03357379361449642
v 0.035992929130950646 0.025569553530893074 0.030115203184294614
v 0.035992929130950646 0.02902814157690914 0.03357379361449642
v 0.03519391219629542 0.026314962049235557 0.032828382711968196
v 0.03519391219629542 0.026314962049235557 0.032828382711968196
v 0.035992929130950646 0.02902814157690914 0.03357379361449642
v 0.03357379361449642 0.02902814157690914 0.035992929130950646
v 0.03519391219629542 0.026314962049235557 0.032828382711968196
v 0.03357379361449642 0.02902814157690914 0.035992929130950646
v 0.032828382711968196 0.026314962049235557 0.03519391219629542
v 0.03357379361449642 0.02902814157690914 0.035992929130950646
v 0.03063029936037287 0.028513045400830883 0.03731501734297682
v 0.030115203184294614 0.025569553530893074 0.035992929130950646
v 0.03357379361449642 0.02902814157690914 0.035992929130950646
v 0.030115203184294614 0.025569553530893074 0.035992929130950646
v 0.032828382711968196 0.026314962049235557 0.03519391219629542
v 0.032828382711968196 0.026314962049235557 0.03519391219629542
v 0.030115203184294614 0.025569553530893074 0.035992929130950646
v 0.030115203184294614 0.023150415630253107 0.03357379361449642
v 0.032828382711968196 0.026314962049235557 0.03519391219629542
v 0.030115203184294614 0.023150415630253107 0.03357379361449642
v 0.032828382711968196 0.023949432564908335 0.032828382711968196
v 0.032828382711968196 0.023949432564908335 0.032828382711968196
v 0.03519391219629542 0.026314962049235557 0.032828382711968196
v 0.032828382711968196 0.026314962049235557 0.03519391219629542
v -0.027539827208075796 0.021419172535404485 -0.03084892442415077
v -0.027539827208075796 0.02089506413723763 -0.027539827208075796
v -0.03084892442415077 0.021419172535404485 -0.027539827208075796
v -0.027539827208075796 0.021419172535404485 -0.03084892442415077
v -0.03084892442415077 0.021419172535404485 -0.027539827208075796
v -0.03063029936037287 0.021828327418226934 -0.03063029936037287
v -0.03063029936037287 0.021828327418226934 -0.03063029936037287
v -0.03084892442415077 0.021419172535404485 -0.027539827208075796
v -0.03383410139752696 0.022940194821200688 -0.027539827208075796
v -0.03063029936037287 0.021828327418226934 -0.03063029936037287
v -0.03383410139752696 0.022940194821200688 -0.027539827208075796
v -0.03357379361449642 0.023150415630253107 -0.030115203184294614
v -0.03357379361449642 0.023150415630253107 -0.030115203184294614
v -0.03383410139752696 0.022940194821200688 -0.027539827208075796
v -0.036203149940003065 0.025309243363676792 -0.027539827208075796
v -0.03357379361449642 0.023150415630253107 -0.030115203184294614
v -0.036203149940003065 0.025309243363676792 -0.027539827208075796
v -0.035992929130950646 0.025569553530893074 -0.030115203184294614
v -0.035992929130950646 0.025569553530893074 -0.030115203184294614
v -0.036203149940003065 0.025309243363676792 -0.027539827208075796
v -0.03772417222579927 0.028294415568681508 -0.027539827208075796
v -0.035992929130950646 0.025569553530893074 -0.030115203184294614
v -0.03772417222579927 0.028294415568681508 -0.027539827208075796
v -0.03731501734297682 0.028513045400830883 -0.03063029936037287
v -0.03772417222579927 0.028294415568681508 -0.027539827208075796
v -0.03824829254489481 0.03160350801638501 -0.027539827208075796
v -0.03772417222579927 0.03160350801638501 -0.03084892442415077
v -0.03772417222579927 0.028294415568681508 -0.027539827208075796
v -0.03772417222579927 0.03160350801638501 -0.03084892442415077
v -0.03731501734297682 0.028513045400830883 -0.03063029936037287
v -0.03731501734297682 0.028513045400830883 -0.03063029936037287
v -0.03772417222579927 0.03160350801638501 -0.03084892442415077
v -0.036203149940003065 0.03160350801638501 -0.03383410139752696
v -0.03731501734297682 0.028513045400830883 -0.03063029936037287
v -0.036203149940003065 0.03160350801638501 -0.03383410139752696
v -0.035992929130950646 0.02902814157690914 -0.03357379361449642
v -0.035992929130950646 0.02902814157690914 -0.03357379361449642
v -0.036203149940003065 0.03160350801638501 -0.03383410139752696
v -0.03383410139752696 0.03160350801638501 -0.036203149940003065
v -0.035992929130950646 0.02902814157690914 -0.03357379361449642
v -0.03383410139752696 0.03160350801638501 -0.036203149940003065
v -0.03357379361449642 0.02902814157690914 -0.035992929130950646
v -0.03357379361449642 0.02902814157690914 -0.035992929130950646
v -0.03383410139752696 0.03160350801638501 -0.036203149940003065
v -0.03084892442415077 0.03160350801638501 -0.03772417222579927
v -0.03357379361449642 0.02902814157690914 -0.035992929130950646
v -0.03084892442415077 0.03160350801638501 -0.03772417222579927
v -0.03063029936037287 0.028513045400830883 -0.03731501734297682
v -0.03084892442415077 0.03160350801638501 -0.03772417222579927
v -0.027539827208075796 0.03160350801638501 -0.03824829254489481
v -0.027539827208075796 0.028294415568681508 -0.03772417222579927
v -0.03084892442415077 0.03160350801638501 -0.03772417222579927
v -0.027539827208075796 0.028294415568681508 -0.03772417222579927
v -0.03063029936037287 0.028513045400830883 -0.03731501734297682
v -0.03063029936037287 0.028513045400830883 -0.03731501734297682
v -0.027539827208075796 0.028294415568681508 -0.03772417222579927
v -0.027539827208075796 0.025309243363676792 -0.036203149940003065
v -0.03063029936037287 0.028513045400830883 -0.03731501734297682
v -0.027539827208075796 0.025309243363676792 -0.036203149940003065
v -0.030115203184294614 0.025569553530893074 -0.035992929130950646
v -0.030115203184294614 0.025569553530893074 -0.035992929130950646
v -0.027539827208075796 0.025309243363676792 -0.036203149940003065
v -0.027539827208075796 0.022940194821200688 -0.03383410139752696
v -0.030115203184294614 0.025569553530893074 -0.035992929130950646
v -0.027539827208075796 0.022940194821200688 -0.03383410139752696
v -0.030115203184294614 0.023150415630253107 -0.03357379361449642
v -0.030115203184294614 0.023150415630253107 -0.03357379361449642
v -0.027539827208075796 0.022940194821200688 -0.03383410139752696
v -0.027539827208075796 0.021419172535404485 -0.03084892442415077
v -0.030115203184294614 0.023150415630253107 -0.03357379361449642
v -0.027539827208075796 0.021419172535404485 -0.03084892442415077
v -0.03063029936037287 0.021828327418226934 -0.03063029936037287
v -0.030115203184294614 0.023150415630253107 -0.03357379361449642
v -0.03063029936037287 0.021828327418226934 -0.03063029936037287
v -0.03357379361449642 0.023150415630253107 -0.030115203184294614
v -0.030115203184294614 0.023150415630253107 -0.03357379361449642
v -0.03357379361449642 0.023150415630253107 -0.030115203184294614
v -0.032828382711968196 0.023949432564908335 -0.032828382711968196
v -0.032828382711968196 0.023949432564908335 -0.032828382711968196
v -0.03357379361449642 0.023150415630253107 -0.030115203184294614
v -0.035992929130950646 0.025569553530893074 -0.030115203184294614
v -0.032828382711968196 0.023949432564908335 -0.032828382711968196
v -0.035992929130950646 0.025569553530893074 -0.030115203184294614
v -0.03519391219629542 0.026314962049235557 -0.032828382711968196
v -0.035992929130950646 0.025569553530893074 -0.030115203184294614
v -0.03731501734297682 0.028513045400830883 -0.03063029936037287
v -0.035992929130950646 0.02902814157690914 -0.03357379361449642
v -0.035992929130950646 0.025569553530893074 -0.030115203184294614
v -0.035992929130950646 0.02902814157690914 -0.03357379361449642
v -0.03519391219629542 0.026314962049235557 -0.032828382711968196
v -0.03519391219629542 0.026314962049235557 -0.032828382711968196
v -0.035992929130950646 0.02902814157690914 -0.03357379361449642
v -0.03357379361449642 0.02902814157690914 -0.035992929130950646
v -0.03519391219629542 0.026314962049235557 -0.032828382711968196
v -0.03357379361449642 0.02902814157690914 -0.035992929130950646
v -0.032828382711968196 0.026314962049235557 -0.03519391219629542
v -0.03357379361449642 0.02902814157690914 -0.035992929130950646
v -0.03063029936037287 0.028513045400830883 -0.03731501734297682
v -0.030115203184294614 0.025569553530893074 -0.035992929130950646
v -0.03357379361449642 0.02902814157690914 -0.035992929130950646
v -0.030115203184294614 0.025569553530893074 -0.035992929130950646
v -0.032828382711968196 0.026314962049235557 -0.03519391219629542
v -0.032828382711968196 0.026314962049235557 -0.03519391219629542
v -0.030115203184294614 0.025569553530893074 -0.035992929130950646
v -0.030115203184294614 0.023150415630253107 -0.03357379361449642
v -0.032828382711968196 0.026314962049235557 -0.03519391219629542
v -0.030115203184294614 0.023150415630253107 -0.03357379361449642
v -0.032828382711968196 0.023949432564908335 -0.032828382711968196
v -0.032828382711968196 0.023949432564908335 -0.032828382711968196
v -0.03519391219629542 0.026314962049235557 -0.032828382711968196
v -0.032828382711968196 0.026314962049235557 -0.03519391219629542
v 0.03772417222579927 0.03160350801638501 -0.03084892442415077
v 0.03824829254489481 0.03160350801638501 -0.027539827208075796
v 0.03772417222579927 0.028294415568681508 -0.027539827208075796
v 0.03772417222579927 0.03160350801638501 -0.03084892442415077
v 0.03772417222579927 0.028294415568681508 -0.027539827208075796
v 0.03731501734297682 0.028513045400830883 -0.03063029936037287
v 0.03731501734297682 0.028513045400830883 -0.03063029936037287
v 0.03772417222579927 0.028294415568681508 -0.027539827208075796
v 0.036203149940003065 0.025309243363676792 -0.027539827208075796
v 0.03731501734297682 0.028513045400830883 -0.03063029936037287
v 0.036203149940003065 0.025309243363676792 -0.027539827208075796
v 0.035992929130950646 0.025569553530893074 -0.030115203184294614
v 0.035992929130950646 0.025569553530893074 -0.030115203184294614
v 0.036203149940003065 0.025309243363676792 -0.027539827208075796
v 0.03383410139752696 0.022940194821200688 -0.027539827208075796
v 0.035992929130950646 0.025569553530893074 -0.030115203184294614
v 0.03383410139752696 0.022940194821200688 -0.027539827208075796
v 0.03357379361449642 0.023150415630253107 -0.030115203184294614
v 0.03357379361449642 0.023150415630253107 -0.030115203184294614
v 0.03383410139752696 0.022940194821200688 -0.027539827208075796
v 0.03084892442415077 0.021419172535404485 -0.027539827208075796
v 0.03357379361449642 0.023150415630253107 -0.030115203184294614
v 0.03084892442415077 0.021419172535404485 -0.027539827208075796
v 0.03063029936037287 0.021828327418226934 -0.03063029936037287
v 0.03084892442415077 0.021419172535404485 -0.027539827208075796
v 0.027539827208075796 0.02089506413723763 -0.027539827208075796
v 0.027539827208075796 0.021419172535404485 -0.03084892442415077
v 0.03084892442415077 0.021419172535404485 -0.027539827208075796
v 0.027539827208075796 0.021419172535404485 -0.03084892442415077
v 0.03063029936037287 0.021828327418226934 -0.03063029936037287
v 0.03063029936037287 0.021828327418226934 -0.03063029936037287
v 0.027539827208075796 0.021419172535404485 -0.03084892442415077
v 0.027539827208075796 0.022940194821200688 -0.03383410139752696
v 0.03063029936037287 0.021828327418226934 -0.03063029936037287
v 0.027539827208075796 0.022940194821200688 -0.03383410139752696
v 0.030115203184294614 0.023150415630253107 -0.03357379361449642
v 0.030115203184294614 0.023150415630253107 -0.03357379361449642
v 0.027539827208075796 0.022940194821200688 -0.03383410139752696
v 0.027539827208075796 0.025309243363676792 -0.036203149940003065
v 0.030115203184294614 0.023150415630253107 -0.03357379361449642
v 0.027539827208075796 0.025309243363676792 -0.036203149940003065
v 0.030115203184294614 0.025569553530893074 -0.035992929130950646
v 0.030115203184294614 0.025569553530893074 -0.035992929130950646
v 0.027539827208075796 0.025309243363676792 -0.036203149940003065
v 0.027539827208075796 0.028294415568681508 -0.03772417222579927
v 0.030115203184294614 0.025569553530893074 -0.035992929130950646
v 0.027539827208075796 0.028294415568681508 -0.03772417222579927
v 0.03063029936037287 0.028513045400830883 -0.03731501734297682
v 0.027539827208075796 0.028294415568681508 -0.03772417222579927
v 0.027539827208075796 0.03160350801638501 -0.03824829254489481
v 0.03084892442415077 0.03160350801638501 -0.03772417222579927
v 0.027539827208075796 0.028294415568681508 -0.03772417222579927
v 0.03084892442415077 0.03160350801638501 -0.03772417222579927
v 0.03063029936037287 0.028513045400830883 -0.03731501734297682
v 0.03063029936037287 0.028513045400830883 -0.03731501734297682
v 0.03084892442415077 0.03160350801638501 -0.03772417222579927
v 0.03383410139752696 0.03160350801638501 -0.036203149940003065
v 0.03063029936037287 0.028513045400830883 -0.03731501734297682
v 0.03383410139752696 0.03160350801638501 -0.036203149940003065
v 0.03357379361449642 0.02902814157690914 -0.035992929130950646
v 0.03357379361449642 0.02902814157690914 -0.035992929130950646
v 0.03383410139752696 0.03160350801638501 -0.036203149940003065
v 0.036203149940003065 0.03160350801638501 -0.03383410139752696
v 0.03357379361449642 0.02902814157690914 -0.035992929130950646
v 0.036203149940003065 0.03160350801638501 -0.03383410139752696
v 0.035992929130950646 0.02902814157690914 -0.03357379361449642
v 0.035992929130950646 0.02902814157690914 -0.03357379361449642
v 0.036203149940003065 0.03160350801638501 -0.03383410139752696
v 0.03772417222579927 0.03160350801638501 -0.03084892442415077
v 0.035992929130950646 0.02902814157690914 -0.03357379361449642
v 0.03772417222579927 0.03160350801638501 -0.03084892442415077
v 0.03731501734297682 0.028513045400830883 -0.03063029936037287
v 0.035992929130950646 0.02902814157690914 -0.03357379361449642
v 0.03731501734297682 0.028513045400830883 -0.03063029936037287
v 0.035992929130950646 0.025569553530893074 -0.030115203184294614
v 0.035992929130950646 0.02902814157690914 -0.03357379361449642
v 0.035992929130950646 0.025569553530893074 -0.030115203184294614
v 0.03519391219629542 0.026314962049235557 -0.032828382711968196
v 0.03519391219629542 0.026314962049235557 -0.032828382711968196
v 0.035992929130950646 0.025569553530893074 -0.030115203184294614
v 0.03357379361449642 0.023150415630253107 -0.030115203184294614
v 0.03519391219629542 0.026314962049235557 -0.032828382711968196
v 0.03357379361449642 0.023150415630253107 -0.030115203184294614
v 0.032828382711968196 0.023949432564908335 -0.032828382711968196
v 0.03357379361449642 0.023150415630253107 -0.030115203184294614
v 0.03063029936037287 0.021828327418226934 -0.03063029936037287
v 0.030115203184294614 0.023150415630253107 -0.03357379361449642
v 0.03357379361449642 0.023150415630253107 -0.030115203184294614
v 0.030115203184294614 0.023150415630253107 -0.03357379361449642
v 0.032828382711968196 0.023949432564908335 -0.032828382711968196
v 0.032828382711968196 0.023949432564908335 -0.032828382711968196
v 0.030115203184294614 0.023150415630253107 -0.03357379361449642
v 0.030115203184294614 0.025569553530893074 -0.035992929130950646
v 0.032828382711968196 0.023949432564908335 -0.032828382711968196
v 0.030115203184294614 0.025569553530893074 -0.035992929130950646
v 0.032828382711968196 0.026314962049235557 -0.03519391219629542
v 0.030115203184294614 0.025569553530893074 -0.035992929130950646
v 0.03063029936037287 0.028513045400830883 -0.03731501734297682
v 0.03357379361449642 0.02902814157690914 -0.035992929130950646
v 0.030115203184294614 0.025569553530893074 -0.035992929130950646
v 0.03357379361449642 0.02902814157690914 -0.035992929130950646
v 0.032828382711968196 0.026314962049235557 -0.03519391219629542
v 0.032828382711968196 0.026314962049235557 -0.03519391219629542
v 0.03357379361449642 0.02902814157690914 -0.035992929130950646
v 0.035992929130950646 0.02902814157690914 -0.03357379361449642
v 0.032828382711968196 0.026314962049235557 -0.03519391219629542
v 0.035992929130950646 0.02902814157690914 -0.03357379361449642
v 0.03519391219629542 0.026314962049235557 -0.032828382711968196
v 0.03519391219629542 0.026314962049235557 -0.032828382711968196
v 0.032828382711968196 0.023949432564908335 -0.032828382711968196
v 0.032828382711968196 0.026314962049235557 -0.03519391219629542
v 0.03772417222579927 0.04416799519282222 -0.03084892442415077
v 0.036203149940003065 0.04416799519282222 -0.03383410139752696
v 0.03517741839936184 0.04416799519282222 -0.03287549422214564
v 0.03772417222579927 0.04416799519282222 -0.03084892442415077
v 0.03517741839936184 0.04416799519282222 -0.03287549422214564
v 0.03665534652794866 0.04416799519282222 -0.02997489623781524
v 0.036203149940003065 0.04416799519282222 -0.03383410139752696
v 0.03383410139752696 0.04416799519282222 -0.036203149940003065
v 0.03287549422214564 0.04416799519282222 -0.03517741839936184
v 0.036203149940003065 0.04416799519282222 -0.03383410139752696
v 0.03287549422214564 0.04416799519282222 -0.03517741839936184
v 0.03517741839936184 0.04416799519282222 -0.03287549422214564
v 0.03383410139752696 0.04416799519282222 -0.036203149940003065
v 0.03084892442415077 0.04416799519282222 -0.03772417222579927
v 0.02997489623781524 0.04416799519282222 -0.03665534652794866
v 0.03383410139752696 0.04416799519282222 -0.036203149940003065
v 0.02997489623781524 0.04416799519282222 -0.03665534652794866
v 0.03287549422214564 0.04416799519282222 -0.03517741839936184
v 0.03084892442415077 0.04416799519282222 -0.03772417222579927
v 0.027539827208075796 0.04416799519282222 -0.03824829254489481
v 0.0267595571258763 0.04416799519282222 -0.03716461575408392
v 0.03084892442415077 0.04416799519282222 -0.03772417222579927
v 0.0267595571258763 0.04416799519282222 -0.03716461575408392
v 0.02997489623781524 0.04416799519282222 -0.03665534652794866
v 0.027539827208075796 0.04416799519282222 -0.03824829254489481
v -0.027539827208075796 0.04416799519282222 -0.03824829254489481
v -0.0267595571258763 0.04416799519282222 -0.03716461575408392
v 0.027539827208075796 0.04416799519282222 -0.03824829254489481
v -0.0267595571258763 0.04416799519282222 -0.03716461575408392
v 0.0267595571258763 0.04416799519282222 -0.03716461575408392
v -0.027539827208075796 0.04416799519282222 -0.03824829254489481
v -0.03084892442415077 0.04416799519282222 -0.03772417222579927
v -0.02997489623781524 0.04416799519282222 -0.03665534652794866
v -0.027539827208075796 0.04416799519282222 -0.03824829254489481
v -0.02997489623781524 0.04416799519282222 -0.03665534652794866
v -0.0267595571258763 0.04416799519282222 -0.03716461575408392
v -0.03084892442415077 0.04416799519282222 -0.03772417222579927
v -0.03383410139752696 0.04416799519282222 -0.036203149940003065
v -0.03287549422214564 0.04416799519282222 -0.03517741839936184
v -0.03084892442415077 0.04416799519282222 -0.03772417222579927
v -0.03287549422214564 0.04416799519282222 -0.03517741839936184
v -0.02997489623781524 0.04416799519282222 -0.03665534652794866
v -0.03383410139752696 0.04416799519282222 -0.036203149940003065
v -0.036203149940003065 0.04416799519282222 -0.03383410139752696
v -0.03517741839936184 0.04416799519282222 -0.03287549422214564
v -0.03383410139752696 0.04416799519282222 -0.036203149940003065
v -0.03517741839936184 0.04416799519282222 -0.03287549422214564
v -0.03287549422214564 0.04416799519282222 -0.03517741839936184
v -0.036203149940003065 0.04416799519282222 -0.03383410139752696
v -0.03772417222579927 0.04416799519282222 -0.03084892442415077
v -0.03665534652794866 0.04416799519282222 -0.02997489623781524
v -0.036203149940003065 0.04416799519282222 -0.03383410139752696
v -0.03665534652794866 0.04416799519282222 -0.02997489623781524
v -0.03517741839936184 0.04416799519282222 -0.03287549422214564
v -0.03772417222579927 0.04416799519282222 -0.03084892442415077
v -0.03824829254489481 0.04416799519282222 -0.027539827208075796
v -0.03716461575408392 0.04416799519282222 -0.0267595571258763
v -0.03772417222579927 0.04416799519282222 -0.03084892442415077
v -0.03716461575408392 0.04416799519282222 -0.0267595571258763
v -0.03665534652794866 0.04416799519282222 -0.02997489623781524
v -0.03824829254489481 0.04416799519282222 -0.027539827208075796
v -0.03824829254489481 0.04416799519282222 0.027539827208075796
v -0.03716461575408392 0.04416799519282222 0.0267595571258763
v -0.03824829254489481 0.04416799519282222 -0.027539827208075796
v -0.03716461575408392 0.04416799519282222 0.0267595571258763
v -0.03716461575408392 0.04416799519282222 -0.0267595571258763
v -0.03824829254489481 0.04416799519282222 0.027539827208075796
v -0.03772417222579927 0.04416799519282222 0.03084892442415077
v -0.03665534652794866 0.04416799519282222 0.02997489623781524
v -0.03824829254489481 0.04416799519282222 0.027539827208075796
v -0.03665534652794866 0.04416799519282222 0.02997489623781524
v -0.03716461575408392 0.04416799519282222 0.0267595571258763
v -0.03772417222579927 0.04416799519282222 0.03084892442415077
v -0.036203149940003065 0.04416799519282222 0.03383410139752696
v -0.03517741839936184 0.04416799519282222 0.03287549422214564
v -0.03772417222579927 0.04416799519282222 0.03084892442415077
v -0.03517741839936184 0.04416799519282222 0.03287549422214564
v -0.03665534652794866 0.04416799519282222 0.02997489623781524
v -0.036203149940003065 0.04416799519282222 0.03383410139752696
v -0.03383410139752696 0.04416799519282222 0.036203149940003065
v -0.03287549422214564 0.04416799519282222 0.03517741839936184
v -0.036203149940003065 0.04416799519282222 0.03383410139752696
v -0.03287549422214564 0.04416799519282222 0.03517741839936184
v -0.03517741839936184 0.04416799519282222 0.03287549422214564
v -0.03383410139752696 0.04416799519282222 0.036203149940003065
v -0.03084892442415077 0.04416799519282222 0.03772417222579927
v -0.02997489623781524 0.04416799519282222 0.03665534652794866
v -0.03383410139752696 0.04416799519282222 0.036203149940003065
v -0.02997489623781524 0.04416799519282222 0.03665534652794866
v -0.03287549422214564 0.04416799519282222 0.03517741839936184
v -0.03084892442415077 0.04416799519282222 0.03772417222579927
v -0.027539827208075796 0.04416799519282222 0.03824829254489481
v -0.0267595571258763 0.04416799519282222 0.03716461575408392
v -0.03084892442415077 0.04416799519282222 0.03772417222579927
v -0.0267595571258763 0.04416799519282222 0.03716461575408392
v -0.02997489623781524 0.04416799519282222 0.03665534652794866
v -0.027539827208075796 0.04416799519282222 0.03824829254489481
v 0.027539827208075796 0.04416799519282222 0.03824829254489481
v 0.0267595571258763 0.04416799519282222 0.03716461575408392
v -0.027539827208075796 0.04416799519282222 0.03824829254489481
v 0.0267595571258763 0.04416799519282222 0.03716461575408392
v -0.0267595571258763 0.04416799519282222 0.03716461575408392
v 0.027539827208075796 0.04416799519282222 0.03824829254489481
v 0.03084892442415077 0.04416799519282222 0.03772417222579927
v 0.02997489623781524 0.04416799519282222 0.03665534652794866
v 0.027539827208075796 0.04416799519282222 0.03824829254489481
v 0.02997489623781524 0.04416799519282222 0.03665534652794866
v 0.0267595571258763 0.04416799519282222 0.03716461575408392
v 0.03084892442415077 0.04416799519282222 0.03772417222579927
v 0.03383410139752696 0.04416799519282222 0.036203149940003065
v 0.03287549422214564 0.04416799519282222 0.03517741839936184
v 0.03084892442415077 0.04416799519282222 0.03772417222579927
v 0.03287549422214564 0.04416799519282222 0.03517741839936184
v 0.02997489623781524 0.04416799519282222 0.03665534652794866
v 0.03383410139752696 0.04416799519282222 0.036203149940003065
v 0.036203149940003065 0.04416799519282222 0.03383410139752696
v 0.03517741839936184 0.04416799519282222 0.03287549422214564
v 0.03383410139752696 0.04416799519282222 0.036203149940003065
v 0.03517741839936184 0.04416799519282222 0.03287549422214564
v 0.03287549422214564 0.04416799519282222 0.03517741839936184
v 0.036203149940003065 0.04416799519282222 0.03383410139752696
v 0.03772417222579927 0.04416799519282222 0.03084892442415077
v 0.03665534652794866 0.04416799519282222 0.02997489623781524
v 0.036203149940003065 0.04416799519282222 0.03383410139752696
v 0.03665534652794866 0.04416799519282222 0.02997489623781524
v 0.03517741839936184 0.04416799519282222 0.03287549422214564
v 0.03772417222579927 0.04416799519282222 0.03084892442415077
v 0.03824829254489481 0.04416799519282222 0.027539827208075796
v 0.03716461575408392 0.04416799519282222 0.0267595571258763
v 0.03772417222579927 0.04416799519282222 0.03084892442415077
v 0.03716461575408392 0.04416799519282222 0.0267595571258763
v 0.03665534652794866 0.04416799519282222 0.02997489623781524
v 0.03824829254489481 0.04416799519282222 0.027539827208075796
v 0.03824829254489481 0.04416799519282222 -0.027539827208075796
v 0.03716461575408392 0.04416799519282222 -0.0267595571258763
v 0.03824829254489481 0.04416799519282222 0.027539827208075796
v 0.03716461575408392 0.04416799519282222 -0.0267595571258763
v 0.03716461575408392 0.04416799519282222 0.0267595571258763
v 0.03824829254489481 0.04416799519282222 -0.027539827208075796
v 0.03772417222579927 0.04416799519282222 -0.03084892442415077
v 0.03665534652794866 0.04416799519282222 -0.02997489623781524
v 0.03824829254489481 0.04416799519282222 -0.027539827208075796
v 0.03665534652794866 0.04416799519282222 -0.02997489623781524
v 0.03716461575408392 0.04416799519282222 -0.0267595571258763
v 0.03665534652794866 0.04416799519282222 -0.02997489623781524
v 0.03517741839936184 0.04416799519282222 -0.03287549422214564
v 0.034016441538562425 0.029429054329636273 -0.03179048943987883
v 0.03665534652794866 0.04416799519282222 -0.02997489623781524
v 0.034016441538562425 0.029429054329636273 -0.03179048943987883
v 0.035445593995326874 0.029429054329636273 -0.028985621281289564
v 0.03517741839936184 0.04416799519282222 -0.03287549422214564
v 0.03287549422214564 0.04416799519282222 -0.03517741839936184
v 0.03179048943987883 0.029429054329636273 -0.034016441538562425
v 0.03517741839936184 0.04416799519282222 -0.03287549422214564
v 0.03179048943987883 0.029429054329636273 -0.034016441538562425
v 0.034016441538562425 0.029429054329636273 -0.03179048943987883
v 0.03287549422214564 0.04416799519282222 -0.03517741839936184
v 0.02997489623781524 0.04416799519282222 -0.03665534652794866
v 0.028985621281289564 0.029429054329636273 -0.035445593995326874
v 0.03287549422214564 0.04416799519282222 -0.03517741839936184
v 0.028985621281289564 0.029429054329636273 -0.035445593995326874
v 0.03179048943987883 0.029429054329636273 -0.034016441538562425
v 0.02997489623781524 0.04416799519282222 -0.03665534652794866
v 0.0267595571258763 0.04416799519282222 -0.03716461575408392
v 0.02587639989235102 0.029429054329636273 -0.03593805471201117
v 0.02997489623781524 0.04416799519282222 -0.03665534652794866
v 0.02587639989235102 0.029429054329636273 -0.03593805471201117
v 0.028985621281289564 0.029429054329636273 -0.035445593995326874
v 0.0267595571258763 0.04416799519282222 -0.03716461575408392
v -0.0267595571258763 0.04416799519282222 -0.03716461575408392
v -0.02587639989235102 0.029429054329636273 -0.03593805471201117
v 0.0267595571258763 0.04416799519282222 -0.03716461575408392
v -0.02587639989235102 0.029429054329636273 -0.03593805471201117
v 0.02587639989235102 0.029429054329636273 -0.03593805471201117
v -0.0267595571258763 0.04416799519282222 -0.03716461575408392
v -0.02997489623781524 0.04416799519282222 -0.03665534652794866
v -0.028985621281289564 0.029429054329636273 -0.035445593995326874
v -0.0267595571258763 0.04416799519282222 -0.03716461575408392
v -0.028985621281289564 0.029429054329636273 -0.035445593995326874
v -0.02587639989235102 0.029429054329636273 -0.03593805471201117
v -0.02997489623781524 0.04416799519282222 -0.03665534652794866
v -0.03287549422214564 0.04416799519282222 -0.03517741839936184
v -0.03179048943987883 0.029429054329636273 -0.034016441538562425
v -0.02997489623781524 0.04416799519282222 -0.03665534652794866
v -0.03179048943987883 0.029429054329636273 -0.034016441538562425
v -0.028985621281289564 0.029429054329636273 -0.035445593995326874
v -0.03287549422214564 0.04416799519282222 -0.03517741839936184
v -0.03517741839936184 0.04416799519282222 -0.03287549422214564
v -0.034016441538562425 0.029429054329636273 -0.03179048943987883
v -0.03287549422214564 0.04416799519282222 -0.03517741839936184
v -0.034016441538562425 0.029429054329636273 -0.03179048943987883
v -0.03179048943987883 0.029429054329636273 -0.034016441538562425
v -0.03517741839936184 0.04416799519282222 -0.03287549422214564
v -0.03665534652794866 0.04416799519282222 -0.02997489623781524
v -0.035445593995326874 0.029429054329636273 -0.028985621281289564
v -0.03517741839936184 0.04416799519282222 -0.03287549422214564
v -0.035445593995326874 0.029429054329636273 -0.028985621281289564
v -0.034016441538562425 0.029429054329636273 -0.03179048943987883
v -0.03665534652794866 0.04416799519282222 -0.02997489623781524
v -0.03716461575408392 0.04416799519282222 -0.0267595571258763
v -0.03593805471201117 0.029429054329636273 -0.02587639989235102
v -0.03665534652794866 0.04416799519282222 -0.02997489623781524
v -0.03593805471201117 0.029429054329636273 -0.02587639989235102
v -0.035445593995326874 0.029429054329636273 -0.028985621281289564
v -0.03716461575408392 0.04416799519282222 -0.0267595571258763
v -0.03716461575408392 0.04416799519282222 0.0267595571258763
v -0.03593805471201117 0.029429054329636273 0.02587639989235102
v -0.03716461575408392 0.04416799519282222 -0.0267595571258763
v -0.03593805471201117 0.029429054329636273 0.02587639989235102
v -0.03593805471201117 0.029429054329636273 -0.02587639989235102
v -0.03716461575408392 0.04416799519282222 0.0267595571258763
v -0.03665534652794866 0.04416799519282222 0.02997489623781524
v -0.035445593995326874 0.029429054329636273 0.028985621281289564
v -0.03716461575408392 0.04416799519282222 0.0267595571258763
v -0.035445593995326874 0.029429054329636273 0.028985621281289564
v -0.03593805471201117 0.029429054329636273 0.02587639989235102
v -0.03665534652794866 0.04416799519282222 0.02997489623781524
v -0.03517741839936184 0.04416799519282222 0.03287549422214564
v -0.034016441538562425 0.029429054329636273 0.03179048943987883
v -0.03665534652794866 0.04416799519282222 0.02997489623781524
v -0.034016441538562425 0.029429054329636273 0.03179048943987883
v -0.035445593995326874 0.029429054329636273 0.028985621281289564
v -0.03517741839936184 0.04416799519282222 0.03287549422214564
v -0.03287549422214564 0.04416799519282222 0.03517741839936184
v -0.03179048943987883 0.029429054329636273 0.034016441538562425
v -0.03517741839936184 0.04416799519282222 0.03287549422214564
v -0.03179048943987883 0.029429054329636273 0.034016441538562425
v -0.034016441538562425 0.029429054329636273 0.03179048943987883
v -0.03287549422214564 0.04416799519282222 0.03517741839936184
v -0.02997489623781524 0.04416799519282222 0.03665534652794866
v -0.028985621281289564 0.029429054329636273 0.035445593995326874
v -0.03287549422214564 0.04416799519282222 0.03517741839936184
v -0.028985621281289564 0.029429054329636273 0.035445593995326874
v -0.03179048943987883 0.029429054329636273 0.034016441538562425
v -0.02997489623781524 0.04416799519282222 0.03665534652794866
v -0.0267595571258763 0.04416799519282222 0.03716461575408392
v -0.02587639989235102 0.029429054329636273 0.03593805471201117
v -0.02997489623781524 0.04416799519282222 0.03665534652794866
v -0.02587639989235102 0.029429054329636273 0.03593805471201117
v -0.028985621281289564 0.029429054329636273 0.035445593995326874
v -0.0267595571258763 0.04416799519282222 0.03716461575408392
v 0.0267595571258763 0.04416799519282222 0.03716461575408392
v 0.02587639989235102 0.029429054329636273 0.03593805471201117
v -0.0267595571258763 0.04416799519282222 0.03716461575408392
v 0.02587639989235102 0.029429054329636273 0.03593805471201117
v -0.02587639989235102 0.029429054329636273 0.03593805471201117
v 0.0267595571258763 0.04416799519282222 0.03716461575408392
v 0.02997489623781524 0.04416799519282222 0.03665534652794866
v 0.028985621281289564 0.029429054329636273 0.035445593995326874
v 0.0267595571258763 0.04416799519282222 0.03716461575408392
v 0.028985621281289564 0.029429054329636273 0.035445593995326874
v 0.02587639989235102 0.029429054329636273 0.03593805471201117
v 0.02997489623781524 0.04416799519282222 0.03665534652794866
v 0.03287549422214564 0.04416799519282222 0.03517741839936184
v 0.03179048943987883 0.029429054329636273 0.034016441538562425
v 0.02997489623781524 0.04416799519282222 0.03665534652794866
v 0.03179048943987883 0.029429054329636273 0.034016441538562425
v 0.028985621281289564 0.029429054329636273 0.035445593995326874
v 0.03287549422214564 0.04416799519282222 0.03517741839936184
v 0.03517741839936184 0.04416799519282222 0.03287549422214564
v 0.034016441538562425 0.029429054329636273 0.03179048943987883
v 0.03287549422214564 0.04416799519282222 0.03517741839936184
v 0.034016441538562425 0.029429054329636273 0.03179048943987883
v 0.03179048943987883 0.029429054329636273 0.034016441538562425
v 0.03517741839936184 0.04416799519282222 0.03287549422214564
v 0.03665534652794866 0.04416799519282222 0.02997489623781524
v 0.035445593995326874 0.029429054329636273 0.028985621281289564
v 0.03517741839936184 0.04416799519282222 0.03287549422214564
v 0.035445593995326874 0.029429054329636273 0.028985621281289564
v 0.034016441538562425 0.029429054329636273 0.03179048943987883
v 0.03665534652794866 0.04416799519282222 0.02997489623781524
v 0.03716461575408392 0.04416799519282222 0.0267595571258763
v 0.03593805471201117 0.029429054329636273 0.02587639989235102
v 0.03665534652794866 0.04416799519282222 0.02997489623781524
v 0.03593805471201117 0.029429054329636273 0.02587639989235102
v 0.035445593995326874 0.029429054329636273 0.028985621281289564
v 0.03716461575408392 0.04416799519282222 0.0267595571258763
v 0.03716461575408392 0.04416799519282222 -0.0267595571258763
v 0.03593805471201117 0.029429054329636273 -0.02587639989235102
v 0.03716461575408392 0.04416799519282222 0.0267595571258763
v 0.03593805471201117 0.029429054329636273 -0.02587639989235102
v 0.03593805471201117 0.029429054329636273 0.02587639989235102
v 0.03716461575408392 0.04416799519282222 -0.0267595571258763
v 0.03665534652794866 0.04416799519282222 -0.02997489623781524
v 0.035445593995326874 0.029429054329636273 -0.028985621281289564
v 0.03716461575408392 0.04416799519282222 -0.0267595571258763
v 0.035445593995326874 0.029429054329636273 -0.028985621281289564
v 0.03593805471201117 0.029429054329636273 -0.02587639989235102
v 0.038613115878110005 0.043477959388238396 -0.027802512024286852
v 0.03808399830570819 0.043477959388238396 -0.031143173475343566
v 0.03808399830570819 0.04417127106402585 -0.031143173475343566
v 0.038613115878110005 0.043477959388238396 -0.027802512024286852
v 0.03808399830570819 0.04417127106402585 -0.031143173475343566
v 0.038613115878110005 0.04417127106402585 -0.027802512024286852
v 0.038613115878110005 0.043477959388238396 0.027802512024286852
v 0.038613115878110005 0.043477959388238396 -0.027802512024286852
v 0.038613115878110005 0.04417127106402585 -0.027802512024286852
v 0.038613115878110005 0.043477959388238396 0.027802512024286852
v 0.038613115878110005 0.04417127106402585 -0.027802512024286852
v 0.038613115878110005 0.04417127106402585 0.027802512024286852
v 0.03808399830570819 0.043477959388238396 0.031143173475343566
v 0.038613115878110005 0.043477959388238396 0.027802512024286852
v 0.038613115878110005 0.04417127106402585 0.027802512024286852
v 0.03808399830570819 0.043477959388238396 0.031143173475343566
v 0.038613115878110005 0.04417127106402585 0.027802512024286852
v 0.03808399830570819 0.04417127106402585 0.031143173475343566
v 0.03654846586551219 0.043477959388238396 0.03415682239479967
v 0.03808399830570819 0.043477959388238396 0.031143173475343566
v 0.03808399830570819 0.04417127106402585 0.031143173475343566
v 0.03654846586551219 0.043477959388238396 0.03415682239479967
v 0.03808399830570819 0.04417127106402585 0.031143173475343566
v 0.03654846586551219 0.04417127106402585 0.03415682239479967
v 0.03415682239479967 0.043477959388238396 0.03654846586551219
v 0.03654846586551219 0.043477959388238396 0.03415682239479967
v 0.03654846586551219 0.04417127106402585 0.03415682239479967
v 0.03415682239479967 0.043477959388238396 0.03654846586551219
v 0.03654846586551219 0.04417127106402585 0.03415682239479967
v 0.03415682239479967 0.04417127106402585 0.03654846586551219
v 0.031143173475343566 0.043477959388238396 0.03808399830570819
v 0.03415682239479967 0.043477959388238396 0.03654846586551219
v 0.03415682239479967 0.04417127106402585 0.03654846586551219
v 0.031143173475343566 0.043477959388238396 0.03808399830570819
v 0.03415682239479967 0.04417127106402585 0.03654846586551219
v 0.031143173475343566 0.04417127106402585 0.03808399830570819
v 0.027802512024286852 0.043477959388238396 0.038613115878110005
v 0.031143173475343566 0.043477959388238396 0.03808399830570819
v 0.031143173475343566 0.04417127106402585 0.03808399830570819
v 0.027802512024286852 0.043477959388238396 0.038613115878110005
v 0.031143173475343566 0.04417127106402585 0.03808399830570819
v 0.027802512024286852 0.04417127106402585 0.038613115878110005
v -0.027802512024286852 0.043477959388238396 0.038613115878110005
v 0.027802512024286852 0.043477959388238396 0.038613115878110005
v 0.027802512024286852 0.04417127106402585 0.038613115878110005
v -0.027802512024286852 0.043477959388238396 0.038613115878110005
v 0.027802512024286852 0.04417127106402585 0.038613115878110005
v -0.027802512024286852 0.04417127106402585 0.038613115878110005
v -0.031143173475343566 0.043477959388238396 0.03808399830570819
v -0.027802512024286852 0.043477959388238396 0.038613115878110005
v -0.027802512024286852 0.04417127106402585 0.038613115878110005
v -0.031143173475343566 0.043477959388238396 0.03808399830570819
v -0.027802512024286852 0.04417127106402585 0.038613115878110005
v -0.031143173475343566 0.04417127106402585 0.03808399830570819
v -0.03415682239479967 0.043477959388238396 0.03654846586551219
v -0.031143173475343566 0.043477959388238396 0.03808399830570819
v -0.031143173475343566 0.04417127106402585 0.03808399830570819
v -0.03415682239479967 0.043477959388238396 0.03654846586551219
v -0.031143173475343566 0.04417127106402585 0.03808399830570819
v -0.03415682239479967 0.04417127106402585 0.03654846586551219
v -0.03654846586551219 0.043477959388238396 0.03415682239479967
v -0.03415682239479967 0.043477959388238396 0.03654846586551219
v -0.03415682239479967 0.04417127106402585 0.03654846586551219
v -0.03654846586551219 0.043477959388238396 0.03415682239479967
v -0.03415682239479967 0.04417127106402585 0.03654846586551219
v -0.03654846586551219 0.04417127106402585 0.03415682239479967
v -0.03808399830570819 0.043477959388238396 0.031143173475343566
v -0.03654846586551219 0.043477959388238396 0.03415682239479967
v -0.03654846586551219 0.04417127106402585 0.03415682239479967
v -0.03808399830570819 0.043477959388238396 0.031143173475343566
v -0.03654846586551219 0.04417127106402585 0.03415682239479967
v -0.03808399830570819 0.04417127106402585 0.031143173475343566
v -0.038613115878110005 0.043477959388238396 0.027802512024286852
v -0.03808399830570819 0.043477959388238396 0.031143173475343566
v -0.03808399830570819 0.04417127106402585 0.031143173475343566
v -0.038613115878110005 0.043477959388238396 0.027802512024286852
v -0.03808399830570819 0.04417127106402585 0.031143173475343566
v -0.038613115878110005 0.04417127106402585 0.027802512024286852
v -0.038613115878110005 0.043477959388238396 -0.027802512024286852
v -0.038613115878110005 0.043477959388238396 0.027802512024286852
v -0.038613115878110005 0.04417127106402585 0.027802512024286852
v -0.038613115878110005 0.043477959388238396 -0.027802512024286852
v -0.038613115878110005 0.04417127106402585 0.027802512024286852
v -0.038613115878110005 0.04417127106402585 -0.027802512024286852
v -0.03808399830570819 0.043477959388238396 -0.031143173475343566
v -0.038613115878110005 0.043477959388238396 -0.027802512024286852
v -0.038613115878110005 0.04417127106402585 -0.027802512024286852
v -0.03808399830570819 0.043477959388238396 -0.031143173475343566
v -0.038613115878110005 0.04417127106402585 -0.027802512024286852
v -0.03808399830570819 0.04417127106402585 -0.031143173475343566
v -0.03654846586551219 0.043477959388238396 -0.03415682239479967
v -0.03808399830570819 0.043477959388238396 -0.031143173475343566
v -0.03808399830570819 0.04417127106402585 -0.031143173475343566
v -0.03654846586551219 0.043477959388238396 -0.03415682239479967
v -0.03808399830570819 0.04417127106402585 -0.031143173475343566
v -0.03654846586551219 0.04417127106402585 -0.03415682239479967
v -0.03415682239479967 0.043477959388238396 -0.03654846586551219
v -0.03654846586551219 0.043477959388238396 -0.03415682239479967
v -0.03654846586551219 0.04417127106402585 -0.03415682239479967
v -0.03415682239479967 0.043477959388238396 -0.03654846586551219
v -0.03654846586551219 0.04417127106402585 -0.03415682239479967
v -0.03415682239479967 0.04417127106402585 -0.03654846586551219
v -0.031143173475343566 0.043477959388238396 -0.03808399830570819
v -0.03415682239479967 0.043477959388238396 -0.03654846586551219
v -0.03415682239479967 0.04417127106402585 -0.03654846586551219
v -0.031143173475343566 0.043477959388238396 -0.03808399830570819
v -0.03415682239479967 0.04417127106402585 -0.03654846586551219
v -0.031143173475343566 0.04417127106402585 -0.03808399830570819
v -0.027802512024286852 0.043477959388238396 -0.038613115878110005
v -0.031143173475343566 0.043477959388238396 -0.03808399830570819
v -0.031143173475343566 0.04417127106402585 -0.03808399830570819
v -0.027802512024286852 0.043477959388238396 -0.038613115878110005
v -0.031143173475343566 0.04417127106402585 -0.03808399830570819
v -0.027802512024286852 0.04417127106402585 -0.038613115878110005
v 0.027802512024286852 0.043477959388238396 -0.038613115878110005
v -0.027802512024286852 0.043477959388238396 -0.038613115878110005
v -0.027802512024286852 0.04417127106402585 -0.038613115878110005
v 0.027802512024286852 0.043477959388238396 -0.038613115878110005
v -0.027802512024286852 0.04417127106402585 -0.038613115878110005
v 0.027802512024286852 0.04417127106402585 -0.038613115878110005
v 0.031143173475343566 0.043477959388238396 -0.03808399830570819
v 0.027802512024286852 0.043477959388238396 -0.038613115878110005
v 0.027802512024286852 0.04417127106402585 -0.038613115878110005
v 0.031143173475343566 0.043477959388238396 -0.03808399830570819
v 0.027802512024286852 0.04417127106402585 -0.038613115878110005
v 0.031143173475343566 0.04417127106402585 -0.03808399830570819
v 0.03415682239479967 0.043477959388238396 -0.03654846586551219
v 0.031143173475343566 0.043477959388238396 -0.03808399830570819
v 0.031143173475343566 0.04417127106402585 -0.03808399830570819
v 0.03415682239479967 0.043477959388238396 -0.03654846586551219
v 0.031143173475343566 0.04417127106402585 -0.03808399830570819
v 0.03415682239479967 0.04417127106402585 -0.03654846586551219
v 0.03654846586551219 0.043477959388238396 -0.03415682239479967
v 0.03415682239479967 0.043477959388238396 -0.03654846586551219
v 0.03415682239479967 0.04417127106402585 -0.03654846586551219
v 0.03654846586551219 0.043477959388238396 -0.03415682239479967
v 0.03415682239479967 0.04417127106402585 -0.03654846586551219
v 0.03654846586551219 0.04417127106402585 -0.03415682239479967
v 0.03808399830570819 0.043477959388238396 -0.031143173475343566
v 0.03654846586551219 0.043477959388238396 -0.03415682239479967
v 0.03654846586551219 0.04417127106402585 -0.03415682239479967
v 0.03808399830570819 0.043477959388238396 -0.031143173475343566
v 0.03654846586551219 0.04417127106402585 -0.03415682239479967
v 0.03808399830570819 0.04417127106402585 -0.031143173475343566
v 0.03824829254489481 0.04348123525944203 -0.027539827208075796
v 0.03772417222579927 0.04348123525944203 -0.03084892442415077
v 0.03808399830570819 0.043477959388238396 -0.031143173475343566
v 0.03824829254489481 0.04348123525944203 -0.027539827208075796
v 0.03808399830570819 0.043477959388238396 -0.031143173475343566
v 0.038613115878110005 0.043477959388238396 -0.027802512024286852
v 0.03772417222579927 0.04416799519282222 -0.03084892442415077
v 0.03824829254489481 0.04416799519282222 -0.027539827208075796
v 0.038613115878110005 0.04417127106402585 -0.027802512024286852
v 0.03772417222579927 0.04416799519282222 -0.03084892442415077
v 0.038613115878110005 0.04417127106402585 -0.027802512024286852
v 0.03808399830570819 0.04417127106402585 -0.031143173475343566
v 0.03824829254489481 0.04348123525944203 0.027539827208075796
v 0.03824829254489481 0.04348123525944203 -0.027539827208075796
v 0.038613115878110005 0.043477959388238396 -0.027802512024286852
v 0.03824829254489481 0.04348123525944203 0.027539827208075796
v 0.038613115878110005 0.043477959388238396 -0.027802512024286852
v 0.038613115878110005 0.043477959388238396 0.027802512024286852
v 0.03824829254489481 0.04416799519282222 -0.027539827208075796
v 0.03824829254489481 0.04416799519282222 0.027539827208075796
v 0.038613115878110005 0.04417127106402585 0.027802512024286852
v 0.03824829254489481 0.04416799519282222 -0.027539827208075796
v 0.038613115878110005 0.04417127106402585 0.027802512024286852
v 0.038613115878110005 0.04417127106402585 -0.027802512024286852
v 0.03772417222579927 0.04348123525944203 0.03084892442415077
v 0.03824829254489481 0.04348123525944203 0.027539827208075796
v 0.038613115878110005 0.043477959388238396 0.027802512024286852
v 0.03772417222579927 0.04348123525944203 0.03084892442415077
v 0.038613115878110005 0.043477959388238396 0.027802512024286852
v 0.03808399830570819 0.043477959388238396 0.031143173475343566
v 0.03824829254489481 0.04416799519282222 0.027539827208075796
v 0.03772417222579927 0.04416799519282222 0.03084892442415077
v 0.03808399830570819 0.04417127106402585 0.031143173475343566
v 0.03824829254489481 0.04416799519282222 0.027539827208075796
v 0.03808399830570819 0.04417127106402585 0.031143173475343566
v 0.038613115878110005 0.04417127106402585 0.027802512024286852
v 0.036203149940003065 0.04348123525944203 0.03383410139752696
v 0.03772417222579927 0.04348123525944203 0.03084892442415077
v 0.03808399830570819 0.043477959388238396 0.031143173475343566
v 0.036203149940003065 0.04348123525944203 0.03383410139752696
v 0.03808399830570819 0.043477959388238396 0.031143173475343566
v 0.03654846586551219 0.043477959388238396 0.03415682239479967
v 0.03772417222579927 0.04416799519282222 0.03084892442415077
v 0.036203149940003065 0.04416799519282222 0.03383410139752696
v 0.03654846586551219 0.04417127106402585 0.03415682239479967
v 0.03772417222579927 0.04416799519282222 0.03084892442415077
v 0.03654846586551219 0.04417127106402585 0.03415682239479967
v 0.03808399830570819 0.04417127106402585 0.031143173475343566
v 0.03383410139752696 0.04348123525944203 0.036203149940003065
v 0.036203149940003065 0.04348123525944203 0.03383410139752696
v 0.03654846586551219 0.043477959388238396 0.03415682239479967
v 0.03383410139752696 0.04348123525944203 0.036203149940003065
v 0.03654846586551219 0.043477959388238396 0.03415682239479967
v 0.03415682239479967 0.043477959388238396 0.03654846586551219
v 0.036203149940003065 0.04416799519282222 0.03383410139752696
v 0.03383410139752696 0.04416799519282222 0.036203149940003065
v 0.03415682239479967 0.04417127106402585 0.03654846586551219
v 0.036203149940003065 0.04416799519282222 0.03383410139752696
v 0.03415682239479967 0.04417127106402585 0.03654846586551219
v 0.03654846586551219 0.04417127106402585 0.03415682239479967
v 0.03084892442415077 0.04348123525944203 0.03772417222579927
v 0.03383410139752696 0.04348123525944203 0.036203149940003065
v 0.03415682239479967 0.043477959388238396 0.03654846586551219
v 0.03084892442415077 0.04348123525944203 0.03772417222579927
v 0.03415682239479967 0.043477959388238396 0.03654846586551219
v 0.031143173475343566 0.043477959388238396 0.03808399830570819
v 0.03383410139752696 0.04416799519282222 0.036203149940003065
v 0.03084892442415077 0.04416799519282222 0.03772417222579927
v 0.031143173475343566 0.04417127106402585 0.03808399830570819
v 0.03383410139752696 0.04416799519282222 0.036203149940003065
v 0.031143173475343566 0.04417127106402585 0.03808399830570819
v 0.03415682239479967 0.04417127106402585 0.03654846586551219
v 0.027539827208075796 0.04348123525944203 0.03824829254489481
v 0.03084892442415077 0.04348123525944203 0.03772417222579927
v 0.031143173475343566 0.043477959388238396 0.03808399830570819
v 0.027539827208075796 0.04348123525944203 0.03824829254489481
v 0.031143173475343566 0.043477959388238396 0.03808399830570819
v 0.027802512024286852 0.043477959388238396 0.038613115878110005
v 0.03084892442415077 0.04416799519282222 0.03772417222579927
v 0.027539827208075796 0.04416799519282222 0.03824829254489481
v 0.027802512024286852 0.04417127106402585 0.038613115878110005
v 0.03084892442415077 0.04416799519282222 0.03772417222579927
v 0.027802512024286852 0.04417127106402585 0.038613115878110005
v 0.031143173475343566 0.04417127106402585 0.03808399830570819
v -0.027539827208075796 0.04348123525944203 0.03824829254489481
v 0.027539827208075796 0.04348123525944203 0.03824829254489481
v 0.027802512024286852 0.043477959388238396 0.038613115878110005
v -0.027539827208075796 0.04348123525944203 0.03824829254489481
v 0.027802512024286852 0.043477959388238396 0.038613115878110005
v -0.027802512024286852 0.043477959388238396 0.038613115878110005
v 0.027539827208075796 0.04416799519282222 0.03824829254489481
v -0.027539827208075796 0.04416799519282222 0.03824829254489481
v -0.027802512024286852 0.04417127106402585 0.038613115878110005
v 0.027539827208075796 0.04416799519282222 0.03824829254489481
v -0.027802512024286852 0.04417127106402585 0.038613115878110005
v 0.027802512024286852 0.04417127106402585 0.038613115878110005
v -0.03084892442415077 0.04348123525944203 0.03772417222579927
v -0.027539827208075796 0.04348123525944203 0.03824829254489481
v -0.027802512024286852 0.043477959388238396 0.038613115878110005
v -0.03084892442415077 0.04348123525944203 0.03772417222579927
v -0.027802512024286852 0.043477959388238396 0.038613115878110005
v -0.031143173475343566 0.043477959388238396 0.03808399830570819
v -0.027539827208075796 0.04416799519282222 0.03824829254489481
v -0.03084892442415077 0.04416799519282222 0.03772417222579927
v -0.031143173475343566 0.04417127106402585 0.03808399830570819
v -0.027539827208075796 0.04416799519282222 0.03824829254489481
v -0.031143173475343566 0.04417127106402585 0.03808399830570819
v -0.027802512024286852 0.04417127106402585 0.038613115878110005
v -0.03383410139752696 0.04348123525944203 0.036203149940003065
v -0.03084892442415077 0.04348123525944203 0.03772417222579927
v -0.031143173475343566 0.043477959388238396 0.03808399830570819
v -0.03383410139752696 0.04348123525944203 0.036203149940003065
v -0.031143173475343566 0.043477959388238396 0.03808399830570819
v -0.03415682239479967 0.043477959388238396 0.03654846586551219
v -0.03084892442415077 0.04416799519282222 0.03772417222579927
v -0.03383410139752696 0.04416799519282222 0.036203149940003065
v -0.03415682239479967 0.04417127106402585 0.03654846586551219
v -0.03084892442415077 0.04416799519282222 0.03772417222579927
v -0.03415682239479967 0.04417127106402585 0.03654846586551219
v -0.031143173475343566 0.04417127106402585 0.03808399830570819
v -0.036203149940003065 0.04348123525944203 0.03383410139752696
v -0.03383410139752696 0.04348123525944203 0.036203149940003065
v -0.03415682239479967 0.043477959388238396 0.03654846586551219
v -0.036203149940003065 0.04348123525944203 0.03383410139752696
v -0.03415682239479967 0.043477959388238396 0.03654846586551219
v -0.03654846586551219 0.043477959388238396 0.03415682239479967
v -0.03383410139752696 0.04416799519282222 0.036203149940003065
v -0.036203149940003065 0.04416799519282222 0.03383410139752696
v -0.03654846586551219 0.04417127106402585 0.03415682239479967
v -0.03383410139752696 0.04416799519282222 0.036203149940003065
v -0.03654846586551219 0.04417127106402585 0.03415682239479967
v -0.03415682239479967 0.04417127106402585 0.03654846586551219
v -0.03772417222579927 0.04348123525944203 0.03084892442415077
v -0.036203149940003065 0.04348123525944203 0.03383410139752696
v -0.03654846586551219 0.043477959388238396 0.03415682239479967
v -0.03772417222579927 0.04348123525944203 0.03084892442415077
v -0.03654846586551219 0.043477959388238396 0.03415682239479967
v -0.03808399830570819 0.043477959388238396 0.031143173475343566
v -0.036203149940003065 0.04416799519282222 0.03383410139752696
v -0.03772417222579927 0.04416799519282222 0.03084892442415077
v -0.03808399830570819 0.04417127106402585 0.031143173475343566
v -0.036203149940003065 0.04416799519282222 0.03383410139752696
v -0.03808399830570819 0.04417127106402585 0.031143173475343566
v -0.03654846586551219 0.04417127106402585 0.03415682239479967
v -0.03824829254489481 0.04348123525944203 0.027539827208075796
v -0.03772417222579927 0.04348123525944203 0.03084892442415077
v -0.03808399830570819 0.043477959388238396 0.031143173475343566
v -0.03824829254489481 0.04348123525944203 0.027539827208075796
v -0.03808399830570819 0.043477959388238396 0.031143173475343566
v -0.038613115878110005 0.043477959388238396 0.027802512024286852
v -0.03772417222579927 0.04416799519282222 0.03084892442415077
v -0.03824829254489481 0.04416799519282222 0.027539827208075796
v -0.038613115878110005 0.04417127106402585 0.027802512024286852
v -0.03772417222579927 0.04416799519282222 0.03084892442415077
v -0.038613115878110005 0.04417127106402585 0.027802512024286852
v -0.03808399830570819 0.04417127106402585 0.031143173475343566
v -0.03824829254489481 0.04348123525944203 -0.027539827208075796
v -0.03824829254489481 0.04348123525944203 0.027539827208075796
v -0.038613115878110005 0.043477959388238396 0.027802512024286852
v -0.03824829254489481 0.04348123525944203 -0.027539827208075796
v -0.038613115878110005 0.043477959388238396 0.027802512024286852
v -0.038613115878110005 0.043477959388238396 -0.027802512024286852
v -0.03824829254489481 0.04416799519282222 0.027539827208075796
v -0.03824829254489481 0.04416799519282222 -0.027539827208075796
v -0.038613115878110005 0.04417127106402585 -0.027802512024286852
v -0.03824829254489481 0.04416799519282222 0.027539827208075796
v -0.038613115878110005 0.04417127106402585 -0.027802512024286852
v -0.038613115878110005 0.04417127106402585 0.027802512024286852
v -0.03772417222579927 0.04348123525944203 -0.03084892442415077
v -0.03824829254489481 0.04348123525944203 -0.027539827208075796
v -0.038613115878110005 0.043477959388238396 -0.027802512024286852
v -0.03772417222579927 0.04348123525944203 -0.03084892442415077
v -0.038613115878110005 0.043477959388238396 -0.027802512024286852
v -0.03808399830570819 0.043477959388238396 -0.031143173475343566
v -0.03824829254489481 0.04416799519282222 -0.027539827208075796
v -0.03772417222579927 0.04416799519282222 -0.03084892442415077
v -0.03808399830570819 0.04417127106402585 -0.031143173475343566
v -0.03824829254489481 0.04416799519282222 -0.027539827208075796
v -0.03808399830570819 0.04417127106402585 -0.031143173475343566
v -0.038613115878110005 0.04417127106402585 -0.027802512024286852
v -0.036203149940003065 0.04348123525944203 -0.03383410139752696
v -0.03772417222579927 0.04348123525944203 -0.03084892442415077
v -0.03808399830570819 0.043477959388238396 -0.031143173475343566
v -0.036203149940003065 0.04348123525944203 -0.03383410139752696
v -0.03808399830570819 0.043477959388238396 -0.031143173475343566
v -0.03654846586551219 0.043477959388238396 -0.03415682239479967
v -0.03772417222579927 0.04416799519282222 -0.03084892442415077
v -0.036203149940003065 0.04416799519282222 -0.03383410139752696
v -0.03654846586551219 0.04417127106402585 -0.03415682239479967
v -0.03772417222579927 0.04416799519282222 -0.03084892442415077
v -0.03654846586551219 0.04417127106402585 -0.03415682239479967
v -0.03808399830570819 0.04417127106402585 -0.031143173475343566
v -0.03383410139752696 0.04348123525944203 -0.036203149940003065
v -0.036203149940003065 0.04348123525944203 -0.03383410139752696
v -0.03654846586551219 0.043477959388238396 -0.03415682239479967
v -0.03383410139752696 0.04348123525944203 -0.036203149940003065
v -0.03654846586551219 0.043477959388238396 -0.03415682239479967
v -0.03415682239479967 0.043477959388238396 -0.03654846586551219
v -0.036203149940003065 0.04416799519282222 -0.03383410139752696
v -0.03383410139752696 0.04416799519282222 -0.036203149940003065
v -0.03415682239479967 0.04417127106402585 -0.03654846586551219
v -0.036203149940003065 0.04416799519282222 -0.03383410139752696
v -0.03415682239479967 0.04417127106402585 -0.03654846586551219
v -0.03654846586551219 0.04417127106402585 -0.03415682239479967
v -0.03084892442415077 0.04348123525944203 -0.03772417222579927
v -0.03383410139752696 0.04348123525944203 -0.036203149940003065
v -0.03415682239479967 0.043477959388238396 -0.03654846586551219
v -0.03084892442415077 0.04348123525944203 -0.03772417222579927
v -0.03415682239479967 0.043477959388238396 -0.03654846586551219
v -0.031143173475343566 0.043477959388238396 -0.03808399830570819
v -0.03383410139752696 0.04416799519282222 -0.036203149940003065
v -0.03084892442415077 0.04416799519282222 -0.03772417222579927
v -0.031143173475343566 0.04417127106402585 -0.03808399830570819
v -0.03383410139752696 0.04416799519282222 -0.036203149940003065
v -0.031143173475343566 0.04417127106402585 -0.03808399830570819
v -0.03415682239479967 0.04417127106402585 -0.03654846586551219
v -0.027539827208075796 0.04348123525944203 -0.03824829254489481
v -0.03084892442415077 0.04348123525944203 -0.03772417222579927
v -0.031143173475343566 0.043477959388238396 -0.03808399830570819
v -0.027539827208075796 0.04348123525944203 -0.03824829254489481
v -0.031143173475343566 0.043477959388238396 -0.03808399830570819
v -0.027802512024286852 0.043477959388238396 -0.038613115878110005
v -0.03084892442415077 0.04416799519282222 -0.03772417222579927
v -0.027539827208075796 0.04416799519282222 -0.03824829254489481
v -0.027802512024286852 0.04417127106402585 -0.038613115878110005
v -0.03084892442415077 0.04416799519282222 -0.03772417222579927
v -0.027802512024286852 0.04417127106402585 -0.038613115878110005
v -0.031143173475343566 0.04417127106402585 -0.03808399830570819
v 0.027539827208075796 0.04348123525944203 -0.03824829254489481
v -0.027539827208075796 0.04348123525944203 -0.03824829254489481
v -0.027802512024286852 0.043477959388238396 -0.038613115878110005
v 0.027539827208075796 0.04348123525944203 -0.03824829254489481
v -0.027802512024286852 0.043477959388238396 -0.038613115878110005
v 0.027802512024286852 0.043477959388238396 -0.038613115878110005
v -0.027539827208075796 0.04416799519282222 -0.03824829254489481
v 0.027539827208075796 0.04416799519282222 -0.03824829254489481
v 0.027802512024286852 0.04417127106402585 -0.038613115878110005
v -0.027539827208075796 0.04416799519282222 -0.03824829254489481
v 0.027802512024286852 0.04417127106402585 -0.038613115878110005
v -0.027802512024286852 0.04417127106402585 -0.038613115878110005
v 0.03084892442415077 0.04348123525944203 -0.03772417222579927
v 0.027539827208075796 0.04348123525944203 -0.03824829254489481
v 0.027802512024286852 0.043477959388238396 -0.038613115878110005
v 0.03084892442415077 0.04348123525944203 -0.03772417222579927
v 0.027802512024286852 0.043477959388238396 -0.038613115878110005
v 0.031143173475343566 0.043477959388238396 -0.03808399830570819
v 0.027539827208075796 0.04416799519282222 -0.03824829254489481
v 0.03084892442415077 0.04416799519282222 -0.03772417222579927
v 0.031143173475343566 0.04417127106402585 -0.03808399830570819
v 0.027539827208075796 0.04416799519282222 -0.03824829254489481
v 0.031143173475343566 0.04417127106402585 -0.03808399830570819
v 0.027802512024286852 0.04417127106402585 -0.038613115878110005
v 0.03383410139752696 0.04348123525944203 -0.036203149940003065
v 0.03084892442415077 0.04348123525944203 -0.03772417222579927
v 0.031143173475343566 0.043477959388238396 -0.03808399830570819
v 0.03383410139752696 0.04348123525944203 -0.036203149940003065
v 0.031143173475343566 0.043477959388238396 -0.03808399830570819
v 0.03415682239479967 0.043477959388238396 -0.03654846586551219
v 0.03084892442415077 0.04416799519282222 -0.03772417222579927
v 0.03383410139752696 0.04416799519282222 -0.036203149940003065
v 0.03415682239479967 0.04417127106402585 -0.03654846586551219
v 0.03084892442415077 0.04416799519282222 -0.03772417222579927
v 0.03415682239479967 0.04417127106402585 -0.03654846586551219
v 0.031143173475343566 0.04417127106402585 -0.03808399830570819
v 0.036203149940003065 0.04348123525944203 -0.03383410139752696
v 0.03383410139752696 0.04348123525944203 -0.036203149940003065
v 0.03415682239479967 0.043477959388238396 -0.03654846586551219
v 0.036203149940003065 0.04348123525944203 -0.03383410139752696
v 0.03415682239479967 0.043477959388238396 -0.03654846586551219
v 0.03654846586551219 0.043477959388238396 -0.03415682239479967
v 0.03383410139752696 0.04416799519282222 -0.036203149940003065
v 0.036203149940003065 0.04416799519282222 -0.03383410139752696
v 0.03654846586551219 0.04417127106402585 -0.03415682239479967
v 0.03383410139752696 0.04416799519282222 -0.036203149940003065
v 0.03654846586551219 0.04417127106402585 -0.03415682239479967
v 0.03415682239479967 0.04417127106402585 -0.03654846586551219
v 0.03772417222579927 0.04348123525944203 -0.03084892442415077
v 0.036203149940003065 0.04348123525944203 -0.03383410139752696
v 0.03654846586551219 0.043477959388238396 -0.03415682239479967
v 0.03772417222579927 0.04348123525944203 -0.03084892442415077
v 0.03654846586551219 0.043477959388238396 -0.03415682239479967
v 0.03808399830570819 0.043477959388238396 -0.031143173475343566
v 0.036203149940003065 0.04416799519282222 -0.03383410139752696
v 0.03772417222579927 0.04416799519282222 -0.03084892442415077
v 0.03808399830570819 0.04417127106402585 -0.031143173475343566
v 0.036203149940003065 0.04416799519282222 -0.03383410139752696
v 0.03808399830570819 0.04417127106402585 -0.031143173475343566
v 0.03654846586551219 0.04417127106402585 -0.03415682239479967
v -0.028330242000589312 0.036627077964829446 -0.03726752436308134
v -0.028330242000589312 0.039104900213217775 -0.03726752436308134
v -0.031223394172860797 0.039104900213217775 -0.03685283578516163
v -0.028330242000589312 0.036627077964829446 -0.03726752436308134
v -0.031223394172860797 0.039104900213217775 -0.03685283578516163
v -0.031223394172860797 0.036627077964829446 -0.03685283578516163
v -0.031223394172860797 0.036627077964829446 -0.03685283578516163
v -0.031223394172860797 0.039104900213217775 -0.03685283578516163
v -0.03366765662280491 0.039104900213217775 -0.03560743729157512
v -0.031223394172860797 0.036627077964829446 -0.03685283578516163
v -0.03366765662280491 0.039104900213217775 -0.03560743729157512
v -0.03366765662280491 0.036627077964829446 -0.03560743729157512
v -0.03366765662280491 0.036627077964829446 -0.03560743729157512
v -0.03366765662280491 0.039104900213217775 -0.03560743729157512
v -0.035607430139017904 0.039104900213217775 -0.033667661391176384
v -0.03366765662280491 0.036627077964829446 -0.03560743729157512
v -0.035607430139017904 0.039104900213217775 -0.033667661391176384
v -0.035607430139017904 0.036627077964829446 -0.033667661391176384
v -0.035607430139017904 0.036627077964829446 -0.033667661391176384
v -0.035607430139017904 0.039104900213217775 -0.033667661391176384
v -0.03685284532190458 0.039104900213217775 -0.031223396557046534
v -0.035607430139017904 0.036627077964829446 -0.033667661391176384
v -0.03685284532190458 0.039104900213217775 -0.031223396557046534
v -0.03685284532190458 0.036627077964829446 -0.031223396557046534
v -0.03685284532190458 0.036627077964829446 -0.031223396557046534
v -0.03685284532190458 0.039104900213217775 -0.031223396557046534
v -0.03726753389982429 0.039104900213217775 -0.028330239616403574
v -0.03685284532190458 0.036627077964829446 -0.031223396557046534
v -0.03726753389982429 0.039104900213217775 -0.028330239616403574
v -0.03726753389982429 0.036627077964829446 -0.028330239616403574
v 0.03726753389982429 0.036627077964829446 -0.028330239616403574
v 0.03726753389982429 0.039104900213217775 -0.028330239616403574
v 0.03685284532190458 0.039104900213217775 -0.031223396557046534
v 0.03726753389982429 0.036627077964829446 -0.028330239616403574
v 0.03685284532190458 0.039104900213217775 -0.031223396557046534
v 0.03685284532190458 0.036627077964829446 -0.031223396557046534
v 0.03685284532190458 0.036627077964829446 -0.031223396557046534
v 0.03685284532190458 0.039104900213217775 -0.031223396557046534
v 0.035607427754832166 0.039104900213217775 -0.033667661391176384
v 0.03685284532190458 0.036627077964829446 -0.031223396557046534
v 0.035607427754832166 0.039104900213217775 -0.033667661391176384
v 0.035607427754832166 0.036627077964829446 -0.033667661391176384
v 0.035607427754832166 0.036627077964829446 -0.033667661391176384
v 0.035607427754832166 0.039104900213217775 -0.033667661391176384
v 0.03366765662280491 0.039104900213217775 -0.03560743729157512
v 0.035607427754832166 0.036627077964829446 -0.033667661391176384
v 0.03366765662280491 0.039104900213217775 -0.03560743729157512
v 0.03366765662280491 0.036627077964829446 -0.03560743729157512
v 0.03366765662280491 0.036627077964829446 -0.03560743729157512
v 0.03366765662280491 0.039104900213217775 -0.03560743729157512
v 0.031223394172860797 0.039104900213217775 -0.03685283578516163
v 0.03366765662280491 0.036627077964829446 -0.03560743729157512
v 0.031223394172860797 0.039104900213217775 -0.03685283578516163
v 0.031223394172860797 0.036627077964829446 -0.03685283578516163
v 0.031223394172860797 0.036627077964829446 -0.03685283578516163
v 0.031223394172860797 0.039104900213217775 -0.03685283578516163
v 0.028330242000589312 0.039104900213217775 -0.03726752436308134
v 0.031223394172860797 0.036627077964829446 -0.03685283578516163
v 0.028330242000589312 0.039104900213217775 -0.03726752436308134
v 0.028330242000589312 0.036627077964829446 -0.03726752436308134
v -0.028330242000589312 0.036627077964829446 -0.03726752436308134
v -0.00876170913662666 0.036627077964829446 -0.03726752436308134
v -0.00876170913662666 0.039104900213217775 -0.03726752436308134
v -0.028330242000589312 0.036627077964829446 -0.03726752436308134
v -0.00876170913662666 0.039104900213217775 -0.03726752436308134
v -0.028330242000589312 0.039104900213217775 -0.03726752436308134
v 0.008761704368255185 0.039104900213217775 -0.03726752436308134
v 0.008761704368255185 0.036627077964829446 -0.03726752436308134
v 0.028330242000589312 0.036627077964829446 -0.03726752436308134
v 0.008761704368255185 0.039104900213217775 -0.03726752436308134
v 0.028330242000589312 0.036627077964829446 -0.03726752436308134
v 0.028330242000589312 0.039104900213217775 -0.03726752436308134
v -0.00876170913662666 0.039104900213217775 -0.03726752436308134
v -0.00876170913662666 0.036627077964829446 -0.03726752436308134
v -0.0074370543486538265 0.03628844491194316 -0.03726752436308134
v -0.00876170913662666 0.039104900213217775 -0.03726752436308134
v -0.0074370543486538265 0.03628844491194316 -0.03726752436308134
v -0.0074370543486538265 0.03876626954451723 -0.03726752436308134
v 0.007437049580282351 0.03876626954451723 -0.03726752436308134
v 0.007437049580282351 0.03628844491194316 -0.03726752436308134
v 0.008761704368255185 0.036627077964829446 -0.03726752436308134
v 0.007437049580282351 0.03876626954451723 -0.03726752436308134
v 0.008761704368255185 0.036627077964829446 -0.03726752436308134
v 0.008761704368255185 0.039104900213217775 -0.03726752436308134
v -0.0074370543486538265 0.03876626954451723 -0.03726752436308134
v -0.0074370543486538265 0.03628844491194316 -0.03726752436308134
v -0.005784374346188281 0.035610015323530586 -0.03726752436308134
v -0.0074370543486538265 0.03876626954451723 -0.03726752436308134
v -0.005784374346188281 0.035610015323530586 -0.03726752436308134
v -0.005784374346188281 0.038087837571918914 -0.03726752436308134
v 0.002479015086315234 0.03545496695663486 -0.03726752436308134
v 0.002479015086315234 0.03297714709243227 -0.03726752436308134
v 0.00413169285360665 0.034077389205748876 -0.03726752436308134
v 0.002479015086315234 0.03545496695663486 -0.03726752436308134
v 0.00413169285360665 0.034077389205748876 -0.03726752436308134
v 0.00413169285360665 0.036555211454137204 -0.03726752436308134
v -0.002479020301721535 0.03545496695663486 -0.03726752436308134
v -0.002479020301721535 0.03297714709243227 -0.03726752436308134
v -0.000826341565854663 0.0322809529360879 -0.03726752436308134
v -0.002479020301721535 0.03545496695663486 -0.03726752436308134
v -0.000826341565854663 0.0322809529360879 -0.03726752436308134
v -0.000826341565854663 0.034758772800290494 -0.03726752436308134
v 0.0057843719620025436 0.038087837571918914 -0.03726752436308134
v 0.0057843719620025436 0.035610015323530586 -0.03726752436308134
v 0.007437049580282351 0.03628844491194316 -0.03726752436308134
v 0.0057843719620025436 0.038087837571918914 -0.03726752436308134
v 0.007437049580282351 0.03628844491194316 -0.03726752436308134
v 0.007437049580282351 0.03876626954451723 -0.03726752436308134
v 0.00413169285360665 0.036555211454137204 -0.03726752436308134
v 0.00413169285360665 0.034077389205748876 -0.03726752436308134
v 0.0057843719620025436 0.035610015323530586 -0.03726752436308134
v 0.00413169285360665 0.036555211454137204 -0.03726752436308134
v 0.0057843719620025436 0.035610015323530586 -0.03726752436308134
v 0.0057843719620025436 0.038087837571918914 -0.03726752436308134
v -0.00413169821802456 0.036555211454137204 -0.03726752436308134
v -0.00413169821802456 0.034077389205748876 -0.03726752436308134
v -0.002479020301721535 0.03297714709243227 -0.03726752436308134
v -0.00413169821802456 0.036555211454137204 -0.03726752436308134
v -0.002479020301721535 0.03297714709243227 -0.03726752436308134
v -0.002479020301721535 0.03545496695663486 -0.03726752436308134
v -0.005784374346188281 0.038087837571918914 -0.03726752436308134
v -0.005784374346188281 0.035610015323530586 -0.03726752436308134
v -0.00413169821802456 0.034077389205748876 -0.03726752436308134
v -0.005784374346188281 0.038087837571918914 -0.03726752436308134
v -0.00413169821802456 0.034077389205748876 -0.03726752436308134
v -0.00413169821802456 0.036555211454137204 -0.03726752436308134
v 0.0008263362759425574 0.034758772800290494 -0.03726752436308134
v 0.0008263362759425574 0.0322809529360879 -0.03726752436308134
v 0.002479015086315234 0.03297714709243227 -0.03726752436308134
v 0.0008263362759425574 0.034758772800290494 -0.03726752436308134
v 0.002479015086315234 0.03297714709243227 -0.03726752436308134
v 0.002479015086315234 0.03545496695663486 -0.03726752436308134
v -0.000826341565854663 0.034758772800290494 -0.03726752436308134
v -0.000826341565854663 0.0322809529360879 -0.03726752436308134
v 0.0008263362759425574 0.0322809529360879 -0.03726752436308134
v -0.000826341565854663 0.034758772800290494 -0.03726752436308134
v 0.0008263362759425574 0.0322809529360879 -0.03726752436308134
v 0.0008263362759425574 0.034758772800290494 -0.03726752436308134
v -0.008891683022118735 0.038519573077863356 -0.039601120063637474
v -0.008835764925872569 0.03893356785773339 -0.03943006904207014
v -0.007535187433618584 0.03860388503810652 -0.039430479122017026
v -0.008891683022118735 0.038519573077863356 -0.039601120063637474
v -0.007535187433618584 0.03860388503810652 -0.039430479122017026
v -0.0076679979040921165 0.03821110474293077 -0.039601120063637474
v -0.008835764925872569 0.03893356785773339 -0.03943006904207014
v -0.008804284733438084 0.039104900213217775 -0.039016682229563227
v -0.007473208737227122 0.03876626954451723 -0.03901770266105897
v -0.008835764925872569 0.03893356785773339 -0.03943006904207014
v -0.007473208737227122 0.03876626954451723 -0.03901770266105897
v -0.007535187433618584 0.03860388503810652 -0.039430479122017026
v 0.03175691772050593 0.039104900213217775 -0.03849487933900475
v 0.03188641000047898 0.03893346295356093 -0.038893381679951045
v 0.02850042041017664 0.03893346295356093 -0.039429694724909314
v 0.03175691772050593 0.039104900213217775 -0.03849487933900475
v 0.02850042041017664 0.03893346295356093 -0.039429694724909314
v 0.028467847664627843 0.039104900213217775 -0.03901580723339748
v 0.03188641000047898 0.03893346295356093 -0.038893381679951045
v 0.03194003749027763 0.03851957784623483 -0.03905846746880259
v 0.028513912517266427 0.03851957784623483 -0.039601120063637474
v 0.03188641000047898 0.03893346295356093 -0.038893381679951045
v 0.028513912517266427 0.03851957784623483 -0.039601120063637474
v 0.02850042041017664 0.03893346295356093 -0.039429694724909314
v 0.0027716048932461823 0.03493702167860002 -0.039601120063637474
v 0.002574841322567134 0.035303373274873096 -0.0394300475843985
v 0.004262003803357395 0.0364205335701846 -0.039430626941532765
v 0.0027716048932461823 0.03493702167860002 -0.039601120063637474
v 0.004262003803357395 0.0364205335701846 -0.039430626941532765
v 0.00451915611656406 0.03609471551563859 -0.039601120063637474
v 0.002574841322567134 0.035303373274873096 -0.0394300475843985
v 0.0024910574594648738 0.03545496695663486 -0.039016589246319455
v 0.0041517825986791546 0.036555211454137204 -0.03901807220984832
v 0.002574841322567134 0.035303373274873096 -0.0394300475843985
v 0.0041517825986791546 0.036555211454137204 -0.03901807220984832
v 0.004262003803357395 0.0364205335701846 -0.039430626941532765
v -0.0027714529014054023 0.03493731970181724 -0.039601120063637474
v -0.002574802281525679 0.03530345433718818 -0.03943011910997063
v -0.0008657318905204853 0.03458735222993381 -0.03942969949328079
v -0.0027714529014054023 0.03493731970181724 -0.039601120063637474
v -0.0008657318905204853 0.03458735222993381 -0.03942969949328079
v -0.0009492493208665548 0.03417345043330755 -0.039601120063637474
v -0.002574802281525679 0.03530345433718818 -0.03943011910997063
v -0.002491066847196216 0.03545496695663486 -0.039016915879765524
v -0.0008303551935325143 0.034758772800290494 -0.03901580723339748
v -0.002574802281525679 0.03530345433718818 -0.03943011910997063
v -0.0008303551935325143 0.034758772800290494 -0.03901580723339748
v -0.0008657318905204853 0.03458735222993381 -0.03942969949328079
v -0.03175691772050593 0.039104900213217775 -0.03849487933900475
v -0.031223394172860797 0.039104900213217775 -0.03685283578516163
v -0.028330242000589312 0.039104900213217775 -0.03726752436308134
v -0.03175691772050593 0.039104900213217775 -0.03849487933900475
v -0.028330242000589312 0.039104900213217775 -0.03726752436308134
v -0.028467847664627843 0.039104900213217775 -0.03901580723339748
v -0.034682480513696046 0.039104900213217775 -0.037004219658578474
v -0.03366765662280491 0.039104900213217775 -0.03560743729157512
v -0.031223394172860797 0.039104900213217775 -0.03685283578516163
v -0.034682480513696046 0.039104900213217775 -0.037004219658578474
v -0.031223394172860797 0.039104900213217775 -0.03685283578516163
v -0.03175691772050593 0.039104900213217775 -0.03849487933900475
v -0.03700421250602126 0.039104900213217775 -0.03468248289788178
v -0.035607430139017904 0.039104900213217775 -0.033667661391176384
v -0.03366765662280491 0.039104900213217775 -0.03560743729157512
v -0.03700421250602126 0.039104900213217775 -0.03468248289788178
v -0.03366765662280491 0.039104900213217775 -0.03560743729157512
v -0.034682480513696046 0.039104900213217775 -0.037004219658578474
v -0.038494865033890324 0.039104900213217775 -0.03175691533632019
v -0.03685284532190458 0.039104900213217775 -0.031223396557046534
v -0.035607430139017904 0.039104900213217775 -0.033667661391176384
v -0.038494865033890324 0.039104900213217775 -0.03175691533632019
v -0.035607430139017904 0.039104900213217775 -0.033667661391176384
v -0.03700421250602126 0.039104900213217775 -0.03468248289788178
v -0.03901580723339748 0.039104900213217775 -0.028467842896256368
v -0.03726753389982429 0.039104900213217775 -0.028330239616403574
v -0.03685284532190458 0.039104900213217775 -0.031223396557046534
v -0.03901580723339748 0.039104900213217775 -0.028467842896256368
v -0.03685284532190458 0.039104900213217775 -0.031223396557046534
v -0.038494865033890324 0.039104900213217775 -0.03175691533632019
v 0.038494865033890324 0.039104900213217775 -0.03175691533632019
v 0.03685284532190458 0.039104900213217775 -0.031223396557046534
v 0.03726753389982429 0.039104900213217775 -0.028330239616403574
v 0.038494865033890324 0.039104900213217775 -0.03175691533632019
v 0.03726753389982429 0.039104900213217775 -0.028330239616403574
v 0.03901580723339748 0.039104900213217775 -0.028467842896256368
v 0.03700421250602126 0.039104900213217775 -0.03468248289788178
v 0.035607427754832166 0.039104900213217775 -0.033667661391176384
v 0.03685284532190458 0.039104900213217775 -0.031223396557046534
v 0.03700421250602126 0.039104900213217775 -0.03468248289788178
v 0.03685284532190458 0.039104900213217775 -0.031223396557046534
v 0.038494865033890324 0.039104900213217775 -0.03175691533632019
v 0.034682480513696046 0.039104900213217775 -0.037004219658578474
v 0.03366765662280491 0.039104900213217775 -0.03560743729157512
v 0.035607427754832166 0.039104900213217775 -0.033667661391176384
v 0.034682480513696046 0.039104900213217775 -0.037004219658578474
v 0.035607427754832166 0.039104900213217775 -0.033667661391176384
v 0.03700421250602126 0.039104900213217775 -0.03468248289788178
v 0.03175691772050593 0.039104900213217775 -0.03849487933900475
v 0.031223394172860797 0.039104900213217775 -0.03685283578516163
v 0.03366765662280491 0.039104900213217775 -0.03560743729157512
v 0.03175691772050593 0.039104900213217775 -0.03849487933900475
v 0.03366765662280491 0.039104900213217775 -0.03560743729157512
v 0.034682480513696046 0.039104900213217775 -0.037004219658578474
v 0.028467847664627843 0.039104900213217775 -0.03901580723339748
v 0.028330242000589312 0.039104900213217775 -0.03726752436308134
v 0.031223394172860797 0.039104900213217775 -0.03685283578516163
v 0.028467847664627843 0.039104900213217775 -0.03901580723339748
v 0.031223394172860797 0.039104900213217775 -0.03685283578516163
v 0.03175691772050593 0.039104900213217775 -0.03849487933900475
v -0.028467847664627843 0.039104900213217775 -0.03901580723339748
v -0.028330242000589312 0.039104900213217775 -0.03726752436308134
v -0.00876170913662666 0.039104900213217775 -0.03726752436308134
v -0.028467847664627843 0.039104900213217775 -0.03901580723339748
v -0.00876170913662666 0.039104900213217775 -0.03726752436308134
v -0.008804284733438084 0.039104900213217775 -0.039016682229563227
v 0.008804279965066608 0.039104900213217775 -0.039016682229563227
v 0.008761704368255185 0.039104900213217775 -0.03726752436308134
v 0.028330242000589312 0.039104900213217775 -0.03726752436308134
v 0.008804279965066608 0.039104900213217775 -0.039016682229563227
v 0.028330242000589312 0.039104900213217775 -0.03726752436308134
v 0.028467847664627843 0.039104900213217775 -0.03901580723339748
v -0.008804284733438084 0.039104900213217775 -0.039016682229563227
v -0.00876170913662666 0.039104900213217775 -0.03726752436308134
v -0.0074370543486538265 0.03876626954451723 -0.03726752436308134
v -0.008804284733438084 0.039104900213217775 -0.039016682229563227
v -0.0074370543486538265 0.03876626954451723 -0.03726752436308134
v -0.007473208737227122 0.03876626954451723 -0.03901770266105897
v 0.007473203968855646 0.03876626954451723 -0.03901770266105897
v 0.007437049580282351 0.03876626954451723 -0.03726752436308134
v 0.008761704368255185 0.039104900213217775 -0.03726752436308134
v 0.007473203968855646 0.03876626954451723 -0.03901770266105897
v 0.008761704368255185 0.039104900213217775 -0.03726752436308134
v 0.008804279965066608 0.039104900213217775 -0.039016682229563227
v -0.007473208737227122 0.03876626954451723 -0.03901770266105897
v -0.0074370543486538265 0.03876626954451723 -0.03726752436308134
v -0.005784374346188281 0.038087837571918914 -0.03726752436308134
v -0.007473208737227122 0.03876626954451723 -0.03901770266105897
v -0.005784374346188281 0.038087837571918914 -0.03726752436308134
v -0.005812504757661263 0.038087837571918914 -0.03901828201819324
v 0.0024910574594648738 0.03545496695663486 -0.039016589246319455
v 0.002479015086315234 0.03545496695663486 -0.03726752436308134
v 0.00413169285360665 0.036555211454137204 -0.03726752436308134
v 0.0024910574594648738 0.03545496695663486 -0.039016589246319455
v 0.00413169285360665 0.036555211454137204 -0.03726752436308134
v 0.0041517825986791546 0.036555211454137204 -0.03901807220984832
v -0.002491066847196216 0.03545496695663486 -0.039016915879765524
v -0.002479020301721535 0.03545496695663486 -0.03726752436308134
v -0.000826341565854663 0.034758772800290494 -0.03726752436308134
v -0.002491066847196216 0.03545496695663486 -0.039016915879765524
v -0.000826341565854663 0.034758772800290494 -0.03726752436308134
v -0.0008303551935325143 0.034758772800290494 -0.03901580723339748
v 0.005812501181382657 0.038087837571918914 -0.03901828201819324
v 0.0057843719620025436 0.038087837571918914 -0.03726752436308134
v 0.007437049580282351 0.03876626954451723 -0.03726752436308134
v 0.005812501181382657 0.038087837571918914 -0.03901828201819324
v 0.007437049580282351 0.03876626954451723 -0.03726752436308134
v 0.007473203968855646 0.03876626954451723 -0.03901770266105897
v 0.0041517825986791546 0.036555211454137204 -0.03901807220984832
v 0.00413169285360665 0.036555211454137204 -0.03726752436308134
v 0.0057843719620025436 0.038087837571918914 -0.03726752436308134
v 0.0041517825986791546 0.036555211454137204 -0.03901807220984832
v 0.0057843719620025436 0.038087837571918914 -0.03726752436308134
v 0.005812501181382657 0.038087837571918914 -0.03901828201819324
v -0.004151788857166716 0.036555211454137204 -0.03901807220984832
v -0.00413169821802456 0.036555211454137204 -0.03726752436308134
v -0.002479020301721535 0.03545496695663486 -0.03726752436308134
v -0.004151788857166716 0.036555211454137204 -0.03901807220984832
v -0.002479020301721535 0.03545496695663486 -0.03726752436308134
v -0.002491066847196216 0.03545496695663486 -0.039016915879765524
v -0.005812504757661263 0.038087837571918914 -0.03901828201819324
v -0.005784374346188281 0.038087837571918914 -0.03726752436308134
v -0.00413169821802456 0.036555211454137204 -0.03726752436308134
v -0.005812504757661263 0.038087837571918914 -0.03901828201819324
v -0.00413169821802456 0.036555211454137204 -0.03726752436308134
v -0.004151788857166716 0.036555211454137204 -0.03901807220984832
v 0.0008303486370217356 0.034758772800290494 -0.03901580723339748
v 0.0008263362759425574 0.034758772800290494 -0.03726752436308134
v 0.002479015086315234 0.03545496695663486 -0.03726752436308134
v 0.0008303486370217356 0.034758772800290494 -0.03901580723339748
v 0.002479015086315234 0.03545496695663486 -0.03726752436308134
v 0.0024910574594648738 0.03545496695663486 -0.039016589246319455
v -0.0008303551935325143 0.034758772800290494 -0.03901580723339748
v -0.000826341565854663 0.034758772800290494 -0.03726752436308134
v 0.0008263362759425574 0.034758772800290494 -0.03726752436308134
v -0.0008303551935325143 0.034758772800290494 -0.03901580723339748
v 0.0008263362759425574 0.034758772800290494 -0.03726752436308134
v 0.0008303486370217356 0.034758772800290494 -0.03901580723339748
v -0.03960112721619469 0.03851957784623483 -0.028513917285637902
v -0.03942969949328079 0.03893346295356093 -0.02850042041017664
v -0.03889338883250826 0.03893346295356093 -0.031886407616293244
v -0.03960112721619469 0.03851957784623483 -0.028513917285637902
v -0.03889338883250826 0.03893346295356093 -0.031886407616293244
v -0.03905846985298833 0.03851957784623483 -0.03194003510609189
v -0.03942969949328079 0.03893346295356093 -0.02850042041017664
v -0.03901580723339748 0.039104900213217775 -0.028467842896256368
v -0.038494865033890324 0.039104900213217775 -0.03175691533632019
v -0.03942969949328079 0.03893346295356093 -0.02850042041017664
v -0.038494865033890324 0.039104900213217775 -0.03175691533632019
v -0.03889338883250826 0.03893346295356093 -0.031886407616293244
v -0.028513912517266427 0.03851957784623483 -0.039601120063637474
v -0.02850042041017664 0.03893346295356093 -0.039429694724909314
v -0.008835764925872569 0.03893356785773339 -0.03943006904207014
v -0.028513912517266427 0.03851957784623483 -0.039601120063637474
v -0.008835764925872569 0.03893356785773339 -0.03943006904207014
v -0.008891683022118735 0.038519573077863356 -0.039601120063637474
v -0.02850042041017664 0.03893346295356093 -0.039429694724909314
v -0.028467847664627843 0.039104900213217775 -0.03901580723339748
v -0.008804284733438084 0.039104900213217775 -0.039016682229563227
v -0.02850042041017664 0.03893346295356093 -0.039429694724909314
v -0.008804284733438084 0.039104900213217775 -0.039016682229563227
v -0.008835764925872569 0.03893356785773339 -0.03943006904207014
v -0.028467847664627843 0.039104900213217775 -0.03901580723339748
v -0.02850042041017664 0.03893346295356093 -0.039429694724909314
v -0.03188641000047898 0.03893346295356093 -0.038893381679951045
v -0.028467847664627843 0.039104900213217775 -0.03901580723339748
v -0.03188641000047898 0.03893346295356093 -0.038893381679951045
v -0.03175691772050593 0.039104900213217775 -0.03849487933900475
v -0.02850042041017664 0.03893346295356093 -0.039429694724909314
v -0.028513912517266427 0.03851957784623483 -0.039601120063637474
v -0.03194003749027763 0.03851957784623483 -0.03905846746880259
v -0.02850042041017664 0.03893346295356093 -0.039429694724909314
v -0.03194003749027763 0.03851957784623483 -0.03905846746880259
v -0.03188641000047898 0.03893346295356093 -0.038893381679951045
v -0.03175691772050593 0.039104900213217775 -0.03849487933900475
v -0.03188641000047898 0.03893346295356093 -0.038893381679951045
v -0.03492878835807467 0.03893346295356093 -0.037343234181182794
v -0.03175691772050593 0.039104900213217775 -0.03849487933900475
v -0.03492878835807467 0.03893346295356093 -0.037343234181182794
v -0.034682480513696046 0.039104900213217775 -0.037004219658578474
v -0.03188641000047898 0.03893346295356093 -0.038893381679951045
v -0.03194003749027763 0.03851957784623483 -0.03905846746880259
v -0.035030812434163394 0.03851957784623483 -0.03748364603183463
v -0.03188641000047898 0.03893346295356093 -0.038893381679951045
v -0.035030812434163394 0.03851957784623483 -0.03748364603183463
v -0.03492878835807467 0.03893346295356093 -0.037343234181182794
v -0.034682480513696046 0.039104900213217775 -0.037004219658578474
v -0.03492878835807467 0.03893346295356093 -0.037343234181182794
v -0.03734322702862558 0.03893346295356093 -0.03492879551063188
v -0.034682480513696046 0.039104900213217775 -0.037004219658578474
v -0.03734322702862558 0.03893346295356093 -0.03492879551063188
v -0.03700421250602126 0.039104900213217775 -0.03468248289788178
v -0.03492878835807467 0.03893346295356093 -0.037343234181182794
v -0.035030812434163394 0.03851957784623483 -0.03748364603183463
v -0.0374836508002061 0.03851957784623483 -0.03503080289742044
v -0.03492878835807467 0.03893346295356093 -0.037343234181182794
v -0.0374836508002061 0.03851957784623483 -0.03503080289742044
v -0.03734322702862558 0.03893346295356093 -0.03492879551063188
v -0.03700421250602126 0.039104900213217775 -0.03468248289788178
v -0.03734322702862558 0.03893346295356093 -0.03492879551063188
v -0.03889338883250826 0.03893346295356093 -0.031886407616293244
v -0.03700421250602126 0.039104900213217775 -0.03468248289788178
v -0.03889338883250826 0.03893346295356093 -0.031886407616293244
v -0.038494865033890324 0.039104900213217775 -0.03175691533632019
v -0.03734322702862558 0.03893346295356093 -0.03492879551063188
v -0.0374836508002061 0.03851957784623483 -0.03503080289742044
v -0.03905846985298833 0.03851957784623483 -0.03194003510609189
v -0.03734322702862558 0.03893346295356093 -0.03492879551063188
v -0.03905846985298833 0.03851957784623483 -0.03194003510609189
v -0.03889338883250826 0.03893346295356093 -0.031886407616293244
v 0.03901580723339748 0.039104900213217775 -0.028467842896256368
v 0.03942969949328079 0.03893346295356093 -0.02850042041017664
v 0.03889338883250826 0.03893346295356093 -0.031886407616293244
v 0.03901580723339748 0.039104900213217775 -0.028467842896256368
v 0.03889338883250826 0.03893346295356093 -0.031886407616293244
v 0.038494865033890324 0.039104900213217775 -0.03175691533632019
v 0.03942969949328079 0.03893346295356093 -0.02850042041017664
v 0.03960112721619469 0.03851957784623483 -0.028513917285637902
v 0.03905846985298833 0.03851957784623483 -0.03194003510609189
v 0.03942969949328079 0.03893346295356093 -0.02850042041017664
v 0.03905846985298833 0.03851957784623483 -0.03194003510609189
v 0.03889338883250826 0.03893346295356093 -0.031886407616293244
v 0.038494865033890324 0.039104900213217775 -0.03175691533632019
v 0.03889338883250826 0.03893346295356093 -0.031886407616293244
v 0.03734322702862558 0.03893346295356093 -0.03492879551063188
v 0.038494865033890324 0.039104900213217775 -0.03175691533632019
v 0.03734322702862558 0.03893346295356093 -0.03492879551063188
v 0.03700421250602126 0.039104900213217775 -0.03468248289788178
v 0.03889338883250826 0.03893346295356093 -0.031886407616293244
v 0.03905846985298833 0.03851957784623483 -0.03194003510609189
v 0.0374836508002061 0.03851957784623483 -0.03503080289742044
v 0.03889338883250826 0.03893346295356093 -0.031886407616293244
v 0.0374836508002061 0.03851957784623483 -0.03503080289742044
v 0.03734322702862558 0.03893346295356093 -0.03492879551063188
v 0.03700421250602126 0.039104900213217775 -0.03468248289788178
v 0.03734322702862558 0.03893346295356093 -0.03492879551063188
v 0.03492878835807467 0.03893346295356093 -0.037343234181182794
v 0.03700421250602126 0.039104900213217775 -0.03468248289788178
v 0.03492878835807467 0.03893346295356093 -0.037343234181182794
v 0.034682480513696046 0.039104900213217775 -0.037004219658578474
v 0.03734322702862558 0.03893346295356093 -0.03492879551063188
v 0.0374836508002061 0.03851957784623483 -0.03503080289742044
v 0.035030812434163394 0.03851957784623483 -0.03748364603183463
v 0.03734322702862558 0.03893346295356093 -0.03492879551063188
v 0.035030812434163394 0.03851957784623483 -0.03748364603183463
v 0.03492878835807467 0.03893346295356093 -0.037343234181182794
v 0.034682480513696046 0.039104900213217775 -0.037004219658578474
v 0.03492878835807467 0.03893346295356093 -0.037343234181182794
v 0.03188641000047898 0.03893346295356093 -0.038893381679951045
v 0.034682480513696046 0.039104900213217775 -0.037004219658578474
v 0.03188641000047898 0.03893346295356093 -0.038893381679951045
v 0.03175691772050593 0.039104900213217775 -0.03849487933900475
v 0.03492878835807467 0.03893346295356093 -0.037343234181182794
v 0.035030812434163394 0.03851957784623483 -0.03748364603183463
v 0.03194003749027763 0.03851957784623483 -0.03905846746880259
v 0.03492878835807467 0.03893346295356093 -0.037343234181182794
v 0.03194003749027763 0.03851957784623483 -0.03905846746880259
v 0.03188641000047898 0.03893346295356093 -0.038893381679951045
v 0.028467847664627843 0.039104900213217775 -0.03901580723339748
v 0.02850042041017664 0.03893346295356093 -0.039429694724909314
v 0.008835695784486175 0.038934080457667 -0.03943006904207014
v 0.028467847664627843 0.039104900213217775 -0.03901580723339748
v 0.008835695784486175 0.038934080457667 -0.03943006904207014
v 0.008804279965066608 0.039104900213217775 -0.039016682229563227
v 0.02850042041017664 0.03893346295356093 -0.039429694724909314
v 0.028513912517266427 0.03851957784623483 -0.039601120063637474
v 0.008891458908659389 0.038521323070194846 -0.039601120063637474
v 0.02850042041017664 0.03893346295356093 -0.039429694724909314
v 0.008891458908659389 0.038521323070194846 -0.039601120063637474
v 0.008835695784486175 0.038934080457667 -0.03943006904207014
v 0.008804279965066608 0.039104900213217775 -0.039016682229563227
v 0.008835695784486175 0.038934080457667 -0.03943006904207014
v 0.007535182069200674 0.03860388503810652 -0.039430479122017026
v 0.008804279965066608 0.039104900213217775 -0.039016682229563227
v 0.007535182069200674 0.03860388503810652 -0.039430479122017026
v 0.007473203968855646 0.03876626954451723 -0.03901770266105897
v 0.008835695784486175 0.038934080457667 -0.03943006904207014
v 0.008891458908659389 0.038521323070194846 -0.039601120063637474
v 0.007667994923859944 0.03821110474293077 -0.039601120063637474
v 0.008835695784486175 0.038934080457667 -0.03943006904207014
v 0.007667994923859944 0.03821110474293077 -0.039601120063637474
v 0.007535182069200674 0.03860388503810652 -0.039430479122017026
v -0.0076679979040921165 0.03821110474293077 -0.039601120063637474
v -0.007535187433618584 0.03860388503810652 -0.039430479122017026
v -0.005911866294327384 0.03794183957408359 -0.03943072946151949
v -0.0076679979040921165 0.03821110474293077 -0.039601120063637474
v -0.005911866294327384 0.03794183957408359 -0.03943072946151949
v -0.006139052373043019 0.03758848179008112 -0.039601120063637474
v -0.007535187433618584 0.03860388503810652 -0.039430479122017026
v -0.007473208737227122 0.03876626954451723 -0.03901770266105897
v -0.005812504757661263 0.038087837571918914 -0.03901828201819324
v -0.007535187433618584 0.03860388503810652 -0.039430479122017026
v -0.005812504757661263 0.038087837571918914 -0.03901828201819324
v -0.005911866294327384 0.03794183957408359 -0.03943072946151949
v 0.007473203968855646 0.03876626954451723 -0.03901770266105897
v 0.007535182069200674 0.03860388503810652 -0.039430479122017026
v 0.005911862718048777 0.03794183957408359 -0.03943072946151949
v 0.007473203968855646 0.03876626954451723 -0.03901770266105897
v 0.005911862718048777 0.03794183957408359 -0.03943072946151949
v 0.005812501181382657 0.038087837571918914 -0.03901828201819324
v 0.007535182069200674 0.03860388503810652 -0.039430479122017026
v 0.007667994923859944 0.03821110474293077 -0.039601120063637474
v 0.006139045220485806 0.03758848179008112 -0.039601120063637474
v 0.007535182069200674 0.03860388503810652 -0.039430479122017026
v 0.006139045220485806 0.03758848179008112 -0.039601120063637474
v 0.005911862718048777 0.03794183957408359 -0.03943072946151949
v 0.0024910574594648738 0.03545496695663486 -0.039016589246319455
v 0.002574841322567134 0.035303373274873096 -0.0394300475843985
v 0.0008657251104922936 0.03458735222993381 -0.03942969949328079
v 0.0024910574594648738 0.03545496695663486 -0.039016589246319455
v 0.0008657251104922936 0.03458735222993381 -0.03942969949328079
v 0.0008303486370217356 0.034758772800290494 -0.03901580723339748
v 0.002574841322567134 0.035303373274873096 -0.0394300475843985
v 0.0027716048932461823 0.03493702167860002 -0.039601120063637474
v 0.0009492425408383631 0.03417345043330755 -0.039601120063637474
v 0.002574841322567134 0.035303373274873096 -0.0394300475843985
v 0.0009492425408383631 0.03417345043330755 -0.039601120063637474
v 0.0008657251104922936 0.03458735222993381 -0.03942969949328079
v -0.002491066847196216 0.03545496695663486 -0.039016915879765524
v -0.002574802281525679 0.03530345433718818 -0.03943011910997063
v -0.004262010657891391 0.0364205335701846 -0.039430626941532765
v -0.002491066847196216 0.03545496695663486 -0.039016915879765524
v -0.004262010657891391 0.0364205335701846 -0.039430626941532765
v -0.004151788857166716 0.036555211454137204 -0.03901807220984832
v -0.002574802281525679 0.03530345433718818 -0.03943011910997063
v -0.0027714529014054023 0.03493731970181724 -0.039601120063637474
v -0.004519162971098056 0.03609471551563859 -0.039601120063637474
v -0.002574802281525679 0.03530345433718818 -0.03943011910997063
v -0.004519162971098056 0.03609471551563859 -0.039601120063637474
v -0.004262010657891391 0.0364205335701846 -0.039430626941532765
v 0.00451915611656406 0.03609471551563859 -0.039601120063637474
v 0.004262003803357395 0.0364205335701846 -0.039430626941532765
v 0.005911862718048777 0.03794183957408359 -0.03943072946151949
v 0.00451915611656406 0.03609471551563859 -0.039601120063637474
v 0.005911862718048777 0.03794183957408359 -0.03943072946151949
v 0.006139045220485806 0.03758848179008112 -0.039601120063637474
v 0.004262003803357395 0.0364205335701846 -0.039430626941532765
v 0.0041517825986791546 0.036555211454137204 -0.03901807220984832
v 0.005812501181382657 0.038087837571918914 -0.03901828201819324
v 0.004262003803357395 0.0364205335701846 -0.039430626941532765
v 0.005812501181382657 0.038087837571918914 -0.03901828201819324
v 0.005911862718048777 0.03794183957408359 -0.03943072946151949
v -0.006139052373043019 0.03758848179008112 -0.039601120063637474
v -0.005911866294327384 0.03794183957408359 -0.03943072946151949
v -0.004262010657891391 0.0364205335701846 -0.039430626941532765
v -0.006139052373043019 0.03758848179008112 -0.039601120063637474
v -0.004262010657891391 0.0364205335701846 -0.039430626941532765
v -0.004519162971098056 0.03609471551563859 -0.039601120063637474
v -0.005911866294327384 0.03794183957408359 -0.03943072946151949
v -0.005812504757661263 0.038087837571918914 -0.03901828201819324
v -0.004151788857166716 0.036555211454137204 -0.03901807220984832
v -0.005911866294327384 0.03794183957408359 -0.03943072946151949
v -0.004151788857166716 0.036555211454137204 -0.03901807220984832
v -0.004262010657891391 0.0364205335701846 -0.039430626941532765
v -0.0009492493208665548 0.03417345043330755 -0.039601120063637474
v -0.0008657318905204853 0.03458735222993381 -0.03942969949328079
v 0.0008657251104922936 0.03458735222993381 -0.03942969949328079
v -0.0009492493208665548 0.03417345043330755 -0.039601120063637474
v 0.0008657251104922936 0.03458735222993381 -0.03942969949328079
v 0.0009492425408383631 0.03417345043330755 -0.039601120063637474
v -0.0008657318905204853 0.03458735222993381 -0.03942969949328079
v -0.0008303551935325143 0.034758772800290494 -0.03901580723339748
v 0.0008303486370217356 0.034758772800290494 -0.03901580723339748
v -0.0008657318905204853 0.03458735222993381 -0.03942969949328079
v 0.0008303486370217356 0.034758772800290494 -0.03901580723339748
v 0.0008657251104922936 0.03458735222993381 -0.03942969949328079
v -0.02845749553015464 0.03712257136577213 -0.03888380917421408
v -0.02835850652251004 0.03712257136577213 -0.03766392146802122
v -0.03134474684272526 0.03712257136577213 -0.03723588860252747
v -0.02845749553015464 0.03712257136577213 -0.03888380917421408
v -0.03134474684272526 0.03712257136577213 -0.03723588860252747
v -0.03171575236955837 0.03712257136577213 -0.038368167019601884
v -0.03171575236955837 0.03712257136577213 -0.038368167019601884
v -0.03134474684272526 0.03712257136577213 -0.03723588860252747
v -0.033903555112252626 0.03712257136577213 -0.035932127626267185
v -0.03171575236955837 0.03712257136577213 -0.038368167019601884
v -0.033903555112252626 0.03712257136577213 -0.035932127626267185
v -0.0346041862382549 0.03712257136577213 -0.03689645207904757
v -0.0346041862382549 0.03712257136577213 -0.03689645207904757
v -0.033903555112252626 0.03712257136577213 -0.035932127626267185
v -0.035932118089524234 0.03712257136577213 -0.0339035598806241
v -0.0346041862382549 0.03712257136577213 -0.03689645207904757
v -0.035932118089524234 0.03712257136577213 -0.0339035598806241
v -0.03689644969486183 0.03712257136577213 -0.03460418146988342
v -0.03689644969486183 0.03712257136577213 -0.03460418146988342
v -0.035932118089524234 0.03712257136577213 -0.0339035598806241
v -0.03723589813927042 0.03712257136577213 -0.031344749226910995
v -0.03689644969486183 0.03712257136577213 -0.03460418146988342
v -0.03723589813927042 0.03712257136577213 -0.031344749226910995
v -0.038368176556344835 0.03712257136577213 -0.03171574998537263
v -0.038368176556344835 0.03712257136577213 -0.03171574998537263
v -0.03723589813927042 0.03712257136577213 -0.031344749226910995
v -0.037663928620578435 0.03712257136577213 -0.028358504138324303
v -0.038368176556344835 0.03712257136577213 -0.03171574998537263
v -0.037663928620578435 0.03712257136577213 -0.028358504138324303
v -0.038884255016947034 0.03712257136577213 -0.02845748837759743
v 0.038884255016947034 0.03712257136577213 -0.02845748837759743
v 0.037663928620578435 0.03712257136577213 -0.028358504138324303
v 0.03723589813927042 0.03712257136577213 -0.031344749226910995
v 0.038884255016947034 0.03712257136577213 -0.02845748837759743
v 0.03723589813927042 0.03712257136577213 -0.031344749226910995
v 0.038368176556344835 0.03712257136577213 -0.03171574998537263
v 0.038368176556344835 0.03712257136577213 -0.03171574998537263
v 0.03723589813927042 0.03712257136577213 -0.031344749226910995
v 0.035932115705338497 0.03712257136577213 -0.0339035598806241
v 0.038368176556344835 0.03712257136577213 -0.03171574998537263
v 0.035932115705338497 0.03712257136577213 -0.0339035598806241
v 0.03689644969486183 0.03712257136577213 -0.03460418146988342
v 0.03689644969486183 0.03712257136577213 -0.03460418146988342
v 0.035932115705338497 0.03712257136577213 -0.0339035598806241
v 0.033903555112252626 0.03712257136577213 -0.035932127626267185
v 0.03689644969486183 0.03712257136577213 -0.03460418146988342
v 0.033903555112252626 0.03712257136577213 -0.035932127626267185
v 0.0346041862382549 0.03712257136577213 -0.03689645207904757
v 0.0346041862382549 0.03712257136577213 -0.03689645207904757
v 0.033903555112252626 0.03712257136577213 -0.035932127626267185
v 0.03134474684272526 0.03712257136577213 -0.037235890986713205
v 0.0346041862382549 0.03712257136577213 -0.03689645207904757
v 0.03134474684272526 0.03712257136577213 -0.037235890986713205
v 0.03171575236955837 0.03712257136577213 -0.038368164635416147
v 0.03171575236955837 0.03712257136577213 -0.038368164635416147
v 0.03134474684272526 0.03712257136577213 -0.037235890986713205
v 0.02835850652251004 0.03712257136577213 -0.03766348277784548
v 0.03171575236955837 0.03712257136577213 -0.038368164635416147
v 0.02835850652251004 0.03712257136577213 -0.03766348277784548
v 0.02845749553015464 0.03712257136577213 -0.03888424786438982
v -0.008748348755798885 0.03712366093865427 -0.0388851252447413
v -0.008699825807664707 0.037121505634747365 -0.0376652661487773
v -0.02835850652251004 0.03712257136577213 -0.03766392146802122
v -0.008748348755798885 0.03712366093865427 -0.0388851252447413
v -0.02835850652251004 0.03712257136577213 -0.03766392146802122
v -0.02845749553015464 0.03712257136577213 -0.03888380917421408
v 0.02845749553015464 0.03712257136577213 -0.03888424786438982
v 0.02835850652251004 0.03712257136577213 -0.03766348277784548
v 0.008699812098596715 0.03712150325056163 -0.03766526853296304
v 0.02845749553015464 0.03712257136577213 -0.03888424786438982
v 0.008699812098596715 0.03712150325056163 -0.03766526853296304
v 0.008748347563706016 0.03712366093865427 -0.0388851252447413
v -0.007322147324931305 0.03676244011008878 -0.03888650330409771
v -0.007282050685240682 0.03675771226977087 -0.037667187802481905
v -0.008699825807664707 0.037121505634747365 -0.0376652661487773
v -0.007322147324931305 0.03676244011008878 -0.03888650330409771
v -0.008699825807664707 0.037121505634747365 -0.0376652661487773
v -0.008748348755798885 0.03712366093865427 -0.0388851252447413
v 0.008748347563706016 0.03712366093865427 -0.0388851252447413
v 0.008699812098596715 0.03712150325056163 -0.03766526853296304
v 0.007282038168265559 0.03675771226977087 -0.03766719018666764
v 0.008748347563706016 0.03712366093865427 -0.0388851252447413
v 0.007282038168265559 0.03675771226977087 -0.03766719018666764
v 0.007322128847491838 0.036762432957531566 -0.038886505688283446
v -0.005544312472396062 0.0360372494868022 -0.03888736161096329
v -0.005515539522866764 0.03603198043632183 -0.03766836797442208
v -0.007282050685240682 0.03675771226977087 -0.037667187802481905
v -0.005544312472396062 0.0360372494868022 -0.03888736161096329
v -0.007282050685240682 0.03675771226977087 -0.037667187802481905
v -0.007322147324931305 0.03676244011008878 -0.03888650330409771
v 0.0038457243775041894 0.034470343546483484 -0.03888688000544427
v 0.003826317701645543 0.03446598048658345 -0.03766776715961617
v 0.0022446551417263927 0.03341467855390512 -0.0376655379459514
v 0.0038457243775041894 0.034470343546483484 -0.03888688000544427
v 0.0022446551417263927 0.03341467855390512 -0.0376655379459514
v 0.0022570166977416706 0.03341694353035596 -0.038885258759142616
v -0.0007309574470455021 0.032776751512805014 -0.038884514893192446
v -0.0007266324596114648 0.032776122087770254 -0.03766418611263811
v -0.002244659165039825 0.03341467855390512 -0.03766554033013714
v -0.0007309574470455021 0.032776751512805014 -0.038884514893192446
v -0.002244659165039825 0.03341467855390512 -0.03766554033013714
v -0.0022570348771579207 0.03341695068291317 -0.03888545664655885
v 0.007322128847491838 0.036762432957531566 -0.038886505688283446
v 0.007282038168265559 0.03675771226977087 -0.03766719018666764
v 0.005515533562402419 0.03603198043632183 -0.037668360821864866
v 0.007322128847491838 0.036762432957531566 -0.038886505688283446
v 0.005515533562402419 0.03603198043632183 -0.037668360821864866
v 0.005544332141928399 0.03603726617610237 -0.03888736161096329
v 0.005544332141928399 0.03603726617610237 -0.03888736161096329
v 0.005515533562402419 0.03603198043632183 -0.037668360821864866
v 0.003826317701645543 0.03446598048658345 -0.03766776715961617
v 0.005544332141928399 0.03603726617610237 -0.03888736161096329
v 0.003826317701645543 0.03446598048658345 -0.03766776715961617
v 0.0038457243775041894 0.034470343546483484 -0.03888688000544427
v -0.0022570348771579207 0.03341695068291317 -0.03888545664655885
v -0.002244659165039825 0.03341467855390512 -0.03766554033013714
v -0.0038263346889689243 0.0344659900233264 -0.0376677623912447
v -0.0022570348771579207 0.03341695068291317 -0.03888545664655885
v -0.0038263346889689243 0.0344659900233264 -0.0376677623912447
v -0.0038457145427380213 0.03447032685718332 -0.038887092197974926
v -0.0038457145427380213 0.03447032685718332 -0.038887092197974926
v -0.0038263346889689243 0.0344659900233264 -0.0376677623912447
v -0.005515539522866764 0.03603198043632183 -0.03766836797442208
v -0.0038457145427380213 0.03447032685718332 -0.038887092197974926
v -0.005515539522866764 0.03603198043632183 -0.03766836797442208
v -0.005544312472396062 0.0360372494868022 -0.03888736161096329
v 0.0022570166977416706 0.03341694353035596 -0.038885258759142616
v 0.0022446551417263927 0.03341467855390512 -0.0376655379459514
v 0.0007266317890592261 0.032776119703584516 -0.037664181344266634
v 0.0022570166977416706 0.03341694353035596 -0.038885258759142616
v 0.0007266317890592261 0.032776119703584516 -0.037664181344266634
v 0.0007309102848713778 0.032776749128619276 -0.03888436707367671
v 0.0007309102848713778 0.032776749128619276 -0.03888436707367671
v 0.0007266317890592261 0.032776119703584516 -0.037664181344266634
v -0.0007266324596114648 0.032776122087770254 -0.03766418611263811
v 0.0007309102848713778 0.032776749128619276 -0.03888436707367671
v -0.0007266324596114648 0.032776122087770254 -0.03766418611263811
v -0.0007309574470455021 0.032776751512805014 -0.038884514893192446
v -0.028513912517266427 0.03694756736425164 -0.039601120063637474
v -0.03194003749027763 0.03694756736425164 -0.03905846746880259
v -0.03194003749027763 0.03851957784623483 -0.03905846746880259
v -0.028513912517266427 0.03694756736425164 -0.039601120063637474
v -0.03194003749027763 0.03851957784623483 -0.03905846746880259
v -0.028513912517266427 0.03851957784623483 -0.039601120063637474
v -0.03194003749027763 0.03694756736425164 -0.03905846746880259
v -0.035030812434163394 0.03694756736425164 -0.03748364603183463
v -0.035030812434163394 0.03851957784623483 -0.03748364603183463
v -0.03194003749027763 0.03694756736425164 -0.03905846746880259
v -0.035030812434163394 0.03851957784623483 -0.03748364603183463
v -0.03194003749027763 0.03851957784623483 -0.03905846746880259
v -0.035030812434163394 0.03694756736425164 -0.03748364603183463
v -0.0374836508002061 0.03694756736425164 -0.03503080289742044
v -0.0374836508002061 0.03851957784623483 -0.03503080289742044
v -0.035030812434163394 0.03694756736425164 -0.03748364603183463
v -0.0374836508002061 0.03851957784623483 -0.03503080289742044
v -0.035030812434163394 0.03851957784623483 -0.03748364603183463
v -0.0374836508002061 0.03694756736425164 -0.03503080289742044
v -0.03905846985298833 0.03694756736425164 -0.03194003510609189
v -0.03905846985298833 0.03851957784623483 -0.03194003510609189
v -0.0374836508002061 0.03694756736425164 -0.03503080289742044
v -0.03905846985298833 0.03851957784623483 -0.03194003510609189
v -0.0374836508002061 0.03851957784623483 -0.03503080289742044
v -0.03905846985298833 0.03694756736425164 -0.03194003510609189
v -0.03960112721619469 0.03694756736425164 -0.028513917285637902
v -0.03960112721619469 0.03851957784623483 -0.028513917285637902
v -0.03905846985298833 0.03694756736425164 -0.03194003510609189
v -0.03960112721619469 0.03851957784623483 -0.028513917285637902
v -0.03905846985298833 0.03851957784623483 -0.03194003510609189
v 0.03960112721619469 0.03694756736425164 -0.028513917285637902
v 0.03905846985298833 0.03694756736425164 -0.03194003510609189
v 0.03905846985298833 0.03851957784623483 -0.03194003510609189
v 0.03960112721619469 0.03694756736425164 -0.028513917285637902
v 0.03905846985298833 0.03851957784623483 -0.03194003510609189
v 0.03960112721619469 0.03851957784623483 -0.028513917285637902
v 0.03905846985298833 0.03694756736425164 -0.03194003510609189
v 0.0374836508002061 0.03694756736425164 -0.03503080289742044
v 0.0374836508002061 0.03851957784623483 -0.03503080289742044
v 0.03905846985298833 0.03694756736425164 -0.03194003510609189
v 0.0374836508002061 0.03851957784623483 -0.03503080289742044
v 0.03905846985298833 0.03851957784623483 -0.03194003510609189
v 0.0374836508002061 0.03694756736425164 -0.03503080289742044
v 0.035030812434163394 0.03694756736425164 -0.03748364603183463
v 0.035030812434163394 0.03851957784623483 -0.03748364603183463
v 0.0374836508002061 0.03694756736425164 -0.03503080289742044
v 0.035030812434163394 0.03851957784623483 -0.03748364603183463
v 0.0374836508002061 0.03851957784623483 -0.03503080289742044
v 0.035030812434163394 0.03694756736425164 -0.03748364603183463
v 0.03194003749027763 0.03694756736425164 -0.03905846746880259
v 0.03194003749027763 0.03851957784623483 -0.03905846746880259
v 0.035030812434163394 0.03694756736425164 -0.03748364603183463
v 0.03194003749027763 0.03851957784623483 -0.03905846746880259
v 0.035030812434163394 0.03851957784623483 -0.03748364603183463
v 0.03194003749027763 0.03694756736425164 -0.03905846746880259
v 0.028513912517266427 0.03694756736425164 -0.039601120063637474
v 0.028513912517266427 0.03851957784623483 -0.039601120063637474
v 0.03194003749027763 0.03694756736425164 -0.03905846746880259
v 0.028513912517266427 0.03851957784623483 -0.039601120063637474
v 0.03194003749027763 0.03851957784623483 -0.03905846746880259
v -0.028513912517266427 0.03694756736425164 -0.039601120063637474
v -0.028513912517266427 0.03851957784623483 -0.039601120063637474
v -0.008891683022118735 0.038519573077863356 -0.039601120063637474
v -0.028513912517266427 0.03694756736425164 -0.039601120063637474
v -0.008891683022118735 0.038519573077863356 -0.039601120063637474
v -0.008778325719125735 0.036948530575289684 -0.039601120063637474
v 0.00877844075608758 0.03694756974843738 -0.039601120063637474
v 0.008891458908659389 0.038521323070194846 -0.039601120063637474
v 0.028513912517266427 0.03851957784623483 -0.039601120063637474
v 0.00877844075608758 0.03694756974843738 -0.039601120063637474
v 0.028513912517266427 0.03851957784623483 -0.039601120063637474
v 0.028513912517266427 0.03694756736425164 -0.039601120063637474
v -0.008778325719125735 0.036948530575289684 -0.039601120063637474
v -0.008891683022118735 0.038519573077863356 -0.039601120063637474
v -0.0076679979040921165 0.03821110474293077 -0.039601120063637474
v -0.008778325719125735 0.036948530575289684 -0.039601120063637474
v -0.0076679979040921165 0.03821110474293077 -0.039601120063637474
v -0.007384420468261377 0.036594791321569176 -0.039601120063637474
v 0.0073845527905698205 0.03659437647325081 -0.039601120063637474
v 0.007667994923859944 0.03821110474293077 -0.039601120063637474
v 0.008891458908659389 0.038521323070194846 -0.039601120063637474
v 0.0073845527905698205 0.03659437647325081 -0.039601120063637474
v 0.008891458908659389 0.038521323070194846 -0.039601120063637474
v 0.00877844075608758 0.03694756974843738 -0.039601120063637474
v -0.007384420468261377 0.036594791321569176 -0.039601120063637474
v -0.0076679979040921165 0.03821110474293077 -0.039601120063637474
v -0.006139052373043019 0.03758848179008112 -0.039601120063637474
v -0.007384420468261377 0.036594791321569176 -0.039601120063637474
v -0.006139052373043019 0.03758848179008112 -0.039601120063637474
v -0.005646298997559418 0.035886425897033725 -0.039601120063637474
v 0.002343187279779002 0.033261659129072196 -0.039601120063637474
v 0.0027716048932461823 0.03493702167860002 -0.039601120063637474
v 0.00451915611656406 0.03609471551563859 -0.039601120063637474
v 0.002343187279779002 0.033261659129072196 -0.039601120063637474
v 0.00451915611656406 0.03609471551563859 -0.039601120063637474
v 0.003959444076729324 0.0343314957216756 -0.039601120063637474
v -0.002343280412034382 0.03326149700444203 -0.039601120063637474
v -0.0027714529014054023 0.03493731970181724 -0.039601120063637474
v -0.0009492493208665548 0.03417345043330755 -0.039601120063637474
v -0.002343280412034382 0.03326149700444203 -0.039601120063637474
v -0.0009492493208665548 0.03417345043330755 -0.039601120063637474
v -0.0007673355020433176 0.03260143995132436 -0.039601120063637474
v 0.005646718614249258 0.0358857607092129 -0.039601120063637474
v 0.006139045220485806 0.03758848179008112 -0.039601120063637474
v 0.007667994923859944 0.03821110474293077 -0.039601120063637474
v 0.005646718614249258 0.0358857607092129 -0.039601120063637474
v 0.007667994923859944 0.03821110474293077 -0.039601120063637474
v 0.0073845527905698205 0.03659437647325081 -0.039601120063637474
v 0.003959444076729324 0.0343314957216756 -0.039601120063637474
v 0.00451915611656406 0.03609471551563859 -0.039601120063637474
v 0.006139045220485806 0.03758848179008112 -0.039601120063637474
v 0.003959444076729324 0.0343314957216756 -0.039601120063637474
v 0.006139045220485806 0.03758848179008112 -0.039601120063637474
v 0.005646718614249258 0.0358857607092129 -0.039601120063637474
v -0.003959594578454018 0.03433131213937379 -0.039601120063637474
v -0.004519162971098056 0.03609471551563859 -0.039601120063637474
v -0.0027714529014054023 0.03493731970181724 -0.039601120063637474
v -0.003959594578454018 0.03433131213937379 -0.039601120063637474
v -0.0027714529014054023 0.03493731970181724 -0.039601120063637474
v -0.002343280412034382 0.03326149700444203 -0.039601120063637474
v -0.005646298997559418 0.035886425897033725 -0.039601120063637474
v -0.006139052373043019 0.03758848179008112 -0.039601120063637474
v -0.004519162971098056 0.03609471551563859 -0.039601120063637474
v -0.005646298997559418 0.035886425897033725 -0.039601120063637474
v -0.004519162971098056 0.03609471551563859 -0.039601120063637474
v -0.003959594578454018 0.03433131213937379 -0.039601120063637474
v 0.0007673000372804689 0.03260158061828289 -0.039601120063637474
v 0.0009492425408383631 0.03417345043330755 -0.039601120063637474
v 0.0027716048932461823 0.03493702167860002 -0.039601120063637474
v 0.0007673000372804689 0.03260158061828289 -0.039601120063637474
v 0.0027716048932461823 0.03493702167860002 -0.039601120063637474
v 0.002343187279779002 0.033261659129072196 -0.039601120063637474
v -0.0007673355020433176 0.03260143995132436 -0.039601120063637474
v -0.0009492493208665548 0.03417345043330755 -0.039601120063637474
v 0.0009492425408383631 0.03417345043330755 -0.039601120063637474
v -0.0007673355020433176 0.03260143995132436 -0.039601120063637474
v 0.0009492425408383631 0.03417345043330755 -0.039601120063637474
v 0.0007673000372804689 0.03260158061828289 -0.039601120063637474
v -0.03928064973770118 0.036627077964829446 -0.02848868544797556
v -0.03950726659207193 0.03672094812569515 -0.02850651915729374
v -0.03896808775585692 0.03672094812569515 -0.03191067385873181
v -0.03928064973770118 0.036627077964829446 -0.02848868544797556
v -0.03896808775585692 0.03672094812569515 -0.03191067385873181
v -0.03874987038784017 0.036627077964829446 -0.03183977055907761
v -0.03950726659207193 0.03672094812569515 -0.02850651915729374
v -0.03960112721619469 0.03694756736425164 -0.028513917285637902
v -0.03905846985298833 0.03694756736425164 -0.03194003510609189
v -0.03950726659207193 0.03672094812569515 -0.02850651915729374
v -0.03905846985298833 0.03694756736425164 -0.03194003510609189
v -0.03896808775585692 0.03672094812569515 -0.03191067385873181
v -0.031839772943263345 0.036627077964829446 -0.03874985846691148
v -0.03191067385873181 0.03672094812569515 -0.03896808775585692
v -0.02850652154147948 0.03672094812569515 -0.03950726659207193
v -0.031839772943263345 0.036627077964829446 -0.03874985846691148
v -0.02850652154147948 0.03672094812569515 -0.03950726659207193
v -0.028488690216347035 0.036627077964829446 -0.03928064020095823
v -0.03191067385873181 0.03672094812569515 -0.03896808775585692
v -0.03194003749027763 0.03694756736425164 -0.03905846746880259
v -0.028513912517266427 0.03694756736425164 -0.039601120063637474
v -0.03191067385873181 0.03672094812569515 -0.03896808775585692
v -0.028513912517266427 0.03694756736425164 -0.039601120063637474
v -0.02850652154147948 0.03672094812569515 -0.03950726659207193
v -0.028488690216347035 0.036627077964829446 -0.03928064020095823
v -0.02850652154147948 0.03672094812569515 -0.03950726659207193
v -0.008804443877836077 0.03672128906425565 -0.0395070687046557
v -0.028488690216347035 0.036627077964829446 -0.03928064020095823
v -0.008804443877836077 0.03672128906425565 -0.0395070687046557
v -0.008810698193072564 0.036627077964829446 -0.039280170516367896
v -0.02850652154147948 0.03672094812569515 -0.03950726659207193
v -0.028513912517266427 0.03694756736425164 -0.039601120063637474
v -0.008778325719125735 0.036948530575289684 -0.039601120063637474
v -0.02850652154147948 0.03672094812569515 -0.03950726659207193
v -0.008778325719125735 0.036948530575289684 -0.039601120063637474
v -0.008804443877836077 0.03672128906425565 -0.0395070687046557
v -0.03194003749027763 0.03694756736425164 -0.03905846746880259
v -0.03191067385873181 0.03672094812569515 -0.03896808775585692
v -0.03497494857814276 0.03672094812569515 -0.0374067751152789
v -0.03194003749027763 0.03694756736425164 -0.03905846746880259
v -0.03497494857814276 0.03672094812569515 -0.0374067751152789
v -0.035030812434163394 0.03694756736425164 -0.03748364603183463
v -0.03191067385873181 0.03672094812569515 -0.03896808775585692
v -0.031839772943263345 0.036627077964829446 -0.03874985846691148
v -0.03484008711188835 0.036627077964829446 -0.0372211400295539
v -0.03191067385873181 0.03672094812569515 -0.03896808775585692
v -0.03484008711188835 0.036627077964829446 -0.0372211400295539
v -0.03497494857814276 0.03672094812569515 -0.0374067751152789
v -0.035030812434163394 0.03694756736425164 -0.03748364603183463
v -0.03497494857814276 0.03672094812569515 -0.0374067751152789
v -0.03740676319435021 0.03672094812569515 -0.034974946193957024
v -0.035030812434163394 0.03694756736425164 -0.03748364603183463
v -0.03740676319435021 0.03672094812569515 -0.034974946193957024
v -0.0374836508002061 0.03694756736425164 -0.03503080289742044
v -0.03497494857814276 0.03672094812569515 -0.0374067751152789
v -0.03484008711188835 0.036627077964829446 -0.0372211400295539
v -0.03722113764536816 0.036627077964829446 -0.034840082343516876
v -0.03497494857814276 0.03672094812569515 -0.0374067751152789
v -0.03722113764536816 0.036627077964829446 -0.034840082343516876
v -0.03740676319435021 0.03672094812569515 -0.034974946193957024
v -0.0374836508002061 0.03694756736425164 -0.03503080289742044
v -0.03740676319435021 0.03672094812569515 -0.034974946193957024
v -0.03896808775585692 0.03672094812569515 -0.03191067385873181
v -0.0374836508002061 0.03694756736425164 -0.03503080289742044
v -0.03896808775585692 0.03672094812569515 -0.03191067385873181
v -0.03905846985298833 0.03694756736425164 -0.03194003510609189
v -0.03740676319435021 0.03672094812569515 -0.034974946193957024
v -0.03722113764536816 0.036627077964829446 -0.034840082343516876
v -0.03874987038784017 0.036627077964829446 -0.03183977055907761
v -0.03740676319435021 0.03672094812569515 -0.034974946193957024
v -0.03874987038784017 0.036627077964829446 -0.03183977055907761
v -0.03896808775585692 0.03672094812569515 -0.03191067385873181
v -0.008810698193072564 0.036627077964829446 -0.039280170516367896
v -0.008804443877836077 0.03672128906425565 -0.0395070687046557
v -0.007453737092307122 0.03637829056728359 -0.03950683743863914
v -0.008810698193072564 0.036627077964829446 -0.039280170516367896
v -0.007453737092307122 0.03637829056728359 -0.03950683743863914
v -0.007478617858619585 0.03628844491194316 -0.03927961976946248
v -0.008804443877836077 0.03672128906425565 -0.0395070687046557
v -0.008778325719125735 0.036948530575289684 -0.039601120063637474
v -0.007384420468261377 0.036594791321569176 -0.039601120063637474
v -0.008804443877836077 0.03672128906425565 -0.0395070687046557
v -0.007384420468261377 0.036594791321569176 -0.039601120063637474
v -0.007453737092307122 0.03637829056728359 -0.03950683743863914
v 0.03960112721619469 0.03694756736425164 -0.028513917285637902
v 0.03950726659207193 0.03672094812569515 -0.02850651915729374
v 0.03896808775585692 0.03672094812569515 -0.03191067385873181
v 0.03960112721619469 0.03694756736425164 -0.028513917285637902
v 0.03896808775585692 0.03672094812569515 -0.03191067385873181
v 0.03905846985298833 0.03694756736425164 -0.03194003510609189
v 0.03950726659207193 0.03672094812569515 -0.02850651915729374
v 0.03928064973770118 0.036627077964829446 -0.02848868544797556
v 0.03874987038784017 0.036627077964829446 -0.03183977055907761
v 0.03950726659207193 0.03672094812569515 -0.02850651915729374
v 0.03874987038784017 0.036627077964829446 -0.03183977055907761
v 0.03896808775585692 0.03672094812569515 -0.03191067385873181
v 0.03905846985298833 0.03694756736425164 -0.03194003510609189
v 0.03896808775585692 0.03672094812569515 -0.03191067385873181
v 0.03740676319435021 0.03672094812569515 -0.034974946193957024
v 0.03905846985298833 0.03694756736425164 -0.03194003510609189
v 0.03740676319435021 0.03672094812569515 -0.034974946193957024
v 0.0374836508002061 0.03694756736425164 -0.03503080289742044
v 0.03896808775585692 0.03672094812569515 -0.03191067385873181
v 0.03874987038784017 0.036627077964829446 -0.03183977055907761
v 0.03722113764536816 0.036627077964829446 -0.034840082343516876
v 0.03896808775585692 0.03672094812569515 -0.03191067385873181
v 0.03722113764536816 0.036627077964829446 -0.034840082343516876
v 0.03740676319435021 0.03672094812569515 -0.034974946193957024
v 0.0374836508002061 0.03694756736425164 -0.03503080289742044
v 0.03740676319435021 0.03672094812569515 -0.034974946193957024
v 0.03497494857814276 0.03672094812569515 -0.0374067751152789
v 0.0374836508002061 0.03694756736425164 -0.03503080289742044
v 0.03497494857814276 0.03672094812569515 -0.0374067751152789
v 0.035030812434163394 0.03694756736425164 -0.03748364603183463
v 0.03740676319435021 0.03672094812569515 -0.034974946193957024
v 0.03722113764536816 0.036627077964829446 -0.034840082343516876
v 0.03484008711188835 0.036627077964829446 -0.0372211400295539
v 0.03740676319435021 0.03672094812569515 -0.034974946193957024
v 0.03484008711188835 0.036627077964829446 -0.0372211400295539
v 0.03497494857814276 0.03672094812569515 -0.0374067751152789
v 0.035030812434163394 0.03694756736425164 -0.03748364603183463
v 0.03497494857814276 0.03672094812569515 -0.0374067751152789
v 0.03191067385873181 0.03672094812569515 -0.03896808775585692
v 0.035030812434163394 0.03694756736425164 -0.03748364603183463
v 0.03191067385873181 0.03672094812569515 -0.03896808775585692
v 0.03194003749027763 0.03694756736425164 -0.03905846746880259
v 0.03497494857814276 0.03672094812569515 -0.0374067751152789
v 0.03484008711188835 0.036627077964829446 -0.0372211400295539
v 0.031839772943263345 0.036627077964829446 -0.03874985846691148
v 0.03497494857814276 0.03672094812569515 -0.0374067751152789
v 0.031839772943263345 0.036627077964829446 -0.03874985846691148
v 0.03191067385873181 0.03672094812569515 -0.03896808775585692
v 0.03194003749027763 0.03694756736425164 -0.03905846746880259
v 0.03191067385873181 0.03672094812569515 -0.03896808775585692
v 0.02850652154147948 0.03672094812569515 -0.03950726659207193
v 0.03194003749027763 0.03694756736425164 -0.03905846746880259
v 0.02850652154147948 0.03672094812569515 -0.03950726659207193
v 0.028513912517266427 0.03694756736425164 -0.039601120063637474
v 0.03191067385873181 0.03672094812569515 -0.03896808775585692
v 0.031839772943263345 0.036627077964829446 -0.03874985846691148
v 0.028488690216347035 0.036627077964829446 -0.03928064020095823
v 0.03191067385873181 0.03672094812569515 -0.03896808775585692
v 0.028488690216347035 0.036627077964829446 -0.03928064020095823
v 0.02850652154147948 0.03672094812569515 -0.03950726659207193
v 0.028513912517266427 0.03694756736425164 -0.039601120063637474
v 0.02850652154147948 0.03672094812569515 -0.03950726659207193
v 0.008804474276204233 0.036721007730338595 -0.0395070687046557
v 0.028513912517266427 0.03694756736425164 -0.039601120063637474
v 0.008804474276204233 0.036721007730338595 -0.0395070687046557
v 0.00877844075608758 0.03694756974843738 -0.039601120063637474
v 0.02850652154147948 0.03672094812569515 -0.03950726659207193
v 0.028488690216347035 0.036627077964829446 -0.03928064020095823
v 0.008810693424701088 0.036627077964829446 -0.039280170516367896
v 0.02850652154147948 0.03672094812569515 -0.03950726659207193
v 0.008810693424701088 0.036627077964829446 -0.039280170516367896
v 0.008804474276204233 0.036721007730338595 -0.0395070687046557
v -0.007478617858619585 0.03628844491194316 -0.03927961976946248
v -0.007453737092307122 0.03637829056728359 -0.03950683743863914
v -0.0057688360116890935 0.03569112055395651 -0.0395066896191234
v -0.007478617858619585 0.03628844491194316 -0.03927961976946248
v -0.0057688360116890935 0.03569112055395651 -0.0395066896191234
v -0.005816697944327487 0.035610015323530586 -0.03927928836764494
v -0.007453737092307122 0.03637829056728359 -0.03950683743863914
v -0.007384420468261377 0.036594791321569176 -0.039601120063637474
v -0.005646298997559418 0.035886425897033725 -0.039601120063637474
v -0.007453737092307122 0.03637829056728359 -0.03950683743863914
v -0.005646298997559418 0.035886425897033725 -0.039601120063637474
v -0.0057688360116890935 0.03569112055395651 -0.0395066896191234
v 0.00877844075608758 0.03694756974843738 -0.039601120063637474
v 0.008804474276204233 0.036721007730338595 -0.0395070687046557
v 0.0074537734511396225 0.0363781713579967 -0.03950683743863914
v 0.00877844075608758 0.03694756974843738 -0.039601120063637474
v 0.0074537734511396225 0.0363781713579967 -0.03950683743863914
v 0.0073845527905698205 0.03659437647325081 -0.039601120063637474
v 0.008804474276204233 0.036721007730338595 -0.0395070687046557
v 0.008810693424701088 0.036627077964829446 -0.039280170516367896
v 0.007478614878387413 0.03628844491194316 -0.03927961976946248
v 0.008804474276204233 0.036721007730338595 -0.0395070687046557
v 0.007478614878387413 0.03628844491194316 -0.03927961976946248
v 0.0074537734511396225 0.0363781713579967 -0.03950683743863914
v -0.005816697944327487 0.035610015323530586 -0.03927928836764494
v -0.0057688360116890935 0.03569112055395651 -0.0395066896191234
v -0.004099060205391192 0.034151868784009665 -0.039506832670267666
v -0.005816697944327487 0.035610015323530586 -0.03927928836764494
v -0.004099060205391192 0.034151868784009665 -0.039506832670267666
v -0.004154790845033729 0.034077389205748876 -0.03927962453783396
v -0.0057688360116890935 0.03569112055395651 -0.0395066896191234
v -0.005646298997559418 0.035886425897033725 -0.039601120063637474
v -0.003959594578454018 0.03433131213937379 -0.039601120063637474
v -0.0057688360116890935 0.03569112055395651 -0.0395066896191234
v -0.003959594578454018 0.03433131213937379 -0.039601120063637474
v -0.004099060205391192 0.034151868784009665 -0.039506832670267666
v 0.0024928725698693255 0.03297714709243227 -0.03928002984940937
v 0.002449916099386301 0.033060536372794935 -0.0395070305576839
v 0.004099010435513917 0.03415192362028163 -0.0395067778339957
v 0.0024928725698693255 0.03297714709243227 -0.03928002984940937
v 0.004099010435513917 0.03415192362028163 -0.0395067778339957
v 0.004154781308290778 0.034077389205748876 -0.0392794123453033
v 0.002449916099386301 0.033060536372794935 -0.0395070305576839
v 0.002343187279779002 0.033261659129072196 -0.039601120063637474
v 0.003959444076729324 0.0343314957216756 -0.039601120063637474
v 0.002449916099386301 0.033060536372794935 -0.0395070305576839
v 0.003959444076729324 0.0343314957216756 -0.039601120063637474
v 0.004099010435513917 0.03415192362028163 -0.0395067778339957
v 0.004154781308290778 0.034077389205748876 -0.0392794123453033
v 0.004099010435513917 0.03415192362028163 -0.0395067778339957
v 0.005768957009115283 0.035690920282354544 -0.0395066896191234
v 0.004154781308290778 0.034077389205748876 -0.0392794123453033
v 0.005768957009115283 0.035690920282354544 -0.0395066896191234
v 0.005816694964095315 0.035610015323530586 -0.03927928836764494
v 0.004099010435513917 0.03415192362028163 -0.0395067778339957
v 0.003959444076729324 0.0343314957216756 -0.039601120063637474
v 0.005646718614249258 0.0358857607092129 -0.039601120063637474
v 0.004099010435513917 0.03415192362028163 -0.0395067778339957
v 0.005646718614249258 0.0358857607092129 -0.039601120063637474
v 0.005768957009115283 0.035690920282354544 -0.0395066896191234
v -0.0024928798714381473 0.03297714709243227 -0.039280222968454126
v -0.0024499479878705432 0.03306048630489444 -0.03950707347302718
v -0.0008126298901595941 0.032374827865325084 -0.03950725705532898
v -0.0024928798714381473 0.03297714709243227 -0.039280222968454126
v -0.0008126298901595941 0.032374827865325084 -0.03950725705532898
v -0.0008309630118840255 0.0322809529360879 -0.03928064020095823
v -0.0024499479878705432 0.03306048630489444 -0.03950707347302718
v -0.002343280412034382 0.03326149700444203 -0.039601120063637474
v -0.0007673355020433176 0.03260143995132436 -0.039601120063637474
v -0.0024499479878705432 0.03306048630489444 -0.03950707347302718
v -0.0007673355020433176 0.03260143995132436 -0.039601120063637474
v -0.0008126298901595941 0.032374827865325084 -0.03950725705532898
v -0.0008309630118840255 0.0322809529360879 -0.03928064020095823
v -0.0008126298901595941 0.032374827865325084 -0.03950725705532898
v 0.0008126147654813204 0.03237487078066836 -0.039507230829285866
v -0.0008309630118840255 0.0322809529360879 -0.03928064020095823
v 0.0008126147654813204 0.03237487078066836 -0.039507230829285866
v 0.0008309561573500296 0.0322809529360879 -0.03928049476562823
v -0.0008126298901595941 0.032374827865325084 -0.03950725705532898
v -0.0007673355020433176 0.03260143995132436 -0.039601120063637474
v 0.0007673000372804689 0.03260158061828289 -0.039601120063637474
v -0.0008126298901595941 0.032374827865325084 -0.03950725705532898
v 0.0007673000372804689 0.03260158061828289 -0.039601120063637474
v 0.0008126147654813204 0.03237487078066836 -0.039507230829285866
v 0.0073845527905698205 0.03659437647325081 -0.039601120063637474
v 0.0074537734511396225 0.0363781713579967 -0.03950683743863914
v 0.005768957009115283 0.035690920282354544 -0.0395066896191234
v 0.0073845527905698205 0.03659437647325081 -0.039601120063637474
v 0.005768957009115283 0.035690920282354544 -0.0395066896191234
v 0.005646718614249258 0.0358857607092129 -0.039601120063637474
v 0.0074537734511396225 0.0363781713579967 -0.03950683743863914
v 0.007478614878387413 0.03628844491194316 -0.03927961976946248
v 0.005816694964095315 0.035610015323530586 -0.03927928836764494
v 0.0074537734511396225 0.0363781713579967 -0.03950683743863914
v 0.005816694964095315 0.035610015323530586 -0.03927928836764494
v 0.005768957009115283 0.035690920282354544 -0.0395066896191234
v -0.002343280412034382 0.03326149700444203 -0.039601120063637474
v -0.0024499479878705432 0.03306048630489444 -0.03950707347302718
v -0.004099060205391192 0.034151868784009665 -0.039506832670267666
v -0.002343280412034382 0.03326149700444203 -0.039601120063637474
v -0.004099060205391192 0.034151868784009665 -0.039506832670267666
v -0.003959594578454018 0.03433131213937379 -0.039601120063637474
v -0.0024499479878705432 0.03306048630489444 -0.03950707347302718
v -0.0024928798714381473 0.03297714709243227 -0.039280222968454126
v -0.004154790845033729 0.034077389205748876 -0.03927962453783396
v -0.0024499479878705432 0.03306048630489444 -0.03950707347302718
v -0.004154790845033729 0.034077389205748876 -0.03927962453783396
v -0.004099060205391192 0.034151868784009665 -0.039506832670267666
v 0.002343187279779002 0.033261659129072196 -0.039601120063637474
v 0.002449916099386301 0.033060536372794935 -0.0395070305576839
v 0.0008126147654813204 0.03237487078066836 -0.039507230829285866
v 0.002343187279779002 0.033261659129072196 -0.039601120063637474
v 0.0008126147654813204 0.03237487078066836 -0.039507230829285866
v 0.0007673000372804689 0.03260158061828289 -0.039601120063637474
v 0.002449916099386301 0.033060536372794935 -0.0395070305576839
v 0.0024928725698693255 0.03297714709243227 -0.03928002984940937
v 0.0008309561573500296 0.0322809529360879 -0.03928049476562823
v 0.002449916099386301 0.033060536372794935 -0.0395070305576839
v 0.0008309561573500296 0.0322809529360879 -0.03928049476562823
v 0.0008126147654813204 0.03237487078066836 -0.039507230829285866
v 0.028330242000589312 0.036627077964829446 0.03726752436308134
v 0.028330242000589312 0.039104900213217775 0.03726752436308134
v 0.031223394172860797 0.039104900213217775 0.03685283578516163
v 0.028330242000589312 0.036627077964829446 0.03726752436308134
v 0.031223394172860797 0.039104900213217775 0.03685283578516163
v 0.031223394172860797 0.036627077964829446 0.03685283578516163
v 0.031223394172860797 0.036627077964829446 0.03685283578516163
v 0.031223394172860797 0.039104900213217775 0.03685283578516163
v 0.03366765662280491 0.039104900213217775 0.03560743729157512
v 0.031223394172860797 0.036627077964829446 0.03685283578516163
v 0.03366765662280491 0.039104900213217775 0.03560743729157512
v 0.03366765662280491 0.036627077964829446 0.03560743729157512
v 0.03366765662280491 0.036627077964829446 0.03560743729157512
v 0.03366765662280491 0.039104900213217775 0.03560743729157512
v 0.035607430139017904 0.039104900213217775 0.033667661391176384
v 0.03366765662280491 0.036627077964829446 0.03560743729157512
v 0.035607430139017904 0.039104900213217775 0.033667661391176384
v 0.035607430139017904 0.036627077964829446 0.033667661391176384
v 0.035607430139017904 0.036627077964829446 0.033667661391176384
v 0.035607430139017904 0.039104900213217775 0.033667661391176384
v 0.03685284532190458 0.039104900213217775 0.031223396557046534
v 0.035607430139017904 0.036627077964829446 0.033667661391176384
v 0.03685284532190458 0.039104900213217775 0.031223396557046534
v 0.03685284532190458 0.036627077964829446 0.031223396557046534
v 0.03685284532190458 0.036627077964829446 0.031223396557046534
v 0.03685284532190458 0.039104900213217775 0.031223396557046534
v 0.03726753389982429 0.039104900213217775 0.028330239616403574
v 0.03685284532190458 0.036627077964829446 0.031223396557046534
v 0.03726753389982429 0.039104900213217775 0.028330239616403574
v 0.03726753389982429 0.036627077964829446 0.028330239616403574
v -0.03726753389982429 0.036627077964829446 0.028330239616403574
v -0.03726753389982429 0.039104900213217775 0.028330239616403574
v -0.03685284532190458 0.039104900213217775 0.031223396557046534
v -0.03726753389982429 0.036627077964829446 0.028330239616403574
v -0.03685284532190458 0.039104900213217775 0.031223396557046534
v -0.03685284532190458 0.036627077964829446 0.031223396557046534
v -0.03685284532190458 0.036627077964829446 0.031223396557046534
v -0.03685284532190458 0.039104900213217775 0.031223396557046534
v -0.035607427754832166 0.039104900213217775 0.033667661391176384
v -0.03685284532190458 0.036627077964829446 0.031223396557046534
v -0.035607427754832166 0.039104900213217775 0.033667661391176384
v -0.035607427754832166 0.036627077964829446 0.033667661391176384
v -0.035607427754832166 0.036627077964829446 0.033667661391176384
v -0.035607427754832166 0.039104900213217775 0.033667661391176384
v -0.03366765662280491 0.039104900213217775 0.03560743729157512
v -0.035607427754832166 0.036627077964829446 0.033667661391176384
v -0.03366765662280491 0.039104900213217775 0.03560743729157512
v -0.03366765662280491 0.036627077964829446 0.03560743729157512
v -0.03366765662280491 0.036627077964829446 0.03560743729157512
v -0.03366765662280491 0.039104900213217775 0.03560743729157512
v -0.031223394172860797 0.039104900213217775 0.03685283578516163
v -0.03366765662280491 0.036627077964829446 0.03560743729157512
v -0.031223394172860797 0.039104900213217775 0.03685283578516163
v -0.031223394172860797 0.036627077964829446 0.03685283578516163
v -0.031223394172860797 0.036627077964829446 0.03685283578516163
v -0.031223394172860797 0.039104900213217775 0.03685283578516163
v -0.028330242000589312 0.039104900213217775 0.03726752436308134
v -0.031223394172860797 0.036627077964829446 0.03685283578516163
v -0.028330242000589312 0.039104900213217775 0.03726752436308134
v -0.028330242000589312 0.036627077964829446 0.03726752436308134
v 0.028330242000589312 0.036627077964829446 0.03726752436308134
v 0.00876170913662666 0.036627077964829446 0.03726752436308134
v 0.00876170913662666 0.039104900213217775 0.03726752436308134
v 0.028330242000589312 0.036627077964829446 0.03726752436308134
v 0.00876170913662666 0.039104900213217775 0.03726752436308134
v 0.028330242000589312 0.039104900213217775 0.03726752436308134
v -0.008761704368255185 0.039104900213217775 0.03726752436308134
v -0.008761704368255185 0.036627077964829446 0.03726752436308134
v -0.028330242000589312 0.036627077964829446 0.03726752436308134
v -0.008761704368255185 0.039104900213217775 0.03726752436308134
v -0.028330242000589312 0.036627077964829446 0.03726752436308134
v -0.028330242000589312 0.039104900213217775 0.03726752436308134
v 0.00876170913662666 0.039104900213217775 0.03726752436308134
v 0.00876170913662666 0.036627077964829446 0.03726752436308134
v 0.0074370543486538265 0.03628844491194316 0.03726752436308134
v 0.00876170913662666 0.039104900213217775 0.03726752436308134
v 0.0074370543486538265 0.03628844491194316 0.03726752436308134
v 0.0074370543486538265 0.03876626954451723 0.03726752436308134
v -0.007437049580282351 0.03876626954451723 0.03726752436308134
v -0.007437049580282351 0.03628844491194316 0.03726752436308134
v -0.008761704368255185 0.036627077964829446 0.03726752436308134
v -0.007437049580282351 0.03876626954451723 0.03726752436308134
v -0.008761704368255185 0.036627077964829446 0.03726752436308134
v -0.008761704368255185 0.039104900213217775 0.03726752436308134
v 0.0074370543486538265 0.03876626954451723 0.03726752436308134
v 0.0074370543486538265 0.03628844491194316 0.03726752436308134
v 0.005784374346188281 0.035610015323530586 0.03726752436308134
v 0.0074370543486538265 0.03876626954451723 0.03726752436308134
v 0.005784374346188281 0.035610015323530586 0.03726752436308134
v 0.005784374346188281 0.038087837571918914 0.03726752436308134
v -0.002479015086315234 0.03545496695663486 0.03726752436308134
v -0.002479015086315234 0.03297714709243227 0.03726752436308134
v -0.00413169285360665 0.034077389205748876 0.03726752436308134
v -0.002479015086315234 0.03545496695663486 0.03726752436308134
v -0.00413169285360665 0.034077389205748876 0.03726752436308134
v -0.00413169285360665 0.036555211454137204 0.03726752436308134
v 0.002479020301721535 0.03545496695663486 0.03726752436308134
v 0.002479020301721535 0.03297714709243227 0.03726752436308134
v 0.000826341565854663 0.0322809529360879 0.03726752436308134
v 0.002479020301721535 0.03545496695663486 0.03726752436308134
v 0.000826341565854663 0.0322809529360879 0.03726752436308134
v 0.000826341565854663 0.034758772800290494 0.03726752436308134
v -0.0057843719620025436 0.038087837571918914 0.03726752436308134
v -0.0057843719620025436 0.035610015323530586 0.03726752436308134
v -0.007437049580282351 0.03628844491194316 0.03726752436308134
v -0.0057843719620025436 0.038087837571918914 0.03726752436308134
v -0.007437049580282351 0.03628844491194316 0.03726752436308134
v -0.007437049580282351 0.03876626954451723 0.03726752436308134
v -0.00413169285360665 0.036555211454137204 0.03726752436308134
v -0.00413169285360665 0.034077389205748876 0.03726752436308134
v -0.0057843719620025436 0.035610015323530586 0.03726752436308134
v -0.00413169285360665 0.036555211454137204 0.03726752436308134
v -0.0057843719620025436 0.035610015323530586 0.03726752436308134
v -0.0057843719620025436 0.038087837571918914 0.03726752436308134
v 0.00413169821802456 0.036555211454137204 0.03726752436308134
v 0.00413169821802456 0.034077389205748876 0.03726752436308134
v 0.002479020301721535 0.03297714709243227 0.03726752436308134
v 0.00413169821802456 0.036555211454137204 0.03726752436308134
v 0.002479020301721535 0.03297714709243227 0.03726752436308134
v 0.002479020301721535 0.03545496695663486 0.03726752436308134
v 0.005784374346188281 0.038087837571918914 0.03726752436308134
v 0.005784374346188281 0.035610015323530586 0.03726752436308134
v 0.00413169821802456 0.034077389205748876 0.03726752436308134
v 0.005784374346188281 0.038087837571918914 0.03726752436308134
v 0.00413169821802456 0.034077389205748876 0.03726752436308134
v 0.00413169821802456 0.036555211454137204 0.03726752436308134
v -0.0008263362759425574 0.034758772800290494 0.03726752436308134
v -0.0008263362759425574 0.0322809529360879 0.03726752436308134
v -0.002479015086315234 0.03297714709243227 0.03726752436308134
v -0.0008263362759425574 0.034758772800290494 0.03726752436308134
v -0.002479015086315234 0.03297714709243227 0.03726752436308134
v -0.002479015086315234 0.03545496695663486 0.03726752436308134
v 0.000826341565854663 0.034758772800290494 0.03726752436308134
v 0.000826341565854663 0.0322809529360879 0.03726752436308134
v -0.0008263362759425574 0.0322809529360879 0.03726752436308134
v 0.000826341565854663 0.034758772800290494 0.03726752436308134
v -0.0008263362759425574 0.0322809529360879 0.03726752436308134
v -0.0008263362759425574 0.034758772800290494 0.03726752436308134
v 0.008891683022118735 0.038519573077863356 0.039601120063637474
v 0.008835764925872569 0.03893356785773339 0.03943006904207014
v 0.007535187433618584 0.03860388503810652 0.039430479122017026
v 0.008891683022118735 0.038519573077863356 0.039601120063637474
v 0.007535187433618584 0.03860388503810652 0.039430479122017026
v 0.0076679979040921165 0.03821110474293077 0.039601120063637474
v 0.008835764925872569 0.03893356785773339 0.03943006904207014
v 0.008804284733438084 0.039104900213217775 0.039016682229563227
v 0.007473208737227122 0.03876626954451723 0.03901770266105897
v 0.008835764925872569 0.03893356785773339 0.03943006904207014
v 0.007473208737227122 0.03876626954451723 0.03901770266105897
v 0.007535187433618584 0.03860388503810652 0.039430479122017026
v -0.03175691772050593 0.039104900213217775 0.03849487933900475
v -0.03188641000047898 0.03893346295356093 0.038893381679951045
v -0.02850042041017664 0.03893346295356093 0.039429694724909314
v -0.03175691772050593 0.039104900213217775 0.03849487933900475
v -0.02850042041017664 0.03893346295356093 0.039429694724909314
v -0.028467847664627843 0.039104900213217775 0.03901580723339748
v -0.03188641000047898 0.03893346295356093 0.038893381679951045
v -0.03194003749027763 0.03851957784623483 0.03905846746880259
v -0.028513912517266427 0.03851957784623483 0.039601120063637474
v -0.03188641000047898 0.03893346295356093 0.038893381679951045
v -0.028513912517266427 0.03851957784623483 0.039601120063637474
v -0.02850042041017664 0.03893346295356093 0.039429694724909314
v -0.0027716048932461823 0.03493702167860002 0.039601120063637474
v -0.002574841322567134 0.035303373274873096 0.0394300475843985
v -0.004262003803357395 0.0364205335701846 0.039430626941532765
v -0.0027716048932461823 0.03493702167860002 0.039601120063637474
v -0.004262003803357395 0.0364205335701846 0.039430626941532765
v -0.00451915611656406 0.03609471551563859 0.039601120063637474
v -0.002574841322567134 0.035303373274873096 0.0394300475843985
v -0.0024910574594648738 0.03545496695663486 0.039016589246319455
v -0.0041517825986791546 0.036555211454137204 0.03901807220984832
v -0.002574841322567134 0.035303373274873096 0.0394300475843985
v -0.0041517825986791546 0.036555211454137204 0.03901807220984832
v -0.004262003803357395 0.0364205335701846 0.039430626941532765
v 0.0027714529014054023 0.03493731970181724 0.039601120063637474
v 0.002574802281525679 0.03530345433718818 0.03943011910997063
v 0.0008657318905204853 0.03458735222993381 0.03942969949328079
v 0.0027714529014054023 0.03493731970181724 0.039601120063637474
v 0.0008657318905204853 0.03458735222993381 0.03942969949328079
v 0.0009492493208665548 0.03417345043330755 0.039601120063637474
v 0.002574802281525679 0.03530345433718818 0.03943011910997063
v 0.002491066847196216 0.03545496695663486 0.039016915879765524
v 0.0008303551935325143 0.034758772800290494 0.03901580723339748
v 0.002574802281525679 0.03530345433718818 0.03943011910997063
v 0.0008303551935325143 0.034758772800290494 0.03901580723339748
v 0.0008657318905204853 0.03458735222993381 0.03942969949328079
v 0.03175691772050593 0.039104900213217775 0.03849487933900475
v 0.031223394172860797 0.039104900213217775 0.03685283578516163
v 0.028330242000589312 0.039104900213217775 0.03726752436308134
v 0.03175691772050593 0.039104900213217775 0.03849487933900475
v 0.028330242000589312 0.039104900213217775 0.03726752436308134
v 0.028467847664627843 0.039104900213217775 0.03901580723339748
v 0.034682480513696046 0.039104900213217775 0.037004219658578474
v 0.03366765662280491 0.039104900213217775 0.03560743729157512
v 0.031223394172860797 0.039104900213217775 0.03685283578516163
v 0.034682480513696046 0.039104900213217775 0.037004219658578474
v 0.031223394172860797 0.039104900213217775 0.03685283578516163
v 0.03175691772050593 0.039104900213217775 0.03849487933900475
v 0.03700421250602126 0.039104900213217775 0.03468248289788178
v 0.035607430139017904 0.039104900213217775 0.033667661391176384
v 0.03366765662280491 0.039104900213217775 0.03560743729157512
v 0.03700421250602126 0.039104900213217775 0.03468248289788178
v 0.03366765662280491 0.039104900213217775 0.03560743729157512
v 0.034682480513696046 0.039104900213217775 0.037004219658578474
v 0.038494865033890324 0.039104900213217775 0.03175691533632019
v 0.03685284532190458 0.039104900213217775 0.031223396557046534
v 0.035607430139017904 0.039104900213217775 0.033667661391176384
v 0.038494865033890324 0.039104900213217775 0.03175691533632019
v 0.035607430139017904 0.039104900213217775 0.033667661391176384
v 0.03700421250602126 0.039104900213217775 0.03468248289788178
v 0.03901580723339748 0.039104900213217775 0.028467842896256368
v 0.03726753389982429 0.039104900213217775 0.028330239616403574
v 0.03685284532190458 0.039104900213217775 0.031223396557046534
v 0.03901580723339748 0.039104900213217775 0.028467842896256368
v 0.03685284532190458 0.039104900213217775 0.031223396557046534
v 0.038494865033890324 0.039104900213217775 0.03175691533632019
v -0.038494865033890324 0.039104900213217775 0.03175691533632019
v -0.03685284532190458 0.039104900213217775 0.031223396557046534
v -0.03726753389982429 0.039104900213217775 0.028330239616403574
v -0.038494865033890324 0.039104900213217775 0.03175691533632019
v -0.03726753389982429 0.039104900213217775 0.028330239616403574
v -0.03901580723339748 0.039104900213217775 0.028467842896256368
v -0.03700421250602126 0.039104900213217775 0.03468248289788178
v -0.035607427754832166 0.039104900213217775 0.033667661391176384
v -0.03685284532190458 0.039104900213217775 0.031223396557046534
v -0.03700421250602126 0.039104900213217775 0.03468248289788178
v -0.03685284532190458 0.039104900213217775 0.031223396557046534
v -0.038494865033890324 0.039104900213217775 0.03175691533632019
v -0.034682480513696046 0.039104900213217775 0.037004219658578474
v -0.03366765662280491 0.039104900213217775 0.03560743729157512
v -0.035607427754832166 0.039104900213217775 0.033667661391176384
v -0.034682480513696046 0.039104900213217775 0.037004219658578474
v -0.035607427754832166 0.039104900213217775 0.033667661391176384
v -0.03700421250602126 0.039104900213217775 0.03468248289788178
v -0.03175691772050593 0.039104900213217775 0.03849487933900475
v -0.031223394172860797 0.039104900213217775 0.03685283578516163
v -0.03366765662280491 0.039104900213217775 0.03560743729157512
v -0.03175691772050593 0.039104900213217775 0.03849487933900475
v -0.03366765662280491 0.039104900213217775 0.03560743729157512
v -0.034682480513696046 0.039104900213217775 0.037004219658578474
v -0.028467847664627843 0.039104900213217775 0.03901580723339748
v -0.028330242000589312 0.039104900213217775 0.03726752436308134
v -0.031223394172860797 0.039104900213217775 0.03685283578516163
v -0.028467847664627843 0.039104900213217775 0.03901580723339748
v -0.031223394172860797 0.039104900213217775 0.03685283578516163
v -0.03175691772050593 0.039104900213217775 0.03849487933900475
v 0.028467847664627843 0.039104900213217775 0.03901580723339748
v 0.028330242000589312 0.039104900213217775 0.03726752436308134
v 0.00876170913662666 0.039104900213217775 0.03726752436308134
v 0.028467847664627843 0.039104900213217775 0.03901580723339748
v 0.00876170913662666 0.039104900213217775 0.03726752436308134
v 0.008804284733438084 0.039104900213217775 0.039016682229563227
v -0.008804279965066608 0.039104900213217775 0.039016682229563227
v -0.008761704368255185 0.039104900213217775 0.03726752436308134
v -0.028330242000589312 0.039104900213217775 0.03726752436308134
v -0.008804279965066608 0.039104900213217775 0.039016682229563227
v -0.028330242000589312 0.039104900213217775 0.03726752436308134
v -0.028467847664627843 0.039104900213217775 0.03901580723339748
v 0.008804284733438084 0.039104900213217775 0.039016682229563227
v 0.00876170913662666 0.039104900213217775 0.03726752436308134
v 0.0074370543486538265 0.03876626954451723 0.03726752436308134
v 0.008804284733438084 0.039104900213217775 0.039016682229563227
v 0.0074370543486538265 0.03876626954451723 0.03726752436308134
v 0.007473208737227122 0.03876626954451723 0.03901770266105897
v -0.007473203968855646 0.03876626954451723 0.03901770266105897
v -0.007437049580282351 0.03876626954451723 0.03726752436308134
v -0.008761704368255185 0.039104900213217775 0.03726752436308134
v -0.007473203968855646 0.03876626954451723 0.03901770266105897
v -0.008761704368255185 0.039104900213217775 0.03726752436308134
v -0.008804279965066608 0.039104900213217775 0.039016682229563227
v 0.007473208737227122 0.03876626954451723 0.03901770266105897
v 0.0074370543486538265 0.03876626954451723 0.03726752436308134
v 0.005784374346188281 0.038087837571918914 0.03726752436308134
v 0.007473208737227122 0.03876626954451723 0.03901770266105897
v 0.005784374346188281 0.038087837571918914 0.03726752436308134
v 0.005812504757661263 0.038087837571918914 0.03901828201819324
v -0.0024910574594648738 0.03545496695663486 0.039016589246319455
v -0.002479015086315234 0.03545496695663486 0.03726752436308134
v -0.00413169285360665 0.036555211454137204 0.03726752436308134
v -0.0024910574594648738 0.03545496695663486 0.039016589246319455
v -0.00413169285360665 0.036555211454137204 0.03726752436308134
v -0.0041517825986791546 0.036555211454137204 0.03901807220984832
v 0.002491066847196216 0.03545496695663486 0.039016915879765524
v 0.002479020301721535 0.03545496695663486 0.03726752436308134
v 0.000826341565854663 0.034758772800290494 0.03726752436308134
v 0.002491066847196216 0.03545496695663486 0.039016915879765524
v 0.000826341565854663 0.034758772800290494 0.03726752436308134
v 0.0008303551935325143 0.034758772800290494 0.03901580723339748
v -0.005812501181382657 0.038087837571918914 0.03901828201819324
v -0.0057843719620025436 0.038087837571918914 0.03726752436308134
v -0.007437049580282351 0.03876626954451723 0.03726752436308134
v -0.005812501181382657 0.038087837571918914 0.03901828201819324
v -0.007437049580282351 0.03876626954451723 0.03726752436308134
v -0.007473203968855646 0.03876626954451723 0.03901770266105897
v -0.0041517825986791546 0.036555211454137204 0.03901807220984832
v -0.00413169285360665 0.036555211454137204 0.03726752436308134
v -0.0057843719620025436 0.038087837571918914 0.03726752436308134
v -0.0041517825986791546 0.036555211454137204 0.03901807220984832
v -0.0057843719620025436 0.038087837571918914 0.03726752436308134
v -0.005812501181382657 0.038087837571918914 0.03901828201819324
v 0.004151788857166716 0.036555211454137204 0.03901807220984832
v 0.00413169821802456 0.036555211454137204 0.03726752436308134
v 0.002479020301721535 0.03545496695663486 0.03726752436308134
v 0.004151788857166716 0.036555211454137204 0.03901807220984832
v 0.002479020301721535 0.03545496695663486 0.03726752436308134
v 0.002491066847196216 0.03545496695663486 0.039016915879765524
v 0.005812504757661263 0.038087837571918914 0.03901828201819324
v 0.005784374346188281 0.038087837571918914 0.03726752436308134
v 0.00413169821802456 0.036555211454137204 0.03726752436308134
v 0.005812504757661263 0.038087837571918914 0.03901828201819324
v 0.00413169821802456 0.036555211454137204 0.03726752436308134
v 0.004151788857166716 0.036555211454137204 0.03901807220984832
v -0.0008303486370217356 0.034758772800290494 0.03901580723339748
v -0.0008263362759425574 0.034758772800290494 0.03726752436308134
v -0.002479015086315234 0.03545496695663486 0.03726752436308134
v -0.0008303486370217356 0.034758772800290494 0.03901580723339748
v -0.002479015086315234 0.03545496695663486 0.03726752436308134
v -0.0024910574594648738 0.03545496695663486 0.039016589246319455
v 0.0008303551935325143 0.034758772800290494 0.03901580723339748
v 0.000826341565854663 0.034758772800290494 0.03726752436308134
v -0.0008263362759425574 0.034758772800290494 0.03726752436308134
v 0.0008303551935325143 0.034758772800290494 0.03901580723339748
v -0.0008263362759425574 0.034758772800290494 0.03726752436308134
v -0.0008303486370217356 0.034758772800290494 0.03901580723339748
v 0.03960112721619469 0.03851957784623483 0.028513917285637902
v 0.03942969949328079 0.03893346295356093 0.02850042041017664
v 0.03889338883250826 0.03893346295356093 0.031886407616293244
v 0.03960112721619469 0.03851957784623483 0.028513917285637902
v 0.03889338883250826 0.03893346295356093 0.031886407616293244
v 0.03905846985298833 0.03851957784623483 0.03194003510609189
v 0.03942969949328079 0.03893346295356093 0.02850042041017664
v 0.03901580723339748 0.039104900213217775 0.028467842896256368
v 0.038494865033890324 0.039104900213217775 0.03175691533632019
v 0.03942969949328079 0.03893346295356093 0.02850042041017664
v 0.038494865033890324 0.039104900213217775 0.03175691533632019
v 0.03889338883250826 0.03893346295356093 0.031886407616293244
v 0.028513912517266427 0.03851957784623483 0.039601120063637474
v 0.02850042041017664 0.03893346295356093 0.039429694724909314
v 0.008835764925872569 0.03893356785773339 0.03943006904207014
v 0.028513912517266427 0.03851957784623483 0.039601120063637474
v 0.008835764925872569 0.03893356785773339 0.03943006904207014
v 0.008891683022118735 0.038519573077863356 0.039601120063637474
v 0.02850042041017664 0.03893346295356093 0.039429694724909314
v 0.028467847664627843 0.039104900213217775 0.03901580723339748
v 0.008804284733438084 0.039104900213217775 0.039016682229563227
v 0.02850042041017664 0.03893346295356093 0.039429694724909314
v 0.008804284733438084 0.039104900213217775 0.039016682229563227
v 0.008835764925872569 0.03893356785773339 0.03943006904207014
v 0.028467847664627843 0.039104900213217775 0.03901580723339748
v 0.02850042041017664 0.03893346295356093 0.039429694724909314
v 0.03188641000047898 0.03893346295356093 0.038893381679951045
v 0.028467847664627843 0.039104900213217775 0.03901580723339748
v 0.03188641000047898 0.03893346295356093 0.038893381679951045
v 0.03175691772050593 0.039104900213217775 0.03849487933900475
v 0.02850042041017664 0.03893346295356093 0.039429694724909314
v 0.028513912517266427 0.03851957784623483 0.039601120063637474
v 0.03194003749027763 0.03851957784623483 0.03905846746880259
v 0.02850042041017664 0.03893346295356093 0.039429694724909314
v 0.03194003749027763 0.03851957784623483 0.03905846746880259
v 0.03188641000047898 0.03893346295356093 0.038893381679951045
v 0.03175691772050593 0.039104900213217775 0.03849487933900475
v 0.03188641000047898 0.03893346295356093 0.038893381679951045
v 0.03492878835807467 0.03893346295356093 0.037343234181182794
v 0.03175691772050593 0.039104900213217775 0.03849487933900475
v 0.03492878835807467 0.03893346295356093 0.037343234181182794
v 0.034682480513696046 0.039104900213217775 0.037004219658578474
v 0.03188641000047898 0.03893346295356093 0.038893381679951045
v 0.03194003749027763 0.03851957784623483 0.03905846746880259
v 0.035030812434163394 0.03851957784623483 0.03748364603183463
v 0.03188641000047898 0.03893346295356093 0.038893381679951045
v 0.035030812434163394 0.03851957784623483 0.03748364603183463
v 0.03492878835807467 0.03893346295356093 0.037343234181182794
v 0.034682480513696046 0.039104900213217775 0.037004219658578474
v 0.03492878835807467 0.03893346295356093 0.037343234181182794
v 0.03734322702862558 0.03893346295356093 0.03492879551063188
v 0.034682480513696046 0.039104900213217775 0.037004219658578474
v 0.03734322702862558 0.03893346295356093 0.03492879551063188
v 0.03700421250602126 0.039104900213217775 0.03468248289788178
v 0.03492878835807467 0.03893346295356093 0.037343234181182794
v 0.035030812434163394 0.03851957784623483 0.03748364603183463
v 0.0374836508002061 0.03851957784623483 0.03503080289742044
v 0.03492878835807467 0.03893346295356093 0.037343234181182794
v 0.0374836508002061 0.03851957784623483 0.03503080289742044
v 0.03734322702862558 0.03893346295356093 0.03492879551063188
v 0.03700421250602126 0.039104900213217775 0.03468248289788178
v 0.03734322702862558 0.03893346295356093 0.03492879551063188
v 0.03889338883250826 0.03893346295356093 0.031886407616293244
v 0.03700421250602126 0.039104900213217775 0.03468248289788178
v 0.03889338883250826 0.03893346295356093 0.031886407616293244
v 0.038494865033890324 0.039104900213217775 0.03175691533632019
v 0.03734322702862558 0.03893346295356093 0.03492879551063188
v 0.0374836508002061 0.03851957784623483 0.03503080289742044
v 0.03905846985298833 0.03851957784623483 0.03194003510609189
v 0.03734322702862558 0.03893346295356093 0.03492879551063188
v 0.03905846985298833 0.03851957784623483 0.03194003510609189
v 0.03889338883250826 0.03893346295356093 0.031886407616293244
v -0.03901580723339748 0.039104900213217775 0.028467842896256368
v -0.03942969949328079 0.03893346295356093 0.02850042041017664
v -0.03889338883250826 0.03893346295356093 0.031886407616293244
v -0.03901580723339748 0.039104900213217775 0.028467842896256368
v -0.03889338883250826 0.03893346295356093 0.031886407616293244
v -0.038494865033890324 0.039104900213217775 0.03175691533632019
v -0.03942969949328079 0.03893346295356093 0.02850042041017664
v -0.03960112721619469 0.03851957784623483 0.028513917285637902
v -0.03905846985298833 0.03851957784623483 0.03194003510609189
v -0.03942969949328079 0.03893346295356093 0.02850042041017664
v -0.03905846985298833 0.03851957784623483 0.03194003510609189
v -0.03889338883250826 0.03893346295356093 0.031886407616293244
v -0.038494865033890324 0.039104900213217775 0.03175691533632019
v -0.03889338883250826 0.03893346295356093 0.031886407616293244
v -0.03734322702862558 0.03893346295356093 0.03492879551063188
v -0.038494865033890324 0.039104900213217775 0.03175691533632019
v -0.03734322702862558 0.03893346295356093 0.03492879551063188
v -0.03700421250602126 0.039104900213217775 0.03468248289788178
v -0.03889338883250826 0.03893346295356093 0.031886407616293244
v -0.03905846985298833 0.03851957784623483 0.03194003510609189
v -0.0374836508002061 0.03851957784623483 0.03503080289742044
v -0.03889338883250826 0.03893346295356093 0.031886407616293244
v -0.0374836508002061 0.03851957784623483 0.03503080289742044
v -0.03734322702862558 0.03893346295356093 0.03492879551063188
v -0.03700421250602126 0.039104900213217775 0.03468248289788178
v -0.03734322702862558 0.03893346295356093 0.03492879551063188
v -0.03492878835807467 0.03893346295356093 0.037343234181182794
v -0.03700421250602126 0.039104900213217775 0.03468248289788178
v -0.03492878835807467 0.03893346295356093 0.037343234181182794
v -0.034682480513696046 0.039104900213217775 0.037004219658578474
v -0.03734322702862558 0.03893346295356093 0.03492879551063188
v -0.0374836508002061 0.03851957784623483 0.03503080289742044
v -0.035030812434163394 0.03851957784623483 0.03748364603183463
v -0.03734322702862558 0.03893346295356093 0.03492879551063188
v -0.035030812434163394 0.03851957784623483 0.03748364603183463
v -0.03492878835807467 0.03893346295356093 0.037343234181182794
v -0.034682480513696046 0.039104900213217775 0.037004219658578474
v -0.03492878835807467 0.03893346295356093 0.037343234181182794
v -0.03188641000047898 0.03893346295356093 0.038893381679951045
v -0.034682480513696046 0.039104900213217775 0.037004219658578474
v -0.03188641000047898 0.03893346295356093 0.038893381679951045
v -0.03175691772050593 0.039104900213217775 0.03849487933900475
v -0.03492878835807467 0.03893346295356093 0.037343234181182794
v -0.035030812434163394 0.03851957784623483 0.03748364603183463
v -0.03194003749027763 0.03851957784623483 0.03905846746880259
v -0.03492878835807467 0.03893346295356093 0.037343234181182794
v -0.03194003749027763 0.03851957784623483 0.03905846746880259
v -0.03188641000047898 0.03893346295356093 0.038893381679951045
v -0.028467847664627843 0.039104900213217775 0.03901580723339748
v -0.02850042041017664 0.03893346295356093 0.039429694724909314
v -0.008835695784486175 0.038934080457667 0.03943006904207014
v -0.028467847664627843 0.039104900213217775 0.03901580723339748
v -0.008835695784486175 0.038934080457667 0.03943006904207014
v -0.008804279965066608 0.039104900213217775 0.039016682229563227
v -0.02850042041017664 0.03893346295356093 0.039429694724909314
v -0.028513912517266427 0.03851957784623483 0.039601120063637474
v -0.008891458908659389 0.038521323070194846 0.039601120063637474
v -0.02850042041017664 0.03893346295356093 0.039429694724909314
v -0.008891458908659389 0.038521323070194846 0.039601120063637474
v -0.008835695784486175 0.038934080457667 0.03943006904207014
v -0.008804279965066608 0.039104900213217775 0.039016682229563227
v -0.008835695784486175 0.038934080457667 0.03943006904207014
v -0.007535182069200674 0.03860388503810652 0.039430479122017026
v -0.008804279965066608 0.039104900213217775 0.039016682229563227
v -0.007535182069200674 0.03860388503810652 0.039430479122017026
v -0.007473203968855646 0.03876626954451723 0.03901770266105897
v -0.008835695784486175 0.038934080457667 0.03943006904207014
v -0.008891458908659389 0.038521323070194846 0.039601120063637474
v -0.007667994923859944 0.03821110474293077 0.039601120063637474
v -0.008835695784486175 0.038934080457667 0.03943006904207014
v -0.007667994923859944 0.03821110474293077 0.039601120063637474
v -0.007535182069200674 0.03860388503810652 0.039430479122017026
v 0.0076679979040921165 0.03821110474293077 0.039601120063637474
v 0.007535187433618584 0.03860388503810652 0.039430479122017026
v 0.005911866294327384 0.03794183957408359 0.03943072946151949
v 0.0076679979040921165 0.03821110474293077 0.039601120063637474
v 0.005911866294327384 0.03794183957408359 0.03943072946151949
v 0.006139052373043019 0.03758848179008112 0.039601120063637474
v 0.007535187433618584 0.03860388503810652 0.039430479122017026
v 0.007473208737227122 0.03876626954451723 0.03901770266105897
v 0.005812504757661263 0.038087837571918914 0.03901828201819324
v 0.007535187433618584 0.03860388503810652 0.039430479122017026
v 0.005812504757661263 0.038087837571918914 0.03901828201819324
v 0.005911866294327384 0.03794183957408359 0.03943072946151949
v -0.007473203968855646 0.03876626954451723 0.03901770266105897
v -0.007535182069200674 0.03860388503810652 0.039430479122017026
v -0.005911862718048777 0.03794183957408359 0.03943072946151949
v -0.007473203968855646 0.03876626954451723 0.03901770266105897
v -0.005911862718048777 0.03794183957408359 0.03943072946151949
v -0.005812501181382657 0.038087837571918914 0.03901828201819324
v -0.007535182069200674 0.03860388503810652 0.039430479122017026
v -0.007667994923859944 0.03821110474293077 0.039601120063637474
v -0.006139045220485806 0.03758848179008112 0.039601120063637474
v -0.007535182069200674 0.03860388503810652 0.039430479122017026
v -0.006139045220485806 0.03758848179008112 0.039601120063637474
v -0.005911862718048777 0.03794183957408359 0.03943072946151949
v -0.0024910574594648738 0.03545496695663486 0.039016589246319455
v -0.002574841322567134 0.035303373274873096 0.0394300475843985
v -0.0008657251104922936 0.03458735222993381 0.03942969949328079
v -0.0024910574594648738 0.03545496695663486 0.039016589246319455
v -0.0008657251104922936 0.03458735222993381 0.03942969949328079
v -0.0008303486370217356 0.034758772800290494 0.03901580723339748
v -0.002574841322567134 0.035303373274873096 0.0394300475843985
v -0.0027716048932461823 0.03493702167860002 0.039601120063637474
v -0.0009492425408383631 0.03417345043330755 0.039601120063637474
v -0.002574841322567134 0.035303373274873096 0.0394300475843985
v -0.0009492425408383631 0.03417345043330755 0.039601120063637474
v -0.0008657251104922936 0.03458735222993381 0.03942969949328079
v 0.002491066847196216 0.03545496695663486 0.039016915879765524
v 0.002574802281525679 0.03530345433718818 0.03943011910997063
v 0.004262010657891391 0.0364205335701846 0.039430626941532765
v 0.002491066847196216 0.03545496695663486 0.039016915879765524
v 0.004262010657891391 0.0364205335701846 0.039430626941532765
v 0.004151788857166716 0.036555211454137204 0.03901807220984832
v 0.002574802281525679 0.03530345433718818 0.03943011910997063
v 0.0027714529014054023 0.03493731970181724 0.039601120063637474
v 0.004519162971098056 0.03609471551563859 0.039601120063637474
v 0.002574802281525679 0.03530345433718818 0.03943011910997063
v 0.004519162971098056 0.03609471551563859 0.039601120063637474
v 0.004262010657891391 0.0364205335701846 0.039430626941532765
v -0.00451915611656406 0.03609471551563859 0.039601120063637474
v -0.004262003803357395 0.0364205335701846 0.039430626941532765
v -0.005911862718048777 0.03794183957408359 0.03943072946151949
v -0.00451915611656406 0.03609471551563859 0.039601120063637474
v -0.005911862718048777 0.03794183957408359 0.03943072946151949
v -0.006139045220485806 0.03758848179008112 0.039601120063637474
v -0.004262003803357395 0.0364205335701846 0.039430626941532765
v -0.0041517825986791546 0.036555211454137204 0.03901807220984832
v -0.005812501181382657 0.038087837571918914 0.03901828201819324
v -0.004262003803357395 0.0364205335701846 0.039430626941532765
v -0.005812501181382657 0.038087837571918914 0.03901828201819324
v -0.005911862718048777 0.03794183957408359 0.03943072946151949
v 0.006139052373043019 0.03758848179008112 0.039601120063637474
v 0.005911866294327384 0.03794183957408359 0.03943072946151949
v 0.004262010657891391 0.0364205335701846 0.039430626941532765
v 0.006139052373043019 0.03758848179008112 0.039601120063637474
v 0.004262010657891391 0.0364205335701846 0.039430626941532765
v 0.004519162971098056 0.03609471551563859 0.039601120063637474
v 0.005911866294327384 0.03794183957408359 0.03943072946151949
v 0.005812504757661263 0.038087837571918914 0.03901828201819324
v 0.004151788857166716 0.036555211454137204 0.03901807220984832
v 0.005911866294327384 0.03794183957408359 0.03943072946151949
v 0.004151788857166716 0.036555211454137204 0.03901807220984832
v 0.004262010657891391 0.0364205335701846 0.039430626941532765
v 0.0009492493208665548 0.03417345043330755 0.039601120063637474
v 0.0008657318905204853 0.03458735222993381 0.03942969949328079
v -0.0008657251104922936 0.03458735222993381 0.03942969949328079
v 0.0009492493208665548 0.03417345043330755 0.039601120063637474
v -0.0008657251104922936 0.03458735222993381 0.03942969949328079
v -0.0009492425408383631 0.03417345043330755 0.039601120063637474
v 0.0008657318905204853 0.03458735222993381 0.03942969949328079
v 0.0008303551935325143 0.034758772800290494 0.03901580723339748
v -0.0008303486370217356 0.034758772800290494 0.03901580723339748
v 0.0008657318905204853 0.03458735222993381 0.03942969949328079
v -0.0008303486370217356 0.034758772800290494 0.03901580723339748
v -0.0008657251104922936 0.03458735222993381 0.03942969949328079
v 0.02845749553015464 0.03712257136577213 0.03888380917421408
v 0.02835850652251004 0.03712257136577213 0.03766392146802122
v 0.03134474684272526 0.03712257136577213 0.03723588860252747
v 0.02845749553015464 0.03712257136577213 0.03888380917421408
v 0.03134474684272526 0.03712257136577213 0.03723588860252747
v 0.03171575236955837 0.03712257136577213 0.038368167019601884
v 0.03171575236955837 0.03712257136577213 0.038368167019601884
v 0.03134474684272526 0.03712257136577213 0.03723588860252747
v 0.033903555112252626 0.03712257136577213 0.035932127626267185
v 0.03171575236955837 0.03712257136577213 0.038368167019601884
v 0.033903555112252626 0.03712257136577213 0.035932127626267185
v 0.0346041862382549 0.03712257136577213 0.03689645207904757
v 0.0346041862382549 0.03712257136577213 0.03689645207904757
v 0.033903555112252626 0.03712257136577213 0.035932127626267185
v 0.035932118089524234 0.03712257136577213 0.0339035598806241
v 0.0346041862382549 0.03712257136577213 0.03689645207904757
v 0.035932118089524234 0.03712257136577213 0.0339035598806241
v 0.03689644969486183 0.03712257136577213 0.03460418146988342
v 0.03689644969486183 0.03712257136577213 0.03460418146988342
v 0.035932118089524234 0.03712257136577213 0.0339035598806241
v 0.03723589813927042 0.03712257136577213 0.031344749226910995
v 0.03689644969486183 0.03712257136577213 0.03460418146988342
v 0.03723589813927042 0.03712257136577213 0.031344749226910995
v 0.038368176556344835 0.03712257136577213 0.03171574998537263
v 0.038368176556344835 0.03712257136577213 0.03171574998537263
v 0.03723589813927042 0.03712257136577213 0.031344749226910995
v 0.037663928620578435 0.03712257136577213 0.028358504138324303
v 0.038368176556344835 0.03712257136577213 0.03171574998537263
v 0.037663928620578435 0.03712257136577213 0.028358504138324303
v 0.038884255016947034 0.03712257136577213 0.02845748837759743
v -0.038884255016947034 0.03712257136577213 0.02845748837759743
v -0.037663928620578435 0.03712257136577213 0.028358504138324303
v -0.03723589813927042 0.03712257136577213 0.031344749226910995
v -0.038884255016947034 0.03712257136577213 0.02845748837759743
v -0.03723589813927042 0.03712257136577213 0.031344749226910995
v -0.038368176556344835 0.03712257136577213 0.03171574998537263
v -0.038368176556344835 0.03712257136577213 0.03171574998537263
v -0.03723589813927042 0.03712257136577213 0.031344749226910995
v -0.035932115705338497 0.03712257136577213 0.0339035598806241
v -0.038368176556344835 0.03712257136577213 0.03171574998537263
v -0.035932115705338497 0.03712257136577213 0.0339035598806241
v -0.03689644969486183 0.03712257136577213 0.03460418146988342
v -0.03689644969486183 0.03712257136577213 0.03460418146988342
v -0.035932115705338497 0.03712257136577213 0.0339035598806241
v -0.033903555112252626 0.03712257136577213 0.035932127626267185
v -0.03689644969486183 0.03712257136577213 0.03460418146988342
v -0.033903555112252626 0.03712257136577213 0.035932127626267185
v -0.0346041862382549 0.03712257136577213 0.03689645207904757
v -0.0346041862382549 0.03712257136577213 0.03689645207904757
v -0.033903555112252626 0.03712257136577213 0.035932127626267185
v -0.03134474684272526 0.03712257136577213 0.037235890986713205
v -0.0346041862382549 0.03712257136577213 0.03689645207904757
v -0.03134474684272526 0.03712257136577213 0.037235890986713205
v -0.03171575236955837 0.03712257136577213 0.038368164635416147
v -0.03171575236955837 0.03712257136577213 0.038368164635416147
v -0.03134474684272526 0.03712257136577213 0.037235890986713205
v -0.02835850652251004 0.03712257136577213 0.03766348277784548
v -0.03171575236955837 0.03712257136577213 0.038368164635416147
v -0.02835850652251004 0.03712257136577213 0.03766348277784548
v -0.02845749553015464 0.03712257136577213 0.03888424786438982
v 0.008748348755798885 0.03712366093865427 0.0388851252447413
v 0.008699825807664707 0.037121505634747365 0.0376652661487773
v 0.02835850652251004 0.03712257136577213 0.03766392146802122
v 0.008748348755798885 0.03712366093865427 0.0388851252447413
v 0.02835850652251004 0.03712257136577213 0.03766392146802122
v 0.02845749553015464 0.03712257136577213 0.03888380917421408
v -0.02845749553015464 0.03712257136577213 0.03888424786438982
v -0.02835850652251004 0.03712257136577213 0.03766348277784548
v -0.008699812098596715 0.03712150325056163 0.03766526853296304
v -0.02845749553015464 0.03712257136577213 0.03888424786438982
v -0.008699812098596715 0.03712150325056163 0.03766526853296304
v -0.008748347563706016 0.03712366093865427 0.0388851252447413
v 0.007322147324931305 0.03676244011008878 0.03888650330409771
v 0.007282050685240682 0.03675771226977087 0.037667187802481905
v 0.008699825807664707 0.037121505634747365 0.0376652661487773
v 0.007322147324931305 0.03676244011008878 0.03888650330409771
v 0.008699825807664707 0.037121505634747365 0.0376652661487773
v 0.008748348755798885 0.03712366093865427 0.0388851252447413
v -0.008748347563706016 0.03712366093865427 0.0388851252447413
v -0.008699812098596715 0.03712150325056163 0.03766526853296304
v -0.007282038168265559 0.03675771226977087 0.03766719018666764
v -0.008748347563706016 0.03712366093865427 0.0388851252447413
v -0.007282038168265559 0.03675771226977087 0.03766719018666764
v -0.007322128847491838 0.036762432957531566 0.038886505688283446
v 0.005544312472396062 0.0360372494868022 0.03888736161096329
v 0.005515539522866764 0.03603198043632183 0.03766836797442208
v 0.007282050685240682 0.03675771226977087 0.037667187802481905
v 0.005544312472396062 0.0360372494868022 0.03888736161096329
v 0.007282050685240682 0.03675771226977087 0.037667187802481905
v 0.007322147324931305 0.03676244011008878 0.03888650330409771
v -0.0038457243775041894 0.034470343546483484 0.03888688000544427
v -0.003826317701645543 0.03446598048658345 0.03766776715961617
v -0.0022446551417263927 0.03341467855390512 0.0376655379459514
v -0.0038457243775041894 0.034470343546483484 0.03888688000544427
v -0.0022446551417263927 0.03341467855390512 0.0376655379459514
v -0.0022570166977416706 0.03341694353035596 0.038885258759142616
v 0.0007309574470455021 0.032776751512805014 0.038884514893192446
v 0.0007266324596114648 0.032776122087770254 0.03766418611263811
v 0.002244659165039825 0.03341467855390512 0.03766554033013714
v 0.0007309574470455021 0.032776751512805014 0.038884514893192446
v 0.002244659165039825 0.03341467855390512 0.03766554033013714
v 0.0022570348771579207 0.03341695068291317 0.03888545664655885
v -0.007322128847491838 0.036762432957531566 0.038886505688283446
v -0.007282038168265559 0.03675771226977087 0.03766719018666764
v -0.005515533562402419 0.03603198043632183 0.037668360821864866
v -0.007322128847491838 0.036762432957531566 0.038886505688283446
v -0.005515533562402419 0.03603198043632183 0.037668360821864866
v -0.005544332141928399 0.03603726617610237 0.03888736161096329
v -0.005544332141928399 0.03603726617610237 0.03888736161096329
v -0.005515533562402419 0.03603198043632183 0.037668360821864866
v -0.003826317701645543 0.03446598048658345 0.03766776715961617
v -0.005544332141928399 0.03603726617610237 0.03888736161096329
v -0.003826317701645543 0.03446598048658345 0.03766776715961617
v -0.0038457243775041894 0.034470343546483484 0.03888688000544427
v 0.0022570348771579207 0.03341695068291317 0.03888545664655885
v 0.002244659165039825 0.03341467855390512 0.03766554033013714
v 0.0038263346889689243 0.0344659900233264 0.0376677623912447
v 0.0022570348771579207 0.03341695068291317 0.03888545664655885
v 0.0038263346889689243 0.0344659900233264 0.0376677623912447
v 0.0038457145427380213 0.03447032685718332 0.038887092197974926
v 0.0038457145427380213 0.03447032685718332 0.038887092197974926
v 0.0038263346889689243 0.0344659900233264 0.0376677623912447
v 0.005515539522866764 0.03603198043632183 0.03766836797442208
v 0.0038457145427380213 0.03447032685718332 0.038887092197974926
v 0.005515539522866764 0.03603198043632183 0.03766836797442208
v 0.005544312472396062 0.0360372494868022 0.03888736161096329
v -0.0022570166977416706 0.03341694353035596 0.038885258759142616
v -0.0022446551417263927 0.03341467855390512 0.0376655379459514
v -0.0007266317890592261 0.032776119703584516 0.037664181344266634
v -0.0022570166977416706 0.03341694353035596 0.038885258759142616
v -0.0007266317890592261 0.032776119703584516 0.037664181344266634
v -0.0007309102848713778 0.032776749128619276 0.03888436707367671
v -0.0007309102848713778 0.032776749128619276 0.03888436707367671
v -0.0007266317890592261 0.032776119703584516 0.037664181344266634
v 0.0007266324596114648 0.032776122087770254 0.03766418611263811
v -0.0007309102848713778 0.032776749128619276 0.03888436707367671
v 0.0007266324596114648 0.032776122087770254 0.03766418611263811
v 0.0007309574470455021 0.032776751512805014 0.038884514893192446
v 0.028513912517266427 0.03694756736425164 0.039601120063637474
v 0.03194003749027763 0.03694756736425164 0.03905846746880259
v 0.03194003749027763 0.03851957784623483 0.03905846746880259
v 0.028513912517266427 0.03694756736425164 0.039601120063637474
v 0.03194003749027763 0.03851957784623483 0.03905846746880259
v 0.028513912517266427 0.03851957784623483 0.039601120063637474
v 0.03194003749027763 0.03694756736425164 0.03905846746880259
v 0.035030812434163394 0.03694756736425164 0.03748364603183463
v 0.035030812434163394 0.03851957784623483 0.03748364603183463
v 0.03194003749027763 0.03694756736425164 0.03905846746880259
v 0.035030812434163394 0.03851957784623483 0.03748364603183463
v 0.03194003749027763 0.03851957784623483 0.03905846746880259
v 0.035030812434163394 0.03694756736425164 0.03748364603183463
v 0.0374836508002061 0.03694756736425164 0.03503080289742044
v 0.0374836508002061 0.03851957784623483 0.03503080289742044
v 0.035030812434163394 0.03694756736425164 0.03748364603183463
v 0.0374836508002061 0.03851957784623483 0.03503080289742044
v 0.035030812434163394 0.03851957784623483 0.03748364603183463
v 0.0374836508002061 0.03694756736425164 0.03503080289742044
v 0.03905846985298833 0.03694756736425164 0.03194003510609189
v 0.03905846985298833 0.03851957784623483 0.03194003510609189
v 0.0374836508002061 0.03694756736425164 0.03503080289742044
v 0.03905846985298833 0.03851957784623483 0.03194003510609189
v 0.0374836508002061 0.03851957784623483 0.03503080289742044
v 0.03905846985298833 0.03694756736425164 0.03194003510609189
v 0.03960112721619469 0.03694756736425164 0.028513917285637902
v 0.03960112721619469 0.03851957784623483 0.028513917285637902
v 0.03905846985298833 0.03694756736425164 0.03194003510609189
v 0.03960112721619469 0.03851957784623483 0.028513917285637902
v 0.03905846985298833 0.03851957784623483 0.03194003510609189
v -0.03960112721619469 0.03694756736425164 0.028513917285637902
v -0.03905846985298833 0.03694756736425164 0.03194003510609189
v -0.03905846985298833 0.03851957784623483 0.03194003510609189
v -0.03960112721619469 0.03694756736425164 0.028513917285637902
v -0.03905846985298833 0.03851957784623483 0.03194003510609189
v -0.03960112721619469 0.03851957784623483 0.028513917285637902
v -0.03905846985298833 0.03694756736425164 0.03194003510609189
v -0.0374836508002061 0.03694756736425164 0.03503080289742044
v -0.0374836508002061 0.03851957784623483 0.03503080289742044
v -0.03905846985298833 0.03694756736425164 0.03194003510609189
v -0.0374836508002061 0.03851957784623483 0.03503080289742044
v -0.03905846985298833 0.03851957784623483 0.03194003510609189
v -0.0374836508002061 0.03694756736425164 0.03503080289742044
v -0.035030812434163394 0.03694756736425164 0.03748364603183463
v -0.035030812434163394 0.03851957784623483 0.03748364603183463
v -0.0374836508002061 0.03694756736425164 0.03503080289742044
v -0.035030812434163394 0.03851957784623483 0.03748364603183463
v -0.0374836508002061 0.03851957784623483 0.03503080289742044
v -0.035030812434163394 0.03694756736425164 0.03748364603183463
v -0.03194003749027763 0.03694756736425164 0.03905846746880259
v -0.03194003749027763 0.03851957784623483 0.03905846746880259
v -0.035030812434163394 0.03694756736425164 0.03748364603183463
v -0.03194003749027763 0.03851957784623483 0.03905846746880259
v -0.035030812434163394 0.03851957784623483 0.03748364603183463
v -0.03194003749027763 0.03694756736425164 0.03905846746880259
v -0.028513912517266427 0.03694756736425164 0.039601120063637474
v -0.028513912517266427 0.03851957784623483 0.039601120063637474
v -0.03194003749027763 0.03694756736425164 0.03905846746880259
v -0.028513912517266427 0.03851957784623483 0.039601120063637474
v -0.03194003749027763 0.03851957784623483 0.03905846746880259
v 0.028513912517266427 0.03694756736425164 0.039601120063637474
v 0.028513912517266427 0.03851957784623483 0.039601120063637474
v 0.008891683022118735 0.038519573077863356 0.039601120063637474
v 0.028513912517266427 0.03694756736425164 0.039601120063637474
v 0.008891683022118735 0.038519573077863356 0.039601120063637474
v 0.008778325719125735 0.036948530575289684 0.039601120063637474
v -0.00877844075608758 0.03694756974843738 0.039601120063637474
v -0.008891458908659389 0.038521323070194846 0.039601120063637474
v -0.028513912517266427 0.03851957784623483 0.039601120063637474
v -0.00877844075608758 0.03694756974843738 0.039601120063637474
v -0.028513912517266427 0.03851957784623483 0.039601120063637474
v -0.028513912517266427 0.03694756736425164 0.039601120063637474
v 0.008778325719125735 0.036948530575289684 0.039601120063637474
v 0.008891683022118735 0.038519573077863356 0.039601120063637474
v 0.0076679979040921165 0.03821110474293077 0.039601120063637474
v 0.008778325719125735 0.036948530575289684 0.039601120063637474
v 0.0076679979040921165 0.03821110474293077 0.039601120063637474
v 0.007384420468261377 0.036594791321569176 0.039601120063637474
v -0.0073845527905698205 0.03659437647325081 0.039601120063637474
v -0.007667994923859944 0.03821110474293077 0.039601120063637474
v -0.008891458908659389 0.038521323070194846 0.039601120063637474
v -0.0073845527905698205 0.03659437647325081 0.039601120063637474
v -0.008891458908659389 0.038521323070194846 0.039601120063637474
v -0.00877844075608758 0.03694756974843738 0.039601120063637474
v 0.007384420468261377 0.036594791321569176 0.039601120063637474
v 0.0076679979040921165 0.03821110474293077 0.039601120063637474
v 0.006139052373043019 0.03758848179008112 0.039601120063637474
v 0.007384420468261377 0.036594791321569176 0.039601120063637474
v 0.006139052373043019 0.03758848179008112 0.039601120063637474
v 0.005646298997559418 0.035886425897033725 0.039601120063637474
v -0.002343187279779002 0.033261659129072196 0.039601120063637474
v -0.0027716048932461823 0.03493702167860002 0.039601120063637474
v -0.00451915611656406 0.03609471551563859 0.039601120063637474
v -0.002343187279779002 0.033261659129072196 0.039601120063637474
v -0.00451915611656406 0.03609471551563859 0.039601120063637474
v -0.003959444076729324 0.0343314957216756 0.039601120063637474
v 0.002343280412034382 0.03326149700444203 0.039601120063637474
v 0.0027714529014054023 0.03493731970181724 0.039601120063637474
v 0.0009492493208665548 0.03417345043330755 0.039601120063637474
v 0.002343280412034382 0.03326149700444203 0.039601120063637474
v 0.0009492493208665548 0.03417345043330755 0.039601120063637474
v 0.0007673355020433176 0.03260143995132436 0.039601120063637474
v -0.005646718614249258 0.0358857607092129 0.039601120063637474
v -0.006139045220485806 0.03758848179008112 0.039601120063637474
v -0.007667994923859944 0.03821110474293077 0.039601120063637474
v -0.005646718614249258 0.0358857607092129 0.039601120063637474
v -0.007667994923859944 0.03821110474293077 0.039601120063637474
v -0.0073845527905698205 0.03659437647325081 0.039601120063637474
v -0.003959444076729324 0.0343314957216756 0.039601120063637474
v -0.00451915611656406 0.03609471551563859 0.039601120063637474
v -0.006139045220485806 0.03758848179008112 0.039601120063637474
v -0.003959444076729324 0.0343314957216756 0.039601120063637474
v -0.006139045220485806 0.03758848179008112 0.039601120063637474
v -0.005646718614249258 0.0358857607092129 0.039601120063637474
v 0.003959594578454018 0.03433131213937379 0.039601120063637474
v 0.004519162971098056 0.03609471551563859 0.039601120063637474
v 0.0027714529014054023 0.03493731970181724 0.039601120063637474
v 0.003959594578454018 0.03433131213937379 0.039601120063637474
v 0.0027714529014054023 0.03493731970181724 0.039601120063637474
v 0.002343280412034382 0.03326149700444203 0.039601120063637474
v 0.005646298997559418 0.035886425897033725 0.039601120063637474
v 0.006139052373043019 0.03758848179008112 0.039601120063637474
v 0.004519162971098056 0.03609471551563859 0.039601120063637474
v 0.005646298997559418 0.035886425897033725 0.039601120063637474
v 0.004519162971098056 0.03609471551563859 0.039601120063637474
v 0.003959594578454018 0.03433131213937379 0.039601120063637474
v -0.0007673000372804689 0.03260158061828289 0.039601120063637474
v -0.0009492425408383631 0.03417345043330755 0.039601120063637474
v -0.0027716048932461823 0.03493702167860002 0.039601120063637474
v -0.0007673000372804689 0.03260158061828289 0.039601120063637474
v -0.0027716048932461823 0.03493702167860002 0.039601120063637474
v -0.002343187279779002 0.033261659129072196 0.039601120063637474
v 0.0007673355020433176 0.03260143995132436 0.039601120063637474
v 0.0009492493208665548 0.03417345043330755 0.039601120063637474
v -0.0009492425408383631 0.03417345043330755 0.039601120063637474
v 0.0007673355020433176 0.03260143995132436 0.039601120063637474
v -0.0009492425408383631 0.03417345043330755 0.039601120063637474
v -0.0007673000372804689 0.03260158061828289 0.039601120063637474
v 0.03928064973770118 0.036627077964829446 0.02848868544797556
v 0.03950726659207193 0.03672094812569515 0.02850651915729374
v 0.03896808775585692 0.03672094812569515 0.03191067385873181
v 0.03928064973770118 0.036627077964829446 0.02848868544797556
v 0.03896808775585692 0.03672094812569515 0.03191067385873181
v 0.03874987038784017 0.036627077964829446 0.03183977055907761
v 0.03950726659207193 0.03672094812569515 0.02850651915729374
v 0.03960112721619469 0.03694756736425164 0.028513917285637902
v 0.03905846985298833 0.03694756736425164 0.03194003510609189
v 0.03950726659207193 0.03672094812569515 0.02850651915729374
v 0.03905846985298833 0.03694756736425164 0.03194003510609189
v 0.03896808775585692 0.03672094812569515 0.03191067385873181
v 0.031839772943263345 0.036627077964829446 0.03874985846691148
v 0.03191067385873181 0.03672094812569515 0.03896808775585692
v 0.02850652154147948 0.03672094812569515 0.03950726659207193
v 0.031839772943263345 0.036627077964829446 0.03874985846691148
v 0.02850652154147948 0.03672094812569515 0.03950726659207193
v 0.028488690216347035 0.036627077964829446 0.03928064020095823
v 0.03191067385873181 0.03672094812569515 0.03896808775585692
v 0.03194003749027763 0.03694756736425164 0.03905846746880259
v 0.028513912517266427 0.03694756736425164 0.039601120063637474
v 0.03191067385873181 0.03672094812569515 0.03896808775585692
v 0.028513912517266427 0.03694756736425164 0.039601120063637474
v 0.02850652154147948 0.03672094812569515 0.03950726659207193
v 0.028488690216347035 0.036627077964829446 0.03928064020095823
v 0.02850652154147948 0.03672094812569515 0.03950726659207193
v 0.008804443877836077 0.03672128906425565 0.0395070687046557
v 0.028488690216347035 0.036627077964829446 0.03928064020095823
v 0.008804443877836077 0.03672128906425565 0.0395070687046557
v 0.008810698193072564 0.036627077964829446 0.039280170516367896
v 0.02850652154147948 0.03672094812569515 0.03950726659207193
v 0.028513912517266427 0.03694756736425164 0.039601120063637474
v 0.008778325719125735 0.036948530575289684 0.039601120063637474
v 0.02850652154147948 0.03672094812569515 0.03950726659207193
v 0.008778325719125735 0.036948530575289684 0.039601120063637474
v 0.008804443877836077 0.03672128906425565 0.0395070687046557
v 0.03194003749027763 0.03694756736425164 0.03905846746880259
v 0.03191067385873181 0.03672094812569515 0.03896808775585692
v 0.03497494857814276 0.03672094812569515 0.0374067751152789
v 0.03194003749027763 0.03694756736425164 0.03905846746880259
v 0.03497494857814276 0.03672094812569515 0.0374067751152789
v 0.035030812434163394 0.03694756736425164 0.03748364603183463
v 0.03191067385873181 0.03672094812569515 0.03896808775585692
v 0.031839772943263345 0.036627077964829446 0.03874985846691148
v 0.03484008711188835 0.036627077964829446 0.0372211400295539
v 0.03191067385873181 0.03672094812569515 0.03896808775585692
v 0.03484008711188835 0.036627077964829446 0.0372211400295539
v 0.03497494857814276 0.03672094812569515 0.0374067751152789
v 0.035030812434163394 0.03694756736425164 0.03748364603183463
v 0.03497494857814276 0.03672094812569515 0.0374067751152789
v 0.03740676319435021 0.03672094812569515 0.034974946193957024
v 0.035030812434163394 0.03694756736425164 0.03748364603183463
v 0.03740676319435021 0.03672094812569515 0.034974946193957024
v 0.0374836508002061 0.03694756736425164 0.03503080289742044
v 0.03497494857814276 0.03672094812569515 0.0374067751152789
v 0.03484008711188835 0.036627077964829446 0.0372211400295539
v 0.03722113764536816 0.036627077964829446 0.034840082343516876
v 0.03497494857814276 0.03672094812569515 0.0374067751152789
v 0.03722113764536816 0.036627077964829446 0.034840082343516876
v 0.03740676319435021 0.03672094812569515 0.034974946193957024
v 0.0374836508002061 0.03694756736425164 0.03503080289742044
v 0.03740676319435021 0.03672094812569515 0.034974946193957024
v 0.03896808775585692 0.03672094812569515 0.03191067385873181
v 0.0374836508002061 0.03694756736425164 0.03503080289742044
v 0.03896808775585692 0.03672094812569515 0.03191067385873181
v 0.03905846985298833 0.03694756736425164 0.03194003510609189
v 0.03740676319435021 0.03672094812569515 0.034974946193957024
v 0.03722113764536816 0.036627077964829446 0.034840082343516876
v 0.03874987038784017 0.036627077964829446 0.03183977055907761
v 0.03740676319435021 0.03672094812569515 0.034974946193957024
v 0.03874987038784017 0.036627077964829446 0.03183977055907761
v 0.03896808775585692 0.03672094812569515 0.03191067385873181
v 0.008810698193072564 0.036627077964829446 0.039280170516367896
v 0.008804443877836077 0.03672128906425565 0.0395070687046557
v 0.007453737092307122 0.03637829056728359 0.03950683743863914
v 0.008810698193072564 0.036627077964829446 0.039280170516367896
v 0.007453737092307122 0.03637829056728359 0.03950683743863914
v 0.007478617858619585 0.03628844491194316 0.03927961976946248
v 0.008804443877836077 0.03672128906425565 0.0395070687046557
v 0.008778325719125735 0.036948530575289684 0.039601120063637474
v 0.007384420468261377 0.036594791321569176 0.039601120063637474
v 0.008804443877836077 0.03672128906425565 0.0395070687046557
v 0.007384420468261377 0.036594791321569176 0.039601120063637474
v 0.007453737092307122 0.03637829056728359 0.03950683743863914
v -0.03960112721619469 0.03694756736425164 0.028513917285637902
v -0.03950726659207193 0.03672094812569515 0.02850651915729374
v -0.03896808775585692 0.03672094812569515 0.03191067385873181
v -0.03960112721619469 0.03694756736425164 0.028513917285637902
v -0.03896808775585692 0.03672094812569515 0.03191067385873181
v -0.03905846985298833 0.03694756736425164 0.03194003510609189
v -0.03950726659207193 0.03672094812569515 0.02850651915729374
v -0.03928064973770118 0.036627077964829446 0.02848868544797556
v -0.03874987038784017 0.036627077964829446 0.03183977055907761
v -0.03950726659207193 0.03672094812569515 0.02850651915729374
v -0.03874987038784017 0.036627077964829446 0.03183977055907761
v -0.03896808775585692 0.03672094812569515 0.03191067385873181
v -0.03905846985298833 0.03694756736425164 0.03194003510609189
v -0.03896808775585692 0.03672094812569515 0.03191067385873181
v -0.03740676319435021 0.03672094812569515 0.034974946193957024
v -0.03905846985298833 0.03694756736425164 0.03194003510609189
v -0.03740676319435021 0.03672094812569515 0.034974946193957024
v -0.0374836508002061 0.03694756736425164 0.03503080289742044
v -0.03896808775585692 0.03672094812569515 0.03191067385873181
v -0.03874987038784017 0.036627077964829446 0.03183977055907761
v -0.03722113764536816 0.036627077964829446 0.034840082343516876
v -0.03896808775585692 0.03672094812569515 0.03191067385873181
v -0.03722113764536816 0.036627077964829446 0.034840082343516876
v -0.03740676319435021 0.03672094812569515 0.034974946193957024
v -0.0374836508002061 0.03694756736425164 0.03503080289742044
v -0.03740676319435021 0.03672094812569515 0.034974946193957024
v -0.03497494857814276 0.03672094812569515 0.0374067751152789
v -0.0374836508002061 0.03694756736425164 0.03503080289742044
v -0.03497494857814276 0.03672094812569515 0.0374067751152789
v -0.035030812434163394 0.03694756736425164 0.03748364603183463
v -0.03740676319435021 0.03672094812569515 0.034974946193957024
v -0.03722113764536816 0.036627077964829446 0.034840082343516876
v -0.03484008711188835 0.036627077964829446 0.0372211400295539
v -0.03740676319435021 0.03672094812569515 0.034974946193957024
v -0.03484008711188835 0.036627077964829446 0.0372211400295539
v -0.03497494857814276 0.03672094812569515 0.0374067751152789
v -0.035030812434163394 0.03694756736425164 0.03748364603183463
v -0.03497494857814276 0.03672094812569515 0.0374067751152789
v -0.03191067385873181 0.03672094812569515 0.03896808775585692
v -0.035030812434163394 0.03694756736425164 0.03748364603183463
v -0.03191067385873181 0.03672094812569515 0.03896808775585692
v -0.03194003749027763 0.03694756736425164 0.03905846746880259
v -0.03497494857814276 0.03672094812569515 0.0374067751152789
v -0.03484008711188835 0.036627077964829446 0.0372211400295539
v -0.031839772943263345 0.036627077964829446 0.03874985846691148
v -0.03497494857814276 0.03672094812569515 0.0374067751152789
v -0.031839772943263345 0.036627077964829446 0.03874985846691148
v -0.03191067385873181 0.03672094812569515 0.03896808775585692
v -0.03194003749027763 0.03694756736425164 0.03905846746880259
v -0.03191067385873181 0.03672094812569515 0.03896808775585692
v -0.02850652154147948 0.03672094812569515 0.03950726659207193
v -0.03194003749027763 0.03694756736425164 0.03905846746880259
v -0.02850652154147948 0.03672094812569515 0.03950726659207193
v -0.028513912517266427 0.03694756736425164 0.039601120063637474
v -0.03191067385873181 0.03672094812569515 0.03896808775585692
v -0.031839772943263345 0.036627077964829446 0.03874985846691148
v -0.028488690216347035 0.036627077964829446 0.03928064020095823
v -0.03191067385873181 0.03672094812569515 0.03896808775585692
v -0.028488690216347035 0.036627077964829446 0.03928064020095823
v -0.02850652154147948 0.03672094812569515 0.03950726659207193
v -0.028513912517266427 0.03694756736425164 0.039601120063637474
v -0.02850652154147948 0.03672094812569515 0.03950726659207193
v -0.008804474276204233 0.036721007730338595 0.0395070687046557
v -0.028513912517266427 0.03694756736425164 0.039601120063637474
v -0.008804474276204233 0.036721007730338595 0.0395070687046557
v -0.00877844075608758 0.03694756974843738 0.039601120063637474
v -0.02850652154147948 0.03672094812569515 0.03950726659207193
v -0.028488690216347035 0.036627077964829446 0.03928064020095823
v -0.008810693424701088 0.036627077964829446 0.039280170516367896
v -0.02850652154147948 0.03672094812569515 0.03950726659207193
v -0.008810693424701088 0.036627077964829446 0.039280170516367896
v -0.008804474276204233 0.036721007730338595 0.0395070687046557
v 0.007478617858619585 0.03628844491194316 0.03927961976946248
v 0.007453737092307122 0.03637829056728359 0.03950683743863914
v 0.0057688360116890935 0.03569112055395651 0.0395066896191234
v 0.007478617858619585 0.03628844491194316 0.03927961976946248
v 0.0057688360116890935 0.03569112055395651 0.0395066896191234
v 0.005816697944327487 0.035610015323530586 0.03927928836764494
v 0.007453737092307122 0.03637829056728359 0.03950683743863914
v 0.007384420468261377 0.036594791321569176 0.039601120063637474
v 0.005646298997559418 0.035886425897033725 0.039601120063637474
v 0.007453737092307122 0.03637829056728359 0.03950683743863914
v 0.005646298997559418 0.035886425897033725 0.039601120063637474
v 0.0057688360116890935 0.03569112055395651 0.0395066896191234
v -0.00877844075608758 0.03694756974843738 0.039601120063637474
v -0.008804474276204233 0.036721007730338595 0.0395070687046557
v -0.0074537734511396225 0.0363781713579967 0.03950683743863914
v -0.00877844075608758 0.03694756974843738 0.039601120063637474
v -0.0074537734511396225 0.0363781713579967 0.03950683743863914
v -0.0073845527905698205 0.03659437647325081 0.039601120063637474
v -0.008804474276204233 0.036721007730338595 0.0395070687046557
v -0.008810693424701088 0.036627077964829446 0.039280170516367896
v -0.007478614878387413 0.03628844491194316 0.03927961976946248
v -0.008804474276204233 0.036721007730338595 0.0395070687046557
v -0.007478614878387413 0.03628844491194316 0.03927961976946248
v -0.0074537734511396225 0.0363781713579967 0.03950683743863914
v 0.005816697944327487 0.035610015323530586 0.03927928836764494
v 0.0057688360116890935 0.03569112055395651 0.0395066896191234
v 0.004099060205391192 0.034151868784009665 0.039506832670267666
v 0.005816697944327487 0.035610015323530586 0.03927928836764494
v 0.004099060205391192 0.034151868784009665 0.039506832670267666
v 0.004154790845033729 0.034077389205748876 0.03927962453783396
v 0.0057688360116890935 0.03569112055395651 0.0395066896191234
v 0.005646298997559418 0.035886425897033725 0.039601120063637474
v 0.003959594578454018 0.03433131213937379 0.039601120063637474
v 0.0057688360116890935 0.03569112055395651 0.0395066896191234
v 0.003959594578454018 0.03433131213937379 0.039601120063637474
v 0.004099060205391192 0.034151868784009665 0.039506832670267666
v -0.0024928725698693255 0.03297714709243227 0.03928002984940937
v -0.002449916099386301 0.033060536372794935 0.0395070305576839
v -0.004099010435513917 0.03415192362028163 0.0395067778339957
v -0.0024928725698693255 0.03297714709243227 0.03928002984940937
v -0.004099010435513917 0.03415192362028163 0.0395067778339957
v -0.004154781308290778 0.034077389205748876 0.0392794123453033
v -0.002449916099386301 0.033060536372794935 0.0395070305576839
v -0.002343187279779002 0.033261659129072196 0.039601120063637474
v -0.003959444076729324 0.0343314957216756 0.039601120063637474
v -0.002449916099386301 0.033060536372794935 0.0395070305576839
v -0.003959444076729324 0.0343314957216756 0.039601120063637474
v -0.004099010435513917 0.03415192362028163 0.0395067778339957
v -0.004154781308290778 0.034077389205748876 0.0392794123453033
v -0.004099010435513917 0.03415192362028163 0.0395067778339957
v -0.005768957009115283 0.035690920282354544 0.0395066896191234
v -0.004154781308290778 0.034077389205748876 0.0392794123453033
v -0.005768957009115283 0.035690920282354544 0.0395066896191234
v -0.005816694964095315 0.035610015323530586 0.03927928836764494
v -0.004099010435513917 0.03415192362028163 0.0395067778339957
v -0.003959444076729324 0.0343314957216756 0.039601120063637474
v -0.005646718614249258 0.0358857607092129 0.039601120063637474
v -0.004099010435513917 0.03415192362028163 0.0395067778339957
v -0.005646718614249258 0.0358857607092129 0.039601120063637474
v -0.005768957009115283 0.035690920282354544 0.0395066896191234
v 0.0024928798714381473 0.03297714709243227 0.039280222968454126
v 0.0024499479878705432 0.03306048630489444 0.03950707347302718
v 0.0008126298901595941 0.032374827865325084 0.03950725705532898
v 0.0024928798714381473 0.03297714709243227 0.039280222968454126
v 0.0008126298901595941 0.032374827865325084 0.03950725705532898
v 0.0008309630118840255 0.0322809529360879 0.03928064020095823
v 0.0024499479878705432 0.03306048630489444 0.03950707347302718
v 0.002343280412034382 0.03326149700444203 0.039601120063637474
v 0.0007673355020433176 0.03260143995132436 0.039601120063637474
v 0.0024499479878705432 0.03306048630489444 0.03950707347302718
v 0.0007673355020433176 0.03260143995132436 0.039601120063637474
v 0.0008126298901595941 0.032374827865325084 0.03950725705532898
v 0.0008309630118840255 0.0322809529360879 0.03928064020095823
v 0.0008126298901595941 0.032374827865325084 0.03950725705532898
v -0.0008126147654813204 0.03237487078066836 0.039507230829285866
v 0.0008309630118840255 0.0322809529360879 0.03928064020095823
v -0.0008126147654813204 0.03237487078066836 0.039507230829285866
v -0.0008309561573500296 0.0322809529360879 0.03928049476562823
v 0.0008126298901595941 0.032374827865325084 0.03950725705532898
v 0.0007673355020433176 0.03260143995132436 0.039601120063637474
v -0.0007673000372804689 0.03260158061828289 0.039601120063637474
v 0.0008126298901595941 0.032374827865325084 0.03950725705532898
v -0.0007673000372804689 0.03260158061828289 0.039601120063637474
v -0.0008126147654813204 0.03237487078066836 0.039507230829285866
v -0.0073845527905698205 0.03659437647325081 0.039601120063637474
v -0.0074537734511396225 0.0363781713579967 0.03950683743863914
v -0.005768957009115283 0.035690920282354544 0.0395066896191234
v -0.0073845527905698205 0.03659437647325081 0.039601120063637474
v -0.005768957009115283 0.035690920282354544 0.0395066896191234
v -0.005646718614249258 0.0358857607092129 0.039601120063637474
v -0.0074537734511396225 0.0363781713579967 0.03950683743863914
v -0.007478614878387413 0.03628844491194316 0.03927961976946248
v -0.005816694964095315 0.035610015323530586 0.03927928836764494
v -0.0074537734511396225 0.0363781713579967 0.03950683743863914
v -0.005816694964095315 0.035610015323530586 0.03927928836764494
v -0.005768957009115283 0.035690920282354544 0.0395066896191234
v 0.002343280412034382 0.03326149700444203 0.039601120063637474
v 0.0024499479878705432 0.03306048630489444 0.03950707347302718
v 0.004099060205391192 0.034151868784009665 0.039506832670267666
v 0.002343280412034382 0.03326149700444203 0.039601120063637474
v 0.004099060205391192 0.034151868784009665 0.039506832670267666
v 0.003959594578454018 0.03433131213937379 0.039601120063637474
v 0.0024499479878705432 0.03306048630489444 0.03950707347302718
v 0.0024928798714381473 0.03297714709243227 0.039280222968454126
v 0.004154790845033729 0.034077389205748876 0.03927962453783396
v 0.0024499479878705432 0.03306048630489444 0.03950707347302718
v 0.004154790845033729 0.034077389205748876 0.03927962453783396
v 0.004099060205391192 0.034151868784009665 0.039506832670267666
v -0.002343187279779002 0.033261659129072196 0.039601120063637474
v -0.002449916099386301 0.033060536372794935 0.0395070305576839
v -0.0008126147654813204 0.03237487078066836 0.039507230829285866
v -0.002343187279779002 0.033261659129072196 0.039601120063637474
v -0.0008126147654813204 0.03237487078066836 0.039507230829285866
v -0.0007673000372804689 0.03260158061828289 0.039601120063637474
v -0.002449916099386301 0.033060536372794935 0.0395070305576839
v -0.0024928725698693255 0.03297714709243227 0.03928002984940937
v -0.0008309561573500296 0.0322809529360879 0.03928049476562823
v -0.002449916099386301 0.033060536372794935 0.0395070305576839
v -0.0008309561573500296 0.0322809529360879 0.03928049476562823
v -0.0008126147654813204 0.03237487078066836 0.039507230829285866
v -0.03960112721619469 0.03851957784623483 -0.028513917285637902
v -0.03960112721619469 0.03851957784623483 0.028513917285637902
v -0.03942969949328079 0.03893346295356093 0.02850042041017664
v -0.03960112721619469 0.03851957784623483 -0.028513917285637902
v -0.03942969949328079 0.03893346295356093 0.02850042041017664
v -0.03942969949328079 0.03893346295356093 -0.02850042041017664
v -0.03942969949328079 0.03893346295356093 -0.02850042041017664
v -0.03942969949328079 0.03893346295356093 0.02850042041017664
v -0.03901580723339748 0.039104900213217775 0.028467842896256368
v -0.03942969949328079 0.03893346295356093 -0.02850042041017664
v -0.03901580723339748 0.039104900213217775 0.028467842896256368
v -0.03901580723339748 0.039104900213217775 -0.028467842896256368
v -0.03901580723339748 0.039104900213217775 -0.028467842896256368
v -0.03901580723339748 0.039104900213217775 0.028467842896256368
v -0.03726753389982429 0.039104900213217775 0.028330239616403574
v -0.03901580723339748 0.039104900213217775 -0.028467842896256368
v -0.03726753389982429 0.039104900213217775 0.028330239616403574
v -0.03726753389982429 0.039104900213217775 -0.028330239616403574
v -0.03726753389982429 0.039104900213217775 -0.028330239616403574
v -0.03726753389982429 0.039104900213217775 0.028330239616403574
v -0.03726753389982429 0.036627077964829446 0.028330239616403574
v -0.03726753389982429 0.039104900213217775 -0.028330239616403574
v -0.03726753389982429 0.036627077964829446 0.028330239616403574
v -0.03726753389982429 0.036627077964829446 -0.028330239616403574
v -0.037663928620578435 0.03712257136577213 -0.028358504138324303
v -0.037663928620578435 0.03712257136577213 0.028358504138324303
v -0.038884255016947034 0.03712257136577213 0.02845748837759743
v -0.037663928620578435 0.03712257136577213 -0.028358504138324303
v -0.038884255016947034 0.03712257136577213 0.02845748837759743
v -0.038884255016947034 0.03712257136577213 -0.02845748837759743
v -0.03928064973770118 0.036627077964829446 -0.02848868544797556
v -0.03928064973770118 0.036627077964829446 0.02848868544797556
v -0.03950726659207193 0.03672094812569515 0.02850651915729374
v -0.03928064973770118 0.036627077964829446 -0.02848868544797556
v -0.03950726659207193 0.03672094812569515 0.02850651915729374
v -0.03950726659207193 0.03672094812569515 -0.02850651915729374
v -0.03950726659207193 0.03672094812569515 -0.02850651915729374
v -0.03950726659207193 0.03672094812569515 0.02850651915729374
v -0.03960112721619469 0.03694756736425164 0.028513917285637902
v -0.03950726659207193 0.03672094812569515 -0.02850651915729374
v -0.03960112721619469 0.03694756736425164 0.028513917285637902
v -0.03960112721619469 0.03694756736425164 -0.028513917285637902
v -0.03960112721619469 0.03694756736425164 -0.028513917285637902
v -0.03960112721619469 0.03694756736425164 0.028513917285637902
v -0.03960112721619469 0.03851957784623483 0.028513917285637902
v -0.03960112721619469 0.03694756736425164 -0.028513917285637902
v -0.03960112721619469 0.03851957784623483 0.028513917285637902
v -0.03960112721619469 0.03851957784623483 -0.028513917285637902
v 0.03726753389982429 0.039104900213217775 -0.028330239616403574
v 0.03726753389982429 0.039104900213217775 0.028330239616403574
v 0.03901580723339748 0.039104900213217775 0.028467842896256368
v 0.03726753389982429 0.039104900213217775 -0.028330239616403574
v 0.03901580723339748 0.039104900213217775 0.028467842896256368
v 0.03901580723339748 0.039104900213217775 -0.028467842896256368
v 0.03901580723339748 0.039104900213217775 -0.028467842896256368
v 0.03901580723339748 0.039104900213217775 0.028467842896256368
v 0.03942969949328079 0.03893346295356093 0.02850042041017664
v 0.03901580723339748 0.039104900213217775 -0.028467842896256368
v 0.03942969949328079 0.03893346295356093 0.02850042041017664
v 0.03942969949328079 0.03893346295356093 -0.02850042041017664
v 0.03942969949328079 0.03893346295356093 -0.02850042041017664
v 0.03942969949328079 0.03893346295356093 0.02850042041017664
v 0.03960112721619469 0.03851957784623483 0.028513917285637902
v 0.03942969949328079 0.03893346295356093 -0.02850042041017664
v 0.03960112721619469 0.03851957784623483 0.028513917285637902
v 0.03960112721619469 0.03851957784623483 -0.028513917285637902
v 0.03960112721619469 0.03851957784623483 -0.028513917285637902
v 0.03960112721619469 0.03851957784623483 0.028513917285637902
v 0.03960112721619469 0.03694756736425164 0.028513917285637902
v 0.03960112721619469 0.03851957784623483 -0.028513917285637902
v 0.03960112721619469 0.03694756736425164 0.028513917285637902
v 0.03960112721619469 0.03694756736425164 -0.028513917285637902
v 0.03960112721619469 0.03694756736425164 -0.028513917285637902
v 0.03960112721619469 0.03694756736425164 0.028513917285637902
v 0.03950726659207193 0.03672094812569515 0.02850651915729374
v 0.03960112721619469 0.03694756736425164 -0.028513917285637902
v 0.03950726659207193 0.03672094812569515 0.02850651915729374
v 0.03950726659207193 0.03672094812569515 -0.02850651915729374
v 0.03950726659207193 0.03672094812569515 -0.02850651915729374
v 0.03950726659207193 0.03672094812569515 0.02850651915729374
v 0.03928064973770118 0.036627077964829446 0.02848868544797556
v 0.03950726659207193 0.03672094812569515 -0.02850651915729374
v 0.03928064973770118 0.036627077964829446 0.02848868544797556
v 0.03928064973770118 0.036627077964829446 -0.02848868544797556
v 0.038884255016947034 0.03712257136577213 -0.02845748837759743
v 0.038884255016947034 0.03712257136577213 0.02845748837759743
v 0.037663928620578435 0.03712257136577213 0.028358504138324303
v 0.038884255016947034 0.03712257136577213 -0.02845748837759743
v 0.037663928620578435 0.03712257136577213 0.028358504138324303
v 0.037663928620578435 0.03712257136577213 -0.028358504138324303
v 0.03726753389982429 0.036627077964829446 -0.028330239616403574
v 0.03726753389982429 0.036627077964829446 0.028330239616403574
v 0.03726753389982429 0.039104900213217775 0.028330239616403574
v 0.03726753389982429 0.036627077964829446 -0.028330239616403574
v 0.03726753389982429 0.039104900213217775 0.028330239616403574
v 0.03726753389982429 0.039104900213217775 -0.028330239616403574
v -0.028330242000589312 0.036627077964829446 -0.03726752436308134
v -0.031223394172860797 0.036627077964829446 -0.03685283578516163
v -0.03134474684272526 0.036627077964829446 -0.03723588860252747
v -0.028330242000589312 0.036627077964829446 -0.03726752436308134
v -0.03134474684272526 0.036627077964829446 -0.03723588860252747
v -0.02835850652251004 0.036627077964829446 -0.037663919083835484
v -0.031839772943263345 0.036627077964829446 -0.03874985846691148
v -0.028488690216347035 0.036627077964829446 -0.03928064020095823
v -0.02845749553015464 0.036627077964829446 -0.03888424548020408
v -0.031839772943263345 0.036627077964829446 -0.03874985846691148
v -0.02845749553015464 0.036627077964829446 -0.03888424548020408
v -0.03171575236955837 0.036627077964829446 -0.038368164635416147
v -0.031223394172860797 0.036627077964829446 -0.03685283578516163
v -0.03366765662280491 0.036627077964829446 -0.03560743729157512
v -0.033903555112252626 0.036627077964829446 -0.035932127626267185
v -0.031223394172860797 0.036627077964829446 -0.03685283578516163
v -0.033903555112252626 0.036627077964829446 -0.035932127626267185
v -0.03134474684272526 0.036627077964829446 -0.03723588860252747
v -0.03484008711188835 0.036627077964829446 -0.0372211400295539
v -0.031839772943263345 0.036627077964829446 -0.03874985846691148
v -0.03171575236955837 0.036627077964829446 -0.038368164635416147
v -0.03484008711188835 0.036627077964829446 -0.0372211400295539
v -0.03171575236955837 0.036627077964829446 -0.038368164635416147
v -0.0346041862382549 0.036627077964829446 -0.03689645207904757
v -0.03366765662280491 0.036627077964829446 -0.03560743729157512
v -0.035607430139017904 0.036627077964829446 -0.033667661391176384
v -0.035932118089524234 0.036627077964829446 -0.0339035598806241
v -0.03366765662280491 0.036627077964829446 -0.03560743729157512
v -0.035932118089524234 0.036627077964829446 -0.0339035598806241
v -0.033903555112252626 0.036627077964829446 -0.035932127626267185
v -0.03722113764536816 0.036627077964829446 -0.034840082343516876
v -0.03484008711188835 0.036627077964829446 -0.0372211400295539
v -0.0346041862382549 0.036627077964829446 -0.03689645207904757
v -0.03722113764536816 0.036627077964829446 -0.034840082343516876
v -0.0346041862382549 0.036627077964829446 -0.03689645207904757
v -0.03689644969486183 0.036627077964829446 -0.03460418146988342
v -0.035607430139017904 0.036627077964829446 -0.033667661391176384
v -0.03685284532190458 0.036627077964829446 -0.031223396557046534
v -0.03723589813927042 0.036627077964829446 -0.031344749226910995
v -0.035607430139017904 0.036627077964829446 -0.033667661391176384
v -0.03723589813927042 0.036627077964829446 -0.031344749226910995
v -0.035932118089524234 0.036627077964829446 -0.0339035598806241
v -0.03874987038784017 0.036627077964829446 -0.03183977055907761
v -0.03722113764536816 0.036627077964829446 -0.034840082343516876
v -0.03689644969486183 0.036627077964829446 -0.03460418146988342
v -0.03874987038784017 0.036627077964829446 -0.03183977055907761
v -0.03689644969486183 0.036627077964829446 -0.03460418146988342
v -0.038368176556344835 0.036627077964829446 -0.03171574998537263
v -0.03685284532190458 0.036627077964829446 -0.031223396557046534
v -0.03726753389982429 0.036627077964829446 -0.028330239616403574
v -0.037663928620578435 0.036627077964829446 -0.028358504138324303
v -0.03685284532190458 0.036627077964829446 -0.031223396557046534
v -0.037663928620578435 0.036627077964829446 -0.028358504138324303
v -0.03723589813927042 0.036627077964829446 -0.031344749226910995
v -0.03928064973770118 0.036627077964829446 -0.02848868544797556
v -0.03874987038784017 0.036627077964829446 -0.03183977055907761
v -0.038368176556344835 0.036627077964829446 -0.03171574998537263
v -0.03928064973770118 0.036627077964829446 -0.02848868544797556
v -0.038368176556344835 0.036627077964829446 -0.03171574998537263
v -0.038884255016947034 0.036627077964829446 -0.02845748837759743
v 0.03726753389982429 0.036627077964829446 -0.028330239616403574
v 0.03685284532190458 0.036627077964829446 -0.031223396557046534
v 0.03723589813927042 0.036627077964829446 -0.031344749226910995
v 0.03726753389982429 0.036627077964829446 -0.028330239616403574
v 0.03723589813927042 0.036627077964829446 -0.031344749226910995
v 0.037663928620578435 0.036627077964829446 -0.028358504138324303
v 0.03874987038784017 0.036627077964829446 -0.03183977055907761
v 0.03928064973770118 0.036627077964829446 -0.02848868544797556
v 0.038884255016947034 0.036627077964829446 -0.02845748837759743
v 0.03874987038784017 0.036627077964829446 -0.03183977055907761
v 0.038884255016947034 0.036627077964829446 -0.02845748837759743
v 0.038368176556344835 0.036627077964829446 -0.03171574998537263
v 0.03685284532190458 0.036627077964829446 -0.031223396557046534
v 0.035607427754832166 0.036627077964829446 -0.033667661391176384
v 0.035932115705338497 0.036627077964829446 -0.0339035598806241
v 0.03685284532190458 0.036627077964829446 -0.031223396557046534
v 0.035932115705338497 0.036627077964829446 -0.0339035598806241
v 0.03723589813927042 0.036627077964829446 -0.031344749226910995
v 0.03722113764536816 0.036627077964829446 -0.034840082343516876
v 0.03874987038784017 0.036627077964829446 -0.03183977055907761
v 0.038368176556344835 0.036627077964829446 -0.03171574998537263
v 0.03722113764536816 0.036627077964829446 -0.034840082343516876
v 0.038368176556344835 0.036627077964829446 -0.03171574998537263
v 0.03689644969486183 0.036627077964829446 -0.03460418146988342
v 0.035607427754832166 0.036627077964829446 -0.033667661391176384
v 0.03366765662280491 0.036627077964829446 -0.03560743729157512
v 0.033903555112252626 0.036627077964829446 -0.035932127626267185
v 0.035607427754832166 0.036627077964829446 -0.033667661391176384
v 0.033903555112252626 0.036627077964829446 -0.035932127626267185
v 0.035932115705338497 0.036627077964829446 -0.0339035598806241
v 0.03484008711188835 0.036627077964829446 -0.0372211400295539
v 0.03722113764536816 0.036627077964829446 -0.034840082343516876
v 0.03689644969486183 0.036627077964829446 -0.03460418146988342
v 0.03484008711188835 0.036627077964829446 -0.0372211400295539
v 0.03689644969486183 0.036627077964829446 -0.03460418146988342
v 0.0346041862382549 0.036627077964829446 -0.03689645207904757
v 0.03366765662280491 0.036627077964829446 -0.03560743729157512
v 0.031223394172860797 0.036627077964829446 -0.03685283578516163
v 0.03134474684272526 0.036627077964829446 -0.03723588860252747
v 0.03366765662280491 0.036627077964829446 -0.03560743729157512
v 0.03134474684272526 0.036627077964829446 -0.03723588860252747
v 0.033903555112252626 0.036627077964829446 -0.035932127626267185
v 0.031839772943263345 0.036627077964829446 -0.03874985846691148
v 0.03484008711188835 0.036627077964829446 -0.0372211400295539
v 0.0346041862382549 0.036627077964829446 -0.03689645207904757
v 0.031839772943263345 0.036627077964829446 -0.03874985846691148
v 0.0346041862382549 0.036627077964829446 -0.03689645207904757
v 0.03171575236955837 0.036627077964829446 -0.038368164635416147
v 0.031223394172860797 0.036627077964829446 -0.03685283578516163
v 0.028330242000589312 0.036627077964829446 -0.03726752436308134
v 0.02835850652251004 0.036627077964829446 -0.037663919083835484
v 0.031223394172860797 0.036627077964829446 -0.03685283578516163
v 0.02835850652251004 0.036627077964829446 -0.037663919083835484
v 0.03134474684272526 0.036627077964829446 -0.03723588860252747
v 0.028488690216347035 0.036627077964829446 -0.03928064020095823
v 0.031839772943263345 0.036627077964829446 -0.03874985846691148
v 0.03171575236955837 0.036627077964829446 -0.038368164635416147
v 0.028488690216347035 0.036627077964829446 -0.03928064020095823
v 0.03171575236955837 0.036627077964829446 -0.038368164635416147
v 0.02845749553015464 0.036627077964829446 -0.03888424548020408
v -0.00876170913662666 0.036627077964829446 -0.03726752436308134
v -0.028330242000589312 0.036627077964829446 -0.03726752436308134
v -0.02835850652251004 0.036627077964829446 -0.037663919083835484
v -0.00876170913662666 0.036627077964829446 -0.03726752436308134
v -0.02835850652251004 0.036627077964829446 -0.037663919083835484
v -0.00876198212589363 0.036626009849618946 -0.037663919083835484
v -0.028488690216347035 0.036627077964829446 -0.03928064020095823
v -0.008810698193072564 0.036627077964829446 -0.039280170516367896
v -0.008810508650306415 0.03662816515352585 -0.03888377579561375
v -0.028488690216347035 0.036627077964829446 -0.03928064020095823
v -0.008810508650306415 0.03662816515352585 -0.03888377579561375
v -0.02845749553015464 0.036627077964829446 -0.03888424548020408
v 0.028330242000589312 0.036627077964829446 -0.03726752436308134
v 0.008761704368255185 0.036627077964829446 -0.03726752436308134
v 0.008761977357522155 0.036626009849618946 -0.037663919083835484
v 0.028330242000589312 0.036627077964829446 -0.03726752436308134
v 0.008761977357522155 0.036626009849618946 -0.037663919083835484
v 0.02835850652251004 0.036627077964829446 -0.037663919083835484
v 0.008810693424701088 0.036627077964829446 -0.039280170516367896
v 0.028488690216347035 0.036627077964829446 -0.03928064020095823
v 0.02845749553015464 0.036627077964829446 -0.03888424548020408
v 0.008810693424701088 0.036627077964829446 -0.039280170516367896
v 0.02845749553015464 0.036627077964829446 -0.03888424548020408
v 0.008810503881934939 0.03662816515352585 -0.03888377579561375
v -0.0074370543486538265 0.03628844491194316 -0.03726752436308134
v -0.00876170913662666 0.036627077964829446 -0.03726752436308134
v -0.00876198212589363 0.036626009849618946 -0.037663919083835484
v -0.0074370543486538265 0.03628844491194316 -0.03726752436308134
v -0.00876198212589363 0.036626009849618946 -0.037663919083835484
v -0.007437851262736661 0.03628610125736298 -0.03766391193127827
v -0.008810698193072564 0.036627077964829446 -0.039280170516367896
v -0.007478617858619585 0.03628844491194316 -0.03927961976946248
v -0.007477935385452161 0.03629082432930941 -0.03888323220126555
v -0.008810698193072564 0.036627077964829446 -0.039280170516367896
v -0.007477935385452161 0.03629082432930941 -0.03888323220126555
v -0.008810508650306415 0.03662816515352585 -0.03888377579561375
v 0.008761704368255185 0.036627077964829446 -0.03726752436308134
v 0.007437049580282351 0.03628844491194316 -0.03726752436308134
v 0.007437846494365186 0.03628610125736298 -0.03766391193127827
v 0.008761704368255185 0.036627077964829446 -0.03726752436308134
v 0.007437846494365186 0.03628610125736298 -0.03766391193127827
v 0.008761977357522155 0.036626009849618946 -0.037663919083835484
v 0.007478614878387413 0.03628844491194316 -0.03927961976946248
v 0.008810693424701088 0.036627077964829446 -0.039280170516367896
v 0.008810503881934939 0.03662816515352585 -0.03888377579561375
v 0.007478614878387413 0.03628844491194316 -0.03927961976946248
v 0.008810503881934939 0.03662816515352585 -0.03888377579561375
v 0.007477933001266424 0.036290821945123675 -0.03888323220126555
v -0.005784374346188281 0.035610015323530586 -0.03726752436308134
v -0.0074370543486538265 0.03628844491194316 -0.03726752436308134
v -0.007437851262736661 0.03628610125736298 -0.03766391193127827
v -0.005784374346188281 0.035610015323530586 -0.03726752436308134
v -0.007437851262736661 0.03628610125736298 -0.03766391193127827
v -0.005786158313166534 0.0356073807982904 -0.037663907162906796
v -0.007478617858619585 0.03628844491194316 -0.03927961976946248
v -0.005816697944327487 0.035610015323530586 -0.03927928836764494
v -0.005814932454788702 0.035612647464585034 -0.03888290556781948
v -0.007478617858619585 0.03628844491194316 -0.03927961976946248
v -0.005814932454788702 0.035612647464585034 -0.03888290556781948
v -0.007477935385452161 0.03629082432930941 -0.03888323220126555
v 0.00413169285360665 0.034077389205748876 -0.03726752436308134
v 0.002479015086315234 0.03297714709243227 -0.03726752436308134
v 0.0024797093313997376 0.03297598360979226 -0.03766391669964975
v 0.00413169285360665 0.034077389205748876 -0.03726752436308134
v 0.0024797093313997376 0.03297598360979226 -0.03766391669964975
v 0.004133510497208448 0.034075190986498693 -0.03766390954709253
v 0.0024928725698693255 0.03297714709243227 -0.03928002984940937
v 0.004154781308290778 0.034077389205748876 -0.0392794123453033
v 0.0041529103185330984 0.03407954689384152 -0.038883027161292105
v 0.0024928725698693255 0.03297714709243227 -0.03928002984940937
v 0.0041529103185330984 0.03407954689384152 -0.038883027161292105
v 0.002492082510320487 0.03297825812298605 -0.03888363751284096
v -0.000826341565854663 0.0322809529360879 -0.03726752436308134
v -0.002479020301721535 0.03297714709243227 -0.03726752436308134
v -0.0024797146958176475 0.03297598360979226 -0.03766391669964975
v -0.000826341565854663 0.0322809529360879 -0.03726752436308134
v -0.0024797146958176475 0.03297598360979226 -0.03766391669964975
v -0.0008264782094997564 0.03228062868682757 -0.037663919083835484
v -0.0024928798714381473 0.03297714709243227 -0.039280222968454126
v -0.0008309630118840255 0.0322809529360879 -0.03928064020095823
v -0.0008308020048409248 0.03228125811186233 -0.03888424548020408
v -0.0024928798714381473 0.03297714709243227 -0.039280222968454126
v -0.0008308020048409248 0.03228125811186233 -0.03888424548020408
v -0.0024920963684000874 0.032978260507171786 -0.038883833016071456
v 0.007437049580282351 0.03628844491194316 -0.03726752436308134
v 0.0057843719620025436 0.035610015323530586 -0.03726752436308134
v 0.005786155928980796 0.0356073807982904 -0.037663907162906796
v 0.007437049580282351 0.03628844491194316 -0.03726752436308134
v 0.005786155928980796 0.0356073807982904 -0.037663907162906796
v 0.007437846494365186 0.03628610125736298 -0.03766391193127827
v 0.005816694964095315 0.035610015323530586 -0.03927928836764494
v 0.007478614878387413 0.03628844491194316 -0.03927961976946248
v 0.007477933001266424 0.036290821945123675 -0.03888323220126555
v 0.005816694964095315 0.035610015323530586 -0.03927928836764494
v 0.007477933001266424 0.036290821945123675 -0.03888323220126555
v 0.005814943779670956 0.03561266176969946 -0.03888290556781948
v 0.0057843719620025436 0.035610015323530586 -0.03726752436308134
v 0.00413169285360665 0.034077389205748876 -0.03726752436308134
v 0.004133510497208448 0.034075190986498693 -0.03766390954709253
v 0.0057843719620025436 0.035610015323530586 -0.03726752436308134
v 0.004133510497208448 0.034075190986498693 -0.03766390954709253
v 0.005786155928980796 0.0356073807982904 -0.037663907162906796
v 0.004154781308290778 0.034077389205748876 -0.0392794123453033
v 0.005816694964095315 0.035610015323530586 -0.03927928836764494
v 0.005814943779670956 0.03561266176969946 -0.03888290556781948
v 0.004154781308290778 0.034077389205748876 -0.0392794123453033
v 0.005814943779670956 0.03561266176969946 -0.03888290556781948
v 0.0041529103185330984 0.03407954689384152 -0.038883027161292105
v -0.002479020301721535 0.03297714709243227 -0.03726752436308134
v -0.00413169821802456 0.034077389205748876 -0.03726752436308134
v -0.004133515861626358 0.034075190986498693 -0.03766390954709253
v -0.002479020301721535 0.03297714709243227 -0.03726752436308134
v -0.004133515861626358 0.034075190986498693 -0.03766390954709253
v -0.0024797146958176475 0.03297598360979226 -0.03766391669964975
v -0.004154790845033729 0.034077389205748876 -0.03927962453783396
v -0.0024928798714381473 0.03297714709243227 -0.039280222968454126
v -0.0024920963684000874 0.032978260507171786 -0.038883833016071456
v -0.004154790845033729 0.034077389205748876 -0.03927962453783396
v -0.0024920963684000874 0.032978260507171786 -0.038883833016071456
v -0.004152907338300926 0.03407953497291283 -0.03888323935382276
v -0.00413169821802456 0.034077389205748876 -0.03726752436308134
v -0.005784374346188281 0.035610015323530586 -0.03726752436308134
v -0.005786158313166534 0.0356073807982904 -0.037663907162906796
v -0.00413169821802456 0.034077389205748876 -0.03726752436308134
v -0.005786158313166534 0.0356073807982904 -0.037663907162906796
v -0.004133515861626358 0.034075190986498693 -0.03766390954709253
v -0.005816697944327487 0.035610015323530586 -0.03927928836764494
v -0.004154790845033729 0.034077389205748876 -0.03927962453783396
v -0.004152907338300926 0.03407953497291283 -0.03888323935382276
v -0.005816697944327487 0.035610015323530586 -0.03927928836764494
v -0.004152907338300926 0.03407953497291283 -0.03888323935382276
v -0.005814932454788702 0.035612647464585034 -0.03888290556781948
v 0.002479015086315234 0.03297714709243227 -0.03726752436308134
v 0.0008263362759425574 0.0322809529360879 -0.03726752436308134
v 0.0008264731431050637 0.032280626302641835 -0.037663919083835484
v 0.002479015086315234 0.03297714709243227 -0.03726752436308134
v 0.0008264731431050637 0.032280626302641835 -0.037663919083835484
v 0.0024797093313997376 0.03297598360979226 -0.03766391669964975
v 0.0008309561573500296 0.0322809529360879 -0.03928049476562823
v 0.0024928725698693255 0.03297714709243227 -0.03928002984940937
v 0.002492082510320487 0.03297825812298605 -0.03888363751284096
v 0.0008309561573500296 0.0322809529360879 -0.03928049476562823
v 0.002492082510320487 0.03297825812298605 -0.03888363751284096
v 0.0008307556622306478 0.032281255727676594 -0.03888410242905982
v 0.0008263362759425574 0.0322809529360879 -0.03726752436308134
v -0.000826341565854663 0.0322809529360879 -0.03726752436308134
v -0.0008264782094997564 0.03228062868682757 -0.037663919083835484
v 0.0008263362759425574 0.0322809529360879 -0.03726752436308134
v -0.0008264782094997564 0.03228062868682757 -0.037663919083835484
v 0.0008264731431050637 0.032280626302641835 -0.037663919083835484
v -0.0008309630118840255 0.0322809529360879 -0.03928064020095823
v 0.0008309561573500296 0.0322809529360879 -0.03928049476562823
v 0.0008307556622306478 0.032281255727676594 -0.03888410242905982
v -0.0008309630118840255 0.0322809529360879 -0.03928064020095823
v 0.0008307556622306478 0.032281255727676594 -0.03888410242905982
v -0.0008308020048409248 0.03228125811186233 -0.03888424548020408
v 0.028330242000589312 0.036627077964829446 0.03726752436308134
v 0.031223394172860797 0.036627077964829446 0.03685283578516163
v 0.03134474684272526 0.036627077964829446 0.03723588860252747
v 0.028330242000589312 0.036627077964829446 0.03726752436308134
v 0.03134474684272526 0.036627077964829446 0.03723588860252747
v 0.02835850652251004 0.036627077964829446 0.037663919083835484
v 0.031839772943263345 0.036627077964829446 0.03874985846691148
v 0.028488690216347035 0.036627077964829446 0.03928064020095823
v 0.02845749553015464 0.036627077964829446 0.03888424548020408
v 0.031839772943263345 0.036627077964829446 0.03874985846691148
v 0.02845749553015464 0.036627077964829446 0.03888424548020408
v 0.03171575236955837 0.036627077964829446 0.038368164635416147
v 0.031223394172860797 0.036627077964829446 0.03685283578516163
v 0.03366765662280491 0.036627077964829446 0.03560743729157512
v 0.033903555112252626 0.036627077964829446 0.035932127626267185
v 0.031223394172860797 0.036627077964829446 0.03685283578516163
v 0.033903555112252626 0.036627077964829446 0.035932127626267185
v 0.03134474684272526 0.036627077964829446 0.03723588860252747
v 0.03484008711188835 0.036627077964829446 0.0372211400295539
v 0.031839772943263345 0.036627077964829446 0.03874985846691148
v 0.03171575236955837 0.036627077964829446 0.038368164635416147
v 0.03484008711188835 0.036627077964829446 0.0372211400295539
v 0.03171575236955837 0.036627077964829446 0.038368164635416147
v 0.0346041862382549 0.036627077964829446 0.03689645207904757
v 0.03366765662280491 0.036627077964829446 0.03560743729157512
v 0.035607430139017904 0.036627077964829446 0.033667661391176384
v 0.035932118089524234 0.036627077964829446 0.0339035598806241
v 0.03366765662280491 0.036627077964829446 0.03560743729157512
v 0.035932118089524234 0.036627077964829446 0.0339035598806241
v 0.033903555112252626 0.036627077964829446 0.035932127626267185
v 0.03722113764536816 0.036627077964829446 0.034840082343516876
v 0.03484008711188835 0.036627077964829446 0.0372211400295539
v 0.0346041862382549 0.036627077964829446 0.03689645207904757
v 0.03722113764536816 0.036627077964829446 0.034840082343516876
v 0.0346041862382549 0.036627077964829446 0.03689645207904757
v 0.03689644969486183 0.036627077964829446 0.03460418146988342
v 0.035607430139017904 0.036627077964829446 0.033667661391176384
v 0.03685284532190458 0.036627077964829446 0.031223396557046534
v 0.03723589813927042 0.036627077964829446 0.031344749226910995
v 0.035607430139017904 0.036627077964829446 0.033667661391176384
v 0.03723589813927042 0.036627077964829446 0.031344749226910995
v 0.035932118089524234 0.036627077964829446 0.0339035598806241
v 0.03874987038784017 0.036627077964829446 0.03183977055907761
v 0.03722113764536816 0.036627077964829446 0.034840082343516876
v 0.03689644969486183 0.036627077964829446 0.03460418146988342
v 0.03874987038784017 0.036627077964829446 0.03183977055907761
v 0.03689644969486183 0.036627077964829446 0.03460418146988342
v 0.038368176556344835 0.036627077964829446 0.03171574998537263
v 0.03685284532190458 0.036627077964829446 0.031223396557046534
v 0.03726753389982429 0.036627077964829446 0.028330239616403574
v 0.037663928620578435 0.036627077964829446 0.028358504138324303
v 0.03685284532190458 0.036627077964829446 0.031223396557046534
v 0.037663928620578435 0.036627077964829446 0.028358504138324303
v 0.03723589813927042 0.036627077964829446 0.031344749226910995
v 0.03928064973770118 0.036627077964829446 0.02848868544797556
v 0.03874987038784017 0.036627077964829446 0.03183977055907761
v 0.038368176556344835 0.036627077964829446 0.03171574998537263
v 0.03928064973770118 0.036627077964829446 0.02848868544797556
v 0.038368176556344835 0.036627077964829446 0.03171574998537263
v 0.038884255016947034 0.036627077964829446 0.02845748837759743
v -0.03726753389982429 0.036627077964829446 0.028330239616403574
v -0.03685284532190458 0.036627077964829446 0.031223396557046534
v -0.03723589813927042 0.036627077964829446 0.031344749226910995
v -0.03726753389982429 0.036627077964829446 0.028330239616403574
v -0.03723589813927042 0.036627077964829446 0.031344749226910995
v -0.037663928620578435 0.036627077964829446 0.028358504138324303
v -0.03874987038784017 0.036627077964829446 0.03183977055907761
v -0.03928064973770118 0.036627077964829446 0.02848868544797556
v -0.038884255016947034 0.036627077964829446 0.02845748837759743
v -0.03874987038784017 0.036627077964829446 0.03183977055907761
v -0.038884255016947034 0.036627077964829446 0.02845748837759743
v -0.038368176556344835 0.036627077964829446 0.03171574998537263
v -0.03685284532190458 0.036627077964829446 0.031223396557046534
v -0.035607427754832166 0.036627077964829446 0.033667661391176384
v -0.035932115705338497 0.036627077964829446 0.0339035598806241
v -0.03685284532190458 0.036627077964829446 0.031223396557046534
v -0.035932115705338497 0.036627077964829446 0.0339035598806241
v -0.03723589813927042 0.036627077964829446 0.031344749226910995
v -0.03722113764536816 0.036627077964829446 0.034840082343516876
v -0.03874987038784017 0.036627077964829446 0.03183977055907761
v -0.038368176556344835 0.036627077964829446 0.03171574998537263
v -0.03722113764536816 0.036627077964829446 0.034840082343516876
v -0.038368176556344835 0.036627077964829446 0.03171574998537263
v -0.03689644969486183 0.036627077964829446 0.03460418146988342
v -0.035607427754832166 0.036627077964829446 0.033667661391176384
v -0.03366765662280491 0.036627077964829446 0.03560743729157512
v -0.033903555112252626 0.036627077964829446 0.035932127626267185
v -0.035607427754832166 0.036627077964829446 0.033667661391176384
v -0.033903555112252626 0.036627077964829446 0.035932127626267185
v -0.035932115705338497 0.036627077964829446 0.0339035598806241
v -0.03484008711188835 0.036627077964829446 0.0372211400295539
v -0.03722113764536816 0.036627077964829446 0.034840082343516876
v -0.03689644969486183 0.036627077964829446 0.03460418146988342
v -0.03484008711188835 0.036627077964829446 0.0372211400295539
v -0.03689644969486183 0.036627077964829446 0.03460418146988342
v -0.0346041862382549 0.036627077964829446 0.03689645207904757
v -0.03366765662280491 0.036627077964829446 0.03560743729157512
v -0.031223394172860797 0.036627077964829446 0.03685283578516163
v -0.03134474684272526 0.036627077964829446 0.03723588860252747
v -0.03366765662280491 0.036627077964829446 0.03560743729157512
v -0.03134474684272526 0.036627077964829446 0.03723588860252747
v -0.033903555112252626 0.036627077964829446 0.035932127626267185
v -0.031839772943263345 0.036627077964829446 0.03874985846691148
v -0.03484008711188835 0.036627077964829446 0.0372211400295539
v -0.0346041862382549 0.036627077964829446 0.03689645207904757
v -0.031839772943263345 0.036627077964829446 0.03874985846691148
v -0.0346041862382549 0.036627077964829446 0.03689645207904757
v -0.03171575236955837 0.036627077964829446 0.038368164635416147
v -0.031223394172860797 0.036627077964829446 0.03685283578516163
v -0.028330242000589312 0.036627077964829446 0.03726752436308134
v -0.02835850652251004 0.036627077964829446 0.037663919083835484
v -0.031223394172860797 0.036627077964829446 0.03685283578516163
v -0.02835850652251004 0.036627077964829446 0.037663919083835484
v -0.03134474684272526 0.036627077964829446 0.03723588860252747
v -0.028488690216347035 0.036627077964829446 0.03928064020095823
v -0.031839772943263345 0.036627077964829446 0.03874985846691148
v -0.03171575236955837 0.036627077964829446 0.038368164635416147
v -0.028488690216347035 0.036627077964829446 0.03928064020095823
v -0.03171575236955837 0.036627077964829446 0.038368164635416147
v -0.02845749553015464 0.036627077964829446 0.03888424548020408
v 0.00876170913662666 0.036627077964829446 0.03726752436308134
v 0.028330242000589312 0.036627077964829446 0.03726752436308134
v 0.02835850652251004 0.036627077964829446 0.037663919083835484
v 0.00876170913662666 0.036627077964829446 0.03726752436308134
v 0.02835850652251004 0.036627077964829446 0.037663919083835484
v 0.00876198212589363 0.036626009849618946 0.037663919083835484
v 0.028488690216347035 0.036627077964829446 0.03928064020095823
v 0.008810698193072564 0.036627077964829446 0.039280170516367896
v 0.008810508650306415 0.03662816515352585 0.03888377579561375
v 0.028488690216347035 0.036627077964829446 0.03928064020095823
v 0.008810508650306415 0.03662816515352585 0.03888377579561375
v 0.02845749553015464 0.036627077964829446 0.03888424548020408
v -0.028330242000589312 0.036627077964829446 0.03726752436308134
v -0.008761704368255185 0.036627077964829446 0.03726752436308134
v -0.008761977357522155 0.036626009849618946 0.037663919083835484
v -0.028330242000589312 0.036627077964829446 0.03726752436308134
v -0.008761977357522155 0.036626009849618946 0.037663919083835484
v -0.02835850652251004 0.036627077964829446 0.037663919083835484
v -0.008810693424701088 0.036627077964829446 0.039280170516367896
v -0.028488690216347035 0.036627077964829446 0.03928064020095823
v -0.02845749553015464 0.036627077964829446 0.03888424548020408
v -0.008810693424701088 0.036627077964829446 0.039280170516367896
v -0.02845749553015464 0.036627077964829446 0.03888424548020408
v -0.008810503881934939 0.03662816515352585 0.03888377579561375
v 0.0074370543486538265 0.03628844491194316 0.03726752436308134
v 0.00876170913662666 0.036627077964829446 0.03726752436308134
v 0.00876198212589363 0.036626009849618946 0.037663919083835484
v 0.0074370543486538265 0.03628844491194316 0.03726752436308134
v 0.00876198212589363 0.036626009849618946 0.037663919083835484
v 0.007437851262736661 0.03628610125736298 0.03766391193127827
v 0.008810698193072564 0.036627077964829446 0.039280170516367896
v 0.007478617858619585 0.03628844491194316 0.03927961976946248
v 0.007477935385452161 0.03629082432930941 0.03888323220126555
v 0.008810698193072564 0.036627077964829446 0.039280170516367896
v 0.007477935385452161 0.03629082432930941 0.03888323220126555
v 0.008810508650306415 0.03662816515352585 0.03888377579561375
v -0.008761704368255185 0.036627077964829446 0.03726752436308134
v -0.007437049580282351 0.03628844491194316 0.03726752436308134
v -0.007437846494365186 0.03628610125736298 0.03766391193127827
v -0.008761704368255185 0.036627077964829446 0.03726752436308134
v -0.007437846494365186 0.03628610125736298 0.03766391193127827
v -0.008761977357522155 0.036626009849618946 0.037663919083835484
v -0.007478614878387413 0.03628844491194316 0.03927961976946248
v -0.008810693424701088 0.036627077964829446 0.039280170516367896
v -0.008810503881934939 0.03662816515352585 0.03888377579561375
v -0.007478614878387413 0.03628844491194316 0.03927961976946248
v -0.008810503881934939 0.03662816515352585 0.03888377579561375
v -0.007477933001266424 0.036290821945123675 0.03888323220126555
v 0.005784374346188281 0.035610015323530586 0.03726752436308134
v 0.0074370543486538265 0.03628844491194316 0.03726752436308134
v 0.007437851262736661 0.03628610125736298 0.03766391193127827
v 0.005784374346188281 0.035610015323530586 0.03726752436308134
v 0.007437851262736661 0.03628610125736298 0.03766391193127827
v 0.005786158313166534 0.0356073807982904 0.037663907162906796
v 0.007478617858619585 0.03628844491194316 0.03927961976946248
v 0.005816697944327487 0.035610015323530586 0.03927928836764494
v 0.005814932454788702 0.035612647464585034 0.03888290556781948
v 0.007478617858619585 0.03628844491194316 0.03927961976946248
v 0.005814932454788702 0.035612647464585034 0.03888290556781948
v 0.007477935385452161 0.03629082432930941 0.03888323220126555
v -0.00413169285360665 0.034077389205748876 0.03726752436308134
v -0.002479015086315234 0.03297714709243227 0.03726752436308134
v -0.0024797093313997376 0.03297598360979226 0.03766391669964975
v -0.00413169285360665 0.034077389205748876 0.03726752436308134
v -0.0024797093313997376 0.03297598360979226 0.03766391669964975
v -0.004133510497208448 0.034075190986498693 0.03766390954709253
v -0.0024928725698693255 0.03297714709243227 0.03928002984940937
v -0.004154781308290778 0.034077389205748876 0.0392794123453033
v -0.0041529103185330984 0.03407954689384152 0.038883027161292105
v -0.0024928725698693255 0.03297714709243227 0.03928002984940937
v -0.0041529103185330984 0.03407954689384152 0.038883027161292105
v -0.002492082510320487 0.03297825812298605 0.03888363751284096
v 0.000826341565854663 0.0322809529360879 0.03726752436308134
v 0.002479020301721535 0.03297714709243227 0.03726752436308134
v 0.0024797146958176475 0.03297598360979226 0.03766391669964975
v 0.000826341565854663 0.0322809529360879 0.03726752436308134
v 0.0024797146958176475 0.03297598360979226 0.03766391669964975
v 0.0008264782094997564 0.03228062868682757 0.037663919083835484
v 0.0024928798714381473 0.03297714709243227 0.039280222968454126
v 0.0008309630118840255 0.0322809529360879 0.03928064020095823
v 0.0008308020048409248 0.03228125811186233 0.03888424548020408
v 0.0024928798714381473 0.03297714709243227 0.039280222968454126
v 0.0008308020048409248 0.03228125811186233 0.03888424548020408
v 0.0024920963684000874 0.032978260507171786 0.038883833016071456
v -0.007437049580282351 0.03628844491194316 0.03726752436308134
v -0.0057843719620025436 0.035610015323530586 0.03726752436308134
v -0.005786155928980796 0.0356073807982904 0.037663907162906796
v -0.007437049580282351 0.03628844491194316 0.03726752436308134
v -0.005786155928980796 0.0356073807982904 0.037663907162906796
v -0.007437846494365186 0.03628610125736298 0.03766391193127827
v -0.005816694964095315 0.035610015323530586 0.03927928836764494
v -0.007478614878387413 0.03628844491194316 0.03927961976946248
v -0.007477933001266424 0.036290821945123675 0.03888323220126555
v -0.005816694964095315 0.035610015323530586 0.03927928836764494
v -0.007477933001266424 0.036290821945123675 0.03888323220126555
v -0.005814943779670956 0.03561266176969946 0.03888290556781948
v -0.0057843719620025436 0.035610015323530586 0.03726752436308134
v -0.00413169285360665 0.034077389205748876 0.03726752436308134
v -0.004133510497208448 0.034075190986498693 0.03766390954709253
v -0.0057843719620025436 0.035610015323530586 0.03726752436308134
v -0.004133510497208448 0.034075190986498693 0.03766390954709253
v -0.005786155928980796 0.0356073807982904 0.037663907162906796
v -0.004154781308290778 0.034077389205748876 0.0392794123453033
v -0.005816694964095315 0.035610015323530586 0.03927928836764494
v -0.005814943779670956 0.03561266176969946 0.03888290556781948
v -0.004154781308290778 0.034077389205748876 0.0392794123453033
v -0.005814943779670956 0.03561266176969946 0.03888290556781948
v -0.0041529103185330984 0.03407954689384152 0.038883027161292105
v 0.002479020301721535 0.03297714709243227 0.03726752436308134
v 0.00413169821802456 0.034077389205748876 0.03726752436308134
v 0.004133515861626358 0.034075190986498693 0.03766390954709253
v 0.002479020301721535 0.03297714709243227 0.03726752436308134
v 0.004133515861626358 0.034075190986498693 0.03766390954709253
v 0.0024797146958176475 0.03297598360979226 0.03766391669964975
v 0.004154790845033729 0.034077389205748876 0.03927962453783396
v 0.0024928798714381473 0.03297714709243227 0.039280222968454126
v 0.0024920963684000874 0.032978260507171786 0.038883833016071456
v 0.004154790845033729 0.034077389205748876 0.03927962453783396
v 0.0024920963684000874 0.032978260507171786 0.038883833016071456
v 0.004152907338300926 0.03407953497291283 0.03888323935382276
v 0.00413169821802456 0.034077389205748876 0.03726752436308134
v 0.005784374346188281 0.035610015323530586 0.03726752436308134
v 0.005786158313166534 0.0356073807982904 0.037663907162906796
v 0.00413169821802456 0.034077389205748876 0.03726752436308134
v 0.005786158313166534 0.0356073807982904 0.037663907162906796
v 0.004133515861626358 0.034075190986498693 0.03766390954709253
v 0.005816697944327487 0.035610015323530586 0.03927928836764494
v 0.004154790845033729 0.034077389205748876 0.03927962453783396
v 0.004152907338300926 0.03407953497291283 0.03888323935382276
v 0.005816697944327487 0.035610015323530586 0.03927928836764494
v 0.004152907338300926 0.03407953497291283 0.03888323935382276
v 0.005814932454788702 0.035612647464585034 0.03888290556781948
v -0.002479015086315234 0.03297714709243227 0.03726752436308134
v -0.0008263362759425574 0.0322809529360879 0.03726752436308134
v -0.0008264731431050637 0.032280626302641835 0.037663919083835484
v -0.002479015086315234 0.03297714709243227 0.03726752436308134
v -0.0008264731431050637 0.032280626302641835 0.037663919083835484
v -0.0024797093313997376 0.03297598360979226 0.03766391669964975
v -0.0008309561573500296 0.0322809529360879 0.03928049476562823
v -0.0024928725698693255 0.03297714709243227 0.03928002984940937
v -0.002492082510320487 0.03297825812298605 0.03888363751284096
v -0.0008309561573500296 0.0322809529360879 0.03928049476562823
v -0.002492082510320487 0.03297825812298605 0.03888363751284096
v -0.0008307556622306478 0.032281255727676594 0.03888410242905982
v -0.0008263362759425574 0.0322809529360879 0.03726752436308134
v 0.000826341565854663 0.0322809529360879 0.03726752436308134
v 0.0008264782094997564 0.03228062868682757 0.037663919083835484
v -0.0008263362759425574 0.0322809529360879 0.03726752436308134
v 0.0008264782094997564 0.03228062868682757 0.037663919083835484
v -0.0008264731431050637 0.032280626302641835 0.037663919083835484
v 0.0008309630118840255 0.0322809529360879 0.03928064020095823
v -0.0008309561573500296 0.0322809529360879 0.03928049476562823
v -0.0008307556622306478 0.032281255727676594 0.03888410242905982
v 0.0008309630118840255 0.0322809529360879 0.03928064020095823
v -0.0008307556622306478 0.032281255727676594 0.03888410242905982
v 0.0008308020048409248 0.03228125811186233 0.03888424548020408
v -0.03726753389982429 0.036627077964829446 -0.028330239616403574
v -0.03726753389982429 0.036627077964829446 0.028330239616403574
v -0.037663928620578435 0.036627077964829446 0.028358504138324303
v -0.03726753389982429 0.036627077964829446 -0.028330239616403574
v -0.037663928620578435 0.036627077964829446 0.028358504138324303
v -0.037663928620578435 0.036627077964829446 -0.028358504138324303
v -0.03928064973770118 0.036627077964829446 0.02848868544797556
v -0.03928064973770118 0.036627077964829446 -0.02848868544797556
v -0.038884255016947034 0.036627077964829446 -0.02845748837759743
v -0.03928064973770118 0.036627077964829446 0.02848868544797556
v -0.038884255016947034 0.036627077964829446 -0.02845748837759743
v -0.038884255016947034 0.036627077964829446 0.02845748837759743
v 0.03928064973770118 0.036627077964829446 -0.02848868544797556
v 0.03928064973770118 0.036627077964829446 0.02848868544797556
v 0.038884255016947034 0.036627077964829446 0.02845748837759743
v 0.03928064973770118 0.036627077964829446 -0.02848868544797556
v 0.038884255016947034 0.036627077964829446 0.02845748837759743
v 0.038884255016947034 0.036627077964829446 -0.02845748837759743
v 0.03726753389982429 0.036627077964829446 0.028330239616403574
v 0.03726753389982429 0.036627077964829446 -0.028330239616403574
v 0.037663928620578435 0.036627077964829446 -0.028358504138324303
v 0.03726753389982429 0.036627077964829446 0.028330239616403574
v 0.037663928620578435 0.036627077964829446 -0.028358504138324303
v 0.037663928620578435 0.036627077964829446 0.028358504138324303
v -0.02835850652251004 0.036627077964829446 -0.037663919083835484
v -0.03134474684272526 0.036627077964829446 -0.03723588860252747
v -0.03134474684272526 0.03712257136577213 -0.03723588860252747
v -0.02835850652251004 0.036627077964829446 -0.037663919083835484
v -0.03134474684272526 0.03712257136577213 -0.03723588860252747
v -0.02835850652251004 0.03712257136577213 -0.03766392146802122
v -0.03171575236955837 0.036627077964829446 -0.038368164635416147
v -0.02845749553015464 0.036627077964829446 -0.03888424548020408
v -0.02845749553015464 0.03712257136577213 -0.03888380917421408
v -0.03171575236955837 0.036627077964829446 -0.038368164635416147
v -0.02845749553015464 0.03712257136577213 -0.03888380917421408
v -0.03171575236955837 0.03712257136577213 -0.038368167019601884
v -0.03134474684272526 0.036627077964829446 -0.03723588860252747
v -0.033903555112252626 0.036627077964829446 -0.035932127626267185
v -0.033903555112252626 0.03712257136577213 -0.035932127626267185
v -0.03134474684272526 0.036627077964829446 -0.03723588860252747
v -0.033903555112252626 0.03712257136577213 -0.035932127626267185
v -0.03134474684272526 0.03712257136577213 -0.03723588860252747
v -0.0346041862382549 0.036627077964829446 -0.03689645207904757
v -0.03171575236955837 0.036627077964829446 -0.038368164635416147
v -0.03171575236955837 0.03712257136577213 -0.038368167019601884
v -0.0346041862382549 0.036627077964829446 -0.03689645207904757
v -0.03171575236955837 0.03712257136577213 -0.038368167019601884
v -0.0346041862382549 0.03712257136577213 -0.03689645207904757
v -0.033903555112252626 0.036627077964829446 -0.035932127626267185
v -0.035932118089524234 0.036627077964829446 -0.0339035598806241
v -0.035932118089524234 0.03712257136577213 -0.0339035598806241
v -0.033903555112252626 0.036627077964829446 -0.035932127626267185
v -0.035932118089524234 0.03712257136577213 -0.0339035598806241
v -0.033903555112252626 0.03712257136577213 -0.035932127626267185
v -0.03689644969486183 0.036627077964829446 -0.03460418146988342
v -0.0346041862382549 0.036627077964829446 -0.03689645207904757
v -0.0346041862382549 0.03712257136577213 -0.03689645207904757
v -0.03689644969486183 0.036627077964829446 -0.03460418146988342
v -0.0346041862382549 0.03712257136577213 -0.03689645207904757
v -0.03689644969486183 0.03712257136577213 -0.03460418146988342
v -0.035932118089524234 0.036627077964829446 -0.0339035598806241
v -0.03723589813927042 0.036627077964829446 -0.031344749226910995
v -0.03723589813927042 0.03712257136577213 -0.031344749226910995
v -0.035932118089524234 0.036627077964829446 -0.0339035598806241
v -0.03723589813927042 0.03712257136577213 -0.031344749226910995
v -0.035932118089524234 0.03712257136577213 -0.0339035598806241
v -0.038368176556344835 0.036627077964829446 -0.03171574998537263
v -0.03689644969486183 0.036627077964829446 -0.03460418146988342
v -0.03689644969486183 0.03712257136577213 -0.03460418146988342
v -0.038368176556344835 0.036627077964829446 -0.03171574998537263
v -0.03689644969486183 0.03712257136577213 -0.03460418146988342
v -0.038368176556344835 0.03712257136577213 -0.03171574998537263
v -0.03723589813927042 0.036627077964829446 -0.031344749226910995
v -0.037663928620578435 0.036627077964829446 -0.028358504138324303
v -0.037663928620578435 0.03712257136577213 -0.028358504138324303
v -0.03723589813927042 0.036627077964829446 -0.031344749226910995
v -0.037663928620578435 0.03712257136577213 -0.028358504138324303
v -0.03723589813927042 0.03712257136577213 -0.031344749226910995
v -0.038884255016947034 0.036627077964829446 -0.02845748837759743
v -0.038368176556344835 0.036627077964829446 -0.03171574998537263
v -0.038368176556344835 0.03712257136577213 -0.03171574998537263
v -0.038884255016947034 0.036627077964829446 -0.02845748837759743
v -0.038368176556344835 0.03712257136577213 -0.03171574998537263
v -0.038884255016947034 0.03712257136577213 -0.02845748837759743
v 0.037663928620578435 0.036627077964829446 -0.028358504138324303
v 0.03723589813927042 0.036627077964829446 -0.031344749226910995
v 0.03723589813927042 0.03712257136577213 -0.031344749226910995
v 0.037663928620578435 0.036627077964829446 -0.028358504138324303
v 0.03723589813927042 0.03712257136577213 -0.031344749226910995
v 0.037663928620578435 0.03712257136577213 -0.028358504138324303
v 0.038368176556344835 0.036627077964829446 -0.03171574998537263
v 0.038884255016947034 0.036627077964829446 -0.02845748837759743
v 0.038884255016947034 0.03712257136577213 -0.02845748837759743
v 0.038368176556344835 0.036627077964829446 -0.03171574998537263
v 0.038884255016947034 0.03712257136577213 -0.02845748837759743
v 0.038368176556344835 0.03712257136577213 -0.03171574998537263
v 0.03723589813927042 0.036627077964829446 -0.031344749226910995
v 0.035932115705338497 0.036627077964829446 -0.0339035598806241
v 0.035932115705338497 0.03712257136577213 -0.0339035598806241
v 0.03723589813927042 0.036627077964829446 -0.031344749226910995
v 0.035932115705338497 0.03712257136577213 -0.0339035598806241
v 0.03723589813927042 0.03712257136577213 -0.031344749226910995
v 0.03689644969486183 0.036627077964829446 -0.03460418146988342
v 0.038368176556344835 0.036627077964829446 -0.03171574998537263
v 0.038368176556344835 0.03712257136577213 -0.03171574998537263
v 0.03689644969486183 0.036627077964829446 -0.03460418146988342
v 0.038368176556344835 0.03712257136577213 -0.03171574998537263
v 0.03689644969486183 0.03712257136577213 -0.03460418146988342
v 0.035932115705338497 0.036627077964829446 -0.0339035598806241
v 0.033903555112252626 0.036627077964829446 -0.035932127626267185
v 0.033903555112252626 0.03712257136577213 -0.035932127626267185
v 0.035932115705338497 0.036627077964829446 -0.0339035598806241
v 0.033903555112252626 0.03712257136577213 -0.035932127626267185
v 0.035932115705338497 0.03712257136577213 -0.0339035598806241
v 0.0346041862382549 0.036627077964829446 -0.03689645207904757
v 0.03689644969486183 0.036627077964829446 -0.03460418146988342
v 0.03689644969486183 0.03712257136577213 -0.03460418146988342
v 0.0346041862382549 0.036627077964829446 -0.03689645207904757
v 0.03689644969486183 0.03712257136577213 -0.03460418146988342
v 0.0346041862382549 0.03712257136577213 -0.03689645207904757
v 0.033903555112252626 0.036627077964829446 -0.035932127626267185
v 0.03134474684272526 0.036627077964829446 -0.03723588860252747
v 0.03134474684272526 0.03712257136577213 -0.037235890986713205
v 0.033903555112252626 0.036627077964829446 -0.035932127626267185
v 0.03134474684272526 0.03712257136577213 -0.037235890986713205
v 0.033903555112252626 0.03712257136577213 -0.035932127626267185
v 0.03171575236955837 0.036627077964829446 -0.038368164635416147
v 0.0346041862382549 0.036627077964829446 -0.03689645207904757
v 0.0346041862382549 0.03712257136577213 -0.03689645207904757
v 0.03171575236955837 0.036627077964829446 -0.038368164635416147
v 0.0346041862382549 0.03712257136577213 -0.03689645207904757
v 0.03171575236955837 0.03712257136577213 -0.038368164635416147
v 0.03134474684272526 0.036627077964829446 -0.03723588860252747
v 0.02835850652251004 0.036627077964829446 -0.037663919083835484
v 0.02835850652251004 0.03712257136577213 -0.03766348277784548
v 0.03134474684272526 0.036627077964829446 -0.03723588860252747
v 0.02835850652251004 0.03712257136577213 -0.03766348277784548
v 0.03134474684272526 0.03712257136577213 -0.037235890986713205
v 0.02845749553015464 0.036627077964829446 -0.03888424548020408
v 0.03171575236955837 0.036627077964829446 -0.038368164635416147
v 0.03171575236955837 0.03712257136577213 -0.038368164635416147
v 0.02845749553015464 0.036627077964829446 -0.03888424548020408
v 0.03171575236955837 0.03712257136577213 -0.038368164635416147
v 0.02845749553015464 0.03712257136577213 -0.03888424786438982
v -0.00876198212589363 0.036626009849618946 -0.037663919083835484
v -0.02835850652251004 0.036627077964829446 -0.037663919083835484
v -0.02835850652251004 0.03712257136577213 -0.03766392146802122
v -0.00876198212589363 0.036626009849618946 -0.037663919083835484
v -0.02835850652251004 0.03712257136577213 -0.03766392146802122
v -0.008699825807664707 0.037121505634747365 -0.0376652661487773
v -0.02845749553015464 0.036627077964829446 -0.03888424548020408
v -0.008810508650306415 0.03662816515352585 -0.03888377579561375
v -0.008748348755798885 0.03712366093865427 -0.0388851252447413
v -0.02845749553015464 0.036627077964829446 -0.03888424548020408
v -0.008748348755798885 0.03712366093865427 -0.0388851252447413
v -0.02845749553015464 0.03712257136577213 -0.03888380917421408
v 0.02835850652251004 0.036627077964829446 -0.037663919083835484
v 0.008761977357522155 0.036626009849618946 -0.037663919083835484
v 0.008699812098596715 0.03712150325056163 -0.03766526853296304
v 0.02835850652251004 0.036627077964829446 -0.037663919083835484
v 0.008699812098596715 0.03712150325056163 -0.03766526853296304
v 0.02835850652251004 0.03712257136577213 -0.03766348277784548
v 0.008810503881934939 0.03662816515352585 -0.03888377579561375
v 0.02845749553015464 0.036627077964829446 -0.03888424548020408
v 0.02845749553015464 0.03712257136577213 -0.03888424786438982
v 0.008810503881934939 0.03662816515352585 -0.03888377579561375
v 0.02845749553015464 0.03712257136577213 -0.03888424786438982
v 0.008748347563706016 0.03712366093865427 -0.0388851252447413
v -0.007437851262736661 0.03628610125736298 -0.03766391193127827
v -0.00876198212589363 0.036626009849618946 -0.037663919083835484
v -0.008699825807664707 0.037121505634747365 -0.0376652661487773
v -0.007437851262736661 0.03628610125736298 -0.03766391193127827
v -0.008699825807664707 0.037121505634747365 -0.0376652661487773
v -0.007282050685240682 0.03675771226977087 -0.037667187802481905
v -0.008810508650306415 0.03662816515352585 -0.03888377579561375
v -0.007477935385452161 0.03629082432930941 -0.03888323220126555
v -0.007322147324931305 0.03676244011008878 -0.03888650330409771
v -0.008810508650306415 0.03662816515352585 -0.03888377579561375
v -0.007322147324931305 0.03676244011008878 -0.03888650330409771
v -0.008748348755798885 0.03712366093865427 -0.0388851252447413
v 0.008761977357522155 0.036626009849618946 -0.037663919083835484
v 0.007437846494365186 0.03628610125736298 -0.03766391193127827
v 0.007282038168265559 0.03675771226977087 -0.03766719018666764
v 0.008761977357522155 0.036626009849618946 -0.037663919083835484
v 0.007282038168265559 0.03675771226977087 -0.03766719018666764
v 0.008699812098596715 0.03712150325056163 -0.03766526853296304
v 0.007477933001266424 0.036290821945123675 -0.03888323220126555
v 0.008810503881934939 0.03662816515352585 -0.03888377579561375
v 0.008748347563706016 0.03712366093865427 -0.0388851252447413
v 0.007477933001266424 0.036290821945123675 -0.03888323220126555
v 0.008748347563706016 0.03712366093865427 -0.0388851252447413
v 0.007322128847491838 0.036762432957531566 -0.038886505688283446
v -0.005786158313166534 0.0356073807982904 -0.037663907162906796
v -0.007437851262736661 0.03628610125736298 -0.03766391193127827
v -0.007282050685240682 0.03675771226977087 -0.037667187802481905
v -0.005786158313166534 0.0356073807982904 -0.037663907162906796
v -0.007282050685240682 0.03675771226977087 -0.037667187802481905
v -0.005515539522866764 0.03603198043632183 -0.03766836797442208
v -0.007477935385452161 0.03629082432930941 -0.03888323220126555
v -0.005814932454788702 0.035612647464585034 -0.03888290556781948
v -0.005544312472396062 0.0360372494868022 -0.03888736161096329
v -0.007477935385452161 0.03629082432930941 -0.03888323220126555
v -0.005544312472396062 0.0360372494868022 -0.03888736161096329
v -0.007322147324931305 0.03676244011008878 -0.03888650330409771
v 0.004133510497208448 0.034075190986498693 -0.03766390954709253
v 0.0024797093313997376 0.03297598360979226 -0.03766391669964975
v 0.0022446551417263927 0.03341467855390512 -0.0376655379459514
v 0.004133510497208448 0.034075190986498693 -0.03766390954709253
v 0.0022446551417263927 0.03341467855390512 -0.0376655379459514
v 0.003826317701645543 0.03446598048658345 -0.03766776715961617
v 0.002492082510320487 0.03297825812298605 -0.03888363751284096
v 0.0041529103185330984 0.03407954689384152 -0.038883027161292105
v 0.0038457243775041894 0.034470343546483484 -0.03888688000544427
v 0.002492082510320487 0.03297825812298605 -0.03888363751284096
v 0.0038457243775041894 0.034470343546483484 -0.03888688000544427
v 0.0022570166977416706 0.03341694353035596 -0.038885258759142616
v -0.0008264782094997564 0.03228062868682757 -0.037663919083835484
v -0.0024797146958176475 0.03297598360979226 -0.03766391669964975
v -0.002244659165039825 0.03341467855390512 -0.03766554033013714
v -0.0008264782094997564 0.03228062868682757 -0.037663919083835484
v -0.002244659165039825 0.03341467855390512 -0.03766554033013714
v -0.0007266324596114648 0.032776122087770254 -0.03766418611263811
v -0.0024920963684000874 0.032978260507171786 -0.038883833016071456
v -0.0008308020048409248 0.03228125811186233 -0.03888424548020408
v -0.0007309574470455021 0.032776751512805014 -0.038884514893192446
v -0.0024920963684000874 0.032978260507171786 -0.038883833016071456
v -0.0007309574470455021 0.032776751512805014 -0.038884514893192446
v -0.0022570348771579207 0.03341695068291317 -0.03888545664655885
v 0.007437846494365186 0.03628610125736298 -0.03766391193127827
v 0.005786155928980796 0.0356073807982904 -0.037663907162906796
v 0.005515533562402419 0.03603198043632183 -0.037668360821864866
v 0.007437846494365186 0.03628610125736298 -0.03766391193127827
v 0.005515533562402419 0.03603198043632183 -0.037668360821864866
v 0.007282038168265559 0.03675771226977087 -0.03766719018666764
v 0.005814943779670956 0.03561266176969946 -0.03888290556781948
v 0.007477933001266424 0.036290821945123675 -0.03888323220126555
v 0.007322128847491838 0.036762432957531566 -0.038886505688283446
v 0.005814943779670956 0.03561266176969946 -0.03888290556781948
v 0.007322128847491838 0.036762432957531566 -0.038886505688283446
v 0.005544332141928399 0.03603726617610237 -0.03888736161096329
v 0.005786155928980796 0.0356073807982904 -0.037663907162906796
v 0.004133510497208448 0.034075190986498693 -0.03766390954709253
v 0.003826317701645543 0.03446598048658345 -0.03766776715961617
v 0.005786155928980796 0.0356073807982904 -0.037663907162906796
v 0.003826317701645543 0.03446598048658345 -0.03766776715961617
v 0.005515533562402419 0.03603198043632183 -0.037668360821864866
v 0.0041529103185330984 0.03407954689384152 -0.038883027161292105
v 0.005814943779670956 0.03561266176969946 -0.03888290556781948
v 0.005544332141928399 0.03603726617610237 -0.03888736161096329
v 0.0041529103185330984 0.03407954689384152 -0.038883027161292105
v 0.005544332141928399 0.03603726617610237 -0.03888736161096329
v 0.0038457243775041894 0.034470343546483484 -0.03888688000544427
v -0.0024797146958176475 0.03297598360979226 -0.03766391669964975
v -0.004133515861626358 0.034075190986498693 -0.03766390954709253
v -0.0038263346889689243 0.0344659900233264 -0.0376677623912447
v -0.0024797146958176475 0.03297598360979226 -0.03766391669964975
v -0.0038263346889689243 0.0344659900233264 -0.0376677623912447
v -0.002244659165039825 0.03341467855390512 -0.03766554033013714
v -0.004152907338300926 0.03407953497291283 -0.03888323935382276
v -0.0024920963684000874 0.032978260507171786 -0.038883833016071456
v -0.0022570348771579207 0.03341695068291317 -0.03888545664655885
v -0.004152907338300926 0.03407953497291283 -0.03888323935382276
v -0.0022570348771579207 0.03341695068291317 -0.03888545664655885
v -0.0038457145427380213 0.03447032685718332 -0.038887092197974926
v -0.004133515861626358 0.034075190986498693 -0.03766390954709253
v -0.005786158313166534 0.0356073807982904 -0.037663907162906796
v -0.005515539522866764 0.03603198043632183 -0.03766836797442208
v -0.004133515861626358 0.034075190986498693 -0.03766390954709253
v -0.005515539522866764 0.03603198043632183 -0.03766836797442208
v -0.0038263346889689243 0.0344659900233264 -0.0376677623912447
v -0.005814932454788702 0.035612647464585034 -0.03888290556781948
v -0.004152907338300926 0.03407953497291283 -0.03888323935382276
v -0.0038457145427380213 0.03447032685718332 -0.038887092197974926
v -0.005814932454788702 0.035612647464585034 -0.03888290556781948
v -0.0038457145427380213 0.03447032685718332 -0.038887092197974926
v -0.005544312472396062 0.0360372494868022 -0.03888736161096329
v 0.0024797093313997376 0.03297598360979226 -0.03766391669964975
v 0.0008264731431050637 0.032280626302641835 -0.037663919083835484
v 0.0007266317890592261 0.032776119703584516 -0.037664181344266634
v 0.0024797093313997376 0.03297598360979226 -0.03766391669964975
v 0.0007266317890592261 0.032776119703584516 -0.037664181344266634
v 0.0022446551417263927 0.03341467855390512 -0.0376655379459514
v 0.0008307556622306478 0.032281255727676594 -0.03888410242905982
v 0.002492082510320487 0.03297825812298605 -0.03888363751284096
v 0.0022570166977416706 0.03341694353035596 -0.038885258759142616
v 0.0008307556622306478 0.032281255727676594 -0.03888410242905982
v 0.0022570166977416706 0.03341694353035596 -0.038885258759142616
v 0.0007309102848713778 0.032776749128619276 -0.03888436707367671
v 0.0008264731431050637 0.032280626302641835 -0.037663919083835484
v -0.0008264782094997564 0.03228062868682757 -0.037663919083835484
v -0.0007266324596114648 0.032776122087770254 -0.03766418611263811
v 0.0008264731431050637 0.032280626302641835 -0.037663919083835484
v -0.0007266324596114648 0.032776122087770254 -0.03766418611263811
v 0.0007266317890592261 0.032776119703584516 -0.037664181344266634
v -0.0008308020048409248 0.03228125811186233 -0.03888424548020408
v 0.0008307556622306478 0.032281255727676594 -0.03888410242905982
v 0.0007309102848713778 0.032776749128619276 -0.03888436707367671
v -0.0008308020048409248 0.03228125811186233 -0.03888424548020408
v 0.0007309102848713778 0.032776749128619276 -0.03888436707367671
v -0.0007309574470455021 0.032776751512805014 -0.038884514893192446
v 0.02835850652251004 0.036627077964829446 0.037663919083835484
v 0.03134474684272526 0.036627077964829446 0.03723588860252747
v 0.03134474684272526 0.03712257136577213 0.03723588860252747
v 0.02835850652251004 0.036627077964829446 0.037663919083835484
v 0.03134474684272526 0.03712257136577213 0.03723588860252747
v 0.02835850652251004 0.03712257136577213 0.03766392146802122
v 0.03171575236955837 0.036627077964829446 0.038368164635416147
v 0.02845749553015464 0.036627077964829446 0.03888424548020408
v 0.02845749553015464 0.03712257136577213 0.03888380917421408
v 0.03171575236955837 0.036627077964829446 0.038368164635416147
v 0.02845749553015464 0.03712257136577213 0.03888380917421408
v 0.03171575236955837 0.03712257136577213 0.038368167019601884
v 0.03134474684272526 0.036627077964829446 0.03723588860252747
v 0.033903555112252626 0.036627077964829446 0.035932127626267185
v 0.033903555112252626 0.03712257136577213 0.035932127626267185
v 0.03134474684272526 0.036627077964829446 0.03723588860252747
v 0.033903555112252626 0.03712257136577213 0.035932127626267185
v 0.03134474684272526 0.03712257136577213 0.03723588860252747
v 0.0346041862382549 0.036627077964829446 0.03689645207904757
v 0.03171575236955837 0.036627077964829446 0.038368164635416147
v 0.03171575236955837 0.03712257136577213 0.038368167019601884
v 0.0346041862382549 0.036627077964829446 0.03689645207904757
v 0.03171575236955837 0.03712257136577213 0.038368167019601884
v 0.0346041862382549 0.03712257136577213 0.03689645207904757
v 0.033903555112252626 0.036627077964829446 0.035932127626267185
v 0.035932118089524234 0.036627077964829446 0.0339035598806241
v 0.035932118089524234 0.03712257136577213 0.0339035598806241
v 0.033903555112252626 0.036627077964829446 0.035932127626267185
v 0.035932118089524234 0.03712257136577213 0.0339035598806241
v 0.033903555112252626 0.03712257136577213 0.035932127626267185
v 0.03689644969486183 0.036627077964829446 0.03460418146988342
v 0.0346041862382549 0.036627077964829446 0.03689645207904757
v 0.0346041862382549 0.03712257136577213 0.03689645207904757
v 0.03689644969486183 0.036627077964829446 0.03460418146988342
v 0.0346041862382549 0.03712257136577213 0.03689645207904757
v 0.03689644969486183 0.03712257136577213 0.03460418146988342
v 0.035932118089524234 0.036627077964829446 0.0339035598806241
v 0.03723589813927042 0.036627077964829446 0.031344749226910995
v 0.03723589813927042 0.03712257136577213 0.031344749226910995
v 0.035932118089524234 0.036627077964829446 0.0339035598806241
v 0.03723589813927042 0.03712257136577213 0.031344749226910995
v 0.035932118089524234 0.03712257136577213 0.0339035598806241
v 0.038368176556344835 0.036627077964829446 0.03171574998537263
v 0.03689644969486183 0.036627077964829446 0.03460418146988342
v 0.03689644969486183 0.03712257136577213 0.03460418146988342
v 0.038368176556344835 0.036627077964829446 0.03171574998537263
v 0.03689644969486183 0.03712257136577213 0.03460418146988342
v 0.038368176556344835 0.03712257136577213 0.03171574998537263
v 0.03723589813927042 0.036627077964829446 0.031344749226910995
v 0.037663928620578435 0.036627077964829446 0.028358504138324303
v 0.037663928620578435 0.03712257136577213 0.028358504138324303
v 0.03723589813927042 0.036627077964829446 0.031344749226910995
v 0.037663928620578435 0.03712257136577213 0.028358504138324303
v 0.03723589813927042 0.03712257136577213 0.031344749226910995
v 0.038884255016947034 0.036627077964829446 0.02845748837759743
v 0.038368176556344835 0.036627077964829446 0.03171574998537263
v 0.038368176556344835 0.03712257136577213 0.03171574998537263
v 0.038884255016947034 0.036627077964829446 0.02845748837759743
v 0.038368176556344835 0.03712257136577213 0.03171574998537263
v 0.038884255016947034 0.03712257136577213 0.02845748837759743
v -0.037663928620578435 0.036627077964829446 0.028358504138324303
v -0.03723589813927042 0.036627077964829446 0.031344749226910995
v -0.03723589813927042 0.03712257136577213 0.031344749226910995
v -0.037663928620578435 0.036627077964829446 0.028358504138324303
v -0.03723589813927042 0.03712257136577213 0.031344749226910995
v -0.037663928620578435 0.03712257136577213 0.028358504138324303
v -0.038368176556344835 0.036627077964829446 0.03171574998537263
v -0.038884255016947034 0.036627077964829446 0.02845748837759743
v -0.038884255016947034 0.03712257136577213 0.02845748837759743
v -0.038368176556344835 0.036627077964829446 0.03171574998537263
v -0.038884255016947034 0.03712257136577213 0.02845748837759743
v -0.038368176556344835 0.03712257136577213 0.03171574998537263
v -0.03723589813927042 0.036627077964829446 0.031344749226910995
v -0.035932115705338497 0.036627077964829446 0.0339035598806241
v -0.035932115705338497 0.03712257136577213 0.0339035598806241
v -0.03723589813927042 0.036627077964829446 0.031344749226910995
v -0.035932115705338497 0.03712257136577213 0.0339035598806241
v -0.03723589813927042 0.03712257136577213 0.031344749226910995
v -0.03689644969486183 0.036627077964829446 0.03460418146988342
v -0.038368176556344835 0.036627077964829446 0.03171574998537263
v -0.038368176556344835 0.03712257136577213 0.03171574998537263
v -0.03689644969486183 0.036627077964829446 0.03460418146988342
v -0.038368176556344835 0.03712257136577213 0.03171574998537263
v -0.03689644969486183 0.03712257136577213 0.03460418146988342
v -0.035932115705338497 0.036627077964829446 0.0339035598806241
v -0.033903555112252626 0.036627077964829446 0.035932127626267185
v -0.033903555112252626 0.03712257136577213 0.035932127626267185
v -0.035932115705338497 0.036627077964829446 0.0339035598806241
v -0.033903555112252626 0.03712257136577213 0.035932127626267185
v -0.035932115705338497 0.03712257136577213 0.0339035598806241
v -0.0346041862382549 0.036627077964829446 0.03689645207904757
v -0.03689644969486183 0.036627077964829446 0.03460418146988342
v -0.03689644969486183 0.03712257136577213 0.03460418146988342
v -0.0346041862382549 0.036627077964829446 0.03689645207904757
v -0.03689644969486183 0.03712257136577213 0.03460418146988342
v -0.0346041862382549 0.03712257136577213 0.03689645207904757
v -0.033903555112252626 0.036627077964829446 0.035932127626267185
v -0.03134474684272526 0.036627077964829446 0.03723588860252747
v -0.03134474684272526 0.03712257136577213 0.037235890986713205
v -0.033903555112252626 0.036627077964829446 0.035932127626267185
v -0.03134474684272526 0.03712257136577213 0.037235890986713205
v -0.033903555112252626 0.03712257136577213 0.035932127626267185
v -0.03171575236955837 0.036627077964829446 0.038368164635416147
v -0.0346041862382549 0.036627077964829446 0.03689645207904757
v -0.0346041862382549 0.03712257136577213 0.03689645207904757
v -0.03171575236955837 0.036627077964829446 0.038368164635416147
v -0.0346041862382549 0.03712257136577213 0.03689645207904757
v -0.03171575236955837 0.03712257136577213 0.038368164635416147
v -0.03134474684272526 0.036627077964829446 0.03723588860252747
v -0.02835850652251004 0.036627077964829446 0.037663919083835484
v -0.02835850652251004 0.03712257136577213 0.03766348277784548
v -0.03134474684272526 0.036627077964829446 0.03723588860252747
v -0.02835850652251004 0.03712257136577213 0.03766348277784548
v -0.03134474684272526 0.03712257136577213 0.037235890986713205
v -0.02845749553015464 0.036627077964829446 0.03888424548020408
v -0.03171575236955837 0.036627077964829446 0.038368164635416147
v -0.03171575236955837 0.03712257136577213 0.038368164635416147
v -0.02845749553015464 0.036627077964829446 0.03888424548020408
v -0.03171575236955837 0.03712257136577213 0.038368164635416147
v -0.02845749553015464 0.03712257136577213 0.03888424786438982
v 0.00876198212589363 0.036626009849618946 0.037663919083835484
v 0.02835850652251004 0.036627077964829446 0.037663919083835484
v 0.02835850652251004 0.03712257136577213 0.03766392146802122
v 0.00876198212589363 0.036626009849618946 0.037663919083835484
v 0.02835850652251004 0.03712257136577213 0.03766392146802122
v 0.008699825807664707 0.037121505634747365 0.0376652661487773
v 0.02845749553015464 0.036627077964829446 0.03888424548020408
v 0.008810508650306415 0.03662816515352585 0.03888377579561375
v 0.008748348755798885 0.03712366093865427 0.0388851252447413
v 0.02845749553015464 0.036627077964829446 0.03888424548020408
v 0.008748348755798885 0.03712366093865427 0.0388851252447413
v 0.02845749553015464 0.03712257136577213 0.03888380917421408
v -0.02835850652251004 0.036627077964829446 0.037663919083835484
v -0.008761977357522155 0.036626009849618946 0.037663919083835484
v -0.008699812098596715 0.03712150325056163 0.03766526853296304
v -0.02835850652251004 0.036627077964829446 0.037663919083835484
v -0.008699812098596715 0.03712150325056163 0.03766526853296304
v -0.02835850652251004 0.03712257136577213 0.03766348277784548
v -0.008810503881934939 0.03662816515352585 0.03888377579561375
v -0.02845749553015464 0.036627077964829446 0.03888424548020408
v -0.02845749553015464 0.03712257136577213 0.03888424786438982
v -0.008810503881934939 0.03662816515352585 0.03888377579561375
v -0.02845749553015464 0.03712257136577213 0.03888424786438982
v -0.008748347563706016 0.03712366093865427 0.0388851252447413
v 0.007437851262736661 0.03628610125736298 0.03766391193127827
v 0.00876198212589363 0.036626009849618946 0.037663919083835484
v 0.008699825807664707 0.037121505634747365 0.0376652661487773
v 0.007437851262736661 0.03628610125736298 0.03766391193127827
v 0.008699825807664707 0.037121505634747365 0.0376652661487773
v 0.007282050685240682 0.03675771226977087 0.037667187802481905
v 0.008810508650306415 0.03662816515352585 0.03888377579561375
v 0.007477935385452161 0.03629082432930941 0.03888323220126555
v 0.007322147324931305 0.03676244011008878 0.03888650330409771
v 0.008810508650306415 0.03662816515352585 0.03888377579561375
v 0.007322147324931305 0.03676244011008878 0.03888650330409771
v 0.008748348755798885 0.03712366093865427 0.0388851252447413
v -0.008761977357522155 0.036626009849618946 0.037663919083835484
v -0.007437846494365186 0.03628610125736298 0.03766391193127827
v -0.007282038168265559 0.03675771226977087 0.03766719018666764
v -0.008761977357522155 0.036626009849618946 0.037663919083835484
v -0.007282038168265559 0.03675771226977087 0.03766719018666764
v -0.008699812098596715 0.03712150325056163 0.03766526853296304
v -0.007477933001266424 0.036290821945123675 0.03888323220126555
v -0.008810503881934939 0.03662816515352585 0.03888377579561375
v -0.008748347563706016 0.03712366093865427 0.0388851252447413
v -0.007477933001266424 0.036290821945123675 0.03888323220126555
v -0.008748347563706016 0.03712366093865427 0.0388851252447413
v -0.007322128847491838 0.036762432957531566 0.038886505688283446
v 0.005786158313166534 0.0356073807982904 0.037663907162906796
v 0.007437851262736661 0.03628610125736298 0.03766391193127827
v 0.007282050685240682 0.03675771226977087 0.037667187802481905
v 0.005786158313166534 0.0356073807982904 0.037663907162906796
v 0.007282050685240682 0.03675771226977087 0.037667187802481905
v 0.005515539522866764 0.03603198043632183 0.03766836797442208
v 0.007477935385452161 0.03629082432930941 0.03888323220126555
v 0.005814932454788702 0.035612647464585034 0.03888290556781948
v 0.005544312472396062 0.0360372494868022 0.03888736161096329
v 0.007477935385452161 0.03629082432930941 0.03888323220126555
v 0.005544312472396062 0.0360372494868022 0.03888736161096329
v 0.007322147324931305 0.03676244011008878 0.03888650330409771
v -0.004133510497208448 0.034075190986498693 0.03766390954709253
v -0.0024797093313997376 0.03297598360979226 0.03766391669964975
v -0.0022446551417263927 0.03341467855390512 0.0376655379459514
v -0.004133510497208448 0.034075190986498693 0.03766390954709253
v -0.0022446551417263927 0.03341467855390512 0.0376655379459514
v -0.003826317701645543 0.03446598048658345 0.03766776715961617
v -0.002492082510320487 0.03297825812298605 0.03888363751284096
v -0.0041529103185330984 0.03407954689384152 0.038883027161292105
v -0.0038457243775041894 0.034470343546483484 0.03888688000544427
v -0.002492082510320487 0.03297825812298605 0.03888363751284096
v -0.0038457243775041894 0.034470343546483484 0.03888688000544427
v -0.0022570166977416706 0.03341694353035596 0.038885258759142616
v 0.0008264782094997564 0.03228062868682757 0.037663919083835484
v 0.0024797146958176475 0.03297598360979226 0.03766391669964975
v 0.002244659165039825 0.03341467855390512 0.03766554033013714
v 0.0008264782094997564 0.03228062868682757 0.037663919083835484
v 0.002244659165039825 0.03341467855390512 0.03766554033013714
v 0.0007266324596114648 0.032776122087770254 0.03766418611263811
v 0.0024920963684000874 0.032978260507171786 0.038883833016071456
v 0.0008308020048409248 0.03228125811186233 0.03888424548020408
v 0.0007309574470455021 0.032776751512805014 0.038884514893192446
v 0.0024920963684000874 0.032978260507171786 0.038883833016071456
v 0.0007309574470455021 0.032776751512805014 0.038884514893192446
v 0.0022570348771579207 0.03341695068291317 0.03888545664655885
v -0.007437846494365186 0.03628610125736298 0.03766391193127827
v -0.005786155928980796 0.0356073807982904 0.037663907162906796
v -0.005515533562402419 0.03603198043632183 0.037668360821864866
v -0.007437846494365186 0.03628610125736298 0.03766391193127827
v -0.005515533562402419 0.03603198043632183 0.037668360821864866
v -0.007282038168265559 0.03675771226977087 0.03766719018666764
v -0.005814943779670956 0.03561266176969946 0.03888290556781948
v -0.007477933001266424 0.036290821945123675 0.03888323220126555
v -0.007322128847491838 0.036762432957531566 0.038886505688283446
v -0.005814943779670956 0.03561266176969946 0.03888290556781948
v -0.007322128847491838 0.036762432957531566 0.038886505688283446
v -0.005544332141928399 0.03603726617610237 0.03888736161096329
v -0.005786155928980796 0.0356073807982904 0.037663907162906796
v -0.004133510497208448 0.034075190986498693 0.03766390954709253
v -0.003826317701645543 0.03446598048658345 0.03766776715961617
v -0.005786155928980796 0.0356073807982904 0.037663907162906796
v -0.003826317701645543 0.03446598048658345 0.03766776715961617
v -0.005515533562402419 0.03603198043632183 0.037668360821864866
v -0.0041529103185330984 0.03407954689384152 0.038883027161292105
v -0.005814943779670956 0.03561266176969946 0.03888290556781948
v -0.005544332141928399 0.03603726617610237 0.03888736161096329
v -0.0041529103185330984 0.03407954689384152 0.038883027161292105
v -0.005544332141928399 0.03603726617610237 0.03888736161096329
v -0.0038457243775041894 0.034470343546483484 0.03888688000544427
v 0.0024797146958176475 0.03297598360979226 0.03766391669964975
v 0.004133515861626358 0.034075190986498693 0.03766390954709253
v 0.0038263346889689243 0.0344659900233264 0.0376677623912447
v 0.0024797146958176475 0.03297598360979226 0.03766391669964975
v 0.0038263346889689243 0.0344659900233264 0.0376677623912447
v 0.002244659165039825 0.03341467855390512 0.03766554033013714
v 0.004152907338300926 0.03407953497291283 0.03888323935382276
v 0.0024920963684000874 0.032978260507171786 0.038883833016071456
v 0.0022570348771579207 0.03341695068291317 0.03888545664655885
v 0.004152907338300926 0.03407953497291283 0.03888323935382276
v 0.0022570348771579207 0.03341695068291317 0.03888545664655885
v 0.0038457145427380213 0.03447032685718332 0.038887092197974926
v 0.004133515861626358 0.034075190986498693 0.03766390954709253
v 0.005786158313166534 0.0356073807982904 0.037663907162906796
v 0.005515539522866764 0.03603198043632183 0.03766836797442208
v 0.004133515861626358 0.034075190986498693 0.03766390954709253
v 0.005515539522866764 0.03603198043632183 0.03766836797442208
v 0.0038263346889689243 0.0344659900233264 0.0376677623912447
v 0.005814932454788702 0.035612647464585034 0.03888290556781948
v 0.004152907338300926 0.03407953497291283 0.03888323935382276
v 0.0038457145427380213 0.03447032685718332 0.038887092197974926
v 0.005814932454788702 0.035612647464585034 0.03888290556781948
v 0.0038457145427380213 0.03447032685718332 0.038887092197974926
v 0.005544312472396062 0.0360372494868022 0.03888736161096329
v -0.0024797093313997376 0.03297598360979226 0.03766391669964975
v -0.0008264731431050637 0.032280626302641835 0.037663919083835484
v -0.0007266317890592261 0.032776119703584516 0.037664181344266634
v -0.0024797093313997376 0.03297598360979226 0.03766391669964975
v -0.0007266317890592261 0.032776119703584516 0.037664181344266634
v -0.0022446551417263927 0.03341467855390512 0.0376655379459514
v -0.0008307556622306478 0.032281255727676594 0.03888410242905982
v -0.002492082510320487 0.03297825812298605 0.03888363751284096
v -0.0022570166977416706 0.03341694353035596 0.038885258759142616
v -0.0008307556622306478 0.032281255727676594 0.03888410242905982
v -0.0022570166977416706 0.03341694353035596 0.038885258759142616
v -0.0007309102848713778 0.032776749128619276 0.03888436707367671
v -0.0008264731431050637 0.032280626302641835 0.037663919083835484
v 0.0008264782094997564 0.03228062868682757 0.037663919083835484
v 0.0007266324596114648 0.032776122087770254 0.03766418611263811
v -0.0008264731431050637 0.032280626302641835 0.037663919083835484
v 0.0007266324596114648 0.032776122087770254 0.03766418611263811
v -0.0007266317890592261 0.032776119703584516 0.037664181344266634
v 0.0008308020048409248 0.03228125811186233 0.03888424548020408
v -0.0008307556622306478 0.032281255727676594 0.03888410242905982
v -0.0007309102848713778 0.032776749128619276 0.03888436707367671
v 0.0008308020048409248 0.03228125811186233 0.03888424548020408
v -0.0007309102848713778 0.032776749128619276 0.03888436707367671
v 0.0007309574470455021 0.032776751512805014 0.038884514893192446
v -0.037663928620578435 0.036627077964829446 -0.028358504138324303
v -0.037663928620578435 0.036627077964829446 0.028358504138324303
v -0.037663928620578435 0.03712257136577213 0.028358504138324303
v -0.037663928620578435 0.036627077964829446 -0.028358504138324303
v -0.037663928620578435 0.03712257136577213 0.028358504138324303
v -0.037663928620578435 0.03712257136577213 -0.028358504138324303
v -0.038884255016947034 0.036627077964829446 0.02845748837759743
v -0.038884255016947034 0.036627077964829446 -0.02845748837759743
v -0.038884255016947034 0.03712257136577213 -0.02845748837759743
v -0.038884255016947034 0.036627077964829446 0.02845748837759743
v -0.038884255016947034 0.03712257136577213 -0.02845748837759743
v -0.038884255016947034 0.03712257136577213 0.02845748837759743
v 0.038884255016947034 0.036627077964829446 -0.02845748837759743
v 0.038884255016947034 0.036627077964829446 0.02845748837759743
v 0.038884255016947034 0.03712257136577213 0.02845748837759743
v 0.038884255016947034 0.036627077964829446 -0.02845748837759743
v 0.038884255016947034 0.03712257136577213 0.02845748837759743
v 0.038884255016947034 0.03712257136577213 -0.02845748837759743
v 0.037663928620578435 0.036627077964829446 0.028358504138324303
v 0.037663928620578435 0.036627077964829446 -0.028358504138324303
v 0.037663928620578435 0.03712257136577213 -0.028358504138324303
v 0.037663928620578435 0.036627077964829446 0.028358504138324303
v 0.037663928620578435 0.03712257136577213 -0.028358504138324303
v 0.037663928620578435 0.03712257136577213 0.028358504138324303
v 0.035445593995326874 0.029429054329636273 -0.028985621281289564
v 0.034016441538562425 0.029429054329636273 -0.03179048943987883
v 0 0.029429044792893322 0
v 0.034016441538562425 0.029429054329636273 -0.03179048943987883
v 0.03179048943987883 0.029429054329636273 -0.034016441538562425
v 0 0.029429044792893322 0
v 0.03179048943987883 0.029429054329636273 -0.034016441538562425
v 0.028985621281289564 0.029429054329636273 -0.035445593995326874
v 0 0.029429044792893322 0
v 0.028985621281289564 0.029429054329636273 -0.035445593995326874
v 0.02587639989235102 0.029429054329636273 -0.03593805471201117
v 0 0.029429044792893322 0
v 0.02587639989235102 0.029429054329636273 -0.03593805471201117
v -0.02587639989235102 0.029429054329636273 -0.03593805471201117
v 0 0.029429044792893322 0
v -0.02587639989235102 0.029429054329636273 -0.03593805471201117
v -0.028985621281289564 0.029429054329636273 -0.035445593995326874
v 0 0.029429044792893322 0
v -0.028985621281289564 0.029429054329636273 -0.035445593995326874
v -0.03179048943987883 0.029429054329636273 -0.034016441538562425
v 0 0.029429044792893322 0
v -0.03179048943987883 0.029429054329636273 -0.034016441538562425
v -0.034016441538562425 0.029429054329636273 -0.03179048943987883
v 0 0.029429044792893322 0
v -0.034016441538562425 0.029429054329636273 -0.03179048943987883
v -0.035445593995326874 0.029429054329636273 -0.028985621281289564
v 0 0.029429044792893322 0
v -0.035445593995326874 0.029429054329636273 -0.028985621281289564
v -0.03593805471201117 0.029429054329636273 -0.02587639989235102
v 0 0.029429044792893322 0
v -0.03593805471201117 0.029429054329636273 -0.02587639989235102
v -0.03593805471201117 0.029429054329636273 0.02587639989235102
v 0 0.029429044792893322 0
v -0.03593805471201117 0.029429054329636273 0.02587639989235102
v -0.035445593995326874 0.029429054329636273 0.028985621281289564
v 0 0.029429044792893322 0
v -0.035445593995326874 0.029429054329636273 0.028985621281289564
v -0.034016441538562425 0.029429054329636273 0.03179048943987883
v 0 0.029429044792893322 0
v -0.034016441538562425 0.029429054329636273 0.03179048943987883
v -0.03179048943987883 0.029429054329636273 0.034016441538562425
v 0 0.029429044792893322 0
v -0.03179048943987883 0.029429054329636273 0.034016441538562425
v -0.028985621281289564 0.029429054329636273 0.035445593995326874
v 0 0.029429044792893322 0
v -0.028985621281289564 0.029429054329636273 0.035445593995326874
v -0.02587639989235102 0.029429054329636273 0.03593805471201117
v 0 0.029429044792893322 0
v -0.02587639989235102 0.029429054329636273 0.03593805471201117
v 0.02587639989235102 0.029429054329636273 0.03593805471201117
v 0 0.029429044792893322 0
v 0.02587639989235102 0.029429054329636273 0.03593805471201117
v 0.028985621281289564 0.029429054329636273 0.035445593995326874
v 0 0.029429044792893322 0
v 0.028985621281289564 0.029429054329636273 0.035445593995326874
v 0.03179048943987883 0.029429054329636273 0.034016441538562425
v 0 0.029429044792893322 0
v 0.03179048943987883 0.029429054329636273 0.034016441538562425
v 0.034016441538562425 0.029429054329636273 0.03179048943987883
v 0 0.029429044792893322 0
v 0.034016441538562425 0.029429054329636273 0.03179048943987883
v 0.035445593995326874 0.029429054329636273 0.028985621281289564
v 0 0.029429044792893322 0
v 0.035445593995326874 0.029429054329636273 0.028985621281289564
v 0.03593805471201117 0.029429054329636273 0.02587639989235102
v 0 0.029429044792893322 0
v 0.03593805471201117 0.029429054329636273 0.02587639989235102
v 0.03593805471201117 0.029429054329636273 -0.02587639989235102
v 0 0.029429044792893322 0
v 0.03593805471201117 0.029429054329636273 -0.02587639989235102
v 0.035445593995326874 0.029429054329636273 -0.028985621281289564
v 0 0.029429044792893322 0
vt 0.4693198800086975 0.2592954635620117
vt 0.4821811318397522 0.2650994062423706
vt 0.36047717928886414 0.47677987813949585
vt 0.4693198800086975 0.2592954635620117
vt 0.36047717928886414 0.47677987813949585
vt 0.3490857779979706 0.468603253364563
vt 0.4821811318397522 0.2650994062423706
vt 0.4952693581581116 0.27034682035446167
vt 0.3714677691459656 0.4854075312614441
vt 0.4821811318397522 0.2650994062423706
vt 0.3714677691459656 0.4854075312614441
vt 0.36047717928886414 0.47677987813949585
vt 0.4952693581581116 0.27034682035446167
vt 0.5086174607276917 0.2749742269515991
vt 0.3819928765296936 0.49456000328063965
vt 0.4952693581581116 0.27034682035446167
vt 0.3819928765296936 0.49456000328063965
vt 0.3714677691459656 0.4854075312614441
vt 0.5086174607276917 0.2749742269515991
vt 0.52223140001297 0.2789691686630249
vt 0.39211809635162354 0.5041850805282593
vt 0.5086174607276917 0.2749742269515991
vt 0.39211809635162354 0.5041850805282593
vt 0.3819928765296936 0.49456000328063965
vt 0.52223140001297 0.2789691686630249
vt 0.5360794067382812 0.28245270252227783
vt 0.4018849730491638 0.5142314434051514
vt 0.52223140001297 0.2789691686630249
vt 0.4018849730491638 0.5142314434051514
vt 0.39211809635162354 0.5041850805282593
vt 0.5143762826919556 0.20618879795074463
vt 0.5044313073158264 0.21603012084960938
vt 0.2790578007698059 0.08640867471694946
vt 0.5143762826919556 0.20618879795074463
vt 0.2790578007698059 0.08640867471694946
vt 0.28251081705093384 0.07254952192306519
vt 0.5044313073158264 0.21603012084960938
vt 0.4949125647544861 0.22622323036193848
vt 0.2750914692878723 0.10003256797790527
vt 0.5044313073158264 0.21603012084960938
vt 0.2750914692878723 0.10003256797790527
vt 0.2790578007698059 0.08640867471694946
vt 0.4949125647544861 0.22622323036193848
vt 0.4858883023262024 0.23682087659835815
vt 0.2704920172691345 0.11338841915130615
vt 0.4949125647544861 0.22622323036193848
vt 0.2704920172691345 0.11338841915130615
vt 0.2750914692878723 0.10003256797790527
vt 0.4858883023262024 0.23682087659835815
vt 0.47738364338874817 0.24786657094955444
vt 0.26527175307273865 0.1264820098876953
vt 0.4858883023262024 0.23682087659835815
vt 0.26527175307273865 0.1264820098876953
vt 0.2704920172691345 0.11338841915130615
vt 0.47738364338874817 0.24786657094955444
vt 0.4693198800086975 0.2592954635620117
vt 0.25949376821517944 0.13934630155563354
vt 0.47738364338874817 0.24786657094955444
vt 0.25949376821517944 0.13934630155563354
vt 0.26527175307273865 0.1264820098876953
vt 0.5360794067382812 0.28245270252227783
vt 0.5369574427604675 0.2662622928619385
vt 0.5842355489730835 0.2662535309791565
vt 0.5360794067382812 0.28245270252227783
vt 0.5842355489730835 0.2662535309791565
vt 0.5846537947654724 0.29150521755218506
vt 0.5369574427604675 0.2662622928619385
vt 0.535214364528656 0.24995160102844238
vt 0.5805907249450684 0.24123191833496094
vt 0.5369574427604675 0.2662622928619385
vt 0.5805907249450684 0.24123191833496094
vt 0.5842355489730835 0.2662535309791565
vt 0.535214364528656 0.24995160102844238
vt 0.530904233455658 0.23410296440124512
vt 0.5740745067596436 0.21691656112670898
vt 0.535214364528656 0.24995160102844238
vt 0.5740745067596436 0.21691656112670898
vt 0.5805907249450684 0.24123191833496094
vt 0.530904233455658 0.23410296440124512
vt 0.5238540172576904 0.2192995548248291
vt 0.5647125244140625 0.19348597526550293
vt 0.530904233455658 0.23410296440124512
vt 0.5647125244140625 0.19348597526550293
vt 0.5740745067596436 0.21691656112670898
vt 0.5238540172576904 0.2192995548248291
vt 0.5143762826919556 0.20618879795074463
vt 0.5527780652046204 0.17143118381500244
vt 0.5238540172576904 0.2192995548248291
vt 0.5527780652046204 0.17143118381500244
vt 0.5647125244140625 0.19348597526550293
vt 0.20641851425170898 0.09421062469482422
vt 0.21625030040740967 0.10417842864990234
vt 0.08620809018611908 0.32925277948379517
vt 0.20641851425170898 0.09421062469482422
vt 0.08620809018611908 0.32925277948379517
vt 0.07240723073482513 0.325683057308197
vt 0.21625030040740967 0.10417842864990234
vt 0.22643522918224335 0.11371731758117676
vt 0.09976470470428467 0.3333328366279602
vt 0.21625030040740967 0.10417842864990234
vt 0.09976470470428467 0.3333328366279602
vt 0.08620809018611908 0.32925277948379517
vt 0.22643522918224335 0.11371731758117676
vt 0.23702624440193176 0.12275844812393188
vt 0.1130451112985611 0.3380376100540161
vt 0.22643522918224335 0.11371731758117676
vt 0.1130451112985611 0.3380376100540161
vt 0.09976470470428467 0.3333328366279602
vt 0.23702624440193176 0.12275844812393188
vt 0.24806715548038483 0.13127559423446655
vt 0.12605920433998108 0.3433498740196228
vt 0.23702624440193176 0.12275844812393188
vt 0.12605920433998108 0.3433498740196228
vt 0.1130451112985611 0.3380376100540161
vt 0.24806715548038483 0.13127559423446655
vt 0.25949376821517944 0.13934630155563354
vt 0.13884267210960388 0.3492025136947632
vt 0.24806715548038483 0.13127559423446655
vt 0.13884267210960388 0.3492025136947632
vt 0.12605920433998108 0.3433498740196228
vt 0.28251081705093384 0.07254952192306519
vt 0.26635661721229553 0.07167404890060425
vt 0.26629993319511414 0.02434396743774414
vt 0.28251081705093384 0.07254952192306519
vt 0.26629993319511414 0.02434396743774414
vt 0.2914852499961853 0.023917973041534424
vt 0.26635661721229553 0.07167404890060425
vt 0.2500841021537781 0.07341426610946655
vt 0.24134457111358643 0.027984976768493652
vt 0.26635661721229553 0.07167404890060425
vt 0.24134457111358643 0.027984976768493652
vt 0.26629993319511414 0.02434396743774414
vt 0.2500841021537781 0.07341426610946655
vt 0.23427271842956543 0.07771635055541992
vt 0.21709296107292175 0.03448641300201416
vt 0.2500841021537781 0.07341426610946655
vt 0.21709296107292175 0.03448641300201416
vt 0.24134457111358643 0.027984976768493652
vt 0.23427271842956543 0.07771635055541992
vt 0.21950294077396393 0.08475220203399658
vt 0.19372360408306122 0.04382312297821045
vt 0.23427271842956543 0.07771635055541992
vt 0.19372360408306122 0.04382312297821045
vt 0.21709296107292175 0.03448641300201416
vt 0.21950294077396393 0.08475220203399658
vt 0.20641851425170898 0.09421062469482422
vt 0.17172588407993317 0.05572432279586792
vt 0.21950294077396393 0.08475220203399658
vt 0.17172588407993317 0.05572432279586792
vt 0.19372360408306122 0.04382312297821045
vt 0.3260379731655121 0.5347172617912292
vt 0.3418855667114258 0.5362476706504822
vt 0.34127897024154663 0.5850514769554138
vt 0.3260379731655121 0.5347172617912292
vt 0.34127897024154663 0.5850514769554138
vt 0.31594333052635193 0.5860894918441772
vt 0.3418855667114258 0.5362476706504822
vt 0.35808324813842773 0.5348315238952637
vt 0.3663731813430786 0.5810779333114624
vt 0.3418855667114258 0.5362476706504822
vt 0.3663731813430786 0.5810779333114624
vt 0.34127897024154663 0.5850514769554138
vt 0.35808324813842773 0.5348315238952637
vt 0.3739125728607178 0.5306859016418457
vt 0.390755295753479 0.574391782283783
vt 0.35808324813842773 0.5348315238952637
vt 0.390755295753479 0.574391782283783
vt 0.3663731813430786 0.5810779333114624
vt 0.3739125728607178 0.5306859016418457
vt 0.3887394666671753 0.5237036347389221
vt 0.41425538063049316 0.5649386644363403
vt 0.3739125728607178 0.5306859016418457
vt 0.41425538063049316 0.5649386644363403
vt 0.390755295753479 0.574391782283783
vt 0.3887394666671753 0.5237036347389221
vt 0.4018849730491638 0.5142314434051514
vt 0.4363839626312256 0.5529506802558899
vt 0.3887394666671753 0.5237036347389221
vt 0.4363839626312256 0.5529506802558899
vt 0.41425538063049316 0.5649386644363403
vt 0.3490857779979706 0.468603253364563
vt 0.34329232573509216 0.4813469648361206
vt 0.13069435954093933 0.36069750785827637
vt 0.3490857779979706 0.468603253364563
vt 0.13069435954093933 0.36069750785827637
vt 0.13884267210960388 0.3492025136947632
vt 0.34329232573509216 0.4813469648361206
vt 0.3380599319934845 0.4943147897720337
vt 0.12209638953208923 0.37181389331817627
vt 0.34329232573509216 0.4813469648361206
vt 0.12209638953208923 0.37181389331817627
vt 0.13069435954093933 0.36069750785827637
vt 0.3380599319934845 0.4943147897720337
vt 0.33345404267311096 0.5075384378433228
vt 0.1129688024520874 0.38248711824417114
vt 0.3380599319934845 0.4943147897720337
vt 0.1129688024520874 0.38248711824417114
vt 0.12209638953208923 0.37181389331817627
vt 0.33345404267311096 0.5075384378433228
vt 0.3294849395751953 0.5210182666778564
vt 0.1033383160829544 0.39276695251464844
vt 0.33345404267311096 0.5075384378433228
vt 0.1033383160829544 0.39276695251464844
vt 0.1129688024520874 0.38248711824417114
vt 0.3294849395751953 0.5210182666778564
vt 0.3260379731655121 0.5347172617912292
vt 0.09327089786529541 0.4027106761932373
vt 0.3294849395751953 0.5210182666778564
vt 0.09327089786529541 0.4027106761932373
vt 0.1033383160829544 0.39276695251464844
vt 0.07240723073482513 0.325683057308197
vt 0.07152166962623596 0.34183937311172485
vt 0.024325519800186157 0.34136271476745605
vt 0.07240723073482513 0.325683057308197
vt 0.024325519800186157 0.34136271476745605
vt 0.023891836404800415 0.31629514694213867
vt 0.07152166962623596 0.34183937311172485
vt 0.07321327924728394 0.3581463098526001
vt 0.028001755475997925 0.36618924140930176
vt 0.07152166962623596 0.34183937311172485
vt 0.028001755475997925 0.36618924140930176
vt 0.024325519800186157 0.34136271476745605
vt 0.07321327924728394 0.3581463098526001
vt 0.07741004228591919 0.3740575909614563
vt 0.03460109233856201 0.3902825117111206
vt 0.07321327924728394 0.3581463098526001
vt 0.03460109233856201 0.3902825117111206
vt 0.028001755475997925 0.36618924140930176
vt 0.07741004228591919 0.3740575909614563
vt 0.08423550426959991 0.38907116651535034
vt 0.04417148232460022 0.41342824697494507
vt 0.07741004228591919 0.3740575909614563
vt 0.04417148232460022 0.41342824697494507
vt 0.03460109233856201 0.3902825117111206
vt 0.08423550426959991 0.38907116651535034
vt 0.09327089786529541 0.4027106761932373
vt 0.056584432721138 0.43509435653686523
vt 0.08423550426959991 0.38907116651535034
vt 0.056584432721138 0.43509435653686523
vt 0.04417148232460022 0.41342824697494507
vt 0.5143762826919556 0.20618879795074463
vt 0.28251081705093384 0.07254952192306519
vt 0.2914852499961853 0.023917973041534424
vt 0.5143762826919556 0.20618879795074463
vt 0.2914852499961853 0.023917973041534424
vt 0.5527780652046204 0.17143118381500244
vt 0.3260379731655121 0.5347172617912292
vt 0.31594333052635193 0.5860894918441772
vt 0.056584432721138 0.43509435653686523
vt 0.3260379731655121 0.5347172617912292
vt 0.056584432721138 0.43509435653686523
vt 0.09327089786529541 0.4027106761932373
vt 0.3490857779979706 0.468603253364563
vt 0.13884267210960388 0.3492025136947632
vt 0.25949376821517944 0.13934630155563354
vt 0.3490857779979706 0.468603253364563
vt 0.25949376821517944 0.13934630155563354
vt 0.4693198800086975 0.2592954635620117
vt 0.20641851425170898 0.09421062469482422
vt 0.07240723073482513 0.325683057308197
vt 0.023891836404800415 0.31629514694213867
vt 0.20641851425170898 0.09421062469482422
vt 0.023891836404800415 0.31629514694213867
vt 0.17172588407993317 0.05572432279586792
vt 0.4018849730491638 0.5142314434051514
vt 0.5360794067382812 0.28245270252227783
vt 0.5846537947654724 0.29150521755218506
vt 0.4018849730491638 0.5142314434051514
vt 0.5846537947654724 0.29150521755218506
vt 0.4363839626312256 0.5529506802558899
vt 0.5369574427604675 0.2662622928619385
vt 0.5360794067382812 0.28245270252227783
vt 0.52223140001297 0.2789691686630249
vt 0.5369574427604675 0.2662622928619385
vt 0.52223140001297 0.2789691686630249
vt 0.5247602462768555 0.26609599590301514
vt 0.5247602462768555 0.26609599590301514
vt 0.52223140001297 0.2789691686630249
vt 0.5086174607276917 0.2749742269515991
vt 0.5247602462768555 0.26609599590301514
vt 0.5086174607276917 0.2749742269515991
vt 0.5117752552032471 0.26541054248809814
vt 0.5117752552032471 0.26541054248809814
vt 0.5086174607276917 0.2749742269515991
vt 0.4952693581581116 0.27034682035446167
vt 0.5117752552032471 0.26541054248809814
vt 0.4952693581581116 0.27034682035446167
vt 0.4986138939857483 0.2612469792366028
vt 0.4986138939857483 0.2612469792366028
vt 0.4952693581581116 0.27034682035446167
vt 0.4821811318397522 0.2650994062423706
vt 0.4986138939857483 0.2612469792366028
vt 0.4821811318397522 0.2650994062423706
vt 0.4875844120979309 0.254414439201355
vt 0.4821811318397522 0.2650994062423706
vt 0.4693198800086975 0.2592954635620117
vt 0.47738364338874817 0.24786657094955444
vt 0.4821811318397522 0.2650994062423706
vt 0.47738364338874817 0.24786657094955444
vt 0.4875844120979309 0.254414439201355
vt 0.4875844120979309 0.254414439201355
vt 0.47738364338874817 0.24786657094955444
vt 0.4858883023262024 0.23682087659835815
vt 0.4875844120979309 0.254414439201355
vt 0.4858883023262024 0.23682087659835815
vt 0.4935375452041626 0.24306774139404297
vt 0.4935375452041626 0.24306774139404297
vt 0.4858883023262024 0.23682087659835815
vt 0.4949125647544861 0.22622323036193848
vt 0.4935375452041626 0.24306774139404297
vt 0.4949125647544861 0.22622323036193848
vt 0.5025814175605774 0.2328343391418457
vt 0.5025814175605774 0.2328343391418457
vt 0.4949125647544861 0.22622323036193848
vt 0.5044313073158264 0.21603012084960938
vt 0.5025814175605774 0.2328343391418457
vt 0.5044313073158264 0.21603012084960938
vt 0.5134174823760986 0.22571223974227905
vt 0.5044313073158264 0.21603012084960938
vt 0.5143762826919556 0.20618879795074463
vt 0.5238540172576904 0.2192995548248291
vt 0.5044313073158264 0.21603012084960938
vt 0.5238540172576904 0.2192995548248291
vt 0.5134174823760986 0.22571223974227905
vt 0.5134174823760986 0.22571223974227905
vt 0.5238540172576904 0.2192995548248291
vt 0.530904233455658 0.23410296440124512
vt 0.5134174823760986 0.22571223974227905
vt 0.530904233455658 0.23410296440124512
vt 0.5215746164321899 0.23733091354370117
vt 0.5215746164321899 0.23733091354370117
vt 0.530904233455658 0.23410296440124512
vt 0.535214364528656 0.24995160102844238
vt 0.5215746164321899 0.23733091354370117
vt 0.535214364528656 0.24995160102844238
vt 0.5256839990615845 0.2519104480743408
vt 0.5256839990615845 0.2519104480743408
vt 0.535214364528656 0.24995160102844238
vt 0.5369574427604675 0.2662622928619385
vt 0.5256839990615845 0.2519104480743408
vt 0.5369574427604675 0.2662622928619385
vt 0.5247602462768555 0.26609599590301514
vt 0.5256839990615845 0.2519104480743408
vt 0.5247602462768555 0.26609599590301514
vt 0.5117752552032471 0.26541054248809814
vt 0.5256839990615845 0.2519104480743408
vt 0.5117752552032471 0.26541054248809814
vt 0.514745831489563 0.2541853189468384
vt 0.514745831489563 0.2541853189468384
vt 0.5117752552032471 0.26541054248809814
vt 0.4986138939857483 0.2612469792366028
vt 0.514745831489563 0.2541853189468384
vt 0.4986138939857483 0.2612469792366028
vt 0.5020767450332642 0.2505779266357422
vt 0.4986138939857483 0.2612469792366028
vt 0.4875844120979309 0.254414439201355
vt 0.4935375452041626 0.24306774139404297
vt 0.4986138939857483 0.2612469792366028
vt 0.4935375452041626 0.24306774139404297
vt 0.5020767450332642 0.2505779266357422
vt 0.5020767450332642 0.2505779266357422
vt 0.4935375452041626 0.24306774139404297
vt 0.5025814175605774 0.2328343391418457
vt 0.5020767450332642 0.2505779266357422
vt 0.5025814175605774 0.2328343391418457
vt 0.510915994644165 0.24094504117965698
vt 0.5025814175605774 0.2328343391418457
vt 0.5134174823760986 0.22571223974227905
vt 0.5215746164321899 0.23733091354370117
vt 0.5025814175605774 0.2328343391418457
vt 0.5215746164321899 0.23733091354370117
vt 0.510915994644165 0.24094504117965698
vt 0.510915994644165 0.24094504117965698
vt 0.5215746164321899 0.23733091354370117
vt 0.5256839990615845 0.2519104480743408
vt 0.510915994644165 0.24094504117965698
vt 0.5256839990615845 0.2519104480743408
vt 0.514745831489563 0.2541853189468384
vt 0.514745831489563 0.2541853189468384
vt 0.5020767450332642 0.2505779266357422
vt 0.510915994644165 0.24094504117965698
vt 0.26527175307273865 0.1264820098876953
vt 0.25949376821517944 0.13934630155563354
vt 0.24806715548038483 0.13127559423446655
vt 0.26527175307273865 0.1264820098876953
vt 0.24806715548038483 0.13127559423446655
vt 0.2545946538448334 0.12107741832733154
vt 0.2545946538448334 0.12107741832733154
vt 0.24806715548038483 0.13127559423446655
vt 0.23702624440193176 0.12275844812393188
vt 0.2545946538448334 0.12107741832733154
vt 0.23702624440193176 0.12275844812393188
vt 0.2432575672864914 0.11511456966400146
vt 0.2432575672864914 0.11511456966400146
vt 0.23702624440193176 0.12275844812393188
vt 0.22643522918224335 0.11371731758117676
vt 0.2432575672864914 0.11511456966400146
vt 0.22643522918224335 0.11371731758117676
vt 0.23303106427192688 0.10605597496032715
vt 0.23303106427192688 0.10605597496032715
vt 0.22643522918224335 0.11371731758117676
vt 0.21625030040740967 0.10417842864990234
vt 0.23303106427192688 0.10605597496032715
vt 0.21625030040740967 0.10417842864990234
vt 0.22591173648834229 0.09520488977432251
vt 0.21625030040740967 0.10417842864990234
vt 0.20641851425170898 0.09421062469482422
vt 0.21950294077396393 0.08475220203399658
vt 0.21625030040740967 0.10417842864990234
vt 0.21950294077396393 0.08475220203399658
vt 0.22591173648834229 0.09520488977432251
vt 0.22591173648834229 0.09520488977432251
vt 0.21950294077396393 0.08475220203399658
vt 0.23427271842956543 0.07771635055541992
vt 0.22591173648834229 0.09520488977432251
vt 0.23427271842956543 0.07771635055541992
vt 0.23750288784503937 0.08705693483352661
vt 0.23750288784503937 0.08705693483352661
vt 0.23427271842956543 0.07771635055541992
vt 0.2500841021537781 0.07341426610946655
vt 0.23750288784503937 0.08705693483352661
vt 0.2500841021537781 0.07341426610946655
vt 0.2520498037338257 0.0829547643661499
vt 0.2520498037338257 0.0829547643661499
vt 0.2500841021537781 0.07341426610946655
vt 0.26635661721229553 0.07167404890060425
vt 0.2520498037338257 0.0829547643661499
vt 0.26635661721229553 0.07167404890060425
vt 0.2662074863910675 0.08388209342956543
vt 0.26635661721229553 0.07167404890060425
vt 0.28251081705093384 0.07254952192306519
vt 0.2790578007698059 0.08640867471694946
vt 0.26635661721229553 0.07167404890060425
vt 0.2790578007698059 0.08640867471694946
vt 0.2662074863910675 0.08388209342956543
vt 0.2662074863910675 0.08388209342956543
vt 0.2790578007698059 0.08640867471694946
vt 0.2750914692878723 0.10003256797790527
vt 0.2662074863910675 0.08388209342956543
vt 0.2750914692878723 0.10003256797790527
vt 0.2655411958694458 0.09687602519989014
vt 0.2655411958694458 0.09687602519989014
vt 0.2750914692878723 0.10003256797790527
vt 0.2704920172691345 0.11338841915130615
vt 0.2655411958694458 0.09687602519989014
vt 0.2704920172691345 0.11338841915130615
vt 0.26140251755714417 0.11004447937011719
vt 0.26140251755714417 0.11004447937011719
vt 0.2704920172691345 0.11338841915130615
vt 0.26527175307273865 0.1264820098876953
vt 0.26140251755714417 0.11004447937011719
vt 0.26527175307273865 0.1264820098876953
vt 0.2545946538448334 0.12107741832733154
vt 0.26140251755714417 0.11004447937011719
vt 0.2545946538448334 0.12107741832733154
vt 0.2432575672864914 0.11511456966400146
vt 0.26140251755714417 0.11004447937011719
vt 0.2432575672864914 0.11511456966400146
vt 0.2507471740245819 0.10657745599746704
vt 0.2507471740245819 0.10657745599746704
vt 0.2432575672864914 0.11511456966400146
vt 0.23303106427192688 0.10605597496032715
vt 0.2507471740245819 0.10657745599746704
vt 0.23303106427192688 0.10605597496032715
vt 0.24112087488174438 0.09772604703903198
vt 0.23303106427192688 0.10605597496032715
vt 0.22591173648834229 0.09520488977432251
vt 0.23750288784503937 0.08705693483352661
vt 0.23303106427192688 0.10605597496032715
vt 0.23750288784503937 0.08705693483352661
vt 0.24112087488174438 0.09772604703903198
vt 0.24112087488174438 0.09772604703903198
vt 0.23750288784503937 0.08705693483352661
vt 0.2520498037338257 0.0829547643661499
vt 0.24112087488174438 0.09772604703903198
vt 0.2520498037338257 0.0829547643661499
vt 0.25433290004730225 0.09390223026275635
vt 0.2520498037338257 0.0829547643661499
vt 0.2662074863910675 0.08388209342956543
vt 0.2655411958694458 0.09687602519989014
vt 0.2520498037338257 0.0829547643661499
vt 0.2655411958694458 0.09687602519989014
vt 0.25433290004730225 0.09390223026275635
vt 0.25433290004730225 0.09390223026275635
vt 0.2655411958694458 0.09687602519989014
vt 0.26140251755714417 0.11004447937011719
vt 0.25433290004730225 0.09390223026275635
vt 0.26140251755714417 0.11004447937011719
vt 0.2507471740245819 0.10657745599746704
vt 0.2507471740245819 0.10657745599746704
vt 0.24112087488174438 0.09772604703903198
vt 0.25433290004730225 0.09390223026275635
vt 0.34329232573509216 0.4813469648361206
vt 0.3490857779979706 0.468603253364563
vt 0.36047717928886414 0.47677987813949585
vt 0.34329232573509216 0.4813469648361206
vt 0.36047717928886414 0.47677987813949585
vt 0.35394859313964844 0.4868948459625244
vt 0.35394859313964844 0.4868948459625244
vt 0.36047717928886414 0.47677987813949585
vt 0.3714677691459656 0.4854075312614441
vt 0.35394859313964844 0.4868948459625244
vt 0.3714677691459656 0.4854075312614441
vt 0.36523735523223877 0.49300384521484375
vt 0.36523735523223877 0.49300384521484375
vt 0.3714677691459656 0.4854075312614441
vt 0.3819928765296936 0.49456000328063965
vt 0.36523735523223877 0.49300384521484375
vt 0.3819928765296936 0.49456000328063965
vt 0.3753904104232788 0.5022003650665283
vt 0.3753904104232788 0.5022003650665283
vt 0.3819928765296936 0.49456000328063965
vt 0.39211809635162354 0.5041850805282593
vt 0.3753904104232788 0.5022003650665283
vt 0.39211809635162354 0.5041850805282593
vt 0.38242971897125244 0.5131545066833496
vt 0.39211809635162354 0.5041850805282593
vt 0.4018849730491638 0.5142314434051514
vt 0.3887394666671753 0.5237036347389221
vt 0.39211809635162354 0.5041850805282593
vt 0.3887394666671753 0.5237036347389221
vt 0.38242971897125244 0.5131545066833496
vt 0.38242971897125244 0.5131545066833496
vt 0.3887394666671753 0.5237036347389221
vt 0.3739125728607178 0.5306859016418457
vt 0.38242971897125244 0.5131545066833496
vt 0.3739125728607178 0.5306859016418457
vt 0.37080109119415283 0.521246075630188
vt 0.37080109119415283 0.521246075630188
vt 0.3739125728607178 0.5306859016418457
vt 0.35808324813842773 0.5348315238952637
vt 0.37080109119415283 0.521246075630188
vt 0.35808324813842773 0.5348315238952637
vt 0.3562706708908081 0.5251718759536743
vt 0.3562706708908081 0.5251718759536743
vt 0.35808324813842773 0.5348315238952637
vt 0.3418855667114258 0.5362476706504822
vt 0.3562706708908081 0.5251718759536743
vt 0.3418855667114258 0.5362476706504822
vt 0.3422256112098694 0.5239318609237671
vt 0.3418855667114258 0.5362476706504822
vt 0.3260379731655121 0.5347172617912292
vt 0.3294849395751953 0.5210182666778564
vt 0.3418855667114258 0.5362476706504822
vt 0.3294849395751953 0.5210182666778564
vt 0.3422256112098694 0.5239318609237671
vt 0.3422256112098694 0.5239318609237671
vt 0.3294849395751953 0.5210182666778564
vt 0.33345404267311096 0.5075384378433228
vt 0.3422256112098694 0.5239318609237671
vt 0.33345404267311096 0.5075384378433228
vt 0.3429661691188812 0.510915994644165
vt 0.3429661691188812 0.510915994644165
vt 0.33345404267311096 0.5075384378433228
vt 0.3380599319934845 0.4943147897720337
vt 0.3429661691188812 0.510915994644165
vt 0.3380599319934845 0.4943147897720337
vt 0.3471333384513855 0.4978203773498535
vt 0.3471333384513855 0.4978203773498535
vt 0.3380599319934845 0.4943147897720337
vt 0.34329232573509216 0.4813469648361206
vt 0.3471333384513855 0.4978203773498535
vt 0.34329232573509216 0.4813469648361206
vt 0.35394859313964844 0.4868948459625244
vt 0.3471333384513855 0.4978203773498535
vt 0.35394859313964844 0.4868948459625244
vt 0.36523735523223877 0.49300384521484375
vt 0.3471333384513855 0.4978203773498535
vt 0.36523735523223877 0.49300384521484375
vt 0.3577427864074707 0.501464307308197
vt 0.3577427864074707 0.501464307308197
vt 0.36523735523223877 0.49300384521484375
vt 0.3753904104232788 0.5022003650665283
vt 0.3577427864074707 0.501464307308197
vt 0.3753904104232788 0.5022003650665283
vt 0.3672860860824585 0.5104765892028809
vt 0.3753904104232788 0.5022003650665283
vt 0.38242971897125244 0.5131545066833496
vt 0.37080109119415283 0.521246075630188
vt 0.3753904104232788 0.5022003650665283
vt 0.37080109119415283 0.521246075630188
vt 0.3672860860824585 0.5104765892028809
vt 0.3672860860824585 0.5104765892028809
vt 0.37080109119415283 0.521246075630188
vt 0.3562706708908081 0.5251718759536743
vt 0.3672860860824585 0.5104765892028809
vt 0.3562706708908081 0.5251718759536743
vt 0.35410037636756897 0.5141183733940125
vt 0.3562706708908081 0.5251718759536743
vt 0.3422256112098694 0.5239318609237671
vt 0.3429661691188812 0.510915994644165
vt 0.3562706708908081 0.5251718759536743
vt 0.3429661691188812 0.510915994644165
vt 0.35410037636756897 0.5141183733940125
vt 0.35410037636756897 0.5141183733940125
vt 0.3429661691188812 0.510915994644165
vt 0.3471333384513855 0.4978203773498535
vt 0.35410037636756897 0.5141183733940125
vt 0.3471333384513855 0.4978203773498535
vt 0.3577427864074707 0.501464307308197
vt 0.3577427864074707 0.501464307308197
vt 0.3672860860824585 0.5104765892028809
vt 0.35410037636756897 0.5141183733940125
vt 0.07152166962623596 0.34183937311172485
vt 0.07240723073482513 0.325683057308197
vt 0.08620809018611908 0.32925277948379517
vt 0.07152166962623596 0.34183937311172485
vt 0.08620809018611908 0.32925277948379517
vt 0.08367496728897095 0.34211963415145874
vt 0.08367496728897095 0.34211963415145874
vt 0.08620809018611908 0.32925277948379517
vt 0.09976470470428467 0.3333328366279602
vt 0.08367496728897095 0.34211963415145874
vt 0.09976470470428467 0.3333328366279602
vt 0.09660045802593231 0.3429086208343506
vt 0.09660045802593231 0.3429086208343506
vt 0.09976470470428467 0.3333328366279602
vt 0.1130451112985611 0.3380376100540161
vt 0.09660045802593231 0.3429086208343506
vt 0.1130451112985611 0.3380376100540161
vt 0.10967975854873657 0.3471691608428955
vt 0.10967975854873657 0.3471691608428955
vt 0.1130451112985611 0.3380376100540161
vt 0.12605920433998108 0.3433498740196228
vt 0.10967975854873657 0.3471691608428955
vt 0.12605920433998108 0.3433498740196228
vt 0.12060938775539398 0.35408657789230347
vt 0.12605920433998108 0.3433498740196228
vt 0.13884267210960388 0.3492025136947632
vt 0.13069435954093933 0.36069750785827637
vt 0.12605920433998108 0.3433498740196228
vt 0.13069435954093933 0.36069750785827637
vt 0.12060938775539398 0.35408657789230347
vt 0.12060938775539398 0.35408657789230347
vt 0.13069435954093933 0.36069750785827637
vt 0.12209638953208923 0.37181389331817627
vt 0.12060938775539398 0.35408657789230347
vt 0.12209638953208923 0.37181389331817627
vt 0.1145784854888916 0.3654913902282715
vt 0.1145784854888916 0.3654913902282715
vt 0.12209638953208923 0.37181389331817627
vt 0.1129688024520874 0.38248711824417114
vt 0.1145784854888916 0.3654913902282715
vt 0.1129688024520874 0.38248711824417114
vt 0.10547901690006256 0.3757600784301758
vt 0.10547901690006256 0.3757600784301758
vt 0.1129688024520874 0.38248711824417114
vt 0.1033383160829544 0.39276695251464844
vt 0.10547901690006256 0.3757600784301758
vt 0.1033383160829544 0.39276695251464844
vt 0.09464365243911743 0.3828352689743042
vt 0.1033383160829544 0.39276695251464844
vt 0.09327089786529541 0.4027106761932373
vt 0.08423550426959991 0.38907116651535034
vt 0.1033383160829544 0.39276695251464844
vt 0.08423550426959991 0.38907116651535034
vt 0.09464365243911743 0.3828352689743042
vt 0.09464365243911743 0.3828352689743042
vt 0.08423550426959991 0.38907116651535034
vt 0.07741004228591919 0.3740575909614563
vt 0.09464365243911743 0.3828352689743042
vt 0.07741004228591919 0.3740575909614563
vt 0.08669249713420868 0.3709937334060669
vt 0.08669249713420868 0.3709937334060669
vt 0.07741004228591919 0.3740575909614563
vt 0.07321327924728394 0.3581463098526001
vt 0.08669249713420868 0.3709937334060669
vt 0.07321327924728394 0.3581463098526001
vt 0.08270522952079773 0.3563118577003479
vt 0.08270522952079773 0.3563118577003479
vt 0.07321327924728394 0.3581463098526001
vt 0.07152166962623596 0.34183937311172485
vt 0.08270522952079773 0.3563118577003479
vt 0.07152166962623596 0.34183937311172485
vt 0.08367496728897095 0.34211963415145874
vt 0.08270522952079773 0.3563118577003479
vt 0.08367496728897095 0.34211963415145874
vt 0.09660045802593231 0.3429086208343506
vt 0.08270522952079773 0.3563118577003479
vt 0.09660045802593231 0.3429086208343506
vt 0.0935935229063034 0.3541527986526489
vt 0.0935935229063034 0.3541527986526489
vt 0.09660045802593231 0.3429086208343506
vt 0.10967975854873657 0.3471691608428955
vt 0.0935935229063034 0.3541527986526489
vt 0.10967975854873657 0.3471691608428955
vt 0.10616709291934967 0.35787516832351685
vt 0.10967975854873657 0.3471691608428955
vt 0.12060938775539398 0.35408657789230347
vt 0.1145784854888916 0.3654913902282715
vt 0.10967975854873657 0.3471691608428955
vt 0.1145784854888916 0.3654913902282715
vt 0.10616709291934967 0.35787516832351685
vt 0.10616709291934967 0.35787516832351685
vt 0.1145784854888916 0.3654913902282715
vt 0.10547901690006256 0.3757600784301758
vt 0.10616709291934967 0.35787516832351685
vt 0.10547901690006256 0.3757600784301758
vt 0.09730343520641327 0.3675044775009155
vt 0.10547901690006256 0.3757600784301758
vt 0.09464365243911743 0.3828352689743042
vt 0.08669249713420868 0.3709937334060669
vt 0.10547901690006256 0.3757600784301758
vt 0.08669249713420868 0.3709937334060669
vt 0.09730343520641327 0.3675044775009155
vt 0.09730343520641327 0.3675044775009155
vt 0.08669249713420868 0.3709937334060669
vt 0.08270522952079773 0.3563118577003479
vt 0.09730343520641327 0.3675044775009155
vt 0.08270522952079773 0.3563118577003479
vt 0.0935935229063034 0.3541527986526489
vt 0.0935935229063034 0.3541527986526489
vt 0.10616709291934967 0.35787516832351685
vt 0.09730343520641327 0.3675044775009155
vt 0.01752486824989319 0.3415563702583313
vt 0.021038711071014404 0.36756110191345215
vt 0.014473050832748413 0.3674837350845337
vt 0.01752486824989319 0.3415563702583313
vt 0.014473050832748413 0.3674837350845337
vt 0.011735230684280396 0.33735305070877075
vt 0.021038711071014404 0.36756110191345215
vt 0.027865827083587646 0.39264851808547974
vt 0.02254164218902588 0.3959583044052124
vt 0.021038711071014404 0.36756110191345215
vt 0.02254164218902588 0.3959583044052124
vt 0.014473050832748413 0.3674837350845337
vt 0.027865827083587646 0.39264851808547974
vt 0.038222044706344604 0.41671353578567505
vt 0.03536561131477356 0.4232313632965088
vt 0.027865827083587646 0.39264851808547974
vt 0.03536561131477356 0.4232313632965088
vt 0.02254164218902588 0.3959583044052124
vt 0.038222044706344604 0.41671353578567505
vt 0.052722662687301636 0.44027143716812134
vt 0.05363810062408447 0.44671380519866943
vt 0.038222044706344604 0.41671353578567505
vt 0.05363810062408447 0.44671380519866943
vt 0.03536561131477356 0.4232313632965088
vt 0.052722662687301636 0.44027143716812134
vt 0.31335195899009705 0.591975212097168
vt 0.30727335810661316 0.5943449139595032
vt 0.052722662687301636 0.44027143716812134
vt 0.30727335810661316 0.5943449139595032
vt 0.05363810062408447 0.44671380519866943
vt 0.31335195899009705 0.591975212097168
vt 0.3415384590625763 0.5918883085250854
vt 0.33734893798828125 0.5977609157562256
vt 0.31335195899009705 0.591975212097168
vt 0.33734893798828125 0.5977609157562256
vt 0.30727335810661316 0.5943449139595032
vt 0.3415384590625763 0.5918883085250854
vt 0.3677751421928406 0.588066577911377
vt 0.36771270632743835 0.5946532487869263
vt 0.3415384590625763 0.5918883085250854
vt 0.36771270632743835 0.5946532487869263
vt 0.33734893798828125 0.5977609157562256
vt 0.3677751421928406 0.588066577911377
vt 0.3930946886539459 0.581170916557312
vt 0.39639508724212646 0.586525559425354
vt 0.3677751421928406 0.588066577911377
vt 0.39639508724212646 0.586525559425354
vt 0.36771270632743835 0.5946532487869263
vt 0.3930946886539459 0.581170916557312
vt 0.4174872934818268 0.5709682703018188
vt 0.42402422428131104 0.5739092826843262
vt 0.3930946886539459 0.581170916557312
vt 0.42402422428131104 0.5739092826843262
vt 0.39639508724212646 0.586525559425354
vt 0.4174872934818268 0.5709682703018188
vt 0.4415956735610962 0.5567340850830078
vt 0.44804084300994873 0.5557266473770142
vt 0.4174872934818268 0.5709682703018188
vt 0.44804084300994873 0.5557266473770142
vt 0.42402422428131104 0.5739092826843262
vt 0.4415956735610962 0.5567340850830078
vt 0.5905919075012207 0.2940211296081543
vt 0.5930338501930237 0.30006152391433716
vt 0.4415956735610962 0.5567340850830078
vt 0.5930338501930237 0.30006152391433716
vt 0.44804084300994873 0.5557266473770142
vt 0.5905919075012207 0.2940211296081543
vt 0.591035783290863 0.26606297492980957
vt 0.5968211889266968 0.2702970504760742
vt 0.5905919075012207 0.2940211296081543
vt 0.5968211889266968 0.2702970504760742
vt 0.5930338501930237 0.30006152391433716
vt 0.591035783290863 0.26606297492980957
vt 0.5875654220581055 0.2398831844329834
vt 0.5941362380981445 0.23999416828155518
vt 0.591035783290863 0.26606297492980957
vt 0.5941362380981445 0.23999416828155518
vt 0.5968211889266968 0.2702970504760742
vt 0.5875654220581055 0.2398831844329834
vt 0.5808485150337219 0.21459919214248657
vt 0.5862106084823608 0.21132391691207886
vt 0.5875654220581055 0.2398831844329834
vt 0.5862106084823608 0.21132391691207886
vt 0.5941362380981445 0.23999416828155518
vt 0.5808485150337219 0.21459919214248657
vt 0.5707366466522217 0.1902536153793335
vt 0.5736855268478394 0.1837267279624939
vt 0.5808485150337219 0.21459919214248657
vt 0.5736855268478394 0.1837267279624939
vt 0.5862106084823608 0.21132391691207886
vt 0.5707366466522217 0.1902536153793335
vt 0.5565410852432251 0.16620534658432007
vt 0.5555235147476196 0.15976333618164062
vt 0.5707366466522217 0.1902536153793335
vt 0.5555235147476196 0.15976333618164062
vt 0.5736855268478394 0.1837267279624939
vt 0.5565410852432251 0.16620534658432007
vt 0.29398709535598755 0.017972111701965332
vt 0.3000127971172333 0.015513181686401367
vt 0.5565410852432251 0.16620534658432007
vt 0.3000127971172333 0.015513181686401367
vt 0.5555235147476196 0.15976333618164062
vt 0.29398709535598755 0.017972111701965332
vt 0.26610541343688965 0.01754128932952881
vt 0.2703254520893097 0.011753678321838379
vt 0.29398709535598755 0.017972111701965332
vt 0.2703254520893097 0.011753678321838379
vt 0.3000127971172333 0.015513181686401367
vt 0.26610541343688965 0.01754128932952881
vt 0.23999468982219696 0.021007895469665527
vt 0.2401016503572464 0.014436602592468262
vt 0.26610541343688965 0.01754128932952881
vt 0.2401016503572464 0.014436602592468262
vt 0.2703254520893097 0.011753678321838379
vt 0.23999468982219696 0.021007895469665527
vt 0.21477611362934113 0.027709603309631348
vt 0.21150466799736023 0.02234494686126709
vt 0.23999468982219696 0.021007895469665527
vt 0.21150466799736023 0.02234494686126709
vt 0.2401016503572464 0.014436602592468262
vt 0.21477611362934113 0.027709603309631348
vt 0.19049355387687683 0.037795066833496094
vt 0.18397828936576843 0.034838080406188965
vt 0.21477611362934113 0.027709603309631348
vt 0.18397828936576843 0.034838080406188965
vt 0.21150466799736023 0.02234494686126709
vt 0.19049355387687683 0.037795066833496094
vt 0.16650770604610443 0.05194735527038574
vt 0.16006845235824585 0.05294299125671387
vt 0.19049355387687683 0.037795066833496094
vt 0.16006845235824585 0.05294299125671387
vt 0.18397828936576843 0.034838080406188965
vt 0.16650770604610443 0.05194735527038574
vt 0.017955780029296875 0.3137708306312561
vt 0.015507280826568604 0.3077436685562134
vt 0.16650770604610443 0.05194735527038574
vt 0.015507280826568604 0.3077436685562134
vt 0.16006845235824585 0.05294299125671387
vt 0.017955780029296875 0.3137708306312561
vt 0.01752486824989319 0.3415563702583313
vt 0.011735230684280396 0.33735305070877075
vt 0.017955780029296875 0.3137708306312561
vt 0.011735230684280396 0.33735305070877075
vt 0.015507280826568604 0.3077436685562134
vt 0.888374924659729 0.10252898931503296
vt 0.8993310928344727 0.11054068803787231
vt 0.8804212808609009 0.13675647974014282
vt 0.888374924659729 0.10252898931503296
vt 0.8804212808609009 0.13675647974014282
vt 0.873677134513855 0.13373488187789917
vt 0.8993310928344727 0.11054068803787231
vt 0.9093787670135498 0.11944061517715454
vt 0.8859110474586487 0.14181840419769287
vt 0.8993310928344727 0.11054068803787231
vt 0.8859110474586487 0.14181840419769287
vt 0.8804212808609009 0.13675647974014282
vt 0.9093787670135498 0.11944061517715454
vt 0.9180294871330261 0.12979578971862793
vt 0.8898419737815857 0.14815223217010498
vt 0.9093787670135498 0.11944061517715454
vt 0.8898419737815857 0.14815223217010498
vt 0.8859110474586487 0.14181840419769287
vt 0.9180294871330261 0.12979578971862793
vt 0.9252475500106812 0.14129656553268433
vt 0.8919171690940857 0.15529733896255493
vt 0.9180294871330261 0.12979578971862793
vt 0.8919171690940857 0.15529733896255493
vt 0.8898419737815857 0.14815223217010498
vt 0.9252475500106812 0.14129656553268433
vt 0.9347821474075317 0.2990853190422058
vt 0.8980510830879211 0.2887221574783325
vt 0.9252475500106812 0.14129656553268433
vt 0.8980510830879211 0.2887221574783325
vt 0.8919171690940857 0.15529733896255493
vt 0.9347821474075317 0.2990853190422058
vt 0.9280809164047241 0.31108516454696655
vt 0.8971743583679199 0.2962419390678406
vt 0.9347821474075317 0.2990853190422058
vt 0.8971743583679199 0.2962419390678406
vt 0.8980510830879211 0.2887221574783325
vt 0.9280809164047241 0.31108516454696655
vt 0.9200184345245361 0.322060227394104
vt 0.8940342664718628 0.3031470775604248
vt 0.9280809164047241 0.31108516454696655
vt 0.8940342664718628 0.3031470775604248
vt 0.8971743583679199 0.2962419390678406
vt 0.9200184345245361 0.322060227394104
vt 0.9110485315322876 0.3321080207824707
vt 0.8889239430427551 0.308798611164093
vt 0.9200184345245361 0.322060227394104
vt 0.8889239430427551 0.308798611164093
vt 0.8940342664718628 0.3031470775604248
vt 0.9110485315322876 0.3321080207824707
vt 0.9006129503250122 0.3407699465751648
vt 0.8824655413627625 0.31275445222854614
vt 0.9110485315322876 0.3321080207824707
vt 0.8824655413627625 0.31275445222854614
vt 0.8889239430427551 0.308798611164093
vt 0.9006129503250122 0.3407699465751648
vt 0.8890136480331421 0.3479829430580139
vt 0.8751806616783142 0.3145602345466614
vt 0.9006129503250122 0.3407699465751648
vt 0.8751806616783142 0.3145602345466614
vt 0.8824655413627625 0.31275445222854614
vt 0.8890136480331421 0.3479829430580139
vt 0.7312264442443848 0.3567730784416199
vt 0.7422282099723816 0.3200605511665344
vt 0.8890136480331421 0.3479829430580139
vt 0.7422282099723816 0.3200605511665344
vt 0.8751806616783142 0.3145602345466614
vt 0.7312264442443848 0.3567730784416199
vt 0.7193555235862732 0.34996497631073
vt 0.7347646951675415 0.31914401054382324
vt 0.7312264442443848 0.3567730784416199
vt 0.7347646951675415 0.31914401054382324
vt 0.7422282099723816 0.3200605511665344
vt 0.7193555235862732 0.34996497631073
vt 0.7085262537002563 0.3418460488319397
vt 0.727872908115387 0.3161296844482422
vt 0.7193555235862732 0.34996497631073
vt 0.727872908115387 0.3161296844482422
vt 0.7347646951675415 0.31914401054382324
vt 0.7085262537002563 0.3418460488319397
vt 0.698650598526001 0.3328568935394287
vt 0.7222419381141663 0.31112927198410034
vt 0.7085262537002563 0.3418460488319397
vt 0.7222419381141663 0.31112927198410034
vt 0.727872908115387 0.3161296844482422
vt 0.698650598526001 0.3328568935394287
vt 0.690200686454773 0.322424054145813
vt 0.7183984518051147 0.30465298891067505
vt 0.698650598526001 0.3328568935394287
vt 0.7183984518051147 0.30465298891067505
vt 0.7222419381141663 0.31112927198410034
vt 0.690200686454773 0.322424054145813
vt 0.6832461953163147 0.3108863830566406
vt 0.716769814491272 0.2970811128616333
vt 0.690200686454773 0.322424054145813
vt 0.716769814491272 0.2970811128616333
vt 0.7183984518051147 0.30465298891067505
vt 0.6832461953163147 0.3108863830566406
vt 0.6738812327384949 0.15449857711791992
vt 0.7106558084487915 0.1646268367767334
vt 0.6832461953163147 0.3108863830566406
vt 0.7106558084487915 0.1646268367767334
vt 0.716769814491272 0.2970811128616333
vt 0.6738812327384949 0.15449857711791992
vt 0.6804111003875732 0.14256256818771362
vt 0.7116124629974365 0.1570146679878235
vt 0.6738812327384949 0.15449857711791992
vt 0.7116124629974365 0.1570146679878235
vt 0.7106558084487915 0.1646268367767334
vt 0.6804111003875732 0.14256256818771362
vt 0.6883155107498169 0.13158917427062988
vt 0.7146222591400146 0.14988350868225098
vt 0.6804111003875732 0.14256256818771362
vt 0.7146222591400146 0.14988350868225098
vt 0.7116124629974365 0.1570146679878235
vt 0.6883155107498169 0.13158917427062988
vt 0.6971518397331238 0.12154000997543335
vt 0.7197345495223999 0.14438068866729736
vt 0.6883155107498169 0.13158917427062988
vt 0.7197345495223999 0.14438068866729736
vt 0.7146222591400146 0.14988350868225098
vt 0.6971518397331238 0.12154000997543335
vt 0.7074639201164246 0.11287379264831543
vt 0.7262484431266785 0.14061009883880615
vt 0.6971518397331238 0.12154000997543335
vt 0.7262484431266785 0.14061009883880615
vt 0.7197345495223999 0.14438068866729736
vt 0.7074639201164246 0.11287379264831543
vt 0.7189235091209412 0.10561996698379517
vt 0.7335712909698486 0.1388118863105774
vt 0.7074639201164246 0.11287379264831543
vt 0.7335712909698486 0.1388118863105774
vt 0.7262484431266785 0.14061009883880615
vt 0.7189235091209412 0.10561996698379517
vt 0.8763870000839233 0.09589308500289917
vt 0.8664066195487976 0.13281548023223877
vt 0.7189235091209412 0.10561996698379517
vt 0.8664066195487976 0.13281548023223877
vt 0.7335712909698486 0.1388118863105774
vt 0.8763870000839233 0.09589308500289917
vt 0.888374924659729 0.10252898931503296
vt 0.873677134513855 0.13373488187789917
vt 0.8763870000839233 0.09589308500289917
vt 0.873677134513855 0.13373488187789917
vt 0.8664066195487976 0.13281548023223877
vt 0.02170214056968689 0.31692540645599365
vt 0.02254486083984375 0.342701256275177
vt 0.01949101686477661 0.34281599521636963
vt 0.02170214056968689 0.31692540645599365
vt 0.01949101686477661 0.34281599521636963
vt 0.01880854368209839 0.31571483612060547
vt 0.17114287614822388 0.05352836847305298
vt 0.02170214056968689 0.31692540645599365
vt 0.01880854368209839 0.31571483612060547
vt 0.17114287614822388 0.05352836847305298
vt 0.01880854368209839 0.31571483612060547
vt 0.1686161309480667 0.051679790019989014
vt 0.19400236010551453 0.04160809516906738
vt 0.17114287614822388 0.05352836847305298
vt 0.1686161309480667 0.051679790019989014
vt 0.19400236010551453 0.04160809516906738
vt 0.1686161309480667 0.051679790019989014
vt 0.1925690472126007 0.038872599601745605
vt 0.21683065593242645 0.03240048885345459
vt 0.19400236010551453 0.04160809516906738
vt 0.1925690472126007 0.038872599601745605
vt 0.21683065593242645 0.03240048885345459
vt 0.1925690472126007 0.038872599601745605
vt 0.21583914756774902 0.029497265815734863
vt 0.24054385721683502 0.026085317134857178
vt 0.21683065593242645 0.03240048885345459
vt 0.21583914756774902 0.029497265815734863
vt 0.24054385721683502 0.026085317134857178
vt 0.21583914756774902 0.029497265815734863
vt 0.23996183276176453 0.023105740547180176
vt 0.26495498418807983 0.022561967372894287
vt 0.24054385721683502 0.026085317134857178
vt 0.23996183276176453 0.023105740547180176
vt 0.26495498418807983 0.022561967372894287
vt 0.23996183276176453 0.023105740547180176
vt 0.26484018564224243 0.01950705051422119
vt 0.2908443808555603 0.02172672748565674
vt 0.26495498418807983 0.022561967372894287
vt 0.26484018564224243 0.01950705051422119
vt 0.2908443808555603 0.02172672748565674
vt 0.26484018564224243 0.01950705051422119
vt 0.2920442223548889 0.018828511238098145
vt 0.5549739599227905 0.17084509134292603
vt 0.2908443808555603 0.02172672748565674
vt 0.2920442223548889 0.018828511238098145
vt 0.5549739599227905 0.17084509134292603
vt 0.2920442223548889 0.018828511238098145
vt 0.5568157434463501 0.16831457614898682
vt 0.5669279098510742 0.19376718997955322
vt 0.5549739599227905 0.17084509134292603
vt 0.5568157434463501 0.16831457614898682
vt 0.5669279098510742 0.19376718997955322
vt 0.5568157434463501 0.16831457614898682
vt 0.5696617364883423 0.19233286380767822
vt 0.5761598348617554 0.21665513515472412
vt 0.5669279098510742 0.19376718997955322
vt 0.5696617364883423 0.19233286380767822
vt 0.5761598348617554 0.21665513515472412
vt 0.5696617364883423 0.19233286380767822
vt 0.5790619850158691 0.21566343307495117
vt 0.5824893712997437 0.24043047428131104
vt 0.5761598348617554 0.21665513515472412
vt 0.5790619850158691 0.21566343307495117
vt 0.5824893712997437 0.24043047428131104
vt 0.5790619850158691 0.21566343307495117
vt 0.5854679942131042 0.23984891176223755
vt 0.5860168933868408 0.26490622758865356
vt 0.5824893712997437 0.24043047428131104
vt 0.5854679942131042 0.23984891176223755
vt 0.5860168933868408 0.26490622758865356
vt 0.5854679942131042 0.23984891176223755
vt 0.5890707969665527 0.26479315757751465
vt 0.5868465900421143 0.2908668518066406
vt 0.5860168933868408 0.26490622758865356
vt 0.5890707969665527 0.26479315757751465
vt 0.5868465900421143 0.2908668518066406
vt 0.5890707969665527 0.26479315757751465
vt 0.5897411108016968 0.2920736074447632
vt 0.4369621276855469 0.555153489112854
vt 0.5868465900421143 0.2908668518066406
vt 0.5897411108016968 0.2920736074447632
vt 0.4369621276855469 0.555153489112854
vt 0.5897411108016968 0.2920736074447632
vt 0.4394858479499817 0.5570050477981567
vt 0.41397032141685486 0.5671591758728027
vt 0.4369621276855469 0.555153489112854
vt 0.4394858479499817 0.5570050477981567
vt 0.41397032141685486 0.5671591758728027
vt 0.4394858479499817 0.5570050477981567
vt 0.41540467739105225 0.5698954463005066
vt 0.3910216689109802 0.57648104429245
vt 0.41397032141685486 0.5671591758728027
vt 0.41540467739105225 0.5698954463005066
vt 0.3910216689109802 0.57648104429245
vt 0.41540467739105225 0.5698954463005066
vt 0.3920227289199829 0.5793852806091309
vt 0.3671906590461731 0.5829768776893616
vt 0.3910216689109802 0.57648104429245
vt 0.3920227289199829 0.5793852806091309
vt 0.3671906590461731 0.5829768776893616
vt 0.3920227289199829 0.5793852806091309
vt 0.3677946925163269 0.5859613418579102
vt 0.34265249967575073 0.5868207812309265
vt 0.3671906590461731 0.5829768776893616
vt 0.3677946925163269 0.5859613418579102
vt 0.34265249967575073 0.5868207812309265
vt 0.3677946925163269 0.5859613418579102
vt 0.3427950143814087 0.5898903608322144
vt 0.31655338406562805 0.5882785320281982
vt 0.34265249967575073 0.5868207812309265
vt 0.3427950143814087 0.5898903608322144
vt 0.31655338406562805 0.5882785320281982
vt 0.3427950143814087 0.5898903608322144
vt 0.31531059741973877 0.5911482572555542
vt 0.05437013506889343 0.4356539845466614
vt 0.31655338406562805 0.5882785320281982
vt 0.31531059741973877 0.5911482572555542
vt 0.05437013506889343 0.4356539845466614
vt 0.31531059741973877 0.5911482572555542
vt 0.05248081684112549 0.43816083669662476
vt 0.04196164011955261 0.4131805896759033
vt 0.05437013506889343 0.4356539845466614
vt 0.05248081684112549 0.43816083669662476
vt 0.04196164011955261 0.4131805896759033
vt 0.05248081684112549 0.43816083669662476
vt 0.03926253318786621 0.4146392345428467
vt 0.032524436712265015 0.3905618190765381
vt 0.04196164011955261 0.4131805896759033
vt 0.03926253318786621 0.4146392345428467
vt 0.032524436712265015 0.3905618190765381
vt 0.03926253318786621 0.4146392345428467
vt 0.029638707637786865 0.3915742039680481
vt 0.026107221841812134 0.36699378490448
vt 0.032524436712265015 0.3905618190765381
vt 0.029638707637786865 0.3915742039680481
vt 0.026107221841812134 0.36699378490448
vt 0.029638707637786865 0.3915742039680481
vt 0.023133695125579834 0.3675851821899414
vt 0.02254486083984375 0.342701256275177
vt 0.026107221841812134 0.36699378490448
vt 0.023133695125579834 0.3675851821899414
vt 0.02254486083984375 0.342701256275177
vt 0.023133695125579834 0.3675851821899414
vt 0.01949101686477661 0.34281599521636963
vt 0.023891836404800415 0.31629514694213867
vt 0.024325519800186157 0.34136271476745605
vt 0.02254486083984375 0.342701256275177
vt 0.023891836404800415 0.31629514694213867
vt 0.02254486083984375 0.342701256275177
vt 0.02170214056968689 0.31692540645599365
vt 0.01752486824989319 0.3415563702583313
vt 0.017955780029296875 0.3137708306312561
vt 0.01880854368209839 0.31571483612060547
vt 0.01752486824989319 0.3415563702583313
vt 0.01880854368209839 0.31571483612060547
vt 0.01949101686477661 0.34281599521636963
vt 0.17172588407993317 0.05572432279586792
vt 0.023891836404800415 0.31629514694213867
vt 0.02170214056968689 0.31692540645599365
vt 0.17172588407993317 0.05572432279586792
vt 0.02170214056968689 0.31692540645599365
vt 0.17114287614822388 0.05352836847305298
vt 0.017955780029296875 0.3137708306312561
vt 0.16650770604610443 0.05194735527038574
vt 0.1686161309480667 0.051679790019989014
vt 0.017955780029296875 0.3137708306312561
vt 0.1686161309480667 0.051679790019989014
vt 0.01880854368209839 0.31571483612060547
vt 0.19372360408306122 0.04382312297821045
vt 0.17172588407993317 0.05572432279586792
vt 0.17114287614822388 0.05352836847305298
vt 0.19372360408306122 0.04382312297821045
vt 0.17114287614822388 0.05352836847305298
vt 0.19400236010551453 0.04160809516906738
vt 0.16650770604610443 0.05194735527038574
vt 0.19049355387687683 0.037795066833496094
vt 0.1925690472126007 0.038872599601745605
vt 0.16650770604610443 0.05194735527038574
vt 0.1925690472126007 0.038872599601745605
vt 0.1686161309480667 0.051679790019989014
vt 0.21709296107292175 0.03448641300201416
vt 0.19372360408306122 0.04382312297821045
vt 0.19400236010551453 0.04160809516906738
vt 0.21709296107292175 0.03448641300201416
vt 0.19400236010551453 0.04160809516906738
vt 0.21683065593242645 0.03240048885345459
vt 0.19049355387687683 0.037795066833496094
vt 0.21477611362934113 0.027709603309631348
vt 0.21583914756774902 0.029497265815734863
vt 0.19049355387687683 0.037795066833496094
vt 0.21583914756774902 0.029497265815734863
vt 0.1925690472126007 0.038872599601745605
vt 0.24134457111358643 0.027984976768493652
vt 0.21709296107292175 0.03448641300201416
vt 0.21683065593242645 0.03240048885345459
vt 0.24134457111358643 0.027984976768493652
vt 0.21683065593242645 0.03240048885345459
vt 0.24054385721683502 0.026085317134857178
vt 0.21477611362934113 0.027709603309631348
vt 0.23999468982219696 0.021007895469665527
vt 0.23996183276176453 0.023105740547180176
vt 0.21477611362934113 0.027709603309631348
vt 0.23996183276176453 0.023105740547180176
vt 0.21583914756774902 0.029497265815734863
vt 0.26629993319511414 0.02434396743774414
vt 0.24134457111358643 0.027984976768493652
vt 0.24054385721683502 0.026085317134857178
vt 0.26629993319511414 0.02434396743774414
vt 0.24054385721683502 0.026085317134857178
vt 0.26495498418807983 0.022561967372894287
vt 0.23999468982219696 0.021007895469665527
vt 0.26610541343688965 0.01754128932952881
vt 0.26484018564224243 0.01950705051422119
vt 0.23999468982219696 0.021007895469665527
vt 0.26484018564224243 0.01950705051422119
vt 0.23996183276176453 0.023105740547180176
vt 0.2914852499961853 0.023917973041534424
vt 0.26629993319511414 0.02434396743774414
vt 0.26495498418807983 0.022561967372894287
vt 0.2914852499961853 0.023917973041534424
vt 0.26495498418807983 0.022561967372894287
vt 0.2908443808555603 0.02172672748565674
vt 0.26610541343688965 0.01754128932952881
vt 0.29398709535598755 0.017972111701965332
vt 0.2920442223548889 0.018828511238098145
vt 0.26610541343688965 0.01754128932952881
vt 0.2920442223548889 0.018828511238098145
vt 0.26484018564224243 0.01950705051422119
vt 0.5527780652046204 0.17143118381500244
vt 0.2914852499961853 0.023917973041534424
vt 0.2908443808555603 0.02172672748565674
vt 0.5527780652046204 0.17143118381500244
vt 0.2908443808555603 0.02172672748565674
vt 0.5549739599227905 0.17084509134292603
vt 0.29398709535598755 0.017972111701965332
vt 0.5565410852432251 0.16620534658432007
vt 0.5568157434463501 0.16831457614898682
vt 0.29398709535598755 0.017972111701965332
vt 0.5568157434463501 0.16831457614898682
vt 0.2920442223548889 0.018828511238098145
vt 0.5647125244140625 0.19348597526550293
vt 0.5527780652046204 0.17143118381500244
vt 0.5549739599227905 0.17084509134292603
vt 0.5647125244140625 0.19348597526550293
vt 0.5549739599227905 0.17084509134292603
vt 0.5669279098510742 0.19376718997955322
vt 0.5565410852432251 0.16620534658432007
vt 0.5707366466522217 0.1902536153793335
vt 0.5696617364883423 0.19233286380767822
vt 0.5565410852432251 0.16620534658432007
vt 0.5696617364883423 0.19233286380767822
vt 0.5568157434463501 0.16831457614898682
vt 0.5740745067596436 0.21691656112670898
vt 0.5647125244140625 0.19348597526550293
vt 0.5669279098510742 0.19376718997955322
vt 0.5740745067596436 0.21691656112670898
vt 0.5669279098510742 0.19376718997955322
vt 0.5761598348617554 0.21665513515472412
vt 0.5707366466522217 0.1902536153793335
vt 0.5808485150337219 0.21459919214248657
vt 0.5790619850158691 0.21566343307495117
vt 0.5707366466522217 0.1902536153793335
vt 0.5790619850158691 0.21566343307495117
vt 0.5696617364883423 0.19233286380767822
vt 0.5805907249450684 0.24123191833496094
vt 0.5740745067596436 0.21691656112670898
vt 0.5761598348617554 0.21665513515472412
vt 0.5805907249450684 0.24123191833496094
vt 0.5761598348617554 0.21665513515472412
vt 0.5824893712997437 0.24043047428131104
vt 0.5808485150337219 0.21459919214248657
vt 0.5875654220581055 0.2398831844329834
vt 0.5854679942131042 0.23984891176223755
vt 0.5808485150337219 0.21459919214248657
vt 0.5854679942131042 0.23984891176223755
vt 0.5790619850158691 0.21566343307495117
vt 0.5842355489730835 0.2662535309791565
vt 0.5805907249450684 0.24123191833496094
vt 0.5824893712997437 0.24043047428131104
vt 0.5842355489730835 0.2662535309791565
vt 0.5824893712997437 0.24043047428131104
vt 0.5860168933868408 0.26490622758865356
vt 0.5875654220581055 0.2398831844329834
vt 0.591035783290863 0.26606297492980957
vt 0.5890707969665527 0.26479315757751465
vt 0.5875654220581055 0.2398831844329834
vt 0.5890707969665527 0.26479315757751465
vt 0.5854679942131042 0.23984891176223755
vt 0.5846537947654724 0.29150521755218506
vt 0.5842355489730835 0.2662535309791565
vt 0.5860168933868408 0.26490622758865356
vt 0.5846537947654724 0.29150521755218506
vt 0.5860168933868408 0.26490622758865356
vt 0.5868465900421143 0.2908668518066406
vt 0.591035783290863 0.26606297492980957
vt 0.5905919075012207 0.2940211296081543
vt 0.5897411108016968 0.2920736074447632
vt 0.591035783290863 0.26606297492980957
vt 0.5897411108016968 0.2920736074447632
vt 0.5890707969665527 0.26479315757751465
vt 0.4363839626312256 0.5529506802558899
vt 0.5846537947654724 0.29150521755218506
vt 0.5868465900421143 0.2908668518066406
vt 0.4363839626312256 0.5529506802558899
vt 0.5868465900421143 0.2908668518066406
vt 0.4369621276855469 0.555153489112854
vt 0.5905919075012207 0.2940211296081543
vt 0.4415956735610962 0.5567340850830078
vt 0.4394858479499817 0.5570050477981567
vt 0.5905919075012207 0.2940211296081543
vt 0.4394858479499817 0.5570050477981567
vt 0.5897411108016968 0.2920736074447632
vt 0.41425538063049316 0.5649386644363403
vt 0.4363839626312256 0.5529506802558899
vt 0.4369621276855469 0.555153489112854
vt 0.41425538063049316 0.5649386644363403
vt 0.4369621276855469 0.555153489112854
vt 0.41397032141685486 0.5671591758728027
vt 0.4415956735610962 0.5567340850830078
vt 0.4174872934818268 0.5709682703018188
vt 0.41540467739105225 0.5698954463005066
vt 0.4415956735610962 0.5567340850830078
vt 0.41540467739105225 0.5698954463005066
vt 0.4394858479499817 0.5570050477981567
vt 0.390755295753479 0.574391782283783
vt 0.41425538063049316 0.5649386644363403
vt 0.41397032141685486 0.5671591758728027
vt 0.390755295753479 0.574391782283783
vt 0.41397032141685486 0.5671591758728027
vt 0.3910216689109802 0.57648104429245
vt 0.4174872934818268 0.5709682703018188
vt 0.3930946886539459 0.581170916557312
vt 0.3920227289199829 0.5793852806091309
vt 0.4174872934818268 0.5709682703018188
vt 0.3920227289199829 0.5793852806091309
vt 0.41540467739105225 0.5698954463005066
vt 0.3663731813430786 0.5810779333114624
vt 0.390755295753479 0.574391782283783
vt 0.3910216689109802 0.57648104429245
vt 0.3663731813430786 0.5810779333114624
vt 0.3910216689109802 0.57648104429245
vt 0.3671906590461731 0.5829768776893616
vt 0.3930946886539459 0.581170916557312
vt 0.3677751421928406 0.588066577911377
vt 0.3677946925163269 0.5859613418579102
vt 0.3930946886539459 0.581170916557312
vt 0.3677946925163269 0.5859613418579102
vt 0.3920227289199829 0.5793852806091309
vt 0.34127897024154663 0.5850514769554138
vt 0.3663731813430786 0.5810779333114624
vt 0.3671906590461731 0.5829768776893616
vt 0.34127897024154663 0.5850514769554138
vt 0.3671906590461731 0.5829768776893616
vt 0.34265249967575073 0.5868207812309265
vt 0.3677751421928406 0.588066577911377
vt 0.3415384590625763 0.5918883085250854
vt 0.3427950143814087 0.5898903608322144
vt 0.3677751421928406 0.588066577911377
vt 0.3427950143814087 0.5898903608322144
vt 0.3677946925163269 0.5859613418579102
vt 0.31594333052635193 0.5860894918441772
vt 0.34127897024154663 0.5850514769554138
vt 0.34265249967575073 0.5868207812309265
vt 0.31594333052635193 0.5860894918441772
vt 0.34265249967575073 0.5868207812309265
vt 0.31655338406562805 0.5882785320281982
vt 0.3415384590625763 0.5918883085250854
vt 0.31335195899009705 0.591975212097168
vt 0.31531059741973877 0.5911482572555542
vt 0.3415384590625763 0.5918883085250854
vt 0.31531059741973877 0.5911482572555542
vt 0.3427950143814087 0.5898903608322144
vt 0.056584432721138 0.43509435653686523
vt 0.31594333052635193 0.5860894918441772
vt 0.31655338406562805 0.5882785320281982
vt 0.056584432721138 0.43509435653686523
vt 0.31655338406562805 0.5882785320281982
vt 0.05437013506889343 0.4356539845466614
vt 0.31335195899009705 0.591975212097168
vt 0.052722662687301636 0.44027143716812134
vt 0.05248081684112549 0.43816083669662476
vt 0.31335195899009705 0.591975212097168
vt 0.05248081684112549 0.43816083669662476
vt 0.31531059741973877 0.5911482572555542
vt 0.04417148232460022 0.41342824697494507
vt 0.056584432721138 0.43509435653686523
vt 0.05437013506889343 0.4356539845466614
vt 0.04417148232460022 0.41342824697494507
vt 0.05437013506889343 0.4356539845466614
vt 0.04196164011955261 0.4131805896759033
vt 0.052722662687301636 0.44027143716812134
vt 0.038222044706344604 0.41671353578567505
vt 0.03926253318786621 0.4146392345428467
vt 0.052722662687301636 0.44027143716812134
vt 0.03926253318786621 0.4146392345428467
vt 0.05248081684112549 0.43816083669662476
vt 0.03460109233856201 0.3902825117111206
vt 0.04417148232460022 0.41342824697494507
vt 0.04196164011955261 0.4131805896759033
vt 0.03460109233856201 0.3902825117111206
vt 0.04196164011955261 0.4131805896759033
vt 0.032524436712265015 0.3905618190765381
vt 0.038222044706344604 0.41671353578567505
vt 0.027865827083587646 0.39264851808547974
vt 0.029638707637786865 0.3915742039680481
vt 0.038222044706344604 0.41671353578567505
vt 0.029638707637786865 0.3915742039680481
vt 0.03926253318786621 0.4146392345428467
vt 0.028001755475997925 0.36618924140930176
vt 0.03460109233856201 0.3902825117111206
vt 0.032524436712265015 0.3905618190765381
vt 0.028001755475997925 0.36618924140930176
vt 0.032524436712265015 0.3905618190765381
vt 0.026107221841812134 0.36699378490448
vt 0.027865827083587646 0.39264851808547974
vt 0.021038711071014404 0.36756110191345215
vt 0.023133695125579834 0.3675851821899414
vt 0.027865827083587646 0.39264851808547974
vt 0.023133695125579834 0.3675851821899414
vt 0.029638707637786865 0.3915742039680481
vt 0.024325519800186157 0.34136271476745605
vt 0.028001755475997925 0.36618924140930176
vt 0.026107221841812134 0.36699378490448
vt 0.024325519800186157 0.34136271476745605
vt 0.026107221841812134 0.36699378490448
vt 0.02254486083984375 0.342701256275177
vt 0.021038711071014404 0.36756110191345215
vt 0.01752486824989319 0.3415563702583313
vt 0.01949101686477661 0.34281599521636963
vt 0.021038711071014404 0.36756110191345215
vt 0.01949101686477661 0.34281599521636963
vt 0.023133695125579834 0.3675851821899414
vt 0.09382186830043793 0.9507521390914917
vt 0.09038609266281128 0.9592783451080322
vt 0.07871971279382706 0.9555342793464661
vt 0.09382186830043793 0.9507521390914917
vt 0.07871971279382706 0.9555342793464661
vt 0.08335676044225693 0.948553204536438
vt 0.08335676044225693 0.948553204536438
vt 0.07871971279382706 0.9555342793464661
vt 0.068971648812294 0.9495044946670532
vt 0.08335676044225693 0.948553204536438
vt 0.068971648812294 0.9495044946670532
vt 0.07500962913036346 0.9439038634300232
vt 0.07500962913036346 0.9439038634300232
vt 0.068971648812294 0.9495044946670532
vt 0.060514241456985474 0.9414836168289185
vt 0.07500962913036346 0.9439038634300232
vt 0.060514241456985474 0.9414836168289185
vt 0.06739890575408936 0.9372309446334839
vt 0.06739890575408936 0.9372309446334839
vt 0.060514241456985474 0.9414836168289185
vt 0.054275527596473694 0.9316555261611938
vt 0.06739890575408936 0.9372309446334839
vt 0.054275527596473694 0.9316555261611938
vt 0.062096014618873596 0.9290499091148376
vt 0.062096014618873596 0.9290499091148376
vt 0.054275527596473694 0.9316555261611938
vt 0.050583139061927795 0.9202852845191956
vt 0.062096014618873596 0.9290499091148376
vt 0.050583139061927795 0.9202852845191956
vt 0.05980464816093445 0.9185957908630371
vt 0.3450336158275604 0.8938318490982056
vt 0.35447657108306885 0.894035279750824
vt 0.3523288369178772 0.9057267904281616
vt 0.3450336158275604 0.8938318490982056
vt 0.3523288369178772 0.9057267904281616
vt 0.3439587950706482 0.9038458466529846
vt 0.3439587950706482 0.9038458466529846
vt 0.3523288369178772 0.9057267904281616
vt 0.3473990559577942 0.916149377822876
vt 0.3439587950706482 0.9038458466529846
vt 0.3473990559577942 0.916149377822876
vt 0.339932382106781 0.9126307964324951
vt 0.339932382106781 0.9126307964324951
vt 0.3473990559577942 0.916149377822876
vt 0.34008538722991943 0.9252083897590637
vt 0.339932382106781 0.9126307964324951
vt 0.34008538722991943 0.9252083897590637
vt 0.3334210515022278 0.9202436804771423
vt 0.3334210515022278 0.9202436804771423
vt 0.34008538722991943 0.9252083897590637
vt 0.331171452999115 0.9324718713760376
vt 0.3334210515022278 0.9202436804771423
vt 0.331171452999115 0.9324718713760376
vt 0.32461392879486084 0.9261732697486877
vt 0.32461392879486084 0.9261732697486877
vt 0.331171452999115 0.9324718713760376
vt 0.32094472646713257 0.9385226964950562
vt 0.32461392879486084 0.9261732697486877
vt 0.32094472646713257 0.9385226964950562
vt 0.3154163062572479 0.9309008121490479
vt 0.09382186830043793 0.9507521390914917
vt 0.1708287000656128 0.9555739164352417
vt 0.16881974041461945 0.9647924900054932
vt 0.09382186830043793 0.9507521390914917
vt 0.16881974041461945 0.9647924900054932
vt 0.09038609266281128 0.9592783451080322
vt 0.2501164376735687 0.9626970291137695
vt 0.246700718998909 0.9544159173965454
vt 0.3154163062572479 0.9309008121490479
vt 0.2501164376735687 0.9626970291137695
vt 0.3154163062572479 0.9309008121490479
vt 0.32094472646713257 0.9385226964950562
vt 0.16881974041461945 0.9647924900054932
vt 0.1708287000656128 0.9555739164352417
vt 0.17628487944602966 0.9549007415771484
vt 0.16881974041461945 0.9647924900054932
vt 0.17628487944602966 0.9549007415771484
vt 0.1735173761844635 0.9644840955734253
vt 0.24559526145458221 0.9632128477096558
vt 0.24159584939479828 0.9549384117126465
vt 0.246700718998909 0.9544159173965454
vt 0.24559526145458221 0.9632128477096558
vt 0.246700718998909 0.9544159173965454
vt 0.2501164376735687 0.9626970291137695
vt 0.1735173761844635 0.9644840955734253
vt 0.17628487944602966 0.9549007415771484
vt 0.183445006608963 0.9531351923942566
vt 0.1735173761844635 0.9644840955734253
vt 0.183445006608963 0.9531351923942566
vt 0.17985832691192627 0.9636497497558594
vt 0.22244293987751007 0.9608910083770752
vt 0.21910999715328217 0.9497313499450684
vt 0.22652357816696167 0.9516047239303589
vt 0.22244293987751007 0.9608910083770752
vt 0.22652357816696167 0.9516047239303589
vt 0.2309838831424713 0.9619371294975281
vt 0.1969386786222458 0.9611537456512451
vt 0.1996050477027893 0.9505957365036011
vt 0.20630833506584167 0.9495090246200562
vt 0.1969386786222458 0.9611537456512451
vt 0.20630833506584167 0.9495090246200562
vt 0.2056800127029419 0.9606078267097473
vt 0.23934315145015717 0.9633157253265381
vt 0.23473048210144043 0.9547796249389648
vt 0.24159584939479828 0.9549384117126465
vt 0.23934315145015717 0.9633157253265381
vt 0.24159584939479828 0.9549384117126465
vt 0.24559526145458221 0.9632128477096558
vt 0.2309838831424713 0.9619371294975281
vt 0.22652357816696167 0.9516047239303589
vt 0.23473048210144043 0.9547796249389648
vt 0.2309838831424713 0.9619371294975281
vt 0.23473048210144043 0.9547796249389648
vt 0.23934315145015717 0.9633157253265381
vt 0.18806888163089752 0.9617776274681091
vt 0.19208841025829315 0.9517938494682312
vt 0.1996050477027893 0.9505957365036011
vt 0.18806888163089752 0.9617776274681091
vt 0.1996050477027893 0.9505957365036011
vt 0.1969386786222458 0.9611537456512451
vt 0.17985832691192627 0.9636497497558594
vt 0.183445006608963 0.9531351923942566
vt 0.19208841025829315 0.9517938494682312
vt 0.17985832691192627 0.9636497497558594
vt 0.19208841025829315 0.9517938494682312
vt 0.18806888163089752 0.9617776274681091
vt 0.21393917500972748 0.9605412483215332
vt 0.21240751445293427 0.9492284059524536
vt 0.21910999715328217 0.9497313499450684
vt 0.21393917500972748 0.9605412483215332
vt 0.21910999715328217 0.9497313499450684
vt 0.22244293987751007 0.9608910083770752
vt 0.2056800127029419 0.9606078267097473
vt 0.20630833506584167 0.9495090246200562
vt 0.21240751445293427 0.9492284059524536
vt 0.2056800127029419 0.9606078267097473
vt 0.21240751445293427 0.9492284059524536
vt 0.21393917500972748 0.9605412483215332
vt 0.16715745627880096 0.9746948480606079
vt 0.1675107777118683 0.9730225801467896
vt 0.1723400056362152 0.9729962944984436
vt 0.16715745627880096 0.9746948480606079
vt 0.1723400056362152 0.9729962944984436
vt 0.1719992309808731 0.9747003316879272
vt 0.1675107777118683 0.9730225801467896
vt 0.1678047478199005 0.971352219581604
vt 0.17265760898590088 0.9712605476379395
vt 0.1675107777118683 0.9730225801467896
vt 0.17265760898590088 0.9712605476379395
vt 0.1723400056362152 0.9729962944984436
vt 0.3356943130493164 0.9370802640914917
vt 0.33685386180877686 0.9382874965667725
vt 0.32595932483673096 0.9452774524688721
vt 0.3356943130493164 0.9370802640914917
vt 0.32595932483673096 0.9452774524688721
vt 0.3249412775039673 0.9438888430595398
vt 0.33685386180877686 0.9382874965667725
vt 0.338008850812912 0.9394795894622803
vt 0.32693928480148315 0.9466766119003296
vt 0.33685386180877686 0.9382874965667725
vt 0.32693928480148315 0.9466766119003296
vt 0.32595932483673096 0.9452774524688721
vt 0.22371596097946167 0.9730373024940491
vt 0.22333061695098877 0.9710890650749207
vt 0.23252680897712708 0.9716313481330872
vt 0.22371596097946167 0.9730373024940491
vt 0.23252680897712708 0.9716313481330872
vt 0.23320801556110382 0.9735457301139832
vt 0.22333061695098877 0.9710890650749207
vt 0.2229934185743332 0.9690787196159363
vt 0.23192553222179413 0.9696993827819824
vt 0.22333061695098877 0.9710890650749207
vt 0.23192553222179413 0.9696993827819824
vt 0.23252680897712708 0.9716313481330872
vt 0.19693735241889954 0.9735283255577087
vt 0.19708086550235748 0.9715139865875244
vt 0.20599611103534698 0.971157431602478
vt 0.19693735241889954 0.9735283255577087
vt 0.20599611103534698 0.971157431602478
vt 0.20599240064620972 0.9732065200805664
vt 0.19708086550235748 0.9715139865875244
vt 0.19718293845653534 0.9694479703903198
vt 0.2059883028268814 0.9690552949905396
vt 0.19708086550235748 0.9715139865875244
vt 0.2059883028268814 0.9690552949905396
vt 0.20599611103534698 0.971157431602478
vt 0.07544346153736115 0.9606562852859497
vt 0.07871971279382706 0.9555342793464661
vt 0.09038609266281128 0.9592783451080322
vt 0.07544346153736115 0.9606562852859497
vt 0.09038609266281128 0.9592783451080322
vt 0.0876689925789833 0.9652618169784546
vt 0.06471681594848633 0.9536932706832886
vt 0.068971648812294 0.9495044946670532
vt 0.07871971279382706 0.9555342793464661
vt 0.06471681594848633 0.9536932706832886
vt 0.07871971279382706 0.9555342793464661
vt 0.07544346153736115 0.9606562852859497
vt 0.05552022159099579 0.9446802139282227
vt 0.060514241456985474 0.9414836168289185
vt 0.068971648812294 0.9495044946670532
vt 0.05552022159099579 0.9446802139282227
vt 0.068971648812294 0.9495044946670532
vt 0.06471681594848633 0.9536932706832886
vt 0.04850342869758606 0.9338594079017639
vt 0.054275527596473694 0.9316555261611938
vt 0.060514241456985474 0.9414836168289185
vt 0.04850342869758606 0.9338594079017639
vt 0.060514241456985474 0.9414836168289185
vt 0.05552022159099579 0.9446802139282227
vt 0.04405440390110016 0.9218082427978516
vt 0.050583139061927795 0.9202852845191956
vt 0.054275527596473694 0.9316555261611938
vt 0.04405440390110016 0.9218082427978516
vt 0.054275527596473694 0.9316555261611938
vt 0.04850342869758606 0.9338594079017639
vt 0.35835105180740356 0.9070414304733276
vt 0.3523288369178772 0.9057267904281616
vt 0.35447657108306885 0.894035279750824
vt 0.35835105180740356 0.9070414304733276
vt 0.35447657108306885 0.894035279750824
vt 0.36116886138916016 0.8945662975311279
vt 0.35289016366004944 0.9186114072799683
vt 0.3473990559577942 0.916149377822876
vt 0.3523288369178772 0.9057267904281616
vt 0.35289016366004944 0.9186114072799683
vt 0.3523288369178772 0.9057267904281616
vt 0.35835105180740356 0.9070414304733276
vt 0.34511643648147583 0.9287326335906982
vt 0.34008538722991943 0.9252083897590637
vt 0.3473990559577942 0.916149377822876
vt 0.34511643648147583 0.9287326335906982
vt 0.3473990559577942 0.916149377822876
vt 0.35289016366004944 0.9186114072799683
vt 0.3356943130493164 0.9370802640914917
vt 0.331171452999115 0.9324718713760376
vt 0.34008538722991943 0.9252083897590637
vt 0.3356943130493164 0.9370802640914917
vt 0.34008538722991943 0.9252083897590637
vt 0.34511643648147583 0.9287326335906982
vt 0.3249412775039673 0.9438888430595398
vt 0.32094472646713257 0.9385226964950562
vt 0.331171452999115 0.9324718713760376
vt 0.3249412775039673 0.9438888430595398
vt 0.331171452999115 0.9324718713760376
vt 0.3356943130493164 0.9370802640914917
vt 0.0876689925789833 0.9652618169784546
vt 0.09038609266281128 0.9592783451080322
vt 0.16881974041461945 0.9647924900054932
vt 0.0876689925789833 0.9652618169784546
vt 0.16881974041461945 0.9647924900054932
vt 0.1678047478199005 0.971352219581604
vt 0.2521856725215912 0.968704879283905
vt 0.2501164376735687 0.9626970291137695
vt 0.32094472646713257 0.9385226964950562
vt 0.2521856725215912 0.968704879283905
vt 0.32094472646713257 0.9385226964950562
vt 0.3249412775039673 0.9438888430595398
vt 0.1678047478199005 0.971352219581604
vt 0.16881974041461945 0.9647924900054932
vt 0.1735173761844635 0.9644840955734253
vt 0.1678047478199005 0.971352219581604
vt 0.1735173761844635 0.9644840955734253
vt 0.17265760898590088 0.9712605476379395
vt 0.2474575936794281 0.9693715572357178
vt 0.24559526145458221 0.9632128477096558
vt 0.2501164376735687 0.9626970291137695
vt 0.2474575936794281 0.9693715572357178
vt 0.2501164376735687 0.9626970291137695
vt 0.2521856725215912 0.968704879283905
vt 0.17265760898590088 0.9712605476379395
vt 0.1735173761844635 0.9644840955734253
vt 0.17985832691192627 0.9636497497558594
vt 0.17265760898590088 0.9712605476379395
vt 0.17985832691192627 0.9636497497558594
vt 0.17925357818603516 0.9707063436508179
vt 0.2229934185743332 0.9690787196159363
vt 0.22244293987751007 0.9608910083770752
vt 0.2309838831424713 0.9619371294975281
vt 0.2229934185743332 0.9690787196159363
vt 0.2309838831424713 0.9619371294975281
vt 0.23192553222179413 0.9696993827819824
vt 0.19718293845653534 0.9694479703903198
vt 0.1969386786222458 0.9611537456512451
vt 0.2056800127029419 0.9606078267097473
vt 0.19718293845653534 0.9694479703903198
vt 0.2056800127029419 0.9606078267097473
vt 0.2059883028268814 0.9690552949905396
vt 0.24089746177196503 0.9696571826934814
vt 0.23934315145015717 0.9633157253265381
vt 0.24559526145458221 0.9632128477096558
vt 0.24089746177196503 0.9696571826934814
vt 0.24559526145458221 0.9632128477096558
vt 0.2474575936794281 0.9693715572357178
vt 0.23192553222179413 0.9696993827819824
vt 0.2309838831424713 0.9619371294975281
vt 0.23934315145015717 0.9633157253265381
vt 0.23192553222179413 0.9696993827819824
vt 0.23934315145015717 0.9633157253265381
vt 0.24089746177196503 0.9696571826934814
vt 0.18820904195308685 0.9701910018920898
vt 0.18806888163089752 0.9617776274681091
vt 0.1969386786222458 0.9611537456512451
vt 0.18820904195308685 0.9701910018920898
vt 0.1969386786222458 0.9611537456512451
vt 0.19718293845653534 0.9694479703903198
vt 0.17925357818603516 0.9707063436508179
vt 0.17985832691192627 0.9636497497558594
vt 0.18806888163089752 0.9617776274681091
vt 0.17925357818603516 0.9707063436508179
vt 0.18806888163089752 0.9617776274681091
vt 0.18820904195308685 0.9701910018920898
vt 0.2142883837223053 0.9689806699752808
vt 0.21393917500972748 0.9605412483215332
vt 0.22244293987751007 0.9608910083770752
vt 0.2142883837223053 0.9689806699752808
vt 0.22244293987751007 0.9608910083770752
vt 0.2229934185743332 0.9690787196159363
vt 0.2059883028268814 0.9690552949905396
vt 0.2056800127029419 0.9606078267097473
vt 0.21393917500972748 0.9605412483215332
vt 0.2059883028268814 0.9690552949905396
vt 0.21393917500972748 0.9605412483215332
vt 0.2142883837223053 0.9689806699752808
vt 0.04069012403488159 0.922505795955658
vt 0.04237443208694458 0.9221831560134888
vt 0.04699471592903137 0.9344469904899597
vt 0.04069012403488159 0.922505795955658
vt 0.04699471592903137 0.9344469904899597
vt 0.04549919068813324 0.935035228729248
vt 0.04237443208694458 0.9221831560134888
vt 0.04405440390110016 0.9218082427978516
vt 0.04850342869758606 0.9338594079017639
vt 0.04237443208694458 0.9221831560134888
vt 0.04850342869758606 0.9338594079017639
vt 0.04699471592903137 0.9344469904899597
vt 0.08630194514989853 0.9683530330657959
vt 0.0869666263461113 0.9668070077896118
vt 0.1675107777118683 0.9730225801467896
vt 0.08630194514989853 0.9683530330657959
vt 0.1675107777118683 0.9730225801467896
vt 0.16715745627880096 0.9746948480606079
vt 0.0869666263461113 0.9668070077896118
vt 0.0876689925789833 0.9652618169784546
vt 0.1678047478199005 0.971352219581604
vt 0.0869666263461113 0.9668070077896118
vt 0.1678047478199005 0.971352219581604
vt 0.1675107777118683 0.9730225801467896
vt 0.0876689925789833 0.9652618169784546
vt 0.0869666263461113 0.9668070077896118
vt 0.07455319166183472 0.9620035886764526
vt 0.0876689925789833 0.9652618169784546
vt 0.07455319166183472 0.9620035886764526
vt 0.07544346153736115 0.9606562852859497
vt 0.0869666263461113 0.9668070077896118
vt 0.08630194514989853 0.9683530330657959
vt 0.07365188747644424 0.9633404016494751
vt 0.0869666263461113 0.9668070077896118
vt 0.07365188747644424 0.9633404016494751
vt 0.07455319166183472 0.9620035886764526
vt 0.07544346153736115 0.9606562852859497
vt 0.07455319166183472 0.9620035886764526
vt 0.06357778608798981 0.9548074007034302
vt 0.07544346153736115 0.9606562852859497
vt 0.06357778608798981 0.9548074007034302
vt 0.06471681594848633 0.9536932706832886
vt 0.07455319166183472 0.9620035886764526
vt 0.07365188747644424 0.9633404016494751
vt 0.062435224652290344 0.9559174180030823
vt 0.07455319166183472 0.9620035886764526
vt 0.062435224652290344 0.9559174180030823
vt 0.06357778608798981 0.9548074007034302
vt 0.06471681594848633 0.9536932706832886
vt 0.06357778608798981 0.9548074007034302
vt 0.054191604256629944 0.9455457925796509
vt 0.06471681594848633 0.9536932706832886
vt 0.054191604256629944 0.9455457925796509
vt 0.05552022159099579 0.9446802139282227
vt 0.06357778608798981 0.9548074007034302
vt 0.062435224652290344 0.9559174180030823
vt 0.052860572934150696 0.9464086294174194
vt 0.06357778608798981 0.9548074007034302
vt 0.052860572934150696 0.9464086294174194
vt 0.054191604256629944 0.9455457925796509
vt 0.05552022159099579 0.9446802139282227
vt 0.054191604256629944 0.9455457925796509
vt 0.04699471592903137 0.9344469904899597
vt 0.05552022159099579 0.9446802139282227
vt 0.04699471592903137 0.9344469904899597
vt 0.04850342869758606 0.9338594079017639
vt 0.054191604256629944 0.9455457925796509
vt 0.052860572934150696 0.9464086294174194
vt 0.04549919068813324 0.935035228729248
vt 0.054191604256629944 0.9455457925796509
vt 0.04549919068813324 0.935035228729248
vt 0.04699471592903137 0.9344469904899597
vt 0.36116886138916016 0.8945662975311279
vt 0.3628862500190735 0.8946883678436279
vt 0.3599426746368408 0.9074108600616455
vt 0.36116886138916016 0.8945662975311279
vt 0.3599426746368408 0.9074108600616455
vt 0.35835105180740356 0.9070414304733276
vt 0.3628862500190735 0.8946883678436279
vt 0.3646008372306824 0.8947588801383972
vt 0.36152708530426025 0.907788872718811
vt 0.3628862500190735 0.8946883678436279
vt 0.36152708530426025 0.907788872718811
vt 0.3599426746368408 0.9074108600616455
vt 0.35835105180740356 0.9070414304733276
vt 0.3599426746368408 0.9074108600616455
vt 0.3543510138988495 0.9192810654640198
vt 0.35835105180740356 0.9070414304733276
vt 0.3543510138988495 0.9192810654640198
vt 0.35289016366004944 0.9186114072799683
vt 0.3599426746368408 0.9074108600616455
vt 0.36152708530426025 0.907788872718811
vt 0.35581037402153015 0.919952392578125
vt 0.3599426746368408 0.9074108600616455
vt 0.35581037402153015 0.919952392578125
vt 0.3543510138988495 0.9192810654640198
vt 0.35289016366004944 0.9186114072799683
vt 0.3543510138988495 0.9192810654640198
vt 0.3464518189430237 0.9296742081642151
vt 0.35289016366004944 0.9186114072799683
vt 0.3464518189430237 0.9296742081642151
vt 0.34511643648147583 0.9287326335906982
vt 0.3543510138988495 0.9192810654640198
vt 0.35581037402153015 0.919952392578125
vt 0.34778597950935364 0.9306141138076782
vt 0.3543510138988495 0.9192810654640198
vt 0.34778597950935364 0.9306141138076782
vt 0.3464518189430237 0.9296742081642151
vt 0.34511643648147583 0.9287326335906982
vt 0.3464518189430237 0.9296742081642151
vt 0.33685386180877686 0.9382874965667725
vt 0.34511643648147583 0.9287326335906982
vt 0.33685386180877686 0.9382874965667725
vt 0.3356943130493164 0.9370802640914917
vt 0.3464518189430237 0.9296742081642151
vt 0.34778597950935364 0.9306141138076782
vt 0.338008850812912 0.9394795894622803
vt 0.3464518189430237 0.9296742081642151
vt 0.338008850812912 0.9394795894622803
vt 0.33685386180877686 0.9382874965667725
vt 0.3249412775039673 0.9438888430595398
vt 0.32595932483673096 0.9452774524688721
vt 0.2527429759502411 0.9702293276786804
vt 0.3249412775039673 0.9438888430595398
vt 0.2527429759502411 0.9702293276786804
vt 0.2521856725215912 0.968704879283905
vt 0.32595932483673096 0.9452774524688721
vt 0.32693928480148315 0.9466766119003296
vt 0.25335240364074707 0.9717397689819336
vt 0.32595932483673096 0.9452774524688721
vt 0.25335240364074707 0.9717397689819336
vt 0.2527429759502411 0.9702293276786804
vt 0.2521856725215912 0.968704879283905
vt 0.2527429759502411 0.9702293276786804
vt 0.24803383648395538 0.9709479212760925
vt 0.2521856725215912 0.968704879283905
vt 0.24803383648395538 0.9709479212760925
vt 0.2474575936794281 0.9693715572357178
vt 0.2527429759502411 0.9702293276786804
vt 0.25335240364074707 0.9717397689819336
vt 0.2486312985420227 0.9724933505058289
vt 0.2527429759502411 0.9702293276786804
vt 0.2486312985420227 0.9724933505058289
vt 0.24803383648395538 0.9709479212760925
vt 0.1719992309808731 0.9747003316879272
vt 0.1723400056362152 0.9729962944984436
vt 0.17895233631134033 0.9724835157394409
vt 0.1719992309808731 0.9747003316879272
vt 0.17895233631134033 0.9724835157394409
vt 0.1785901039838791 0.9742703437805176
vt 0.1723400056362152 0.9729962944984436
vt 0.17265760898590088 0.9712605476379395
vt 0.17925357818603516 0.9707063436508179
vt 0.1723400056362152 0.9729962944984436
vt 0.17925357818603516 0.9707063436508179
vt 0.17895233631134033 0.9724835157394409
vt 0.2474575936794281 0.9693715572357178
vt 0.24803383648395538 0.9709479212760925
vt 0.241441011428833 0.9712643027305603
vt 0.2474575936794281 0.9693715572357178
vt 0.241441011428833 0.9712643027305603
vt 0.24089746177196503 0.9696571826934814
vt 0.24803383648395538 0.9709479212760925
vt 0.2486312985420227 0.9724933505058289
vt 0.24205279350280762 0.9728770852088928
vt 0.24803383648395538 0.9709479212760925
vt 0.24205279350280762 0.9728770852088928
vt 0.241441011428833 0.9712643027305603
vt 0.2229934185743332 0.9690787196159363
vt 0.22333061695098877 0.9710890650749207
vt 0.21447773277759552 0.9710679054260254
vt 0.2229934185743332 0.9690787196159363
vt 0.21447773277759552 0.9710679054260254
vt 0.2142883837223053 0.9689806699752808
vt 0.22333061695098877 0.9710890650749207
vt 0.22371596097946167 0.9730373024940491
vt 0.2146935611963272 0.9730849266052246
vt 0.22333061695098877 0.9710890650749207
vt 0.2146935611963272 0.9730849266052246
vt 0.21447773277759552 0.9710679054260254
vt 0.19718293845653534 0.9694479703903198
vt 0.19708086550235748 0.9715139865875244
vt 0.18788965046405792 0.9722912311553955
vt 0.19718293845653534 0.9694479703903198
vt 0.18788965046405792 0.9722912311553955
vt 0.18820904195308685 0.9701910018920898
vt 0.19708086550235748 0.9715139865875244
vt 0.19693735241889954 0.9735283255577087
vt 0.1874856948852539 0.9743670225143433
vt 0.19708086550235748 0.9715139865875244
vt 0.1874856948852539 0.9743670225143433
vt 0.18788965046405792 0.9722912311553955
vt 0.23320801556110382 0.9735457301139832
vt 0.23252680897712708 0.9716313481330872
vt 0.241441011428833 0.9712643027305603
vt 0.23320801556110382 0.9735457301139832
vt 0.241441011428833 0.9712643027305603
vt 0.24205279350280762 0.9728770852088928
vt 0.23252680897712708 0.9716313481330872
vt 0.23192553222179413 0.9696993827819824
vt 0.24089746177196503 0.9696571826934814
vt 0.23252680897712708 0.9716313481330872
vt 0.24089746177196503 0.9696571826934814
vt 0.241441011428833 0.9712643027305603
vt 0.1785901039838791 0.9742703437805176
vt 0.17895233631134033 0.9724835157394409
vt 0.18788965046405792 0.9722912311553955
vt 0.1785901039838791 0.9742703437805176
vt 0.18788965046405792 0.9722912311553955
vt 0.1874856948852539 0.9743670225143433
vt 0.17895233631134033 0.9724835157394409
vt 0.17925357818603516 0.9707063436508179
vt 0.18820904195308685 0.9701910018920898
vt 0.17895233631134033 0.9724835157394409
vt 0.18820904195308685 0.9701910018920898
vt 0.18788965046405792 0.9722912311553955
vt 0.20599240064620972 0.9732065200805664
vt 0.20599611103534698 0.971157431602478
vt 0.21447773277759552 0.9710679054260254
vt 0.20599240064620972 0.9732065200805664
vt 0.21447773277759552 0.9710679054260254
vt 0.2146935611963272 0.9730849266052246
vt 0.20599611103534698 0.971157431602478
vt 0.2059883028268814 0.9690552949905396
vt 0.2142883837223053 0.9689806699752808
vt 0.20599611103534698 0.971157431602478
vt 0.2142883837223053 0.9689806699752808
vt 0.21447773277759552 0.9710679054260254
vt 0.08213750272989273 0.9785994291305542
vt 0.08074618130922318 0.9829270839691162
vt 0.06513221561908722 0.975635826587677
vt 0.08213750272989273 0.9785994291305542
vt 0.06513221561908722 0.975635826587677
vt 0.06757940351963043 0.9721168279647827
vt 0.06757940351963043 0.9721168279647827
vt 0.06513221561908722 0.975635826587677
vt 0.05171014368534088 0.9663624167442322
vt 0.06757940351963043 0.9721168279647827
vt 0.05171014368534088 0.9663624167442322
vt 0.05488872528076172 0.9632568359375
vt 0.05488872528076172 0.9632568359375
vt 0.05171014368534088 0.9663624167442322
vt 0.040545105934143066 0.9545657634735107
vt 0.05488872528076172 0.9632568359375
vt 0.040545105934143066 0.9545657634735107
vt 0.04407358169555664 0.9521967172622681
vt 0.04407358169555664 0.9521967172622681
vt 0.040545105934143066 0.9545657634735107
vt 0.03172275424003601 0.9407986402511597
vt 0.04407358169555664 0.9521967172622681
vt 0.03172275424003601 0.9407986402511597
vt 0.03565263748168945 0.9391134977340698
vt 0.03565263748168945 0.9391134977340698
vt 0.03172275424003601 0.9407986402511597
vt 0.0248851478099823 0.9246690273284912
vt 0.03565263748168945 0.9391134977340698
vt 0.0248851478099823 0.9246690273284912
vt 0.02953311800956726 0.9242631196975708
vt 0.3759033977985382 0.8948879241943359
vt 0.3805733621120453 0.8946292996406555
vt 0.3761165142059326 0.9115314483642578
vt 0.3759033977985382 0.8948879241943359
vt 0.3761165142059326 0.9115314483642578
vt 0.3719615638256073 0.9103992581367493
vt 0.3719615638256073 0.9103992581367493
vt 0.3761165142059326 0.9115314483642578
vt 0.36945071816444397 0.9263569116592407
vt 0.3719615638256073 0.9103992581367493
vt 0.36945071816444397 0.9263569116592407
vt 0.36543557047843933 0.9244062304496765
vt 0.36543557047843933 0.9244062304496765
vt 0.36945071816444397 0.9263569116592407
vt 0.360068678855896 0.9393324851989746
vt 0.36543557047843933 0.9244062304496765
vt 0.360068678855896 0.9393324851989746
vt 0.35657721757888794 0.936808705329895
vt 0.35657721757888794 0.936808705329895
vt 0.360068678855896 0.9393324851989746
vt 0.34874728322029114 0.950366735458374
vt 0.35657721757888794 0.936808705329895
vt 0.34874728322029114 0.950366735458374
vt 0.3457059860229492 0.9472627639770508
vt 0.3457059860229492 0.9472627639770508
vt 0.34874728322029114 0.950366735458374
vt 0.33542400598526 0.9600326418876648
vt 0.3457059860229492 0.9472627639770508
vt 0.33542400598526 0.9600326418876648
vt 0.3331659138202667 0.9560335874557495
vt 0.16678118705749512 0.9858981966972351
vt 0.16623546183109283 0.9905365109443665
vt 0.08074618130922318 0.9829270839691162
vt 0.16678118705749512 0.9858981966972351
vt 0.08074618130922318 0.9829270839691162
vt 0.08213750272989273 0.9785994291305542
vt 0.3331659138202667 0.9560335874557495
vt 0.33542400598526 0.9600326418876648
vt 0.2570922374725342 0.9868165850639343
vt 0.3331659138202667 0.9560335874557495
vt 0.2570922374725342 0.9868165850639343
vt 0.2556789517402649 0.9824233055114746
vt 0.17360088229179382 0.9853183031082153
vt 0.17310161888599396 0.9901306629180908
vt 0.16623546183109283 0.9905365109443665
vt 0.17360088229179382 0.9853183031082153
vt 0.16623546183109283 0.9905365109443665
vt 0.16678118705749512 0.9858981966972351
vt 0.2556789517402649 0.9824233055114746
vt 0.2570922374725342 0.9868165850639343
vt 0.24998021125793457 0.9872884154319763
vt 0.2556789517402649 0.9824233055114746
vt 0.24998021125793457 0.9872884154319763
vt 0.24871933460235596 0.9827074408531189
vt 0.18234607577323914 0.9844932556152344
vt 0.18185225129127502 0.9893797636032104
vt 0.17310161888599396 0.9901306629180908
vt 0.18234607577323914 0.9844932556152344
vt 0.17310161888599396 0.9901306629180908
vt 0.17360088229179382 0.9853183031082153
vt 0.2295224368572235 0.9834403991699219
vt 0.23066852986812592 0.9882920980453491
vt 0.22219279408454895 0.9891400933265686
vt 0.2295224368572235 0.9834403991699219
vt 0.22219279408454895 0.9891400933265686
vt 0.22133338451385498 0.9843035936355591
vt 0.2079041451215744 0.9852856993675232
vt 0.20806528627872467 0.9900782108306885
vt 0.2005693018436432 0.9898168444633484
vt 0.2079041451215744 0.9852856993675232
vt 0.2005693018436432 0.9898168444633484
vt 0.20076973736286163 0.9848977327346802
vt 0.24871933460235596 0.9827074408531189
vt 0.24998021125793457 0.9872884154319763
vt 0.24096116423606873 0.9874485731124878
vt 0.24871933460235596 0.9827074408531189
vt 0.24096116423606873 0.9874485731124878
vt 0.2397652566432953 0.9827690124511719
vt 0.2397652566432953 0.9827690124511719
vt 0.24096116423606873 0.9874485731124878
vt 0.23066852986812592 0.9882920980453491
vt 0.2397652566432953 0.9827690124511719
vt 0.23066852986812592 0.9882920980453491
vt 0.2295224368572235 0.9834403991699219
vt 0.20076973736286163 0.9848977327346802
vt 0.2005693018436432 0.9898168444633484
vt 0.19206315279006958 0.9894827604293823
vt 0.20076973736286163 0.9848977327346802
vt 0.19206315279006958 0.9894827604293823
vt 0.19252531230449677 0.9844733476638794
vt 0.19252531230449677 0.9844733476638794
vt 0.19206315279006958 0.9894827604293823
vt 0.18185225129127502 0.9893797636032104
vt 0.19252531230449677 0.9844733476638794
vt 0.18185225129127502 0.9893797636032104
vt 0.18234607577323914 0.9844932556152344
vt 0.22133338451385498 0.9843035936355591
vt 0.22219279408454895 0.9891400933265686
vt 0.21477314829826355 0.9898566007614136
vt 0.22133338451385498 0.9843035936355591
vt 0.21477314829826355 0.9898566007614136
vt 0.21426481008529663 0.9850104451179504
vt 0.21426481008529663 0.9850104451179504
vt 0.21477314829826355 0.9898566007614136
vt 0.20806528627872467 0.9900782108306885
vt 0.21426481008529663 0.9850104451179504
vt 0.20806528627872467 0.9900782108306885
vt 0.2079041451215744 0.9852856993675232
vt 0.0839819684624672 0.9737855792045593
vt 0.07046649605035782 0.9680162072181702
vt 0.07365188747644424 0.9633404016494751
vt 0.0839819684624672 0.9737855792045593
vt 0.07365188747644424 0.9633404016494751
vt 0.08630194514989853 0.9683530330657959
vt 0.07046649605035782 0.9680162072181702
vt 0.058423206210136414 0.9598205089569092
vt 0.062435224652290344 0.9559174180030823
vt 0.07046649605035782 0.9680162072181702
vt 0.062435224652290344 0.9559174180030823
vt 0.07365188747644424 0.9633404016494751
vt 0.058423206210136414 0.9598205089569092
vt 0.04819375276565552 0.9494705200195312
vt 0.052860572934150696 0.9464086294174194
vt 0.058423206210136414 0.9598205089569092
vt 0.052860572934150696 0.9464086294174194
vt 0.062435224652290344 0.9559174180030823
vt 0.04819375276565552 0.9494705200195312
vt 0.040270790457725525 0.9371759295463562
vt 0.04549919068813324 0.935035228729248
vt 0.04819375276565552 0.9494705200195312
vt 0.04549919068813324 0.935035228729248
vt 0.052860572934150696 0.9464086294174194
vt 0.040270790457725525 0.9371759295463562
vt 0.03477312624454498 0.9235710501670837
vt 0.04069012403488159 0.922505795955658
vt 0.040270790457725525 0.9371759295463562
vt 0.04069012403488159 0.922505795955658
vt 0.04549919068813324 0.935035228729248
vt 0.3706146478652954 0.8949588537216187
vt 0.36708760261535645 0.9091062545776367
vt 0.36152708530426025 0.907788872718811
vt 0.3706146478652954 0.8949588537216187
vt 0.36152708530426025 0.907788872718811
vt 0.3646008372306824 0.8947588801383972
vt 0.36708760261535645 0.9091062545776367
vt 0.3609492778778076 0.9222843647003174
vt 0.35581037402153015 0.919952392578125
vt 0.36708760261535645 0.9091062545776367
vt 0.35581037402153015 0.919952392578125
vt 0.36152708530426025 0.907788872718811
vt 0.3609492778778076 0.9222843647003174
vt 0.3524726629257202 0.9338933229446411
vt 0.34778597950935364 0.9306141138076782
vt 0.3609492778778076 0.9222843647003174
vt 0.34778597950935364 0.9306141138076782
vt 0.35581037402153015 0.919952392578125
vt 0.3524726629257202 0.9338933229446411
vt 0.34209850430488586 0.9436225891113281
vt 0.338008850812912 0.9394795894622803
vt 0.3524726629257202 0.9338933229446411
vt 0.338008850812912 0.9394795894622803
vt 0.34778597950935364 0.9306141138076782
vt 0.34209850430488586 0.9436225891113281
vt 0.33036863803863525 0.9516314268112183
vt 0.32693928480148315 0.9466766119003296
vt 0.34209850430488586 0.9436225891113281
vt 0.32693928480148315 0.9466766119003296
vt 0.338008850812912 0.9394795894622803
vt 0.0839819684624672 0.9737855792045593
vt 0.08630194514989853 0.9683530330657959
vt 0.16715745627880096 0.9746948480606079
vt 0.0839819684624672 0.9737855792045593
vt 0.16715745627880096 0.9746948480606079
vt 0.16736704111099243 0.9806358814239502
vt 0.2541595995426178 0.9774777889251709
vt 0.25335240364074707 0.9717397689819336
vt 0.32693928480148315 0.9466766119003296
vt 0.2541595995426178 0.9774777889251709
vt 0.32693928480148315 0.9466766119003296
vt 0.33036863803863525 0.9516314268112183
vt 0.16736704111099243 0.9806358814239502
vt 0.16715745627880096 0.9746948480606079
vt 0.1719992309808731 0.9747003316879272
vt 0.16736704111099243 0.9806358814239502
vt 0.1719992309808731 0.9747003316879272
vt 0.1742868423461914 0.9800063967704773
vt 0.24719130992889404 0.9777505397796631
vt 0.2486312985420227 0.9724933505058289
vt 0.25335240364074707 0.9717397689819336
vt 0.24719130992889404 0.9777505397796631
vt 0.25335240364074707 0.9717397689819336
vt 0.2541595995426178 0.9774777889251709
vt 0.1742868423461914 0.9800063967704773
vt 0.1719992309808731 0.9747003316879272
vt 0.1785901039838791 0.9742703437805176
vt 0.1742868423461914 0.9800063967704773
vt 0.1785901039838791 0.9742703437805176
vt 0.18330392241477966 0.9785163402557373
vt 0.22009499371051788 0.9786649346351624
vt 0.22371596097946167 0.9730373024940491
vt 0.23320801556110382 0.9735457301139832
vt 0.22009499371051788 0.9786649346351624
vt 0.23320801556110382 0.9735457301139832
vt 0.2279295176267624 0.9778844714164734
vt 0.2012726366519928 0.9791240692138672
vt 0.19693735241889954 0.9735283255577087
vt 0.20599240064620972 0.9732065200805664
vt 0.2012726366519928 0.9791240692138672
vt 0.20599240064620972 0.9732065200805664
vt 0.20777751505374908 0.979731559753418
vt 0.23795968294143677 0.9771780967712402
vt 0.24205279350280762 0.9728770852088928
vt 0.2486312985420227 0.9724933505058289
vt 0.23795968294143677 0.9771780967712402
vt 0.2486312985420227 0.9724933505058289
vt 0.24719130992889404 0.9777505397796631
vt 0.2279295176267624 0.9778844714164734
vt 0.23320801556110382 0.9735457301139832
vt 0.24205279350280762 0.9728770852088928
vt 0.2279295176267624 0.9778844714164734
vt 0.24205279350280762 0.9728770852088928
vt 0.23795968294143677 0.9771780967712402
vt 0.1933472603559494 0.9786850214004517
vt 0.1874856948852539 0.9743670225143433
vt 0.19693735241889954 0.9735283255577087
vt 0.1933472603559494 0.9786850214004517
vt 0.19693735241889954 0.9735283255577087
vt 0.2012726366519928 0.9791240692138672
vt 0.18330392241477966 0.9785163402557373
vt 0.1785901039838791 0.9742703437805176
vt 0.1874856948852539 0.9743670225143433
vt 0.18330392241477966 0.9785163402557373
vt 0.1874856948852539 0.9743670225143433
vt 0.1933472603559494 0.9786850214004517
vt 0.21366965770721436 0.9794951677322388
vt 0.2146935611963272 0.9730849266052246
vt 0.22371596097946167 0.9730373024940491
vt 0.21366965770721436 0.9794951677322388
vt 0.22371596097946167 0.9730373024940491
vt 0.22009499371051788 0.9786649346351624
vt 0.20777751505374908 0.979731559753418
vt 0.20599240064620972 0.9732065200805664
vt 0.2146935611963272 0.9730849266052246
vt 0.20777751505374908 0.979731559753418
vt 0.2146935611963272 0.9730849266052246
vt 0.21366965770721436 0.9794951677322388
vt 0.032916173338890076 0.9238049983978271
vt 0.03384557366371155 0.9237037897109985
vt 0.0394546240568161 0.9375146627426147
vt 0.032916173338890076 0.9238049983978271
vt 0.0394546240568161 0.9375146627426147
vt 0.038646310567855835 0.9378515481948853
vt 0.03384557366371155 0.9237037897109985
vt 0.03477312624454498 0.9235710501670837
vt 0.040270790457725525 0.9371759295463562
vt 0.03384557366371155 0.9237037897109985
vt 0.040270790457725525 0.9371759295463562
vt 0.0394546240568161 0.9375146627426147
vt 0.06944380700588226 0.9694681763648987
vt 0.06995441019535065 0.9687443971633911
vt 0.08364448696374893 0.9746338129043579
vt 0.06944380700588226 0.9694681763648987
vt 0.08364448696374893 0.9746338129043579
vt 0.0833350345492363 0.9754846096038818
vt 0.06995441019535065 0.9687443971633911
vt 0.07046649605035782 0.9680162072181702
vt 0.0839819684624672 0.9737855792045593
vt 0.06995441019535065 0.9687443971633911
vt 0.0839819684624672 0.9737855792045593
vt 0.08364448696374893 0.9746338129043579
vt 0.0833350345492363 0.9754846096038818
vt 0.08364448696374893 0.9746338129043579
vt 0.16718317568302155 0.9815637469291687
vt 0.0833350345492363 0.9754846096038818
vt 0.16718317568302155 0.9815637469291687
vt 0.16705775260925293 0.9824949502944946
vt 0.08364448696374893 0.9746338129043579
vt 0.0839819684624672 0.9737855792045593
vt 0.16736704111099243 0.9806358814239502
vt 0.08364448696374893 0.9746338129043579
vt 0.16736704111099243 0.9806358814239502
vt 0.16718317568302155 0.9815637469291687
vt 0.07046649605035782 0.9680162072181702
vt 0.06995441019535065 0.9687443971633911
vt 0.05779649317264557 0.9604290723800659
vt 0.07046649605035782 0.9680162072181702
vt 0.05779649317264557 0.9604290723800659
vt 0.058423206210136414 0.9598205089569092
vt 0.06995441019535065 0.9687443971633911
vt 0.06944380700588226 0.9694681763648987
vt 0.057175397872924805 0.9610323309898376
vt 0.06995441019535065 0.9687443971633911
vt 0.057175397872924805 0.9610323309898376
vt 0.05779649317264557 0.9604290723800659
vt 0.058423206210136414 0.9598205089569092
vt 0.05779649317264557 0.9604290723800659
vt 0.04746340215206146 0.9499505162239075
vt 0.058423206210136414 0.9598205089569092
vt 0.04746340215206146 0.9499505162239075
vt 0.04819375276565552 0.9494705200195312
vt 0.05779649317264557 0.9604290723800659
vt 0.057175397872924805 0.9610323309898376
vt 0.04673989117145538 0.9504268765449524
vt 0.05779649317264557 0.9604290723800659
vt 0.04673989117145538 0.9504268765449524
vt 0.04746340215206146 0.9499505162239075
vt 0.04819375276565552 0.9494705200195312
vt 0.04746340215206146 0.9499505162239075
vt 0.0394546240568161 0.9375146627426147
vt 0.04819375276565552 0.9494705200195312
vt 0.0394546240568161 0.9375146627426147
vt 0.040270790457725525 0.9371759295463562
vt 0.04746340215206146 0.9499505162239075
vt 0.04673989117145538 0.9504268765449524
vt 0.038646310567855835 0.9378515481948853
vt 0.04746340215206146 0.9499505162239075
vt 0.038646310567855835 0.9378515481948853
vt 0.0394546240568161 0.9375146627426147
vt 0.16705775260925293 0.9824949502944946
vt 0.16718317568302155 0.9815637469291687
vt 0.17417216300964355 0.9809383749961853
vt 0.16705775260925293 0.9824949502944946
vt 0.17417216300964355 0.9809383749961853
vt 0.17406141757965088 0.981876790523529
vt 0.16718317568302155 0.9815637469291687
vt 0.16736704111099243 0.9806358814239502
vt 0.1742868423461914 0.9800063967704773
vt 0.16718317568302155 0.9815637469291687
vt 0.1742868423461914 0.9800063967704773
vt 0.17417216300964355 0.9809383749961853
vt 0.3706146478652954 0.8949588537216187
vt 0.37155240774154663 0.8949557542800903
vt 0.3679547905921936 0.9093324542045593
vt 0.3706146478652954 0.8949588537216187
vt 0.3679547905921936 0.9093324542045593
vt 0.36708760261535645 0.9091062545776367
vt 0.37155240774154663 0.8949557542800903
vt 0.37248754501342773 0.8949211835861206
vt 0.36881715059280396 0.9095579385757446
vt 0.37155240774154663 0.8949557542800903
vt 0.36881715059280396 0.9095579385757446
vt 0.3679547905921936 0.9093324542045593
vt 0.36708760261535645 0.9091062545776367
vt 0.3679547905921936 0.9093324542045593
vt 0.3617461025714874 0.9226575493812561
vt 0.36708760261535645 0.9091062545776367
vt 0.3617461025714874 0.9226575493812561
vt 0.3609492778778076 0.9222843647003174
vt 0.3679547905921936 0.9093324542045593
vt 0.36881715059280396 0.9095579385757446
vt 0.36253613233566284 0.9230268001556396
vt 0.3679547905921936 0.9093324542045593
vt 0.36253613233566284 0.9230268001556396
vt 0.3617461025714874 0.9226575493812561
vt 0.3609492778778076 0.9222843647003174
vt 0.3617461025714874 0.9226575493812561
vt 0.3532012104988098 0.9344083070755005
vt 0.3609492778778076 0.9222843647003174
vt 0.3532012104988098 0.9344083070755005
vt 0.3524726629257202 0.9338933229446411
vt 0.3617461025714874 0.9226575493812561
vt 0.36253613233566284 0.9230268001556396
vt 0.3539247512817383 0.9349176287651062
vt 0.3617461025714874 0.9226575493812561
vt 0.3539247512817383 0.9349176287651062
vt 0.3532012104988098 0.9344083070755005
vt 0.3524726629257202 0.9338933229446411
vt 0.3532012104988098 0.9344083070755005
vt 0.3427371084690094 0.944264829158783
vt 0.3524726629257202 0.9338933229446411
vt 0.3427371084690094 0.944264829158783
vt 0.34209850430488586 0.9436225891113281
vt 0.3532012104988098 0.9344083070755005
vt 0.3539247512817383 0.9349176287651062
vt 0.34337180852890015 0.9449007511138916
vt 0.3532012104988098 0.9344083070755005
vt 0.34337180852890015 0.9449007511138916
vt 0.3427371084690094 0.944264829158783
vt 0.34209850430488586 0.9436225891113281
vt 0.3427371084690094 0.944264829158783
vt 0.33087384700775146 0.952404797077179
vt 0.34209850430488586 0.9436225891113281
vt 0.33087384700775146 0.952404797077179
vt 0.33036863803863525 0.9516314268112183
vt 0.3427371084690094 0.944264829158783
vt 0.34337180852890015 0.9449007511138916
vt 0.33135366439819336 0.9531869888305664
vt 0.3427371084690094 0.944264829158783
vt 0.33135366439819336 0.9531869888305664
vt 0.33087384700775146 0.952404797077179
vt 0.33036863803863525 0.9516314268112183
vt 0.33087384700775146 0.952404797077179
vt 0.25449472665786743 0.9783254265785217
vt 0.33036863803863525 0.9516314268112183
vt 0.25449472665786743 0.9783254265785217
vt 0.2541595995426178 0.9774777889251709
vt 0.33087384700775146 0.952404797077179
vt 0.33135366439819336 0.9531869888305664
vt 0.25477954745292664 0.9791933298110962
vt 0.33087384700775146 0.952404797077179
vt 0.25477954745292664 0.9791933298110962
vt 0.25449472665786743 0.9783254265785217
vt 0.17406141757965088 0.981876790523529
vt 0.17417216300964355 0.9809383749961853
vt 0.18311479687690735 0.9796106219291687
vt 0.17406141757965088 0.981876790523529
vt 0.18311479687690735 0.9796106219291687
vt 0.18294082581996918 0.9806938171386719
vt 0.17417216300964355 0.9809383749961853
vt 0.1742868423461914 0.9800063967704773
vt 0.18330392241477966 0.9785163402557373
vt 0.17417216300964355 0.9809383749961853
vt 0.18330392241477966 0.9785163402557373
vt 0.18311479687690735 0.9796106219291687
vt 0.2541595995426178 0.9774777889251709
vt 0.25449472665786743 0.9783254265785217
vt 0.2474481761455536 0.9786109924316406
vt 0.2541595995426178 0.9774777889251709
vt 0.2474481761455536 0.9786109924316406
vt 0.24719130992889404 0.9777505397796631
vt 0.25449472665786743 0.9783254265785217
vt 0.25477954745292664 0.9791933298110962
vt 0.2477036416530609 0.9794824123382568
vt 0.25449472665786743 0.9783254265785217
vt 0.2477036416530609 0.9794824123382568
vt 0.2474481761455536 0.9786109924316406
vt 0.18294082581996918 0.9806938171386719
vt 0.18311479687690735 0.9796106219291687
vt 0.1931629478931427 0.9797269701957703
vt 0.18294082581996918 0.9806938171386719
vt 0.1931629478931427 0.9797269701957703
vt 0.19300058484077454 0.9807616472244263
vt 0.18311479687690735 0.9796106219291687
vt 0.18330392241477966 0.9785163402557373
vt 0.1933472603559494 0.9786850214004517
vt 0.18311479687690735 0.9796106219291687
vt 0.1933472603559494 0.9786850214004517
vt 0.1931629478931427 0.9797269701957703
vt 0.2205856442451477 0.9806904792785645
vt 0.2203487902879715 0.9796796441078186
vt 0.228250652551651 0.9788801074028015
vt 0.2205856442451477 0.9806904792785645
vt 0.228250652551651 0.9788801074028015
vt 0.2285497486591339 0.979871392250061
vt 0.2203487902879715 0.9796796441078186
vt 0.22009499371051788 0.9786649346351624
vt 0.2279295176267624 0.9778844714164734
vt 0.2203487902879715 0.9796796441078186
vt 0.2279295176267624 0.9778844714164734
vt 0.228250652551651 0.9788801074028015
vt 0.2285497486591339 0.979871392250061
vt 0.228250652551651 0.9788801074028015
vt 0.2383047342300415 0.978188157081604
vt 0.2285497486591339 0.979871392250061
vt 0.2383047342300415 0.978188157081604
vt 0.23863470554351807 0.9791958332061768
vt 0.228250652551651 0.9788801074028015
vt 0.2279295176267624 0.9778844714164734
vt 0.23795968294143677 0.9771780967712402
vt 0.228250652551651 0.9788801074028015
vt 0.23795968294143677 0.9771780967712402
vt 0.2383047342300415 0.978188157081604
vt 0.20104491710662842 0.9812027215957642
vt 0.2011493593454361 0.9801664352416992
vt 0.20778970420360565 0.9807237386703491
vt 0.20104491710662842 0.9812027215957642
vt 0.20778970420360565 0.9807237386703491
vt 0.20780594646930695 0.9817028045654297
vt 0.2011493593454361 0.9801664352416992
vt 0.2012726366519928 0.9791240692138672
vt 0.20777751505374908 0.979731559753418
vt 0.2011493593454361 0.9801664352416992
vt 0.20777751505374908 0.979731559753418
vt 0.20778970420360565 0.9807237386703491
vt 0.20780594646930695 0.9817028045654297
vt 0.20778970420360565 0.9807237386703491
vt 0.21378687024116516 0.9804874658584595
vt 0.20780594646930695 0.9817028045654297
vt 0.21378687024116516 0.9804874658584595
vt 0.21389888226985931 0.9814730882644653
vt 0.20778970420360565 0.9807237386703491
vt 0.20777751505374908 0.979731559753418
vt 0.21366965770721436 0.9794951677322388
vt 0.20778970420360565 0.9807237386703491
vt 0.21366965770721436 0.9794951677322388
vt 0.21378687024116516 0.9804874658584595
vt 0.24719130992889404 0.9777505397796631
vt 0.2474481761455536 0.9786109924316406
vt 0.2383047342300415 0.978188157081604
vt 0.24719130992889404 0.9777505397796631
vt 0.2383047342300415 0.978188157081604
vt 0.23795968294143677 0.9771780967712402
vt 0.2474481761455536 0.9786109924316406
vt 0.2477036416530609 0.9794824123382568
vt 0.23863470554351807 0.9791958332061768
vt 0.2474481761455536 0.9786109924316406
vt 0.23863470554351807 0.9791958332061768
vt 0.2383047342300415 0.978188157081604
vt 0.2012726366519928 0.9791240692138672
vt 0.2011493593454361 0.9801664352416992
vt 0.1931629478931427 0.9797269701957703
vt 0.2012726366519928 0.9791240692138672
vt 0.1931629478931427 0.9797269701957703
vt 0.1933472603559494 0.9786850214004517
vt 0.2011493593454361 0.9801664352416992
vt 0.20104491710662842 0.9812027215957642
vt 0.19300058484077454 0.9807616472244263
vt 0.2011493593454361 0.9801664352416992
vt 0.19300058484077454 0.9807616472244263
vt 0.1931629478931427 0.9797269701957703
vt 0.22009499371051788 0.9786649346351624
vt 0.2203487902879715 0.9796796441078186
vt 0.21378687024116516 0.9804874658584595
vt 0.22009499371051788 0.9786649346351624
vt 0.21378687024116516 0.9804874658584595
vt 0.21366965770721436 0.9794951677322388
vt 0.2203487902879715 0.9796796441078186
vt 0.2205856442451477 0.9806904792785645
vt 0.21389888226985931 0.9814730882644653
vt 0.2203487902879715 0.9796796441078186
vt 0.21389888226985931 0.9814730882644653
vt 0.21378687024116516 0.9804874658584595
vt 0.2952553331851959 0.6483569145202637
vt 0.2984559237957001 0.6397584676742554
vt 0.31027519702911377 0.6432622671127319
vt 0.2952553331851959 0.6483569145202637
vt 0.31027519702911377 0.6432622671127319
vt 0.30581188201904297 0.6503219604492188
vt 0.30581188201904297 0.6503219604492188
vt 0.31027519702911377 0.6432622671127319
vt 0.3202067017555237 0.6491549015045166
vt 0.30581188201904297 0.6503219604492188
vt 0.3202067017555237 0.6491549015045166
vt 0.3142987787723541 0.6547740697860718
vt 0.3142987787723541 0.6547740697860718
vt 0.3202067017555237 0.6491549015045166
vt 0.3287663459777832 0.6571574211120605
vt 0.3142987787723541 0.6547740697860718
vt 0.3287663459777832 0.6571574211120605
vt 0.32192468643188477 0.6614437103271484
vt 0.32192468643188477 0.6614437103271484
vt 0.3287663459777832 0.6571574211120605
vt 0.33506789803504944 0.6670124530792236
vt 0.32192468643188477 0.6614437103271484
vt 0.33506789803504944 0.6670124530792236
vt 0.32725077867507935 0.6696352958679199
vt 0.32725077867507935 0.6696352958679199
vt 0.33506789803504944 0.6670124530792236
vt 0.3387923836708069 0.6784361600875854
vt 0.32725077867507935 0.6696352958679199
vt 0.3387923836708069 0.6784361600875854
vt 0.32956767082214355 0.6801337599754333
vt 0.044887393712997437 0.7060902118682861
vt 0.03544999659061432 0.7059592604637146
vt 0.03758224844932556 0.6943372488021851
vt 0.044887393712997437 0.7060902118682861
vt 0.03758224844932556 0.6943372488021851
vt 0.04596295952796936 0.6961215138435364
vt 0.04596295952796936 0.6961215138435364
vt 0.03758224844932556 0.6943372488021851
vt 0.0424647182226181 0.6839498281478882
vt 0.04596295952796936 0.6961215138435364
vt 0.0424647182226181 0.6839498281478882
vt 0.049991458654403687 0.6873452663421631
vt 0.049991458654403687 0.6873452663421631
vt 0.0424647182226181 0.6839498281478882
vt 0.04970437288284302 0.6748847365379333
vt 0.049991458654403687 0.6873452663421631
vt 0.04970437288284302 0.6748847365379333
vt 0.05651025474071503 0.6797086596488953
vt 0.05651025474071503 0.6797086596488953
vt 0.04970437288284302 0.6748847365379333
vt 0.05850371718406677 0.6675597429275513
vt 0.05651025474071503 0.6797086596488953
vt 0.05850371718406677 0.6675597429275513
vt 0.06536370515823364 0.6737066507339478
vt 0.06536370515823364 0.6737066507339478
vt 0.05850371718406677 0.6675597429275513
vt 0.0685364305973053 0.6612904071807861
vt 0.06536370515823364 0.6737066507339478
vt 0.0685364305973053 0.6612904071807861
vt 0.07438135892152786 0.6687201261520386
vt 0.2952553331851959 0.6483569145202637
vt 0.21780496835708618 0.6452364921569824
vt 0.2197306901216507 0.6357794404029846
vt 0.2952553331851959 0.6483569145202637
vt 0.2197306901216507 0.6357794404029846
vt 0.2984559237957001 0.6397584676742554
vt 0.13846920430660248 0.6351231336593628
vt 0.14218413829803467 0.6432528495788574
vt 0.07438135892152786 0.6687201261520386
vt 0.13846920430660248 0.6351231336593628
vt 0.07438135892152786 0.6687201261520386
vt 0.0685364305973053 0.6612904071807861
vt 0.2197306901216507 0.6357794404029846
vt 0.21780496835708618 0.6452364921569824
vt 0.21231451630592346 0.646048903465271
vt 0.2197306901216507 0.6357794404029846
vt 0.21231451630592346 0.646048903465271
vt 0.21506282687187195 0.6359861493110657
vt 0.14296874403953552 0.6344778537750244
vt 0.14726698398590088 0.6425780653953552
vt 0.14218413829803467 0.6432528495788574
vt 0.14296874403953552 0.6344778537750244
vt 0.14218413829803467 0.6432528495788574
vt 0.13846920430660248 0.6351231336593628
vt 0.21506282687187195 0.6359861493110657
vt 0.21231451630592346 0.646048903465271
vt 0.20524270832538605 0.6463444232940674
vt 0.21506282687187195 0.6359861493110657
vt 0.20524270832538605 0.6463444232940674
vt 0.20882216095924377 0.6364263296127319
vt 0.16626176238059998 0.6363829374313354
vt 0.16991184651851654 0.6470425128936768
vt 0.1624445766210556 0.645423412322998
vt 0.16626176238059998 0.6363829374313354
vt 0.1624445766210556 0.645423412322998
vt 0.15765058994293213 0.6354114413261414
vt 0.19182930886745453 0.6378921866416931
vt 0.1890735924243927 0.6490547060966492
vt 0.18261004984378815 0.6468554139137268
vt 0.19182930886745453 0.6378921866416931
vt 0.18261004984378815 0.6468554139137268
vt 0.18328484892845154 0.6374211311340332
vt 0.1492198258638382 0.6342074275016785
vt 0.1541307270526886 0.642527163028717
vt 0.14726698398590088 0.6425780653953552
vt 0.1492198258638382 0.6342074275016785
vt 0.14726698398590088 0.6425780653953552
vt 0.14296874403953552 0.6344778537750244
vt 0.15765058994293213 0.6354114413261414
vt 0.1624445766210556 0.645423412322998
vt 0.1541307270526886 0.642527163028717
vt 0.15765058994293213 0.6354114413261414
vt 0.1541307270526886 0.642527163028717
vt 0.1492198258638382 0.6342074275016785
vt 0.2005898654460907 0.6377198100090027
vt 0.19659316539764404 0.647769033908844
vt 0.1890735924243927 0.6490547060966492
vt 0.2005898654460907 0.6377198100090027
vt 0.1890735924243927 0.6490547060966492
vt 0.19182930886745453 0.6378921866416931
vt 0.20882216095924377 0.6364263296127319
vt 0.20524270832538605 0.6463444232940674
vt 0.19659316539764404 0.647769033908844
vt 0.20882216095924377 0.6364263296127319
vt 0.19659316539764404 0.647769033908844
vt 0.2005898654460907 0.6377198100090027
vt 0.17482951283454895 0.6368499994277954
vt 0.17659947276115417 0.6473247408866882
vt 0.16991184651851654 0.6470425128936768
vt 0.17482951283454895 0.6368499994277954
vt 0.16991184651851654 0.6470425128936768
vt 0.16626176238059998 0.6363829374313354
vt 0.18328484892845154 0.6374211311340332
vt 0.18261004984378815 0.6468554139137268
vt 0.17659947276115417 0.6473247408866882
vt 0.18328484892845154 0.6374211311340332
vt 0.17659947276115417 0.6473247408866882
vt 0.17482951283454895 0.6368499994277954
vt 0.22129899263381958 0.6256802082061768
vt 0.2209608107805252 0.627383828163147
vt 0.2161790430545807 0.6272825002670288
vt 0.22129899263381958 0.6256802082061768
vt 0.2161790430545807 0.6272825002670288
vt 0.21650409698486328 0.6255521178245544
vt 0.2209608107805252 0.627383828163147
vt 0.22068171203136444 0.6290855407714844
vt 0.2158755362033844 0.6290475726127625
vt 0.2209608107805252 0.627383828163147
vt 0.2158755362033844 0.6290475726127625
vt 0.2161790430545807 0.6272825002670288
vt 0.05378881096839905 0.6630743145942688
vt 0.05258093774318695 0.6619002819061279
vt 0.06324319541454315 0.6547110080718994
vt 0.05378881096839905 0.6630743145942688
vt 0.06324319541454315 0.6547110080718994
vt 0.06431899964809418 0.6560631990432739
vt 0.05258093774318695 0.6619002819061279
vt 0.051377519965171814 0.6607423424720764
vt 0.062204957008361816 0.6533476710319519
vt 0.05258093774318695 0.6619002819061279
vt 0.062204957008361816 0.6533476710319519
vt 0.06324319541454315 0.6547110080718994
vt 0.16478107869625092 0.6245819330215454
vt 0.16519445180892944 0.6264876127243042
vt 0.15587392449378967 0.6259217858314514
vt 0.16478107869625092 0.6245819330215454
vt 0.15587392449378967 0.6259217858314514
vt 0.15514995157718658 0.624046802520752
vt 0.16519445180892944 0.6264876127243042
vt 0.16556325554847717 0.6284483671188354
vt 0.15651918947696686 0.6278119683265686
vt 0.16519445180892944 0.6264876127243042
vt 0.15651918947696686 0.6278119683265686
vt 0.15587392449378967 0.6259217858314514
vt 0.19177167117595673 0.6253635287284851
vt 0.191634863615036 0.6273835897445679
vt 0.18274621665477753 0.6270954608917236
vt 0.19177167117595673 0.6253635287284851
vt 0.18274621665477753 0.6270954608917236
vt 0.18272477388381958 0.6250737905502319
vt 0.191634863615036 0.6273835897445679
vt 0.19153909385204315 0.6294621825218201
vt 0.18279078602790833 0.6291613578796387
vt 0.191634863615036 0.6273835897445679
vt 0.18279078602790833 0.6291613578796387
vt 0.18274621665477753 0.6270954608917236
vt 0.31343236565589905 0.6380932331085205
vt 0.31027519702911377 0.6432622671127319
vt 0.2984559237957001 0.6397584676742554
vt 0.31343236565589905 0.6380932331085205
vt 0.2984559237957001 0.6397584676742554
vt 0.30102866888046265 0.6337196230888367
vt 0.3243684768676758 0.6449216604232788
vt 0.3202067017555237 0.6491549015045166
vt 0.31027519702911377 0.6432622671127319
vt 0.3243684768676758 0.6449216604232788
vt 0.31027519702911377 0.6432622671127319
vt 0.31343236565589905 0.6380932331085205
vt 0.3337143063545227 0.6539139747619629
vt 0.3287663459777832 0.6571574211120605
vt 0.3202067017555237 0.6491549015045166
vt 0.3337143063545227 0.6539139747619629
vt 0.3202067017555237 0.6491549015045166
vt 0.3243684768676758 0.6449216604232788
vt 0.3408260643482208 0.6647738218307495
vt 0.33506789803504944 0.6670124530792236
vt 0.3287663459777832 0.6571574211120605
vt 0.3408260643482208 0.6647738218307495
vt 0.3287663459777832 0.6571574211120605
vt 0.3337143063545227 0.6539139747619629
vt 0.3453207015991211 0.676899254322052
vt 0.3387923836708069 0.6784361600875854
vt 0.33506789803504944 0.6670124530792236
vt 0.3453207015991211 0.676899254322052
vt 0.33506789803504944 0.6670124530792236
vt 0.3408260643482208 0.6647738218307495
vt 0.0315466970205307 0.693107008934021
vt 0.03758224844932556 0.6943372488021851
vt 0.03544999659061432 0.7059592604637146
vt 0.0315466970205307 0.693107008934021
vt 0.03544999659061432 0.7059592604637146
vt 0.028762087225914 0.70548415184021
vt 0.03691692650318146 0.6815975308418274
vt 0.0424647182226181 0.6839498281478882
vt 0.03758224844932556 0.6943372488021851
vt 0.03691692650318146 0.6815975308418274
vt 0.03758224844932556 0.6943372488021851
vt 0.0315466970205307 0.693107008934021
vt 0.044552385807037354 0.6714845895767212
vt 0.04970437288284302 0.6748847365379333
vt 0.0424647182226181 0.6839498281478882
vt 0.044552385807037354 0.6714845895767212
vt 0.0424647182226181 0.6839498281478882
vt 0.03691692650318146 0.6815975308418274
vt 0.05378881096839905 0.6630743145942688
vt 0.05850371718406677 0.6675597429275513
vt 0.04970437288284302 0.6748847365379333
vt 0.05378881096839905 0.6630743145942688
vt 0.04970437288284302 0.6748847365379333
vt 0.044552385807037354 0.6714845895767212
vt 0.06431899964809418 0.6560631990432739
vt 0.0685364305973053 0.6612904071807861
vt 0.05850371718406677 0.6675597429275513
vt 0.06431899964809418 0.6560631990432739
vt 0.05850371718406677 0.6675597429275513
vt 0.05378881096839905 0.6630743145942688
vt 0.30102866888046265 0.6337196230888367
vt 0.2984559237957001 0.6397584676742554
vt 0.2197306901216507 0.6357794404029846
vt 0.30102866888046265 0.6337196230888367
vt 0.2197306901216507 0.6357794404029846
vt 0.22068171203136444 0.6290855407714844
vt 0.13618719577789307 0.6292063593864441
vt 0.13846920430660248 0.6351231336593628
vt 0.0685364305973053 0.6612904071807861
vt 0.13618719577789307 0.6292063593864441
vt 0.0685364305973053 0.6612904071807861
vt 0.06431899964809418 0.6560631990432739
vt 0.22068171203136444 0.6290855407714844
vt 0.2197306901216507 0.6357794404029846
vt 0.21506282687187195 0.6359861493110657
vt 0.22068171203136444 0.6290855407714844
vt 0.21506282687187195 0.6359861493110657
vt 0.2158755362033844 0.6290475726127625
vt 0.1409001499414444 0.6284130215644836
vt 0.14296874403953552 0.6344778537750244
vt 0.13846920430660248 0.6351231336593628
vt 0.1409001499414444 0.6284130215644836
vt 0.13846920430660248 0.6351231336593628
vt 0.13618719577789307 0.6292063593864441
vt 0.2158755362033844 0.6290475726127625
vt 0.21506282687187195 0.6359861493110657
vt 0.20882216095924377 0.6364263296127319
vt 0.2158755362033844 0.6290475726127625
vt 0.20882216095924377 0.6364263296127319
vt 0.2093585878610611 0.6292871236801147
vt 0.16556325554847717 0.6284483671188354
vt 0.16626176238059998 0.6363829374313354
vt 0.15765058994293213 0.6354114413261414
vt 0.16556325554847717 0.6284483671188354
vt 0.15765058994293213 0.6354114413261414
vt 0.15651918947696686 0.6278119683265686
vt 0.19153909385204315 0.6294621825218201
vt 0.19182930886745453 0.6378921866416931
vt 0.18328484892845154 0.6374211311340332
vt 0.19153909385204315 0.6294621825218201
vt 0.18328484892845154 0.6374211311340332
vt 0.18279078602790833 0.6291613578796387
vt 0.14747777581214905 0.6279743313789368
vt 0.1492198258638382 0.6342074275016785
vt 0.14296874403953552 0.6344778537750244
vt 0.14747777581214905 0.6279743313789368
vt 0.14296874403953552 0.6344778537750244
vt 0.1409001499414444 0.6284130215644836
vt 0.15651918947696686 0.6278119683265686
vt 0.15765058994293213 0.6354114413261414
vt 0.1492198258638382 0.6342074275016785
vt 0.15651918947696686 0.6278119683265686
vt 0.1492198258638382 0.6342074275016785
vt 0.14747777581214905 0.6279743313789368
vt 0.20044942200183868 0.6292664408683777
vt 0.2005898654460907 0.6377198100090027
vt 0.19182930886745453 0.6378921866416931
vt 0.20044942200183868 0.6292664408683777
vt 0.19182930886745453 0.6378921866416931
vt 0.19153909385204315 0.6294621825218201
vt 0.2093585878610611 0.6292871236801147
vt 0.20882216095924377 0.6364263296127319
vt 0.2005898654460907 0.6377198100090027
vt 0.2093585878610611 0.6292871236801147
vt 0.2005898654460907 0.6377198100090027
vt 0.20044942200183868 0.6292664408683777
vt 0.17438572645187378 0.6287636160850525
vt 0.17482951283454895 0.6368499994277954
vt 0.16626176238059998 0.6363829374313354
vt 0.17438572645187378 0.6287636160850525
vt 0.16626176238059998 0.6363829374313354
vt 0.16556325554847717 0.6284483671188354
vt 0.18279078602790833 0.6291613578796387
vt 0.18328484892845154 0.6374211311340332
vt 0.17482951283454895 0.6368499994277954
vt 0.18279078602790833 0.6291613578796387
vt 0.17482951283454895 0.6368499994277954
vt 0.17438572645187378 0.6287636160850525
vt 0.3486844599246979 0.6761934757232666
vt 0.3470003306865692 0.676520049571991
vt 0.34233078360557556 0.664176344871521
vt 0.3486844599246979 0.6761934757232666
vt 0.34233078360557556 0.664176344871521
vt 0.3438214659690857 0.663577675819397
vt 0.3470003306865692 0.676520049571991
vt 0.3453207015991211 0.676899254322052
vt 0.3408260643482208 0.6647738218307495
vt 0.3470003306865692 0.676520049571991
vt 0.3408260643482208 0.6647738218307495
vt 0.34233078360557556 0.664176344871521
vt 0.3023179769515991 0.6305994987487793
vt 0.30169230699539185 0.6321597099304199
vt 0.2209608107805252 0.627383828163147
vt 0.3023179769515991 0.6305994987487793
vt 0.2209608107805252 0.627383828163147
vt 0.22129899263381958 0.6256802082061768
vt 0.30169230699539185 0.6321597099304199
vt 0.30102866888046265 0.6337196230888367
vt 0.22068171203136444 0.6290855407714844
vt 0.30169230699539185 0.6321597099304199
vt 0.22068171203136444 0.6290855407714844
vt 0.2209608107805252 0.627383828163147
vt 0.30102866888046265 0.6337196230888367
vt 0.30169230699539185 0.6321597099304199
vt 0.3142896294593811 0.6367311477661133
vt 0.30102866888046265 0.6337196230888367
vt 0.3142896294593811 0.6367311477661133
vt 0.31343236565589905 0.6380932331085205
vt 0.30169230699539185 0.6321597099304199
vt 0.3023179769515991 0.6305994987487793
vt 0.3151576519012451 0.6353787183761597
vt 0.30169230699539185 0.6321597099304199
vt 0.3151576519012451 0.6353787183761597
vt 0.3142896294593811 0.6367311477661133
vt 0.31343236565589905 0.6380932331085205
vt 0.3142896294593811 0.6367311477661133
vt 0.3254818916320801 0.6437923908233643
vt 0.31343236565589905 0.6380932331085205
vt 0.3254818916320801 0.6437923908233643
vt 0.3243684768676758 0.6449216604232788
vt 0.3142896294593811 0.6367311477661133
vt 0.3151576519012451 0.6353787183761597
vt 0.3265984058380127 0.6426664590835571
vt 0.3142896294593811 0.6367311477661133
vt 0.3265984058380127 0.6426664590835571
vt 0.3254818916320801 0.6437923908233643
vt 0.3243684768676758 0.6449216604232788
vt 0.3254818916320801 0.6437923908233643
vt 0.3350295126438141 0.653033971786499
vt 0.3243684768676758 0.6449216604232788
vt 0.3350295126438141 0.653033971786499
vt 0.3337143063545227 0.6539139747619629
vt 0.3254818916320801 0.6437923908233643
vt 0.3265984058380127 0.6426664590835571
vt 0.33634626865386963 0.652155876159668
vt 0.3254818916320801 0.6437923908233643
vt 0.33634626865386963 0.652155876159668
vt 0.3350295126438141 0.653033971786499
vt 0.3337143063545227 0.6539139747619629
vt 0.3350295126438141 0.653033971786499
vt 0.34233078360557556 0.664176344871521
vt 0.3337143063545227 0.6539139747619629
vt 0.34233078360557556 0.664176344871521
vt 0.3408260643482208 0.6647738218307495
vt 0.3350295126438141 0.653033971786499
vt 0.33634626865386963 0.652155876159668
vt 0.3438214659690857 0.663577675819397
vt 0.3350295126438141 0.653033971786499
vt 0.3438214659690857 0.663577675819397
vt 0.34233078360557556 0.664176344871521
vt 0.028762087225914 0.70548415184021
vt 0.027045533061027527 0.7053776383399963
vt 0.02994978427886963 0.6927623748779297
vt 0.028762087225914 0.70548415184021
vt 0.02994978427886963 0.6927623748779297
vt 0.0315466970205307 0.693107008934021
vt 0.027045533061027527 0.7053776383399963
vt 0.025331467390060425 0.7053220868110657
vt 0.028359174728393555 0.6924100518226624
vt 0.027045533061027527 0.7053776383399963
vt 0.028359174728393555 0.6924100518226624
vt 0.02994978427886963 0.6927623748779297
vt 0.0315466970205307 0.693107008934021
vt 0.02994978427886963 0.6927623748779297
vt 0.035438328981399536 0.6809601783752441
vt 0.0315466970205307 0.693107008934021
vt 0.035438328981399536 0.6809601783752441
vt 0.03691692650318146 0.6815975308418274
vt 0.02994978427886963 0.6927623748779297
vt 0.028359174728393555 0.6924100518226624
vt 0.03396013379096985 0.680322527885437
vt 0.02994978427886963 0.6927623748779297
vt 0.03396013379096985 0.680322527885437
vt 0.035438328981399536 0.6809601783752441
vt 0.03691692650318146 0.6815975308418274
vt 0.035438328981399536 0.6809601783752441
vt 0.043183788657188416 0.6705783605575562
vt 0.03691692650318146 0.6815975308418274
vt 0.043183788657188416 0.6705783605575562
vt 0.044552385807037354 0.6714845895767212
vt 0.035438328981399536 0.6809601783752441
vt 0.03396013379096985 0.680322527885437
vt 0.04181563854217529 0.6696751117706299
vt 0.035438328981399536 0.6809601783752441
vt 0.04181563854217529 0.6696751117706299
vt 0.043183788657188416 0.6705783605575562
vt 0.044552385807037354 0.6714845895767212
vt 0.043183788657188416 0.6705783605575562
vt 0.05258093774318695 0.6619002819061279
vt 0.044552385807037354 0.6714845895767212
vt 0.05258093774318695 0.6619002819061279
vt 0.05378881096839905 0.6630743145942688
vt 0.043183788657188416 0.6705783605575562
vt 0.04181563854217529 0.6696751117706299
vt 0.051377519965171814 0.6607423424720764
vt 0.043183788657188416 0.6705783605575562
vt 0.051377519965171814 0.6607423424720764
vt 0.05258093774318695 0.6619002819061279
vt 0.06431899964809418 0.6560631990432739
vt 0.06324319541454315 0.6547110080718994
vt 0.13557742536067963 0.6277050971984863
vt 0.06431899964809418 0.6560631990432739
vt 0.13557742536067963 0.6277050971984863
vt 0.13618719577789307 0.6292063593864441
vt 0.06324319541454315 0.6547110080718994
vt 0.062204957008361816 0.6533476710319519
vt 0.13491563498973846 0.6262190937995911
vt 0.06324319541454315 0.6547110080718994
vt 0.13491563498973846 0.6262190937995911
vt 0.13557742536067963 0.6277050971984863
vt 0.13618719577789307 0.6292063593864441
vt 0.13557742536067963 0.6277050971984863
vt 0.14027169346809387 0.6268625855445862
vt 0.13618719577789307 0.6292063593864441
vt 0.14027169346809387 0.6268625855445862
vt 0.1409001499414444 0.6284130215644836
vt 0.13557742536067963 0.6277050971984863
vt 0.13491563498973846 0.6262190937995911
vt 0.13962401449680328 0.6253432631492615
vt 0.13557742536067963 0.6277050971984863
vt 0.13962401449680328 0.6253432631492615
vt 0.14027169346809387 0.6268625855445862
vt 0.21650409698486328 0.6255521178245544
vt 0.2161790430545807 0.6272825002670288
vt 0.20964474976062775 0.6274969577789307
vt 0.21650409698486328 0.6255521178245544
vt 0.20964474976062775 0.6274969577789307
vt 0.2099914848804474 0.6256983280181885
vt 0.2161790430545807 0.6272825002670288
vt 0.2158755362033844 0.6290475726127625
vt 0.2093585878610611 0.6292871236801147
vt 0.2161790430545807 0.6272825002670288
vt 0.2093585878610611 0.6292871236801147
vt 0.20964474976062775 0.6274969577789307
vt 0.1409001499414444 0.6284130215644836
vt 0.14027169346809387 0.6268625855445862
vt 0.14688685536384583 0.6263958215713501
vt 0.1409001499414444 0.6284130215644836
vt 0.14688685536384583 0.6263958215713501
vt 0.14747777581214905 0.6279743313789368
vt 0.14027169346809387 0.6268625855445862
vt 0.13962401449680328 0.6253432631492615
vt 0.1462286412715912 0.6248132586479187
vt 0.14027169346809387 0.6268625855445862
vt 0.1462286412715912 0.6248132586479187
vt 0.14688685536384583 0.6263958215713501
vt 0.16556325554847717 0.6284483671188354
vt 0.16519445180892944 0.6264876127243042
vt 0.1741700917482376 0.6267352104187012
vt 0.16556325554847717 0.6284483671188354
vt 0.1741700917482376 0.6267352104187012
vt 0.17438572645187378 0.6287636160850525
vt 0.16519445180892944 0.6264876127243042
vt 0.16478107869625092 0.6245819330215454
vt 0.17393149435520172 0.6247626543045044
vt 0.16519445180892944 0.6264876127243042
vt 0.17393149435520172 0.6247626543045044
vt 0.1741700917482376 0.6267352104187012
vt 0.19153909385204315 0.6294621825218201
vt 0.191634863615036 0.6273835897445679
vt 0.20076194405555725 0.6271649599075317
vt 0.19153909385204315 0.6294621825218201
vt 0.20076194405555725 0.6271649599075317
vt 0.20044942200183868 0.6292664408683777
vt 0.191634863615036 0.6273835897445679
vt 0.19177167117595673 0.6253635287284851
vt 0.20115964114665985 0.6250907778739929
vt 0.191634863615036 0.6273835897445679
vt 0.20115964114665985 0.6250907778739929
vt 0.20076194405555725 0.6271649599075317
vt 0.15514995157718658 0.624046802520752
vt 0.15587392449378967 0.6259217858314514
vt 0.14688685536384583 0.6263958215713501
vt 0.15514995157718658 0.624046802520752
vt 0.14688685536384583 0.6263958215713501
vt 0.1462286412715912 0.6248132586479187
vt 0.15587392449378967 0.6259217858314514
vt 0.15651918947696686 0.6278119683265686
vt 0.14747777581214905 0.6279743313789368
vt 0.15587392449378967 0.6259217858314514
vt 0.14747777581214905 0.6279743313789368
vt 0.14688685536384583 0.6263958215713501
vt 0.2099914848804474 0.6256983280181885
vt 0.20964474976062775 0.6274969577789307
vt 0.20076194405555725 0.6271649599075317
vt 0.2099914848804474 0.6256983280181885
vt 0.20076194405555725 0.6271649599075317
vt 0.20115964114665985 0.6250907778739929
vt 0.20964474976062775 0.6274969577789307
vt 0.2093585878610611 0.6292871236801147
vt 0.20044942200183868 0.6292664408683777
vt 0.20964474976062775 0.6274969577789307
vt 0.20044942200183868 0.6292664408683777
vt 0.20076194405555725 0.6271649599075317
vt 0.18272477388381958 0.6250737905502319
vt 0.18274621665477753 0.6270954608917236
vt 0.1741700917482376 0.6267352104187012
vt 0.18272477388381958 0.6250737905502319
vt 0.1741700917482376 0.6267352104187012
vt 0.17393149435520172 0.6247626543045044
vt 0.18274621665477753 0.6270954608917236
vt 0.18279078602790833 0.6291613578796387
vt 0.17438572645187378 0.6287636160850525
vt 0.18274621665477753 0.6270954608917236
vt 0.17438572645187378 0.6287636160850525
vt 0.1741700917482376 0.6267352104187012
vt 0.30621767044067383 0.6202570796012878
vt 0.30749475955963135 0.6158931255340576
vt 0.32334694266319275 0.622909665107727
vt 0.30621767044067383 0.6202570796012878
vt 0.32334694266319275 0.622909665107727
vt 0.3209981322288513 0.6264834403991699
vt 0.3209981322288513 0.6264834403991699
vt 0.32334694266319275 0.622909665107727
vt 0.33705902099609375 0.6320344805717468
vt 0.3209981322288513 0.6264834403991699
vt 0.33705902099609375 0.6320344805717468
vt 0.33395954966545105 0.6352037191390991
vt 0.33395954966545105 0.6352037191390991
vt 0.33705902099609375 0.6320344805717468
vt 0.3485026955604553 0.6438333988189697
vt 0.33395954966545105 0.6352037191390991
vt 0.3485026955604553 0.6438333988189697
vt 0.3450224995613098 0.6462535858154297
vt 0.3450224995613098 0.6462535858154297
vt 0.3485026955604553 0.6438333988189697
vt 0.3575335741043091 0.6577085256576538
vt 0.3450224995613098 0.6462535858154297
vt 0.3575335741043091 0.6577085256576538
vt 0.35362550616264343 0.659424901008606
vt 0.35362550616264343 0.659424901008606
vt 0.3575335741043091 0.6577085256576538
vt 0.3644863963127136 0.6740061640739441
vt 0.35362550616264343 0.659424901008606
vt 0.3644863963127136 0.6740061640739441
vt 0.35983920097351074 0.6744154095649719
vt 0.014027297496795654 0.7052779197692871
vt 0.00935545563697815 0.7055618762969971
vt 0.013686344027519226 0.6889173984527588
vt 0.014027297496795654 0.7052779197692871
vt 0.013686344027519226 0.6889173984527588
vt 0.01786927878856659 0.6899778842926025
vt 0.01786927878856659 0.6899778842926025
vt 0.013686344027519226 0.6889173984527588
vt 0.020122841000556946 0.6742638349533081
vt 0.01786927878856659 0.6899778842926025
vt 0.020122841000556946 0.6742638349533081
vt 0.024197623133659363 0.6761061549186707
vt 0.024197623133659363 0.6761061549186707
vt 0.020122841000556946 0.6742638349533081
vt 0.029202163219451904 0.6613346338272095
vt 0.024197623133659363 0.6761061549186707
vt 0.029202163219451904 0.6613346338272095
vt 0.03279104828834534 0.663745105266571
vt 0.03279104828834534 0.663745105266571
vt 0.029202163219451904 0.6613346338272095
vt 0.04018630087375641 0.6502182483673096
vt 0.03279104828834534 0.663745105266571
vt 0.04018630087375641 0.6502182483673096
vt 0.04335828125476837 0.6532117128372192
vt 0.04335828125476837 0.6532117128372192
vt 0.04018630087375641 0.6502182483673096
vt 0.0531516969203949 0.6403340697288513
vt 0.04335828125476837 0.6532117128372192
vt 0.0531516969203949 0.6403340697288513
vt 0.055582642555236816 0.6442340612411499
vt 0.22155331075191498 0.6143445372581482
vt 0.22202454507350922 0.6096740961074829
vt 0.30749475955963135 0.6158931255340576
vt 0.22155331075191498 0.6143445372581482
vt 0.30749475955963135 0.6158931255340576
vt 0.30621767044067383 0.6202570796012878
vt 0.055582642555236816 0.6442340612411499
vt 0.0531516969203949 0.6403340697288513
vt 0.13062889873981476 0.6113260388374329
vt 0.055582642555236816 0.6442340612411499
vt 0.13062889873981476 0.6113260388374329
vt 0.1322120577096939 0.6156526207923889
vt 0.2148621529340744 0.6147066354751587
vt 0.21535083651542664 0.6098766326904297
vt 0.22202454507350922 0.6096740961074829
vt 0.2148621529340744 0.6147066354751587
vt 0.22202454507350922 0.6096740961074829
vt 0.22155331075191498 0.6143445372581482
vt 0.1322120577096939 0.6156526207923889
vt 0.13062889873981476 0.6113260388374329
vt 0.13784757256507874 0.6106770038604736
vt 0.1322120577096939 0.6156526207923889
vt 0.13784757256507874 0.6106770038604736
vt 0.13925069570541382 0.6152054071426392
vt 0.20625434815883636 0.6151483058929443
vt 0.20678557455539703 0.6102573275566101
vt 0.21535083651542664 0.6098766326904297
vt 0.20625434815883636 0.6151483058929443
vt 0.21535083651542664 0.6098766326904297
vt 0.2148621529340744 0.6147066354751587
vt 0.15877068042755127 0.6143007278442383
vt 0.15756285190582275 0.6094845533370972
vt 0.1662396788597107 0.6087400317192078
vt 0.15877068042755127 0.6143007278442383
vt 0.1662396788597107 0.6087400317192078
vt 0.16712063550949097 0.6135516166687012
vt 0.18076425790786743 0.6130112409591675
vt 0.18063703179359436 0.6082375049591064
vt 0.1882007122039795 0.608839750289917
vt 0.18076425790786743 0.6130112409591675
vt 0.1882007122039795 0.608839750289917
vt 0.1879487782716751 0.6137428283691406
vt 0.13925069570541382 0.6152054071426392
vt 0.13784757256507874 0.6106770038604736
vt 0.14704163372516632 0.6103626489639282
vt 0.13925069570541382 0.6152054071426392
vt 0.14704163372516632 0.6103626489639282
vt 0.14834031462669373 0.6149972677230835
vt 0.14834031462669373 0.6149972677230835
vt 0.14704163372516632 0.6103626489639282
vt 0.15756285190582275 0.6094845533370972
vt 0.14834031462669373 0.6149972677230835
vt 0.15756285190582275 0.6094845533370972
vt 0.15877068042755127 0.6143007278442383
vt 0.1879487782716751 0.6137428283691406
vt 0.1882007122039795 0.608839750289917
vt 0.1966988742351532 0.6096211075782776
vt 0.1879487782716751 0.6137428283691406
vt 0.1966988742351532 0.6096211075782776
vt 0.1961800754070282 0.6146208643913269
vt 0.1961800754070282 0.6146208643913269
vt 0.1966988742351532 0.6096211075782776
vt 0.20678557455539703 0.6102573275566101
vt 0.1961800754070282 0.6146208643913269
vt 0.20678557455539703 0.6102573275566101
vt 0.20625434815883636 0.6151483058929443
vt 0.16712063550949097 0.6135516166687012
vt 0.1662396788597107 0.6087400317192078
vt 0.1738194227218628 0.6082130670547485
vt 0.16712063550949097 0.6135516166687012
vt 0.1738194227218628 0.6082130670547485
vt 0.17431683838367462 0.6130383014678955
vt 0.17431683838367462 0.6130383014678955
vt 0.1738194227218628 0.6082130670547485
vt 0.18063703179359436 0.6082375049591064
vt 0.17431683838367462 0.6130383014678955
vt 0.18063703179359436 0.6082375049591064
vt 0.18076425790786743 0.6130112409591675
vt 0.30450016260147095 0.6251162886619568
vt 0.31822073459625244 0.6306434869766235
vt 0.3151576519012451 0.6353787183761597
vt 0.30450016260147095 0.6251162886619568
vt 0.3151576519012451 0.6353787183761597
vt 0.3023179769515991 0.6305994987487793
vt 0.31822073459625244 0.6306434869766235
vt 0.33051204681396484 0.6387003660202026
vt 0.3265984058380127 0.6426664590835571
vt 0.31822073459625244 0.6306434869766235
vt 0.3265984058380127 0.6426664590835571
vt 0.3151576519012451 0.6353787183761597
vt 0.33051204681396484 0.6387003660202026
vt 0.340956449508667 0.6490358114242554
vt 0.33634626865386963 0.652155876159668
vt 0.33051204681396484 0.6387003660202026
vt 0.33634626865386963 0.652155876159668
vt 0.3265984058380127 0.6426664590835571
vt 0.340956449508667 0.6490358114242554
vt 0.3490295708179474 0.6613990068435669
vt 0.3438214659690857 0.663577675819397
vt 0.340956449508667 0.6490358114242554
vt 0.3438214659690857 0.663577675819397
vt 0.33634626865386963 0.652155876159668
vt 0.3490295708179474 0.6613990068435669
vt 0.3546002507209778 0.6751163601875305
vt 0.3486844599246979 0.6761934757232666
vt 0.3490295708179474 0.6613990068435669
vt 0.3486844599246979 0.6761934757232666
vt 0.3438214659690857 0.663577675819397
vt 0.01931723952293396 0.7051684260368347
vt 0.02277226746082306 0.6911866664886475
vt 0.028359174728393555 0.6924100518226624
vt 0.01931723952293396 0.7051684260368347
vt 0.028359174728393555 0.6924100518226624
vt 0.025331467390060425 0.7053220868110657
vt 0.02277226746082306 0.6911866664886475
vt 0.02875104546546936 0.67811518907547
vt 0.03396013379096985 0.680322527885437
vt 0.02277226746082306 0.6911866664886475
vt 0.03396013379096985 0.680322527885437
vt 0.028359174728393555 0.6924100518226624
vt 0.02875104546546936 0.67811518907547
vt 0.03700634837150574 0.6665339469909668
vt 0.04181563854217529 0.6696751117706299
vt 0.02875104546546936 0.67811518907547
vt 0.04181563854217529 0.6696751117706299
vt 0.03396013379096985 0.680322527885437
vt 0.03700634837150574 0.6665339469909668
vt 0.04711742699146271 0.6567292213439941
vt 0.051377519965171814 0.6607423424720764
vt 0.03700634837150574 0.6665339469909668
vt 0.051377519965171814 0.6607423424720764
vt 0.04181563854217529 0.6696751117706299
vt 0.04711742699146271 0.6567292213439941
vt 0.058568403124809265 0.6485222578048706
vt 0.062204957008361816 0.6533476710319519
vt 0.04711742699146271 0.6567292213439941
vt 0.062204957008361816 0.6533476710319519
vt 0.051377519965171814 0.6607423424720764
vt 0.30450016260147095 0.6251162886619568
vt 0.3023179769515991 0.6305994987487793
vt 0.22129899263381958 0.6256802082061768
vt 0.30450016260147095 0.6251162886619568
vt 0.22129899263381958 0.6256802082061768
vt 0.2210325449705124 0.6196613907814026
vt 0.13390757143497467 0.6205294728279114
vt 0.13491563498973846 0.6262190937995911
vt 0.062204957008361816 0.6533476710319519
vt 0.13390757143497467 0.6205294728279114
vt 0.062204957008361816 0.6533476710319519
vt 0.058568403124809265 0.6485222578048706
vt 0.2210325449705124 0.6196613907814026
vt 0.22129899263381958 0.6256802082061768
vt 0.21650409698486328 0.6255521178245544
vt 0.2210325449705124 0.6196613907814026
vt 0.21650409698486328 0.6255521178245544
vt 0.21420879662036896 0.620055079460144
vt 0.14092181622982025 0.6200947761535645
vt 0.13962401449680328 0.6253432631492615
vt 0.13491563498973846 0.6262190937995911
vt 0.14092181622982025 0.6200947761535645
vt 0.13491563498973846 0.6262190937995911
vt 0.13390757143497467 0.6205294728279114
vt 0.21420879662036896 0.620055079460144
vt 0.21650409698486328 0.6255521178245544
vt 0.2099914848804474 0.6256983280181885
vt 0.21420879662036896 0.620055079460144
vt 0.2099914848804474 0.6256983280181885
vt 0.205301433801651 0.6211308836936951
vt 0.1684112846851349 0.6191429495811462
vt 0.16478107869625092 0.6245819330215454
vt 0.15514995157718658 0.624046802520752
vt 0.1684112846851349 0.6191429495811462
vt 0.15514995157718658 0.624046802520752
vt 0.16044758260250092 0.6197913885116577
vt 0.1874341368675232 0.6194769144058228
vt 0.19177167117595673 0.6253635287284851
vt 0.18272477388381958 0.6250737905502319
vt 0.1874341368675232 0.6194769144058228
vt 0.18272477388381958 0.6250737905502319
vt 0.18088261783123016 0.6185302734375
vt 0.15027043223381042 0.6205090880393982
vt 0.1462286412715912 0.6248132586479187
vt 0.13962401449680328 0.6253432631492615
vt 0.15027043223381042 0.6205090880393982
vt 0.13962401449680328 0.6253432631492615
vt 0.14092181622982025 0.6200947761535645
vt 0.16044758260250092 0.6197913885116577
vt 0.15514995157718658 0.624046802520752
vt 0.1462286412715912 0.6248132586479187
vt 0.16044758260250092 0.6197913885116577
vt 0.1462286412715912 0.6248132586479187
vt 0.15027043223381042 0.6205090880393982
vt 0.1953398585319519 0.6203874349594116
vt 0.20115964114665985 0.6250907778739929
vt 0.19177167117595673 0.6253635287284851
vt 0.1953398585319519 0.6203874349594116
vt 0.19177167117595673 0.6253635287284851
vt 0.1874341368675232 0.6194769144058228
vt 0.205301433801651 0.6211308836936951
vt 0.2099914848804474 0.6256983280181885
vt 0.20115964114665985 0.6250907778739929
vt 0.205301433801651 0.6211308836936951
vt 0.20115964114665985 0.6250907778739929
vt 0.1953398585319519 0.6203874349594116
vt 0.17493198812007904 0.6185101866722107
vt 0.17393149435520172 0.6247626543045044
vt 0.16478107869625092 0.6245819330215454
vt 0.17493198812007904 0.6185101866722107
vt 0.16478107869625092 0.6245819330215454
vt 0.1684112846851349 0.6191429495811462
vt 0.18088261783123016 0.6185302734375
vt 0.18272477388381958 0.6250737905502319
vt 0.17393149435520172 0.6247626543045044
vt 0.18088261783123016 0.6185302734375
vt 0.17393149435520172 0.6247626543045044
vt 0.17493198812007904 0.6185101866722107
vt 0.35645684599876404 0.6748788952827454
vt 0.3555275797843933 0.6749817132949829
vt 0.3498419225215912 0.6610538959503174
vt 0.35645684599876404 0.6748788952827454
vt 0.3498419225215912 0.6610538959503174
vt 0.3506462275981903 0.6607108116149902
vt 0.3555275797843933 0.6749817132949829
vt 0.3546002507209778 0.6751163601875305
vt 0.3490295708179474 0.6613990068435669
vt 0.3555275797843933 0.6749817132949829
vt 0.3490295708179474 0.6613990068435669
vt 0.3498419225215912 0.6610538959503174
vt 0.3192051351070404 0.6291710734367371
vt 0.3187137842178345 0.6299049854278564
vt 0.3048153221607208 0.6242598295211792
vt 0.3192051351070404 0.6291710734367371
vt 0.3048153221607208 0.6242598295211792
vt 0.30510225892066956 0.6234012842178345
vt 0.3187137842178345 0.6299049854278564
vt 0.31822073459625244 0.6306434869766235
vt 0.30450016260147095 0.6251162886619568
vt 0.3187137842178345 0.6299049854278564
vt 0.30450016260147095 0.6251162886619568
vt 0.3048153221607208 0.6242598295211792
vt 0.30510225892066956 0.6234012842178345
vt 0.3048153221607208 0.6242598295211792
vt 0.22120675444602966 0.6187207102775574
vt 0.30510225892066956 0.6234012842178345
vt 0.22120675444602966 0.6187207102775574
vt 0.2213219404220581 0.6177784204483032
vt 0.3048153221607208 0.6242598295211792
vt 0.30450016260147095 0.6251162886619568
vt 0.2210325449705124 0.6196613907814026
vt 0.3048153221607208 0.6242598295211792
vt 0.2210325449705124 0.6196613907814026
vt 0.22120675444602966 0.6187207102775574
vt 0.31822073459625244 0.6306434869766235
vt 0.3187137842178345 0.6299049854278564
vt 0.3311237096786499 0.6380816102027893
vt 0.31822073459625244 0.6306434869766235
vt 0.3311237096786499 0.6380816102027893
vt 0.33051204681396484 0.6387003660202026
vt 0.3187137842178345 0.6299049854278564
vt 0.3192051351070404 0.6291710734367371
vt 0.33172959089279175 0.6374683380126953
vt 0.3187137842178345 0.6299049854278564
vt 0.33172959089279175 0.6374683380126953
vt 0.3311237096786499 0.6380816102027893
vt 0.33051204681396484 0.6387003660202026
vt 0.3311237096786499 0.6380816102027893
vt 0.34167754650115967 0.6485462188720703
vt 0.33051204681396484 0.6387003660202026
vt 0.34167754650115967 0.6485462188720703
vt 0.340956449508667 0.6490358114242554
vt 0.3311237096786499 0.6380816102027893
vt 0.33172959089279175 0.6374683380126953
vt 0.3423914909362793 0.6480603814125061
vt 0.3311237096786499 0.6380816102027893
vt 0.3423914909362793 0.6480603814125061
vt 0.34167754650115967 0.6485462188720703
vt 0.340956449508667 0.6490358114242554
vt 0.34167754650115967 0.6485462188720703
vt 0.3498419225215912 0.6610538959503174
vt 0.340956449508667 0.6490358114242554
vt 0.3498419225215912 0.6610538959503174
vt 0.3490295708179474 0.6613990068435669
vt 0.34167754650115967 0.6485462188720703
vt 0.3423914909362793 0.6480603814125061
vt 0.3506462275981903 0.6607108116149902
vt 0.34167754650115967 0.6485462188720703
vt 0.3506462275981903 0.6607108116149902
vt 0.3498419225215912 0.6610538959503174
vt 0.2213219404220581 0.6177784204483032
vt 0.22120675444602966 0.6187207102775574
vt 0.2143169492483139 0.6191129088401794
vt 0.2213219404220581 0.6177784204483032
vt 0.2143169492483139 0.6191129088401794
vt 0.21442139148712158 0.6181654930114746
vt 0.22120675444602966 0.6187207102775574
vt 0.2210325449705124 0.6196613907814026
vt 0.21420879662036896 0.620055079460144
vt 0.22120675444602966 0.6187207102775574
vt 0.21420879662036896 0.620055079460144
vt 0.2143169492483139 0.6191129088401794
vt 0.01931723952293396 0.7051684260368347
vt 0.018379345536231995 0.7051791548728943
vt 0.021900147199630737 0.6909753680229187
vt 0.01931723952293396 0.7051684260368347
vt 0.021900147199630737 0.6909753680229187
vt 0.02277226746082306 0.6911866664886475
vt 0.018379345536231995 0.7051791548728943
vt 0.017443940043449402 0.7052209377288818
vt 0.021032705903053284 0.6907647848129272
vt 0.018379345536231995 0.7051791548728943
vt 0.021032705903053284 0.6907647848129272
vt 0.021900147199630737 0.6909753680229187
vt 0.02277226746082306 0.6911866664886475
vt 0.021900147199630737 0.6909753680229187
vt 0.027942627668380737 0.6777616739273071
vt 0.02277226746082306 0.6911866664886475
vt 0.027942627668380737 0.6777616739273071
vt 0.02875104546546936 0.67811518907547
vt 0.021900147199630737 0.6909753680229187
vt 0.021032705903053284 0.6907647848129272
vt 0.02714066207408905 0.6774120330810547
vt 0.021900147199630737 0.6909753680229187
vt 0.02714066207408905 0.6774120330810547
vt 0.027942627668380737 0.6777616739273071
vt 0.02875104546546936 0.67811518907547
vt 0.027942627668380737 0.6777616739273071
vt 0.036258310079574585 0.66604083776474
vt 0.02875104546546936 0.67811518907547
vt 0.036258310079574585 0.66604083776474
vt 0.03700634837150574 0.6665339469909668
vt 0.027942627668380737 0.6777616739273071
vt 0.02714066207408905 0.6774120330810547
vt 0.03551526367664337 0.6655533313751221
vt 0.027942627668380737 0.6777616739273071
vt 0.03551526367664337 0.6655533313751221
vt 0.036258310079574585 0.66604083776474
vt 0.03700634837150574 0.6665339469909668
vt 0.036258310079574585 0.66604083776474
vt 0.04645216464996338 0.6561080813407898
vt 0.03700634837150574 0.6665339469909668
vt 0.04645216464996338 0.6561080813407898
vt 0.04711742699146271 0.6567292213439941
vt 0.036258310079574585 0.66604083776474
vt 0.03551526367664337 0.6655533313751221
vt 0.04579077661037445 0.6554930210113525
vt 0.036258310079574585 0.66604083776474
vt 0.04579077661037445 0.6554930210113525
vt 0.04645216464996338 0.6561080813407898
vt 0.04711742699146271 0.6567292213439941
vt 0.04645216464996338 0.6561080813407898
vt 0.058030128479003906 0.647769033908844
vt 0.04711742699146271 0.6567292213439941
vt 0.058030128479003906 0.647769033908844
vt 0.058568403124809265 0.6485222578048706
vt 0.04645216464996338 0.6561080813407898
vt 0.04579077661037445 0.6554930210113525
vt 0.05751693248748779 0.6470063924789429
vt 0.04645216464996338 0.6561080813407898
vt 0.05751693248748779 0.6470063924789429
vt 0.058030128479003906 0.647769033908844
vt 0.058568403124809265 0.6485222578048706
vt 0.058030128479003906 0.647769033908844
vt 0.13354326784610748 0.6196951866149902
vt 0.058568403124809265 0.6485222578048706
vt 0.13354326784610748 0.6196951866149902
vt 0.13390757143497467 0.6205294728279114
vt 0.058030128479003906 0.647769033908844
vt 0.05751693248748779 0.6470063924789429
vt 0.1332283914089203 0.6188395023345947
vt 0.058030128479003906 0.647769033908844
vt 0.1332283914089203 0.6188395023345947
vt 0.13354326784610748 0.6196951866149902
vt 0.21442139148712158 0.6181654930114746
vt 0.2143169492483139 0.6191129088401794
vt 0.20548661053180695 0.6200335025787354
vt 0.21442139148712158 0.6181654930114746
vt 0.20548661053180695 0.6200335025787354
vt 0.2056577503681183 0.6189478635787964
vt 0.2143169492483139 0.6191129088401794
vt 0.21420879662036896 0.620055079460144
vt 0.205301433801651 0.6211308836936951
vt 0.2143169492483139 0.6191129088401794
vt 0.205301433801651 0.6211308836936951
vt 0.20548661053180695 0.6200335025787354
vt 0.13390757143497467 0.6205294728279114
vt 0.13354326784610748 0.6196951866149902
vt 0.1406412124633789 0.6192472577095032
vt 0.13390757143497467 0.6205294728279114
vt 0.1406412124633789 0.6192472577095032
vt 0.14092181622982025 0.6200947761535645
vt 0.13354326784610748 0.6196951866149902
vt 0.1332283914089203 0.6188395023345947
vt 0.14036139845848083 0.6183884143829346
vt 0.13354326784610748 0.6196951866149902
vt 0.14036139845848083 0.6183884143829346
vt 0.1406412124633789 0.6192472577095032
vt 0.2056577503681183 0.6189478635787964
vt 0.20548661053180695 0.6200335025787354
vt 0.19552499055862427 0.6193500757217407
vt 0.2056577503681183 0.6189478635787964
vt 0.19552499055862427 0.6193500757217407
vt 0.19568908214569092 0.6183195114135742
vt 0.20548661053180695 0.6200335025787354
vt 0.205301433801651 0.6211308836936951
vt 0.1953398585319519 0.6203874349594116
vt 0.20548661053180695 0.6200335025787354
vt 0.1953398585319519 0.6203874349594116
vt 0.19552499055862427 0.6193500757217407
vt 0.16789941489696503 0.6171359419822693
vt 0.16814656555652618 0.618137776851654
vt 0.16011056303977966 0.6188092231750488
vt 0.16789941489696503 0.6171359419822693
vt 0.16011056303977966 0.6188092231750488
vt 0.1597960740327835 0.6178306341171265
vt 0.16814656555652618 0.618137776851654
vt 0.1684112846851349 0.6191429495811462
vt 0.16044758260250092 0.6197913885116577
vt 0.16814656555652618 0.618137776851654
vt 0.16044758260250092 0.6197913885116577
vt 0.16011056303977966 0.6188092231750488
vt 0.1597960740327835 0.6178306341171265
vt 0.16011056303977966 0.6188092231750488
vt 0.14990311861038208 0.6195164918899536
vt 0.1597960740327835 0.6178306341171265
vt 0.14990311861038208 0.6195164918899536
vt 0.14955106377601624 0.6185247302055359
vt 0.16011056303977966 0.6188092231750488
vt 0.16044758260250092 0.6197913885116577
vt 0.15027043223381042 0.6205090880393982
vt 0.16011056303977966 0.6188092231750488
vt 0.15027043223381042 0.6205090880393982
vt 0.14990311861038208 0.6195164918899536
vt 0.18766163289546967 0.6174142956733704
vt 0.18755678832530975 0.6184430122375488
vt 0.18087100982666016 0.6175451874732971
vt 0.18766163289546967 0.6174142956733704
vt 0.18087100982666016 0.6175451874732971
vt 0.18085557222366333 0.6165726184844971
vt 0.18755678832530975 0.6184430122375488
vt 0.1874341368675232 0.6194769144058228
vt 0.18088261783123016 0.6185302734375
vt 0.18755678832530975 0.6184430122375488
vt 0.18088261783123016 0.6185302734375
vt 0.18087100982666016 0.6175451874732971
vt 0.18085557222366333 0.6165726184844971
vt 0.18087100982666016 0.6175451874732971
vt 0.1748100221157074 0.6175264120101929
vt 0.18085557222366333 0.6165726184844971
vt 0.1748100221157074 0.6175264120101929
vt 0.17469362914562225 0.6165487170219421
vt 0.18087100982666016 0.6175451874732971
vt 0.18088261783123016 0.6185302734375
vt 0.17493198812007904 0.6185101866722107
vt 0.18087100982666016 0.6175451874732971
vt 0.17493198812007904 0.6185101866722107
vt 0.1748100221157074 0.6175264120101929
vt 0.14092181622982025 0.6200947761535645
vt 0.1406412124633789 0.6192472577095032
vt 0.14990311861038208 0.6195164918899536
vt 0.14092181622982025 0.6200947761535645
vt 0.14990311861038208 0.6195164918899536
vt 0.15027043223381042 0.6205090880393982
vt 0.1406412124633789 0.6192472577095032
vt 0.14036139845848083 0.6183884143829346
vt 0.14955106377601624 0.6185247302055359
vt 0.1406412124633789 0.6192472577095032
vt 0.14955106377601624 0.6185247302055359
vt 0.14990311861038208 0.6195164918899536
vt 0.1874341368675232 0.6194769144058228
vt 0.18755678832530975 0.6184430122375488
vt 0.19552499055862427 0.6193500757217407
vt 0.1874341368675232 0.6194769144058228
vt 0.19552499055862427 0.6193500757217407
vt 0.1953398585319519 0.6203874349594116
vt 0.18755678832530975 0.6184430122375488
vt 0.18766163289546967 0.6174142956733704
vt 0.19568908214569092 0.6183195114135742
vt 0.18755678832530975 0.6184430122375488
vt 0.19568908214569092 0.6183195114135742
vt 0.19552499055862427 0.6193500757217407
vt 0.1684112846851349 0.6191429495811462
vt 0.16814656555652618 0.618137776851654
vt 0.1748100221157074 0.6175264120101929
vt 0.1684112846851349 0.6191429495811462
vt 0.1748100221157074 0.6175264120101929
vt 0.17493198812007904 0.6185101866722107
vt 0.16814656555652618 0.618137776851654
vt 0.16789941489696503 0.6171359419822693
vt 0.17469362914562225 0.6165487170219421
vt 0.16814656555652618 0.618137776851654
vt 0.17469362914562225 0.6165487170219421
vt 0.1748100221157074 0.6175264120101929
vt 0.04069012403488159 0.922505795955658
vt 0.025331467390060425 0.7053220868110657
vt 0.027045533061027527 0.7053776383399963
vt 0.04069012403488159 0.922505795955658
vt 0.027045533061027527 0.7053776383399963
vt 0.04237443208694458 0.9221831560134888
vt 0.04237443208694458 0.9221831560134888
vt 0.027045533061027527 0.7053776383399963
vt 0.028762087225914 0.70548415184021
vt 0.04237443208694458 0.9221831560134888
vt 0.028762087225914 0.70548415184021
vt 0.04405440390110016 0.9218082427978516
vt 0.04405440390110016 0.9218082427978516
vt 0.028762087225914 0.70548415184021
vt 0.03544999659061432 0.7059592604637146
vt 0.04405440390110016 0.9218082427978516
vt 0.03544999659061432 0.7059592604637146
vt 0.050583139061927795 0.9202852845191956
vt 0.050583139061927795 0.9202852845191956
vt 0.03544999659061432 0.7059592604637146
vt 0.044887393712997437 0.7060902118682861
vt 0.050583139061927795 0.9202852845191956
vt 0.044887393712997437 0.7060902118682861
vt 0.05980464816093445 0.9185957908630371
vt 0.0248851478099823 0.9246690273284912
vt 0.00935545563697815 0.7055618762969971
vt 0.014027297496795654 0.7052779197692871
vt 0.0248851478099823 0.9246690273284912
vt 0.014027297496795654 0.7052779197692871
vt 0.02953311800956726 0.9242631196975708
vt 0.032916173338890076 0.9238049983978271
vt 0.017443940043449402 0.7052209377288818
vt 0.018379345536231995 0.7051791548728943
vt 0.032916173338890076 0.9238049983978271
vt 0.018379345536231995 0.7051791548728943
vt 0.03384557366371155 0.9237037897109985
vt 0.03384557366371155 0.9237037897109985
vt 0.018379345536231995 0.7051791548728943
vt 0.01931723952293396 0.7051684260368347
vt 0.03384557366371155 0.9237037897109985
vt 0.01931723952293396 0.7051684260368347
vt 0.03477312624454498 0.9235710501670837
vt 0.03477312624454498 0.9235710501670837
vt 0.01931723952293396 0.7051684260368347
vt 0.025331467390060425 0.7053220868110657
vt 0.03477312624454498 0.9235710501670837
vt 0.025331467390060425 0.7053220868110657
vt 0.04069012403488159 0.922505795955658
vt 0.35447657108306885 0.894035279750824
vt 0.3387923836708069 0.6784361600875854
vt 0.3453207015991211 0.676899254322052
vt 0.35447657108306885 0.894035279750824
vt 0.3453207015991211 0.676899254322052
vt 0.36116886138916016 0.8945662975311279
vt 0.36116886138916016 0.8945662975311279
vt 0.3453207015991211 0.676899254322052
vt 0.3470003306865692 0.676520049571991
vt 0.36116886138916016 0.8945662975311279
vt 0.3470003306865692 0.676520049571991
vt 0.3628862500190735 0.8946883678436279
vt 0.3628862500190735 0.8946883678436279
vt 0.3470003306865692 0.676520049571991
vt 0.3486844599246979 0.6761934757232666
vt 0.3628862500190735 0.8946883678436279
vt 0.3486844599246979 0.6761934757232666
vt 0.3646008372306824 0.8947588801383972
vt 0.3646008372306824 0.8947588801383972
vt 0.3486844599246979 0.6761934757232666
vt 0.3546002507209778 0.6751163601875305
vt 0.3646008372306824 0.8947588801383972
vt 0.3546002507209778 0.6751163601875305
vt 0.3706146478652954 0.8949588537216187
vt 0.3706146478652954 0.8949588537216187
vt 0.3546002507209778 0.6751163601875305
vt 0.3555275797843933 0.6749817132949829
vt 0.3706146478652954 0.8949588537216187
vt 0.3555275797843933 0.6749817132949829
vt 0.37155240774154663 0.8949557542800903
vt 0.37155240774154663 0.8949557542800903
vt 0.3555275797843933 0.6749817132949829
vt 0.35645684599876404 0.6748788952827454
vt 0.37155240774154663 0.8949557542800903
vt 0.35645684599876404 0.6748788952827454
vt 0.37248754501342773 0.8949211835861206
vt 0.3759033977985382 0.8948879241943359
vt 0.35983920097351074 0.6744154095649719
vt 0.3644863963127136 0.6740061640739441
vt 0.3759033977985382 0.8948879241943359
vt 0.3644863963127136 0.6740061640739441
vt 0.3805733621120453 0.8946292996406555
vt 0.3450336158275604 0.8938318490982056
vt 0.32956767082214355 0.6801337599754333
vt 0.3387923836708069 0.6784361600875854
vt 0.3450336158275604 0.8938318490982056
vt 0.3387923836708069 0.6784361600875854
vt 0.35447657108306885 0.894035279750824
vt 0.07978701591491699 0.9862009882926941
vt 0.0631924420595169 0.9784427285194397
vt 0.06405480206012726 0.9771881103515625
vt 0.07978701591491699 0.9862009882926941
vt 0.06405480206012726 0.9771881103515625
vt 0.08014906942844391 0.9847336411476135
vt 0.06944380700588226 0.9694681763648987
vt 0.0833350345492363 0.9754846096038818
vt 0.08284426480531693 0.9768630266189575
vt 0.06944380700588226 0.9694681763648987
vt 0.08284426480531693 0.9768630266189575
vt 0.06862480938434601 0.9706268310546875
vt 0.0631924420595169 0.9784427285194397
vt 0.04934637248516083 0.9687138199806213
vt 0.050382062792778015 0.9676835536956787
vt 0.0631924420595169 0.9784427285194397
vt 0.050382062792778015 0.9676835536956787
vt 0.06405480206012726 0.9771881103515625
vt 0.057175397872924805 0.9610323309898376
vt 0.06944380700588226 0.9694681763648987
vt 0.06862480938434601 0.9706268310546875
vt 0.057175397872924805 0.9610323309898376
vt 0.06862480938434601 0.9706268310546875
vt 0.05616958439350128 0.9620041251182556
vt 0.04934637248516083 0.9687138199806213
vt 0.037751421332359314 0.9564547538757324
vt 0.038989290595054626 0.9556188583374023
vt 0.04934637248516083 0.9687138199806213
vt 0.038989290595054626 0.9556188583374023
vt 0.050382062792778015 0.9676835536956787
vt 0.04673989117145538 0.9504268765449524
vt 0.057175397872924805 0.9610323309898376
vt 0.05616958439350128 0.9620041251182556
vt 0.04673989117145538 0.9504268765449524
vt 0.05616958439350128 0.9620041251182556
vt 0.04556894302368164 0.9511961936950684
vt 0.037751421332359314 0.9564547538757324
vt 0.028624936938285828 0.9422005414962769
vt 0.030012324452400208 0.9415757656097412
vt 0.037751421332359314 0.9564547538757324
vt 0.030012324452400208 0.9415757656097412
vt 0.038989290595054626 0.9556188583374023
vt 0.038646310567855835 0.9378515481948853
vt 0.04673989117145538 0.9504268765449524
vt 0.04556894302368164 0.9511961936950684
vt 0.038646310567855835 0.9378515481948853
vt 0.04556894302368164 0.9511961936950684
vt 0.03731811046600342 0.9384037256240845
vt 0.028624936938285828 0.9422005414962769
vt 0.021447405219078064 0.9249814748764038
vt 0.022980451583862305 0.9249037504196167
vt 0.028624936938285828 0.9422005414962769
vt 0.022980451583862305 0.9249037504196167
vt 0.030012324452400208 0.9415757656097412
vt 0.032916173338890076 0.9238049983978271
vt 0.038646310567855835 0.9378515481948853
vt 0.03731811046600342 0.9384037256240845
vt 0.032916173338890076 0.9238049983978271
vt 0.03731811046600342 0.9384037256240845
vt 0.031413301825523376 0.9239616394042969
vt 0.3840206265449524 0.8944485783576965
vt 0.37938904762268066 0.9125052094459534
vt 0.3779281973838806 0.9120714664459229
vt 0.3840206265449524 0.8944485783576965
vt 0.3779281973838806 0.9120714664459229
vt 0.3824915289878845 0.8945892453193665
vt 0.36881715059280396 0.9095579385757446
vt 0.37248754501342773 0.8949211835861206
vt 0.3739989995956421 0.8948594927787781
vt 0.36881715059280396 0.9095579385757446
vt 0.3739989995956421 0.8948594927787781
vt 0.3701968193054199 0.9099231362342834
vt 0.37938904762268066 0.9125052094459534
vt 0.3724287450313568 0.9278708100318909
vt 0.3711261451244354 0.9272034764289856
vt 0.37938904762268066 0.9125052094459534
vt 0.3711261451244354 0.9272034764289856
vt 0.3779281973838806 0.9120714664459229
vt 0.36253613233566284 0.9230268001556396
vt 0.36881715059280396 0.9095579385757446
vt 0.3701968193054199 0.9099231362342834
vt 0.36253613233566284 0.9230268001556396
vt 0.3701968193054199 0.9099231362342834
vt 0.36380988359451294 0.9236283898353577
vt 0.3724287450313568 0.9278708100318909
vt 0.362763375043869 0.9413865208625793
vt 0.3615736961364746 0.9404735565185547
vt 0.3724287450313568 0.9278708100318909
vt 0.3615736961364746 0.9404735565185547
vt 0.3711261451244354 0.9272034764289856
vt 0.3539247512817383 0.9349176287651062
vt 0.36253613233566284 0.9230268001556396
vt 0.36380988359451294 0.9236283898353577
vt 0.3539247512817383 0.9349176287651062
vt 0.36380988359451294 0.9236283898353577
vt 0.3550907373428345 0.9357447624206543
vt 0.362763375043869 0.9413865208625793
vt 0.35111039876937866 0.9528450965881348
vt 0.3500593900680542 0.9517335295677185
vt 0.362763375043869 0.9413865208625793
vt 0.3500593900680542 0.9517335295677185
vt 0.3615736961364746 0.9404735565185547
vt 0.34337180852890015 0.9449007511138916
vt 0.3539247512817383 0.9349176287651062
vt 0.3550907373428345 0.9357447624206543
vt 0.34337180852890015 0.9449007511138916
vt 0.3550907373428345 0.9357447624206543
vt 0.3444095253944397 0.9459466338157654
vt 0.35111039876937866 0.9528450965881348
vt 0.33703213930130005 0.9630597233772278
vt 0.33637645840644836 0.9616906642913818
vt 0.35111039876937866 0.9528450965881348
vt 0.33637645840644836 0.9616906642913818
vt 0.3500593900680542 0.9517335295677185
vt 0.33135366439819336 0.9531869888305664
vt 0.34337180852890015 0.9449007511138916
vt 0.3444095253944397 0.9459466338157654
vt 0.33135366439819336 0.9531869888305664
vt 0.3444095253944397 0.9459466338157654
vt 0.33212053775787354 0.9544553160667419
vt 0.16537334024906158 0.9939185380935669
vt 0.07978701591491699 0.9862009882926941
vt 0.08014906942844391 0.9847336411476135
vt 0.16537334024906158 0.9939185380935669
vt 0.08014906942844391 0.9847336411476135
vt 0.1656797230243683 0.9924092292785645
vt 0.0833350345492363 0.9754846096038818
vt 0.16705775260925293 0.9824949502944946
vt 0.16686101257801056 0.9839997291564941
vt 0.0833350345492363 0.9754846096038818
vt 0.16686101257801056 0.9839997291564941
vt 0.08284426480531693 0.9768630266189575
vt 0.33703213930130005 0.9630597233772278
vt 0.25859829783439636 0.9899335503578186
vt 0.25799107551574707 0.9885233640670776
vt 0.33703213930130005 0.9630597233772278
vt 0.25799107551574707 0.9885233640670776
vt 0.33637645840644836 0.9616906642913818
vt 0.25477954745292664 0.9791933298110962
vt 0.33135366439819336 0.9531869888305664
vt 0.33212053775787354 0.9544553160667419
vt 0.25477954745292664 0.9791933298110962
vt 0.33212053775787354 0.9544553160667419
vt 0.25524210929870605 0.9806009531021118
vt 0.17272958159446716 0.993558943271637
vt 0.16537334024906158 0.9939185380935669
vt 0.1656797230243683 0.9924092292785645
vt 0.17272958159446716 0.993558943271637
vt 0.1656797230243683 0.9924092292785645
vt 0.17287608981132507 0.9920227527618408
vt 0.16705775260925293 0.9824949502944946
vt 0.17406141757965088 0.981876790523529
vt 0.1738521307706833 0.9834104776382446
vt 0.16705775260925293 0.9824949502944946
vt 0.1738521307706833 0.9834104776382446
vt 0.16686101257801056 0.9839997291564941
vt 0.25859829783439636 0.9899335503578186
vt 0.2508666515350342 0.9906045198440552
vt 0.2504952549934387 0.9891037940979004
vt 0.25859829783439636 0.9899335503578186
vt 0.2504952549934387 0.9891037940979004
vt 0.25799107551574707 0.9885233640670776
vt 0.2477036416530609 0.9794824123382568
vt 0.25477954745292664 0.9791933298110962
vt 0.25524210929870605 0.9806009531021118
vt 0.2477036416530609 0.9794824123382568
vt 0.25524210929870605 0.9806009531021118
vt 0.24816550314426422 0.9809121489524841
vt 0.18149037659168243 0.9929004907608032
vt 0.17272958159446716 0.993558943271637
vt 0.17287608981132507 0.9920227527618408
vt 0.18149037659168243 0.9929004907608032
vt 0.17287608981132507 0.9920227527618408
vt 0.1816437691450119 0.9913515448570251
vt 0.17406141757965088 0.981876790523529
vt 0.18294082581996918 0.9806938171386719
vt 0.18265703320503235 0.982416033744812
vt 0.17406141757965088 0.981876790523529
vt 0.18265703320503235 0.982416033744812
vt 0.1738521307706833 0.9834104776382446
vt 0.23150302469730377 0.9916920065879822
vt 0.22288446128368378 0.9925666451454163
vt 0.2225726991891861 0.9910480976104736
vt 0.23150302469730377 0.9916920065879822
vt 0.2225726991891861 0.9910480976104736
vt 0.2311384379863739 0.9901870489120483
vt 0.2205856442451477 0.9806904792785645
vt 0.2285497486591339 0.979871392250061
vt 0.22900797426700592 0.9814622402191162
vt 0.2205856442451477 0.9806904792785645
vt 0.22900797426700592 0.9814622402191162
vt 0.2209363728761673 0.9823103547096252
vt 0.2081173062324524 0.9935770630836487
vt 0.20036907494068146 0.9933090806007385
vt 0.200459823012352 0.9917593598365784
vt 0.2081173062324524 0.9935770630836487
vt 0.200459823012352 0.9917593598365784
vt 0.2080918252468109 0.9920281767845154
vt 0.20104491710662842 0.9812027215957642
vt 0.20780594646930695 0.9817028045654297
vt 0.2078475058078766 0.9832745790481567
vt 0.20104491710662842 0.9812027215957642
vt 0.2078475058078766 0.9832745790481567
vt 0.2009040117263794 0.9828634262084961
vt 0.2508666515350342 0.9906045198440552
vt 0.24181362986564636 0.9908584952354431
vt 0.2414490282535553 0.989349901676178
vt 0.2508666515350342 0.9906045198440552
vt 0.2414490282535553 0.989349901676178
vt 0.2504952549934387 0.9891037940979004
vt 0.23863470554351807 0.9791958332061768
vt 0.2477036416530609 0.9794824123382568
vt 0.24816550314426422 0.9809121489524841
vt 0.23863470554351807 0.9791958332061768
vt 0.24816550314426422 0.9809121489524841
vt 0.23915137350559235 0.980805516242981
vt 0.24181362986564636 0.9908584952354431
vt 0.23150302469730377 0.9916920065879822
vt 0.2311384379863739 0.9901870489120483
vt 0.24181362986564636 0.9908584952354431
vt 0.2311384379863739 0.9901870489120483
vt 0.2414490282535553 0.989349901676178
vt 0.2285497486591339 0.979871392250061
vt 0.23863470554351807 0.9791958332061768
vt 0.23915137350559235 0.980805516242981
vt 0.2285497486591339 0.979871392250061
vt 0.23915137350559235 0.980805516242981
vt 0.22900797426700592 0.9814622402191162
vt 0.20036907494068146 0.9933090806007385
vt 0.191707581281662 0.992976725101471
vt 0.19185970723628998 0.9914311170578003
vt 0.20036907494068146 0.9933090806007385
vt 0.19185970723628998 0.9914311170578003
vt 0.200459823012352 0.9917593598365784
vt 0.19300058484077454 0.9807616472244263
vt 0.20104491710662842 0.9812027215957642
vt 0.2009040117263794 0.9828634262084961
vt 0.19300058484077454 0.9807616472244263
vt 0.2009040117263794 0.9828634262084961
vt 0.19276545941829681 0.9824219346046448
vt 0.191707581281662 0.992976725101471
vt 0.18149037659168243 0.9929004907608032
vt 0.1816437691450119 0.9913515448570251
vt 0.191707581281662 0.992976725101471
vt 0.1816437691450119 0.9913515448570251
vt 0.19185970723628998 0.9914311170578003
vt 0.18294082581996918 0.9806938171386719
vt 0.19300058484077454 0.9807616472244263
vt 0.19276545941829681 0.9824219346046448
vt 0.18294082581996918 0.9806938171386719
vt 0.19276545941829681 0.9824219346046448
vt 0.18265703320503235 0.982416033744812
vt 0.22288446128368378 0.9925666451454163
vt 0.2152131050825119 0.993364691734314
vt 0.21501584351062775 0.9918321371078491
vt 0.22288446128368378 0.9925666451454163
vt 0.21501584351062775 0.9918321371078491
vt 0.2225726991891861 0.9910480976104736
vt 0.21389888226985931 0.9814730882644653
vt 0.2205856442451477 0.9806904792785645
vt 0.2209363728761673 0.9823103547096252
vt 0.21389888226985931 0.9814730882644653
vt 0.2209363728761673 0.9823103547096252
vt 0.2140740156173706 0.9830558896064758
vt 0.2152131050825119 0.993364691734314
vt 0.2081173062324524 0.9935770630836487
vt 0.2080918252468109 0.9920281767845154
vt 0.2152131050825119 0.993364691734314
vt 0.2080918252468109 0.9920281767845154
vt 0.21501584351062775 0.9918321371078491
vt 0.20780594646930695 0.9817028045654297
vt 0.21389888226985931 0.9814730882644653
vt 0.2140740156173706 0.9830558896064758
vt 0.20780594646930695 0.9817028045654297
vt 0.2140740156173706 0.9830558896064758
vt 0.2078475058078766 0.9832745790481567
vt 0.3083629310131073 0.6125930547714233
vt 0.3252038359642029 0.6200506091117859
vt 0.3243790566921234 0.6213291883468628
vt 0.3083629310131073 0.6125930547714233
vt 0.3243790566921234 0.6213291883468628
vt 0.30804193019866943 0.6140709519386292
vt 0.3192051351070404 0.6291710734367371
vt 0.30510225892066956 0.6234012842178345
vt 0.3055569529533386 0.6220104694366455
vt 0.3192051351070404 0.6291710734367371
vt 0.3055569529533386 0.6220104694366455
vt 0.31999316811561584 0.6279960870742798
vt 0.3252038359642029 0.6200506091117859
vt 0.33936184644699097 0.6296298503875732
vt 0.3383531868457794 0.6306835412979126
vt 0.3252038359642029 0.6200506091117859
vt 0.3383531868457794 0.6306835412979126
vt 0.3243790566921234 0.6213291883468628
vt 0.33172959089279175 0.6374683380126953
vt 0.3192051351070404 0.6291710734367371
vt 0.31999316811561584 0.6279960870742798
vt 0.33172959089279175 0.6374683380126953
vt 0.31999316811561584 0.6279960870742798
vt 0.3327104449272156 0.6364797353744507
vt 0.33936184644699097 0.6296298503875732
vt 0.3512599468231201 0.6418983936309814
vt 0.3500385880470276 0.6427549123764038
vt 0.33936184644699097 0.6296298503875732
vt 0.3500385880470276 0.6427549123764038
vt 0.3383531868457794 0.6306835412979126
vt 0.3423914909362793 0.6480603814125061
vt 0.33172959089279175 0.6374683380126953
vt 0.3327104449272156 0.6364797353744507
vt 0.3423914909362793 0.6480603814125061
vt 0.3327104449272156 0.6364797353744507
vt 0.34354671835899353 0.6472753286361694
vt 0.3512599468231201 0.6418983936309814
vt 0.3606169521808624 0.6562805771827698
vt 0.35923612117767334 0.6569170951843262
vt 0.3512599468231201 0.6418983936309814
vt 0.35923612117767334 0.6569170951843262
vt 0.3500385880470276 0.6427549123764038
vt 0.3506462275981903 0.6607108116149902
vt 0.3423914909362793 0.6480603814125061
vt 0.34354671835899353 0.6472753286361694
vt 0.3506462275981903 0.6607108116149902
vt 0.34354671835899353 0.6472753286361694
vt 0.35196802020072937 0.660148024559021
vt 0.3606169521808624 0.6562805771827698
vt 0.36792388558387756 0.6736923456192017
vt 0.36639076471328735 0.6737698316574097
vt 0.3606169521808624 0.6562805771827698
vt 0.36639076471328735 0.6737698316574097
vt 0.35923612117767334 0.6569170951843262
vt 0.35645684599876404 0.6748788952827454
vt 0.3506462275981903 0.6607108116149902
vt 0.35196802020072937 0.660148024559021
vt 0.35645684599876404 0.6748788952827454
vt 0.35196802020072937 0.660148024559021
vt 0.357959508895874 0.674720287322998
vt 0.005907997488975525 0.7057579159736633
vt 0.010393977165222168 0.688003420829773
vt 0.01186390221118927 0.688410222530365
vt 0.005907997488975525 0.7057579159736633
vt 0.01186390221118927 0.688410222530365
vt 0.007437288761138916 0.7056114673614502
vt 0.021032705903053284 0.6907647848129272
vt 0.017443940043449402 0.7052209377288818
vt 0.0159318745136261 0.7052930593490601
vt 0.021032705903053284 0.6907647848129272
vt 0.0159318745136261 0.7052930593490601
vt 0.019644320011138916 0.6904232501983643
vt 0.010393977165222168 0.688003420829773
vt 0.01709917187690735 0.6728326082229614
vt 0.018422529101371765 0.6734638214111328
vt 0.010393977165222168 0.688003420829773
vt 0.018422529101371765 0.6734638214111328
vt 0.01186390221118927 0.688410222530365
vt 0.02714066207408905 0.6774120330810547
vt 0.021032705903053284 0.6907647848129272
vt 0.019644320011138916 0.6904232501983643
vt 0.02714066207408905 0.6774120330810547
vt 0.019644320011138916 0.6904232501983643
vt 0.025847479701042175 0.6768423318862915
vt 0.01709917187690735 0.6728326082229614
vt 0.026432693004608154 0.6593754291534424
vt 0.027655884623527527 0.6602460741996765
vt 0.01709917187690735 0.6728326082229614
vt 0.027655884623527527 0.6602460741996765
vt 0.018422529101371765 0.6734638214111328
vt 0.03551526367664337 0.6655533313751221
vt 0.02714066207408905 0.6774120330810547
vt 0.025847479701042175 0.6768423318862915
vt 0.03551526367664337 0.6655533313751221
vt 0.025847479701042175 0.6768423318862915
vt 0.034317389130592346 0.6647619009017944
vt 0.026432693004608154 0.6593754291534424
vt 0.037722229957580566 0.6478338241577148
vt 0.03881879150867462 0.6489028334617615
vt 0.026432693004608154 0.6593754291534424
vt 0.03881879150867462 0.6489028334617615
vt 0.027655884623527527 0.6602460741996765
vt 0.04579077661037445 0.6554930210113525
vt 0.03551526367664337 0.6655533313751221
vt 0.034317389130592346 0.6647619009017944
vt 0.04579077661037445 0.6554930210113525
vt 0.034317389130592346 0.6647619009017944
vt 0.04470914602279663 0.6544824242591858
vt 0.037722229957580566 0.6478338241577148
vt 0.051409199833869934 0.6373815536499023
vt 0.05212584137916565 0.6387187838554382
vt 0.037722229957580566 0.6478338241577148
vt 0.05212584137916565 0.6387187838554382
vt 0.03881879150867462 0.6489028334617615
vt 0.05751693248748779 0.6470063924789429
vt 0.04579077661037445 0.6554930210113525
vt 0.04470914602279663 0.6544824242591858
vt 0.05751693248748779 0.6470063924789429
vt 0.04470914602279663 0.6544824242591858
vt 0.056695953011512756 0.6457697749137878
vt 0.22281569242477417 0.606269896030426
vt 0.3083629310131073 0.6125930547714233
vt 0.30804193019866943 0.6140709519386292
vt 0.22281569242477417 0.606269896030426
vt 0.30804193019866943 0.6140709519386292
vt 0.22254328429698944 0.6077868938446045
vt 0.30510225892066956 0.6234012842178345
vt 0.2213219404220581 0.6177784204483032
vt 0.221499964594841 0.6162574291229248
vt 0.30510225892066956 0.6234012842178345
vt 0.221499964594841 0.6162574291229248
vt 0.3055569529533386 0.6220104694366455
vt 0.051409199833869934 0.6373815536499023
vt 0.12899130582809448 0.6082748174667358
vt 0.1296592652797699 0.609656810760498
vt 0.051409199833869934 0.6373815536499023
vt 0.1296592652797699 0.609656810760498
vt 0.05212584137916565 0.6387187838554382
vt 0.1332283914089203 0.6188395023345947
vt 0.05751693248748779 0.6470063924789429
vt 0.056695953011512756 0.6457697749137878
vt 0.1332283914089203 0.6188395023345947
vt 0.056695953011512756 0.6457697749137878
vt 0.13271553814411163 0.6174523830413818
vt 0.21574515104293823 0.6064450144767761
vt 0.22281569242477417 0.606269896030426
vt 0.22254328429698944 0.6077868938446045
vt 0.21574515104293823 0.6064450144767761
vt 0.22254328429698944 0.6077868938446045
vt 0.21558353304862976 0.6079806685447693
vt 0.2213219404220581 0.6177784204483032
vt 0.21442139148712158 0.6181654930114746
vt 0.21462050080299377 0.6166214942932129
vt 0.2213219404220581 0.6177784204483032
vt 0.21462050080299377 0.6166214942932129
vt 0.221499964594841 0.6162574291229248
vt 0.12899130582809448 0.6082748174667358
vt 0.13685575127601624 0.607395350933075
vt 0.1372756063938141 0.6088827252388
vt 0.12899130582809448 0.6082748174667358
vt 0.1372756063938141 0.6088827252388
vt 0.1296592652797699 0.609656810760498
vt 0.14036139845848083 0.6183884143829346
vt 0.1332283914089203 0.6188395023345947
vt 0.13271553814411163 0.6174523830413818
vt 0.14036139845848083 0.6183884143829346
vt 0.13271553814411163 0.6174523830413818
vt 0.13985827565193176 0.6169787645339966
vt 0.2072083055973053 0.6067415475845337
vt 0.21574515104293823 0.6064450144767761
vt 0.21558353304862976 0.6079806685447693
vt 0.2072083055973053 0.6067415475845337
vt 0.21558353304862976 0.6079806685447693
vt 0.20702208578586578 0.6082870960235596
vt 0.21442139148712158 0.6181654930114746
vt 0.2056577503681183 0.6189478635787964
vt 0.20593957602977753 0.617224395275116
vt 0.21442139148712158 0.6181654930114746
vt 0.20593957602977753 0.617224395275116
vt 0.21462050080299377 0.6166214942932129
vt 0.15669097006320953 0.6060969233512878
vt 0.16554614901542664 0.6053164601325989
vt 0.16585774719715118 0.6068345308303833
vt 0.15669097006320953 0.6060969233512878
vt 0.16585774719715118 0.6068345308303833
vt 0.15707173943519592 0.6075971722602844
vt 0.16789941489696503 0.6171359419822693
vt 0.1597960740327835 0.6178306341171265
vt 0.15931369364261627 0.6162581443786621
vt 0.16789941489696503 0.6171359419822693
vt 0.15931369364261627 0.6162581443786621
vt 0.16753360629081726 0.6155294179916382
vt 0.1806398183107376 0.6047398447990417
vt 0.18847300112247467 0.6053546071052551
vt 0.18834741413593292 0.6069013476371765
vt 0.1806398183107376 0.6047398447990417
vt 0.18834741413593292 0.6069013476371765
vt 0.18063963949680328 0.6062881946563721
vt 0.18766163289546967 0.6174142956733704
vt 0.18085557222366333 0.6165726184844971
vt 0.18081656098365784 0.6150103807449341
vt 0.18766163289546967 0.6174142956733704
vt 0.18081656098365784 0.6150103807449341
vt 0.18780572712421417 0.6157644987106323
vt 0.13685575127601624 0.607395350933075
vt 0.1461142599582672 0.606977105140686
vt 0.14651209115982056 0.6084768176078796
vt 0.13685575127601624 0.607395350933075
vt 0.14651209115982056 0.6084768176078796
vt 0.1372756063938141 0.6088827252388
vt 0.14955106377601624 0.6185247302055359
vt 0.14036139845848083 0.6183884143829346
vt 0.13985827565193176 0.6169787645339966
vt 0.14955106377601624 0.6185247302055359
vt 0.13985827565193176 0.6169787645339966
vt 0.1489986926317215 0.6169377565383911
vt 0.1461142599582672 0.606977105140686
vt 0.15669097006320953 0.6060969233512878
vt 0.15707173943519592 0.6075971722602844
vt 0.1461142599582672 0.606977105140686
vt 0.15707173943519592 0.6075971722602844
vt 0.14651209115982056 0.6084768176078796
vt 0.1597960740327835 0.6178306341171265
vt 0.14955106377601624 0.6185247302055359
vt 0.1489986926317215 0.6169377565383911
vt 0.1597960740327835 0.6178306341171265
vt 0.1489986926317215 0.6169377565383911
vt 0.15931369364261627 0.6162581443786621
vt 0.18847300112247467 0.6053546071052551
vt 0.19713352620601654 0.6061371564865112
vt 0.19694273173809052 0.607678234577179
vt 0.18847300112247467 0.6053546071052551
vt 0.19694273173809052 0.607678234577179
vt 0.18834741413593292 0.6069013476371765
vt 0.19568908214569092 0.6183195114135742
vt 0.18766163289546967 0.6174142956733704
vt 0.18780572712421417 0.6157644987106323
vt 0.19568908214569092 0.6183195114135742
vt 0.18780572712421417 0.6157644987106323
vt 0.19592934846878052 0.6166653037071228
vt 0.19713352620601654 0.6061371564865112
vt 0.2072083055973053 0.6067415475845337
vt 0.20702208578586578 0.6082870960235596
vt 0.19713352620601654 0.6061371564865112
vt 0.20702208578586578 0.6082870960235596
vt 0.19694273173809052 0.607678234577179
vt 0.2056577503681183 0.6189478635787964
vt 0.19568908214569092 0.6183195114135742
vt 0.19592934846878052 0.6166653037071228
vt 0.2056577503681183 0.6189478635787964
vt 0.19592934846878052 0.6166653037071228
vt 0.20593957602977753 0.617224395275116
vt 0.16554614901542664 0.6053164601325989
vt 0.17340795695781708 0.6047040820121765
vt 0.1735912263393402 0.6062377691268921
vt 0.16554614901542664 0.6053164601325989
vt 0.1735912263393402 0.6062377691268921
vt 0.16585774719715118 0.6068345308303833
vt 0.17469362914562225 0.6165487170219421
vt 0.16789941489696503 0.6171359419822693
vt 0.16753360629081726 0.6155294179916382
vt 0.17469362914562225 0.6165487170219421
vt 0.16753360629081726 0.6155294179916382
vt 0.17451247572898865 0.6149777770042419
vt 0.17340795695781708 0.6047040820121765
vt 0.1806398183107376 0.6047398447990417
vt 0.18063963949680328 0.6062881946563721
vt 0.17340795695781708 0.6047040820121765
vt 0.18063963949680328 0.6062881946563721
vt 0.1735912263393402 0.6062377691268921
vt 0.18085557222366333 0.6165726184844971
vt 0.17469362914562225 0.6165487170219421
vt 0.17451247572898865 0.6149777770042419
vt 0.18085557222366333 0.6165726184844971
vt 0.17451247572898865 0.6149777770042419
vt 0.18081656098365784 0.6150103807449341
vt 0.021447405219078064 0.9249814748764038
vt 0.005907997488975525 0.7057579159736633
vt 0.007437288761138916 0.7056114673614502
vt 0.021447405219078064 0.9249814748764038
vt 0.007437288761138916 0.7056114673614502
vt 0.022980451583862305 0.9249037504196167
vt 0.017443940043449402 0.7052209377288818
vt 0.032916173338890076 0.9238049983978271
vt 0.031413301825523376 0.9239616394042969
vt 0.017443940043449402 0.7052209377288818
vt 0.031413301825523376 0.9239616394042969
vt 0.0159318745136261 0.7052930593490601
vt 0.37248754501342773 0.8949211835861206
vt 0.35645684599876404 0.6748788952827454
vt 0.357959508895874 0.674720287322998
vt 0.37248754501342773 0.8949211835861206
vt 0.357959508895874 0.674720287322998
vt 0.3739989995956421 0.8948594927787781
vt 0.36792388558387756 0.6736923456192017
vt 0.3840206265449524 0.8944485783576965
vt 0.3824915289878845 0.8945892453193665
vt 0.36792388558387756 0.6736923456192017
vt 0.3824915289878845 0.8945892453193665
vt 0.36639076471328735 0.6737698316574097
vt 0.08014906942844391 0.9847336411476135
vt 0.06405480206012726 0.9771881103515625
vt 0.06513221561908722 0.975635826587677
vt 0.08014906942844391 0.9847336411476135
vt 0.06513221561908722 0.975635826587677
vt 0.08074618130922318 0.9829270839691162
vt 0.06862480938434601 0.9706268310546875
vt 0.08284426480531693 0.9768630266189575
vt 0.08213750272989273 0.9785994291305542
vt 0.06862480938434601 0.9706268310546875
vt 0.08213750272989273 0.9785994291305542
vt 0.06757940351963043 0.9721168279647827
vt 0.06405480206012726 0.9771881103515625
vt 0.050382062792778015 0.9676835536956787
vt 0.05171014368534088 0.9663624167442322
vt 0.06405480206012726 0.9771881103515625
vt 0.05171014368534088 0.9663624167442322
vt 0.06513221561908722 0.975635826587677
vt 0.05616958439350128 0.9620041251182556
vt 0.06862480938434601 0.9706268310546875
vt 0.06757940351963043 0.9721168279647827
vt 0.05616958439350128 0.9620041251182556
vt 0.06757940351963043 0.9721168279647827
vt 0.05488872528076172 0.9632568359375
vt 0.050382062792778015 0.9676835536956787
vt 0.038989290595054626 0.9556188583374023
vt 0.040545105934143066 0.9545657634735107
vt 0.050382062792778015 0.9676835536956787
vt 0.040545105934143066 0.9545657634735107
vt 0.05171014368534088 0.9663624167442322
vt 0.04556894302368164 0.9511961936950684
vt 0.05616958439350128 0.9620041251182556
vt 0.05488872528076172 0.9632568359375
vt 0.04556894302368164 0.9511961936950684
vt 0.05488872528076172 0.9632568359375
vt 0.04407358169555664 0.9521967172622681
vt 0.038989290595054626 0.9556188583374023
vt 0.030012324452400208 0.9415757656097412
vt 0.03172275424003601 0.9407986402511597
vt 0.038989290595054626 0.9556188583374023
vt 0.03172275424003601 0.9407986402511597
vt 0.040545105934143066 0.9545657634735107
vt 0.03731811046600342 0.9384037256240845
vt 0.04556894302368164 0.9511961936950684
vt 0.04407358169555664 0.9521967172622681
vt 0.03731811046600342 0.9384037256240845
vt 0.04407358169555664 0.9521967172622681
vt 0.03565263748168945 0.9391134977340698
vt 0.030012324452400208 0.9415757656097412
vt 0.022980451583862305 0.9249037504196167
vt 0.0248851478099823 0.9246690273284912
vt 0.030012324452400208 0.9415757656097412
vt 0.0248851478099823 0.9246690273284912
vt 0.03172275424003601 0.9407986402511597
vt 0.031413301825523376 0.9239616394042969
vt 0.03731811046600342 0.9384037256240845
vt 0.03565263748168945 0.9391134977340698
vt 0.031413301825523376 0.9239616394042969
vt 0.03565263748168945 0.9391134977340698
vt 0.02953311800956726 0.9242631196975708
vt 0.3824915289878845 0.8945892453193665
vt 0.3779281973838806 0.9120714664459229
vt 0.3761165142059326 0.9115314483642578
vt 0.3824915289878845 0.8945892453193665
vt 0.3761165142059326 0.9115314483642578
vt 0.3805733621120453 0.8946292996406555
vt 0.3701968193054199 0.9099231362342834
vt 0.3739989995956421 0.8948594927787781
vt 0.3759033977985382 0.8948879241943359
vt 0.3701968193054199 0.9099231362342834
vt 0.3759033977985382 0.8948879241943359
vt 0.3719615638256073 0.9103992581367493
vt 0.3779281973838806 0.9120714664459229
vt 0.3711261451244354 0.9272034764289856
vt 0.36945071816444397 0.9263569116592407
vt 0.3779281973838806 0.9120714664459229
vt 0.36945071816444397 0.9263569116592407
vt 0.3761165142059326 0.9115314483642578
vt 0.36380988359451294 0.9236283898353577
vt 0.3701968193054199 0.9099231362342834
vt 0.3719615638256073 0.9103992581367493
vt 0.36380988359451294 0.9236283898353577
vt 0.3719615638256073 0.9103992581367493
vt 0.36543557047843933 0.9244062304496765
vt 0.3711261451244354 0.9272034764289856
vt 0.3615736961364746 0.9404735565185547
vt 0.360068678855896 0.9393324851989746
vt 0.3711261451244354 0.9272034764289856
vt 0.360068678855896 0.9393324851989746
vt 0.36945071816444397 0.9263569116592407
vt 0.3550907373428345 0.9357447624206543
vt 0.36380988359451294 0.9236283898353577
vt 0.36543557047843933 0.9244062304496765
vt 0.3550907373428345 0.9357447624206543
vt 0.36543557047843933 0.9244062304496765
vt 0.35657721757888794 0.936808705329895
vt 0.3615736961364746 0.9404735565185547
vt 0.3500593900680542 0.9517335295677185
vt 0.34874728322029114 0.950366735458374
vt 0.3615736961364746 0.9404735565185547
vt 0.34874728322029114 0.950366735458374
vt 0.360068678855896 0.9393324851989746
vt 0.3444095253944397 0.9459466338157654
vt 0.3550907373428345 0.9357447624206543
vt 0.35657721757888794 0.936808705329895
vt 0.3444095253944397 0.9459466338157654
vt 0.35657721757888794 0.936808705329895
vt 0.3457059860229492 0.9472627639770508
vt 0.3500593900680542 0.9517335295677185
vt 0.33637645840644836 0.9616906642913818
vt 0.33542400598526 0.9600326418876648
vt 0.3500593900680542 0.9517335295677185
vt 0.33542400598526 0.9600326418876648
vt 0.34874728322029114 0.950366735458374
vt 0.33212053775787354 0.9544553160667419
vt 0.3444095253944397 0.9459466338157654
vt 0.3457059860229492 0.9472627639770508
vt 0.33212053775787354 0.9544553160667419
vt 0.3457059860229492 0.9472627639770508
vt 0.3331659138202667 0.9560335874557495
vt 0.1656797230243683 0.9924092292785645
vt 0.08014906942844391 0.9847336411476135
vt 0.08074618130922318 0.9829270839691162
vt 0.1656797230243683 0.9924092292785645
vt 0.08074618130922318 0.9829270839691162
vt 0.16623546183109283 0.9905365109443665
vt 0.08284426480531693 0.9768630266189575
vt 0.16686101257801056 0.9839997291564941
vt 0.16678118705749512 0.9858981966972351
vt 0.08284426480531693 0.9768630266189575
vt 0.16678118705749512 0.9858981966972351
vt 0.08213750272989273 0.9785994291305542
vt 0.33637645840644836 0.9616906642913818
vt 0.25799107551574707 0.9885233640670776
vt 0.2570922374725342 0.9868165850639343
vt 0.33637645840644836 0.9616906642913818
vt 0.2570922374725342 0.9868165850639343
vt 0.33542400598526 0.9600326418876648
vt 0.25524210929870605 0.9806009531021118
vt 0.33212053775787354 0.9544553160667419
vt 0.3331659138202667 0.9560335874557495
vt 0.25524210929870605 0.9806009531021118
vt 0.3331659138202667 0.9560335874557495
vt 0.2556789517402649 0.9824233055114746
vt 0.17287608981132507 0.9920227527618408
vt 0.1656797230243683 0.9924092292785645
vt 0.16623546183109283 0.9905365109443665
vt 0.17287608981132507 0.9920227527618408
vt 0.16623546183109283 0.9905365109443665
vt 0.17310161888599396 0.9901306629180908
vt 0.16686101257801056 0.9839997291564941
vt 0.1738521307706833 0.9834104776382446
vt 0.17360088229179382 0.9853183031082153
vt 0.16686101257801056 0.9839997291564941
vt 0.17360088229179382 0.9853183031082153
vt 0.16678118705749512 0.9858981966972351
vt 0.25799107551574707 0.9885233640670776
vt 0.2504952549934387 0.9891037940979004
vt 0.24998021125793457 0.9872884154319763
vt 0.25799107551574707 0.9885233640670776
vt 0.24998021125793457 0.9872884154319763
vt 0.2570922374725342 0.9868165850639343
vt 0.24816550314426422 0.9809121489524841
vt 0.25524210929870605 0.9806009531021118
vt 0.2556789517402649 0.9824233055114746
vt 0.24816550314426422 0.9809121489524841
vt 0.2556789517402649 0.9824233055114746
vt 0.24871933460235596 0.9827074408531189
vt 0.1816437691450119 0.9913515448570251
vt 0.17287608981132507 0.9920227527618408
vt 0.17310161888599396 0.9901306629180908
vt 0.1816437691450119 0.9913515448570251
vt 0.17310161888599396 0.9901306629180908
vt 0.18185225129127502 0.9893797636032104
vt 0.1738521307706833 0.9834104776382446
vt 0.18265703320503235 0.982416033744812
vt 0.18234607577323914 0.9844932556152344
vt 0.1738521307706833 0.9834104776382446
vt 0.18234607577323914 0.9844932556152344
vt 0.17360088229179382 0.9853183031082153
vt 0.2311384379863739 0.9901870489120483
vt 0.2225726991891861 0.9910480976104736
vt 0.22219279408454895 0.9891400933265686
vt 0.2311384379863739 0.9901870489120483
vt 0.22219279408454895 0.9891400933265686
vt 0.23066852986812592 0.9882920980453491
vt 0.2209363728761673 0.9823103547096252
vt 0.22900797426700592 0.9814622402191162
vt 0.2295224368572235 0.9834403991699219
vt 0.2209363728761673 0.9823103547096252
vt 0.2295224368572235 0.9834403991699219
vt 0.22133338451385498 0.9843035936355591
vt 0.2080918252468109 0.9920281767845154
vt 0.200459823012352 0.9917593598365784
vt 0.2005693018436432 0.9898168444633484
vt 0.2080918252468109 0.9920281767845154
vt 0.2005693018436432 0.9898168444633484
vt 0.20806528627872467 0.9900782108306885
vt 0.2009040117263794 0.9828634262084961
vt 0.2078475058078766 0.9832745790481567
vt 0.2079041451215744 0.9852856993675232
vt 0.2009040117263794 0.9828634262084961
vt 0.2079041451215744 0.9852856993675232
vt 0.20076973736286163 0.9848977327346802
vt 0.2504952549934387 0.9891037940979004
vt 0.2414490282535553 0.989349901676178
vt 0.24096116423606873 0.9874485731124878
vt 0.2504952549934387 0.9891037940979004
vt 0.24096116423606873 0.9874485731124878
vt 0.24998021125793457 0.9872884154319763
vt 0.23915137350559235 0.980805516242981
vt 0.24816550314426422 0.9809121489524841
vt 0.24871933460235596 0.9827074408531189
vt 0.23915137350559235 0.980805516242981
vt 0.24871933460235596 0.9827074408531189
vt 0.2397652566432953 0.9827690124511719
vt 0.2414490282535553 0.989349901676178
vt 0.2311384379863739 0.9901870489120483
vt 0.23066852986812592 0.9882920980453491
vt 0.2414490282535553 0.989349901676178
vt 0.23066852986812592 0.9882920980453491
vt 0.24096116423606873 0.9874485731124878
vt 0.22900797426700592 0.9814622402191162
vt 0.23915137350559235 0.980805516242981
vt 0.2397652566432953 0.9827690124511719
vt 0.22900797426700592 0.9814622402191162
vt 0.2397652566432953 0.9827690124511719
vt 0.2295224368572235 0.9834403991699219
vt 0.200459823012352 0.9917593598365784
vt 0.19185970723628998 0.9914311170578003
vt 0.19206315279006958 0.9894827604293823
vt 0.200459823012352 0.9917593598365784
vt 0.19206315279006958 0.9894827604293823
vt 0.2005693018436432 0.9898168444633484
vt 0.19276545941829681 0.9824219346046448
vt 0.2009040117263794 0.9828634262084961
vt 0.20076973736286163 0.9848977327346802
vt 0.19276545941829681 0.9824219346046448
vt 0.20076973736286163 0.9848977327346802
vt 0.19252531230449677 0.9844733476638794
vt 0.19185970723628998 0.9914311170578003
vt 0.1816437691450119 0.9913515448570251
vt 0.18185225129127502 0.9893797636032104
vt 0.19185970723628998 0.9914311170578003
vt 0.18185225129127502 0.9893797636032104
vt 0.19206315279006958 0.9894827604293823
vt 0.18265703320503235 0.982416033744812
vt 0.19276545941829681 0.9824219346046448
vt 0.19252531230449677 0.9844733476638794
vt 0.18265703320503235 0.982416033744812
vt 0.19252531230449677 0.9844733476638794
vt 0.18234607577323914 0.9844932556152344
vt 0.2225726991891861 0.9910480976104736
vt 0.21501584351062775 0.9918321371078491
vt 0.21477314829826355 0.9898566007614136
vt 0.2225726991891861 0.9910480976104736
vt 0.21477314829826355 0.9898566007614136
vt 0.22219279408454895 0.9891400933265686
vt 0.2140740156173706 0.9830558896064758
vt 0.2209363728761673 0.9823103547096252
vt 0.22133338451385498 0.9843035936355591
vt 0.2140740156173706 0.9830558896064758
vt 0.22133338451385498 0.9843035936355591
vt 0.21426481008529663 0.9850104451179504
vt 0.21501584351062775 0.9918321371078491
vt 0.2080918252468109 0.9920281767845154
vt 0.20806528627872467 0.9900782108306885
vt 0.21501584351062775 0.9918321371078491
vt 0.20806528627872467 0.9900782108306885
vt 0.21477314829826355 0.9898566007614136
vt 0.2078475058078766 0.9832745790481567
vt 0.2140740156173706 0.9830558896064758
vt 0.21426481008529663 0.9850104451179504
vt 0.2078475058078766 0.9832745790481567
vt 0.21426481008529663 0.9850104451179504
vt 0.2079041451215744 0.9852856993675232
vt 0.30804193019866943 0.6140709519386292
vt 0.3243790566921234 0.6213291883468628
vt 0.32334694266319275 0.622909665107727
vt 0.30804193019866943 0.6140709519386292
vt 0.32334694266319275 0.622909665107727
vt 0.30749475955963135 0.6158931255340576
vt 0.31999316811561584 0.6279960870742798
vt 0.3055569529533386 0.6220104694366455
vt 0.30621767044067383 0.6202570796012878
vt 0.31999316811561584 0.6279960870742798
vt 0.30621767044067383 0.6202570796012878
vt 0.3209981322288513 0.6264834403991699
vt 0.3243790566921234 0.6213291883468628
vt 0.3383531868457794 0.6306835412979126
vt 0.33705902099609375 0.6320344805717468
vt 0.3243790566921234 0.6213291883468628
vt 0.33705902099609375 0.6320344805717468
vt 0.32334694266319275 0.622909665107727
vt 0.3327104449272156 0.6364797353744507
vt 0.31999316811561584 0.6279960870742798
vt 0.3209981322288513 0.6264834403991699
vt 0.3327104449272156 0.6364797353744507
vt 0.3209981322288513 0.6264834403991699
vt 0.33395954966545105 0.6352037191390991
vt 0.3383531868457794 0.6306835412979126
vt 0.3500385880470276 0.6427549123764038
vt 0.3485026955604553 0.6438333988189697
vt 0.3383531868457794 0.6306835412979126
vt 0.3485026955604553 0.6438333988189697
vt 0.33705902099609375 0.6320344805717468
vt 0.34354671835899353 0.6472753286361694
vt 0.3327104449272156 0.6364797353744507
vt 0.33395954966545105 0.6352037191390991
vt 0.34354671835899353 0.6472753286361694
vt 0.33395954966545105 0.6352037191390991
vt 0.3450224995613098 0.6462535858154297
vt 0.3500385880470276 0.6427549123764038
vt 0.35923612117767334 0.6569170951843262
vt 0.3575335741043091 0.6577085256576538
vt 0.3500385880470276 0.6427549123764038
vt 0.3575335741043091 0.6577085256576538
vt 0.3485026955604553 0.6438333988189697
vt 0.35196802020072937 0.660148024559021
vt 0.34354671835899353 0.6472753286361694
vt 0.3450224995613098 0.6462535858154297
vt 0.35196802020072937 0.660148024559021
vt 0.3450224995613098 0.6462535858154297
vt 0.35362550616264343 0.659424901008606
vt 0.35923612117767334 0.6569170951843262
vt 0.36639076471328735 0.6737698316574097
vt 0.3644863963127136 0.6740061640739441
vt 0.35923612117767334 0.6569170951843262
vt 0.3644863963127136 0.6740061640739441
vt 0.3575335741043091 0.6577085256576538
vt 0.357959508895874 0.674720287322998
vt 0.35196802020072937 0.660148024559021
vt 0.35362550616264343 0.659424901008606
vt 0.357959508895874 0.674720287322998
vt 0.35362550616264343 0.659424901008606
vt 0.35983920097351074 0.6744154095649719
vt 0.007437288761138916 0.7056114673614502
vt 0.01186390221118927 0.688410222530365
vt 0.013686344027519226 0.6889173984527588
vt 0.007437288761138916 0.7056114673614502
vt 0.013686344027519226 0.6889173984527588
vt 0.00935545563697815 0.7055618762969971
vt 0.019644320011138916 0.6904232501983643
vt 0.0159318745136261 0.7052930593490601
vt 0.014027297496795654 0.7052779197692871
vt 0.019644320011138916 0.6904232501983643
vt 0.014027297496795654 0.7052779197692871
vt 0.01786927878856659 0.6899778842926025
vt 0.01186390221118927 0.688410222530365
vt 0.018422529101371765 0.6734638214111328
vt 0.020122841000556946 0.6742638349533081
vt 0.01186390221118927 0.688410222530365
vt 0.020122841000556946 0.6742638349533081
vt 0.013686344027519226 0.6889173984527588
vt 0.025847479701042175 0.6768423318862915
vt 0.019644320011138916 0.6904232501983643
vt 0.01786927878856659 0.6899778842926025
vt 0.025847479701042175 0.6768423318862915
vt 0.01786927878856659 0.6899778842926025
vt 0.024197623133659363 0.6761061549186707
vt 0.018422529101371765 0.6734638214111328
vt 0.027655884623527527 0.6602460741996765
vt 0.029202163219451904 0.6613346338272095
vt 0.018422529101371765 0.6734638214111328
vt 0.029202163219451904 0.6613346338272095
vt 0.020122841000556946 0.6742638349533081
vt 0.034317389130592346 0.6647619009017944
vt 0.025847479701042175 0.6768423318862915
vt 0.024197623133659363 0.6761061549186707
vt 0.034317389130592346 0.6647619009017944
vt 0.024197623133659363 0.6761061549186707
vt 0.03279104828834534 0.663745105266571
vt 0.027655884623527527 0.6602460741996765
vt 0.03881879150867462 0.6489028334617615
vt 0.04018630087375641 0.6502182483673096
vt 0.027655884623527527 0.6602460741996765
vt 0.04018630087375641 0.6502182483673096
vt 0.029202163219451904 0.6613346338272095
vt 0.04470914602279663 0.6544824242591858
vt 0.034317389130592346 0.6647619009017944
vt 0.03279104828834534 0.663745105266571
vt 0.04470914602279663 0.6544824242591858
vt 0.03279104828834534 0.663745105266571
vt 0.04335828125476837 0.6532117128372192
vt 0.03881879150867462 0.6489028334617615
vt 0.05212584137916565 0.6387187838554382
vt 0.0531516969203949 0.6403340697288513
vt 0.03881879150867462 0.6489028334617615
vt 0.0531516969203949 0.6403340697288513
vt 0.04018630087375641 0.6502182483673096
vt 0.056695953011512756 0.6457697749137878
vt 0.04470914602279663 0.6544824242591858
vt 0.04335828125476837 0.6532117128372192
vt 0.056695953011512756 0.6457697749137878
vt 0.04335828125476837 0.6532117128372192
vt 0.055582642555236816 0.6442340612411499
vt 0.22254328429698944 0.6077868938446045
vt 0.30804193019866943 0.6140709519386292
vt 0.30749475955963135 0.6158931255340576
vt 0.22254328429698944 0.6077868938446045
vt 0.30749475955963135 0.6158931255340576
vt 0.22202454507350922 0.6096740961074829
vt 0.3055569529533386 0.6220104694366455
vt 0.221499964594841 0.6162574291229248
vt 0.22155331075191498 0.6143445372581482
vt 0.3055569529533386 0.6220104694366455
vt 0.22155331075191498 0.6143445372581482
vt 0.30621767044067383 0.6202570796012878
vt 0.05212584137916565 0.6387187838554382
vt 0.1296592652797699 0.609656810760498
vt 0.13062889873981476 0.6113260388374329
vt 0.05212584137916565 0.6387187838554382
vt 0.13062889873981476 0.6113260388374329
vt 0.0531516969203949 0.6403340697288513
vt 0.13271553814411163 0.6174523830413818
vt 0.056695953011512756 0.6457697749137878
vt 0.055582642555236816 0.6442340612411499
vt 0.13271553814411163 0.6174523830413818
vt 0.055582642555236816 0.6442340612411499
vt 0.1322120577096939 0.6156526207923889
vt 0.21558353304862976 0.6079806685447693
vt 0.22254328429698944 0.6077868938446045
vt 0.22202454507350922 0.6096740961074829
vt 0.21558353304862976 0.6079806685447693
vt 0.22202454507350922 0.6096740961074829
vt 0.21535083651542664 0.6098766326904297
vt 0.221499964594841 0.6162574291229248
vt 0.21462050080299377 0.6166214942932129
vt 0.2148621529340744 0.6147066354751587
vt 0.221499964594841 0.6162574291229248
vt 0.2148621529340744 0.6147066354751587
vt 0.22155331075191498 0.6143445372581482
vt 0.1296592652797699 0.609656810760498
vt 0.1372756063938141 0.6088827252388
vt 0.13784757256507874 0.6106770038604736
vt 0.1296592652797699 0.609656810760498
vt 0.13784757256507874 0.6106770038604736
vt 0.13062889873981476 0.6113260388374329
vt 0.13985827565193176 0.6169787645339966
vt 0.13271553814411163 0.6174523830413818
vt 0.1322120577096939 0.6156526207923889
vt 0.13985827565193176 0.6169787645339966
vt 0.1322120577096939 0.6156526207923889
vt 0.13925069570541382 0.6152054071426392
vt 0.20702208578586578 0.6082870960235596
vt 0.21558353304862976 0.6079806685447693
vt 0.21535083651542664 0.6098766326904297
vt 0.20702208578586578 0.6082870960235596
vt 0.21535083651542664 0.6098766326904297
vt 0.20678557455539703 0.6102573275566101
vt 0.21462050080299377 0.6166214942932129
vt 0.20593957602977753 0.617224395275116
vt 0.20625434815883636 0.6151483058929443
vt 0.21462050080299377 0.6166214942932129
vt 0.20625434815883636 0.6151483058929443
vt 0.2148621529340744 0.6147066354751587
vt 0.15707173943519592 0.6075971722602844
vt 0.16585774719715118 0.6068345308303833
vt 0.1662396788597107 0.6087400317192078
vt 0.15707173943519592 0.6075971722602844
vt 0.1662396788597107 0.6087400317192078
vt 0.15756285190582275 0.6094845533370972
vt 0.16753360629081726 0.6155294179916382
vt 0.15931369364261627 0.6162581443786621
vt 0.15877068042755127 0.6143007278442383
vt 0.16753360629081726 0.6155294179916382
vt 0.15877068042755127 0.6143007278442383
vt 0.16712063550949097 0.6135516166687012
vt 0.18063963949680328 0.6062881946563721
vt 0.18834741413593292 0.6069013476371765
vt 0.1882007122039795 0.608839750289917
vt 0.18063963949680328 0.6062881946563721
vt 0.1882007122039795 0.608839750289917
vt 0.18063703179359436 0.6082375049591064
vt 0.18780572712421417 0.6157644987106323
vt 0.18081656098365784 0.6150103807449341
vt 0.18076425790786743 0.6130112409591675
vt 0.18780572712421417 0.6157644987106323
vt 0.18076425790786743 0.6130112409591675
vt 0.1879487782716751 0.6137428283691406
vt 0.1372756063938141 0.6088827252388
vt 0.14651209115982056 0.6084768176078796
vt 0.14704163372516632 0.6103626489639282
vt 0.1372756063938141 0.6088827252388
vt 0.14704163372516632 0.6103626489639282
vt 0.13784757256507874 0.6106770038604736
vt 0.1489986926317215 0.6169377565383911
vt 0.13985827565193176 0.6169787645339966
vt 0.13925069570541382 0.6152054071426392
vt 0.1489986926317215 0.6169377565383911
vt 0.13925069570541382 0.6152054071426392
vt 0.14834031462669373 0.6149972677230835
vt 0.14651209115982056 0.6084768176078796
vt 0.15707173943519592 0.6075971722602844
vt 0.15756285190582275 0.6094845533370972
vt 0.14651209115982056 0.6084768176078796
vt 0.15756285190582275 0.6094845533370972
vt 0.14704163372516632 0.6103626489639282
vt 0.15931369364261627 0.6162581443786621
vt 0.1489986926317215 0.6169377565383911
vt 0.14834031462669373 0.6149972677230835
vt 0.15931369364261627 0.6162581443786621
vt 0.14834031462669373 0.6149972677230835
vt 0.15877068042755127 0.6143007278442383
vt 0.18834741413593292 0.6069013476371765
vt 0.19694273173809052 0.607678234577179
vt 0.1966988742351532 0.6096211075782776
vt 0.18834741413593292 0.6069013476371765
vt 0.1966988742351532 0.6096211075782776
vt 0.1882007122039795 0.608839750289917
vt 0.19592934846878052 0.6166653037071228
vt 0.18780572712421417 0.6157644987106323
vt 0.1879487782716751 0.6137428283691406
vt 0.19592934846878052 0.6166653037071228
vt 0.1879487782716751 0.6137428283691406
vt 0.1961800754070282 0.6146208643913269
vt 0.19694273173809052 0.607678234577179
vt 0.20702208578586578 0.6082870960235596
vt 0.20678557455539703 0.6102573275566101
vt 0.19694273173809052 0.607678234577179
vt 0.20678557455539703 0.6102573275566101
vt 0.1966988742351532 0.6096211075782776
vt 0.20593957602977753 0.617224395275116
vt 0.19592934846878052 0.6166653037071228
vt 0.1961800754070282 0.6146208643913269
vt 0.20593957602977753 0.617224395275116
vt 0.1961800754070282 0.6146208643913269
vt 0.20625434815883636 0.6151483058929443
vt 0.16585774719715118 0.6068345308303833
vt 0.1735912263393402 0.6062377691268921
vt 0.1738194227218628 0.6082130670547485
vt 0.16585774719715118 0.6068345308303833
vt 0.1738194227218628 0.6082130670547485
vt 0.1662396788597107 0.6087400317192078
vt 0.17451247572898865 0.6149777770042419
vt 0.16753360629081726 0.6155294179916382
vt 0.16712063550949097 0.6135516166687012
vt 0.17451247572898865 0.6149777770042419
vt 0.16712063550949097 0.6135516166687012
vt 0.17431683838367462 0.6130383014678955
vt 0.1735912263393402 0.6062377691268921
vt 0.18063963949680328 0.6062881946563721
vt 0.18063703179359436 0.6082375049591064
vt 0.1735912263393402 0.6062377691268921
vt 0.18063703179359436 0.6082375049591064
vt 0.1738194227218628 0.6082130670547485
vt 0.18081656098365784 0.6150103807449341
vt 0.17451247572898865 0.6149777770042419
vt 0.17431683838367462 0.6130383014678955
vt 0.18081656098365784 0.6150103807449341
vt 0.17431683838367462 0.6130383014678955
vt 0.18076425790786743 0.6130112409591675
vt 0.022980451583862305 0.9249037504196167
vt 0.007437288761138916 0.7056114673614502
vt 0.00935545563697815 0.7055618762969971
vt 0.022980451583862305 0.9249037504196167
vt 0.00935545563697815 0.7055618762969971
vt 0.0248851478099823 0.9246690273284912
vt 0.0159318745136261 0.7052930593490601
vt 0.031413301825523376 0.9239616394042969
vt 0.02953311800956726 0.9242631196975708
vt 0.0159318745136261 0.7052930593490601
vt 0.02953311800956726 0.9242631196975708
vt 0.014027297496795654 0.7052779197692871
vt 0.3739989995956421 0.8948594927787781
vt 0.357959508895874 0.674720287322998
vt 0.35983920097351074 0.6744154095649719
vt 0.3739989995956421 0.8948594927787781
vt 0.35983920097351074 0.6744154095649719
vt 0.3759033977985382 0.8948879241943359
vt 0.36639076471328735 0.6737698316574097
vt 0.3824915289878845 0.8945892453193665
vt 0.3805733621120453 0.8946292996406555
vt 0.36639076471328735 0.6737698316574097
vt 0.3805733621120453 0.8946292996406555
vt 0.3644863963127136 0.6740061640739441
vt 0.9651163220405579 0.9180347323417664
vt 0.955743670463562 0.9364294409751892
vt 0.7326586842536926 0.7279425859451294
vt 0.955743670463562 0.9364294409751892
vt 0.9411455392837524 0.9510276913642883
vt 0.7326586842536926 0.7279425859451294
vt 0.9411455392837524 0.9510276913642883
vt 0.9227508306503296 0.9604002237319946
vt 0.7326586842536926 0.7279425859451294
vt 0.9227508306503296 0.9604002237319946
vt 0.9023600816726685 0.9636297225952148
vt 0.7326586842536926 0.7279425859451294
vt 0.9023600816726685 0.9636297225952148
vt 0.5629572868347168 0.9636297225952148
vt 0.7326586842536926 0.7279425859451294
vt 0.5629572868347168 0.9636297225952148
vt 0.5425665378570557 0.9604002237319946
vt 0.7326586842536926 0.7279425859451294
vt 0.5425665378570557 0.9604002237319946
vt 0.5241718292236328 0.9510276913642883
vt 0.7326586842536926 0.7279425859451294
vt 0.5241718292236328 0.9510276913642883
vt 0.5095736980438232 0.9364294409751892
vt 0.7326586842536926 0.7279425859451294
vt 0.5095736980438232 0.9364294409751892
vt 0.5002010464668274 0.9180347323417664
vt 0.7326586842536926 0.7279425859451294
vt 0.5002010464668274 0.9180347323417664
vt 0.4969714879989624 0.8976439833641052
vt 0.7326586842536926 0.7279425859451294
vt 0.4969714879989624 0.8976439833641052
vt 0.4969714879989624 0.5582412481307983
vt 0.7326586842536926 0.7279425859451294
vt 0.4969714879989624 0.5582412481307983
vt 0.5002010464668274 0.5378504395484924
vt 0.7326586842536926 0.7279425859451294
vt 0.5002010464668274 0.5378504395484924
vt 0.5095736980438232 0.5194557309150696
vt 0.7326586842536926 0.7279425859451294
vt 0.5095736980438232 0.5194557309150696
vt 0.5241718292236328 0.50485759973526
vt 0.7326586842536926 0.7279425859451294
vt 0.5241718292236328 0.50485759973526
vt 0.5425665378570557 0.4954850673675537
vt 0.7326586842536926 0.7279425859451294
vt 0.5425665378570557 0.4954850673675537
vt 0.5629572868347168 0.49225538969039917
vt 0.7326586842536926 0.7279425859451294
vt 0.5629572868347168 0.49225538969039917
vt 0.9023600816726685 0.49225538969039917
vt 0.7326586842536926 0.7279425859451294
vt 0.9023600816726685 0.49225538969039917
vt 0.9227508306503296 0.4954850673675537
vt 0.7326586842536926 0.7279425859451294
vt 0.9227508306503296 0.4954850673675537
vt 0.9411455392837524 0.50485759973526
vt 0.7326586842536926 0.7279425859451294
vt 0.9411455392837524 0.50485759973526
vt 0.955743670463562 0.5194557309150696
vt 0.7326586842536926 0.7279425859451294
vt 0.955743670463562 0.5194557309150696
vt 0.9651163220405579 0.5378504395484924
vt 0.7326586842536926 0.7279425859451294
vt 0.9651163220405579 0.5378504395484924
vt 0.9683458805084229 0.5582412481307983
vt 0.7326586842536926 0.7279425859451294
vt 0.9683458805084229 0.5582412481307983
vt 0.9683458805084229 0.8976439833641052
vt 0.7326586842536926 0.7279425859451294
vt 0.9683458805084229 0.8976439833641052
vt 0.9651163220405579 0.9180347323417664
vt 0.7326586842536926 0.7279425859451294
vn -0.0089149420863572 -0.9999205206075966 0.008914946742969672
vn -0.30824760611385255 -0.9512790156802999 0.007186630044644562
vn -0.3082476061251998 -0.9512790157153185 -0.007186624922634788
vn -0.0089149420863572 -0.9999205206075966 0.008914946742969672
vn -0.3082476061251998 -0.9512790157153185 -0.007186624922634788
vn -0.0089149420863572 -0.9999205206075966 -0.008914946742969672
vn -0.30824760611385255 -0.9512790156802999 0.007186630044644562
vn -0.5874592692022879 -0.8092303092602164 0.006157402287366487
vn -0.5874592692056566 -0.809230309264857 -0.006157401356079311
vn -0.30824760611385255 -0.9512790156802999 0.007186630044644562
vn -0.5874592692056566 -0.809230309264857 -0.006157401356079311
vn -0.3082476061251998 -0.9512790157153185 -0.007186624922634788
vn -0.5874592692022879 -0.8092303092602164 0.006157402287366487
vn -0.8092300646563564 -0.5874596060051859 0.00615741573234795
vn -0.8092300363278676 -0.5874596450447939 -0.0061574141198132626
vn -0.5874592692022879 -0.8092303092602164 0.006157402287366487
vn -0.8092300363278676 -0.5874596450447939 -0.0061574141198132626
vn -0.5874592692056566 -0.809230309264857 -0.006157401356079311
vn -0.8092300646563564 -0.5874596060051859 0.00615741573234795
vn -0.9512783499790138 -0.30824965921753406 0.007186685848074163
vn -0.9512783500076655 -0.30824965922681824 -0.007186681657338941
vn -0.8092300646563564 -0.5874596060051859 0.00615741573234795
vn -0.9512783500076655 -0.30824965922681824 -0.007186681657338941
vn -0.8092300363278676 -0.5874596450447939 -0.0061574141198132626
vn -0.9512783499790138 -0.30824965921753406 0.007186685848074163
vn -0.9993739836889265 -0.03428247982191403 0.008737980486669895
vn -0.9993739835163983 -0.03428248522190092 -0.008737979032688425
vn -0.9512783499790138 -0.30824965921753406 0.007186685848074163
vn -0.9993739835163983 -0.03428248522190092 -0.008737979032688425
vn -0.9512783500076655 -0.30824965922681824 -0.007186681657338941
vn -0.00873796928710135 -0.03428256168532662 0.9993739809786071
vn -0.0071867142440712375 -0.3082496686462024 0.9512783467092483
vn 0.007186725419364419 -0.30824966862144443 0.9512783466328436
vn -0.00873796928710135 -0.03428256168532662 0.9993739809786071
vn 0.007186725419364419 -0.30824966862144443 0.9512783466328436
vn 0.008737973943358722 -0.03428256168393169 0.9993739809379434
vn -0.0071867142440712375 -0.3082496686462024 0.9512783467092483
vn -0.006157421785714987 -0.5874596059832886 0.8092300646261927
vn 0.006157435755023529 -0.5874596059327564 0.8092300645565841
vn -0.0071867142440712375 -0.3082496686462024 0.9512783467092483
vn 0.006157435755023529 -0.5874596059327564 0.8092300645565841
vn 0.007186725419364419 -0.30824966862144443 0.9512783466328436
vn -0.006157421785714987 -0.5874596059832886 0.8092300646261927
vn -0.00615738806801804 -0.8092303376675852 0.5874592302199243
vn 0.006157410418911025 -0.8092303375562119 0.587459230139073
vn -0.006157421785714987 -0.5874596059832886 0.8092300646261927
vn 0.006157410418911025 -0.8092303375562119 0.587459230139073
vn 0.006157435755023529 -0.5874596059327564 0.8092300645565841
vn -0.00615738806801804 -0.8092303376675852 0.5874592302199243
vn -0.007186629171520767 -0.9512790213499916 0.3082475886370456
vn 0.007186637552990832 -0.9512790212926888 0.3082475886184775
vn -0.00615738806801804 -0.8092303376675852 0.5874592302199243
vn 0.007186637552990832 -0.9512790212926888 0.3082475886184775
vn 0.006157410418911025 -0.8092303375562119 0.587459230139073
vn -0.007186629171520767 -0.9512790213499916 0.3082475886370456
vn -0.0089149420863572 -0.9999205206075966 0.008914946742969672
vn 0.0089149420863572 -0.9999205206075966 0.008914946742969672
vn -0.007186629171520767 -0.9512790213499916 0.3082475886370456
vn 0.0089149420863572 -0.9999205206075966 0.008914946742969672
vn 0.007186637552990832 -0.9512790212926888 0.3082475886184775
vn -0.9993739836889265 -0.03428247982191403 0.008737980486669895
vn -0.9516433275968622 -0.028205556197977672 0.3059075409988022
vn -0.9510561228906281 0 0.3090182051469564
vn -0.9993739836889265 -0.03428247982191403 0.008737980486669895
vn -0.9510561228906281 0 0.3090182051469564
vn -0.9999597146089276 0 0.008976032488365558
vn -0.9516433275968622 -0.028205556197977672 0.3059075409988022
vn -0.8096821102261855 -0.02446103592605899 0.5863587111155555
vn -0.8090172252495893 0 0.587784934520659
vn -0.9516433275968622 -0.028205556197977672 0.3059075409988022
vn -0.8090172252495893 0 0.587784934520659
vn -0.9510561228906281 0 0.3090182051469564
vn -0.8096821102261855 -0.02446103592605899 0.5863587111155555
vn -0.5863588175299955 -0.024461042842878703 0.8096820329535938
vn -0.587785001876111 0 0.809017176313025
vn -0.8096821102261855 -0.02446103592605899 0.5863587111155555
vn -0.587785001876111 0 0.809017176313025
vn -0.8090172252495893 0 0.587784934520659
vn -0.5863588175299955 -0.024461042842878703 0.8096820329535938
vn -0.30590724587069457 -0.02820554812911825 0.9516434227054492
vn -0.3090178102394574 0 0.9510562512043178
vn -0.5863588175299955 -0.024461042842878703 0.8096820329535938
vn -0.3090178102394574 0 0.9510562512043178
vn -0.587785001876111 0 0.809017176313025
vn -0.30590724587069457 -0.02820554812911825 0.9516434227054492
vn -0.00873796928710135 -0.03428256168532662 0.9993739809786071
vn -0.008976013863415752 0 0.9999597147761121
vn -0.30590724587069457 -0.02820554812911825 0.9516434227054492
vn -0.008976013863415752 0 0.9999597147761121
vn -0.3090178102394574 0 0.9510562512043178
vn 0.9993739835163983 -0.03428248522190092 0.008737979032688425
vn 0.9512783500076655 -0.30824965922681824 0.007186681657338941
vn 0.9512783499790138 -0.30824965921753406 -0.007186685848074163
vn 0.9993739835163983 -0.03428248522190092 0.008737979032688425
vn 0.9512783499790138 -0.30824965921753406 -0.007186685848074163
vn 0.9993739836889265 -0.03428247982191403 -0.008737980486669895
vn 0.9512783500076655 -0.30824965922681824 0.007186681657338941
vn 0.8092300363278676 -0.5874596450447939 0.0061574141198132626
vn 0.8092300646563564 -0.5874596060051859 -0.00615741573234795
vn 0.9512783500076655 -0.30824965922681824 0.007186681657338941
vn 0.8092300646563564 -0.5874596060051859 -0.00615741573234795
vn 0.9512783499790138 -0.30824965921753406 -0.007186685848074163
vn 0.8092300363278676 -0.5874596450447939 0.0061574141198132626
vn 0.5874592692056566 -0.809230309264857 0.006157401356079311
vn 0.5874592692022879 -0.8092303092602164 -0.006157402287366487
vn 0.8092300363278676 -0.5874596450447939 0.0061574141198132626
vn 0.5874592692022879 -0.8092303092602164 -0.006157402287366487
vn 0.8092300646563564 -0.5874596060051859 -0.00615741573234795
vn 0.5874592692056566 -0.809230309264857 0.006157401356079311
vn 0.3082476061251998 -0.9512790157153185 0.007186624922634788
vn 0.30824760611385255 -0.9512790156802999 -0.007186630044644562
vn 0.5874592692056566 -0.809230309264857 0.006157401356079311
vn 0.30824760611385255 -0.9512790156802999 -0.007186630044644562
vn 0.5874592692022879 -0.8092303092602164 -0.006157402287366487
vn 0.3082476061251998 -0.9512790157153185 0.007186624922634788
vn 0.0089149420863572 -0.9999205206075966 0.008914946742969672
vn 0.0089149420863572 -0.9999205206075966 -0.008914946742969672
vn 0.3082476061251998 -0.9512790157153185 0.007186624922634788
vn 0.0089149420863572 -0.9999205206075966 -0.008914946742969672
vn 0.30824760611385255 -0.9512790156802999 -0.007186630044644562
vn 0.008737973943358722 -0.03428256168393169 0.9993739809379434
vn 0.3059073169600734 -0.028205582715655205 0.9516433988285525
vn 0.3090178102394574 0 0.9510562512043178
vn 0.008737973943358722 -0.03428256168393169 0.9993739809379434
vn 0.3090178102394574 0 0.9510562512043178
vn 0.008976013863415752 0 0.9999597147761121
vn 0.3059073169600734 -0.028205582715655205 0.9516433988285525
vn 0.5863588454541249 -0.02446107008481752 0.8096820119083858
vn 0.587785001876111 0 0.809017176313025
vn 0.3059073169600734 -0.028205582715655205 0.9516433988285525
vn 0.587785001876111 0 0.809017176313025
vn 0.3090178102394574 0 0.9510562512043178
vn 0.5863588454541249 -0.02446107008481752 0.8096820119083858
vn 0.809682082001819 -0.024461031348092 0.5863587502805662
vn 0.8090172252495893 0 0.587784934520659
vn 0.5863588454541249 -0.02446107008481752 0.8096820119083858
vn 0.8090172252495893 0 0.587784934520659
vn 0.587785001876111 0 0.809017176313025
vn 0.809682082001819 -0.024461031348092 0.5863587502805662
vn 0.9516433178710373 -0.028205595025262903 0.3059075676747388
vn 0.9510561228906281 0 0.3090182051469564
vn 0.809682082001819 -0.024461031348092 0.5863587502805662
vn 0.9510561228906281 0 0.3090182051469564
vn 0.8090172252495893 0 0.587784934520659
vn 0.9516433178710373 -0.028205595025262903 0.3059075676747388
vn 0.9993739835163983 -0.03428248522190092 0.008737979032688425
vn 0.9999597146089276 0 0.008976032488365558
vn 0.9516433178710373 -0.028205595025262903 0.3059075676747388
vn 0.9999597146089276 0 0.008976032488365558
vn 0.9510561228906281 0 0.3090182051469564
vn -0.008737973943358722 -0.03428256168393169 -0.9993739809379434
vn -0.3059073169600734 -0.028205582715655205 -0.9516433988285525
vn -0.3090178102394574 0 -0.9510562512043178
vn -0.008737973943358722 -0.03428256168393169 -0.9993739809379434
vn -0.3090178102394574 0 -0.9510562512043178
vn -0.008976013863415752 0 -0.9999597147761121
vn -0.3059073169600734 -0.028205582715655205 -0.9516433988285525
vn -0.5863588454541249 -0.02446107008481752 -0.8096820119083858
vn -0.587785001876111 0 -0.809017176313025
vn -0.3059073169600734 -0.028205582715655205 -0.9516433988285525
vn -0.587785001876111 0 -0.809017176313025
vn -0.3090178102394574 0 -0.9510562512043178
vn -0.5863588454541249 -0.02446107008481752 -0.8096820119083858
vn -0.809682082001819 -0.024461031348092 -0.5863587502805662
vn -0.8090172252495893 0 -0.587784934520659
vn -0.5863588454541249 -0.02446107008481752 -0.8096820119083858
vn -0.8090172252495893 0 -0.587784934520659
vn -0.587785001876111 0 -0.809017176313025
vn -0.809682082001819 -0.024461031348092 -0.5863587502805662
vn -0.9516433178710373 -0.028205595025262903 -0.3059075676747388
vn -0.9510561228906281 0 -0.3090182051469564
vn -0.809682082001819 -0.024461031348092 -0.5863587502805662
vn -0.9510561228906281 0 -0.3090182051469564
vn -0.8090172252495893 0 -0.587784934520659
vn -0.9516433178710373 -0.028205595025262903 -0.3059075676747388
vn -0.9993739835163983 -0.03428248522190092 -0.008737979032688425
vn -0.9999597146089276 0 -0.008976032488365558
vn -0.9516433178710373 -0.028205595025262903 -0.3059075676747388
vn -0.9999597146089276 0 -0.008976032488365558
vn -0.9510561228906281 0 -0.3090182051469564
vn -0.0089149420863572 -0.9999205206075966 -0.008914946742969672
vn -0.007186637552990832 -0.9512790212926888 -0.3082475886184775
vn 0.007186629171520767 -0.9512790213499916 -0.3082475886370456
vn -0.0089149420863572 -0.9999205206075966 -0.008914946742969672
vn 0.007186629171520767 -0.9512790213499916 -0.3082475886370456
vn 0.0089149420863572 -0.9999205206075966 -0.008914946742969672
vn -0.007186637552990832 -0.9512790212926888 -0.3082475886184775
vn -0.006157410418911025 -0.8092303375562119 -0.587459230139073
vn 0.00615738806801804 -0.8092303376675852 -0.5874592302199243
vn -0.007186637552990832 -0.9512790212926888 -0.3082475886184775
vn 0.00615738806801804 -0.8092303376675852 -0.5874592302199243
vn 0.007186629171520767 -0.9512790213499916 -0.3082475886370456
vn -0.006157410418911025 -0.8092303375562119 -0.587459230139073
vn -0.006157435755023529 -0.5874596059327564 -0.8092300645565841
vn 0.006157421785714987 -0.5874596059832886 -0.8092300646261927
vn -0.006157410418911025 -0.8092303375562119 -0.587459230139073
vn 0.006157421785714987 -0.5874596059832886 -0.8092300646261927
vn 0.00615738806801804 -0.8092303376675852 -0.5874592302199243
vn -0.006157435755023529 -0.5874596059327564 -0.8092300645565841
vn -0.007186725419364419 -0.30824966862144443 -0.9512783466328436
vn 0.0071867142440712375 -0.3082496686462024 -0.9512783467092483
vn -0.006157435755023529 -0.5874596059327564 -0.8092300645565841
vn 0.0071867142440712375 -0.3082496686462024 -0.9512783467092483
vn 0.006157421785714987 -0.5874596059832886 -0.8092300646261927
vn -0.007186725419364419 -0.30824966862144443 -0.9512783466328436
vn -0.008737973943358722 -0.03428256168393169 -0.9993739809379434
vn 0.00873796928710135 -0.03428256168532662 -0.9993739809786071
vn -0.007186725419364419 -0.30824966862144443 -0.9512783466328436
vn 0.00873796928710135 -0.03428256168532662 -0.9993739809786071
vn 0.0071867142440712375 -0.3082496686462024 -0.9512783467092483
vn 0.9993739836889265 -0.03428247982191403 -0.008737980486669895
vn 0.9516433275968622 -0.028205556197977672 -0.3059075409988022
vn 0.9510561228906281 0 -0.3090182051469564
vn 0.9993739836889265 -0.03428247982191403 -0.008737980486669895
vn 0.9510561228906281 0 -0.3090182051469564
vn 0.9999597146089276 0 -0.008976032488365558
vn 0.9516433275968622 -0.028205556197977672 -0.3059075409988022
vn 0.8096821102261855 -0.02446103592605899 -0.5863587111155555
vn 0.8090172252495893 0 -0.587784934520659
vn 0.9516433275968622 -0.028205556197977672 -0.3059075409988022
vn 0.8090172252495893 0 -0.587784934520659
vn 0.9510561228906281 0 -0.3090182051469564
vn 0.8096821102261855 -0.02446103592605899 -0.5863587111155555
vn 0.5863588175299955 -0.024461042842878703 -0.8096820329535938
vn 0.587785001876111 0 -0.809017176313025
vn 0.8096821102261855 -0.02446103592605899 -0.5863587111155555
vn 0.587785001876111 0 -0.809017176313025
vn 0.8090172252495893 0 -0.587784934520659
vn 0.5863588175299955 -0.024461042842878703 -0.8096820329535938
vn 0.30590724587069457 -0.02820554812911825 -0.9516434227054492
vn 0.3090178102394574 0 -0.9510562512043178
vn 0.5863588175299955 -0.024461042842878703 -0.8096820329535938
vn 0.3090178102394574 0 -0.9510562512043178
vn 0.587785001876111 0 -0.809017176313025
vn 0.30590724587069457 -0.02820554812911825 -0.9516434227054492
vn 0.00873796928710135 -0.03428256168532662 -0.9993739809786071
vn 0.008976013863415752 0 -0.9999597147761121
vn 0.30590724587069457 -0.02820554812911825 -0.9516434227054492
vn 0.008976013863415752 0 -0.9999597147761121
vn 0.3090178102394574 0 -0.9510562512043178
vn -0.00873796928710135 -0.03428256168532662 0.9993739809786071
vn 0.008737973943358722 -0.03428256168393169 0.9993739809379434
vn 0.008976013863415752 0 0.9999597147761121
vn -0.00873796928710135 -0.03428256168532662 0.9993739809786071
vn 0.008976013863415752 0 0.9999597147761121
vn -0.008976013863415752 0 0.9999597147761121
vn -0.008737973943358722 -0.03428256168393169 -0.9993739809379434
vn -0.008976013863415752 0 -0.9999597147761121
vn 0.008976013863415752 0 -0.9999597147761121
vn -0.008737973943358722 -0.03428256168393169 -0.9993739809379434
vn 0.008976013863415752 0 -0.9999597147761121
vn 0.00873796928710135 -0.03428256168532662 -0.9993739809786071
vn -0.0089149420863572 -0.9999205206075966 -0.008914946742969672
vn 0.0089149420863572 -0.9999205206075966 -0.008914946742969672
vn 0.0089149420863572 -0.9999205206075966 0.008914946742969672
vn -0.0089149420863572 -0.9999205206075966 -0.008914946742969672
vn 0.0089149420863572 -0.9999205206075966 0.008914946742969672
vn -0.0089149420863572 -0.9999205206075966 0.008914946742969672
vn 0.9993739835163983 -0.03428248522190092 0.008737979032688425
vn 0.9993739836889265 -0.03428247982191403 -0.008737980486669895
vn 0.9999597146089276 0 -0.008976032488365558
vn 0.9993739835163983 -0.03428248522190092 0.008737979032688425
vn 0.9999597146089276 0 -0.008976032488365558
vn 0.9999597146089276 0 0.008976032488365558
vn -0.9993739835163983 -0.03428248522190092 -0.008737979032688425
vn -0.9993739836889265 -0.03428247982191403 0.008737980486669895
vn -0.9999597146089276 0 0.008976032488365558
vn -0.9993739835163983 -0.03428248522190092 -0.008737979032688425
vn -0.9999597146089276 0 0.008976032488365558
vn -0.9999597146089276 0 -0.008976032488365558
vn -0.9516433275968622 -0.028205556197977672 0.3059075409988022
vn -0.9993739836889265 -0.03428247982191403 0.008737980486669895
vn -0.9512783499790138 -0.30824965921753406 0.007186685848074163
vn -0.9516433275968622 -0.028205556197977672 0.3059075409988022
vn -0.9512783499790138 -0.30824965921753406 0.007186685848074163
vn -0.9181312028368165 -0.2802099015795555 0.280209752567958
vn -0.9181312028368165 -0.2802099015795555 0.280209752567958
vn -0.9512783499790138 -0.30824965921753406 0.007186685848074163
vn -0.8092300646563564 -0.5874596060051859 0.00615741573234795
vn -0.9181312028368165 -0.2802099015795555 0.280209752567958
vn -0.8092300646563564 -0.5874596060051859 0.00615741573234795
vn -0.7861441599970337 -0.5621881390262434 0.2567525190543754
vn -0.7861441599970337 -0.5621881390262434 0.2567525190543754
vn -0.8092300646563564 -0.5874596060051859 0.00615741573234795
vn -0.5874592692022879 -0.8092303092602164 0.006157402287366487
vn -0.7861441599970337 -0.5621881390262434 0.2567525190543754
vn -0.5874592692022879 -0.8092303092602164 0.006157402287366487
vn -0.5621883403537868 -0.7861440126653755 0.2567525293363953
vn -0.5621883403537868 -0.7861440126653755 0.2567525293363953
vn -0.5874592692022879 -0.8092303092602164 0.006157402287366487
vn -0.30824760611385255 -0.9512790156802999 0.007186630044644562
vn -0.5621883403537868 -0.7861440126653755 0.2567525293363953
vn -0.30824760611385255 -0.9512790156802999 0.007186630044644562
vn -0.2802092952475472 -0.918131445598994 0.28020956346844134
vn -0.30824760611385255 -0.9512790156802999 0.007186630044644562
vn -0.0089149420863572 -0.9999205206075966 0.008914946742969672
vn -0.007186629171520767 -0.9512790213499916 0.3082475886370456
vn -0.30824760611385255 -0.9512790156802999 0.007186630044644562
vn -0.007186629171520767 -0.9512790213499916 0.3082475886370456
vn -0.2802092952475472 -0.918131445598994 0.28020956346844134
vn -0.2802092952475472 -0.918131445598994 0.28020956346844134
vn -0.007186629171520767 -0.9512790213499916 0.3082475886370456
vn -0.00615738806801804 -0.8092303376675852 0.5874592302199243
vn -0.2802092952475472 -0.918131445598994 0.28020956346844134
vn -0.00615738806801804 -0.8092303376675852 0.5874592302199243
vn -0.2567519275376239 -0.7861440863034731 0.5621885122232508
vn -0.2567519275376239 -0.7861440863034731 0.5621885122232508
vn -0.00615738806801804 -0.8092303376675852 0.5874592302199243
vn -0.006157421785714987 -0.5874596059832886 0.8092300646261927
vn -0.2567519275376239 -0.7861440863034731 0.5621885122232508
vn -0.006157421785714987 -0.5874596059832886 0.8092300646261927
vn -0.25675230663481075 -0.5621883747678906 0.7861440607888239
vn -0.25675230663481075 -0.5621883747678906 0.7861440607888239
vn -0.006157421785714987 -0.5874596059832886 0.8092300646261927
vn -0.0071867142440712375 -0.3082496686462024 0.9512783467092483
vn -0.25675230663481075 -0.5621883747678906 0.7861440607888239
vn -0.0071867142440712375 -0.3082496686462024 0.9512783467092483
vn -0.2802099088483969 -0.2802100578599983 0.9181311074445029
vn -0.0071867142440712375 -0.3082496686462024 0.9512783467092483
vn -0.00873796928710135 -0.03428256168532662 0.9993739809786071
vn -0.30590724587069457 -0.02820554812911825 0.9516434227054492
vn -0.0071867142440712375 -0.3082496686462024 0.9512783467092483
vn -0.30590724587069457 -0.02820554812911825 0.9516434227054492
vn -0.2802099088483969 -0.2802100578599983 0.9181311074445029
vn -0.2802099088483969 -0.2802100578599983 0.9181311074445029
vn -0.30590724587069457 -0.02820554812911825 0.9516434227054492
vn -0.5863588175299955 -0.024461042842878703 0.8096820329535938
vn -0.2802099088483969 -0.2802100578599983 0.9181311074445029
vn -0.5863588175299955 -0.024461042842878703 0.8096820329535938
vn -0.5621882180550128 -0.25675255514698253 0.7861440916941533
vn -0.5621882180550128 -0.25675255514698253 0.7861440916941533
vn -0.5863588175299955 -0.024461042842878703 0.8096820329535938
vn -0.8096821102261855 -0.02446103592605899 0.5863587111155555
vn -0.5621882180550128 -0.25675255514698253 0.7861440916941533
vn -0.8096821102261855 -0.02446103592605899 0.5863587111155555
vn -0.7861442079615583 -0.2567524647792019 0.5621880967419167
vn -0.7861442079615583 -0.2567524647792019 0.5621880967419167
vn -0.8096821102261855 -0.02446103592605899 0.5863587111155555
vn -0.9516433275968622 -0.028205556197977672 0.3059075409988022
vn -0.7861442079615583 -0.2567524647792019 0.5621880967419167
vn -0.9516433275968622 -0.028205556197977672 0.3059075409988022
vn -0.9181312028368165 -0.2802099015795555 0.280209752567958
vn -0.7861442079615583 -0.2567524647792019 0.5621880967419167
vn -0.9181312028368165 -0.2802099015795555 0.280209752567958
vn -0.7861441599970337 -0.5621881390262434 0.2567525190543754
vn -0.7861442079615583 -0.2567524647792019 0.5621880967419167
vn -0.7861441599970337 -0.5621881390262434 0.2567525190543754
vn -0.7192698667845818 -0.4912487423753455 0.4912489509915835
vn -0.7192698667845818 -0.4912487423753455 0.4912489509915835
vn -0.7861441599970337 -0.5621881390262434 0.2567525190543754
vn -0.5621883403537868 -0.7861440126653755 0.2567525293363953
vn -0.7192698667845818 -0.4912487423753455 0.4912489509915835
vn -0.5621883403537868 -0.7861440126653755 0.2567525293363953
vn -0.4912487480210475 -0.7192696962369084 0.49124919505584835
vn -0.5621883403537868 -0.7861440126653755 0.2567525293363953
vn -0.2802092952475472 -0.918131445598994 0.28020956346844134
vn -0.2567519275376239 -0.7861440863034731 0.5621885122232508
vn -0.5621883403537868 -0.7861440126653755 0.2567525293363953
vn -0.2567519275376239 -0.7861440863034731 0.5621885122232508
vn -0.4912487480210475 -0.7192696962369084 0.49124919505584835
vn -0.4912487480210475 -0.7192696962369084 0.49124919505584835
vn -0.2567519275376239 -0.7861440863034731 0.5621885122232508
vn -0.25675230663481075 -0.5621883747678906 0.7861440607888239
vn -0.4912487480210475 -0.7192696962369084 0.49124919505584835
vn -0.25675230663481075 -0.5621883747678906 0.7861440607888239
vn -0.4912485481431798 -0.4912491143872709 0.719269887845265
vn -0.25675230663481075 -0.5621883747678906 0.7861440607888239
vn -0.2802099088483969 -0.2802100578599983 0.9181311074445029
vn -0.5621882180550128 -0.25675255514698253 0.7861440916941533
vn -0.25675230663481075 -0.5621883747678906 0.7861440607888239
vn -0.5621882180550128 -0.25675255514698253 0.7861440916941533
vn -0.4912485481431798 -0.4912491143872709 0.719269887845265
vn -0.4912485481431798 -0.4912491143872709 0.719269887845265
vn -0.5621882180550128 -0.25675255514698253 0.7861440916941533
vn -0.7861442079615583 -0.2567524647792019 0.5621880967419167
vn -0.4912485481431798 -0.4912491143872709 0.719269887845265
vn -0.7861442079615583 -0.2567524647792019 0.5621880967419167
vn -0.7192698667845818 -0.4912487423753455 0.4912489509915835
vn -0.7192698667845818 -0.4912487423753455 0.4912489509915835
vn -0.4912487480210475 -0.7192696962369084 0.49124919505584835
vn -0.4912485481431798 -0.4912491143872709 0.719269887845265
vn 0.007186637552990832 -0.9512790212926888 0.3082475886184775
vn 0.0089149420863572 -0.9999205206075966 0.008914946742969672
vn 0.3082476061251998 -0.9512790157153185 0.007186624922634788
vn 0.007186637552990832 -0.9512790212926888 0.3082475886184775
vn 0.3082476061251998 -0.9512790157153185 0.007186624922634788
vn 0.2802093348377697 -0.9181314396245628 0.28020954345400584
vn 0.2802093348377697 -0.9181314396245628 0.28020954345400584
vn 0.3082476061251998 -0.9512790157153185 0.007186624922634788
vn 0.5874592692056566 -0.809230309264857 0.006157401356079311
vn 0.2802093348377697 -0.9181314396245628 0.28020954345400584
vn 0.5874592692056566 -0.809230309264857 0.006157401356079311
vn 0.5621884295041266 -0.7861439347717323 0.25675257263229506
vn 0.5621884295041266 -0.7861439347717323 0.25675257263229506
vn 0.5874592692056566 -0.809230309264857 0.006157401356079311
vn 0.8092300363278676 -0.5874596450447939 0.0061574141198132626
vn 0.5621884295041266 -0.7861439347717323 0.25675257263229506
vn 0.8092300363278676 -0.5874596450447939 0.0061574141198132626
vn 0.7861441982118652 -0.5621880301650634 0.2567526404089145
vn 0.7861441982118652 -0.5621880301650634 0.2567526404089145
vn 0.8092300363278676 -0.5874596450447939 0.0061574141198132626
vn 0.9512783500076655 -0.30824965922681824 0.007186681657338941
vn 0.7861441982118652 -0.5621880301650634 0.2567526404089145
vn 0.9512783500076655 -0.30824965922681824 0.007186681657338941
vn 0.9181311687823259 -0.28020989776613076 0.2802098679638085
vn 0.9512783500076655 -0.30824965922681824 0.007186681657338941
vn 0.9993739835163983 -0.03428248522190092 0.008737979032688425
vn 0.9516433178710373 -0.028205595025262903 0.3059075676747388
vn 0.9512783500076655 -0.30824965922681824 0.007186681657338941
vn 0.9516433178710373 -0.028205595025262903 0.3059075676747388
vn 0.9181311687823259 -0.28020989776613076 0.2802098679638085
vn 0.9181311687823259 -0.28020989776613076 0.2802098679638085
vn 0.9516433178710373 -0.028205595025262903 0.3059075676747388
vn 0.809682082001819 -0.024461031348092 0.5863587502805662
vn 0.9181311687823259 -0.28020989776613076 0.2802098679638085
vn 0.809682082001819 -0.024461031348092 0.5863587502805662
vn 0.7861441266515833 -0.2567523190143162 0.562188277014018
vn 0.7861441266515833 -0.2567523190143162 0.562188277014018
vn 0.809682082001819 -0.024461031348092 0.5863587502805662
vn 0.5863588454541249 -0.02446107008481752 0.8096820119083858
vn 0.7861441266515833 -0.2567523190143162 0.562188277014018
vn 0.5863588454541249 -0.02446107008481752 0.8096820119083858
vn 0.5621882195730564 -0.25675261802567 0.7861440700725543
vn 0.5621882195730564 -0.25675261802567 0.7861440700725543
vn 0.5863588454541249 -0.02446107008481752 0.8096820119083858
vn 0.3059073169600734 -0.028205582715655205 0.9516433988285525
vn 0.5621882195730564 -0.25675261802567 0.7861440700725543
vn 0.3059073169600734 -0.028205582715655205 0.9516433988285525
vn 0.2802101270734816 -0.2802101270734816 0.918131019719368
vn 0.3059073169600734 -0.028205582715655205 0.9516433988285525
vn 0.008737973943358722 -0.03428256168393169 0.9993739809379434
vn 0.007186725419364419 -0.30824966862144443 0.9512783466328436
vn 0.3059073169600734 -0.028205582715655205 0.9516433988285525
vn 0.007186725419364419 -0.30824966862144443 0.9512783466328436
vn 0.2802101270734816 -0.2802101270734816 0.918131019719368
vn 0.2802101270734816 -0.2802101270734816 0.918131019719368
vn 0.007186725419364419 -0.30824966862144443 0.9512783466328436
vn 0.006157435755023529 -0.5874596059327564 0.8092300645565841
vn 0.2802101270734816 -0.2802101270734816 0.918131019719368
vn 0.006157435755023529 -0.5874596059327564 0.8092300645565841
vn 0.2567527011901463 -0.5621883307645545 0.7861439633958448
vn 0.2567527011901463 -0.5621883307645545 0.7861439633958448
vn 0.006157435755023529 -0.5874596059327564 0.8092300645565841
vn 0.006157410418911025 -0.8092303375562119 0.587459230139073
vn 0.2567527011901463 -0.5621883307645545 0.7861439633958448
vn 0.006157410418911025 -0.8092303375562119 0.587459230139073
vn 0.25675231006214483 -0.7861440116782559 0.5621884418770725
vn 0.25675231006214483 -0.7861440116782559 0.5621884418770725
vn 0.006157410418911025 -0.8092303375562119 0.587459230139073
vn 0.007186637552990832 -0.9512790212926888 0.3082475886184775
vn 0.25675231006214483 -0.7861440116782559 0.5621884418770725
vn 0.007186637552990832 -0.9512790212926888 0.3082475886184775
vn 0.2802093348377697 -0.9181314396245628 0.28020954345400584
vn 0.25675231006214483 -0.7861440116782559 0.5621884418770725
vn 0.2802093348377697 -0.9181314396245628 0.28020954345400584
vn 0.5621884295041266 -0.7861439347717323 0.25675257263229506
vn 0.25675231006214483 -0.7861440116782559 0.5621884418770725
vn 0.5621884295041266 -0.7861439347717323 0.25675257263229506
vn 0.4912488569392165 -0.7192696492307978 0.49124915496244703
vn 0.4912488569392165 -0.7192696492307978 0.49124915496244703
vn 0.5621884295041266 -0.7861439347717323 0.25675257263229506
vn 0.7861441982118652 -0.5621880301650634 0.2567526404089145
vn 0.4912488569392165 -0.7192696492307978 0.49124915496244703
vn 0.7861441982118652 -0.5621880301650634 0.2567526404089145
vn 0.7192699587349799 -0.49124855585068394 0.4912490028854997
vn 0.7861441982118652 -0.5621880301650634 0.2567526404089145
vn 0.9181311687823259 -0.28020989776613076 0.2802098679638085
vn 0.7861441266515833 -0.2567523190143162 0.562188277014018
vn 0.7861441982118652 -0.5621880301650634 0.2567526404089145
vn 0.7861441266515833 -0.2567523190143162 0.562188277014018
vn 0.7192699587349799 -0.49124855585068394 0.4912490028854997
vn 0.7192699587349799 -0.49124855585068394 0.4912490028854997
vn 0.7861441266515833 -0.2567523190143162 0.562188277014018
vn 0.5621882195730564 -0.25675261802567 0.7861440700725543
vn 0.7192699587349799 -0.49124855585068394 0.4912490028854997
vn 0.5621882195730564 -0.25675261802567 0.7861440700725543
vn 0.4912488081411539 -0.4912490465597146 0.7192697565962766
vn 0.5621882195730564 -0.25675261802567 0.7861440700725543
vn 0.2802101270734816 -0.2802101270734816 0.918131019719368
vn 0.2567527011901463 -0.5621883307645545 0.7861439633958448
vn 0.5621882195730564 -0.25675261802567 0.7861440700725543
vn 0.2567527011901463 -0.5621883307645545 0.7861439633958448
vn 0.4912488081411539 -0.4912490465597146 0.7192697565962766
vn 0.4912488081411539 -0.4912490465597146 0.7192697565962766
vn 0.2567527011901463 -0.5621883307645545 0.7861439633958448
vn 0.25675231006214483 -0.7861440116782559 0.5621884418770725
vn 0.4912488081411539 -0.4912490465597146 0.7192697565962766
vn 0.25675231006214483 -0.7861440116782559 0.5621884418770725
vn 0.4912488569392165 -0.7192696492307978 0.49124915496244703
vn 0.4912488569392165 -0.7192696492307978 0.49124915496244703
vn 0.7192699587349799 -0.49124855585068394 0.4912490028854997
vn 0.4912488081411539 -0.4912490465597146 0.7192697565962766
vn -0.007186637552990832 -0.9512790212926888 -0.3082475886184775
vn -0.0089149420863572 -0.9999205206075966 -0.008914946742969672
vn -0.3082476061251998 -0.9512790157153185 -0.007186624922634788
vn -0.007186637552990832 -0.9512790212926888 -0.3082475886184775
vn -0.3082476061251998 -0.9512790157153185 -0.007186624922634788
vn -0.2802093348377697 -0.9181314396245628 -0.28020954345400584
vn -0.2802093348377697 -0.9181314396245628 -0.28020954345400584
vn -0.3082476061251998 -0.9512790157153185 -0.007186624922634788
vn -0.5874592692056566 -0.809230309264857 -0.006157401356079311
vn -0.2802093348377697 -0.9181314396245628 -0.28020954345400584
vn -0.5874592692056566 -0.809230309264857 -0.006157401356079311
vn -0.5621884295041266 -0.7861439347717323 -0.25675257263229506
vn -0.5621884295041266 -0.7861439347717323 -0.25675257263229506
vn -0.5874592692056566 -0.809230309264857 -0.006157401356079311
vn -0.8092300363278676 -0.5874596450447939 -0.0061574141198132626
vn -0.5621884295041266 -0.7861439347717323 -0.25675257263229506
vn -0.8092300363278676 -0.5874596450447939 -0.0061574141198132626
vn -0.7861441982118652 -0.5621880301650634 -0.2567526404089145
vn -0.7861441982118652 -0.5621880301650634 -0.2567526404089145
vn -0.8092300363278676 -0.5874596450447939 -0.0061574141198132626
vn -0.9512783500076655 -0.30824965922681824 -0.007186681657338941
vn -0.7861441982118652 -0.5621880301650634 -0.2567526404089145
vn -0.9512783500076655 -0.30824965922681824 -0.007186681657338941
vn -0.9181311687823259 -0.28020989776613076 -0.2802098679638085
vn -0.9512783500076655 -0.30824965922681824 -0.007186681657338941
vn -0.9993739835163983 -0.03428248522190092 -0.008737979032688425
vn -0.9516433178710373 -0.028205595025262903 -0.3059075676747388
vn -0.9512783500076655 -0.30824965922681824 -0.007186681657338941
vn -0.9516433178710373 -0.028205595025262903 -0.3059075676747388
vn -0.9181311687823259 -0.28020989776613076 -0.2802098679638085
vn -0.9181311687823259 -0.28020989776613076 -0.2802098679638085
vn -0.9516433178710373 -0.028205595025262903 -0.3059075676747388
vn -0.809682082001819 -0.024461031348092 -0.5863587502805662
vn -0.9181311687823259 -0.28020989776613076 -0.2802098679638085
vn -0.809682082001819 -0.024461031348092 -0.5863587502805662
vn -0.7861441266515833 -0.2567523190143162 -0.562188277014018
vn -0.7861441266515833 -0.2567523190143162 -0.562188277014018
vn -0.809682082001819 -0.024461031348092 -0.5863587502805662
vn -0.5863588454541249 -0.02446107008481752 -0.8096820119083858
vn -0.7861441266515833 -0.2567523190143162 -0.562188277014018
vn -0.5863588454541249 -0.02446107008481752 -0.8096820119083858
vn -0.5621882195730564 -0.25675261802567 -0.7861440700725543
vn -0.5621882195730564 -0.25675261802567 -0.7861440700725543
vn -0.5863588454541249 -0.02446107008481752 -0.8096820119083858
vn -0.3059073169600734 -0.028205582715655205 -0.9516433988285525
vn -0.5621882195730564 -0.25675261802567 -0.7861440700725543
vn -0.3059073169600734 -0.028205582715655205 -0.9516433988285525
vn -0.2802101270734816 -0.2802101270734816 -0.918131019719368
vn -0.3059073169600734 -0.028205582715655205 -0.9516433988285525
vn -0.008737973943358722 -0.03428256168393169 -0.9993739809379434
vn -0.007186725419364419 -0.30824966862144443 -0.9512783466328436
vn -0.3059073169600734 -0.028205582715655205 -0.9516433988285525
vn -0.007186725419364419 -0.30824966862144443 -0.9512783466328436
vn -0.2802101270734816 -0.2802101270734816 -0.918131019719368
vn -0.2802101270734816 -0.2802101270734816 -0.918131019719368
vn -0.007186725419364419 -0.30824966862144443 -0.9512783466328436
vn -0.006157435755023529 -0.5874596059327564 -0.8092300645565841
vn -0.2802101270734816 -0.2802101270734816 -0.918131019719368
vn -0.006157435755023529 -0.5874596059327564 -0.8092300645565841
vn -0.2567527011901463 -0.5621883307645545 -0.7861439633958448
vn -0.2567527011901463 -0.5621883307645545 -0.7861439633958448
vn -0.006157435755023529 -0.5874596059327564 -0.8092300645565841
vn -0.006157410418911025 -0.8092303375562119 -0.587459230139073
vn -0.2567527011901463 -0.5621883307645545 -0.7861439633958448
vn -0.006157410418911025 -0.8092303375562119 -0.587459230139073
vn -0.25675231006214483 -0.7861440116782559 -0.5621884418770725
vn -0.25675231006214483 -0.7861440116782559 -0.5621884418770725
vn -0.006157410418911025 -0.8092303375562119 -0.587459230139073
vn -0.007186637552990832 -0.9512790212926888 -0.3082475886184775
vn -0.25675231006214483 -0.7861440116782559 -0.5621884418770725
vn -0.007186637552990832 -0.9512790212926888 -0.3082475886184775
vn -0.2802093348377697 -0.9181314396245628 -0.28020954345400584
vn -0.25675231006214483 -0.7861440116782559 -0.5621884418770725
vn -0.2802093348377697 -0.9181314396245628 -0.28020954345400584
vn -0.5621884295041266 -0.7861439347717323 -0.25675257263229506
vn -0.25675231006214483 -0.7861440116782559 -0.5621884418770725
vn -0.5621884295041266 -0.7861439347717323 -0.25675257263229506
vn -0.4912488569392165 -0.7192696492307978 -0.49124915496244703
vn -0.4912488569392165 -0.7192696492307978 -0.49124915496244703
vn -0.5621884295041266 -0.7861439347717323 -0.25675257263229506
vn -0.7861441982118652 -0.5621880301650634 -0.2567526404089145
vn -0.4912488569392165 -0.7192696492307978 -0.49124915496244703
vn -0.7861441982118652 -0.5621880301650634 -0.2567526404089145
vn -0.7192699587349799 -0.49124855585068394 -0.4912490028854997
vn -0.7861441982118652 -0.5621880301650634 -0.2567526404089145
vn -0.9181311687823259 -0.28020989776613076 -0.2802098679638085
vn -0.7861441266515833 -0.2567523190143162 -0.562188277014018
vn -0.7861441982118652 -0.5621880301650634 -0.2567526404089145
vn -0.7861441266515833 -0.2567523190143162 -0.562188277014018
vn -0.7192699587349799 -0.49124855585068394 -0.4912490028854997
vn -0.7192699587349799 -0.49124855585068394 -0.4912490028854997
vn -0.7861441266515833 -0.2567523190143162 -0.562188277014018
vn -0.5621882195730564 -0.25675261802567 -0.7861440700725543
vn -0.7192699587349799 -0.49124855585068394 -0.4912490028854997
vn -0.5621882195730564 -0.25675261802567 -0.7861440700725543
vn -0.4912488081411539 -0.4912490465597146 -0.7192697565962766
vn -0.5621882195730564 -0.25675261802567 -0.7861440700725543
vn -0.2802101270734816 -0.2802101270734816 -0.918131019719368
vn -0.2567527011901463 -0.5621883307645545 -0.7861439633958448
vn -0.5621882195730564 -0.25675261802567 -0.7861440700725543
vn -0.2567527011901463 -0.5621883307645545 -0.7861439633958448
vn -0.4912488081411539 -0.4912490465597146 -0.7192697565962766
vn -0.4912488081411539 -0.4912490465597146 -0.7192697565962766
vn -0.2567527011901463 -0.5621883307645545 -0.7861439633958448
vn -0.25675231006214483 -0.7861440116782559 -0.5621884418770725
vn -0.4912488081411539 -0.4912490465597146 -0.7192697565962766
vn -0.25675231006214483 -0.7861440116782559 -0.5621884418770725
vn -0.4912488569392165 -0.7192696492307978 -0.49124915496244703
vn -0.4912488569392165 -0.7192696492307978 -0.49124915496244703
vn -0.7192699587349799 -0.49124855585068394 -0.4912490028854997
vn -0.4912488081411539 -0.4912490465597146 -0.7192697565962766
vn 0.9516433275968622 -0.028205556197977672 -0.3059075409988022
vn 0.9993739836889265 -0.03428247982191403 -0.008737980486669895
vn 0.9512783499790138 -0.30824965921753406 -0.007186685848074163
vn 0.9516433275968622 -0.028205556197977672 -0.3059075409988022
vn 0.9512783499790138 -0.30824965921753406 -0.007186685848074163
vn 0.9181312028368165 -0.2802099015795555 -0.280209752567958
vn 0.9181312028368165 -0.2802099015795555 -0.280209752567958
vn 0.9512783499790138 -0.30824965921753406 -0.007186685848074163
vn 0.8092300646563564 -0.5874596060051859 -0.00615741573234795
vn 0.9181312028368165 -0.2802099015795555 -0.280209752567958
vn 0.8092300646563564 -0.5874596060051859 -0.00615741573234795
vn 0.7861441599970337 -0.5621881390262434 -0.2567525190543754
vn 0.7861441599970337 -0.5621881390262434 -0.2567525190543754
vn 0.8092300646563564 -0.5874596060051859 -0.00615741573234795
vn 0.5874592692022879 -0.8092303092602164 -0.006157402287366487
vn 0.7861441599970337 -0.5621881390262434 -0.2567525190543754
vn 0.5874592692022879 -0.8092303092602164 -0.006157402287366487
vn 0.5621883403537868 -0.7861440126653755 -0.2567525293363953
vn 0.5621883403537868 -0.7861440126653755 -0.2567525293363953
vn 0.5874592692022879 -0.8092303092602164 -0.006157402287366487
vn 0.30824760611385255 -0.9512790156802999 -0.007186630044644562
vn 0.5621883403537868 -0.7861440126653755 -0.2567525293363953
vn 0.30824760611385255 -0.9512790156802999 -0.007186630044644562
vn 0.2802092952475472 -0.918131445598994 -0.28020956346844134
vn 0.30824760611385255 -0.9512790156802999 -0.007186630044644562
vn 0.0089149420863572 -0.9999205206075966 -0.008914946742969672
vn 0.007186629171520767 -0.9512790213499916 -0.3082475886370456
vn 0.30824760611385255 -0.9512790156802999 -0.007186630044644562
vn 0.007186629171520767 -0.9512790213499916 -0.3082475886370456
vn 0.2802092952475472 -0.918131445598994 -0.28020956346844134
vn 0.2802092952475472 -0.918131445598994 -0.28020956346844134
vn 0.007186629171520767 -0.9512790213499916 -0.3082475886370456
vn 0.00615738806801804 -0.8092303376675852 -0.5874592302199243
vn 0.2802092952475472 -0.918131445598994 -0.28020956346844134
vn 0.00615738806801804 -0.8092303376675852 -0.5874592302199243
vn 0.2567519275376239 -0.7861440863034731 -0.5621885122232508
vn 0.2567519275376239 -0.7861440863034731 -0.5621885122232508
vn 0.00615738806801804 -0.8092303376675852 -0.5874592302199243
vn 0.006157421785714987 -0.5874596059832886 -0.8092300646261927
vn 0.2567519275376239 -0.7861440863034731 -0.5621885122232508
vn 0.006157421785714987 -0.5874596059832886 -0.8092300646261927
vn 0.25675230663481075 -0.5621883747678906 -0.7861440607888239
vn 0.25675230663481075 -0.5621883747678906 -0.7861440607888239
vn 0.006157421785714987 -0.5874596059832886 -0.8092300646261927
vn 0.0071867142440712375 -0.3082496686462024 -0.9512783467092483
vn 0.25675230663481075 -0.5621883747678906 -0.7861440607888239
vn 0.0071867142440712375 -0.3082496686462024 -0.9512783467092483
vn 0.2802099088483969 -0.2802100578599983 -0.9181311074445029
vn 0.0071867142440712375 -0.3082496686462024 -0.9512783467092483
vn 0.00873796928710135 -0.03428256168532662 -0.9993739809786071
vn 0.30590724587069457 -0.02820554812911825 -0.9516434227054492
vn 0.0071867142440712375 -0.3082496686462024 -0.9512783467092483
vn 0.30590724587069457 -0.02820554812911825 -0.9516434227054492
vn 0.2802099088483969 -0.2802100578599983 -0.9181311074445029
vn 0.2802099088483969 -0.2802100578599983 -0.9181311074445029
vn 0.30590724587069457 -0.02820554812911825 -0.9516434227054492
vn 0.5863588175299955 -0.024461042842878703 -0.8096820329535938
vn 0.2802099088483969 -0.2802100578599983 -0.9181311074445029
vn 0.5863588175299955 -0.024461042842878703 -0.8096820329535938
vn 0.5621882180550128 -0.25675255514698253 -0.7861440916941533
vn 0.5621882180550128 -0.25675255514698253 -0.7861440916941533
vn 0.5863588175299955 -0.024461042842878703 -0.8096820329535938
vn 0.8096821102261855 -0.02446103592605899 -0.5863587111155555
vn 0.5621882180550128 -0.25675255514698253 -0.7861440916941533
vn 0.8096821102261855 -0.02446103592605899 -0.5863587111155555
vn 0.7861442079615583 -0.2567524647792019 -0.5621880967419167
vn 0.7861442079615583 -0.2567524647792019 -0.5621880967419167
vn 0.8096821102261855 -0.02446103592605899 -0.5863587111155555
vn 0.9516433275968622 -0.028205556197977672 -0.3059075409988022
vn 0.7861442079615583 -0.2567524647792019 -0.5621880967419167
vn 0.9516433275968622 -0.028205556197977672 -0.3059075409988022
vn 0.9181312028368165 -0.2802099015795555 -0.280209752567958
vn 0.7861442079615583 -0.2567524647792019 -0.5621880967419167
vn 0.9181312028368165 -0.2802099015795555 -0.280209752567958
vn 0.7861441599970337 -0.5621881390262434 -0.2567525190543754
vn 0.7861442079615583 -0.2567524647792019 -0.5621880967419167
vn 0.7861441599970337 -0.5621881390262434 -0.2567525190543754
vn 0.7192698667845818 -0.4912487423753455 -0.4912489509915835
vn 0.7192698667845818 -0.4912487423753455 -0.4912489509915835
vn 0.7861441599970337 -0.5621881390262434 -0.2567525190543754
vn 0.5621883403537868 -0.7861440126653755 -0.2567525293363953
vn 0.7192698667845818 -0.4912487423753455 -0.4912489509915835
vn 0.5621883403537868 -0.7861440126653755 -0.2567525293363953
vn 0.4912487480210475 -0.7192696962369084 -0.49124919505584835
vn 0.5621883403537868 -0.7861440126653755 -0.2567525293363953
vn 0.2802092952475472 -0.918131445598994 -0.28020956346844134
vn 0.2567519275376239 -0.7861440863034731 -0.5621885122232508
vn 0.5621883403537868 -0.7861440126653755 -0.2567525293363953
vn 0.2567519275376239 -0.7861440863034731 -0.5621885122232508
vn 0.4912487480210475 -0.7192696962369084 -0.49124919505584835
vn 0.4912487480210475 -0.7192696962369084 -0.49124919505584835
vn 0.2567519275376239 -0.7861440863034731 -0.5621885122232508
vn 0.25675230663481075 -0.5621883747678906 -0.7861440607888239
vn 0.4912487480210475 -0.7192696962369084 -0.49124919505584835
vn 0.25675230663481075 -0.5621883747678906 -0.7861440607888239
vn 0.4912485481431798 -0.4912491143872709 -0.719269887845265
vn 0.25675230663481075 -0.5621883747678906 -0.7861440607888239
vn 0.2802099088483969 -0.2802100578599983 -0.9181311074445029
vn 0.5621882180550128 -0.25675255514698253 -0.7861440916941533
vn 0.25675230663481075 -0.5621883747678906 -0.7861440607888239
vn 0.5621882180550128 -0.25675255514698253 -0.7861440916941533
vn 0.4912485481431798 -0.4912491143872709 -0.719269887845265
vn 0.4912485481431798 -0.4912491143872709 -0.719269887845265
vn 0.5621882180550128 -0.25675255514698253 -0.7861440916941533
vn 0.7861442079615583 -0.2567524647792019 -0.5621880967419167
vn 0.4912485481431798 -0.4912491143872709 -0.719269887845265
vn 0.7861442079615583 -0.2567524647792019 -0.5621880967419167
vn 0.7192698667845818 -0.4912487423753455 -0.4912489509915835
vn 0.7192698667845818 -0.4912487423753455 -0.4912489509915835
vn 0.4912487480210475 -0.7192696962369084 -0.49124919505584835
vn 0.4912485481431798 -0.4912491143872709 -0.719269887845265
vn 0 0.9999999999997763 -6.688095481875603e-7
vn 0 0.9999999999997763 -6.688095481875603e-7
vn 0 0.9999999999997763 -6.688095481875603e-7
vn 0 0.9999999999997763 -6.688095481875603e-7
vn 0 0.9999999999997763 -6.688095481875603e-7
vn 0 0.9999999999997763 -6.688095481875603e-7
vn 0 0.999999999998139 0.0000019292033357451624
vn 0 0.999999999998139 0.0000019292033357451624
vn 0 0.999999999998139 0.0000019292033357451624
vn 0 0.999999999998139 0.0000019292033357451624
vn 0 0.999999999998139 0.0000019292033357451624
vn 0 0.999999999998139 0.0000019292033357451624
vn 0 0.9999999999997763 6.68810457682262e-7
vn 0 0.9999999999997763 6.68810457682262e-7
vn 0 0.9999999999997763 6.688105145256809e-7
vn 0 0.9999999999997763 6.68810457682262e-7
vn 0 0.9999999999997763 6.688105145256809e-7
vn 0 0.9999999999997763 6.68810457682262e-7
vn 0 0.9999999999988548 0.0000015134421573730781
vn 0 0.9999999999988548 0.0000015134418163125652
vn 0 0.9999999999988548 0.0000015134420436862404
vn 0 0.9999999999988548 0.0000015134421573730781
vn 0 0.9999999999988548 0.0000015134420436862404
vn 0 0.9999999999988548 0.0000015134422710599158
vn 0 0.9999999999998153 6.077664238545153e-7
vn 0 0.9999999999998153 6.077664238545153e-7
vn 0 0.9999999999998153 6.077664238545153e-7
vn 0 0.9999999999998153 6.077664238545153e-7
vn 0 0.9999999999998153 6.077664238545153e-7
vn 0 0.9999999999998153 6.077664238545153e-7
vn 0 1 0
vn 0 0.9999999999996108 -8.82258063938591e-7
vn 0 0.9999999999998405 -5.649558261210595e-7
vn 0 1 0
vn 0 0.9999999999998405 -5.649558261210595e-7
vn 0 1 0
vn 0 0.9999999999996108 -8.82258063938591e-7
vn 0 0.9999999999991055 -0.0000013376209153636269
vn 0 0.9999999999991055 -0.0000013376209153636269
vn 0 0.9999999999996108 -8.82258063938591e-7
vn 0 0.9999999999991055 -0.0000013376209153636269
vn 0 0.9999999999998405 -5.649558261210595e-7
vn 0 0.999999999998139 0.0000019292021988767852
vn 0 0.999999999998139 0.0000019292021988767852
vn 0 0.999999999998139 0.0000019292021988767852
vn 0 0.999999999998139 0.0000019292021988767852
vn 0 0.999999999998139 0.0000019292021988767852
vn 0 0.999999999998139 0.0000019292021988767852
vn 0 1 0
vn 0 1 0
vn 0 1 0
vn 0 1 0
vn 0 1 0
vn 0 1 0
vn 0 1 0
vn 0 1 0
vn 0 1 0
vn 0 1 0
vn 0 1 0
vn 0 1 0
vn 0 1 0
vn 0 1 0
vn 0 1 0
vn 0 1 0
vn 0 1 0
vn 0 1 0
vn 0 0.9999999999997137 -7.56719884975393e-7
vn 0 0.9999999999997137 -7.567199418188117e-7
vn 0 0.9999999999997137 -7.567199986622307e-7
vn 0 0.9999999999997137 -7.56719884975393e-7
vn 0 0.9999999999997137 -7.567199986622307e-7
vn 0 0.9999999999997137 -7.56719884975393e-7
vn 0 0.9999999999997763 6.688095481875603e-7
vn 0 0.9999999999997763 6.688095481875603e-7
vn 0 0.9999999999997763 6.688095481875603e-7
vn 0 0.9999999999997763 6.688095481875603e-7
vn 0 0.9999999999997763 6.688095481875603e-7
vn 0 0.9999999999997763 6.688095481875603e-7
vn 0 0.999999999998139 -0.0000019292033357451624
vn 0 0.999999999998139 -0.0000019292033357451624
vn 0 0.999999999998139 -0.0000019292033357451624
vn 0 0.999999999998139 -0.0000019292033357451624
vn 0 0.999999999998139 -0.0000019292033357451624
vn 0 0.999999999998139 -0.0000019292033357451624
vn 0 0.9999999999997763 -6.68810457682262e-7
vn 0 0.9999999999995428 -9.563462981527839e-7
vn 0 0.999999999999331 -0.0000011567046840347295
vn 0 0.9999999999997763 -6.68810457682262e-7
vn 0 0.999999999999331 -0.0000011567046840347295
vn 0 0.9999999999997763 -6.68810457682262e-7
vn 0 0.9999999999995428 -9.563462981527839e-7
vn 0 0.9999999999988548 -0.0000015134418163125652
vn 0 0.9999999999988548 -0.0000015134420436862404
vn 0 0.9999999999995428 -9.563462981527839e-7
vn 0 0.9999999999988548 -0.0000015134420436862404
vn 0 0.999999999999331 -0.0000011567046840347295
vn 0 0.9999999999998153 -6.077664238545153e-7
vn 0 0.9999999999998153 -6.077664238545153e-7
vn 0 0.9999999999998153 -6.077664238545153e-7
vn 0 0.9999999999998153 -6.077664238545153e-7
vn 0 0.9999999999998153 -6.077664238545153e-7
vn 0 0.9999999999998153 -6.077664238545153e-7
vn 0 1 0
vn 0 1 0
vn 0 1 0
vn 0 1 0
vn 0 1 0
vn 0 1 0
vn 0 0.9999999999991055 0.0000013376209153636269
vn 0 0.9999999999991055 0.0000013376209153636269
vn 0 0.9999999999991055 0.0000013376209153636269
vn 0 0.9999999999991055 0.0000013376209153636269
vn 0 0.9999999999991055 0.0000013376209153636269
vn 0 0.9999999999991055 0.0000013376210290504644
vn 0 0.999999999998139 -0.0000019292021988767852
vn 0 0.999999999998139 -0.0000019292021988767852
vn 0 0.999999999998139 -0.0000019292021988767852
vn 0 0.999999999998139 -0.0000019292021988767852
vn 0 0.999999999998139 -0.0000019292021988767852
vn 0 0.999999999998139 -0.0000019292021988767852
vn 0 1 0
vn 0 1 0
vn 0 1 0
vn 0 1 0
vn 0 1 0
vn 0 1 0
vn 0 1 0
vn 0 1 0
vn 0 1 0
vn 0 1 0
vn 0 1 0
vn 0 1 0
vn 0 1 0
vn 0 1 0
vn 0 1 0
vn 0 1 0
vn 0 1 0
vn 0 1 0
vn 0 0.9999999999997137 7.56719884975393e-7
vn 0 0.9999999999997137 7.567199418188117e-7
vn 0 0.9999999999997137 7.567199986622307e-7
vn 0 0.9999999999997137 7.56719884975393e-7
vn 0 0.9999999999997137 7.567199986622307e-7
vn 0 0.9999999999997137 7.56719884975393e-7
vn -0.9452434560882302 0.09846908372737286 0.3111569511874508
vn -0.8036479856278429 0.10640527183961845 0.5855150154531029
vn -0.8051856737413784 0.10637108169355523 0.5834048540944663
vn -0.9452434560882302 0.09846908372737286 0.3111569511874508
vn -0.8051856737413784 0.10637108169355523 0.5834048540944663
vn -0.9476151717570321 0.09818008057265659 0.3039509138572166
vn -0.8036479856278429 0.10640527183961845 0.5855150154531029
vn -0.5855152945177854 0.10640528329545768 0.8036477807924094
vn -0.5834051906782671 0.1063710887242314 0.8051854289375066
vn -0.8036479856278429 0.10640527183961845 0.5855150154531029
vn -0.5834051906782671 0.1063710887242314 0.8051854289375066
vn -0.8051856737413784 0.10637108169355523 0.5834048540944663
vn -0.5855152945177854 0.10640528329545768 0.8036477807924094
vn -0.31115707273342 0.09846920367612946 0.9452434035820392
vn -0.30395101849577705 0.09818019507541025 0.9476151263304815
vn -0.5855152945177854 0.10640528329545768 0.8036477807924094
vn -0.30395101849577705 0.09818019507541025 0.9476151263304815
vn -0.5834051906782671 0.1063710887242314 0.8051854289375066
vn -0.31115707273342 0.09846920367612946 0.9452434035820392
vn -0.009531782160662205 0.08349581940959959 0.9964625398227277
vn -0.008396308058650161 0.08342910497724391 0.9964783421899748
vn -0.31115707273342 0.09846920367612946 0.9452434035820392
vn -0.008396308058650161 0.08342910497724391 0.9964783421899748
vn -0.30395101849577705 0.09818019507541025 0.9476151263304815
vn -0.009531782160662205 0.08349581940959959 0.9964625398227277
vn 0.009531782160662205 0.08349581940959959 0.9964625398227277
vn 0.008396308058650161 0.08342910497724391 0.9964783421899748
vn -0.009531782160662205 0.08349581940959959 0.9964625398227277
vn 0.008396308058650161 0.08342910497724391 0.9964783421899748
vn -0.008396308058650161 0.08342910497724391 0.9964783421899748
vn 0.009531782160662205 0.08349581940959959 0.9964625398227277
vn 0.31115704604480177 0.09846919721091603 0.9452434130409536
vn 0.3039509916691188 0.09818018858600847 0.9476151356075816
vn 0.009531782160662205 0.08349581940959959 0.9964625398227277
vn 0.3039509916691188 0.09818018858600847 0.9476151356075816
vn 0.008396308058650161 0.08342910497724391 0.9964783421899748
vn 0.31115704604480177 0.09846919721091603 0.9452434130409536
vn 0.5855152926610433 0.10640531276035421 0.8036477782439418
vn 0.58340515089839 0.10637109978942222 0.8051854562986193
vn 0.31115704604480177 0.09846919721091603 0.9452434130409536
vn 0.58340515089839 0.10637109978942222 0.8051854562986193
vn 0.3039509916691188 0.09818018858600847 0.9476151356075816
vn 0.5855152926610433 0.10640531276035421 0.8036477782439418
vn 0.8036480066663976 0.1064053565815705 0.5855149711765486
vn 0.8051857265491911 0.10637112592276693 0.5834047731475756
vn 0.5855152926610433 0.10640531276035421 0.8036477782439418
vn 0.8051857265491911 0.10637112592276693 0.5834047731475756
vn 0.58340515089839 0.10637109978942222 0.8051854562986193
vn 0.8036480066663976 0.1064053565815705 0.5855149711765486
vn 0.9452434553947506 0.09846909110571125 0.3111569509591699
vn 0.947615182533058 0.09818008423931344 0.30395087907686763
vn 0.8036480066663976 0.1064053565815705 0.5855149711765486
vn 0.947615182533058 0.09818008423931344 0.30395087907686763
vn 0.8051857265491911 0.10637112592276693 0.5834047731475756
vn 0.9452434553947506 0.09846909110571125 0.3111569509591699
vn 0.9964625185075422 0.08349607094329156 0.009531807102478614
vn 0.9964783207243751 0.08342935902989201 0.008396331233978508
vn 0.9452434553947506 0.09846909110571125 0.3111569509591699
vn 0.9964783207243751 0.08342935902989201 0.008396331233978508
vn 0.947615182533058 0.09818008423931344 0.30395087907686763
vn 0.9964625185075422 0.08349607094329156 0.009531807102478614
vn 0.9964625185075422 0.08349607094329156 -0.009531807102478614
vn 0.9964783207243751 0.08342935902989201 -0.008396331233978508
vn 0.9964625185075422 0.08349607094329156 0.009531807102478614
vn 0.9964783207243751 0.08342935902989201 -0.008396331233978508
vn 0.9964783207243751 0.08342935902989201 0.008396331233978508
vn 0.9964625185075422 0.08349607094329156 -0.009531807102478614
vn 0.9452434560882302 0.09846908372737286 -0.3111569511874508
vn 0.9476151717570321 0.09818008057265659 -0.3039509138572166
vn 0.9964625185075422 0.08349607094329156 -0.009531807102478614
vn 0.9476151717570321 0.09818008057265659 -0.3039509138572166
vn 0.9964783207243751 0.08342935902989201 -0.008396331233978508
vn 0.9452434560882302 0.09846908372737286 -0.3111569511874508
vn 0.8036479856278429 0.10640527183961845 -0.5855150154531029
vn 0.8051856737413784 0.10637108169355523 -0.5834048540944663
vn 0.9452434560882302 0.09846908372737286 -0.3111569511874508
vn 0.8051856737413784 0.10637108169355523 -0.5834048540944663
vn 0.9476151717570321 0.09818008057265659 -0.3039509138572166
vn 0.8036479856278429 0.10640527183961845 -0.5855150154531029
vn 0.5855152945177854 0.10640528329545768 -0.8036477807924094
vn 0.5834051906782671 0.1063710887242314 -0.8051854289375066
vn 0.8036479856278429 0.10640527183961845 -0.5855150154531029
vn 0.5834051906782671 0.1063710887242314 -0.8051854289375066
vn 0.8051856737413784 0.10637108169355523 -0.5834048540944663
vn 0.5855152945177854 0.10640528329545768 -0.8036477807924094
vn 0.31115707273342 0.09846920367612946 -0.9452434035820392
vn 0.30395101849577705 0.09818019507541025 -0.9476151263304815
vn 0.5855152945177854 0.10640528329545768 -0.8036477807924094
vn 0.30395101849577705 0.09818019507541025 -0.9476151263304815
vn 0.5834051906782671 0.1063710887242314 -0.8051854289375066
vn 0.31115707273342 0.09846920367612946 -0.9452434035820392
vn 0.009531782160662205 0.08349581940959959 -0.9964625398227277
vn 0.008396308058650161 0.08342910497724391 -0.9964783421899748
vn 0.31115707273342 0.09846920367612946 -0.9452434035820392
vn 0.008396308058650161 0.08342910497724391 -0.9964783421899748
vn 0.30395101849577705 0.09818019507541025 -0.9476151263304815
vn 0.009531782160662205 0.08349581940959959 -0.9964625398227277
vn -0.009531782160662205 0.08349581940959959 -0.9964625398227277
vn -0.008396308058650161 0.08342910497724391 -0.9964783421899748
vn 0.009531782160662205 0.08349581940959959 -0.9964625398227277
vn -0.008396308058650161 0.08342910497724391 -0.9964783421899748
vn 0.008396308058650161 0.08342910497724391 -0.9964783421899748
vn -0.009531782160662205 0.08349581940959959 -0.9964625398227277
vn -0.31115704604480177 0.09846919721091603 -0.9452434130409536
vn -0.3039509916691188 0.09818018858600847 -0.9476151356075816
vn -0.009531782160662205 0.08349581940959959 -0.9964625398227277
vn -0.3039509916691188 0.09818018858600847 -0.9476151356075816
vn -0.008396308058650161 0.08342910497724391 -0.9964783421899748
vn -0.31115704604480177 0.09846919721091603 -0.9452434130409536
vn -0.5855152926610433 0.10640531276035421 -0.8036477782439418
vn -0.58340515089839 0.10637109978942222 -0.8051854562986193
vn -0.31115704604480177 0.09846919721091603 -0.9452434130409536
vn -0.58340515089839 0.10637109978942222 -0.8051854562986193
vn -0.3039509916691188 0.09818018858600847 -0.9476151356075816
vn -0.5855152926610433 0.10640531276035421 -0.8036477782439418
vn -0.8036480066663976 0.1064053565815705 -0.5855149711765486
vn -0.8051857265491911 0.10637112592276693 -0.5834047731475756
vn -0.5855152926610433 0.10640531276035421 -0.8036477782439418
vn -0.8051857265491911 0.10637112592276693 -0.5834047731475756
vn -0.58340515089839 0.10637109978942222 -0.8051854562986193
vn -0.8036480066663976 0.1064053565815705 -0.5855149711765486
vn -0.9452434553947506 0.09846909110571125 -0.3111569509591699
vn -0.947615182533058 0.09818008423931344 -0.30395087907686763
vn -0.8036480066663976 0.1064053565815705 -0.5855149711765486
vn -0.947615182533058 0.09818008423931344 -0.30395087907686763
vn -0.8051857265491911 0.10637112592276693 -0.5834047731475756
vn -0.9452434553947506 0.09846909110571125 -0.3111569509591699
vn -0.9964625185075422 0.08349607094329156 -0.009531807102478614
vn -0.9964783207243751 0.08342935902989201 -0.008396331233978508
vn -0.9452434553947506 0.09846909110571125 -0.3111569509591699
vn -0.9964783207243751 0.08342935902989201 -0.008396331233978508
vn -0.947615182533058 0.09818008423931344 -0.30395087907686763
vn -0.9964625185075422 0.08349607094329156 -0.009531807102478614
vn -0.9964625185075422 0.08349607094329156 0.009531807102478614
vn -0.9964783207243751 0.08342935902989201 0.008396331233978508
vn -0.9964625185075422 0.08349607094329156 -0.009531807102478614
vn -0.9964783207243751 0.08342935902989201 0.008396331233978508
vn -0.9964783207243751 0.08342935902989201 -0.008396331233978508
vn -0.9964625185075422 0.08349607094329156 0.009531807102478614
vn -0.9452434560882302 0.09846908372737286 0.3111569511874508
vn -0.9476151717570321 0.09818008057265659 0.3039509138572166
vn -0.9964625185075422 0.08349607094329156 0.009531807102478614
vn -0.9476151717570321 0.09818008057265659 0.3039509138572166
vn -0.9964783207243751 0.08342935902989201 0.008396331233978508
vn 0.9999597150722417 0 -0.00897598087349465
vn 0.9510560239198852 0 -0.30901850974609724
vn 0.9510560239198852 0 -0.30901850974609724
vn 0.9999597150722417 0 -0.00897598087349465
vn 0.9510560239198852 0 -0.30901850974609724
vn 0.9999597150722417 0 -0.00897598087349465
vn 0.9999597150722417 0 0.00897598087349465
vn 0.9999597150722417 0 -0.00897598087349465
vn 0.9999597150722417 0 -0.00897598087349465
vn 0.9999597150722417 0 0.00897598087349465
vn 0.9999597150722417 0 -0.00897598087349465
vn 0.9999597150722417 0 0.00897598087349465
vn 0.9510560239198852 0 0.30901850974609724
vn 0.9999597150722417 0 0.00897598087349465
vn 0.9999597150722417 0 0.00897598087349465
vn 0.9510560239198852 0 0.30901850974609724
vn 0.9999597150722417 0 0.00897598087349465
vn 0.9510560239198852 0 0.30901850974609724
vn 0.8090166997891567 0 0.587785657754816
vn 0.9510560239198852 0 0.30901850974609724
vn 0.9510560239198852 0 0.30901850974609724
vn 0.8090166997891567 0 0.587785657754816
vn 0.9510560239198852 0 0.30901850974609724
vn 0.8090166997891567 0 0.587785657754816
vn 0.5877848671652048 0 0.8090172741861466
vn 0.8090166997891567 0 0.587785657754816
vn 0.8090166997891567 0 0.587785657754816
vn 0.5877848671652048 0 0.8090172741861466
vn 0.8090166997891567 0 0.587785657754816
vn 0.5877848671652048 0 0.8090172741861466
vn 0.3090182321033858 0 0.9510561141319148
vn 0.5877848671652048 0 0.8090172741861466
vn 0.5877848671652048 0 0.8090172741861466
vn 0.3090182321033858 0 0.9510561141319148
vn 0.5877848671652048 0 0.8090172741861466
vn 0.3090182321033858 0 0.9510561141319148
vn 0.008975959454801065 0 0.9999597152645029
vn 0.3090182321033858 0 0.9510561141319148
vn 0.3090182321033858 0 0.9510561141319148
vn 0.008975959454801065 0 0.9999597152645029
vn 0.3090182321033858 0 0.9510561141319148
vn 0.008975959454801065 0 0.9999597152645029
vn -0.008975959454801065 0 0.9999597152645029
vn 0.008975959454801065 0 0.9999597152645029
vn 0.008975959454801065 0 0.9999597152645029
vn -0.008975959454801065 0 0.9999597152645029
vn 0.008975959454801065 0 0.9999597152645029
vn -0.008975959454801065 0 0.9999597152645029
vn -0.3090182321033858 0 0.9510561141319148
vn -0.008975959454801065 0 0.9999597152645029
vn -0.008975959454801065 0 0.9999597152645029
vn -0.3090182321033858 0 0.9510561141319148
vn -0.008975959454801065 0 0.9999597152645029
vn -0.3090182321033858 0 0.9510561141319148
vn -0.5877848671652048 0 0.8090172741861466
vn -0.3090182321033858 0 0.9510561141319148
vn -0.3090182321033858 0 0.9510561141319148
vn -0.5877848671652048 0 0.8090172741861466
vn -0.3090182321033858 0 0.9510561141319148
vn -0.5877848671652048 0 0.8090172741861466
vn -0.8090166997891567 0 0.587785657754816
vn -0.5877848671652048 0 0.8090172741861466
vn -0.5877848671652048 0 0.8090172741861466
vn -0.8090166997891567 0 0.587785657754816
vn -0.5877848671652048 0 0.8090172741861466
vn -0.8090166997891567 0 0.587785657754816
vn -0.9510560239198852 0 0.30901850974609724
vn -0.8090166997891567 0 0.587785657754816
vn -0.8090166997891567 0 0.587785657754816
vn -0.9510560239198852 0 0.30901850974609724
vn -0.8090166997891567 0 0.587785657754816
vn -0.9510560239198852 0 0.30901850974609724
vn -0.9999597150722417 0 0.00897598087349465
vn -0.9510560239198852 0 0.30901850974609724
vn -0.9510560239198852 0 0.30901850974609724
vn -0.9999597150722417 0 0.00897598087349465
vn -0.9510560239198852 0 0.30901850974609724
vn -0.9999597150722417 0 0.00897598087349465
vn -0.9999597150722417 0 -0.00897598087349465
vn -0.9999597150722417 0 0.00897598087349465
vn -0.9999597150722417 0 0.00897598087349465
vn -0.9999597150722417 0 -0.00897598087349465
vn -0.9999597150722417 0 0.00897598087349465
vn -0.9999597150722417 0 -0.00897598087349465
vn -0.9510560239198852 0 -0.30901850974609724
vn -0.9999597150722417 0 -0.00897598087349465
vn -0.9999597150722417 0 -0.00897598087349465
vn -0.9510560239198852 0 -0.30901850974609724
vn -0.9999597150722417 0 -0.00897598087349465
vn -0.9510560239198852 0 -0.30901850974609724
vn -0.8090166997891567 0 -0.587785657754816
vn -0.9510560239198852 0 -0.30901850974609724
vn -0.9510560239198852 0 -0.30901850974609724
vn -0.8090166997891567 0 -0.587785657754816
vn -0.9510560239198852 0 -0.30901850974609724
vn -0.8090166997891567 0 -0.587785657754816
vn -0.5877848671652048 0 -0.8090172741861466
vn -0.8090166997891567 0 -0.587785657754816
vn -0.8090166997891567 0 -0.587785657754816
vn -0.5877848671652048 0 -0.8090172741861466
vn -0.8090166997891567 0 -0.587785657754816
vn -0.5877848671652048 0 -0.8090172741861466
vn -0.3090182321033858 0 -0.9510561141319148
vn -0.5877848671652048 0 -0.8090172741861466
vn -0.5877848671652048 0 -0.8090172741861466
vn -0.3090182321033858 0 -0.9510561141319148
vn -0.5877848671652048 0 -0.8090172741861466
vn -0.3090182321033858 0 -0.9510561141319148
vn -0.008975959454801065 0 -0.9999597152645029
vn -0.3090182321033858 0 -0.9510561141319148
vn -0.3090182321033858 0 -0.9510561141319148
vn -0.008975959454801065 0 -0.9999597152645029
vn -0.3090182321033858 0 -0.9510561141319148
vn -0.008975959454801065 0 -0.9999597152645029
vn 0.008975959454801065 0 -0.9999597152645029
vn -0.008975959454801065 0 -0.9999597152645029
vn -0.008975959454801065 0 -0.9999597152645029
vn 0.008975959454801065 0 -0.9999597152645029
vn -0.008975959454801065 0 -0.9999597152645029
vn 0.008975959454801065 0 -0.9999597152645029
vn 0.3090182321033858 0 -0.9510561141319148
vn 0.008975959454801065 0 -0.9999597152645029
vn 0.008975959454801065 0 -0.9999597152645029
vn 0.3090182321033858 0 -0.9510561141319148
vn 0.008975959454801065 0 -0.9999597152645029
vn 0.3090182321033858 0 -0.9510561141319148
vn 0.5877848671652048 0 -0.8090172741861466
vn 0.3090182321033858 0 -0.9510561141319148
vn 0.3090182321033858 0 -0.9510561141319148
vn 0.5877848671652048 0 -0.8090172741861466
vn 0.3090182321033858 0 -0.9510561141319148
vn 0.5877848671652048 0 -0.8090172741861466
vn 0.8090166997891567 0 -0.587785657754816
vn 0.5877848671652048 0 -0.8090172741861466
vn 0.5877848671652048 0 -0.8090172741861466
vn 0.8090166997891567 0 -0.587785657754816
vn 0.5877848671652048 0 -0.8090172741861466
vn 0.8090166997891567 0 -0.587785657754816
vn 0.9510560239198852 0 -0.30901850974609724
vn 0.8090166997891567 0 -0.587785657754816
vn 0.8090166997891567 0 -0.587785657754816
vn 0.9510560239198852 0 -0.30901850974609724
vn 0.8090166997891567 0 -0.587785657754816
vn 0.9510560239198852 0 -0.30901850974609724
vn -0.008059861770979103 -0.9999667035360484 0.001276889768587905
vn -0.008059862221853134 -0.9999667035326604 0.0012768895760571803
vn -0.008059861770980302 -0.9999667035361971 0.0012768896521727772
vn -0.008059861770979103 -0.9999667035360484 0.001276889768587905
vn -0.008059861770980302 -0.9999667035361971 0.0012768896521727772
vn -0.008059862702241146 -0.9999667035285426 0.0012768897685783204
vn -0.008059817521349735 0.9999667039018698 0.0012768825916099986
vn -0.008059816590087749 0.9999667039093758 0.0012768825916195832
vn -0.008059817070474238 0.9999667039054067 0.0012768826677251794
vn -0.008059817521349735 0.9999667039018698 0.0012768825916099986
vn -0.008059817070474238 0.9999667039054067 0.0012768826677251794
vn -0.008059817521349735 0.9999667039018698 0.0012768825916099986
vn -0.008979006892729713 -0.9999596879050776 0
vn -0.008979006892729713 -0.9999596879050776 0
vn -0.008979007427898646 -0.9999596879002721 0
vn -0.008979006892729713 -0.9999596879050776 0
vn -0.008979007427898646 -0.9999596879002721 0
vn -0.008979007427898646 -0.9999596879002721 0
vn -0.008979006892729713 0.9999596879050776 0
vn -0.008979006892729713 0.9999596879050776 0
vn -0.008979007427898646 0.9999596879002721 0
vn -0.008979006892729713 0.9999596879050776 0
vn -0.008979007427898646 0.9999596879002721 0
vn -0.008979007427898646 0.9999596879002721 0
vn -0.008059817521349735 -0.9999667039018698 -0.0012768825916099986
vn -0.008059816590087749 -0.9999667039093758 -0.0012768825916195832
vn -0.008059817070474238 -0.9999667039054067 -0.0012768826677251794
vn -0.008059817521349735 -0.9999667039018698 -0.0012768825916099986
vn -0.008059817070474238 -0.9999667039054067 -0.0012768826677251794
vn -0.008059817521349735 -0.9999667039018698 -0.0012768825916099986
vn -0.008059861770979103 0.9999667035360484 -0.001276889768587905
vn -0.008059862221853134 0.9999667035326604 -0.0012768895760571803
vn -0.008059861770980302 0.9999667035361971 -0.0012768896521727772
vn -0.008059861770979103 0.9999667035360484 -0.001276889768587905
vn -0.008059861770980302 0.9999667035361971 -0.0012768896521727772
vn -0.008059862702241146 0.9999667035285426 -0.0012768897685783204
vn -0.006426222623611215 -0.9999739997080523 -0.003271631194382787
vn -0.00642622262361611 -0.9999739997088141 -0.003271630961554652
vn -0.006426222623611215 -0.9999739997080523 -0.003271631194382787
vn -0.006426222623611215 -0.9999739997080523 -0.003271631194382787
vn -0.006426222623611215 -0.9999739997080523 -0.003271631194382787
vn -0.006426223006638862 -0.9999739997057145 -0.003271631156553981
vn -0.0064262539986646725 0.9999739803071553 -0.0032774941966961873
vn -0.006426254081277205 0.9999739803065019 -0.0032774942341657273
vn -0.0064262546295219295 0.9999739803013294 -0.0032774947372816964
vn -0.0064262539986646725 0.9999739803071553 -0.0032774941966961873
vn -0.0064262546295219295 0.9999739803013294 -0.0032774947372816964
vn -0.006426254163889723 0.9999739803058479 -0.0032774942716352617
vn -0.004903611401126673 -0.9999759724666071 -0.004899906600171103
vn -0.004903611401126673 -0.9999759724666071 -0.004899906600171103
vn -0.0049036112277475764 -0.999975972466026 -0.004899906892232464
vn -0.004903611401126673 -0.9999759724666071 -0.004899906600171103
vn -0.0049036112277475764 -0.999975972466026 -0.004899906892232464
vn -0.0049036112277475764 -0.999975972466026 -0.004899906892232464
vn -0.0049036134658284715 0.9999759540666647 -0.004903658169310924
vn -0.0049036134658284715 0.9999759540666647 -0.004903658169310924
vn -0.004903613173568583 0.9999759540718147 -0.004903657411387124
vn -0.0049036134658284715 0.9999759540666647 -0.004903658169310924
vn -0.004903613173568583 0.9999759540718147 -0.004903657411387124
vn -0.004903613173568583 0.9999759540718147 -0.004903657411387124
vn -0.0032743282939769343 -0.9999739965358782 -0.0064253425034589765
vn -0.003274327790662397 -0.9999739965380574 -0.0064253424208019095
vn -0.0032743278283402684 -0.9999739965433867 -0.006425341572184718
vn -0.0032743282939769343 -0.9999739965358782 -0.0064253425034589765
vn -0.0032743278283402684 -0.9999739965433867 -0.006425341572184718
vn -0.0032743277906721944 -0.9999739965410493 -0.006425341955159855
vn -0.0032743278111755435 0.9999740028027365 -0.006424367366329377
vn -0.0032743283144900832 0.9999740028005571 -0.006424367449044566
vn -0.0032743278111755435 0.9999740028027365 -0.006424367366329377
vn -0.0032743278111755435 0.9999740028027365 -0.006424367366329377
vn -0.0032743278111755435 0.9999740028027365 -0.006424367366329377
vn -0.0032743278488338206 0.9999740028020817 -0.00642436744905436
vn -0.0012765766878425362 -0.999966672237302 -0.008063793562348315
vn -0.001276576687832949 -0.9999666722297923 -0.008063794493610268
vn -0.0012765766475147686 -0.9999666722334776 -0.008063794042973043
vn -0.0012765766878425362 -0.999966672237302 -0.008063793562348315
vn -0.0012765766475147686 -0.9999666722334776 -0.008063794042973043
vn -0.001276576763939487 -0.999966672240839 -0.008063793111709837
vn -0.0012765761658097374 0.9999667788753884 -0.008050558916803481
vn -0.0012765761658097374 0.9999667788753884 -0.008050558916803481
vn -0.0012765760494041793 0.9999667788830344 -0.008050557985542484
vn -0.0012765761658097374 0.9999667788753884 -0.008050558916803481
vn -0.0012765760494041793 0.9999667788830344 -0.008050557985542484
vn -0.0012765761658193086 0.9999667788828858 -0.008050557985541287
vn 0 -0.9999596415446685 -0.008984168401023878
vn 0 -0.9999596415446685 -0.008984168401023878
vn 0 -0.9999596415398575 -0.008984168936500428
vn 0 -0.9999596415446685 -0.008984168401023878
vn 0 -0.9999596415398575 -0.008984168936500428
vn 0 -0.9999596415398575 -0.008984168936500428
vn 0 0.9999596796632668 -0.00897992470664621
vn 0 0.9999596796632668 -0.00897992470664621
vn 0 0.999959679654904 -0.008979925637893658
vn 0 0.9999596796632668 -0.00897992470664621
vn 0 0.999959679654904 -0.008979925637893658
vn 0 0.999959679654904 -0.008979925637893658
vn 0.002120346568952944 -0.9999705833592463 -0.0073713327557697545
vn 0.0012765760120892213 -0.9999666900488626 -0.008061584608946556
vn 0.0012765760120892213 -0.9999666900488626 -0.008061584608946556
vn 0.002120346568952944 -0.9999705833592463 -0.0073713327557697545
vn 0.0012765760120892213 -0.9999666900488626 -0.008061584608946556
vn 0.002594233865379902 -0.9999722488373438 -0.006983659917040524
vn 0.0012765766854949839 0.9999667300030605 -0.008056627020810966
vn 0.002120346274431952 0.9999706044655852 -0.007368469068186456
vn 0.002594233741309129 0.9999722606177179 -0.006981972957999922
vn 0.0012765766854949839 0.9999667300030605 -0.008056627020810966
vn 0.002594233741309129 0.9999722606177179 -0.006981972957999922
vn 0.0012765767616015084 0.9999667300141005 -0.00805662563848315
vn 0.0032743279824745063 -0.9999739840110703 -0.006427291598403015
vn 0.002120346568952944 -0.9999705833592463 -0.0073713327557697545
vn 0.002594233865379902 -0.9999722488373438 -0.006983659917040524
vn 0.0032743279824745063 -0.9999739840110703 -0.006427291598403015
vn 0.002594233865379902 -0.9999722488373438 -0.006983659917040524
vn 0.003274327982484306 -0.9999739840140632 -0.006427291132760978
vn 0.002120346274431952 0.9999706044655852 -0.007368469068186456
vn 0.0032743279824745063 0.9999739840110703 -0.006427291598403015
vn 0.003274327982484306 0.9999739840140632 -0.006427291132760978
vn 0.002120346274431952 0.9999706044655852 -0.007368469068186456
vn 0.003274327982484306 0.9999739840140632 -0.006427291132760978
vn 0.002594233741309129 0.9999722606177179 -0.006981972957999922
vn 0.004903613510899482 -0.9999759632578309 -0.004901783462069772
vn 0.004903613510899482 -0.9999759632578309 -0.004901783462069772
vn 0.004903613218617195 -0.9999759632584138 -0.004901783635557819
vn 0.004903613510899482 -0.9999759632578309 -0.004901783462069772
vn 0.004903613218617195 -0.9999759632584138 -0.004901783635557819
vn 0.004903613218617195 -0.9999759632584138 -0.004901783635557819
vn 0.004903611333550805 0.9999759586861012 -0.004902718195273421
vn 0.004903611333550805 0.9999759586861012 -0.004902718195273421
vn 0.004903611160182897 0.9999759586878016 -0.004902718021852276
vn 0.004903611333550805 0.9999759586861012 -0.004902718195273421
vn 0.004903611160182897 0.9999759586878016 -0.004902718021852276
vn 0.004903611160182897 0.9999759586878016 -0.004902718021852276
vn 0.00642625382129881 -0.9999739994565281 -0.0032716467932118647
vn 0.006426254286931043 -0.9999739994520124 -0.003271647258858344
vn 0.00642625382129881 -0.9999739994565281 -0.0032716467932118647
vn 0.00642625382129881 -0.9999739994565281 -0.0032716467932118647
vn 0.00642625382129881 -0.9999739994565281 -0.0032716467932118647
vn 0.00642625382129881 -0.9999739994565281 -0.0032716467932118647
vn 0.006426221952314654 0.9999739805656278 -0.003277478169701132
vn 0.0064262223353422805 0.9999739805632892 -0.003277478132220828
vn 0.0064262225005662 0.9999739805612187 -0.003277478439989938
vn 0.006426221952314654 0.9999739805656278 -0.003277478169701132
vn 0.0064262225005662 0.9999739805612187 -0.003277478439989938
vn 0.0064262225005662 0.9999739805612187 -0.003277478439989938
vn 0.008059861770979103 -0.9999667035360484 -0.001276889768587905
vn 0.008059862221853134 -0.9999667035326604 -0.0012768895760571803
vn 0.008059861770980302 -0.9999667035361971 -0.0012768896521727772
vn 0.008059861770979103 -0.9999667035360484 -0.001276889768587905
vn 0.008059861770980302 -0.9999667035361971 -0.0012768896521727772
vn 0.008059862702241146 -0.9999667035285426 -0.0012768897685783204
vn 0.008059817521349735 0.9999667039018698 -0.0012768825916099986
vn 0.008059816590087749 0.9999667039093758 -0.0012768825916195832
vn 0.008059817070474238 0.9999667039054067 -0.0012768826677251794
vn 0.008059817521349735 0.9999667039018698 -0.0012768825916099986
vn 0.008059817070474238 0.9999667039054067 -0.0012768826677251794
vn 0.008059817521349735 0.9999667039018698 -0.0012768825916099986
vn 0.008979006892729713 -0.9999596879050776 0
vn 0.008979006892729713 -0.9999596879050776 0
vn 0.008979007427898646 -0.9999596879002721 0
vn 0.008979006892729713 -0.9999596879050776 0
vn 0.008979007427898646 -0.9999596879002721 0
vn 0.008979007427898646 -0.9999596879002721 0
vn 0.008979006892729713 0.9999596879050776 0
vn 0.008979006892729713 0.9999596879050776 0
vn 0.008979007427898646 0.9999596879002721 0
vn 0.008979006892729713 0.9999596879050776 0
vn 0.008979007427898646 0.9999596879002721 0
vn 0.008979007427898646 0.9999596879002721 0
vn 0.008059817521349735 -0.9999667039018698 0.0012768825916099986
vn 0.008059816590087749 -0.9999667039093758 0.0012768825916195832
vn 0.008059817070474238 -0.9999667039054067 0.0012768826677251794
vn 0.008059817521349735 -0.9999667039018698 0.0012768825916099986
vn 0.008059817070474238 -0.9999667039054067 0.0012768826677251794
vn 0.008059817521349735 -0.9999667039018698 0.0012768825916099986
vn 0.008059861770979103 0.9999667035360484 0.001276889768587905
vn 0.008059862221853134 0.9999667035326604 0.0012768895760571803
vn 0.008059861770980302 0.9999667035361971 0.0012768896521727772
vn 0.008059861770979103 0.9999667035360484 0.001276889768587905
vn 0.008059861770980302 0.9999667035361971 0.0012768896521727772
vn 0.008059862702241146 0.9999667035285426 0.0012768897685783204
vn 0.006426222623611215 -0.9999739997080523 0.003271631194382787
vn 0.00642622262361611 -0.9999739997088141 0.003271630961554652
vn 0.006426222623611215 -0.9999739997080523 0.003271631194382787
vn 0.006426222623611215 -0.9999739997080523 0.003271631194382787
vn 0.006426222623611215 -0.9999739997080523 0.003271631194382787
vn 0.006426223006638862 -0.9999739997057145 0.003271631156553981
vn 0.0064262539986646725 0.9999739803071553 0.0032774941966961873
vn 0.006426254081277205 0.9999739803065019 0.0032774942341657273
vn 0.0064262546295219295 0.9999739803013294 0.0032774947372816964
vn 0.0064262539986646725 0.9999739803071553 0.0032774941966961873
vn 0.0064262546295219295 0.9999739803013294 0.0032774947372816964
vn 0.006426254163889723 0.9999739803058479 0.0032774942716352617
vn 0.004903611401126673 -0.9999759724666071 0.004899906600171103
vn 0.004903611401126673 -0.9999759724666071 0.004899906600171103
vn 0.0049036112277475764 -0.999975972466026 0.004899906892232464
vn 0.004903611401126673 -0.9999759724666071 0.004899906600171103
vn 0.0049036112277475764 -0.999975972466026 0.004899906892232464
vn 0.0049036112277475764 -0.999975972466026 0.004899906892232464
vn 0.0049036134658284715 0.9999759540666647 0.004903658169310924
vn 0.0049036134658284715 0.9999759540666647 0.004903658169310924
vn 0.004903613173568583 0.9999759540718147 0.004903657411387124
vn 0.0049036134658284715 0.9999759540666647 0.004903658169310924
vn 0.004903613173568583 0.9999759540718147 0.004903657411387124
vn 0.004903613173568583 0.9999759540718147 0.004903657411387124
vn 0.0021203462226052155 -0.9999705800237221 0.007371785327654554
vn 0.003274327790662397 -0.9999739965380574 0.0064253424208019095
vn 0.0032743278283402684 -0.9999739965433867 0.006425341572184718
vn 0.0021203462226052155 -0.9999705800237221 0.007371785327654554
vn 0.0032743278283402684 -0.9999739965433867 0.006425341572184718
vn 0.002594233720389935 -0.999972252554214 0.00698312774158675
vn 0.0032743278111755435 0.9999740028027365 0.006424367366329377
vn 0.0021203464549366 0.9999706393929145 0.007363727523286255
vn 0.0025942339682886372 0.9999722885044997 0.006977977729354616
vn 0.0032743278111755435 0.9999740028027365 0.006424367366329377
vn 0.0025942339682886372 0.9999722885044997 0.006977977729354616
vn 0.0032743278488338206 0.9999740028020817 0.00642436744905436
vn 0.0012765766878425362 -0.999966672237302 0.008063793562348315
vn 0.0021203462226052155 -0.9999705800237221 0.007371785327654554
vn 0.002594233720389935 -0.999972252554214 0.00698312774158675
vn 0.0012765766878425362 -0.999966672237302 0.008063793562348315
vn 0.002594233720389935 -0.999972252554214 0.00698312774158675
vn 0.001276576763939487 -0.999966672240839 0.008063793111709837
vn 0.0021203464549366 0.9999706393929145 0.007363727523286255
vn 0.0012765761658097374 0.9999667788753884 0.008050558916803481
vn 0.0012765760494041793 0.9999667788830344 0.008050557985542484
vn 0.0021203464549366 0.9999706393929145 0.007363727523286255
vn 0.0012765760494041793 0.9999667788830344 0.008050557985542484
vn 0.0025942339682886372 0.9999722885044997 0.006977977729354616
vn 0 -0.9999596415446685 0.008984168401023878
vn 0 -0.9999596415446685 0.008984168401023878
vn 0 -0.9999596415398575 0.008984168936500428
vn 0 -0.9999596415446685 0.008984168401023878
vn 0 -0.9999596415398575 0.008984168936500428
vn 0 -0.9999596415398575 0.008984168936500428
vn 0 0.9999596796632668 0.00897992470664621
vn 0 0.9999596796632668 0.00897992470664621
vn 0 0.999959679654904 0.008979925637893658
vn 0 0.9999596796632668 0.00897992470664621
vn 0 0.999959679654904 0.008979925637893658
vn 0 0.999959679654904 0.008979925637893658
vn -0.0012765761285043478 -0.9999666900487141 0.00806158460894536
vn -0.0012765760120892213 -0.9999666900488626 0.008061584608946556
vn -0.0012765760120892213 -0.9999666900488626 0.008061584608946556
vn -0.0012765761285043478 -0.9999666900487141 0.00806158460894536
vn -0.0012765760120892213 -0.9999666900488626 0.008061584608946556
vn -0.0012765760120892213 -0.9999666900488626 0.008061584608946556
vn -0.0012765766854949839 0.9999667300030605 0.008056627020810966
vn -0.0012765768019101077 0.9999667300029119 0.00805662702080977
vn -0.0012765769183156533 0.9999667299952602 0.00805662795207063
vn -0.0012765766854949839 0.9999667300030605 0.008056627020810966
vn -0.0012765769183156533 0.9999667299952602 0.00805662795207063
vn -0.0012765767616015084 0.9999667300141005 0.00805662563848315
vn -0.0032743279824745063 -0.9999739840110703 0.006427291598403015
vn -0.003274328485789025 -0.9999739840088917 0.006427291680943892
vn -0.003274327749656165 -0.9999739840148256 0.006427291132765878
vn -0.0032743279824745063 -0.9999739840110703 0.006427291598403015
vn -0.003274327749656165 -0.9999739840148256 0.006427291132765878
vn -0.003274327982484306 -0.9999739840140632 0.006427291132760978
vn -0.003274328485789025 0.9999739840088917 0.006427291680943892
vn -0.0032743279824745063 0.9999739840110703 0.006427291598403015
vn -0.003274327982484306 0.9999739840140632 0.006427291132760978
vn -0.003274328485789025 0.9999739840088917 0.006427291680943892
vn -0.003274327982484306 0.9999739840140632 0.006427291132760978
vn -0.003274327749656165 0.9999739840148256 0.006427291132765878
vn -0.004903613510899482 -0.9999759632578309 0.004901783462069772
vn -0.004903613510899482 -0.9999759632578309 0.004901783462069772
vn -0.004903613218617195 -0.9999759632584138 0.004901783635557819
vn -0.004903613510899482 -0.9999759632578309 0.004901783462069772
vn -0.004903613218617195 -0.9999759632584138 0.004901783635557819
vn -0.004903613218617195 -0.9999759632584138 0.004901783635557819
vn -0.004903611333550805 0.9999759586861012 0.004902718195273421
vn -0.004903611333550805 0.9999759586861012 0.004902718195273421
vn -0.004903611160182897 0.9999759586878016 0.004902718021852276
vn -0.004903611333550805 0.9999759586861012 0.004902718195273421
vn -0.004903611160182897 0.9999759586878016 0.004902718021852276
vn -0.004903611160182897 0.9999759586878016 0.004902718021852276
vn -0.00642625382129881 -0.9999739994565281 0.0032716467932118647
vn -0.006426254286931043 -0.9999739994520124 0.003271647258858344
vn -0.00642625382129881 -0.9999739994565281 0.0032716467932118647
vn -0.00642625382129881 -0.9999739994565281 0.0032716467932118647
vn -0.00642625382129881 -0.9999739994565281 0.0032716467932118647
vn -0.00642625382129881 -0.9999739994565281 0.0032716467932118647
vn -0.006426221952314654 0.9999739805656278 0.003277478169701132
vn -0.0064262223353422805 0.9999739805632892 0.003277478132220828
vn -0.0064262225005662 0.9999739805612187 0.003277478439989938
vn -0.006426221952314654 0.9999739805656278 0.003277478169701132
vn -0.0064262225005662 0.9999739805612187 0.003277478439989938
vn -0.0064262225005662 0.9999739805612187 0.003277478439989938
vn 0.018458904144426056 0 0.9998296199142067
vn 0.018458904144426056 0 0.9998296199142067
vn 0.2969945952866307 0 0.9548791600880869
vn 0.018458904144426056 0 0.9998296199142067
vn 0.2969945952866307 0 0.9548791600880869
vn 0.2969945952866307 0 0.9548791600880869
vn 0.2969945952866307 0 0.9548791600880869
vn 0.2969945952866307 0 0.9548791600880869
vn 0.5877836227620299 0 0.8090181782956077
vn 0.2969945952866307 0 0.9548791600880869
vn 0.5877836227620299 0 0.8090181782956077
vn 0.5877836227620299 0 0.8090181782956077
vn 0.5877836227620299 0 0.8090181782956077
vn 0.5877836227620299 0 0.8090181782956077
vn 0.8090172046567121 0 0.5877849628643451
vn 0.5877836227620299 0 0.8090181782956077
vn 0.8090172046567121 0 0.5877849628643451
vn 0.8090172046567121 0 0.5877849628643451
vn 0.8090172046567121 0 0.5877849628643451
vn 0.8090172046567121 0 0.5877849628643451
vn 0.9548784683714305 0 0.296996819243289
vn 0.8090172046567121 0 0.5877849628643451
vn 0.9548784683714305 0 0.296996819243289
vn 0.9548784683714305 0 0.296996819243289
vn 0.9548784683714305 0 0.296996819243289
vn 0.9548784683714305 0 0.296996819243289
vn 0.9999757572602556 0 0.0069631093469919155
vn 0.9548784683714305 0 0.296996819243289
vn 0.9999757572602556 0 0.0069631093469919155
vn 0.9999757572602556 0 0.0069631093469919155
vn -0.9999757572602556 0 0.0069631093469919155
vn -0.9999757572602556 0 0.0069631093469919155
vn -0.9548783395308239 0 0.2969972334801402
vn -0.9999757572602556 0 0.0069631093469919155
vn -0.9548783395308239 0 0.2969972334801402
vn -0.9548783395308239 0 0.2969972334801402
vn -0.9548783395308239 0 0.2969972334801402
vn -0.9548783395308239 0 0.2969972334801402
vn -0.8090174081537412 0 0.5877846827744005
vn -0.9548783395308239 0 0.2969972334801402
vn -0.8090174081537412 0 0.5877846827744005
vn -0.8090174081537412 0 0.5877846827744005
vn -0.8090174081537412 0 0.5877846827744005
vn -0.8090174081537412 0 0.5877846827744005
vn -0.5877840482314113 0 0.8090178691751463
vn -0.8090174081537412 0 0.5877846827744005
vn -0.5877840482314113 0 0.8090178691751463
vn -0.5877840482314113 0 0.8090178691751463
vn -0.5877840482314113 0 0.8090178691751463
vn -0.5877840482314113 0 0.8090178691751463
vn -0.2969945952866307 0 0.9548791600880869
vn -0.5877840482314113 0 0.8090178691751463
vn -0.2969945952866307 0 0.9548791600880869
vn -0.2969945952866307 0 0.9548791600880869
vn -0.2969945952866307 0 0.9548791600880869
vn -0.2969945952866307 0 0.9548791600880869
vn -0.018458885524321723 0 0.9998296202579717
vn -0.2969945952866307 0 0.9548791600880869
vn -0.018458885524321723 0 0.9998296202579717
vn -0.018458885524321723 0 0.9998296202579717
vn 0.018458904144426056 0 0.9998296199142067
vn -6.607211133768928e-8 0 0.9999999999999978
vn -4.888885030140949e-8 0 0.9999999999999987
vn 0.018458904144426056 0 0.9998296199142067
vn -4.888885030140949e-8 0 0.9999999999999987
vn 0.018458904144426056 0 0.9998296199142067
vn -4.888880411613166e-8 0 0.9999999999999987
vn -6.607204738884306e-8 0 0.9999999999999978
vn -0.018458885524321723 0 0.9998296202579717
vn -4.888880411613166e-8 0 0.9999999999999987
vn -0.018458885524321723 0 0.9998296202579717
vn -0.018458885524321723 0 0.9998296202579717
vn -4.888885030140949e-8 0 0.9999999999999987
vn -6.607211133768928e-8 0 0.9999999999999978
vn 1.542458250014515e-7 0 0.9999999999999881
vn -4.888885030140949e-8 0 0.9999999999999987
vn 1.542458250014515e-7 0 0.9999999999999881
vn -1.7631471393997072e-7 0 0.9999999999999845
vn -1.76314998157065e-7 0 0.9999999999999845
vn 1.542460807968364e-7 0 0.9999999999999881
vn -6.607204738884306e-8 0 0.9999999999999978
vn -1.76314998157065e-7 0 0.9999999999999845
vn -6.607204738884306e-8 0 0.9999999999999978
vn -4.888880411613166e-8 0 0.9999999999999987
vn -1.7631471393997072e-7 0 0.9999999999999845
vn 1.542458250014515e-7 0 0.9999999999999881
vn 0.0000012098919341942986 0 0.999999999999268
vn -1.7631471393997072e-7 0 0.9999999999999845
vn 0.0000012098919341942986 0 0.999999999999268
vn 9.42970586947503e-7 0 0.9999999999995555
vn 2.154829559231025e-7 0 0.9999999999999768
vn -2.430174106393607e-7 0 0.9999999999999704
vn 5.268414611236217e-7 0 0.9999999999998611
vn 2.154829559231025e-7 0 0.9999999999999768
vn 5.268414611236217e-7 0 0.9999999999998611
vn 2.167541737207961e-7 0 0.9999999999999766
vn 7.277670874825963e-7 0 0.9999999999997351
vn 7.277671443260151e-7 0 0.9999999999997351
vn 3.109915951426805e-7 0 0.9999999999999515
vn 7.277670874825963e-7 0 0.9999999999997351
vn 3.109915951426805e-7 0 0.9999999999999515
vn 4.0486253283230645e-7 0 0.999999999999918
vn 5.125603479427136e-7 0 0.9999999999998688
vn 2.456395122862812e-7 0 0.9999999999999697
vn 1.542460807968364e-7 0 0.9999999999999881
vn 5.125603479427136e-7 0 0.9999999999998688
vn 1.542460807968364e-7 0 0.9999999999999881
vn -1.76314998157065e-7 0 0.9999999999999845
vn 2.167541737207961e-7 0 0.9999999999999766
vn 5.268414611236217e-7 0 0.9999999999998611
vn 2.456395122862812e-7 0 0.9999999999999697
vn 2.167541737207961e-7 0 0.9999999999999766
vn 2.456395122862812e-7 0 0.9999999999999697
vn 5.125603479427136e-7 0 0.9999999999998688
vn 0.0000012387785091040813 0 0.9999999999992327
vn 9.286919180336186e-7 0 0.9999999999995688
vn 7.277671443260151e-7 0 0.9999999999997351
vn 0.0000012387785091040813 0 0.9999999999992327
vn 7.277671443260151e-7 0 0.9999999999997351
vn 7.277670874825963e-7 0 0.9999999999997351
vn 9.42970586947503e-7 0 0.9999999999995555
vn 0.0000012098919341942986 0 0.999999999999268
vn 9.286919180336186e-7 0 0.9999999999995688
vn 9.42970586947503e-7 0 0.9999999999995555
vn 9.286919180336186e-7 0 0.9999999999995688
vn 0.0000012387785091040813 0 0.9999999999992327
vn -4.0486253283230645e-7 0 0.999999999999918
vn -3.109915951426805e-7 0 0.9999999999999515
vn -2.430174106393607e-7 0 0.9999999999999704
vn -4.0486253283230645e-7 0 0.999999999999918
vn -2.430174106393607e-7 0 0.9999999999999704
vn 2.154829559231025e-7 0 0.9999999999999768
vn 4.0486253283230645e-7 0 0.999999999999918
vn 3.109915951426805e-7 0 0.9999999999999515
vn -3.109915951426805e-7 0 0.9999999999999515
vn 4.0486253283230645e-7 0 0.999999999999918
vn -3.109915951426805e-7 0 0.9999999999999515
vn -4.0486253283230645e-7 0 0.999999999999918
vn 0.0013329318191052974 0.08877827306681578 -0.9960505215720935
vn 0.005863375274541799 0.38157169518850054 -0.9243206490506224
vn 0.12208756078192542 0.3604069953741622 -0.9247710122985517
vn 0.0013329318191052974 0.08877827306681578 -0.9960505215720935
vn 0.12208756078192542 0.3604069953741622 -0.9247710122985517
vn 0.03121685730293526 0.0923654064640034 -0.9952357205752153
vn 0.014291668871883333 0.9233813046641854 -0.3836179276278982
vn 0.015786367139023157 0.9969813623471169 -0.07601943004942016
vn 0.32071584260381186 0.9434752720027593 -0.08364065651491748
vn 0.014291668871883333 0.9233813046641854 -0.3836179276278982
vn 0.32071584260381186 0.9434752720027593 -0.08364065651491748
vn 0.29554811779066437 0.8731056050442028 -0.3877343323859678
vn 0.030492364445993948 0.9950983214142191 -0.09407202787808894
vn 0.11675877265963248 0.9255342601443795 -0.36021343992973415
vn 0.008809337412318215 0.9242280742509738 -0.3817392596271601
vn 0.030492364445993948 0.9950983214142191 -0.09407202787808894
vn 0.008809337412318215 0.9242280742509738 -0.3817392596271601
vn 0.0019859051048197883 0.9962884770249096 -0.08605420808014318
vn 0.28483791511447926 0.3867384272308099 -0.8770979141556979
vn 0.3078966223009847 0.08395315185975018 -0.9477085724358826
vn 0.023381177911390428 0.08457694410806128 -0.9961425907192292
vn 0.28483791511447926 0.3867384272308099 -0.8770979141556979
vn 0.023381177911390428 0.08457694410806128 -0.9961425907192292
vn 0.021664052924292 0.3832521389527581 -0.9233896614100839
vn -0.04551594624305751 0.08439465463683443 -0.9953923050266806
vn -0.18048500882138402 0.3348495659182281 -0.9248248103263228
vn -0.23543131459984573 0.2984108938619903 -0.9249448818877136
vn -0.04551594624305751 0.08439465463683443 -0.9953923050266806
vn -0.23543131459984573 0.2984108938619903 -0.9249448818877136
vn -0.06954098656101433 0.08808755137645799 -0.9936823609587828
vn -0.4387681275758289 0.8112176912395356 -0.38653381177278495
vn -0.47491575941797015 0.8759219997964097 -0.0849451100953504
vn -0.6197144810778545 0.779919646573531 -0.08763165427529046
vn -0.4387681275758289 0.8112176912395356 -0.38653381177278495
vn -0.6197144810778545 0.779919646573531 -0.08763165427529046
vn -0.5722459486554982 0.7220892224188673 -0.38874378337651244
vn 0.04550210163283923 0.08437366369686498 -0.9953947174972163
vn 0.18050040782747787 0.33488167434863575 -0.9248101788797356
vn 0.07607715316315025 0.36824168493716203 -0.9266122858246757
vn 0.04550210163283923 0.08437366369686498 -0.9953947174972163
vn 0.07607715316315025 0.36824168493716203 -0.9266122858246757
vn 0.01543655311762215 0.0746546552672236 -0.9970899634811188
vn 0.43876828000106394 0.8112113749542015 -0.38654689445114154
vn 0.47491710677498405 0.8759220662948612 -0.08493689110285933
vn 0.2048519354475222 0.9750142463786969 -0.08592382616006951
vn 0.43876828000106394 0.8112113749542015 -0.38654689445114154
vn 0.2048519354475222 0.9750142463786969 -0.08592382616006951
vn 0.18853271138477415 0.9013903087234756 -0.3898088352991796
vn -0.030492312075929128 0.9950982547603737 -0.0940727499179363
vn 0 0.9999999999993545 0.0000011361782981104568
vn 0 0.9999999999995907 -9.04607134088649e-7
vn -0.030492312075929128 0.9950982547603737 -0.0940727499179363
vn 0 0.9999999999995907 -9.04607134088649e-7
vn -0.0019835844720642137 0.9962789949285122 -0.08616396959794555
vn -0.05901727376334057 0.9949464072891534 -0.08123181654960725
vn 0 0.9999999999998318 -5.799729478893757e-7
vn 0 0.9999999999993545 0.0000011361782981104568
vn -0.05901727376334057 0.9949464072891534 -0.08123181654960725
vn 0 0.9999999999993545 0.0000011361782981104568
vn -0.030492312075929128 0.9950982547603737 -0.0940727499179363
vn -0.08123058007805449 0.9949464988236382 -0.059017432498939856
vn 0 0.9999999999998318 -5.799764153379263e-7
vn 0 0.9999999999998318 -5.799729478893757e-7
vn -0.08123058007805449 0.9949464988236382 -0.059017432498939856
vn 0 0.9999999999998318 -5.799729478893757e-7
vn -0.05901727376334057 0.9949464072891534 -0.08123181654960725
vn -0.09407320363239494 0.9950982062080324 -0.030492496780255212
vn 0 0.9999999999999092 -4.2607052819217405e-7
vn 0 0.9999999999998318 -5.799764153379263e-7
vn -0.09407320363239494 0.9950982062080324 -0.030492496780255212
vn 0 0.9999999999998318 -5.799764153379263e-7
vn -0.08123058007805449 0.9949464988236382 -0.059017432498939856
vn -0.08580617494122472 0.9963115650066076 -0.0007521808559829076
vn 0 0.999999999999999 -4.233686468069205e-8
vn 0 0.9999999999999092 -4.2607052819217405e-7
vn -0.08580617494122472 0.9963115650066076 -0.0007521808559829076
vn 0 0.9999999999999092 -4.2607052819217405e-7
vn -0.09407320363239494 0.9950982062080324 -0.030492496780255212
vn 0.09407322608553857 0.9950982072806586 -0.030492392504997738
vn 0 0.9999999999999112 4.212749047382739e-7
vn 0 0.9999999999999999 -1.4112293555967879e-8
vn 0.09407322608553857 0.9950982072806586 -0.030492392504997738
vn 0 0.9999999999999999 -1.4112293555967879e-8
vn 0.08580617264254053 0.9963115652215956 -0.0007521583165731312
vn 0.08123060879076845 0.994946485477695 -0.05901761797178965
vn 0 0.9999999999998318 5.799753353129679e-7
vn 0 0.9999999999999112 4.212749047382739e-7
vn 0.08123060879076845 0.994946485477695 -0.05901761797178965
vn 0 0.9999999999999112 4.212749047382739e-7
vn 0.09407322608553857 0.9950982072806586 -0.030492392504997738
vn 0.059017325379053555 0.9949464578179888 -0.08123116015754017
vn 0 0.9999999999993273 0.0000011599494200701356
vn 0 0.9999999999998318 5.799753353129679e-7
vn 0.059017325379053555 0.9949464578179888 -0.08123116015754017
vn 0 0.9999999999998318 5.799753353129679e-7
vn 0.08123060879076845 0.994946485477695 -0.05901761797178965
vn 0.030492364445993948 0.9950983214142191 -0.09407202787808894
vn 0 0.9999999999974399 0.000002262767111454769
vn 0 0.9999999999993273 0.0000011599494200701356
vn 0.030492364445993948 0.9950983214142191 -0.09407202787808894
vn 0 0.9999999999993273 0.0000011599494200701356
vn 0.059017325379053555 0.9949464578179888 -0.08123116015754017
vn 0.0019859051048197883 0.9962884770249096 -0.08605420808014318
vn 0 0.9999999999995907 -9.046066793412981e-7
vn 0 0.9999999999974399 0.000002262767111454769
vn 0.0019859051048197883 0.9962884770249096 -0.08605420808014318
vn 0 0.9999999999974399 0.000002262767111454769
vn 0.030492364445993948 0.9950983214142191 -0.09407202787808894
vn -0.0019835844720642137 0.9962789949285122 -0.08616396959794555
vn 0 0.9999999999995907 -9.04607134088649e-7
vn 0.01664279317554231 0.9998614284915709 -0.0003758325576252557
vn -0.0019835844720642137 0.9962789949285122 -0.08616396959794555
vn 0.01664279317554231 0.9998614284915709 -0.0003758325576252557
vn 0.015786367139023157 0.9969813623471169 -0.07601943004942016
vn -0.0157866217791683 0.9969896115730329 -0.07591111241613265
vn -0.016642789451284588 0.9998614285535944 -0.0003758324703370824
vn 0 0.9999999999995907 -9.046066793412981e-7
vn -0.0157866217791683 0.9969896115730329 -0.07591111241613265
vn 0 0.9999999999995907 -9.046066793412981e-7
vn 0.0019859051048197883 0.9962884770249096 -0.08605420808014318
vn 0.015786367139023157 0.9969813623471169 -0.07601943004942016
vn 0.01664279317554231 0.9998614284915709 -0.0003758325576252557
vn 0.32337109469556263 0.9462507446673222 -0.006376780687140547
vn 0.015786367139023157 0.9969813623471169 -0.07601943004942016
vn 0.32337109469556263 0.9462507446673222 -0.006376780687140547
vn 0.32071584260381186 0.9434752720027593 -0.08364065651491748
vn -0.3207310039746257 0.9434746208528745 -0.08358984923992561
vn -0.3233712196719368 0.9462507019383757 -0.0063767835948334295
vn -0.016642789451284588 0.9998614285535944 -0.0003758324703370824
vn -0.3207310039746257 0.9434746208528745 -0.08358984923992561
vn -0.016642789451284588 0.9998614285535944 -0.0003758324703370824
vn -0.0157866217791683 0.9969896115730329 -0.07591111241613265
vn 0.32071584260381186 0.9434752720027593 -0.08364065651491748
vn 0.32337109469556263 0.9462507446673222 -0.006376780687140547
vn 0.5563159001572482 0.8309280596970101 -0.008436755323749002
vn 0.32071584260381186 0.9434752720027593 -0.08364065651491748
vn 0.5563159001572482 0.8309280596970101 -0.008436755323749002
vn 0.5521607397861584 0.8293976186015788 -0.08495944736656696
vn -0.47491575941797015 0.8759219997964097 -0.0849451100953504
vn -0.4763345835293704 0.879257049507783 -0.003522133553591509
vn -0.6217610182281612 0.7831724213399028 -0.007361702552664665
vn -0.47491575941797015 0.8759219997964097 -0.0849451100953504
vn -0.6217610182281612 0.7831724213399028 -0.007361702552664665
vn -0.6197144810778545 0.779919646573531 -0.08763165427529046
vn 0.47491710677498405 0.8759220662948612 -0.08493689110285933
vn 0.47633432335824527 0.8792571881690499 -0.003522704060607592
vn 0.20538018814595702 0.9786818108857541 -0.0009441178486939161
vn 0.47491710677498405 0.8759220662948612 -0.08493689110285933
vn 0.20538018814595702 0.9786818108857541 -0.0009441178486939161
vn 0.2048519354475222 0.9750142463786969 -0.08592382616006951
vn -0.5521605484894146 0.8293980170837171 -0.08495680048981938
vn -0.5563156844813015 0.8309282128752632 -0.008435890470033524
vn -0.3233712196719368 0.9462507019383757 -0.0063767835948334295
vn -0.5521605484894146 0.8293980170837171 -0.08495680048981938
vn -0.3233712196719368 0.9462507019383757 -0.0063767835948334295
vn -0.3207310039746257 0.9434746208528745 -0.08358984923992561
vn -0.6197144810778545 0.779919646573531 -0.08763165427529046
vn -0.6217610182281612 0.7831724213399028 -0.007361702552664665
vn -0.5563156844813015 0.8309282128752632 -0.008435890470033524
vn -0.6197144810778545 0.779919646573531 -0.08763165427529046
vn -0.5563156844813015 0.8309282128752632 -0.008435890470033524
vn -0.5521605484894146 0.8293980170837171 -0.08495680048981938
vn 0.619708800933273 0.7799257789799586 -0.0876172433277256
vn 0.621758351173005 0.7831745265904075 -0.0073629916825508224
vn 0.47633432335824527 0.8792571881690499 -0.003522704060607592
vn 0.619708800933273 0.7799257789799586 -0.0876172433277256
vn 0.47633432335824527 0.8792571881690499 -0.003522704060607592
vn 0.47491710677498405 0.8759220662948612 -0.08493689110285933
vn 0.5521607397861584 0.8293976186015788 -0.08495944736656696
vn 0.5563159001572482 0.8309280596970101 -0.008436755323749002
vn 0.621758351173005 0.7831745265904075 -0.0073629916825508224
vn 0.5521607397861584 0.8293976186015788 -0.08495944736656696
vn 0.621758351173005 0.7831745265904075 -0.0073629916825508224
vn 0.619708800933273 0.7799257789799586 -0.0876172433277256
vn -0.20483581149058214 0.9750159706250426 -0.08594269810228396
vn -0.20537115554297505 0.9786837063245062 -0.0009441641122949097
vn -0.4763345835293704 0.879257049507783 -0.003522133553591509
vn -0.20483581149058214 0.9750159706250426 -0.08594269810228396
vn -0.4763345835293704 0.879257049507783 -0.003522133553591509
vn -0.47491575941797015 0.8759219997964097 -0.0849451100953504
vn 0.2048519354475222 0.9750142463786969 -0.08592382616006951
vn 0.20538018814595702 0.9786818108857541 -0.0009441178486939161
vn -0.20537115554297505 0.9786837063245062 -0.0009441641122949097
vn 0.2048519354475222 0.9750142463786969 -0.08592382616006951
vn -0.20537115554297505 0.9786837063245062 -0.0009441641122949097
vn -0.20483581149058214 0.9750159706250426 -0.08594269810228396
vn -0.9963647352920715 0.08472010923492755 -0.008934056054336878
vn -0.9237605969010356 0.3828816132284416 -0.0082480218615377
vn -0.8770985737094995 0.3867362796635102 -0.2848388000058785
vn -0.9963647352920715 0.08472010923492755 -0.008934056054336878
vn -0.8770985737094995 0.3867362796635102 -0.2848388000058785
vn -0.9477083350342477 0.08395284119594042 -0.3078974377316952
vn -0.38245085669298284 0.9239697522664078 -0.003352478420005718
vn -0.08580617494122472 0.9963115650066076 -0.0007521808559829076
vn -0.09407320363239494 0.9950982062080324 -0.030492496780255212
vn -0.38245085669298284 0.9239697522664078 -0.003352478420005718
vn -0.09407320363239494 0.9950982062080324 -0.030492496780255212
vn -0.3602040125809136 0.9255384838252899 -0.11675437584515772
vn -0.02338534215709355 0.0846097988937063 -0.9961397029048498
vn -0.021622105802418315 0.3828352280085807 -0.9235635726555519
vn 0.005863375274541799 0.38157169518850054 -0.9243206490506224
vn -0.02338534215709355 0.0846097988937063 -0.9961397029048498
vn 0.005863375274541799 0.38157169518850054 -0.9243206490506224
vn 0.0013329318191052974 0.08877827306681578 -0.9960505215720935
vn -0.008797430344379839 0.9240549709346578 -0.382158364961811
vn -0.0019835844720642137 0.9962789949285122 -0.08616396959794555
vn 0.015786367139023157 0.9969813623471169 -0.07601943004942016
vn -0.008797430344379839 0.9240549709346578 -0.382158364961811
vn 0.015786367139023157 0.9969813623471169 -0.07601943004942016
vn 0.014291668871883333 0.9233813046641854 -0.3836179276278982
vn -0.0019835844720642137 0.9962789949285122 -0.08616396959794555
vn -0.008797430344379839 0.9240549709346578 -0.382158364961811
vn -0.11675872121656658 0.9255342657803676 -0.36021344212323336
vn -0.0019835844720642137 0.9962789949285122 -0.08616396959794555
vn -0.11675872121656658 0.9255342657803676 -0.36021344212323336
vn -0.030492312075929128 0.9950982547603737 -0.0940727499179363
vn -0.021622105802418315 0.3828352280085807 -0.9235635726555519
vn -0.02338534215709355 0.0846097988937063 -0.9961397029048498
vn -0.30789670727651225 0.08395299418924947 -0.9477085587958682
vn -0.021622105802418315 0.3828352280085807 -0.9235635726555519
vn -0.30789670727651225 0.08395299418924947 -0.9477085587958682
vn -0.2848382800750832 0.3867383775821971 -0.877097817526049
vn -0.030492312075929128 0.9950982547603737 -0.0940727499179363
vn -0.11675872121656658 0.9255342657803676 -0.36021344212323336
vn -0.22256834979706314 0.9255361582434946 -0.30634318900945845
vn -0.030492312075929128 0.9950982547603737 -0.0940727499179363
vn -0.22256834979706314 0.9255361582434946 -0.30634318900945845
vn -0.05901727376334057 0.9949464072891534 -0.08123181654960725
vn -0.2848382800750832 0.3867383775821971 -0.877097817526049
vn -0.30789670727651225 0.08395299418924947 -0.9477085587958682
vn -0.585713332077823 0.08388557250186263 -0.8061656798402724
vn -0.2848382800750832 0.3867383775821971 -0.877097817526049
vn -0.585713332077823 0.08388557250186263 -0.8061656798402724
vn -0.5420488385412129 0.38673306138985775 -0.7460701011729061
vn -0.05901727376334057 0.9949464072891534 -0.08123181654960725
vn -0.22256834979706314 0.9255361582434946 -0.30634318900945845
vn -0.30633580663064336 0.9255394028658194 -0.22256501818285793
vn -0.05901727376334057 0.9949464072891534 -0.08123181654960725
vn -0.30633580663064336 0.9255394028658194 -0.22256501818285793
vn -0.08123058007805449 0.9949464988236382 -0.059017432498939856
vn -0.5420488385412129 0.38673306138985775 -0.7460701011729061
vn -0.585713332077823 0.08388557250186263 -0.8061656798402724
vn -0.8061667402775177 0.08388513037410125 -0.5857119358289032
vn -0.5420488385412129 0.38673306138985775 -0.7460701011729061
vn -0.8061667402775177 0.08388513037410125 -0.5857119358289032
vn -0.7460681863756624 0.3867300187862464 -0.5420536448062309
vn -0.08123058007805449 0.9949464988236382 -0.059017432498939856
vn -0.30633580663064336 0.9255394028658194 -0.22256501818285793
vn -0.3602040125809136 0.9255384838252899 -0.11675437584515772
vn -0.08123058007805449 0.9949464988236382 -0.059017432498939856
vn -0.3602040125809136 0.9255384838252899 -0.11675437584515772
vn -0.09407320363239494 0.9950982062080324 -0.030492496780255212
vn -0.7460681863756624 0.3867300187862464 -0.5420536448062309
vn -0.8061667402775177 0.08388513037410125 -0.5857119358289032
vn -0.9477083350342477 0.08395284119594042 -0.3078974377316952
vn -0.7460681863756624 0.3867300187862464 -0.5420536448062309
vn -0.9477083350342477 0.08395284119594042 -0.3078974377316952
vn -0.8770985737094995 0.3867362796635102 -0.2848388000058785
vn 0.08580617264254053 0.9963115652215956 -0.0007521583165731312
vn 0.38245085669298284 0.9239697522664078 -0.003352478420005718
vn 0.36020388928811375 0.9255382775468821 -0.11675639141934328
vn 0.08580617264254053 0.9963115652215956 -0.0007521583165731312
vn 0.36020388928811375 0.9255382775468821 -0.11675639141934328
vn 0.09407322608553857 0.9950982072806586 -0.030492392504997738
vn 0.9237605969010356 0.3828816132284416 -0.0082480218615377
vn 0.9963647352920715 0.08472010923492755 -0.008934056054336878
vn 0.947708341952107 0.08395286416050086 -0.3078974101768912
vn 0.9237605969010356 0.3828816132284416 -0.0082480218615377
vn 0.947708341952107 0.08395286416050086 -0.3078974101768912
vn 0.8770985788741573 0.3867362293781801 -0.2848388523767107
vn 0.09407322608553857 0.9950982072806586 -0.030492392504997738
vn 0.36020388928811375 0.9255382775468821 -0.11675639141934328
vn 0.30633557623482854 0.9255385926401624 -0.22256870459825007
vn 0.09407322608553857 0.9950982072806586 -0.030492392504997738
vn 0.30633557623482854 0.9255385926401624 -0.22256870459825007
vn 0.08123060879076845 0.994946485477695 -0.05901761797178965
vn 0.8770985788741573 0.3867362293781801 -0.2848388523767107
vn 0.947708341952107 0.08395286416050086 -0.3078974101768912
vn 0.8061667123563341 0.0838852379790311 -0.5857119588481877
vn 0.8770985788741573 0.3867362293781801 -0.2848388523767107
vn 0.8061667123563341 0.0838852379790311 -0.5857119588481877
vn 0.7460680767122839 0.38673005353676515 -0.5420537709510785
vn 0.08123060879076845 0.994946485477695 -0.05901761797178965
vn 0.30633557623482854 0.9255385926401624 -0.22256870459825007
vn 0.22256813241320744 0.9255355924248325 -0.30634505641337056
vn 0.08123060879076845 0.994946485477695 -0.05901761797178965
vn 0.22256813241320744 0.9255355924248325 -0.30634505641337056
vn 0.059017325379053555 0.9949464578179888 -0.08123116015754017
vn 0.7460680767122839 0.38673005353676515 -0.5420537709510785
vn 0.8061667123563341 0.0838852379790311 -0.5857119588481877
vn 0.5857133565613728 0.08388565051418664 -0.8061656539343646
vn 0.7460680767122839 0.38673005353676515 -0.5420537709510785
vn 0.5857133565613728 0.08388565051418664 -0.8061656539343646
vn 0.5420489468292817 0.3867330535979521 -0.7460700265364306
vn 0.059017325379053555 0.9949464578179888 -0.08123116015754017
vn 0.22256813241320744 0.9255355924248325 -0.30634505641337056
vn 0.11675877265963248 0.9255342601443795 -0.36021343992973415
vn 0.059017325379053555 0.9949464578179888 -0.08123116015754017
vn 0.11675877265963248 0.9255342601443795 -0.36021343992973415
vn 0.030492364445993948 0.9950983214142191 -0.09407202787808894
vn 0.5420489468292817 0.3867330535979521 -0.7460700265364306
vn 0.5857133565613728 0.08388565051418664 -0.8061656539343646
vn 0.3078966223009847 0.08395315185975018 -0.9477085724358826
vn 0.5420489468292817 0.3867330535979521 -0.7460700265364306
vn 0.3078966223009847 0.08395315185975018 -0.9477085724358826
vn 0.28483791511447926 0.3867384272308099 -0.8770979141556979
vn 0.0019859051048197883 0.9962884770249096 -0.08605420808014318
vn 0.008809337412318215 0.9242280742509738 -0.3817392596271601
vn -0.014295641580288851 0.9235850125101894 -0.3831270798290835
vn 0.0019859051048197883 0.9962884770249096 -0.08605420808014318
vn -0.014295641580288851 0.9235850125101894 -0.3831270798290835
vn -0.0157866217791683 0.9969896115730329 -0.07591111241613265
vn 0.021664052924292 0.3832521389527581 -0.9233896614100839
vn 0.023381177911390428 0.08457694410806128 -0.9961425907192292
vn -0.001333642245092494 0.08877174288506195 -0.9960511026365619
vn 0.021664052924292 0.3832521389527581 -0.9233896614100839
vn -0.001333642245092494 0.08877174288506195 -0.9960511026365619
vn -0.005869784881247685 0.38205567153106057 -0.9241206682443578
vn -0.0157866217791683 0.9969896115730329 -0.07591111241613265
vn -0.014295641580288851 0.9235850125101894 -0.3831270798290835
vn -0.2956509560321258 0.8731707246425885 -0.3875092228895037
vn -0.0157866217791683 0.9969896115730329 -0.07591111241613265
vn -0.2956509560321258 0.8731707246425885 -0.3875092228895037
vn -0.3207310039746257 0.9434746208528745 -0.08358984923992561
vn -0.005869784881247685 0.38205567153106057 -0.9241206682443578
vn -0.001333642245092494 0.08877174288506195 -0.9960511026365619
vn -0.03122584916803627 0.09227145919031106 -0.995244153041165
vn -0.005869784881247685 0.38205567153106057 -0.9241206682443578
vn -0.03122584916803627 0.09227145919031106 -0.995244153041165
vn -0.12228946209441946 0.36057054470696626 -0.924680577145632
vn 0.03121685730293526 0.0923654064640034 -0.9952357205752153
vn 0.12208756078192542 0.3604069953741622 -0.9247710122985517
vn 0.209305474878526 0.31225293092407064 -0.9266549116662589
vn 0.03121685730293526 0.0923654064640034 -0.9952357205752153
vn 0.209305474878526 0.31225293092407064 -0.9266549116662589
vn 0.06689973252631323 0.10005279000680932 -0.9927305097556743
vn 0.29554811779066437 0.8731056050442028 -0.3877343323859678
vn 0.32071584260381186 0.9434752720027593 -0.08364065651491748
vn 0.5521607397861584 0.8293976186015788 -0.08495944736656696
vn 0.29554811779066437 0.8731056050442028 -0.3877343323859678
vn 0.5521607397861584 0.8293976186015788 -0.08495944736656696
vn 0.5087504367599169 0.7657470078025066 -0.393452046808886
vn -0.3207310039746257 0.9434746208528745 -0.08358984923992561
vn -0.2956509560321258 0.8731707246425885 -0.3875092228895037
vn -0.5087509595539309 0.7657508615623189 -0.3934438704180314
vn -0.3207310039746257 0.9434746208528745 -0.08358984923992561
vn -0.5087509595539309 0.7657508615623189 -0.3934438704180314
vn -0.5521605484894146 0.8293980170837171 -0.08495680048981938
vn -0.12228946209441946 0.36057054470696626 -0.924680577145632
vn -0.03122584916803627 0.09227145919031106 -0.995244153041165
vn -0.06688353393947846 0.10002828351484734 -0.9927340708290614
vn -0.12228946209441946 0.36057054470696626 -0.924680577145632
vn -0.06688353393947846 0.10002828351484734 -0.9927340708290614
vn -0.20930576908028684 0.31225349146713083 -0.9266546563290428
vn -0.47491575941797015 0.8759219997964097 -0.0849451100953504
vn -0.4387681275758289 0.8112176912395356 -0.38653381177278495
vn -0.18852634166314278 0.9013972013873586 -0.3897959771856931
vn -0.47491575941797015 0.8759219997964097 -0.0849451100953504
vn -0.18852634166314278 0.9013972013873586 -0.3897959771856931
vn -0.20483581149058214 0.9750159706250426 -0.08594269810228396
vn -0.18048500882138402 0.3348495659182281 -0.9248248103263228
vn -0.04551594624305751 0.08439465463683443 -0.9953923050266806
vn -0.015436314941960839 0.07467519024079534 -0.9970884294502236
vn -0.18048500882138402 0.3348495659182281 -0.9248248103263228
vn -0.015436314941960839 0.07467519024079534 -0.9970884294502236
vn -0.07605132030200346 0.3682329744324389 -0.9266178679590421
vn 0.47491710677498405 0.8759220662948612 -0.08493689110285933
vn 0.43876828000106394 0.8112113749542015 -0.38654689445114154
vn 0.5722317620941756 0.722094287985768 -0.3887552568248067
vn 0.47491710677498405 0.8759220662948612 -0.08493689110285933
vn 0.5722317620941756 0.722094287985768 -0.3887552568248067
vn 0.619708800933273 0.7799257789799586 -0.0876172433277256
vn 0.18050040782747787 0.33488167434863575 -0.9248101788797356
vn 0.04550210163283923 0.08437366369686498 -0.9953947174972163
vn 0.06954464906360106 0.08810414177425878 -0.993680633799835
vn 0.18050040782747787 0.33488167434863575 -0.9248101788797356
vn 0.06954464906360106 0.08810414177425878 -0.993680633799835
vn 0.23541814852891862 0.2984350529660876 -0.9249404383550027
vn -0.06954098656101433 0.08808755137645799 -0.9936823609587828
vn -0.23543131459984573 0.2984108938619903 -0.9249448818877136
vn -0.20930576908028684 0.31225349146713083 -0.9266546563290428
vn -0.06954098656101433 0.08808755137645799 -0.9936823609587828
vn -0.20930576908028684 0.31225349146713083 -0.9266546563290428
vn -0.06688353393947846 0.10002828351484734 -0.9927340708290614
vn -0.5722459486554982 0.7220892224188673 -0.38874378337651244
vn -0.6197144810778545 0.779919646573531 -0.08763165427529046
vn -0.5521605484894146 0.8293980170837171 -0.08495680048981938
vn -0.5722459486554982 0.7220892224188673 -0.38874378337651244
vn -0.5521605484894146 0.8293980170837171 -0.08495680048981938
vn -0.5087509595539309 0.7657508615623189 -0.3934438704180314
vn 0.06689973252631323 0.10005279000680932 -0.9927305097556743
vn 0.209305474878526 0.31225293092407064 -0.9266549116662589
vn 0.23541814852891862 0.2984350529660876 -0.9249404383550027
vn 0.06689973252631323 0.10005279000680932 -0.9927305097556743
vn 0.23541814852891862 0.2984350529660876 -0.9249404383550027
vn 0.06954464906360106 0.08810414177425878 -0.993680633799835
vn 0.5087504367599169 0.7657470078025066 -0.393452046808886
vn 0.5521607397861584 0.8293976186015788 -0.08495944736656696
vn 0.619708800933273 0.7799257789799586 -0.0876172433277256
vn 0.5087504367599169 0.7657470078025066 -0.393452046808886
vn 0.619708800933273 0.7799257789799586 -0.0876172433277256
vn 0.5722317620941756 0.722094287985768 -0.3887552568248067
vn 0.01543655311762215 0.0746546552672236 -0.9970899634811188
vn 0.07607715316315025 0.36824168493716203 -0.9266122858246757
vn -0.07605132030200346 0.3682329744324389 -0.9266178679590421
vn 0.01543655311762215 0.0746546552672236 -0.9970899634811188
vn -0.07605132030200346 0.3682329744324389 -0.9266178679590421
vn -0.015436314941960839 0.07467519024079534 -0.9970884294502236
vn 0.18853271138477415 0.9013903087234756 -0.3898088352991796
vn 0.2048519354475222 0.9750142463786969 -0.08592382616006951
vn -0.20483581149058214 0.9750159706250426 -0.08594269810228396
vn 0.18853271138477415 0.9013903087234756 -0.3898088352991796
vn -0.20483581149058214 0.9750159706250426 -0.08594269810228396
vn -0.18852634166314278 0.9013972013873586 -0.3897959771856931
vn 4.712941891410589e-7 -0.9999997088542362 -0.0007630800880818213
vn 4.722647618087066e-7 -0.999999707653863 -0.000764651532027307
vn 0 -1 0
vn 4.712941891410589e-7 -0.9999997088542362 -0.0007630800880818213
vn 0 -1 0
vn 0 -1 0
vn 0 -1 0
vn 0 -1 0
vn 0 -1 0
vn 0 -1 0
vn 0 -1 0
vn 0 -1 0
vn 0 -1 0
vn 0 -1 0
vn 0 -0.9999999999996569 -8.283298029706998e-7
vn 0 -1 0
vn 0 -0.9999999999996569 -8.283298029706998e-7
vn 0 -0.9999999999996569 -8.283335546363447e-7
vn 0 -0.9999999999996569 -8.283335546363447e-7
vn 0 -0.9999999999996569 -8.283298029706998e-7
vn 0 -0.9999999999999213 -3.967754480526907e-7
vn 0 -0.9999999999996569 -8.283335546363447e-7
vn 0 -0.9999999999999213 -3.967754480526907e-7
vn 0 -0.9999999999999176 -4.0583040572524916e-7
vn 0 -0.9999999999999176 -4.0583040572524916e-7
vn 0 -0.9999999999999213 -3.967754480526907e-7
vn 0 -0.9999999999999992 4.030266964605286e-8
vn 0 -0.9999999999999176 -4.0583040572524916e-7
vn 0 -0.9999999999999992 4.030266964605286e-8
vn 0 -0.9999999999999992 4.088354188525042e-8
vn 0 -0.9999999999999966 8.176691324024404e-8
vn 0 -0.9999999999999968 8.060517586727629e-8
vn 0 -1 9.147370860773663e-9
vn 0 -0.9999999999999966 8.176691324024404e-8
vn 0 -1 9.147370860773663e-9
vn 0 -1 -2.825711442611123e-9
vn 0 -1 -2.825711442611123e-9
vn 0 -1 9.147370860773663e-9
vn 0 -0.9999999999969122 -0.000002484998049104946
vn 0 -1 -2.825711442611123e-9
vn 0 -0.9999999999969122 -0.000002484998049104946
vn 0 -0.9999999999969124 -0.0000024849930468840863
vn 0 -0.9999999999969124 -0.0000024849930468840863
vn 0 -0.9999999999969122 -0.000002484998049104946
vn 0 -0.9999999999986277 -0.0000016566591511923437
vn 0 -0.9999999999969124 -0.0000024849930468840863
vn 0 -0.9999999999986277 -0.0000016566591511923437
vn 0 -0.9999999999986277 -0.0000016566747262891116
vn 0 -0.9999999999986277 -0.0000016566747262891116
vn 0 -0.9999999999986277 -0.0000016566591511923437
vn 0 -1 0
vn 0 -0.9999999999986277 -0.0000016566747262891116
vn 0 -1 0
vn 0 -1 0
vn 0 -1 0
vn 0 -1 0
vn -4.1978032209247574e-7 -0.9999997052315053 -0.0007678129502416649
vn 0 -1 0
vn -4.1978032209247574e-7 -0.9999997052315053 -0.0007678129502416649
vn -4.1892596945810485e-7 -0.999999706430092 -0.0007662503208256831
vn -0.016393852288006563 -0.9998655266648739 -0.0004125461587819405
vn -0.01797465993631373 -0.9998383753562213 -0.0003671038077500284
vn 4.722647618087066e-7 -0.999999707653863 -0.000764651532027307
vn -0.016393852288006563 -0.9998655266648739 -0.0004125461587819405
vn 4.722647618087066e-7 -0.999999707653863 -0.000764651532027307
vn 4.712941891410589e-7 -0.9999997088542362 -0.0007630800880818213
vn -4.1892596945810485e-7 -0.999999706430092 -0.0007662503208256831
vn -4.1978032209247574e-7 -0.9999997052315053 -0.0007678129502416649
vn 0.01796875616563617 -0.9998384802476221 -0.0003704294607074188
vn -4.1892596945810485e-7 -0.999999706430092 -0.0007662503208256831
vn 0.01796875616563617 -0.9998384802476221 -0.0003704294607074188
vn 0.016388056294199028 -0.9998656202848928 -0.0004159124963664982
vn -0.3210890012506075 -0.9470258406484049 0.006626493799104373
vn -0.32368611635138245 -0.9461412238559113 0.006639473006031182
vn -0.01797465993631373 -0.9998383753562213 -0.0003671038077500284
vn -0.3210890012506075 -0.9470258406484049 0.006626493799104373
vn -0.01797465993631373 -0.9998383753562213 -0.0003671038077500284
vn -0.016393852288006563 -0.9998655266648739 -0.0004125461587819405
vn 0.016388056294199028 -0.9998656202848928 -0.0004159124963664982
vn 0.01796875616563617 -0.9998384802476221 -0.0003704294607074188
vn 0.32368455636204746 -0.9461417577908344 0.006639438016450952
vn 0.016388056294199028 -0.9998656202848928 -0.0004159124963664982
vn 0.32368455636204746 -0.9461417577908344 0.006639438016450952
vn 0.32108785847332616 -0.9470262275341609 0.006626575543147638
vn -0.5494714110831532 -0.8354640790893022 0.008996719054870294
vn -0.5536004925582224 -0.8327332471605801 0.009046198797828966
vn -0.32368611635138245 -0.9461412238559113 0.006639473006031182
vn -0.5494714110831532 -0.8354640790893022 0.008996719054870294
vn -0.32368611635138245 -0.9461412238559113 0.006639473006031182
vn -0.3210890012506075 -0.9470258406484049 0.006626493799104373
vn 0.6246210505669386 -0.780886537090488 0.008047321261111667
vn 0.6234103476290334 -0.7818539782615688 0.007993443913998331
vn 0.4775840346881972 -0.8785796222157798 0.0033670815434811052
vn 0.6246210505669386 -0.780886537090488 0.008047321261111667
vn 0.4775840346881972 -0.8785796222157798 0.0033670815434811052
vn 0.4786994641017382 -0.8779722838665391 0.0033899603068138196
vn -0.2102777326970672 -0.9776415066587576 0.0005996580485382664
vn -0.2093083486944613 -0.9778495087464583 0.0005944839004223608
vn -0.4775868415360671 -0.8785780824837619 0.0033707225871851616
vn -0.2102777326970672 -0.9776415066587576 0.0005996580485382664
vn -0.4775868415360671 -0.8785780824837619 0.0033707225871851616
vn -0.47870435302556874 -0.8779696041208613 0.003393616688675785
vn 0.32108785847332616 -0.9470262275341609 0.006626575543147638
vn 0.32368455636204746 -0.9461417577908344 0.006639438016450952
vn 0.5535961514845751 -0.8327361533777411 0.009044330771836072
vn 0.32108785847332616 -0.9470262275341609 0.006626575543147638
vn 0.5535961514845751 -0.8327361533777411 0.009044330771836072
vn 0.5494578297073397 -0.8354730326836164 0.00899472243822843
vn 0.5494578297073397 -0.8354730326836164 0.00899472243822843
vn 0.5535961514845751 -0.8327361533777411 0.009044330771836072
vn 0.6234103476290334 -0.7818539782615688 0.007993443913998331
vn 0.5494578297073397 -0.8354730326836164 0.00899472243822843
vn 0.6234103476290334 -0.7818539782615688 0.007993443913998331
vn 0.6246210505669386 -0.780886537090488 0.008047321261111667
vn -0.47870435302556874 -0.8779696041208613 0.003393616688675785
vn -0.4775868415360671 -0.8785780824837619 0.0033707225871851616
vn -0.6234098529888192 -0.7818543580172574 0.00799487622673909
vn -0.47870435302556874 -0.8779696041208613 0.003393616688675785
vn -0.6234098529888192 -0.7818543580172574 0.00799487622673909
vn -0.6246164428904181 -0.780890209925757 0.008048559686574565
vn -0.6246164428904181 -0.780890209925757 0.008048559686574565
vn -0.6234098529888192 -0.7818543580172574 0.00799487622673909
vn -0.5536004925582224 -0.8327332471605801 0.009046198797828966
vn -0.6246164428904181 -0.780890209925757 0.008048559686574565
vn -0.5536004925582224 -0.8327332471605801 0.009046198797828966
vn -0.5494714110831532 -0.8354640790893022 0.008996719054870294
vn 0.4786994641017382 -0.8779722838665391 0.0033899603068138196
vn 0.4775840346881972 -0.8785796222157798 0.0033670815434811052
vn 0.209296313882691 -0.9778520866149241 0.000591352650567343
vn 0.4786994641017382 -0.8779722838665391 0.0033899603068138196
vn 0.209296313882691 -0.9778520866149241 0.000591352650567343
vn 0.21024183038541683 -0.9776492300823877 0.0005963853657050472
vn 0.21024183038541683 -0.9776492300823877 0.0005963853657050472
vn 0.209296313882691 -0.9778520866149241 0.000591352650567343
vn -0.2093083486944613 -0.9778495087464583 0.0005944839004223608
vn 0.21024183038541683 -0.9776492300823877 0.0005963853657050472
vn -0.2093083486944613 -0.9778495087464583 0.0005944839004223608
vn -0.2102777326970672 -0.9776415066587576 0.0005996580485382664
vn -0.02343648403011292 -0.05142573458004166 -0.9984017853746102
vn -0.30860837328549073 -0.05081098740283275 -0.9498310984049912
vn -0.30789670727651225 0.08395299418924947 -0.9477085587958682
vn -0.02343648403011292 -0.05142573458004166 -0.9984017853746102
vn -0.30789670727651225 0.08395299418924947 -0.9477085587958682
vn -0.02338534215709355 0.0846097988937063 -0.9961397029048498
vn -0.30860837328549073 -0.05081098740283275 -0.9498310984049912
vn -0.587026541146702 -0.05078795965290253 -0.8079730336735468
vn -0.585713332077823 0.08388557250186263 -0.8061656798402724
vn -0.30860837328549073 -0.05081098740283275 -0.9498310984049912
vn -0.585713332077823 0.08388557250186263 -0.8061656798402724
vn -0.30789670727651225 0.08395299418924947 -0.9477085587958682
vn -0.587026541146702 -0.05078795965290253 -0.8079730336735468
vn -0.8079740123413207 -0.05078971579276529 -0.5870250421836855
vn -0.8061667402775177 0.08388513037410125 -0.5857119358289032
vn -0.587026541146702 -0.05078795965290253 -0.8079730336735468
vn -0.8061667402775177 0.08388513037410125 -0.5857119358289032
vn -0.585713332077823 0.08388557250186263 -0.8061656798402724
vn -0.8079740123413207 -0.05078971579276529 -0.5870250421836855
vn -0.9498306664829516 -0.050814085521844236 -0.30860919254152264
vn -0.9477083350342477 0.08395284119594042 -0.3078974377316952
vn -0.8079740123413207 -0.05078971579276529 -0.5870250421836855
vn -0.9477083350342477 0.08395284119594042 -0.3078974377316952
vn -0.8061667402775177 0.08388513037410125 -0.5857119358289032
vn -0.9498306664829516 -0.050814085521844236 -0.30860919254152264
vn -0.9986451319549737 -0.051260122096106295 -0.008961043763154966
vn -0.9963647352920715 0.08472010923492755 -0.008934056054336878
vn -0.9498306664829516 -0.050814085521844236 -0.30860919254152264
vn -0.9963647352920715 0.08472010923492755 -0.008934056054336878
vn -0.9477083350342477 0.08395284119594042 -0.3078974377316952
vn 0.9986451319549737 -0.051260122096106295 -0.008961043763154966
vn 0.9498306768370034 -0.050814052548152196 -0.3086091661033313
vn 0.947708341952107 0.08395286416050086 -0.3078974101768912
vn 0.9986451319549737 -0.051260122096106295 -0.008961043763154966
vn 0.947708341952107 0.08395286416050086 -0.3078974101768912
vn 0.9963647352920715 0.08472010923492755 -0.008934056054336878
vn 0.9498306768370034 -0.050814052548152196 -0.3086091661033313
vn 0.8079739698843594 -0.05078974669449286 -0.5870250979472832
vn 0.8061667123563341 0.0838852379790311 -0.5857119588481877
vn 0.9498306768370034 -0.050814052548152196 -0.3086091661033313
vn 0.8061667123563341 0.0838852379790311 -0.5857119588481877
vn 0.947708341952107 0.08395286416050086 -0.3078974101768912
vn 0.8079739698843594 -0.05078974669449286 -0.5870250979472832
vn 0.5870265381479344 -0.05078805997629557 -0.8079730295460956
vn 0.5857133565613728 0.08388565051418664 -0.8061656539343646
vn 0.8079739698843594 -0.05078974669449286 -0.5870250979472832
vn 0.5857133565613728 0.08388565051418664 -0.8061656539343646
vn 0.8061667123563341 0.0838852379790311 -0.5857119588481877
vn 0.5870265381479344 -0.05078805997629557 -0.8079730295460956
vn 0.308608347431403 -0.05081091727237745 -0.949831110556818
vn 0.3078966223009847 0.08395315185975018 -0.9477085724358826
vn 0.5870265381479344 -0.05078805997629557 -0.8079730295460956
vn 0.3078966223009847 0.08395315185975018 -0.9477085724358826
vn 0.5857133565613728 0.08388565051418664 -0.8061656539343646
vn 0.308608347431403 -0.05081091727237745 -0.949831110556818
vn 0.02342589305573081 -0.0513981302359908 -0.9984034553940534
vn 0.023381177911390428 0.08457694410806128 -0.9961425907192292
vn 0.308608347431403 -0.05081091727237745 -0.949831110556818
vn 0.023381177911390428 0.08457694410806128 -0.9961425907192292
vn 0.3078966223009847 0.08395315185975018 -0.9477085724358826
vn -0.02343648403011292 -0.05142573458004166 -0.9984017853746102
vn -0.02338534215709355 0.0846097988937063 -0.9961397029048498
vn 0.0013329318191052974 0.08877827306681578 -0.9960505215720935
vn -0.02343648403011292 -0.05142573458004166 -0.9984017853746102
vn 0.0013329318191052974 0.08877827306681578 -0.9960505215720935
vn -0.0008260200668866451 -0.050657837640750214 -0.9987157259082349
vn 0.0008262763519938058 -0.0506259599796191 -0.9987173421161426
vn -0.001333642245092494 0.08877174288506195 -0.9960511026365619
vn 0.023381177911390428 0.08457694410806128 -0.9961425907192292
vn 0.0008262763519938058 -0.0506259599796191 -0.9987173421161426
vn 0.023381177911390428 0.08457694410806128 -0.9961425907192292
vn 0.02342589305573081 -0.0513981302359908 -0.9984034553940534
vn -0.0008260200668866451 -0.050657837640750214 -0.9987157259082349
vn 0.0013329318191052974 0.08877827306681578 -0.9960505215720935
vn 0.03121685730293526 0.0923654064640034 -0.9952357205752153
vn -0.0008260200668866451 -0.050657837640750214 -0.9987157259082349
vn 0.03121685730293526 0.0923654064640034 -0.9952357205752153
vn -0.017100867363150328 -0.05047898703722158 -0.9985787060633349
vn 0.017091403345565578 -0.05045379314201035 -0.9985801413453316
vn -0.03122584916803627 0.09227145919031106 -0.995244153041165
vn -0.001333642245092494 0.08877174288506195 -0.9960511026365619
vn 0.017091403345565578 -0.05045379314201035 -0.9985801413453316
vn -0.001333642245092494 0.08877174288506195 -0.9960511026365619
vn 0.0008262763519938058 -0.0506259599796191 -0.9987173421161426
vn -0.017100867363150328 -0.05047898703722158 -0.9985787060633349
vn 0.03121685730293526 0.0923654064640034 -0.9952357205752153
vn 0.06689973252631323 0.10005279000680932 -0.9927305097556743
vn -0.017100867363150328 -0.05047898703722158 -0.9985787060633349
vn 0.06689973252631323 0.10005279000680932 -0.9927305097556743
vn -0.033398301896762746 -0.05050094087298007 -0.9981654213612874
vn 0.031222821270721814 -0.05762436079624776 -0.9978499729291577
vn -0.04551594624305751 0.08439465463683443 -0.9953923050266806
vn -0.06954098656101433 0.08808755137645799 -0.9936823609587828
vn 0.031222821270721814 -0.05762436079624776 -0.9978499729291577
vn -0.06954098656101433 0.08808755137645799 -0.9936823609587828
vn 0.04828458268592386 -0.06081830324066766 -0.9969803072607665
vn -0.031204520000243395 -0.057593413366549225 -0.9978523320954581
vn 0.04550210163283923 0.08437366369686498 -0.9953947174972163
vn 0.01543655311762215 0.0746546552672236 -0.9970899634811188
vn -0.031204520000243395 -0.057593413366549225 -0.9978523320954581
vn 0.01543655311762215 0.0746546552672236 -0.9970899634811188
vn -0.012936829503251463 -0.061203098699390175 -0.998041491698615
vn 0.03340075631688744 -0.050515109234059066 -0.9981646223026196
vn -0.06688353393947846 0.10002828351484734 -0.9927340708290614
vn -0.03122584916803627 0.09227145919031106 -0.995244153041165
vn 0.03340075631688744 -0.050515109234059066 -0.9981646223026196
vn -0.03122584916803627 0.09227145919031106 -0.995244153041165
vn 0.017091403345565578 -0.05045379314201035 -0.9985801413453316
vn 0.04828458268592386 -0.06081830324066766 -0.9969803072607665
vn -0.06954098656101433 0.08808755137645799 -0.9936823609587828
vn -0.06688353393947846 0.10002828351484734 -0.9927340708290614
vn 0.04828458268592386 -0.06081830324066766 -0.9969803072607665
vn -0.06688353393947846 0.10002828351484734 -0.9927340708290614
vn 0.03340075631688744 -0.050515109234059066 -0.9981646223026196
vn -0.04828113753341824 -0.060785603575430475 -0.9969824683295337
vn 0.06954464906360106 0.08810414177425878 -0.993680633799835
vn 0.04550210163283923 0.08437366369686498 -0.9953947174972163
vn -0.04828113753341824 -0.060785603575430475 -0.9969824683295337
vn 0.04550210163283923 0.08437366369686498 -0.9953947174972163
vn -0.031204520000243395 -0.057593413366549225 -0.9978523320954581
vn -0.033398301896762746 -0.05050094087298007 -0.9981654213612874
vn 0.06689973252631323 0.10005279000680932 -0.9927305097556743
vn 0.06954464906360106 0.08810414177425878 -0.993680633799835
vn -0.033398301896762746 -0.05050094087298007 -0.9981654213612874
vn 0.06954464906360106 0.08810414177425878 -0.993680633799835
vn -0.04828113753341824 -0.060785603575430475 -0.9969824683295337
vn 0.012947924869946654 -0.06121001462665283 -0.9980409236854805
vn -0.015436314941960839 0.07467519024079534 -0.9970884294502236
vn -0.04551594624305751 0.08439465463683443 -0.9953923050266806
vn 0.012947924869946654 -0.06121001462665283 -0.9980409236854805
vn -0.04551594624305751 0.08439465463683443 -0.9953923050266806
vn 0.031222821270721814 -0.05762436079624776 -0.9978499729291577
vn -0.012936829503251463 -0.061203098699390175 -0.998041491698615
vn 0.01543655311762215 0.0746546552672236 -0.9970899634811188
vn -0.015436314941960839 0.07467519024079534 -0.9970884294502236
vn -0.012936829503251463 -0.061203098699390175 -0.998041491698615
vn -0.015436314941960839 0.07467519024079534 -0.9970884294502236
vn 0.012947924869946654 -0.06121001462665283 -0.9980409236854805
vn -0.15810864989424084 -0.9874207268530529 -0.0014010744480490351
vn -0.3824605021181461 -0.9239656265083526 -0.003389004361598114
vn -0.36016440936103095 -0.9255390733418557 -0.11687181844704447
vn -0.15810864989424084 -0.9874207268530529 -0.0014010744480490351
vn -0.36016440936103095 -0.9255390733418557 -0.11687181844704447
vn -0.15954422261594228 -0.9858322313771439 -0.051773087679178285
vn -0.9237641140246268 -0.3828727076183008 -0.008267490630618025
vn -0.9986451319549737 -0.051260122096106295 -0.008961043763154966
vn -0.9498306664829516 -0.050814085521844236 -0.30860919254152264
vn -0.9237641140246268 -0.3828727076183008 -0.008267490630618025
vn -0.9498306664829516 -0.050814085521844236 -0.30860919254152264
vn -0.8770841820246672 -0.3867219030544576 -0.28490262782231257
vn -0.051771085638447054 -0.985833524307824 -0.15953688301653554
vn -0.11686731956820406 -0.9255447452539283 -0.36015129341678653
vn -0.008842384874605012 -0.9239472602116864 -0.3824176677103818
vn -0.051771085638447054 -0.985833524307824 -0.15953688301653554
vn -0.008842384874605012 -0.9239472602116864 -0.3824176677103818
vn -0.0036481536162955965 -0.9874837628122757 -0.15767849935010575
vn -0.28490117104360907 -0.38669936664858634 -0.8770945915758246
vn -0.30860837328549073 -0.05081098740283275 -0.9498310984049912
vn -0.02343648403011292 -0.05142573458004166 -0.9984017853746102
vn -0.28490117104360907 -0.38669936664858634 -0.8770945915758246
vn -0.02343648403011292 -0.05142573458004166 -0.9984017853746102
vn -0.021552567527026254 -0.38305880242859236 -0.9234724905025409
vn -0.0036481536162955965 -0.9874837628122757 -0.15767849935010575
vn -0.008842384874605012 -0.9239472602116864 -0.3824176677103818
vn -0.014558611627513129 -0.9234506618878042 -0.3834408975141485
vn -0.0036481536162955965 -0.9874837628122757 -0.15767849935010575
vn -0.014558611627513129 -0.9234506618878042 -0.3834408975141485
vn -0.016086261837403585 -0.9885197997833848 -0.15023261169371793
vn -0.021552567527026254 -0.38305880242859236 -0.9234724905025409
vn -0.02343648403011292 -0.05142573458004166 -0.9984017853746102
vn -0.0008260200668866451 -0.050657837640750214 -0.9987157259082349
vn -0.021552567527026254 -0.38305880242859236 -0.9234724905025409
vn -0.0008260200668866451 -0.050657837640750214 -0.9987157259082349
vn -0.006365161871734344 -0.38190728527742474 -0.9241787219831317
vn -0.30860837328549073 -0.05081098740283275 -0.9498310984049912
vn -0.28490117104360907 -0.38669936664858634 -0.8770945915758246
vn -0.5420514350066824 -0.3867082897342558 -0.7460810548847914
vn -0.30860837328549073 -0.05081098740283275 -0.9498310984049912
vn -0.5420514350066824 -0.3867082897342558 -0.7460810548847914
vn -0.587026541146702 -0.05078795965290253 -0.8079730336735468
vn -0.11686731956820406 -0.9255447452539283 -0.36015129341678653
vn -0.051771085638447054 -0.985833524307824 -0.15953688301653554
vn -0.09880478881140137 -0.98577096083495 -0.13598980286210519
vn -0.11686731956820406 -0.9255447452539283 -0.36015129341678653
vn -0.09880478881140137 -0.98577096083495 -0.13598980286210519
vn -0.22255958689294103 -0.9255419976096876 -0.3063319130334163
vn -0.587026541146702 -0.05078795965290253 -0.8079730336735468
vn -0.5420514350066824 -0.3867082897342558 -0.7460810548847914
vn -0.7460724381473504 -0.3867213555019233 -0.5420539735447228
vn -0.587026541146702 -0.05078795965290253 -0.8079730336735468
vn -0.7460724381473504 -0.3867213555019233 -0.5420539735447228
vn -0.8079740123413207 -0.05078971579276529 -0.5870250421836855
vn -0.22255958689294103 -0.9255419976096876 -0.3063319130334163
vn -0.09880478881140137 -0.98577096083495 -0.13598980286210519
vn -0.1359934294577663 -0.9857705358833468 -0.09880403700545184
vn -0.22255958689294103 -0.9255419976096876 -0.3063319130334163
vn -0.1359934294577663 -0.9857705358833468 -0.09880403700545184
vn -0.3063349934308212 -0.9255404207890875 -0.22256190438908735
vn -0.8079740123413207 -0.05078971579276529 -0.5870250421836855
vn -0.7460724381473504 -0.3867213555019233 -0.5420539735447228
vn -0.8770841820246672 -0.3867219030544576 -0.28490262782231257
vn -0.8079740123413207 -0.05078971579276529 -0.5870250421836855
vn -0.8770841820246672 -0.3867219030544576 -0.28490262782231257
vn -0.9498306664829516 -0.050814085521844236 -0.30860919254152264
vn -0.3063349934308212 -0.9255404207890875 -0.22256190438908735
vn -0.1359934294577663 -0.9857705358833468 -0.09880403700545184
vn -0.15954422261594228 -0.9858322313771439 -0.051773087679178285
vn -0.3063349934308212 -0.9255404207890875 -0.22256190438908735
vn -0.15954422261594228 -0.9858322313771439 -0.051773087679178285
vn -0.36016440936103095 -0.9255390733418557 -0.11687181844704447
vn -0.016086261837403585 -0.9885197997833848 -0.15023261169371793
vn -0.014558611627513129 -0.9234506618878042 -0.3834408975141485
vn -0.2967232960278829 -0.8763592539430854 -0.37940709485019875
vn -0.016086261837403585 -0.9885197997833848 -0.15023261169371793
vn -0.2967232960278829 -0.8763592539430854 -0.37940709485019875
vn -0.3182056872231911 -0.9366513291891508 -0.14638793716359835
vn -0.006365161871734344 -0.38190728527742474 -0.9241787219831317
vn -0.0008260200668866451 -0.050657837640750214 -0.9987157259082349
vn -0.017100867363150328 -0.05047898703722158 -0.9985787060633349
vn -0.006365161871734344 -0.38190728527742474 -0.9241787219831317
vn -0.017100867363150328 -0.05047898703722158 -0.9985787060633349
vn -0.12312729666981773 -0.3626740358407918 -0.9237462923020231
vn 0.9986451319549737 -0.051260122096106295 -0.008961043763154966
vn 0.9237641140246268 -0.3828727076183008 -0.008267490630618025
vn 0.8770842116531957 -0.3867219231613621 -0.2849025093169059
vn 0.9986451319549737 -0.051260122096106295 -0.008961043763154966
vn 0.8770842116531957 -0.3867219231613621 -0.2849025093169059
vn 0.9498306768370034 -0.050814052548152196 -0.3086091661033313
vn 0.38246047654541915 -0.9239656367264037 -0.003389104516253986
vn 0.15810864989344142 -0.9874207268480603 -0.001401078056916888
vn 0.15954388450012444 -0.9858323194726898 -0.05177245215080699
vn 0.38246047654541915 -0.9239656367264037 -0.003389104516253986
vn 0.15954388450012444 -0.9858323194726898 -0.05177245215080699
vn 0.3601644938695972 -0.9255389585252283 -0.11687246727819332
vn 0.9498306768370034 -0.050814052548152196 -0.3086091661033313
vn 0.8770842116531957 -0.3867219231613621 -0.2849025093169059
vn 0.7460722205128455 -0.3867213364728768 -0.5420542866684701
vn 0.9498306768370034 -0.050814052548152196 -0.3086091661033313
vn 0.7460722205128455 -0.3867213364728768 -0.5420542866684701
vn 0.8079739698843594 -0.05078974669449286 -0.5870250979472832
vn 0.3601644938695972 -0.9255389585252283 -0.11687246727819332
vn 0.15954388450012444 -0.9858323194726898 -0.05177245215080699
vn 0.13599306045132195 -0.9857706806266096 -0.09880310079159435
vn 0.3601644938695972 -0.9255389585252283 -0.11687246727819332
vn 0.13599306045132195 -0.9857706806266096 -0.09880310079159435
vn 0.30633484316353876 -0.9255404169952725 -0.22256212699421074
vn 0.8079739698843594 -0.05078974669449286 -0.5870250979472832
vn 0.7460722205128455 -0.3867213364728768 -0.5420542866684701
vn 0.5420515012032749 -0.38670829443705773 -0.7460810043533194
vn 0.8079739698843594 -0.05078974669449286 -0.5870250979472832
vn 0.5420515012032749 -0.38670829443705773 -0.7460810043533194
vn 0.5870265381479344 -0.05078805997629557 -0.8079730295460956
vn 0.30633484316353876 -0.9255404169952725 -0.22256212699421074
vn 0.13599306045132195 -0.9857706806266096 -0.09880310079159435
vn 0.0988050506067928 -0.9857707179141167 -0.13599137354139784
vn 0.30633484316353876 -0.9255404169952725 -0.22256212699421074
vn 0.0988050506067928 -0.9857707179141167 -0.13599137354139784
vn 0.22256017457503907 -0.9255414883521375 -0.3063330247166279
vn 0.5870265381479344 -0.05078805997629557 -0.8079730295460956
vn 0.5420515012032749 -0.38670829443705773 -0.7460810043533194
vn 0.28490129147233245 -0.3866985934434516 -0.8770948933531953
vn 0.5870265381479344 -0.05078805997629557 -0.8079730295460956
vn 0.28490129147233245 -0.3866985934434516 -0.8770948933531953
vn 0.308608347431403 -0.05081091727237745 -0.949831110556818
vn 0.22256017457503907 -0.9255414883521375 -0.3063330247166279
vn 0.0988050506067928 -0.9857707179141167 -0.13599137354139784
vn 0.05177133847668652 -0.9858327998833277 -0.1595412773752645
vn 0.22256017457503907 -0.9255414883521375 -0.3063330247166279
vn 0.05177133847668652 -0.9858327998833277 -0.1595412773752645
vn 0.11686789024008264 -0.9255442450764194 -0.3601523936290759
vn 0.308608347431403 -0.05081091727237745 -0.949831110556818
vn 0.28490129147233245 -0.3866985934434516 -0.8770948933531953
vn 0.021585921987840723 -0.3834704003391824 -0.9233008718915204
vn 0.308608347431403 -0.05081091727237745 -0.949831110556818
vn 0.021585921987840723 -0.3834704003391824 -0.9233008718915204
vn 0.02342589305573081 -0.0513981302359908 -0.9984034553940534
vn 0.11686789024008264 -0.9255442450764194 -0.3601523936290759
vn 0.05177133847668652 -0.9858327998833277 -0.1595412773752645
vn 0.0036506077316172322 -0.9875156168637811 -0.15747882242808267
vn 0.11686789024008264 -0.9255442450764194 -0.3601523936290759
vn 0.0036506077316172322 -0.9875156168637811 -0.15747882242808267
vn 0.008849731759401258 -0.9241223672755391 -0.38199415250608243
vn 0.02342589305573081 -0.0513981302359908 -0.9984034553940534
vn 0.021585921987840723 -0.3834704003391824 -0.9233008718915204
vn 0.0063781019231758974 -0.38240598662755904 -0.9239723920157251
vn 0.02342589305573081 -0.0513981302359908 -0.9984034553940534
vn 0.0063781019231758974 -0.38240598662755904 -0.9239723920157251
vn 0.0008262763519938058 -0.0506259599796191 -0.9987173421161426
vn 0.008849731759401258 -0.9241223672755391 -0.38199415250608243
vn 0.0036506077316172322 -0.9875156168637811 -0.15747882242808267
vn 0.0160878527214336 -0.9885560507862996 -0.14999371803048545
vn 0.008849731759401258 -0.9241223672755391 -0.38199415250608243
vn 0.0160878527214336 -0.9885560507862996 -0.14999371803048545
vn 0.014564710121827602 -0.9236627475431309 -0.38292949484225103
vn -0.3182056872231911 -0.9366513291891508 -0.14638793716359835
vn -0.2967232960278829 -0.8763592539430854 -0.37940709485019875
vn -0.5102420459300031 -0.7703872934246234 -0.38230416253952526
vn -0.3182056872231911 -0.9366513291891508 -0.14638793716359835
vn -0.5102420459300031 -0.7703872934246234 -0.38230416253952526
vn -0.547900369732562 -0.8231829866086567 -0.1489125763828365
vn -0.12312729666981773 -0.3626740358407918 -0.9237462923020231
vn -0.017100867363150328 -0.05047898703722158 -0.9985787060633349
vn -0.033398301896762746 -0.05050094087298007 -0.9981654213612874
vn -0.12312729666981773 -0.3626740358407918 -0.9237462923020231
vn -0.033398301896762746 -0.05050094087298007 -0.9981654213612874
vn -0.20948764555229268 -0.3159414808732284 -0.9253625813834211
vn 0.0008262763519938058 -0.0506259599796191 -0.9987173421161426
vn 0.0063781019231758974 -0.38240598662755904 -0.9239723920157251
vn 0.12332556524623602 -0.3632895090109729 -0.9234779572893242
vn 0.0008262763519938058 -0.0506259599796191 -0.9987173421161426
vn 0.12332556524623602 -0.3632895090109729 -0.9234779572893242
vn 0.017091403345565578 -0.05045379314201035 -0.9985801413453316
vn 0.014564710121827602 -0.9236627475431309 -0.38292949484225103
vn 0.0160878527214336 -0.9885560507862996 -0.14999371803048545
vn 0.3182128531847086 -0.936696131732006 -0.14608537526509535
vn 0.014564710121827602 -0.9236627475431309 -0.38292949484225103
vn 0.3182128531847086 -0.936696131732006 -0.14608537526509535
vn 0.29679849364752553 -0.8766193277925001 -0.378746892144589
vn -0.547900369732562 -0.8231829866086567 -0.1489125763828365
vn -0.5102420459300031 -0.7703872934246234 -0.38230416253952526
vn -0.5751888870869706 -0.7251158351177485 -0.3786354048859438
vn -0.547900369732562 -0.8231829866086567 -0.1489125763828365
vn -0.5751888870869706 -0.7251158351177485 -0.3786354048859438
vn -0.6147355121644137 -0.7759310800788107 -0.1415316538859277
vn -0.20948764555229268 -0.3159414808732284 -0.9253625813834211
vn -0.033398301896762746 -0.05050094087298007 -0.9981654213612874
vn -0.04828113753341824 -0.060785603575430475 -0.9969824683295337
vn -0.20948764555229268 -0.3159414808732284 -0.9253625813834211
vn -0.04828113753341824 -0.060785603575430475 -0.9969824683295337
vn -0.23817966531863763 -0.3000984258503907 -0.9236944201578893
vn 0.47069088067888504 -0.8705155335403253 -0.1437108232205858
vn 0.43994125425639374 -0.81288409135965 -0.3816688968434647
vn 0.5752008644239944 -0.7252261748232428 -0.37840581512066795
vn 0.47069088067888504 -0.8705155335403253 -0.1437108232205858
vn 0.5752008644239944 -0.7252261748232428 -0.37840581512066795
vn 0.6147237696187371 -0.7759514047172678 -0.1414712146799797
vn 0.1818773946659322 -0.335905772256447 -0.9241687754270498
vn 0.031222821270721814 -0.05762436079624776 -0.9978499729291577
vn 0.04828458268592386 -0.06081830324066766 -0.9969803072607665
vn 0.1818773946659322 -0.335905772256447 -0.9241687754270498
vn 0.04828458268592386 -0.06081830324066766 -0.9969803072607665
vn 0.23823048305707265 -0.30027812884875243 -0.923622911299566
vn 0.6147237696187371 -0.7759514047172678 -0.1414712146799797
vn 0.5752008644239944 -0.7252261748232428 -0.37840581512066795
vn 0.5103528853467364 -0.7705651752065948 -0.38179738497937726
vn 0.6147237696187371 -0.7759514047172678 -0.1414712146799797
vn 0.5103528853467364 -0.7705651752065948 -0.38179738497937726
vn 0.547916041436294 -0.8232121863971932 -0.1486933344300755
vn 0.23823048305707265 -0.30027812884875243 -0.923622911299566
vn 0.04828458268592386 -0.06081830324066766 -0.9969803072607665
vn 0.03340075631688744 -0.050515109234059066 -0.9981646223026196
vn 0.23823048305707265 -0.30027812884875243 -0.923622911299566
vn 0.03340075631688744 -0.050515109234059066 -0.9981646223026196
vn 0.20971481764621117 -0.31635985174489856 -0.9251681682070358
vn -0.4706915485935531 -0.8705227773565183 -0.14366474928143094
vn -0.4399322263699795 -0.8128829033625496 -0.3816818329735191
vn -0.18946621991375776 -0.9017522665302374 -0.38851692539601307
vn -0.4706915485935531 -0.8705227773565183 -0.14366474928143094
vn -0.18946621991375776 -0.9017522665302374 -0.38851692539601307
vn -0.20297665062306533 -0.9683604324807075 -0.14518454500262468
vn -0.18188295997421453 -0.3359400902605184 -0.9241552059187749
vn -0.031204520000243395 -0.057593413366549225 -0.9978523320954581
vn -0.012936829503251463 -0.061203098699390175 -0.998041491698615
vn -0.18188295997421453 -0.3359400902605184 -0.9241552059187749
vn -0.012936829503251463 -0.061203098699390175 -0.998041491698615
vn -0.07776628368624572 -0.368322488518286 -0.926439933062758
vn -0.20297665062306533 -0.9683604324807075 -0.14518454500262468
vn -0.18946621991375776 -0.9017522665302374 -0.38851692539601307
vn 0.1895552642748935 -0.9017334674278127 -0.38851712382633746
vn -0.20297665062306533 -0.9683604324807075 -0.14518454500262468
vn 0.1895552642748935 -0.9017334674278127 -0.38851712382633746
vn 0.20301176223647 -0.9683508575111198 -0.1451993152570702
vn -0.07776628368624572 -0.368322488518286 -0.926439933062758
vn -0.012936829503251463 -0.061203098699390175 -0.998041491698615
vn 0.012947924869946654 -0.06121001462665283 -0.9980409236854805
vn -0.07776628368624572 -0.368322488518286 -0.926439933062758
vn 0.012947924869946654 -0.06121001462665283 -0.9980409236854805
vn 0.07780931127385225 -0.3683029648288145 -0.9264440820564369
vn 0.017091403345565578 -0.05045379314201035 -0.9985801413453316
vn 0.12332556524623602 -0.3632895090109729 -0.9234779572893242
vn 0.20971481764621117 -0.31635985174489856 -0.9251681682070358
vn 0.017091403345565578 -0.05045379314201035 -0.9985801413453316
vn 0.20971481764621117 -0.31635985174489856 -0.9251681682070358
vn 0.03340075631688744 -0.050515109234059066 -0.9981646223026196
vn 0.29679849364752553 -0.8766193277925001 -0.378746892144589
vn 0.3182128531847086 -0.936696131732006 -0.14608537526509535
vn 0.547916041436294 -0.8232121863971932 -0.1486933344300755
vn 0.29679849364752553 -0.8766193277925001 -0.378746892144589
vn 0.547916041436294 -0.8232121863971932 -0.1486933344300755
vn 0.5103528853467364 -0.7705651752065948 -0.38179738497937726
vn -0.031204520000243395 -0.057593413366549225 -0.9978523320954581
vn -0.18188295997421453 -0.3359400902605184 -0.9241552059187749
vn -0.23817966531863763 -0.3000984258503907 -0.9236944201578893
vn -0.031204520000243395 -0.057593413366549225 -0.9978523320954581
vn -0.23817966531863763 -0.3000984258503907 -0.9236944201578893
vn -0.04828113753341824 -0.060785603575430475 -0.9969824683295337
vn -0.4399322263699795 -0.8128829033625496 -0.3816818329735191
vn -0.4706915485935531 -0.8705227773565183 -0.14366474928143094
vn -0.6147355121644137 -0.7759310800788107 -0.1415316538859277
vn -0.4399322263699795 -0.8128829033625496 -0.3816818329735191
vn -0.6147355121644137 -0.7759310800788107 -0.1415316538859277
vn -0.5751888870869706 -0.7251158351177485 -0.3786354048859438
vn 0.031222821270721814 -0.05762436079624776 -0.9978499729291577
vn 0.1818773946659322 -0.335905772256447 -0.9241687754270498
vn 0.07780931127385225 -0.3683029648288145 -0.9264440820564369
vn 0.031222821270721814 -0.05762436079624776 -0.9978499729291577
vn 0.07780931127385225 -0.3683029648288145 -0.9264440820564369
vn 0.012947924869946654 -0.06121001462665283 -0.9980409236854805
vn 0.43994125425639374 -0.81288409135965 -0.3816688968434647
vn 0.47069088067888504 -0.8705155335403253 -0.1437108232205858
vn 0.20301176223647 -0.9683508575111198 -0.1451993152570702
vn 0.43994125425639374 -0.81288409135965 -0.3816688968434647
vn 0.20301176223647 -0.9683508575111198 -0.1451993152570702
vn 0.1895552642748935 -0.9017334674278127 -0.38851712382633746
vn -0.018458904144426056 0 -0.9998296199142067
vn -0.018458904144426056 0 -0.9998296199142067
vn -0.2969945952866307 0 -0.9548791600880869
vn -0.018458904144426056 0 -0.9998296199142067
vn -0.2969945952866307 0 -0.9548791600880869
vn -0.2969945952866307 0 -0.9548791600880869
vn -0.2969945952866307 0 -0.9548791600880869
vn -0.2969945952866307 0 -0.9548791600880869
vn -0.5877836227620299 0 -0.8090181782956077
vn -0.2969945952866307 0 -0.9548791600880869
vn -0.5877836227620299 0 -0.8090181782956077
vn -0.5877836227620299 0 -0.8090181782956077
vn -0.5877836227620299 0 -0.8090181782956077
vn -0.5877836227620299 0 -0.8090181782956077
vn -0.8090172046567121 0 -0.5877849628643451
vn -0.5877836227620299 0 -0.8090181782956077
vn -0.8090172046567121 0 -0.5877849628643451
vn -0.8090172046567121 0 -0.5877849628643451
vn -0.8090172046567121 0 -0.5877849628643451
vn -0.8090172046567121 0 -0.5877849628643451
vn -0.9548784683714305 0 -0.296996819243289
vn -0.8090172046567121 0 -0.5877849628643451
vn -0.9548784683714305 0 -0.296996819243289
vn -0.9548784683714305 0 -0.296996819243289
vn -0.9548784683714305 0 -0.296996819243289
vn -0.9548784683714305 0 -0.296996819243289
vn -0.9999757572602556 0 -0.0069631093469919155
vn -0.9548784683714305 0 -0.296996819243289
vn -0.9999757572602556 0 -0.0069631093469919155
vn -0.9999757572602556 0 -0.0069631093469919155
vn 0.9999757572602556 0 -0.0069631093469919155
vn 0.9999757572602556 0 -0.0069631093469919155
vn 0.9548783395308239 0 -0.2969972334801402
vn 0.9999757572602556 0 -0.0069631093469919155
vn 0.9548783395308239 0 -0.2969972334801402
vn 0.9548783395308239 0 -0.2969972334801402
vn 0.9548783395308239 0 -0.2969972334801402
vn 0.9548783395308239 0 -0.2969972334801402
vn 0.8090174081537412 0 -0.5877846827744005
vn 0.9548783395308239 0 -0.2969972334801402
vn 0.8090174081537412 0 -0.5877846827744005
vn 0.8090174081537412 0 -0.5877846827744005
vn 0.8090174081537412 0 -0.5877846827744005
vn 0.8090174081537412 0 -0.5877846827744005
vn 0.5877840482314113 0 -0.8090178691751463
vn 0.8090174081537412 0 -0.5877846827744005
vn 0.5877840482314113 0 -0.8090178691751463
vn 0.5877840482314113 0 -0.8090178691751463
vn 0.5877840482314113 0 -0.8090178691751463
vn 0.5877840482314113 0 -0.8090178691751463
vn 0.2969945952866307 0 -0.9548791600880869
vn 0.5877840482314113 0 -0.8090178691751463
vn 0.2969945952866307 0 -0.9548791600880869
vn 0.2969945952866307 0 -0.9548791600880869
vn 0.2969945952866307 0 -0.9548791600880869
vn 0.2969945952866307 0 -0.9548791600880869
vn 0.018458885524321723 0 -0.9998296202579717
vn 0.2969945952866307 0 -0.9548791600880869
vn 0.018458885524321723 0 -0.9998296202579717
vn 0.018458885524321723 0 -0.9998296202579717
vn -0.018458904144426056 0 -0.9998296199142067
vn 6.607211133768928e-8 0 -0.9999999999999978
vn 4.888885030140949e-8 0 -0.9999999999999987
vn -0.018458904144426056 0 -0.9998296199142067
vn 4.888885030140949e-8 0 -0.9999999999999987
vn -0.018458904144426056 0 -0.9998296199142067
vn 4.888880411613166e-8 0 -0.9999999999999987
vn 6.607204738884306e-8 0 -0.9999999999999978
vn 0.018458885524321723 0 -0.9998296202579717
vn 4.888880411613166e-8 0 -0.9999999999999987
vn 0.018458885524321723 0 -0.9998296202579717
vn 0.018458885524321723 0 -0.9998296202579717
vn 4.888885030140949e-8 0 -0.9999999999999987
vn 6.607211133768928e-8 0 -0.9999999999999978
vn -1.542458250014515e-7 0 -0.9999999999999881
vn 4.888885030140949e-8 0 -0.9999999999999987
vn -1.542458250014515e-7 0 -0.9999999999999881
vn 1.7631471393997072e-7 0 -0.9999999999999845
vn 1.76314998157065e-7 0 -0.9999999999999845
vn -1.542460807968364e-7 0 -0.9999999999999881
vn 6.607204738884306e-8 0 -0.9999999999999978
vn 1.76314998157065e-7 0 -0.9999999999999845
vn 6.607204738884306e-8 0 -0.9999999999999978
vn 4.888880411613166e-8 0 -0.9999999999999987
vn 1.7631471393997072e-7 0 -0.9999999999999845
vn -1.542458250014515e-7 0 -0.9999999999999881
vn -0.0000012098919341942986 0 -0.999999999999268
vn 1.7631471393997072e-7 0 -0.9999999999999845
vn -0.0000012098919341942986 0 -0.999999999999268
vn -9.42970586947503e-7 0 -0.9999999999995555
vn -2.154829559231025e-7 0 -0.9999999999999768
vn 2.430174106393607e-7 0 -0.9999999999999704
vn -5.268414611236217e-7 0 -0.9999999999998611
vn -2.154829559231025e-7 0 -0.9999999999999768
vn -5.268414611236217e-7 0 -0.9999999999998611
vn -2.167541737207961e-7 0 -0.9999999999999766
vn -7.277670874825963e-7 0 -0.9999999999997351
vn -7.277671443260151e-7 0 -0.9999999999997351
vn -3.109915951426805e-7 0 -0.9999999999999515
vn -7.277670874825963e-7 0 -0.9999999999997351
vn -3.109915951426805e-7 0 -0.9999999999999515
vn -4.0486253283230645e-7 0 -0.999999999999918
vn -5.125603479427136e-7 0 -0.9999999999998688
vn -2.456395122862812e-7 0 -0.9999999999999697
vn -1.542460807968364e-7 0 -0.9999999999999881
vn -5.125603479427136e-7 0 -0.9999999999998688
vn -1.542460807968364e-7 0 -0.9999999999999881
vn 1.76314998157065e-7 0 -0.9999999999999845
vn -2.167541737207961e-7 0 -0.9999999999999766
vn -5.268414611236217e-7 0 -0.9999999999998611
vn -2.456395122862812e-7 0 -0.9999999999999697
vn -2.167541737207961e-7 0 -0.9999999999999766
vn -2.456395122862812e-7 0 -0.9999999999999697
vn -5.125603479427136e-7 0 -0.9999999999998688
vn -0.0000012387785091040813 0 -0.9999999999992327
vn -9.286919180336186e-7 0 -0.9999999999995688
vn -7.277671443260151e-7 0 -0.9999999999997351
vn -0.0000012387785091040813 0 -0.9999999999992327
vn -7.277671443260151e-7 0 -0.9999999999997351
vn -7.277670874825963e-7 0 -0.9999999999997351
vn -9.42970586947503e-7 0 -0.9999999999995555
vn -0.0000012098919341942986 0 -0.999999999999268
vn -9.286919180336186e-7 0 -0.9999999999995688
vn -9.42970586947503e-7 0 -0.9999999999995555
vn -9.286919180336186e-7 0 -0.9999999999995688
vn -0.0000012387785091040813 0 -0.9999999999992327
vn 4.0486253283230645e-7 0 -0.999999999999918
vn 3.109915951426805e-7 0 -0.9999999999999515
vn 2.430174106393607e-7 0 -0.9999999999999704
vn 4.0486253283230645e-7 0 -0.999999999999918
vn 2.430174106393607e-7 0 -0.9999999999999704
vn -2.154829559231025e-7 0 -0.9999999999999768
vn -4.0486253283230645e-7 0 -0.999999999999918
vn -3.109915951426805e-7 0 -0.9999999999999515
vn 3.109915951426805e-7 0 -0.9999999999999515
vn -4.0486253283230645e-7 0 -0.999999999999918
vn 3.109915951426805e-7 0 -0.9999999999999515
vn 4.0486253283230645e-7 0 -0.999999999999918
vn -0.0013329318191052974 0.08877827306681578 0.9960505215720935
vn -0.005863375274541799 0.38157169518850054 0.9243206490506224
vn -0.12208756078192542 0.3604069953741622 0.9247710122985517
vn -0.0013329318191052974 0.08877827306681578 0.9960505215720935
vn -0.12208756078192542 0.3604069953741622 0.9247710122985517
vn -0.03121685730293526 0.0923654064640034 0.9952357205752153
vn -0.014291668871883333 0.9233813046641854 0.3836179276278982
vn -0.015786367139023157 0.9969813623471169 0.07601943004942016
vn -0.32071584260381186 0.9434752720027593 0.08364065651491748
vn -0.014291668871883333 0.9233813046641854 0.3836179276278982
vn -0.32071584260381186 0.9434752720027593 0.08364065651491748
vn -0.29554811779066437 0.8731056050442028 0.3877343323859678
vn -0.030492364445993948 0.9950983214142191 0.09407202787808894
vn -0.11675877265963248 0.9255342601443795 0.36021343992973415
vn -0.008809337412318215 0.9242280742509738 0.3817392596271601
vn -0.030492364445993948 0.9950983214142191 0.09407202787808894
vn -0.008809337412318215 0.9242280742509738 0.3817392596271601
vn -0.0019859051048197883 0.9962884770249096 0.08605420808014318
vn -0.28483791511447926 0.3867384272308099 0.8770979141556979
vn -0.3078966223009847 0.08395315185975018 0.9477085724358826
vn -0.023381177911390428 0.08457694410806128 0.9961425907192292
vn -0.28483791511447926 0.3867384272308099 0.8770979141556979
vn -0.023381177911390428 0.08457694410806128 0.9961425907192292
vn -0.021664052924292 0.3832521389527581 0.9233896614100839
vn 0.04551594624305751 0.08439465463683443 0.9953923050266806
vn 0.18048500882138402 0.3348495659182281 0.9248248103263228
vn 0.23543131459984573 0.2984108938619903 0.9249448818877136
vn 0.04551594624305751 0.08439465463683443 0.9953923050266806
vn 0.23543131459984573 0.2984108938619903 0.9249448818877136
vn 0.06954098656101433 0.08808755137645799 0.9936823609587828
vn 0.4387681275758289 0.8112176912395356 0.38653381177278495
vn 0.47491575941797015 0.8759219997964097 0.0849451100953504
vn 0.6197144810778545 0.779919646573531 0.08763165427529046
vn 0.4387681275758289 0.8112176912395356 0.38653381177278495
vn 0.6197144810778545 0.779919646573531 0.08763165427529046
vn 0.5722459486554982 0.7220892224188673 0.38874378337651244
vn -0.04550210163283923 0.08437366369686498 0.9953947174972163
vn -0.18050040782747787 0.33488167434863575 0.9248101788797356
vn -0.07607715316315025 0.36824168493716203 0.9266122858246757
vn -0.04550210163283923 0.08437366369686498 0.9953947174972163
vn -0.07607715316315025 0.36824168493716203 0.9266122858246757
vn -0.01543655311762215 0.0746546552672236 0.9970899634811188
vn -0.43876828000106394 0.8112113749542015 0.38654689445114154
vn -0.47491710677498405 0.8759220662948612 0.08493689110285933
vn -0.2048519354475222 0.9750142463786969 0.08592382616006951
vn -0.43876828000106394 0.8112113749542015 0.38654689445114154
vn -0.2048519354475222 0.9750142463786969 0.08592382616006951
vn -0.18853271138477415 0.9013903087234756 0.3898088352991796
vn 0.030492312075929128 0.9950982547603737 0.0940727499179363
vn 0 0.9999999999993545 -0.0000011361782981104568
vn 0 0.9999999999995907 9.04607134088649e-7
vn 0.030492312075929128 0.9950982547603737 0.0940727499179363
vn 0 0.9999999999995907 9.04607134088649e-7
vn 0.0019835844720642137 0.9962789949285122 0.08616396959794555
vn 0.05901727376334057 0.9949464072891534 0.08123181654960725
vn 0 0.9999999999998318 5.799729478893757e-7
vn 0 0.9999999999993545 -0.0000011361782981104568
vn 0.05901727376334057 0.9949464072891534 0.08123181654960725
vn 0 0.9999999999993545 -0.0000011361782981104568
vn 0.030492312075929128 0.9950982547603737 0.0940727499179363
vn 0.08123058007805449 0.9949464988236382 0.059017432498939856
vn 0 0.9999999999998318 5.799764153379263e-7
vn 0 0.9999999999998318 5.799729478893757e-7
vn 0.08123058007805449 0.9949464988236382 0.059017432498939856
vn 0 0.9999999999998318 5.799729478893757e-7
vn 0.05901727376334057 0.9949464072891534 0.08123181654960725
vn 0.09407320363239494 0.9950982062080324 0.030492496780255212
vn 0 0.9999999999999092 4.2607052819217405e-7
vn 0 0.9999999999998318 5.799764153379263e-7
vn 0.09407320363239494 0.9950982062080324 0.030492496780255212
vn 0 0.9999999999998318 5.799764153379263e-7
vn 0.08123058007805449 0.9949464988236382 0.059017432498939856
vn 0.0858061726410904 0.9963115652047578 0.0007521807847166354
vn 0 0.999999999999999 4.233686468069205e-8
vn 0 0.9999999999999092 4.2607052819217405e-7
vn 0.0858061726410904 0.9963115652047578 0.0007521807847166354
vn 0 0.9999999999999092 4.2607052819217405e-7
vn 0.09407320363239494 0.9950982062080324 0.030492496780255212
vn -0.09407322608553857 0.9950982072806586 0.030492392504997738
vn 0 0.9999999999999112 -4.212749047382739e-7
vn 0 0.9999999999999999 1.4112293555967879e-8
vn -0.09407322608553857 0.9950982072806586 0.030492392504997738
vn 0 0.9999999999999999 1.4112293555967879e-8
vn -0.08580617264254053 0.9963115652215956 0.0007521583165731312
vn -0.08123060879076845 0.994946485477695 0.05901761797178965
vn 0 0.9999999999998318 -5.799753353129679e-7
vn 0 0.9999999999999112 -4.212749047382739e-7
vn -0.08123060879076845 0.994946485477695 0.05901761797178965
vn 0 0.9999999999999112 -4.212749047382739e-7
vn -0.09407322608553857 0.9950982072806586 0.030492392504997738
vn -0.059017325379053555 0.9949464578179888 0.08123116015754017
vn 0 0.9999999999993273 -0.0000011599494200701356
vn 0 0.9999999999998318 -5.799753353129679e-7
vn -0.059017325379053555 0.9949464578179888 0.08123116015754017
vn 0 0.9999999999998318 -5.799753353129679e-7
vn -0.08123060879076845 0.994946485477695 0.05901761797178965
vn -0.030492364445993948 0.9950983214142191 0.09407202787808894
vn 0 0.9999999999974399 -0.000002262767111454769
vn 0 0.9999999999993273 -0.0000011599494200701356
vn -0.030492364445993948 0.9950983214142191 0.09407202787808894
vn 0 0.9999999999993273 -0.0000011599494200701356
vn -0.059017325379053555 0.9949464578179888 0.08123116015754017
vn -0.0019859051048197883 0.9962884770249096 0.08605420808014318
vn 0 0.9999999999995907 9.046066793412981e-7
vn 0 0.9999999999974399 -0.000002262767111454769
vn -0.0019859051048197883 0.9962884770249096 0.08605420808014318
vn 0 0.9999999999974399 -0.000002262767111454769
vn -0.030492364445993948 0.9950983214142191 0.09407202787808894
vn 0.0019835844720642137 0.9962789949285122 0.08616396959794555
vn 0 0.9999999999995907 9.04607134088649e-7
vn -0.01664279317554231 0.9998614284915709 0.0003758325576252557
vn 0.0019835844720642137 0.9962789949285122 0.08616396959794555
vn -0.01664279317554231 0.9998614284915709 0.0003758325576252557
vn -0.015786367139023157 0.9969813623471169 0.07601943004942016
vn 0.0157866217791683 0.9969896115730329 0.07591111241613265
vn 0.016642789451284588 0.9998614285535944 0.0003758324703370824
vn 0 0.9999999999995907 9.046066793412981e-7
vn 0.0157866217791683 0.9969896115730329 0.07591111241613265
vn 0 0.9999999999995907 9.046066793412981e-7
vn -0.0019859051048197883 0.9962884770249096 0.08605420808014318
vn -0.015786367139023157 0.9969813623471169 0.07601943004942016
vn -0.01664279317554231 0.9998614284915709 0.0003758325576252557
vn -0.32337109469556263 0.9462507446673222 0.006376780687140547
vn -0.015786367139023157 0.9969813623471169 0.07601943004942016
vn -0.32337109469556263 0.9462507446673222 0.006376780687140547
vn -0.32071584260381186 0.9434752720027593 0.08364065651491748
vn 0.3207310039746257 0.9434746208528745 0.08358984923992561
vn 0.3233712196719368 0.9462507019383757 0.0063767835948334295
vn 0.016642789451284588 0.9998614285535944 0.0003758324703370824
vn 0.3207310039746257 0.9434746208528745 0.08358984923992561
vn 0.016642789451284588 0.9998614285535944 0.0003758324703370824
vn 0.0157866217791683 0.9969896115730329 0.07591111241613265
vn -0.32071584260381186 0.9434752720027593 0.08364065651491748
vn -0.32337109469556263 0.9462507446673222 0.006376780687140547
vn -0.5563159001572482 0.8309280596970101 0.008436755323749002
vn -0.32071584260381186 0.9434752720027593 0.08364065651491748
vn -0.5563159001572482 0.8309280596970101 0.008436755323749002
vn -0.5521607397861584 0.8293976186015788 0.08495944736656696
vn 0.47491575941797015 0.8759219997964097 0.0849451100953504
vn 0.4763345835293704 0.879257049507783 0.003522133553591509
vn 0.6217610182281612 0.7831724213399028 0.007361702552664665
vn 0.47491575941797015 0.8759219997964097 0.0849451100953504
vn 0.6217610182281612 0.7831724213399028 0.007361702552664665
vn 0.6197144810778545 0.779919646573531 0.08763165427529046
vn -0.47491710677498405 0.8759220662948612 0.08493689110285933
vn -0.47633432335824527 0.8792571881690499 0.003522704060607592
vn -0.20538018814595702 0.9786818108857541 0.0009441178486939161
vn -0.47491710677498405 0.8759220662948612 0.08493689110285933
vn -0.20538018814595702 0.9786818108857541 0.0009441178486939161
vn -0.2048519354475222 0.9750142463786969 0.08592382616006951
vn 0.5521605484894146 0.8293980170837171 0.08495680048981938
vn 0.5563156844813015 0.8309282128752632 0.008435890470033524
vn 0.3233712196719368 0.9462507019383757 0.0063767835948334295
vn 0.5521605484894146 0.8293980170837171 0.08495680048981938
vn 0.3233712196719368 0.9462507019383757 0.0063767835948334295
vn 0.3207310039746257 0.9434746208528745 0.08358984923992561
vn 0.6197144810778545 0.779919646573531 0.08763165427529046
vn 0.6217610182281612 0.7831724213399028 0.007361702552664665
vn 0.5563156844813015 0.8309282128752632 0.008435890470033524
vn 0.6197144810778545 0.779919646573531 0.08763165427529046
vn 0.5563156844813015 0.8309282128752632 0.008435890470033524
vn 0.5521605484894146 0.8293980170837171 0.08495680048981938
vn -0.619708800933273 0.7799257789799586 0.0876172433277256
vn -0.621758351173005 0.7831745265904075 0.0073629916825508224
vn -0.47633432335824527 0.8792571881690499 0.003522704060607592
vn -0.619708800933273 0.7799257789799586 0.0876172433277256
vn -0.47633432335824527 0.8792571881690499 0.003522704060607592
vn -0.47491710677498405 0.8759220662948612 0.08493689110285933
vn -0.5521607397861584 0.8293976186015788 0.08495944736656696
vn -0.5563159001572482 0.8309280596970101 0.008436755323749002
vn -0.621758351173005 0.7831745265904075 0.0073629916825508224
vn -0.5521607397861584 0.8293976186015788 0.08495944736656696
vn -0.621758351173005 0.7831745265904075 0.0073629916825508224
vn -0.619708800933273 0.7799257789799586 0.0876172433277256
vn 0.20483581149058214 0.9750159706250426 0.08594269810228396
vn 0.20537115554297505 0.9786837063245062 0.0009441641122949097
vn 0.4763345835293704 0.879257049507783 0.003522133553591509
vn 0.20483581149058214 0.9750159706250426 0.08594269810228396
vn 0.4763345835293704 0.879257049507783 0.003522133553591509
vn 0.47491575941797015 0.8759219997964097 0.0849451100953504
vn -0.2048519354475222 0.9750142463786969 0.08592382616006951
vn -0.20538018814595702 0.9786818108857541 0.0009441178486939161
vn 0.20537115554297505 0.9786837063245062 0.0009441641122949097
vn -0.2048519354475222 0.9750142463786969 0.08592382616006951
vn 0.20537115554297505 0.9786837063245062 0.0009441641122949097
vn 0.20483581149058214 0.9750159706250426 0.08594269810228396
vn 0.9963647352920715 0.08472010923492755 0.008934056054336878
vn 0.9237605969010356 0.3828816132284416 0.0082480218615377
vn 0.8770985737094995 0.3867362796635102 0.2848388000058785
vn 0.9963647352920715 0.08472010923492755 0.008934056054336878
vn 0.8770985737094995 0.3867362796635102 0.2848388000058785
vn 0.9477083350342477 0.08395284119594042 0.3078974377316952
vn 0.38245085669298284 0.9239697522664078 0.003352478420005718
vn 0.0858061726410904 0.9963115652047578 0.0007521807847166354
vn 0.09407320363239494 0.9950982062080324 0.030492496780255212
vn 0.38245085669298284 0.9239697522664078 0.003352478420005718
vn 0.09407320363239494 0.9950982062080324 0.030492496780255212
vn 0.3602040125809136 0.9255384838252899 0.11675437584515772
vn 0.02338534215709355 0.0846097988937063 0.9961397029048498
vn 0.021622105802418315 0.3828352280085807 0.9235635726555519
vn -0.005863375274541799 0.38157169518850054 0.9243206490506224
vn 0.02338534215709355 0.0846097988937063 0.9961397029048498
vn -0.005863375274541799 0.38157169518850054 0.9243206490506224
vn -0.0013329318191052974 0.08877827306681578 0.9960505215720935
vn 0.008797430344379839 0.9240549709346578 0.382158364961811
vn 0.0019835844720642137 0.9962789949285122 0.08616396959794555
vn -0.015786367139023157 0.9969813623471169 0.07601943004942016
vn 0.008797430344379839 0.9240549709346578 0.382158364961811
vn -0.015786367139023157 0.9969813623471169 0.07601943004942016
vn -0.014291668871883333 0.9233813046641854 0.3836179276278982
vn 0.0019835844720642137 0.9962789949285122 0.08616396959794555
vn 0.008797430344379839 0.9240549709346578 0.382158364961811
vn 0.11675872121656658 0.9255342657803676 0.36021344212323336
vn 0.0019835844720642137 0.9962789949285122 0.08616396959794555
vn 0.11675872121656658 0.9255342657803676 0.36021344212323336
vn 0.030492312075929128 0.9950982547603737 0.0940727499179363
vn 0.021622105802418315 0.3828352280085807 0.9235635726555519
vn 0.02338534215709355 0.0846097988937063 0.9961397029048498
vn 0.30789670727651225 0.08395299418924947 0.9477085587958682
vn 0.021622105802418315 0.3828352280085807 0.9235635726555519
vn 0.30789670727651225 0.08395299418924947 0.9477085587958682
vn 0.2848382800750832 0.3867383775821971 0.877097817526049
vn 0.030492312075929128 0.9950982547603737 0.0940727499179363
vn 0.11675872121656658 0.9255342657803676 0.36021344212323336
vn 0.22256834979706314 0.9255361582434946 0.30634318900945845
vn 0.030492312075929128 0.9950982547603737 0.0940727499179363
vn 0.22256834979706314 0.9255361582434946 0.30634318900945845
vn 0.05901727376334057 0.9949464072891534 0.08123181654960725
vn 0.2848382800750832 0.3867383775821971 0.877097817526049
vn 0.30789670727651225 0.08395299418924947 0.9477085587958682
vn 0.585713332077823 0.08388557250186263 0.8061656798402724
vn 0.2848382800750832 0.3867383775821971 0.877097817526049
vn 0.585713332077823 0.08388557250186263 0.8061656798402724
vn 0.5420488385412129 0.38673306138985775 0.7460701011729061
vn 0.05901727376334057 0.9949464072891534 0.08123181654960725
vn 0.22256834979706314 0.9255361582434946 0.30634318900945845
vn 0.30633580663064336 0.9255394028658194 0.22256501818285793
vn 0.05901727376334057 0.9949464072891534 0.08123181654960725
vn 0.30633580663064336 0.9255394028658194 0.22256501818285793
vn 0.08123058007805449 0.9949464988236382 0.059017432498939856
vn 0.5420488385412129 0.38673306138985775 0.7460701011729061
vn 0.585713332077823 0.08388557250186263 0.8061656798402724
vn 0.8061667402775177 0.08388513037410125 0.5857119358289032
vn 0.5420488385412129 0.38673306138985775 0.7460701011729061
vn 0.8061667402775177 0.08388513037410125 0.5857119358289032
vn 0.7460681863756624 0.3867300187862464 0.5420536448062309
vn 0.08123058007805449 0.9949464988236382 0.059017432498939856
vn 0.30633580663064336 0.9255394028658194 0.22256501818285793
vn 0.3602040125809136 0.9255384838252899 0.11675437584515772
vn 0.08123058007805449 0.9949464988236382 0.059017432498939856
vn 0.3602040125809136 0.9255384838252899 0.11675437584515772
vn 0.09407320363239494 0.9950982062080324 0.030492496780255212
vn 0.7460681863756624 0.3867300187862464 0.5420536448062309
vn 0.8061667402775177 0.08388513037410125 0.5857119358289032
vn 0.9477083350342477 0.08395284119594042 0.3078974377316952
vn 0.7460681863756624 0.3867300187862464 0.5420536448062309
vn 0.9477083350342477 0.08395284119594042 0.3078974377316952
vn 0.8770985737094995 0.3867362796635102 0.2848388000058785
vn -0.08580617264254053 0.9963115652215956 0.0007521583165731312
vn -0.38245085669298284 0.9239697522664078 0.003352478420005718
vn -0.36020388928811375 0.9255382775468821 0.11675639141934328
vn -0.08580617264254053 0.9963115652215956 0.0007521583165731312
vn -0.36020388928811375 0.9255382775468821 0.11675639141934328
vn -0.09407322608553857 0.9950982072806586 0.030492392504997738
vn -0.9237605969010356 0.3828816132284416 0.0082480218615377
vn -0.9963647352920715 0.08472010923492755 0.008934056054336878
vn -0.947708341952107 0.08395286416050086 0.3078974101768912
vn -0.9237605969010356 0.3828816132284416 0.0082480218615377
vn -0.947708341952107 0.08395286416050086 0.3078974101768912
vn -0.8770985788741573 0.3867362293781801 0.2848388523767107
vn -0.09407322608553857 0.9950982072806586 0.030492392504997738
vn -0.36020388928811375 0.9255382775468821 0.11675639141934328
vn -0.30633557623482854 0.9255385926401624 0.22256870459825007
vn -0.09407322608553857 0.9950982072806586 0.030492392504997738
vn -0.30633557623482854 0.9255385926401624 0.22256870459825007
vn -0.08123060879076845 0.994946485477695 0.05901761797178965
vn -0.8770985788741573 0.3867362293781801 0.2848388523767107
vn -0.947708341952107 0.08395286416050086 0.3078974101768912
vn -0.8061667123563341 0.0838852379790311 0.5857119588481877
vn -0.8770985788741573 0.3867362293781801 0.2848388523767107
vn -0.8061667123563341 0.0838852379790311 0.5857119588481877
vn -0.7460680767122839 0.38673005353676515 0.5420537709510785
vn -0.08123060879076845 0.994946485477695 0.05901761797178965
vn -0.30633557623482854 0.9255385926401624 0.22256870459825007
vn -0.22256813241320744 0.9255355924248325 0.30634505641337056
vn -0.08123060879076845 0.994946485477695 0.05901761797178965
vn -0.22256813241320744 0.9255355924248325 0.30634505641337056
vn -0.059017325379053555 0.9949464578179888 0.08123116015754017
vn -0.7460680767122839 0.38673005353676515 0.5420537709510785
vn -0.8061667123563341 0.0838852379790311 0.5857119588481877
vn -0.5857133565613728 0.08388565051418664 0.8061656539343646
vn -0.7460680767122839 0.38673005353676515 0.5420537709510785
vn -0.5857133565613728 0.08388565051418664 0.8061656539343646
vn -0.5420489468292817 0.3867330535979521 0.7460700265364306
vn -0.059017325379053555 0.9949464578179888 0.08123116015754017
vn -0.22256813241320744 0.9255355924248325 0.30634505641337056
vn -0.11675877265963248 0.9255342601443795 0.36021343992973415
vn -0.059017325379053555 0.9949464578179888 0.08123116015754017
vn -0.11675877265963248 0.9255342601443795 0.36021343992973415
vn -0.030492364445993948 0.9950983214142191 0.09407202787808894
vn -0.5420489468292817 0.3867330535979521 0.7460700265364306
vn -0.5857133565613728 0.08388565051418664 0.8061656539343646
vn -0.3078966223009847 0.08395315185975018 0.9477085724358826
vn -0.5420489468292817 0.3867330535979521 0.7460700265364306
vn -0.3078966223009847 0.08395315185975018 0.9477085724358826
vn -0.28483791511447926 0.3867384272308099 0.8770979141556979
vn -0.0019859051048197883 0.9962884770249096 0.08605420808014318
vn -0.008809337412318215 0.9242280742509738 0.3817392596271601
vn 0.014295641580288851 0.9235850125101894 0.3831270798290835
vn -0.0019859051048197883 0.9962884770249096 0.08605420808014318
vn 0.014295641580288851 0.9235850125101894 0.3831270798290835
vn 0.0157866217791683 0.9969896115730329 0.07591111241613265
vn -0.021664052924292 0.3832521389527581 0.9233896614100839
vn -0.023381177911390428 0.08457694410806128 0.9961425907192292
vn 0.001333642245092494 0.08877174288506195 0.9960511026365619
vn -0.021664052924292 0.3832521389527581 0.9233896614100839
vn 0.001333642245092494 0.08877174288506195 0.9960511026365619
vn 0.005869784881247685 0.38205567153106057 0.9241206682443578
vn 0.0157866217791683 0.9969896115730329 0.07591111241613265
vn 0.014295641580288851 0.9235850125101894 0.3831270798290835
vn 0.2956509560321258 0.8731707246425885 0.3875092228895037
vn 0.0157866217791683 0.9969896115730329 0.07591111241613265
vn 0.2956509560321258 0.8731707246425885 0.3875092228895037
vn 0.3207310039746257 0.9434746208528745 0.08358984923992561
vn 0.005869784881247685 0.38205567153106057 0.9241206682443578
vn 0.001333642245092494 0.08877174288506195 0.9960511026365619
vn 0.03122584916803627 0.09227145919031106 0.995244153041165
vn 0.005869784881247685 0.38205567153106057 0.9241206682443578
vn 0.03122584916803627 0.09227145919031106 0.995244153041165
vn 0.12228946209441946 0.36057054470696626 0.924680577145632
vn -0.03121685730293526 0.0923654064640034 0.9952357205752153
vn -0.12208756078192542 0.3604069953741622 0.9247710122985517
vn -0.209305474878526 0.31225293092407064 0.9266549116662589
vn -0.03121685730293526 0.0923654064640034 0.9952357205752153
vn -0.209305474878526 0.31225293092407064 0.9266549116662589
vn -0.06689973252631323 0.10005279000680932 0.9927305097556743
vn -0.29554811779066437 0.8731056050442028 0.3877343323859678
vn -0.32071584260381186 0.9434752720027593 0.08364065651491748
vn -0.5521607397861584 0.8293976186015788 0.08495944736656696
vn -0.29554811779066437 0.8731056050442028 0.3877343323859678
vn -0.5521607397861584 0.8293976186015788 0.08495944736656696
vn -0.5087504367599169 0.7657470078025066 0.393452046808886
vn 0.3207310039746257 0.9434746208528745 0.08358984923992561
vn 0.2956509560321258 0.8731707246425885 0.3875092228895037
vn 0.5087509595539309 0.7657508615623189 0.3934438704180314
vn 0.3207310039746257 0.9434746208528745 0.08358984923992561
vn 0.5087509595539309 0.7657508615623189 0.3934438704180314
vn 0.5521605484894146 0.8293980170837171 0.08495680048981938
vn 0.12228946209441946 0.36057054470696626 0.924680577145632
vn 0.03122584916803627 0.09227145919031106 0.995244153041165
vn 0.06688353393947846 0.10002828351484734 0.9927340708290614
vn 0.12228946209441946 0.36057054470696626 0.924680577145632
vn 0.06688353393947846 0.10002828351484734 0.9927340708290614
vn 0.20930576908028684 0.31225349146713083 0.9266546563290428
vn 0.47491575941797015 0.8759219997964097 0.0849451100953504
vn 0.4387681275758289 0.8112176912395356 0.38653381177278495
vn 0.18852634166314278 0.9013972013873586 0.3897959771856931
vn 0.47491575941797015 0.8759219997964097 0.0849451100953504
vn 0.18852634166314278 0.9013972013873586 0.3897959771856931
vn 0.20483581149058214 0.9750159706250426 0.08594269810228396
vn 0.18048500882138402 0.3348495659182281 0.9248248103263228
vn 0.04551594624305751 0.08439465463683443 0.9953923050266806
vn 0.015436314941960839 0.07467519024079534 0.9970884294502236
vn 0.18048500882138402 0.3348495659182281 0.9248248103263228
vn 0.015436314941960839 0.07467519024079534 0.9970884294502236
vn 0.07605132030200346 0.3682329744324389 0.9266178679590421
vn -0.47491710677498405 0.8759220662948612 0.08493689110285933
vn -0.43876828000106394 0.8112113749542015 0.38654689445114154
vn -0.5722317620941756 0.722094287985768 0.3887552568248067
vn -0.47491710677498405 0.8759220662948612 0.08493689110285933
vn -0.5722317620941756 0.722094287985768 0.3887552568248067
vn -0.619708800933273 0.7799257789799586 0.0876172433277256
vn -0.18050040782747787 0.33488167434863575 0.9248101788797356
vn -0.04550210163283923 0.08437366369686498 0.9953947174972163
vn -0.06954464906360106 0.08810414177425878 0.993680633799835
vn -0.18050040782747787 0.33488167434863575 0.9248101788797356
vn -0.06954464906360106 0.08810414177425878 0.993680633799835
vn -0.23541814852891862 0.2984350529660876 0.9249404383550027
vn 0.06954098656101433 0.08808755137645799 0.9936823609587828
vn 0.23543131459984573 0.2984108938619903 0.9249448818877136
vn 0.20930576908028684 0.31225349146713083 0.9266546563290428
vn 0.06954098656101433 0.08808755137645799 0.9936823609587828
vn 0.20930576908028684 0.31225349146713083 0.9266546563290428
vn 0.06688353393947846 0.10002828351484734 0.9927340708290614
vn 0.5722459486554982 0.7220892224188673 0.38874378337651244
vn 0.6197144810778545 0.779919646573531 0.08763165427529046
vn 0.5521605484894146 0.8293980170837171 0.08495680048981938
vn 0.5722459486554982 0.7220892224188673 0.38874378337651244
vn 0.5521605484894146 0.8293980170837171 0.08495680048981938
vn 0.5087509595539309 0.7657508615623189 0.3934438704180314
vn -0.06689973252631323 0.10005279000680932 0.9927305097556743
vn -0.209305474878526 0.31225293092407064 0.9266549116662589
vn -0.23541814852891862 0.2984350529660876 0.9249404383550027
vn -0.06689973252631323 0.10005279000680932 0.9927305097556743
vn -0.23541814852891862 0.2984350529660876 0.9249404383550027
vn -0.06954464906360106 0.08810414177425878 0.993680633799835
vn -0.5087504367599169 0.7657470078025066 0.393452046808886
vn -0.5521607397861584 0.8293976186015788 0.08495944736656696
vn -0.619708800933273 0.7799257789799586 0.0876172433277256
vn -0.5087504367599169 0.7657470078025066 0.393452046808886
vn -0.619708800933273 0.7799257789799586 0.0876172433277256
vn -0.5722317620941756 0.722094287985768 0.3887552568248067
vn -0.01543655311762215 0.0746546552672236 0.9970899634811188
vn -0.07607715316315025 0.36824168493716203 0.9266122858246757
vn 0.07605132030200346 0.3682329744324389 0.9266178679590421
vn -0.01543655311762215 0.0746546552672236 0.9970899634811188
vn 0.07605132030200346 0.3682329744324389 0.9266178679590421
vn 0.015436314941960839 0.07467519024079534 0.9970884294502236
vn -0.18853271138477415 0.9013903087234756 0.3898088352991796
vn -0.2048519354475222 0.9750142463786969 0.08592382616006951
vn 0.20483581149058214 0.9750159706250426 0.08594269810228396
vn -0.18853271138477415 0.9013903087234756 0.3898088352991796
vn 0.20483581149058214 0.9750159706250426 0.08594269810228396
vn 0.18852634166314278 0.9013972013873586 0.3897959771856931
vn -4.712941891410589e-7 -0.9999997088542362 0.0007630800880818213
vn -4.722647618087066e-7 -0.999999707653863 0.000764651532027307
vn 0 -1 0
vn -4.712941891410589e-7 -0.9999997088542362 0.0007630800880818213
vn 0 -1 0
vn 0 -1 0
vn 0 -1 0
vn 0 -1 0
vn 0 -1 0
vn 0 -1 0
vn 0 -1 0
vn 0 -1 0
vn 0 -1 0
vn 0 -1 0
vn 0 -0.9999999999996569 8.283298029706998e-7
vn 0 -1 0
vn 0 -0.9999999999996569 8.283298029706998e-7
vn 0 -0.9999999999996569 8.283335546363447e-7
vn 0 -0.9999999999996569 8.283335546363447e-7
vn 0 -0.9999999999996569 8.283298029706998e-7
vn 0 -0.9999999999999213 3.967754480526907e-7
vn 0 -0.9999999999996569 8.283335546363447e-7
vn 0 -0.9999999999999213 3.967754480526907e-7
vn 0 -0.9999999999999176 4.0583040572524916e-7
vn 0 -0.9999999999999176 4.0583040572524916e-7
vn 0 -0.9999999999999213 3.967754480526907e-7
vn 0 -0.9999999999999992 -4.030266964605286e-8
vn 0 -0.9999999999999176 4.0583040572524916e-7
vn 0 -0.9999999999999992 -4.030266964605286e-8
vn 0 -0.9999999999999992 -4.088354188525042e-8
vn 0 -0.9999999999999966 -8.176691324024404e-8
vn 0 -0.9999999999999968 -8.060517586727629e-8
vn 0 -1 -9.147370860773663e-9
vn 0 -0.9999999999999966 -8.176691324024404e-8
vn 0 -1 -9.147370860773663e-9
vn 0 -1 2.825711442611123e-9
vn 0 -1 2.825711442611123e-9
vn 0 -1 -9.147370860773663e-9
vn 0 -0.9999999999969122 0.000002484998049104946
vn 0 -1 2.825711442611123e-9
vn 0 -0.9999999999969122 0.000002484998049104946
vn 0 -0.9999999999969124 0.0000024849930468840863
vn 0 -0.9999999999969124 0.0000024849930468840863
vn 0 -0.9999999999969122 0.000002484998049104946
vn 0 -0.9999999999986277 0.0000016566591511923437
vn 0 -0.9999999999969124 0.0000024849930468840863
vn 0 -0.9999999999986277 0.0000016566591511923437
vn 0 -0.9999999999986277 0.0000016566747262891116
vn 0 -0.9999999999986277 0.0000016566747262891116
vn 0 -0.9999999999986277 0.0000016566591511923437
vn 0 -1 0
vn 0 -0.9999999999986277 0.0000016566747262891116
vn 0 -1 0
vn 0 -1 0
vn 0 -1 0
vn 0 -1 0
vn 4.1978032209247574e-7 -0.9999997052315053 0.0007678129502416649
vn 0 -1 0
vn 4.1978032209247574e-7 -0.9999997052315053 0.0007678129502416649
vn 4.1892596945810485e-7 -0.999999706430092 0.0007662503208256831
vn 0.016393852288006563 -0.9998655266648739 0.0004125461587819405
vn 0.01797465993631373 -0.9998383753562213 0.0003671038077500284
vn -4.722647618087066e-7 -0.999999707653863 0.000764651532027307
vn 0.016393852288006563 -0.9998655266648739 0.0004125461587819405
vn -4.722647618087066e-7 -0.999999707653863 0.000764651532027307
vn -4.712941891410589e-7 -0.9999997088542362 0.0007630800880818213
vn 4.1892596945810485e-7 -0.999999706430092 0.0007662503208256831
vn 4.1978032209247574e-7 -0.9999997052315053 0.0007678129502416649
vn -0.01796875616563617 -0.9998384802476221 0.0003704294607074188
vn 4.1892596945810485e-7 -0.999999706430092 0.0007662503208256831
vn -0.01796875616563617 -0.9998384802476221 0.0003704294607074188
vn -0.016388056294199028 -0.9998656202848928 0.0004159124963664982
vn 0.3210890012506075 -0.9470258406484049 -0.006626493799104373
vn 0.32368611635138245 -0.9461412238559113 -0.006639473006031182
vn 0.01797465993631373 -0.9998383753562213 0.0003671038077500284
vn 0.3210890012506075 -0.9470258406484049 -0.006626493799104373
vn 0.01797465993631373 -0.9998383753562213 0.0003671038077500284
vn 0.016393852288006563 -0.9998655266648739 0.0004125461587819405
vn -0.016388056294199028 -0.9998656202848928 0.0004159124963664982
vn -0.01796875616563617 -0.9998384802476221 0.0003704294607074188
vn -0.32368455636204746 -0.9461417577908344 -0.006639438016450952
vn -0.016388056294199028 -0.9998656202848928 0.0004159124963664982
vn -0.32368455636204746 -0.9461417577908344 -0.006639438016450952
vn -0.32108785847332616 -0.9470262275341609 -0.006626575543147638
vn 0.5494714110831532 -0.8354640790893022 -0.008996719054870294
vn 0.5536004925582224 -0.8327332471605801 -0.009046198797828966
vn 0.32368611635138245 -0.9461412238559113 -0.006639473006031182
vn 0.5494714110831532 -0.8354640790893022 -0.008996719054870294
vn 0.32368611635138245 -0.9461412238559113 -0.006639473006031182
vn 0.3210890012506075 -0.9470258406484049 -0.006626493799104373
vn -0.6246210505669386 -0.780886537090488 -0.008047321261111667
vn -0.6234103476290334 -0.7818539782615688 -0.007993443913998331
vn -0.4775840346881972 -0.8785796222157798 -0.0033670815434811052
vn -0.6246210505669386 -0.780886537090488 -0.008047321261111667
vn -0.4775840346881972 -0.8785796222157798 -0.0033670815434811052
vn -0.4786994641017382 -0.8779722838665391 -0.0033899603068138196
vn 0.2102777326970672 -0.9776415066587576 -0.0005996580485382664
vn 0.2093083486944613 -0.9778495087464583 -0.0005944839004223608
vn 0.4775868415360671 -0.8785780824837619 -0.0033707225871851616
vn 0.2102777326970672 -0.9776415066587576 -0.0005996580485382664
vn 0.4775868415360671 -0.8785780824837619 -0.0033707225871851616
vn 0.47870435302556874 -0.8779696041208613 -0.003393616688675785
vn -0.32108785847332616 -0.9470262275341609 -0.006626575543147638
vn -0.32368455636204746 -0.9461417577908344 -0.006639438016450952
vn -0.5535961514845751 -0.8327361533777411 -0.009044330771836072
vn -0.32108785847332616 -0.9470262275341609 -0.006626575543147638
vn -0.5535961514845751 -0.8327361533777411 -0.009044330771836072
vn -0.5494578297073397 -0.8354730326836164 -0.00899472243822843
vn -0.5494578297073397 -0.8354730326836164 -0.00899472243822843
vn -0.5535961514845751 -0.8327361533777411 -0.009044330771836072
vn -0.6234103476290334 -0.7818539782615688 -0.007993443913998331
vn -0.5494578297073397 -0.8354730326836164 -0.00899472243822843
vn -0.6234103476290334 -0.7818539782615688 -0.007993443913998331
vn -0.6246210505669386 -0.780886537090488 -0.008047321261111667
vn 0.47870435302556874 -0.8779696041208613 -0.003393616688675785
vn 0.4775868415360671 -0.8785780824837619 -0.0033707225871851616
vn 0.6234098529888192 -0.7818543580172574 -0.00799487622673909
vn 0.47870435302556874 -0.8779696041208613 -0.003393616688675785
vn 0.6234098529888192 -0.7818543580172574 -0.00799487622673909
vn 0.6246164428904181 -0.780890209925757 -0.008048559686574565
vn 0.6246164428904181 -0.780890209925757 -0.008048559686574565
vn 0.6234098529888192 -0.7818543580172574 -0.00799487622673909
vn 0.5536004925582224 -0.8327332471605801 -0.009046198797828966
vn 0.6246164428904181 -0.780890209925757 -0.008048559686574565
vn 0.5536004925582224 -0.8327332471605801 -0.009046198797828966
vn 0.5494714110831532 -0.8354640790893022 -0.008996719054870294
vn -0.4786994641017382 -0.8779722838665391 -0.0033899603068138196
vn -0.4775840346881972 -0.8785796222157798 -0.0033670815434811052
vn -0.209296313882691 -0.9778520866149241 -0.000591352650567343
vn -0.4786994641017382 -0.8779722838665391 -0.0033899603068138196
vn -0.209296313882691 -0.9778520866149241 -0.000591352650567343
vn -0.21024183038541683 -0.9776492300823877 -0.0005963853657050472
vn -0.21024183038541683 -0.9776492300823877 -0.0005963853657050472
vn -0.209296313882691 -0.9778520866149241 -0.000591352650567343
vn 0.2093083486944613 -0.9778495087464583 -0.0005944839004223608
vn -0.21024183038541683 -0.9776492300823877 -0.0005963853657050472
vn 0.2093083486944613 -0.9778495087464583 -0.0005944839004223608
vn 0.2102777326970672 -0.9776415066587576 -0.0005996580485382664
vn 0.02343648403011292 -0.05142573458004166 0.9984017853746102
vn 0.30860837328549073 -0.05081098740283275 0.9498310984049912
vn 0.30789670727651225 0.08395299418924947 0.9477085587958682
vn 0.02343648403011292 -0.05142573458004166 0.9984017853746102
vn 0.30789670727651225 0.08395299418924947 0.9477085587958682
vn 0.02338534215709355 0.0846097988937063 0.9961397029048498
vn 0.30860837328549073 -0.05081098740283275 0.9498310984049912
vn 0.587026541146702 -0.05078795965290253 0.8079730336735468
vn 0.585713332077823 0.08388557250186263 0.8061656798402724
vn 0.30860837328549073 -0.05081098740283275 0.9498310984049912
vn 0.585713332077823 0.08388557250186263 0.8061656798402724
vn 0.30789670727651225 0.08395299418924947 0.9477085587958682
vn 0.587026541146702 -0.05078795965290253 0.8079730336735468
vn 0.8079740123413207 -0.05078971579276529 0.5870250421836855
vn 0.8061667402775177 0.08388513037410125 0.5857119358289032
vn 0.587026541146702 -0.05078795965290253 0.8079730336735468
vn 0.8061667402775177 0.08388513037410125 0.5857119358289032
vn 0.585713332077823 0.08388557250186263 0.8061656798402724
vn 0.8079740123413207 -0.05078971579276529 0.5870250421836855
vn 0.9498306664829516 -0.050814085521844236 0.30860919254152264
vn 0.9477083350342477 0.08395284119594042 0.3078974377316952
vn 0.8079740123413207 -0.05078971579276529 0.5870250421836855
vn 0.9477083350342477 0.08395284119594042 0.3078974377316952
vn 0.8061667402775177 0.08388513037410125 0.5857119358289032
vn 0.9498306664829516 -0.050814085521844236 0.30860919254152264
vn 0.9986451319549737 -0.051260122096106295 0.008961043763154966
vn 0.9963647352920715 0.08472010923492755 0.008934056054336878
vn 0.9498306664829516 -0.050814085521844236 0.30860919254152264
vn 0.9963647352920715 0.08472010923492755 0.008934056054336878
vn 0.9477083350342477 0.08395284119594042 0.3078974377316952
vn -0.9986451319549737 -0.051260122096106295 0.008961043763154966
vn -0.9498306768370034 -0.050814052548152196 0.3086091661033313
vn -0.947708341952107 0.08395286416050086 0.3078974101768912
vn -0.9986451319549737 -0.051260122096106295 0.008961043763154966
vn -0.947708341952107 0.08395286416050086 0.3078974101768912
vn -0.9963647352920715 0.08472010923492755 0.008934056054336878
vn -0.9498306768370034 -0.050814052548152196 0.3086091661033313
vn -0.8079739698843594 -0.05078974669449286 0.5870250979472832
vn -0.8061667123563341 0.0838852379790311 0.5857119588481877
vn -0.9498306768370034 -0.050814052548152196 0.3086091661033313
vn -0.8061667123563341 0.0838852379790311 0.5857119588481877
vn -0.947708341952107 0.08395286416050086 0.3078974101768912
vn -0.8079739698843594 -0.05078974669449286 0.5870250979472832
vn -0.5870265381479344 -0.05078805997629557 0.8079730295460956
vn -0.5857133565613728 0.08388565051418664 0.8061656539343646
vn -0.8079739698843594 -0.05078974669449286 0.5870250979472832
vn -0.5857133565613728 0.08388565051418664 0.8061656539343646
vn -0.8061667123563341 0.0838852379790311 0.5857119588481877
vn -0.5870265381479344 -0.05078805997629557 0.8079730295460956
vn -0.308608347431403 -0.05081091727237745 0.949831110556818
vn -0.3078966223009847 0.08395315185975018 0.9477085724358826
vn -0.5870265381479344 -0.05078805997629557 0.8079730295460956
vn -0.3078966223009847 0.08395315185975018 0.9477085724358826
vn -0.5857133565613728 0.08388565051418664 0.8061656539343646
vn -0.308608347431403 -0.05081091727237745 0.949831110556818
vn -0.02342589305573081 -0.0513981302359908 0.9984034553940534
vn -0.023381177911390428 0.08457694410806128 0.9961425907192292
vn -0.308608347431403 -0.05081091727237745 0.949831110556818
vn -0.023381177911390428 0.08457694410806128 0.9961425907192292
vn -0.3078966223009847 0.08395315185975018 0.9477085724358826
vn 0.02343648403011292 -0.05142573458004166 0.9984017853746102
vn 0.02338534215709355 0.0846097988937063 0.9961397029048498
vn -0.0013329318191052974 0.08877827306681578 0.9960505215720935
vn 0.02343648403011292 -0.05142573458004166 0.9984017853746102
vn -0.0013329318191052974 0.08877827306681578 0.9960505215720935
vn 0.0008260200668866451 -0.050657837640750214 0.9987157259082349
vn -0.0008262763519938058 -0.0506259599796191 0.9987173421161426
vn 0.001333642245092494 0.08877174288506195 0.9960511026365619
vn -0.023381177911390428 0.08457694410806128 0.9961425907192292
vn -0.0008262763519938058 -0.0506259599796191 0.9987173421161426
vn -0.023381177911390428 0.08457694410806128 0.9961425907192292
vn -0.02342589305573081 -0.0513981302359908 0.9984034553940534
vn 0.0008260200668866451 -0.050657837640750214 0.9987157259082349
vn -0.0013329318191052974 0.08877827306681578 0.9960505215720935
vn -0.03121685730293526 0.0923654064640034 0.9952357205752153
vn 0.0008260200668866451 -0.050657837640750214 0.9987157259082349
vn -0.03121685730293526 0.0923654064640034 0.9952357205752153
vn 0.017100867363150328 -0.05047898703722158 0.9985787060633349
vn -0.017091403345565578 -0.05045379314201035 0.9985801413453316
vn 0.03122584916803627 0.09227145919031106 0.995244153041165
vn 0.001333642245092494 0.08877174288506195 0.9960511026365619
vn -0.017091403345565578 -0.05045379314201035 0.9985801413453316
vn 0.001333642245092494 0.08877174288506195 0.9960511026365619
vn -0.0008262763519938058 -0.0506259599796191 0.9987173421161426
vn 0.017100867363150328 -0.05047898703722158 0.9985787060633349
vn -0.03121685730293526 0.0923654064640034 0.9952357205752153
vn -0.06689973252631323 0.10005279000680932 0.9927305097556743
vn 0.017100867363150328 -0.05047898703722158 0.9985787060633349
vn -0.06689973252631323 0.10005279000680932 0.9927305097556743
vn 0.033398301896762746 -0.05050094087298007 0.9981654213612874
vn -0.031222821270721814 -0.05762436079624776 0.9978499729291577
vn 0.04551594624305751 0.08439465463683443 0.9953923050266806
vn 0.06954098656101433 0.08808755137645799 0.9936823609587828
vn -0.031222821270721814 -0.05762436079624776 0.9978499729291577
vn 0.06954098656101433 0.08808755137645799 0.9936823609587828
vn -0.04828458268592386 -0.06081830324066766 0.9969803072607665
vn 0.031204520000243395 -0.057593413366549225 0.9978523320954581
vn -0.04550210163283923 0.08437366369686498 0.9953947174972163
vn -0.01543655311762215 0.0746546552672236 0.9970899634811188
vn 0.031204520000243395 -0.057593413366549225 0.9978523320954581
vn -0.01543655311762215 0.0746546552672236 0.9970899634811188
vn 0.012936829503251463 -0.061203098699390175 0.998041491698615
vn -0.03340075631688744 -0.050515109234059066 0.9981646223026196
vn 0.06688353393947846 0.10002828351484734 0.9927340708290614
vn 0.03122584916803627 0.09227145919031106 0.995244153041165
vn -0.03340075631688744 -0.050515109234059066 0.9981646223026196
vn 0.03122584916803627 0.09227145919031106 0.995244153041165
vn -0.017091403345565578 -0.05045379314201035 0.9985801413453316
vn -0.04828458268592386 -0.06081830324066766 0.9969803072607665
vn 0.06954098656101433 0.08808755137645799 0.9936823609587828
vn 0.06688353393947846 0.10002828351484734 0.9927340708290614
vn -0.04828458268592386 -0.06081830324066766 0.9969803072607665
vn 0.06688353393947846 0.10002828351484734 0.9927340708290614
vn -0.03340075631688744 -0.050515109234059066 0.9981646223026196
vn 0.04828113753341824 -0.060785603575430475 0.9969824683295337
vn -0.06954464906360106 0.08810414177425878 0.993680633799835
vn -0.04550210163283923 0.08437366369686498 0.9953947174972163
vn 0.04828113753341824 -0.060785603575430475 0.9969824683295337
vn -0.04550210163283923 0.08437366369686498 0.9953947174972163
vn 0.031204520000243395 -0.057593413366549225 0.9978523320954581
vn 0.033398301896762746 -0.05050094087298007 0.9981654213612874
vn -0.06689973252631323 0.10005279000680932 0.9927305097556743
vn -0.06954464906360106 0.08810414177425878 0.993680633799835
vn 0.033398301896762746 -0.05050094087298007 0.9981654213612874
vn -0.06954464906360106 0.08810414177425878 0.993680633799835
vn 0.04828113753341824 -0.060785603575430475 0.9969824683295337
vn -0.012947924869946654 -0.06121001462665283 0.9980409236854805
vn 0.015436314941960839 0.07467519024079534 0.9970884294502236
vn 0.04551594624305751 0.08439465463683443 0.9953923050266806
vn -0.012947924869946654 -0.06121001462665283 0.9980409236854805
vn 0.04551594624305751 0.08439465463683443 0.9953923050266806
vn -0.031222821270721814 -0.05762436079624776 0.9978499729291577
vn 0.012936829503251463 -0.061203098699390175 0.998041491698615
vn -0.01543655311762215 0.0746546552672236 0.9970899634811188
vn 0.015436314941960839 0.07467519024079534 0.9970884294502236
vn 0.012936829503251463 -0.061203098699390175 0.998041491698615
vn 0.015436314941960839 0.07467519024079534 0.9970884294502236
vn -0.012947924869946654 -0.06121001462665283 0.9980409236854805
vn 0.15810864989424084 -0.9874207268530529 0.0014010744480490351
vn 0.3824605021181461 -0.9239656265083526 0.003389004361598114
vn 0.36016440936103095 -0.9255390733418557 0.11687181844704447
vn 0.15810864989424084 -0.9874207268530529 0.0014010744480490351
vn 0.36016440936103095 -0.9255390733418557 0.11687181844704447
vn 0.15954422261594228 -0.9858322313771439 0.051773087679178285
vn 0.9237641140246268 -0.3828727076183008 0.008267490630618025
vn 0.9986451319549737 -0.051260122096106295 0.008961043763154966
vn 0.9498306664829516 -0.050814085521844236 0.30860919254152264
vn 0.9237641140246268 -0.3828727076183008 0.008267490630618025
vn 0.9498306664829516 -0.050814085521844236 0.30860919254152264
vn 0.8770841820246672 -0.3867219030544576 0.28490262782231257
vn 0.051771085638447054 -0.985833524307824 0.15953688301653554
vn 0.11686731956820406 -0.9255447452539283 0.36015129341678653
vn 0.008842384874605012 -0.9239472602116864 0.3824176677103818
vn 0.051771085638447054 -0.985833524307824 0.15953688301653554
vn 0.008842384874605012 -0.9239472602116864 0.3824176677103818
vn 0.0036481536162955965 -0.9874837628122757 0.15767849935010575
vn 0.28490117104360907 -0.38669936664858634 0.8770945915758246
vn 0.30860837328549073 -0.05081098740283275 0.9498310984049912
vn 0.02343648403011292 -0.05142573458004166 0.9984017853746102
vn 0.28490117104360907 -0.38669936664858634 0.8770945915758246
vn 0.02343648403011292 -0.05142573458004166 0.9984017853746102
vn 0.021552567527026254 -0.38305880242859236 0.9234724905025409
vn 0.0036481536162955965 -0.9874837628122757 0.15767849935010575
vn 0.008842384874605012 -0.9239472602116864 0.3824176677103818
vn 0.014558611627513129 -0.9234506618878042 0.3834408975141485
vn 0.0036481536162955965 -0.9874837628122757 0.15767849935010575
vn 0.014558611627513129 -0.9234506618878042 0.3834408975141485
vn 0.016086261837403585 -0.9885197997833848 0.15023261169371793
vn 0.021552567527026254 -0.38305880242859236 0.9234724905025409
vn 0.02343648403011292 -0.05142573458004166 0.9984017853746102
vn 0.0008260200668866451 -0.050657837640750214 0.9987157259082349
vn 0.021552567527026254 -0.38305880242859236 0.9234724905025409
vn 0.0008260200668866451 -0.050657837640750214 0.9987157259082349
vn 0.006365161871734344 -0.38190728527742474 0.9241787219831317
vn 0.30860837328549073 -0.05081098740283275 0.9498310984049912
vn 0.28490117104360907 -0.38669936664858634 0.8770945915758246
vn 0.5420514350066824 -0.3867082897342558 0.7460810548847914
vn 0.30860837328549073 -0.05081098740283275 0.9498310984049912
vn 0.5420514350066824 -0.3867082897342558 0.7460810548847914
vn 0.587026541146702 -0.05078795965290253 0.8079730336735468
vn 0.11686731956820406 -0.9255447452539283 0.36015129341678653
vn 0.051771085638447054 -0.985833524307824 0.15953688301653554
vn 0.09880478881140137 -0.98577096083495 0.13598980286210519
vn 0.11686731956820406 -0.9255447452539283 0.36015129341678653
vn 0.09880478881140137 -0.98577096083495 0.13598980286210519
vn 0.22255958689294103 -0.9255419976096876 0.3063319130334163
vn 0.587026541146702 -0.05078795965290253 0.8079730336735468
vn 0.5420514350066824 -0.3867082897342558 0.7460810548847914
vn 0.7460724381473504 -0.3867213555019233 0.5420539735447228
vn 0.587026541146702 -0.05078795965290253 0.8079730336735468
vn 0.7460724381473504 -0.3867213555019233 0.5420539735447228
vn 0.8079740123413207 -0.05078971579276529 0.5870250421836855
vn 0.22255958689294103 -0.9255419976096876 0.3063319130334163
vn 0.09880478881140137 -0.98577096083495 0.13598980286210519
vn 0.1359934294577663 -0.9857705358833468 0.09880403700545184
vn 0.22255958689294103 -0.9255419976096876 0.3063319130334163
vn 0.1359934294577663 -0.9857705358833468 0.09880403700545184
vn 0.3063349934308212 -0.9255404207890875 0.22256190438908735
vn 0.8079740123413207 -0.05078971579276529 0.5870250421836855
vn 0.7460724381473504 -0.3867213555019233 0.5420539735447228
vn 0.8770841820246672 -0.3867219030544576 0.28490262782231257
vn 0.8079740123413207 -0.05078971579276529 0.5870250421836855
vn 0.8770841820246672 -0.3867219030544576 0.28490262782231257
vn 0.9498306664829516 -0.050814085521844236 0.30860919254152264
vn 0.3063349934308212 -0.9255404207890875 0.22256190438908735
vn 0.1359934294577663 -0.9857705358833468 0.09880403700545184
vn 0.15954422261594228 -0.9858322313771439 0.051773087679178285
vn 0.3063349934308212 -0.9255404207890875 0.22256190438908735
vn 0.15954422261594228 -0.9858322313771439 0.051773087679178285
vn 0.36016440936103095 -0.9255390733418557 0.11687181844704447
vn 0.016086261837403585 -0.9885197997833848 0.15023261169371793
vn 0.014558611627513129 -0.9234506618878042 0.3834408975141485
vn 0.2967232960278829 -0.8763592539430854 0.37940709485019875
vn 0.016086261837403585 -0.9885197997833848 0.15023261169371793
vn 0.2967232960278829 -0.8763592539430854 0.37940709485019875
vn 0.3182056872231911 -0.9366513291891508 0.14638793716359835
vn 0.006365161871734344 -0.38190728527742474 0.9241787219831317
vn 0.0008260200668866451 -0.050657837640750214 0.9987157259082349
vn 0.017100867363150328 -0.05047898703722158 0.9985787060633349
vn 0.006365161871734344 -0.38190728527742474 0.9241787219831317
vn 0.017100867363150328 -0.05047898703722158 0.9985787060633349
vn 0.12312729666981773 -0.3626740358407918 0.9237462923020231
vn -0.9986451319549737 -0.051260122096106295 0.008961043763154966
vn -0.9237641140246268 -0.3828727076183008 0.008267490630618025
vn -0.8770842116531957 -0.3867219231613621 0.2849025093169059
vn -0.9986451319549737 -0.051260122096106295 0.008961043763154966
vn -0.8770842116531957 -0.3867219231613621 0.2849025093169059
vn -0.9498306768370034 -0.050814052548152196 0.3086091661033313
vn -0.38246047654541915 -0.9239656367264037 0.003389104516253986
vn -0.15810864989344142 -0.9874207268480603 0.001401078056916888
vn -0.15954388450012444 -0.9858323194726898 0.05177245215080699
vn -0.38246047654541915 -0.9239656367264037 0.003389104516253986
vn -0.15954388450012444 -0.9858323194726898 0.05177245215080699
vn -0.3601644938695972 -0.9255389585252283 0.11687246727819332
vn -0.9498306768370034 -0.050814052548152196 0.3086091661033313
vn -0.8770842116531957 -0.3867219231613621 0.2849025093169059
vn -0.7460722205128455 -0.3867213364728768 0.5420542866684701
vn -0.9498306768370034 -0.050814052548152196 0.3086091661033313
vn -0.7460722205128455 -0.3867213364728768 0.5420542866684701
vn -0.8079739698843594 -0.05078974669449286 0.5870250979472832
vn -0.3601644938695972 -0.9255389585252283 0.11687246727819332
vn -0.15954388450012444 -0.9858323194726898 0.05177245215080699
vn -0.13599306045132195 -0.9857706806266096 0.09880310079159435
vn -0.3601644938695972 -0.9255389585252283 0.11687246727819332
vn -0.13599306045132195 -0.9857706806266096 0.09880310079159435
vn -0.30633484316353876 -0.9255404169952725 0.22256212699421074
vn -0.8079739698843594 -0.05078974669449286 0.5870250979472832
vn -0.7460722205128455 -0.3867213364728768 0.5420542866684701
vn -0.5420515012032749 -0.38670829443705773 0.7460810043533194
vn -0.8079739698843594 -0.05078974669449286 0.5870250979472832
vn -0.5420515012032749 -0.38670829443705773 0.7460810043533194
vn -0.5870265381479344 -0.05078805997629557 0.8079730295460956
vn -0.30633484316353876 -0.9255404169952725 0.22256212699421074
vn -0.13599306045132195 -0.9857706806266096 0.09880310079159435
vn -0.0988050506067928 -0.9857707179141167 0.13599137354139784
vn -0.30633484316353876 -0.9255404169952725 0.22256212699421074
vn -0.0988050506067928 -0.9857707179141167 0.13599137354139784
vn -0.22256017457503907 -0.9255414883521375 0.3063330247166279
vn -0.5870265381479344 -0.05078805997629557 0.8079730295460956
vn -0.5420515012032749 -0.38670829443705773 0.7460810043533194
vn -0.28490129147233245 -0.3866985934434516 0.8770948933531953
vn -0.5870265381479344 -0.05078805997629557 0.8079730295460956
vn -0.28490129147233245 -0.3866985934434516 0.8770948933531953
vn -0.308608347431403 -0.05081091727237745 0.949831110556818
vn -0.22256017457503907 -0.9255414883521375 0.3063330247166279
vn -0.0988050506067928 -0.9857707179141167 0.13599137354139784
vn -0.05177133847668652 -0.9858327998833277 0.1595412773752645
vn -0.22256017457503907 -0.9255414883521375 0.3063330247166279
vn -0.05177133847668652 -0.9858327998833277 0.1595412773752645
vn -0.11686789024008264 -0.9255442450764194 0.3601523936290759
vn -0.308608347431403 -0.05081091727237745 0.949831110556818
vn -0.28490129147233245 -0.3866985934434516 0.8770948933531953
vn -0.021585921987840723 -0.3834704003391824 0.9233008718915204
vn -0.308608347431403 -0.05081091727237745 0.949831110556818
vn -0.021585921987840723 -0.3834704003391824 0.9233008718915204
vn -0.02342589305573081 -0.0513981302359908 0.9984034553940534
vn -0.11686789024008264 -0.9255442450764194 0.3601523936290759
vn -0.05177133847668652 -0.9858327998833277 0.1595412773752645
vn -0.0036506077316172322 -0.9875156168637811 0.15747882242808267
vn -0.11686789024008264 -0.9255442450764194 0.3601523936290759
vn -0.0036506077316172322 -0.9875156168637811 0.15747882242808267
vn -0.008849731759401258 -0.9241223672755391 0.38199415250608243
vn -0.02342589305573081 -0.0513981302359908 0.9984034553940534
vn -0.021585921987840723 -0.3834704003391824 0.9233008718915204
vn -0.0063781019231758974 -0.38240598662755904 0.9239723920157251
vn -0.02342589305573081 -0.0513981302359908 0.9984034553940534
vn -0.0063781019231758974 -0.38240598662755904 0.9239723920157251
vn -0.0008262763519938058 -0.0506259599796191 0.9987173421161426
vn -0.008849731759401258 -0.9241223672755391 0.38199415250608243
vn -0.0036506077316172322 -0.9875156168637811 0.15747882242808267
vn -0.0160878527214336 -0.9885560507862996 0.14999371803048545
vn -0.008849731759401258 -0.9241223672755391 0.38199415250608243
vn -0.0160878527214336 -0.9885560507862996 0.14999371803048545
vn -0.014564710121827602 -0.9236627475431309 0.38292949484225103
vn 0.3182056872231911 -0.9366513291891508 0.14638793716359835
vn 0.2967232960278829 -0.8763592539430854 0.37940709485019875
vn 0.5102420459300031 -0.7703872934246234 0.38230416253952526
vn 0.3182056872231911 -0.9366513291891508 0.14638793716359835
vn 0.5102420459300031 -0.7703872934246234 0.38230416253952526
vn 0.547900369732562 -0.8231829866086567 0.1489125763828365
vn 0.12312729666981773 -0.3626740358407918 0.9237462923020231
vn 0.017100867363150328 -0.05047898703722158 0.9985787060633349
vn 0.033398301896762746 -0.05050094087298007 0.9981654213612874
vn 0.12312729666981773 -0.3626740358407918 0.9237462923020231
vn 0.033398301896762746 -0.05050094087298007 0.9981654213612874
vn 0.20948764555229268 -0.3159414808732284 0.9253625813834211
vn -0.0008262763519938058 -0.0506259599796191 0.9987173421161426
vn -0.0063781019231758974 -0.38240598662755904 0.9239723920157251
vn -0.12332556524623602 -0.3632895090109729 0.9234779572893242
vn -0.0008262763519938058 -0.0506259599796191 0.9987173421161426
vn -0.12332556524623602 -0.3632895090109729 0.9234779572893242
vn -0.017091403345565578 -0.05045379314201035 0.9985801413453316
vn -0.014564710121827602 -0.9236627475431309 0.38292949484225103
vn -0.0160878527214336 -0.9885560507862996 0.14999371803048545
vn -0.3182128531847086 -0.936696131732006 0.14608537526509535
vn -0.014564710121827602 -0.9236627475431309 0.38292949484225103
vn -0.3182128531847086 -0.936696131732006 0.14608537526509535
vn -0.29679849364752553 -0.8766193277925001 0.378746892144589
vn 0.547900369732562 -0.8231829866086567 0.1489125763828365
vn 0.5102420459300031 -0.7703872934246234 0.38230416253952526
vn 0.5751888870869706 -0.7251158351177485 0.3786354048859438
vn 0.547900369732562 -0.8231829866086567 0.1489125763828365
vn 0.5751888870869706 -0.7251158351177485 0.3786354048859438
vn 0.6147355121644137 -0.7759310800788107 0.1415316538859277
vn 0.20948764555229268 -0.3159414808732284 0.9253625813834211
vn 0.033398301896762746 -0.05050094087298007 0.9981654213612874
vn 0.04828113753341824 -0.060785603575430475 0.9969824683295337
vn 0.20948764555229268 -0.3159414808732284 0.9253625813834211
vn 0.04828113753341824 -0.060785603575430475 0.9969824683295337
vn 0.23817966531863763 -0.3000984258503907 0.9236944201578893
vn -0.47069088067888504 -0.8705155335403253 0.1437108232205858
vn -0.43994125425639374 -0.81288409135965 0.3816688968434647
vn -0.5752008644239944 -0.7252261748232428 0.37840581512066795
vn -0.47069088067888504 -0.8705155335403253 0.1437108232205858
vn -0.5752008644239944 -0.7252261748232428 0.37840581512066795
vn -0.6147237696187371 -0.7759514047172678 0.1414712146799797
vn -0.1818773946659322 -0.335905772256447 0.9241687754270498
vn -0.031222821270721814 -0.05762436079624776 0.9978499729291577
vn -0.04828458268592386 -0.06081830324066766 0.9969803072607665
vn -0.1818773946659322 -0.335905772256447 0.9241687754270498
vn -0.04828458268592386 -0.06081830324066766 0.9969803072607665
vn -0.23823048305707265 -0.30027812884875243 0.923622911299566
vn -0.6147237696187371 -0.7759514047172678 0.1414712146799797
vn -0.5752008644239944 -0.7252261748232428 0.37840581512066795
vn -0.5103528853467364 -0.7705651752065948 0.38179738497937726
vn -0.6147237696187371 -0.7759514047172678 0.1414712146799797
vn -0.5103528853467364 -0.7705651752065948 0.38179738497937726
vn -0.547916041436294 -0.8232121863971932 0.1486933344300755
vn -0.23823048305707265 -0.30027812884875243 0.923622911299566
vn -0.04828458268592386 -0.06081830324066766 0.9969803072607665
vn -0.03340075631688744 -0.050515109234059066 0.9981646223026196
vn -0.23823048305707265 -0.30027812884875243 0.923622911299566
vn -0.03340075631688744 -0.050515109234059066 0.9981646223026196
vn -0.20971481764621117 -0.31635985174489856 0.9251681682070358
vn 0.4706915485935531 -0.8705227773565183 0.14366474928143094
vn 0.4399322263699795 -0.8128829033625496 0.3816818329735191
vn 0.18946621991375776 -0.9017522665302374 0.38851692539601307
vn 0.4706915485935531 -0.8705227773565183 0.14366474928143094
vn 0.18946621991375776 -0.9017522665302374 0.38851692539601307
vn 0.20297665062306533 -0.9683604324807075 0.14518454500262468
vn 0.18188295997421453 -0.3359400902605184 0.9241552059187749
vn 0.031204520000243395 -0.057593413366549225 0.9978523320954581
vn 0.012936829503251463 -0.061203098699390175 0.998041491698615
vn 0.18188295997421453 -0.3359400902605184 0.9241552059187749
vn 0.012936829503251463 -0.061203098699390175 0.998041491698615
vn 0.07776628368624572 -0.368322488518286 0.926439933062758
vn 0.20297665062306533 -0.9683604324807075 0.14518454500262468
vn 0.18946621991375776 -0.9017522665302374 0.38851692539601307
vn -0.1895552642748935 -0.9017334674278127 0.38851712382633746
vn 0.20297665062306533 -0.9683604324807075 0.14518454500262468
vn -0.1895552642748935 -0.9017334674278127 0.38851712382633746
vn -0.20301176223647 -0.9683508575111198 0.1451993152570702
vn 0.07776628368624572 -0.368322488518286 0.926439933062758
vn 0.012936829503251463 -0.061203098699390175 0.998041491698615
vn -0.012947924869946654 -0.06121001462665283 0.9980409236854805
vn 0.07776628368624572 -0.368322488518286 0.926439933062758
vn -0.012947924869946654 -0.06121001462665283 0.9980409236854805
vn -0.07780931127385225 -0.3683029648288145 0.9264440820564369
vn -0.017091403345565578 -0.05045379314201035 0.9985801413453316
vn -0.12332556524623602 -0.3632895090109729 0.9234779572893242
vn -0.20971481764621117 -0.31635985174489856 0.9251681682070358
vn -0.017091403345565578 -0.05045379314201035 0.9985801413453316
vn -0.20971481764621117 -0.31635985174489856 0.9251681682070358
vn -0.03340075631688744 -0.050515109234059066 0.9981646223026196
vn -0.29679849364752553 -0.8766193277925001 0.378746892144589
vn -0.3182128531847086 -0.936696131732006 0.14608537526509535
vn -0.547916041436294 -0.8232121863971932 0.1486933344300755
vn -0.29679849364752553 -0.8766193277925001 0.378746892144589
vn -0.547916041436294 -0.8232121863971932 0.1486933344300755
vn -0.5103528853467364 -0.7705651752065948 0.38179738497937726
vn 0.031204520000243395 -0.057593413366549225 0.9978523320954581
vn 0.18188295997421453 -0.3359400902605184 0.9241552059187749
vn 0.23817966531863763 -0.3000984258503907 0.9236944201578893
vn 0.031204520000243395 -0.057593413366549225 0.9978523320954581
vn 0.23817966531863763 -0.3000984258503907 0.9236944201578893
vn 0.04828113753341824 -0.060785603575430475 0.9969824683295337
vn 0.4399322263699795 -0.8128829033625496 0.3816818329735191
vn 0.4706915485935531 -0.8705227773565183 0.14366474928143094
vn 0.6147355121644137 -0.7759310800788107 0.1415316538859277
vn 0.4399322263699795 -0.8128829033625496 0.3816818329735191
vn 0.6147355121644137 -0.7759310800788107 0.1415316538859277
vn 0.5751888870869706 -0.7251158351177485 0.3786354048859438
vn -0.031222821270721814 -0.05762436079624776 0.9978499729291577
vn -0.1818773946659322 -0.335905772256447 0.9241687754270498
vn -0.07780931127385225 -0.3683029648288145 0.9264440820564369
vn -0.031222821270721814 -0.05762436079624776 0.9978499729291577
vn -0.07780931127385225 -0.3683029648288145 0.9264440820564369
vn -0.012947924869946654 -0.06121001462665283 0.9980409236854805
vn -0.43994125425639374 -0.81288409135965 0.3816688968434647
vn -0.47069088067888504 -0.8705155335403253 0.1437108232205858
vn -0.20301176223647 -0.9683508575111198 0.1451993152570702
vn -0.43994125425639374 -0.81288409135965 0.3816688968434647
vn -0.20301176223647 -0.9683508575111198 0.1451993152570702
vn -0.1895552642748935 -0.9017334674278127 0.38851712382633746
vn -0.9963647352920715 0.08472010923492755 -0.008934056054336878
vn -0.9963647352920715 0.08472010923492755 0.008934056054336878
vn -0.9237605969010356 0.3828816132284416 0.0082480218615377
vn -0.9963647352920715 0.08472010923492755 -0.008934056054336878
vn -0.9237605969010356 0.3828816132284416 0.0082480218615377
vn -0.9237605969010356 0.3828816132284416 -0.0082480218615377
vn -0.38245085669298284 0.9239697522664078 -0.003352478420005718
vn -0.38245085669298284 0.9239697522664078 0.003352478420005718
vn -0.08580617264254053 0.9963115652215956 0.0007521583165731312
vn -0.38245085669298284 0.9239697522664078 -0.003352478420005718
vn -0.08580617264254053 0.9963115652215956 0.0007521583165731312
vn -0.08580617494122472 0.9963115650066076 -0.0007521808559829076
vn -0.08580617494122472 0.9963115650066076 -0.0007521808559829076
vn -0.08580617264254053 0.9963115652215956 0.0007521583165731312
vn 0 0.9999999999999999 1.4112293555967879e-8
vn -0.08580617494122472 0.9963115650066076 -0.0007521808559829076
vn 0 0.9999999999999999 1.4112293555967879e-8
vn 0 0.999999999999999 -4.233686468069205e-8
vn 0.9999757572602556 0 0.0069631093469919155
vn 0.9999757572602556 0 -0.0069631093469919155
vn 0.9999757572602556 0 -0.0069631093469919155
vn 0.9999757572602556 0 0.0069631093469919155
vn 0.9999757572602556 0 -0.0069631093469919155
vn 0.9999757572602556 0 0.0069631093469919155
vn 0 -0.9999999999999992 4.030266964605286e-8
vn 0 -0.9999999999999968 -8.060517586727629e-8
vn 0 -0.9999999999999966 -8.176691324024404e-8
vn 0 -0.9999999999999992 4.030266964605286e-8
vn 0 -0.9999999999999966 -8.176691324024404e-8
vn 0 -0.9999999999999992 4.088354188525042e-8
vn -0.15810864989424084 -0.9874207268530529 -0.0014010744480490351
vn -0.15810864989344142 -0.9874207268480603 0.001401078056916888
vn -0.38246047654541915 -0.9239656367264037 0.003389104516253986
vn -0.15810864989424084 -0.9874207268530529 -0.0014010744480490351
vn -0.38246047654541915 -0.9239656367264037 0.003389104516253986
vn -0.3824605021181461 -0.9239656265083526 -0.003389004361598114
vn -0.9237641140246268 -0.3828727076183008 -0.008267490630618025
vn -0.9237641140246268 -0.3828727076183008 0.008267490630618025
vn -0.9986451319549737 -0.051260122096106295 0.008961043763154966
vn -0.9237641140246268 -0.3828727076183008 -0.008267490630618025
vn -0.9986451319549737 -0.051260122096106295 0.008961043763154966
vn -0.9986451319549737 -0.051260122096106295 -0.008961043763154966
vn -0.9986451319549737 -0.051260122096106295 -0.008961043763154966
vn -0.9986451319549737 -0.051260122096106295 0.008961043763154966
vn -0.9963647352920715 0.08472010923492755 0.008934056054336878
vn -0.9986451319549737 -0.051260122096106295 -0.008961043763154966
vn -0.9963647352920715 0.08472010923492755 0.008934056054336878
vn -0.9963647352920715 0.08472010923492755 -0.008934056054336878
vn 0 0.9999999999999999 -1.4112293555967879e-8
vn 0 0.999999999999999 4.233686468069205e-8
vn 0.0858061726410904 0.9963115652047578 0.0007521807847166354
vn 0 0.9999999999999999 -1.4112293555967879e-8
vn 0.0858061726410904 0.9963115652047578 0.0007521807847166354
vn 0.08580617264254053 0.9963115652215956 -0.0007521583165731312
vn 0.08580617264254053 0.9963115652215956 -0.0007521583165731312
vn 0.0858061726410904 0.9963115652047578 0.0007521807847166354
vn 0.38245085669298284 0.9239697522664078 0.003352478420005718
vn 0.08580617264254053 0.9963115652215956 -0.0007521583165731312
vn 0.38245085669298284 0.9239697522664078 0.003352478420005718
vn 0.38245085669298284 0.9239697522664078 -0.003352478420005718
vn 0.9237605969010356 0.3828816132284416 -0.0082480218615377
vn 0.9237605969010356 0.3828816132284416 0.0082480218615377
vn 0.9963647352920715 0.08472010923492755 0.008934056054336878
vn 0.9237605969010356 0.3828816132284416 -0.0082480218615377
vn 0.9963647352920715 0.08472010923492755 0.008934056054336878
vn 0.9963647352920715 0.08472010923492755 -0.008934056054336878
vn 0.9963647352920715 0.08472010923492755 -0.008934056054336878
vn 0.9963647352920715 0.08472010923492755 0.008934056054336878
vn 0.9986451319549737 -0.051260122096106295 0.008961043763154966
vn 0.9963647352920715 0.08472010923492755 -0.008934056054336878
vn 0.9986451319549737 -0.051260122096106295 0.008961043763154966
vn 0.9986451319549737 -0.051260122096106295 -0.008961043763154966
vn 0.9986451319549737 -0.051260122096106295 -0.008961043763154966
vn 0.9986451319549737 -0.051260122096106295 0.008961043763154966
vn 0.9237641140246268 -0.3828727076183008 0.008267490630618025
vn 0.9986451319549737 -0.051260122096106295 -0.008961043763154966
vn 0.9237641140246268 -0.3828727076183008 0.008267490630618025
vn 0.9237641140246268 -0.3828727076183008 -0.008267490630618025
vn 0.38246047654541915 -0.9239656367264037 -0.003389104516253986
vn 0.3824605021181461 -0.9239656265083526 0.003389004361598114
vn 0.15810864989424084 -0.9874207268530529 0.0014010744480490351
vn 0.38246047654541915 -0.9239656367264037 -0.003389104516253986
vn 0.15810864989424084 -0.9874207268530529 0.0014010744480490351
vn 0.15810864989344142 -0.9874207268480603 -0.001401078056916888
vn 0 -0.9999999999999966 8.176691324024404e-8
vn 0 -0.9999999999999992 -4.088354188525042e-8
vn 0 -0.9999999999999992 -4.030266964605286e-8
vn 0 -0.9999999999999966 8.176691324024404e-8
vn 0 -0.9999999999999992 -4.030266964605286e-8
vn 0 -0.9999999999999968 8.060517586727629e-8
vn -0.9999757572602556 0 0.0069631093469919155
vn -0.9999757572602556 0 -0.0069631093469919155
vn -0.9999757572602556 0 -0.0069631093469919155
vn -0.9999757572602556 0 0.0069631093469919155
vn -0.9999757572602556 0 -0.0069631093469919155
vn -0.9999757572602556 0 0.0069631093469919155
vn -0.00002368095137515864 -0.9999993038588786 0.0011797122407791677
vn 0 -0.9999999999975886 -0.0000021960574940696255
vn 0 -0.9999999999975886 -0.0000021960481717489323
vn -0.00002368095137515864 -0.9999993038588786 0.0011797122407791677
vn 0 -0.9999999999975886 -0.0000021960481717489323
vn -0.000023680945918200732 -0.9999993038592906 0.0011797118915337233
vn -0.051771085638447054 -0.985833524307824 -0.15953688301653554
vn -0.0036481536162955965 -0.9874837628122757 -0.15767849935010575
vn 0.00002359830576709661 -0.9999993109447919 0.0011736920641608063
vn -0.051771085638447054 -0.985833524307824 -0.15953688301653554
vn 0.00002359830576709661 -0.9999993109447919 0.0011736920641608063
vn 0 -0.9999999999760265 0.000006924363787963993
vn 0 -0.9999999999975886 -0.0000021960574940696255
vn 0 -0.9999999999968469 0.0000025112051389362873
vn 0 -0.9999999999968469 0.0000025112010462101294
vn 0 -0.9999999999975886 -0.0000021960574940696255
vn 0 -0.9999999999968469 0.0000025112010462101294
vn 0 -0.9999999999975886 -0.0000021960481717489323
vn -0.09880478881140137 -0.98577096083495 -0.13598980286210519
vn -0.051771085638447054 -0.985833524307824 -0.15953688301653554
vn 0 -0.9999999999760265 0.000006924363787963993
vn -0.09880478881140137 -0.98577096083495 -0.13598980286210519
vn 0 -0.9999999999760265 0.000006924363787963993
vn 0 -0.9999999999804268 0.000006256693722994305
vn 0 -0.9999999999968469 0.0000025112051389362873
vn 0 -1 -8.685725749746354e-12
vn 0 -1 -1.6827298235377874e-11
vn 0 -0.9999999999968469 0.0000025112051389362873
vn 0 -1 -1.6827298235377874e-11
vn 0 -0.9999999999968469 0.0000025112010462101294
vn -0.1359934294577663 -0.9857705358833468 -0.09880403700545184
vn -0.09880478881140137 -0.98577096083495 -0.13598980286210519
vn 0 -0.9999999999804268 0.000006256693722994305
vn -0.1359934294577663 -0.9857705358833468 -0.09880403700545184
vn 0 -0.9999999999804268 0.000006256693722994305
vn 0 -0.999999999999636 -8.531939101882548e-7
vn 0 -1 -8.685725749746354e-12
vn 0 -0.9999999999974066 -0.000002277383373433173
vn 0 -0.9999999999974066 -0.0000022773826913121465
vn 0 -1 -8.685725749746354e-12
vn 0 -0.9999999999974066 -0.0000022773826913121465
vn 0 -1 -1.6827298235377874e-11
vn -0.15954422261594228 -0.9858322313771439 -0.051773087679178285
vn -0.1359934294577663 -0.9857705358833468 -0.09880403700545184
vn 0 -0.999999999999636 -8.531939101882548e-7
vn -0.15954422261594228 -0.9858322313771439 -0.051773087679178285
vn 0 -0.999999999999636 -8.531939101882548e-7
vn 0 -0.999999999996006 -0.0000028262732030157974
vn 0 -0.9999999999974066 -0.000002277383373433173
vn 0 -0.999999999999998 -6.301183930190733e-8
vn 0 -0.999999999999998 -6.3012031148446e-8
vn 0 -0.9999999999974066 -0.000002277383373433173
vn 0 -0.999999999999998 -6.3012031148446e-8
vn 0 -0.9999999999974066 -0.0000022773826913121465
vn -0.15810864989424084 -0.9874207268530529 -0.0014010744480490351
vn -0.15954422261594228 -0.9858322313771439 -0.051773087679178285
vn 0 -0.999999999996006 -0.0000028262732030157974
vn -0.15810864989424084 -0.9874207268530529 -0.0014010744480490351
vn 0 -0.999999999996006 -0.0000028262732030157974
vn 0 -0.999999999999998 -6.234942873106763e-8
vn 0 -1 0
vn 0 -1 0
vn 0 -1 0
vn 0 -1 0
vn 0 -1 0
vn 0 -1 0
vn 0.15954388450012444 -0.9858323194726898 -0.05177245215080699
vn 0.15810864989344142 -0.9874207268480603 -0.001401078056916888
vn 0 -1 0
vn 0.15954388450012444 -0.9858323194726898 -0.05177245215080699
vn 0 -1 0
vn 0 -0.9999999999990016 -0.0000014131335319675133
vn 0 -1 0
vn 0 -0.9999999999985987 0.000001674128611737088
vn 0 -0.9999999999985987 0.0000016741242916372546
vn 0 -1 0
vn 0 -0.9999999999985987 0.0000016741242916372546
vn 0 -1 0
vn 0.13599306045132195 -0.9857706806266096 -0.09880310079159435
vn 0.15954388450012444 -0.9858323194726898 -0.05177245215080699
vn 0 -0.9999999999990016 -0.0000014131335319675133
vn 0.13599306045132195 -0.9857706806266096 -0.09880310079159435
vn 0 -0.9999999999990016 -0.0000014131335319675133
vn 0 -0.9999999999998384 5.687762723026925e-7
vn 0 -0.9999999999985987 0.000001674128611737088
vn 0 -0.9999999999964124 0.0000026786160560636146
vn 0 -0.9999999999964124 0.000002678612645458483
vn 0 -0.9999999999985987 0.000001674128611737088
vn 0 -0.9999999999964124 0.000002678612645458483
vn 0 -0.9999999999985987 0.0000016741242916372546
vn 0.0988050506067928 -0.9857707179141167 -0.13599137354139784
vn 0.13599306045132195 -0.9857706806266096 -0.09880310079159435
vn 0 -0.9999999999998384 5.687762723026925e-7
vn 0.0988050506067928 -0.9857707179141167 -0.13599137354139784
vn 0 -0.9999999999998384 5.687762723026925e-7
vn 0 -0.9999999999902842 0.000004408114818900603
vn 0 -0.9999999999964124 0.0000026786160560636146
vn 0 -0.9999999999970229 -0.0000024400596885170785
vn 0 -0.9999999999970229 -0.0000024400492293280085
vn 0 -0.9999999999964124 0.0000026786160560636146
vn 0 -0.9999999999970229 -0.0000024400492293280085
vn 0 -0.9999999999964124 0.000002678612645458483
vn 0.05177133847668652 -0.9858327998833277 -0.1595412773752645
vn 0.0988050506067928 -0.9857707179141167 -0.13599137354139784
vn 0 -0.9999999999902842 0.000004408114818900603
vn 0.05177133847668652 -0.9858327998833277 -0.1595412773752645
vn 0 -0.9999999999902842 0.000004408114818900603
vn 0 -0.9999999999999845 1.7664140727901844e-7
vn 0 -0.9999999999970229 -0.0000024400596885170785
vn 0.000023680947987850207 -0.9999993144441743 0.0011707050842079344
vn 0.000023680938485417282 -0.9999993144445017 0.0011707048047418687
vn 0 -0.9999999999970229 -0.0000024400596885170785
vn 0.000023680938485417282 -0.9999993144445017 0.0011707048047418687
vn 0 -0.9999999999970229 -0.0000024400492293280085
vn 0.0036506077316172322 -0.9875156168637811 -0.15747882242808267
vn 0.05177133847668652 -0.9858327998833277 -0.1595412773752645
vn 0 -0.9999999999999845 1.7664140727901844e-7
vn 0.0036506077316172322 -0.9875156168637811 -0.15747882242808267
vn 0 -0.9999999999999845 1.7664140727901844e-7
vn -0.00002359830943513488 -0.9999993122186028 0.0011726062600487957
vn -0.01625763619778125 -0.9998666063050426 0.0015680756669356683
vn -0.00002368095137515864 -0.9999993038588786 0.0011797122407791677
vn -0.000023680945918200732 -0.9999993038592906 0.0011797118915337233
vn -0.01625763619778125 -0.9998666063050426 0.0015680756669356683
vn -0.000023680945918200732 -0.9999993038592906 0.0011797118915337233
vn -0.01624429566243375 -0.999866823399384 0.0015679042242663468
vn -0.0036481536162955965 -0.9874837628122757 -0.15767849935010575
vn -0.016086261837403585 -0.9885197997833848 -0.15023261169371793
vn -0.016077127885209756 -0.9998695051149261 0.001580727742361545
vn -0.0036481536162955965 -0.9874837628122757 -0.15767849935010575
vn -0.016077127885209756 -0.9998695051149261 0.001580727742361545
vn 0.00002359830576709661 -0.9999993109447919 0.0011736920641608063
vn 0.000023680947987850207 -0.9999993144441743 0.0011707050842079344
vn 0.016257714650651504 -0.9998666199449434 0.001558535919357418
vn 0.01624437597728254 -0.9998668370089879 0.0015583641264586446
vn 0.000023680947987850207 -0.9999993144441743 0.0011707050842079344
vn 0.01624437597728254 -0.9998668370089879 0.0015583641264586446
vn 0.000023680938485417282 -0.9999993144445017 0.0011707048047418687
vn 0.0160878527214336 -0.9885560507862996 -0.14999371803048545
vn 0.0036506077316172322 -0.9875156168637811 -0.15747882242808267
vn -0.00002359830943513488 -0.9999993122186028 0.0011726062600487957
vn 0.0160878527214336 -0.9885560507862996 -0.14999371803048545
vn -0.00002359830943513488 -0.9999993122186028 0.0011726062600487957
vn 0.016077144654124263 -0.9998695054326964 0.0015803561451862322
vn -0.3235525811840424 -0.9461914098434749 0.005961807407211227
vn -0.01625763619778125 -0.9998666063050426 0.0015680756669356683
vn -0.01624429566243375 -0.999866823399384 0.0015679042242663468
vn -0.3235525811840424 -0.9461914098434749 0.005961807407211227
vn -0.01624429566243375 -0.999866823399384 0.0015679042242663468
vn -0.32354852439464693 -0.9461927975561264 0.005961729191904654
vn -0.016086261837403585 -0.9885197997833848 -0.15023261169371793
vn -0.3182056872231911 -0.9366513291891508 -0.14638793716359835
vn -0.321351812408019 -0.9469412159083809 0.0059452734200289535
vn -0.016086261837403585 -0.9885197997833848 -0.15023261169371793
vn -0.321351812408019 -0.9469412159083809 0.0059452734200289535
vn -0.016077127885209756 -0.9998695051149261 0.001580727742361545
vn 0.016257714650651504 -0.9998666199449434 0.001558535919357418
vn 0.3235527838791742 -0.9461913604719411 0.005958641816189346
vn 0.3235487355212817 -0.9461927452928868 0.005958565069700757
vn 0.016257714650651504 -0.9998666199449434 0.001558535919357418
vn 0.3235487355212817 -0.9461927452928868 0.005958565069700757
vn 0.01624437597728254 -0.9998668370089879 0.0015583641264586446
vn 0.3182128531847086 -0.936696131732006 -0.14608537526509535
vn 0.0160878527214336 -0.9885560507862996 -0.14999371803048545
vn 0.016077144654124263 -0.9998695054326964 0.0015803561451862322
vn 0.3182128531847086 -0.936696131732006 -0.14608537526509535
vn 0.016077144654124263 -0.9998695054326964 0.0015803561451862322
vn 0.3213471940219527 -0.9469427684983849 0.0059476115232739435
vn -0.5560533962207651 -0.8311131539485395 0.007452911180481106
vn -0.3235525811840424 -0.9461914098434749 0.005961807407211227
vn -0.32354852439464693 -0.9461927975561264 0.005961729191904654
vn -0.5560533962207651 -0.8311131539485395 0.007452911180481106
vn -0.32354852439464693 -0.9461927975561264 0.005961729191904654
vn -0.5560137013483522 -0.8311397108480993 0.007452849404313027
vn -0.3182056872231911 -0.9366513291891508 -0.14638793716359835
vn -0.547900369732562 -0.8231829866086567 -0.1489125763828365
vn -0.553819173446265 -0.8326037730600078 0.007435066209199531
vn -0.3182056872231911 -0.9366513291891508 -0.14638793716359835
vn -0.553819173446265 -0.8326037730600078 0.007435066209199531
vn -0.321351812408019 -0.9469412159083809 0.0059452734200289535
vn 0.6228559398117461 -0.7823093859382934 0.00651942590087728
vn 0.47722336588245834 -0.8787737524651764 0.003814581771310202
vn 0.4772395369132211 -0.8787649691694123 0.0038148876177961665
vn 0.6228559398117461 -0.7823093859382934 0.00651942590087728
vn 0.4772395369132211 -0.8787649691694123 0.0038148876177961665
vn 0.6228694402943525 -0.7822986349674365 0.006519668357008516
vn 0.47069088067888504 -0.8705155335403253 -0.1437108232205858
vn 0.6147237696187371 -0.7759514047172678 -0.1414712146799797
vn 0.621068064734308 -0.783729602688364 0.00650913489800122
vn 0.47069088067888504 -0.8705155335403253 -0.1437108232205858
vn 0.621068064734308 -0.783729602688364 0.00650913489800122
vn 0.47574042931447186 -0.8795775111775103 0.0038007560378138486
vn -0.2059392669988091 -0.9785635544334408 0.0015453939897056462
vn -0.47722453307689777 -0.8787731058443635 0.0038175219957195575
vn -0.4772406330672451 -0.8787643610957105 0.0038178289148051454
vn -0.2059392669988091 -0.9785635544334408 0.0015453939897056462
vn -0.4772406330672451 -0.8787643610957105 0.0038178289148051454
vn -0.20598249721672623 -0.9785544553805262 0.0015455404502080544
vn -0.4706915485935531 -0.8705227773565183 -0.14366474928143094
vn -0.20297665062306533 -0.9683604324807075 -0.14518454500262468
vn -0.20512893471861074 -0.978733822140418 0.001491824257830941
vn -0.4706915485935531 -0.8705227773565183 -0.14366474928143094
vn -0.20512893471861074 -0.978733822140418 0.001491824257830941
vn -0.47574070315790795 -0.8795774023634979 0.003791650076217676
vn 0.3235527838791742 -0.9461913604719411 0.005958641816189346
vn 0.5560533910892903 -0.8311131763990594 0.007450790157228428
vn 0.5560137513182917 -0.8311396964459725 0.00745072725695443
vn 0.3235527838791742 -0.9461913604719411 0.005958641816189346
vn 0.5560137513182917 -0.8311396964459725 0.00745072725695443
vn 0.3235487355212817 -0.9461927452928868 0.005958565069700757
vn 0.547916041436294 -0.8232121863971932 -0.1486933344300755
vn 0.3182128531847086 -0.936696131732006 -0.14608537526509535
vn 0.3213471940219527 -0.9469427684983849 0.0059476115232739435
vn 0.547916041436294 -0.8232121863971932 -0.1486933344300755
vn 0.3213471940219527 -0.9469427684983849 0.0059476115232739435
vn 0.553816790121354 -0.8326053240744056 0.007438904666295097
vn 0.5560533910892903 -0.8311131763990594 0.007450790157228428
vn 0.6228559398117461 -0.7823093859382934 0.00651942590087728
vn 0.6228694402943525 -0.7822986349674365 0.006519668357008516
vn 0.5560533910892903 -0.8311131763990594 0.007450790157228428
vn 0.6228694402943525 -0.7822986349674365 0.006519668357008516
vn 0.5560137513182917 -0.8311396964459725 0.00745072725695443
vn 0.6147237696187371 -0.7759514047172678 -0.1414712146799797
vn 0.547916041436294 -0.8232121863971932 -0.1486933344300755
vn 0.553816790121354 -0.8326053240744056 0.007438904666295097
vn 0.6147237696187371 -0.7759514047172678 -0.1414712146799797
vn 0.553816790121354 -0.8326053240744056 0.007438904666295097
vn 0.621068064734308 -0.783729602688364 0.00650913489800122
vn -0.47722453307689777 -0.8787731058443635 0.0038175219957195575
vn -0.6228566605358385 -0.7823087967601585 0.006521268114119824
vn -0.6228700664449766 -0.7822981210789361 0.006521509272890305
vn -0.47722453307689777 -0.8787731058443635 0.0038175219957195575
vn -0.6228700664449766 -0.7822981210789361 0.006521509272890305
vn -0.4772406330672451 -0.8787643610957105 0.0038178289148051454
vn -0.6147355121644137 -0.7759310800788107 -0.1415316538859277
vn -0.4706915485935531 -0.8705227773565183 -0.14366474928143094
vn -0.47574070315790795 -0.8795774023634979 0.003791650076217676
vn -0.6147355121644137 -0.7759310800788107 -0.1415316538859277
vn -0.47574070315790795 -0.8795774023634979 0.003791650076217676
vn -0.6210663250837981 -0.7837309751788666 0.006509868822710162
vn -0.6228566605358385 -0.7823087967601585 0.006521268114119824
vn -0.5560533962207651 -0.8311131539485395 0.007452911180481106
vn -0.5560137013483522 -0.8311397108480993 0.007452849404313027
vn -0.6228566605358385 -0.7823087967601585 0.006521268114119824
vn -0.5560137013483522 -0.8311397108480993 0.007452849404313027
vn -0.6228700664449766 -0.7822981210789361 0.006521509272890305
vn -0.547900369732562 -0.8231829866086567 -0.1489125763828365
vn -0.6147355121644137 -0.7759310800788107 -0.1415316538859277
vn -0.6210663250837981 -0.7837309751788666 0.006509868822710162
vn -0.547900369732562 -0.8231829866086567 -0.1489125763828365
vn -0.6210663250837981 -0.7837309751788666 0.006509868822710162
vn -0.553819173446265 -0.8326037730600078 0.007435066209199531
vn 0.47722336588245834 -0.8787737524651764 0.003814581771310202
vn 0.2059384439438496 -0.9785637278600628 0.00154525810223207
vn 0.2059815359921364 -0.9785546579302236 0.0015454039548002726
vn 0.47722336588245834 -0.8787737524651764 0.003814581771310202
vn 0.2059815359921364 -0.9785546579302236 0.0015454039548002726
vn 0.4772395369132211 -0.8787649691694123 0.0038148876177961665
vn 0.20301176223647 -0.9683508575111198 -0.1451993152570702
vn 0.47069088067888504 -0.8705155335403253 -0.1437108232205858
vn 0.47574042931447186 -0.8795775111775103 0.0038007560378138486
vn 0.20301176223647 -0.9683508575111198 -0.1451993152570702
vn 0.47574042931447186 -0.8795775111775103 0.0038007560378138486
vn 0.20512601427267935 -0.9787344190534178 0.001501741913100948
vn 0.2059384439438496 -0.9785637278600628 0.00154525810223207
vn -0.2059392669988091 -0.9785635544334408 0.0015453939897056462
vn -0.20598249721672623 -0.9785544553805262 0.0015455404502080544
vn 0.2059384439438496 -0.9785637278600628 0.00154525810223207
vn -0.20598249721672623 -0.9785544553805262 0.0015455404502080544
vn 0.2059815359921364 -0.9785546579302236 0.0015454039548002726
vn -0.20297665062306533 -0.9683604324807075 -0.14518454500262468
vn 0.20301176223647 -0.9683508575111198 -0.1451993152570702
vn 0.20512601427267935 -0.9787344190534178 0.001501741913100948
vn -0.20297665062306533 -0.9683604324807075 -0.14518454500262468
vn 0.20512601427267935 -0.9787344190534178 0.001501741913100948
vn -0.20512893471861074 -0.978733822140418 0.001491824257830941
vn 0.00002368095137515864 -0.9999993038588786 -0.0011797122407791677
vn 0 -0.9999999999975886 0.0000021960574940696255
vn 0 -0.9999999999975886 0.0000021960481717489323
vn 0.00002368095137515864 -0.9999993038588786 -0.0011797122407791677
vn 0 -0.9999999999975886 0.0000021960481717489323
vn 0.000023680945918200732 -0.9999993038592906 -0.0011797118915337233
vn 0.051771085638447054 -0.985833524307824 0.15953688301653554
vn 0.0036481536162955965 -0.9874837628122757 0.15767849935010575
vn -0.00002359830576709661 -0.9999993109447919 -0.0011736920641608063
vn 0.051771085638447054 -0.985833524307824 0.15953688301653554
vn -0.00002359830576709661 -0.9999993109447919 -0.0011736920641608063
vn 0 -0.9999999999760265 -0.000006924363787963993
vn 0 -0.9999999999975886 0.0000021960574940696255
vn 0 -0.9999999999968469 -0.0000025112051389362873
vn 0 -0.9999999999968469 -0.0000025112010462101294
vn 0 -0.9999999999975886 0.0000021960574940696255
vn 0 -0.9999999999968469 -0.0000025112010462101294
vn 0 -0.9999999999975886 0.0000021960481717489323
vn 0.09880478881140137 -0.98577096083495 0.13598980286210519
vn 0.051771085638447054 -0.985833524307824 0.15953688301653554
vn 0 -0.9999999999760265 -0.000006924363787963993
vn 0.09880478881140137 -0.98577096083495 0.13598980286210519
vn 0 -0.9999999999760265 -0.000006924363787963993
vn 0 -0.9999999999804268 -0.000006256693722994305
vn 0 -0.9999999999968469 -0.0000025112051389362873
vn 0 -1 8.685725749746354e-12
vn 0 -1 1.6827298235377874e-11
vn 0 -0.9999999999968469 -0.0000025112051389362873
vn 0 -1 1.6827298235377874e-11
vn 0 -0.9999999999968469 -0.0000025112010462101294
vn 0.1359934294577663 -0.9857705358833468 0.09880403700545184
vn 0.09880478881140137 -0.98577096083495 0.13598980286210519
vn 0 -0.9999999999804268 -0.000006256693722994305
vn 0.1359934294577663 -0.9857705358833468 0.09880403700545184
vn 0 -0.9999999999804268 -0.000006256693722994305
vn 0 -0.999999999999636 8.531939101882548e-7
vn 0 -1 8.685725749746354e-12
vn 0 -0.9999999999974066 0.000002277383373433173
vn 0 -0.9999999999974066 0.0000022773826913121465
vn 0 -1 8.685725749746354e-12
vn 0 -0.9999999999974066 0.0000022773826913121465
vn 0 -1 1.6827298235377874e-11
vn 0.15954422261594228 -0.9858322313771439 0.051773087679178285
vn 0.1359934294577663 -0.9857705358833468 0.09880403700545184
vn 0 -0.999999999999636 8.531939101882548e-7
vn 0.15954422261594228 -0.9858322313771439 0.051773087679178285
vn 0 -0.999999999999636 8.531939101882548e-7
vn 0 -0.999999999996006 0.0000028262732030157974
vn 0 -0.9999999999974066 0.000002277383373433173
vn 0 -0.999999999999998 6.301183930190733e-8
vn 0 -0.999999999999998 6.3012031148446e-8
vn 0 -0.9999999999974066 0.000002277383373433173
vn 0 -0.999999999999998 6.3012031148446e-8
vn 0 -0.9999999999974066 0.0000022773826913121465
vn 0.15810864989424084 -0.9874207268530529 0.0014010744480490351
vn 0.15954422261594228 -0.9858322313771439 0.051773087679178285
vn 0 -0.999999999996006 0.0000028262732030157974
vn 0.15810864989424084 -0.9874207268530529 0.0014010744480490351
vn 0 -0.999999999996006 0.0000028262732030157974
vn 0 -0.999999999999998 6.234942873106763e-8
vn 0 -1 0
vn 0 -1 0
vn 0 -1 0
vn 0 -1 0
vn 0 -1 0
vn 0 -1 0
vn -0.15954388450012444 -0.9858323194726898 0.05177245215080699
vn -0.15810864989344142 -0.9874207268480603 0.001401078056916888
vn 0 -1 0
vn -0.15954388450012444 -0.9858323194726898 0.05177245215080699
vn 0 -1 0
vn 0 -0.9999999999990016 0.0000014131335319675133
vn 0 -1 0
vn 0 -0.9999999999985987 -0.000001674128611737088
vn 0 -0.9999999999985987 -0.0000016741242916372546
vn 0 -1 0
vn 0 -0.9999999999985987 -0.0000016741242916372546
vn 0 -1 0
vn -0.13599306045132195 -0.9857706806266096 0.09880310079159435
vn -0.15954388450012444 -0.9858323194726898 0.05177245215080699
vn 0 -0.9999999999990016 0.0000014131335319675133
vn -0.13599306045132195 -0.9857706806266096 0.09880310079159435
vn 0 -0.9999999999990016 0.0000014131335319675133
vn 0 -0.9999999999998384 -5.687762723026925e-7
vn 0 -0.9999999999985987 -0.000001674128611737088
vn 0 -0.9999999999964124 -0.0000026786160560636146
vn 0 -0.9999999999964124 -0.000002678612645458483
vn 0 -0.9999999999985987 -0.000001674128611737088
vn 0 -0.9999999999964124 -0.000002678612645458483
vn 0 -0.9999999999985987 -0.0000016741242916372546
vn -0.0988050506067928 -0.9857707179141167 0.13599137354139784
vn -0.13599306045132195 -0.9857706806266096 0.09880310079159435
vn 0 -0.9999999999998384 -5.687762723026925e-7
vn -0.0988050506067928 -0.9857707179141167 0.13599137354139784
vn 0 -0.9999999999998384 -5.687762723026925e-7
vn 0 -0.9999999999902842 -0.000004408114818900603
vn 0 -0.9999999999964124 -0.0000026786160560636146
vn 0 -0.9999999999970229 0.0000024400596885170785
vn 0 -0.9999999999970229 0.0000024400492293280085
vn 0 -0.9999999999964124 -0.0000026786160560636146
vn 0 -0.9999999999970229 0.0000024400492293280085
vn 0 -0.9999999999964124 -0.000002678612645458483
vn -0.05177133847668652 -0.9858327998833277 0.1595412773752645
vn -0.0988050506067928 -0.9857707179141167 0.13599137354139784
vn 0 -0.9999999999902842 -0.000004408114818900603
vn -0.05177133847668652 -0.9858327998833277 0.1595412773752645
vn 0 -0.9999999999902842 -0.000004408114818900603
vn 0 -0.9999999999999845 -1.7664140727901844e-7
vn 0 -0.9999999999970229 0.0000024400596885170785
vn -0.000023680947987850207 -0.9999993144441743 -0.0011707050842079344
vn -0.000023680938485417282 -0.9999993144445017 -0.0011707048047418687
vn 0 -0.9999999999970229 0.0000024400596885170785
vn -0.000023680938485417282 -0.9999993144445017 -0.0011707048047418687
vn 0 -0.9999999999970229 0.0000024400492293280085
vn -0.0036506077316172322 -0.9875156168637811 0.15747882242808267
vn -0.05177133847668652 -0.9858327998833277 0.1595412773752645
vn 0 -0.9999999999999845 -1.7664140727901844e-7
vn -0.0036506077316172322 -0.9875156168637811 0.15747882242808267
vn 0 -0.9999999999999845 -1.7664140727901844e-7
vn 0.00002359830943513488 -0.9999993122186028 -0.0011726062600487957
vn 0.01625763619778125 -0.9998666063050426 -0.0015680756669356683
vn 0.00002368095137515864 -0.9999993038588786 -0.0011797122407791677
vn 0.000023680945918200732 -0.9999993038592906 -0.0011797118915337233
vn 0.01625763619778125 -0.9998666063050426 -0.0015680756669356683
vn 0.000023680945918200732 -0.9999993038592906 -0.0011797118915337233
vn 0.01624429566243375 -0.999866823399384 -0.0015679042242663468
vn 0.0036481536162955965 -0.9874837628122757 0.15767849935010575
vn 0.016086261837403585 -0.9885197997833848 0.15023261169371793
vn 0.016077127885209756 -0.9998695051149261 -0.001580727742361545
vn 0.0036481536162955965 -0.9874837628122757 0.15767849935010575
vn 0.016077127885209756 -0.9998695051149261 -0.001580727742361545
vn -0.00002359830576709661 -0.9999993109447919 -0.0011736920641608063
vn -0.000023680947987850207 -0.9999993144441743 -0.0011707050842079344
vn -0.016257714650651504 -0.9998666199449434 -0.001558535919357418
vn -0.01624437597728254 -0.9998668370089879 -0.0015583641264586446
vn -0.000023680947987850207 -0.9999993144441743 -0.0011707050842079344
vn -0.01624437597728254 -0.9998668370089879 -0.0015583641264586446
vn -0.000023680938485417282 -0.9999993144445017 -0.0011707048047418687
vn -0.0160878527214336 -0.9885560507862996 0.14999371803048545
vn -0.0036506077316172322 -0.9875156168637811 0.15747882242808267
vn 0.00002359830943513488 -0.9999993122186028 -0.0011726062600487957
vn -0.0160878527214336 -0.9885560507862996 0.14999371803048545
vn 0.00002359830943513488 -0.9999993122186028 -0.0011726062600487957
vn -0.016077144654124263 -0.9998695054326964 -0.0015803561451862322
vn 0.3235525811840424 -0.9461914098434749 -0.005961807407211227
vn 0.01625763619778125 -0.9998666063050426 -0.0015680756669356683
vn 0.01624429566243375 -0.999866823399384 -0.0015679042242663468
vn 0.3235525811840424 -0.9461914098434749 -0.005961807407211227
vn 0.01624429566243375 -0.999866823399384 -0.0015679042242663468
vn 0.32354852439464693 -0.9461927975561264 -0.005961729191904654
vn 0.016086261837403585 -0.9885197997833848 0.15023261169371793
vn 0.3182056872231911 -0.9366513291891508 0.14638793716359835
vn 0.321351812408019 -0.9469412159083809 -0.0059452734200289535
vn 0.016086261837403585 -0.9885197997833848 0.15023261169371793
vn 0.321351812408019 -0.9469412159083809 -0.0059452734200289535
vn 0.016077127885209756 -0.9998695051149261 -0.001580727742361545
vn -0.016257714650651504 -0.9998666199449434 -0.001558535919357418
vn -0.3235527838791742 -0.9461913604719411 -0.005958641816189346
vn -0.3235487355212817 -0.9461927452928868 -0.005958565069700757
vn -0.016257714650651504 -0.9998666199449434 -0.001558535919357418
vn -0.3235487355212817 -0.9461927452928868 -0.005958565069700757
vn -0.01624437597728254 -0.9998668370089879 -0.0015583641264586446
vn -0.3182128531847086 -0.936696131732006 0.14608537526509535
vn -0.0160878527214336 -0.9885560507862996 0.14999371803048545
vn -0.016077144654124263 -0.9998695054326964 -0.0015803561451862322
vn -0.3182128531847086 -0.936696131732006 0.14608537526509535
vn -0.016077144654124263 -0.9998695054326964 -0.0015803561451862322
vn -0.3213471940219527 -0.9469427684983849 -0.0059476115232739435
vn 0.5560533962207651 -0.8311131539485395 -0.007452911180481106
vn 0.3235525811840424 -0.9461914098434749 -0.005961807407211227
vn 0.32354852439464693 -0.9461927975561264 -0.005961729191904654
vn 0.5560533962207651 -0.8311131539485395 -0.007452911180481106
vn 0.32354852439464693 -0.9461927975561264 -0.005961729191904654
vn 0.5560137013483522 -0.8311397108480993 -0.007452849404313027
vn 0.3182056872231911 -0.9366513291891508 0.14638793716359835
vn 0.547900369732562 -0.8231829866086567 0.1489125763828365
vn 0.553819173446265 -0.8326037730600078 -0.007435066209199531
vn 0.3182056872231911 -0.9366513291891508 0.14638793716359835
vn 0.553819173446265 -0.8326037730600078 -0.007435066209199531
vn 0.321351812408019 -0.9469412159083809 -0.0059452734200289535
vn -0.6228559398117461 -0.7823093859382934 -0.00651942590087728
vn -0.47722336588245834 -0.8787737524651764 -0.003814581771310202
vn -0.4772395369132211 -0.8787649691694123 -0.0038148876177961665
vn -0.6228559398117461 -0.7823093859382934 -0.00651942590087728
vn -0.4772395369132211 -0.8787649691694123 -0.0038148876177961665
vn -0.6228694402943525 -0.7822986349674365 -0.006519668357008516
vn -0.47069088067888504 -0.8705155335403253 0.1437108232205858
vn -0.6147237696187371 -0.7759514047172678 0.1414712146799797
vn -0.621068064734308 -0.783729602688364 -0.00650913489800122
vn -0.47069088067888504 -0.8705155335403253 0.1437108232205858
vn -0.621068064734308 -0.783729602688364 -0.00650913489800122
vn -0.47574042931447186 -0.8795775111775103 -0.0038007560378138486
vn 0.2059392669988091 -0.9785635544334408 -0.0015453939897056462
vn 0.47722453307689777 -0.8787731058443635 -0.0038175219957195575
vn 0.4772406330672451 -0.8787643610957105 -0.0038178289148051454
vn 0.2059392669988091 -0.9785635544334408 -0.0015453939897056462
vn 0.4772406330672451 -0.8787643610957105 -0.0038178289148051454
vn 0.20598249721672623 -0.9785544553805262 -0.0015455404502080544
vn 0.4706915485935531 -0.8705227773565183 0.14366474928143094
vn 0.20297665062306533 -0.9683604324807075 0.14518454500262468
vn 0.20512893471861074 -0.978733822140418 -0.001491824257830941
vn 0.4706915485935531 -0.8705227773565183 0.14366474928143094
vn 0.20512893471861074 -0.978733822140418 -0.001491824257830941
vn 0.47574070315790795 -0.8795774023634979 -0.003791650076217676
vn -0.3235527838791742 -0.9461913604719411 -0.005958641816189346
vn -0.5560533910892903 -0.8311131763990594 -0.007450790157228428
vn -0.5560137513182917 -0.8311396964459725 -0.00745072725695443
vn -0.3235527838791742 -0.9461913604719411 -0.005958641816189346
vn -0.5560137513182917 -0.8311396964459725 -0.00745072725695443
vn -0.3235487355212817 -0.9461927452928868 -0.005958565069700757
vn -0.547916041436294 -0.8232121863971932 0.1486933344300755
vn -0.3182128531847086 -0.936696131732006 0.14608537526509535
vn -0.3213471940219527 -0.9469427684983849 -0.0059476115232739435
vn -0.547916041436294 -0.8232121863971932 0.1486933344300755
vn -0.3213471940219527 -0.9469427684983849 -0.0059476115232739435
vn -0.553816790121354 -0.8326053240744056 -0.007438904666295097
vn -0.5560533910892903 -0.8311131763990594 -0.007450790157228428
vn -0.6228559398117461 -0.7823093859382934 -0.00651942590087728
vn -0.6228694402943525 -0.7822986349674365 -0.006519668357008516
vn -0.5560533910892903 -0.8311131763990594 -0.007450790157228428
vn -0.6228694402943525 -0.7822986349674365 -0.006519668357008516
vn -0.5560137513182917 -0.8311396964459725 -0.00745072725695443
vn -0.6147237696187371 -0.7759514047172678 0.1414712146799797
vn -0.547916041436294 -0.8232121863971932 0.1486933344300755
vn -0.553816790121354 -0.8326053240744056 -0.007438904666295097
vn -0.6147237696187371 -0.7759514047172678 0.1414712146799797
vn -0.553816790121354 -0.8326053240744056 -0.007438904666295097
vn -0.621068064734308 -0.783729602688364 -0.00650913489800122
vn 0.47722453307689777 -0.8787731058443635 -0.0038175219957195575
vn 0.6228566605358385 -0.7823087967601585 -0.006521268114119824
vn 0.6228700664449766 -0.7822981210789361 -0.006521509272890305
vn 0.47722453307689777 -0.8787731058443635 -0.0038175219957195575
vn 0.6228700664449766 -0.7822981210789361 -0.006521509272890305
vn 0.4772406330672451 -0.8787643610957105 -0.0038178289148051454
vn 0.6147355121644137 -0.7759310800788107 0.1415316538859277
vn 0.4706915485935531 -0.8705227773565183 0.14366474928143094
vn 0.47574070315790795 -0.8795774023634979 -0.003791650076217676
vn 0.6147355121644137 -0.7759310800788107 0.1415316538859277
vn 0.47574070315790795 -0.8795774023634979 -0.003791650076217676
vn 0.6210663250837981 -0.7837309751788666 -0.006509868822710162
vn 0.6228566605358385 -0.7823087967601585 -0.006521268114119824
vn 0.5560533962207651 -0.8311131539485395 -0.007452911180481106
vn 0.5560137013483522 -0.8311397108480993 -0.007452849404313027
vn 0.6228566605358385 -0.7823087967601585 -0.006521268114119824
vn 0.5560137013483522 -0.8311397108480993 -0.007452849404313027
vn 0.6228700664449766 -0.7822981210789361 -0.006521509272890305
vn 0.547900369732562 -0.8231829866086567 0.1489125763828365
vn 0.6147355121644137 -0.7759310800788107 0.1415316538859277
vn 0.6210663250837981 -0.7837309751788666 -0.006509868822710162
vn 0.547900369732562 -0.8231829866086567 0.1489125763828365
vn 0.6210663250837981 -0.7837309751788666 -0.006509868822710162
vn 0.553819173446265 -0.8326037730600078 -0.007435066209199531
vn -0.47722336588245834 -0.8787737524651764 -0.003814581771310202
vn -0.2059384439438496 -0.9785637278600628 -0.00154525810223207
vn -0.2059815359921364 -0.9785546579302236 -0.0015454039548002726
vn -0.47722336588245834 -0.8787737524651764 -0.003814581771310202
vn -0.2059815359921364 -0.9785546579302236 -0.0015454039548002726
vn -0.4772395369132211 -0.8787649691694123 -0.0038148876177961665
vn -0.20301176223647 -0.9683508575111198 0.1451993152570702
vn -0.47069088067888504 -0.8705155335403253 0.1437108232205858
vn -0.47574042931447186 -0.8795775111775103 -0.0038007560378138486
vn -0.20301176223647 -0.9683508575111198 0.1451993152570702
vn -0.47574042931447186 -0.8795775111775103 -0.0038007560378138486
vn -0.20512601427267935 -0.9787344190534178 -0.001501741913100948
vn -0.2059384439438496 -0.9785637278600628 -0.00154525810223207
vn 0.2059392669988091 -0.9785635544334408 -0.0015453939897056462
vn 0.20598249721672623 -0.9785544553805262 -0.0015455404502080544
vn -0.2059384439438496 -0.9785637278600628 -0.00154525810223207
vn 0.20598249721672623 -0.9785544553805262 -0.0015455404502080544
vn -0.2059815359921364 -0.9785546579302236 -0.0015454039548002726
vn 0.20297665062306533 -0.9683604324807075 0.14518454500262468
vn -0.20301176223647 -0.9683508575111198 0.1451993152570702
vn -0.20512601427267935 -0.9787344190534178 -0.001501741913100948
vn 0.20297665062306533 -0.9683604324807075 0.14518454500262468
vn -0.20512601427267935 -0.9787344190534178 -0.001501741913100948
vn 0.20512893471861074 -0.978733822140418 -0.001491824257830941
vn 0 -0.999999999999998 -6.301183930190733e-8
vn 0 -1 0
vn 0 -1 0
vn 0 -0.999999999999998 -6.301183930190733e-8
vn 0 -1 0
vn 0 -0.999999999999998 -6.3012031148446e-8
vn -0.15810864989344142 -0.9874207268480603 0.001401078056916888
vn -0.15810864989424084 -0.9874207268530529 -0.0014010744480490351
vn 0 -0.999999999999998 -6.234942873106763e-8
vn -0.15810864989344142 -0.9874207268480603 0.001401078056916888
vn 0 -0.999999999999998 -6.234942873106763e-8
vn 0 -1 0
vn 0.15810864989344142 -0.9874207268480603 -0.001401078056916888
vn 0.15810864989424084 -0.9874207268530529 0.0014010744480490351
vn 0 -0.999999999999998 6.234942873106763e-8
vn 0.15810864989344142 -0.9874207268480603 -0.001401078056916888
vn 0 -0.999999999999998 6.234942873106763e-8
vn 0 -1 0
vn 0 -0.999999999999998 6.301183930190733e-8
vn 0 -1 0
vn 0 -1 0
vn 0 -0.999999999999998 6.301183930190733e-8
vn 0 -1 0
vn 0 -0.999999999999998 6.3012031148446e-8
vn -0.018953574298204497 -0.0011801677430266625 -0.999819668352959
vn -0.29811275219462957 -0.0000013596454762024179 -0.9545306631937472
vn -0.29811275219462957 -0.0000013596454762024179 -0.9545306631937472
vn -0.018953574298204497 -0.0011801677430266625 -0.999819668352959
vn -0.29811275219462957 -0.0000013596454762024179 -0.9545306631937472
vn -0.0189546970699177 -0.0011801568912929732 -0.9998196470807621
vn 0.30767188646341015 -0.000218916977100337 0.9514924920121041
vn 0.022502839042994 0.0007270372982732872 0.9997465146984871
vn 0.02250486167164753 0.0007270199477746918 0.9997464691826301
vn 0.30767188646341015 -0.000218916977100337 0.9514924920121041
vn 0.02250486167164753 0.0007270199477746918 0.9997464691826301
vn 0.30767159920251375 -0.0002189173776597246 0.9514925848998244
vn -0.29811275219462957 -0.0000013596454762024179 -0.9545306631937472
vn -0.5877161041231743 0 -0.80906722894595
vn -0.5877161041231743 0 -0.80906722894595
vn -0.29811275219462957 -0.0000013596454762024179 -0.9545306631937472
vn -0.5877161041231743 0 -0.80906722894595
vn -0.29811275219462957 -0.0000013596454762024179 -0.9545306631937472
vn 0.5877833816825626 0.0000018785023701928535 0.8090183534471158
vn 0.30767188646341015 -0.000218916977100337 0.9514924920121041
vn 0.30767159920251375 -0.0002189173776597246 0.9514925848998244
vn 0.5877833816825626 0.0000018785023701928535 0.8090183534471158
vn 0.30767159920251375 -0.0002189173776597246 0.9514925848998244
vn 0.5877833816825626 0.0000018785023701928535 0.8090183534471158
vn -0.5877161041231743 0 -0.80906722894595
vn -0.8090655059582906 0 -0.5877184760312161
vn -0.8090655059582906 0 -0.5877184760312161
vn -0.5877161041231743 0 -0.80906722894595
vn -0.8090655059582906 0 -0.5877184760312161
vn -0.5877161041231743 0 -0.80906722894595
vn 0.8090174699323067 0 0.5877845977433648
vn 0.5877833816825626 0.0000018785023701928535 0.8090183534471158
vn 0.5877833816825626 0.0000018785023701928535 0.8090183534471158
vn 0.8090174699323067 0 0.5877845977433648
vn 0.5877833816825626 0.0000018785023701928535 0.8090183534471158
vn 0.8090174699323067 0 0.5877845977433648
vn -0.8090655059582906 0 -0.5877184760312161
vn -0.9545300218844994 0 -0.29811480560545317
vn -0.9545300218844994 0 -0.29811480560545317
vn -0.8090655059582906 0 -0.5877184760312161
vn -0.9545300218844994 0 -0.29811480560545317
vn -0.8090655059582906 0 -0.5877184760312161
vn 0.951482066362724 0 0.3077042043751122
vn 0.8090174699323067 0 0.5877845977433648
vn 0.8090174699323067 0 0.5877845977433648
vn 0.951482066362724 0 0.3077042043751122
vn 0.8090174699323067 0 0.5877845977433648
vn 0.951482066362724 0 0.3077042043751122
vn -0.9545300218844994 0 -0.29811480560545317
vn -0.9999743014556473 0 -0.007169130232487733
vn -0.9999743014556473 0 -0.007169130232487733
vn -0.9545300218844994 0 -0.29811480560545317
vn -0.9999743014556473 0 -0.007169130232487733
vn -0.9545300218844994 0 -0.29811480560545317
vn 0.9999632236501028 0 0.008576208211934649
vn 0.951482066362724 0 0.3077042043751122
vn 0.951482066362724 0 0.3077042043751122
vn 0.9999632236501028 0 0.008576208211934649
vn 0.951482066362724 0 0.3077042043751122
vn 0.9999632236501028 0 0.008576208211934649
vn 0.9999743014556473 0 -0.007169130232487733
vn 0.9545297272042015 0 -0.2981157491369299
vn 0.9545297272042015 0 -0.2981157491369299
vn 0.9999743014556473 0 -0.007169130232487733
vn 0.9545297272042015 0 -0.2981157491369299
vn 0.9999743014556473 0 -0.007169130232487733
vn -0.951482066362724 0 0.3077042043751122
vn -0.9999632236501028 0 0.008576208211934649
vn -0.9999632236501028 0 0.008576208211934649
vn -0.951482066362724 0 0.3077042043751122
vn -0.9999632236501028 0 0.008576208211934649
vn -0.951482066362724 0 0.3077042043751122
vn 0.9545297272042015 0 -0.2981157491369299
vn 0.8090660107698245 0 -0.5877177810965075
vn 0.8090660107698245 0 -0.5877177810965075
vn 0.9545297272042015 0 -0.2981157491369299
vn 0.8090660107698245 0 -0.5877177810965075
vn 0.9545297272042015 0 -0.2981157491369299
vn -0.8090174699323067 0 0.5877845977433648
vn -0.951482066362724 0 0.3077042043751122
vn -0.951482066362724 0 0.3077042043751122
vn -0.8090174699323067 0 0.5877845977433648
vn -0.951482066362724 0 0.3077042043751122
vn -0.8090174699323067 0 0.5877845977433648
vn 0.8090660107698245 0 -0.5877177810965075
vn 0.5877171251775091 -0.0000010607980297694035 -0.809066487238199
vn 0.5877171251775091 -0.0000010607980297694035 -0.809066487238199
vn 0.8090660107698245 0 -0.5877177810965075
vn 0.5877171251775091 -0.0000010607980297694035 -0.809066487238199
vn 0.8090660107698245 0 -0.5877177810965075
vn -0.5877830732495811 0 0.8090185775377954
vn -0.8090174699323067 0 0.5877845977433648
vn -0.8090174699323067 0 0.5877845977433648
vn -0.5877830732495811 0 0.8090185775377954
vn -0.8090174699323067 0 0.5877845977433648
vn -0.5877830732495811 0 0.8090185775377954
vn 0.5877171251775091 -0.0000010607980297694035 -0.809066487238199
vn 0.2980788957677454 0.00022408194577353452 -0.954541210050757
vn 0.2980786276552113 0.00022408234545647477 -0.954541293775334
vn 0.5877171251775091 -0.0000010607980297694035 -0.809066487238199
vn 0.2980786276552113 0.00022408234545647477 -0.954541293775334
vn 0.5877171251775091 -0.0000010607980297694035 -0.809066487238199
vn -0.30770249036472863 0.0000011489160309617505 0.9514826206621033
vn -0.5877830732495811 0 0.8090185775377954
vn -0.5877830732495811 0 0.8090185775377954
vn -0.30770249036472863 0.0000011489160309617505 0.9514826206621033
vn -0.5877830732495811 0 0.8090185775377954
vn -0.30770249036472863 0.0000011489160309617505 0.9514826206621033
vn 0.2980788957677454 0.00022408194577353452 -0.954541210050757
vn 0.018952431157220256 -0.0007393449777732939 -0.9998201131814836
vn 0.01895617745322438 -0.000739309535018728 -0.9998200421864795
vn 0.2980788957677454 0.00022408194577353452 -0.954541210050757
vn 0.01895617745322438 -0.000739309535018728 -0.9998200421864795
vn 0.2980786276552113 0.00022408234545647477 -0.954541293775334
vn -0.022504664267676593 0.001169812946111746 0.99974605356754
vn -0.30770249036472863 0.0000011489160309617505 0.9514826206621033
vn -0.30770249036472863 0.0000011489160309617505 0.9514826206621033
vn -0.022504664267676593 0.001169812946111746 0.99974605356754
vn -0.30770249036472863 0.0000011489160309617505 0.9514826206621033
vn -0.022503288990458323 0.0011698247869368402 0.9997460845107521
vn -0.00015460381022897496 -0.0015622271063666072 -0.9999987677713057
vn -0.018953574298204497 -0.0011801677430266625 -0.999819668352959
vn -0.0189546970699177 -0.0011801568912929732 -0.9998196470807621
vn -0.00015460381022897496 -0.0015622271063666072 -0.9999987677713057
vn -0.0189546970699177 -0.0011801568912929732 -0.9998196470807621
vn -0.0001543609480932511 -0.001561817418624397 -0.9999987684487661
vn 0.022502839042994 0.0007270372982732872 0.9997465146984871
vn 0.00011635074549348721 0.0011582772933013765 0.9999993224278785
vn 0.00011653757745194956 0.0011587467956005477 0.9999993218621985
vn 0.022502839042994 0.0007270372982732872 0.9997465146984871
vn 0.00011653757745194956 0.0011587467956005477 0.9999993218621985
vn 0.02250486167164753 0.0007270199477746918 0.9997464691826301
vn 0.018952431157220256 -0.0007393449777732939 -0.9998201131814836
vn 0.00016503587198661928 -0.0011512613617348916 -0.9999993236799903
vn 0.00016479957808569604 -0.0011508014054619686 -0.9999993242483838
vn 0.018952431157220256 -0.0007393449777732939 -0.9998201131814836
vn 0.00016479957808569604 -0.0011508014054619686 -0.9999993242483838
vn 0.01895617745322438 -0.000739309535018728 -0.9998200421864795
vn -0.00010608974956455693 0.001571934919670924 0.9999987588820166
vn -0.022504664267676593 0.001169812946111746 0.99974605356754
vn -0.022503288990458323 0.0011698247869368402 0.9997460845107521
vn -0.00010608974956455693 0.001571934919670924 0.9999987588820166
vn -0.022503288990458323 0.0011698247869368402 0.9997460845107521
vn -0.00010627650244193952 0.0015723415800542903 0.9999987582228593
vn -0.002632730414886754 -0.005908066423107609 -0.9999790815220602
vn -0.00015460381022897496 -0.0015622271063666072 -0.9999987677713057
vn -0.0001543609480932511 -0.001561817418624397 -0.9999987684487661
vn -0.002632730414886754 -0.005908066423107609 -0.9999790815220602
vn -0.0001543609480932511 -0.001561817418624397 -0.9999987684487661
vn -0.0026314160527490314 -0.0059055824545242485 -0.9999790996543029
vn 0.00011635074549348721 0.0011582772933013765 0.9999993224278785
vn 0.0023596017328676275 0.0059851054472723365 0.9999793051820858
vn 0.002361058744961798 0.005987500236669446 0.9999792874067538
vn 0.00011635074549348721 0.0011582772933013765 0.9999993224278785
vn 0.002361058744961798 0.005987500236669446 0.9999792874067538
vn 0.00011653757745194956 0.0011587467956005477 0.9999993218621985
vn 0.00016503587198661928 -0.0011512613617348916 -0.9999993236799903
vn 0.0026308762389887753 -0.005908162953956671 -0.9999790858316611
vn 0.002629581514884406 -0.005905711353046945 -0.9999791037189083
vn 0.00016503587198661928 -0.0011512613617348916 -0.9999993236799903
vn 0.002629581514884406 -0.005905711353046945 -0.9999791037189083
vn 0.00016479957808569604 -0.0011508014054619686 -0.9999993242483838
vn -0.002360516021081197 0.005987409909297816 0.999979289228878
vn -0.00010608974956455693 0.001571934919670924 0.9999987588820166
vn -0.00010627650244193952 0.0015723415800542903 0.9999987582228593
vn -0.002360516021081197 0.005987409909297816 0.999979289228878
vn -0.00010627650244193952 0.0015723415800542903 0.9999987582228593
vn -0.0023620075397670134 0.0059898640833339735 0.999979271009477
vn -0.004549033838401573 -0.006612326802389555 -0.9999677911939943
vn -0.002632730414886754 -0.005908066423107609 -0.9999790815220602
vn -0.0026314160527490314 -0.0059055824545242485 -0.9999790996543029
vn -0.004549033838401573 -0.006612326802389555 -0.9999677911939943
vn -0.0026314160527490314 -0.0059055824545242485 -0.9999790996543029
vn -0.00454712371441397 -0.006613022993005979 -0.9999677952778379
vn 0.0023596017328676275 0.0059851054472723365 0.9999793051820858
vn 0.004520630095856005 0.0066046881699385355 0.9999679704859122
vn 0.004522732537463559 0.006603882548331361 0.9999679662997623
vn 0.0023596017328676275 0.0059851054472723365 0.9999793051820858
vn 0.004522732537463559 0.006603882548331361 0.9999679662997623
vn 0.002361058744961798 0.005987500236669446 0.9999792874067538
vn 0.004210851354608538 -0.005623879952494023 -0.9999753200480246
vn 0.0015432736548218853 -0.0034927252493574426 -0.9999927095618042
vn 0.001543996611288221 -0.003493713624047283 -0.9999927049931802
vn 0.004210851354608538 -0.005623879952494023 -0.9999753200480246
vn 0.001543996611288221 -0.003493713624047283 -0.9999927049931802
vn 0.0042125798407118605 -0.005624631930687204 -0.9999753085385307
vn -0.0017935958867064301 0.0033602820225812203 0.9999927457329498
vn -0.004338654707819951 0.0055352389114989575 0.999975268296931
vn -0.004337103121777241 0.0055344243379993295 0.9999752795363284
vn -0.0017935958867064301 0.0033602820225812203 0.9999927457329498
vn -0.004337103121777241 0.0055344243379993295 0.9999752795363284
vn -0.0017928345390863614 0.003359268526857282 0.9999927505033624
vn -0.00019382744963094008 -0.0012472975216588252 -0.9999992033395887
vn -0.0015432704119970764 -0.0034941408669439565 -0.9999927046214073
vn -0.0015439869412529025 -0.003495119903894915 -0.9999927000939471
vn -0.00019382744963094008 -0.0012472975216588252 -0.9999992033395887
vn -0.0015439869412529025 -0.003495119903894915 -0.9999927000939471
vn -0.0001938838673498735 -0.0012475029943517357 -0.999999203072345
vn 0.0017821647930178297 0.003371471772892809 0.9999927285069303
vn 0.00027062423978874346 0.0012084338911723487 0.9999992332247317
vn 0.00027052281300694034 0.001208248092621631 0.9999992334766833
vn 0.0017821647930178297 0.003371471772892809 0.9999927285069303
vn 0.00027052281300694034 0.001208248092621631 0.9999992334766833
vn 0.001781420335522927 0.003370490672110675 0.999992733140705
vn 0.0026308762389887753 -0.005908162953956671 -0.9999790858316611
vn 0.004547538266359738 -0.006608965851099563 -0.9999678202152782
vn 0.004545631867647524 -0.006609657850838585 -0.9999678243093718
vn 0.0026308762389887753 -0.005908162953956671 -0.9999790858316611
vn 0.004545631867647524 -0.006609657850838585 -0.9999678243093718
vn 0.002629581514884406 -0.005905711353046945 -0.9999791037189083
vn -0.004477857191955391 0.0066356298807339524 0.9999679580921852
vn -0.002360516021081197 0.005987409909297816 0.999979289228878
vn -0.0023620075397670134 0.0059898640833339735 0.999979271009477
vn -0.004477857191955391 0.0066356298807339524 0.9999679580921852
vn -0.0023620075397670134 0.0059898640833339735 0.999979271009477
vn -0.004479875815408199 0.00663487408582015 0.999967954065801
vn 0.004547538266359738 -0.006608965851099563 -0.9999678202152782
vn 0.004210851354608538 -0.005623879952494023 -0.9999753200480246
vn 0.0042125798407118605 -0.005624631930687204 -0.9999753085385307
vn 0.004547538266359738 -0.006608965851099563 -0.9999678202152782
vn 0.0042125798407118605 -0.005624631930687204 -0.9999753085385307
vn 0.004545631867647524 -0.006609657850838585 -0.9999678243093718
vn -0.004338654707819951 0.0055352389114989575 0.999975268296931
vn -0.004477857191955391 0.0066356298807339524 0.9999679580921852
vn -0.004479875815408199 0.00663487408582015 0.999967954065801
vn -0.004338654707819951 0.0055352389114989575 0.999975268296931
vn -0.004479875815408199 0.00663487408582015 0.999967954065801
vn -0.004337103121777241 0.0055344243379993295 0.9999752795363284
vn -0.0015432704119970764 -0.0034941408669439565 -0.9999927046214073
vn -0.00420869909719364 -0.005624269283951242 -0.9999753269190849
vn -0.0042104874372177374 -0.0056250500004613405 -0.9999753149993421
vn -0.0015432704119970764 -0.0034941408669439565 -0.9999927046214073
vn -0.0042104874372177374 -0.0056250500004613405 -0.9999753149993421
vn -0.0015439869412529025 -0.003495119903894915 -0.9999927000939471
vn 0.0043785056148046095 0.005508961159095939 0.9999752397112284
vn 0.0017821647930178297 0.003371471772892809 0.9999927285069303
vn 0.001781420335522927 0.003370490672110675 0.999992733140705
vn 0.0043785056148046095 0.005508961159095939 0.9999752397112284
vn 0.001781420335522927 0.003370490672110675 0.999992733140705
vn 0.004376877247774778 0.005508166804376921 0.9999752512157554
vn -0.00420869909719364 -0.005624269283951242 -0.9999753269190849
vn -0.004549033838401573 -0.006612326802389555 -0.9999677911939943
vn -0.00454712371441397 -0.006613022993005979 -0.9999677952778379
vn -0.00420869909719364 -0.005624269283951242 -0.9999753269190849
vn -0.00454712371441397 -0.006613022993005979 -0.9999677952778379
vn -0.0042104874372177374 -0.0056250500004613405 -0.9999753149993421
vn 0.004520630095856005 0.0066046881699385355 0.9999679704859122
vn 0.0043785056148046095 0.005508961159095939 0.9999752397112284
vn 0.004376877247774778 0.005508166804376921 0.9999752512157554
vn 0.004520630095856005 0.0066046881699385355 0.9999679704859122
vn 0.004376877247774778 0.005508166804376921 0.9999752512157554
vn 0.004522732537463559 0.006603882548331361 0.9999679662997623
vn 0.0015432736548218853 -0.0034927252493574426 -0.9999927095618042
vn 0.0001938273049270624 -0.0012439207843408882 -0.999999207545715
vn 0.0001938844181413586 -0.0012441319191186053 -0.9999992072719859
vn 0.0015432736548218853 -0.0034927252493574426 -0.9999927095618042
vn 0.0001938844181413586 -0.0012441319191186053 -0.9999992072719859
vn 0.001543996611288221 -0.003493713624047283 -0.9999927049931802
vn -0.00037024315890666373 0.0011996814572167317 0.9999992118418918
vn -0.0017935958867064301 0.0033602820225812203 0.9999927457329498
vn -0.0017928345390863614 0.003359268526857282 0.9999927505033624
vn -0.00037024315890666373 0.0011996814572167317 0.9999992118418918
vn -0.0017928345390863614 0.003359268526857282 0.9999927505033624
vn -0.000370164083900019 0.001199492049809579 0.9999992120983764
vn 0.0001938273049270624 -0.0012439207843408882 -0.999999207545715
vn -0.00019382744963094008 -0.0012472975216588252 -0.9999992033395887
vn -0.0001938838673498735 -0.0012475029943517357 -0.999999203072345
vn 0.0001938273049270624 -0.0012439207843408882 -0.999999207545715
vn -0.0001938838673498735 -0.0012475029943517357 -0.999999203072345
vn 0.0001938844181413586 -0.0012441319191186053 -0.9999992072719859
vn 0.00027062423978874346 0.0012084338911723487 0.9999992332247317
vn -0.00037024315890666373 0.0011996814572167317 0.9999992118418918
vn -0.000370164083900019 0.001199492049809579 0.9999992120983764
vn 0.00027062423978874346 0.0012084338911723487 0.9999992332247317
vn -0.000370164083900019 0.001199492049809579 0.9999992120983764
vn 0.00027052281300694034 0.001208248092621631 0.9999992334766833
vn 0.018953574298204497 -0.0011801677430266625 0.999819668352959
vn 0.29811275219462957 -0.0000013596454762024179 0.9545306631937472
vn 0.29811275219462957 -0.0000013596454762024179 0.9545306631937472
vn 0.018953574298204497 -0.0011801677430266625 0.999819668352959
vn 0.29811275219462957 -0.0000013596454762024179 0.9545306631937472
vn 0.0189546970699177 -0.0011801568912929732 0.9998196470807621
vn -0.30767188646341015 -0.000218916977100337 -0.9514924920121041
vn -0.022502839042994 0.0007270372982732872 -0.9997465146984871
vn -0.02250486167164753 0.0007270199477746918 -0.9997464691826301
vn -0.30767188646341015 -0.000218916977100337 -0.9514924920121041
vn -0.02250486167164753 0.0007270199477746918 -0.9997464691826301
vn -0.30767159920251375 -0.0002189173776597246 -0.9514925848998244
vn 0.29811275219462957 -0.0000013596454762024179 0.9545306631937472
vn 0.5877161041231743 0 0.80906722894595
vn 0.5877161041231743 0 0.80906722894595
vn 0.29811275219462957 -0.0000013596454762024179 0.9545306631937472
vn 0.5877161041231743 0 0.80906722894595
vn 0.29811275219462957 -0.0000013596454762024179 0.9545306631937472
vn -0.5877833816825626 0.0000018785023701928535 -0.8090183534471158
vn -0.30767188646341015 -0.000218916977100337 -0.9514924920121041
vn -0.30767159920251375 -0.0002189173776597246 -0.9514925848998244
vn -0.5877833816825626 0.0000018785023701928535 -0.8090183534471158
vn -0.30767159920251375 -0.0002189173776597246 -0.9514925848998244
vn -0.5877833816825626 0.0000018785023701928535 -0.8090183534471158
vn 0.5877161041231743 0 0.80906722894595
vn 0.8090655059582906 0 0.5877184760312161
vn 0.8090655059582906 0 0.5877184760312161
vn 0.5877161041231743 0 0.80906722894595
vn 0.8090655059582906 0 0.5877184760312161
vn 0.5877161041231743 0 0.80906722894595
vn -0.8090174699323067 0 -0.5877845977433648
vn -0.5877833816825626 0.0000018785023701928535 -0.8090183534471158
vn -0.5877833816825626 0.0000018785023701928535 -0.8090183534471158
vn -0.8090174699323067 0 -0.5877845977433648
vn -0.5877833816825626 0.0000018785023701928535 -0.8090183534471158
vn -0.8090174699323067 0 -0.5877845977433648
vn 0.8090655059582906 0 0.5877184760312161
vn 0.9545300218844994 0 0.29811480560545317
vn 0.9545300218844994 0 0.29811480560545317
vn 0.8090655059582906 0 0.5877184760312161
vn 0.9545300218844994 0 0.29811480560545317
vn 0.8090655059582906 0 0.5877184760312161
vn -0.951482066362724 0 -0.3077042043751122
vn -0.8090174699323067 0 -0.5877845977433648
vn -0.8090174699323067 0 -0.5877845977433648
vn -0.951482066362724 0 -0.3077042043751122
vn -0.8090174699323067 0 -0.5877845977433648
vn -0.951482066362724 0 -0.3077042043751122
vn 0.9545300218844994 0 0.29811480560545317
vn 0.9999743014556473 0 0.007169130232487733
vn 0.9999743014556473 0 0.007169130232487733
vn 0.9545300218844994 0 0.29811480560545317
vn 0.9999743014556473 0 0.007169130232487733
vn 0.9545300218844994 0 0.29811480560545317
vn -0.9999632236501028 0 -0.008576208211934649
vn -0.951482066362724 0 -0.3077042043751122
vn -0.951482066362724 0 -0.3077042043751122
vn -0.9999632236501028 0 -0.008576208211934649
vn -0.951482066362724 0 -0.3077042043751122
vn -0.9999632236501028 0 -0.008576208211934649
vn -0.9999743014556473 0 0.007169130232487733
vn -0.9545297272042015 0 0.2981157491369299
vn -0.9545297272042015 0 0.2981157491369299
vn -0.9999743014556473 0 0.007169130232487733
vn -0.9545297272042015 0 0.2981157491369299
vn -0.9999743014556473 0 0.007169130232487733
vn 0.951482066362724 0 -0.3077042043751122
vn 0.9999632236501028 0 -0.008576208211934649
vn 0.9999632236501028 0 -0.008576208211934649
vn 0.951482066362724 0 -0.3077042043751122
vn 0.9999632236501028 0 -0.008576208211934649
vn 0.951482066362724 0 -0.3077042043751122
vn -0.9545297272042015 0 0.2981157491369299
vn -0.8090660107698245 0 0.5877177810965075
vn -0.8090660107698245 0 0.5877177810965075
vn -0.9545297272042015 0 0.2981157491369299
vn -0.8090660107698245 0 0.5877177810965075
vn -0.9545297272042015 0 0.2981157491369299
vn 0.8090174699323067 0 -0.5877845977433648
vn 0.951482066362724 0 -0.3077042043751122
vn 0.951482066362724 0 -0.3077042043751122
vn 0.8090174699323067 0 -0.5877845977433648
vn 0.951482066362724 0 -0.3077042043751122
vn 0.8090174699323067 0 -0.5877845977433648
vn -0.8090660107698245 0 0.5877177810965075
vn -0.5877171251775091 -0.0000010607980297694035 0.809066487238199
vn -0.5877171251775091 -0.0000010607980297694035 0.809066487238199
vn -0.8090660107698245 0 0.5877177810965075
vn -0.5877171251775091 -0.0000010607980297694035 0.809066487238199
vn -0.8090660107698245 0 0.5877177810965075
vn 0.5877830732495811 0 -0.8090185775377954
vn 0.8090174699323067 0 -0.5877845977433648
vn 0.8090174699323067 0 -0.5877845977433648
vn 0.5877830732495811 0 -0.8090185775377954
vn 0.8090174699323067 0 -0.5877845977433648
vn 0.5877830732495811 0 -0.8090185775377954
vn -0.5877171251775091 -0.0000010607980297694035 0.809066487238199
vn -0.2980788957677454 0.00022408194577353452 0.954541210050757
vn -0.2980786276552113 0.00022408234545647477 0.954541293775334
vn -0.5877171251775091 -0.0000010607980297694035 0.809066487238199
vn -0.2980786276552113 0.00022408234545647477 0.954541293775334
vn -0.5877171251775091 -0.0000010607980297694035 0.809066487238199
vn 0.30770249036472863 0.0000011489160309617505 -0.9514826206621033
vn 0.5877830732495811 0 -0.8090185775377954
vn 0.5877830732495811 0 -0.8090185775377954
vn 0.30770249036472863 0.0000011489160309617505 -0.9514826206621033
vn 0.5877830732495811 0 -0.8090185775377954
vn 0.30770249036472863 0.0000011489160309617505 -0.9514826206621033
vn -0.2980788957677454 0.00022408194577353452 0.954541210050757
vn -0.018952431157220256 -0.0007393449777732939 0.9998201131814836
vn -0.01895617745322438 -0.000739309535018728 0.9998200421864795
vn -0.2980788957677454 0.00022408194577353452 0.954541210050757
vn -0.01895617745322438 -0.000739309535018728 0.9998200421864795
vn -0.2980786276552113 0.00022408234545647477 0.954541293775334
vn 0.022504664267676593 0.001169812946111746 -0.99974605356754
vn 0.30770249036472863 0.0000011489160309617505 -0.9514826206621033
vn 0.30770249036472863 0.0000011489160309617505 -0.9514826206621033
vn 0.022504664267676593 0.001169812946111746 -0.99974605356754
vn 0.30770249036472863 0.0000011489160309617505 -0.9514826206621033
vn 0.022503288990458323 0.0011698247869368402 -0.9997460845107521
vn 0.00015460381022897496 -0.0015622271063666072 0.9999987677713057
vn 0.018953574298204497 -0.0011801677430266625 0.999819668352959
vn 0.0189546970699177 -0.0011801568912929732 0.9998196470807621
vn 0.00015460381022897496 -0.0015622271063666072 0.9999987677713057
vn 0.0189546970699177 -0.0011801568912929732 0.9998196470807621
vn 0.0001543609480932511 -0.001561817418624397 0.9999987684487661
vn -0.022502839042994 0.0007270372982732872 -0.9997465146984871
vn -0.00011635074549348721 0.0011582772933013765 -0.9999993224278785
vn -0.00011653757745194956 0.0011587467956005477 -0.9999993218621985
vn -0.022502839042994 0.0007270372982732872 -0.9997465146984871
vn -0.00011653757745194956 0.0011587467956005477 -0.9999993218621985
vn -0.02250486167164753 0.0007270199477746918 -0.9997464691826301
vn -0.018952431157220256 -0.0007393449777732939 0.9998201131814836
vn -0.00016503587198661928 -0.0011512613617348916 0.9999993236799903
vn -0.00016479957808569604 -0.0011508014054619686 0.9999993242483838
vn -0.018952431157220256 -0.0007393449777732939 0.9998201131814836
vn -0.00016479957808569604 -0.0011508014054619686 0.9999993242483838
vn -0.01895617745322438 -0.000739309535018728 0.9998200421864795
vn 0.00010608974956455693 0.001571934919670924 -0.9999987588820166
vn 0.022504664267676593 0.001169812946111746 -0.99974605356754
vn 0.022503288990458323 0.0011698247869368402 -0.9997460845107521
vn 0.00010608974956455693 0.001571934919670924 -0.9999987588820166
vn 0.022503288990458323 0.0011698247869368402 -0.9997460845107521
vn 0.00010627650244193952 0.0015723415800542903 -0.9999987582228593
vn 0.002632730414886754 -0.005908066423107609 0.9999790815220602
vn 0.00015460381022897496 -0.0015622271063666072 0.9999987677713057
vn 0.0001543609480932511 -0.001561817418624397 0.9999987684487661
vn 0.002632730414886754 -0.005908066423107609 0.9999790815220602
vn 0.0001543609480932511 -0.001561817418624397 0.9999987684487661
vn 0.0026314160527490314 -0.0059055824545242485 0.9999790996543029
vn -0.00011635074549348721 0.0011582772933013765 -0.9999993224278785
vn -0.0023596017328676275 0.0059851054472723365 -0.9999793051820858
vn -0.002361058744961798 0.005987500236669446 -0.9999792874067538
vn -0.00011635074549348721 0.0011582772933013765 -0.9999993224278785
vn -0.002361058744961798 0.005987500236669446 -0.9999792874067538
vn -0.00011653757745194956 0.0011587467956005477 -0.9999993218621985
vn -0.00016503587198661928 -0.0011512613617348916 0.9999993236799903
vn -0.0026308762389887753 -0.005908162953956671 0.9999790858316611
vn -0.002629581514884406 -0.005905711353046945 0.9999791037189083
vn -0.00016503587198661928 -0.0011512613617348916 0.9999993236799903
vn -0.002629581514884406 -0.005905711353046945 0.9999791037189083
vn -0.00016479957808569604 -0.0011508014054619686 0.9999993242483838
vn 0.002360516021081197 0.005987409909297816 -0.999979289228878
vn 0.00010608974956455693 0.001571934919670924 -0.9999987588820166
vn 0.00010627650244193952 0.0015723415800542903 -0.9999987582228593
vn 0.002360516021081197 0.005987409909297816 -0.999979289228878
vn 0.00010627650244193952 0.0015723415800542903 -0.9999987582228593
vn 0.0023620075397670134 0.0059898640833339735 -0.999979271009477
vn 0.004549033838401573 -0.006612326802389555 0.9999677911939943
vn 0.002632730414886754 -0.005908066423107609 0.9999790815220602
vn 0.0026314160527490314 -0.0059055824545242485 0.9999790996543029
vn 0.004549033838401573 -0.006612326802389555 0.9999677911939943
vn 0.0026314160527490314 -0.0059055824545242485 0.9999790996543029
vn 0.00454712371441397 -0.006613022993005979 0.9999677952778379
vn -0.0023596017328676275 0.0059851054472723365 -0.9999793051820858
vn -0.004520630095856005 0.0066046881699385355 -0.9999679704859122
vn -0.004522732537463559 0.006603882548331361 -0.9999679662997623
vn -0.0023596017328676275 0.0059851054472723365 -0.9999793051820858
vn -0.004522732537463559 0.006603882548331361 -0.9999679662997623
vn -0.002361058744961798 0.005987500236669446 -0.9999792874067538
vn -0.004210851354608538 -0.005623879952494023 0.9999753200480246
vn -0.0015432736548218853 -0.0034927252493574426 0.9999927095618042
vn -0.001543996611288221 -0.003493713624047283 0.9999927049931802
vn -0.004210851354608538 -0.005623879952494023 0.9999753200480246
vn -0.001543996611288221 -0.003493713624047283 0.9999927049931802
vn -0.0042125798407118605 -0.005624631930687204 0.9999753085385307
vn 0.0017935958867064301 0.0033602820225812203 -0.9999927457329498
vn 0.004338654707819951 0.0055352389114989575 -0.999975268296931
vn 0.004337103121777241 0.0055344243379993295 -0.9999752795363284
vn 0.0017935958867064301 0.0033602820225812203 -0.9999927457329498
vn 0.004337103121777241 0.0055344243379993295 -0.9999752795363284
vn 0.0017928345390863614 0.003359268526857282 -0.9999927505033624
vn 0.00019382744963094008 -0.0012472975216588252 0.9999992033395887
vn 0.0015432704119970764 -0.0034941408669439565 0.9999927046214073
vn 0.0015439869412529025 -0.003495119903894915 0.9999927000939471
vn 0.00019382744963094008 -0.0012472975216588252 0.9999992033395887
vn 0.0015439869412529025 -0.003495119903894915 0.9999927000939471
vn 0.0001938838673498735 -0.0012475029943517357 0.999999203072345
vn -0.0017821647930178297 0.003371471772892809 -0.9999927285069303
vn -0.00027062423978874346 0.0012084338911723487 -0.9999992332247317
vn -0.00027052281300694034 0.001208248092621631 -0.9999992334766833
vn -0.0017821647930178297 0.003371471772892809 -0.9999927285069303
vn -0.00027052281300694034 0.001208248092621631 -0.9999992334766833
vn -0.001781420335522927 0.003370490672110675 -0.999992733140705
vn -0.0026308762389887753 -0.005908162953956671 0.9999790858316611
vn -0.004547538266359738 -0.006608965851099563 0.9999678202152782
vn -0.004545631867647524 -0.006609657850838585 0.9999678243093718
vn -0.0026308762389887753 -0.005908162953956671 0.9999790858316611
vn -0.004545631867647524 -0.006609657850838585 0.9999678243093718
vn -0.002629581514884406 -0.005905711353046945 0.9999791037189083
vn 0.004477857191955391 0.0066356298807339524 -0.9999679580921852
vn 0.002360516021081197 0.005987409909297816 -0.999979289228878
vn 0.0023620075397670134 0.0059898640833339735 -0.999979271009477
vn 0.004477857191955391 0.0066356298807339524 -0.9999679580921852
vn 0.0023620075397670134 0.0059898640833339735 -0.999979271009477
vn 0.004479875815408199 0.00663487408582015 -0.999967954065801
vn -0.004547538266359738 -0.006608965851099563 0.9999678202152782
vn -0.004210851354608538 -0.005623879952494023 0.9999753200480246
vn -0.0042125798407118605 -0.005624631930687204 0.9999753085385307
vn -0.004547538266359738 -0.006608965851099563 0.9999678202152782
vn -0.0042125798407118605 -0.005624631930687204 0.9999753085385307
vn -0.004545631867647524 -0.006609657850838585 0.9999678243093718
vn 0.004338654707819951 0.0055352389114989575 -0.999975268296931
vn 0.004477857191955391 0.0066356298807339524 -0.9999679580921852
vn 0.004479875815408199 0.00663487408582015 -0.999967954065801
vn 0.004338654707819951 0.0055352389114989575 -0.999975268296931
vn 0.004479875815408199 0.00663487408582015 -0.999967954065801
vn 0.004337103121777241 0.0055344243379993295 -0.9999752795363284
vn 0.0015432704119970764 -0.0034941408669439565 0.9999927046214073
vn 0.00420869909719364 -0.005624269283951242 0.9999753269190849
vn 0.0042104874372177374 -0.0056250500004613405 0.9999753149993421
vn 0.0015432704119970764 -0.0034941408669439565 0.9999927046214073
vn 0.0042104874372177374 -0.0056250500004613405 0.9999753149993421
vn 0.0015439869412529025 -0.003495119903894915 0.9999927000939471
vn -0.0043785056148046095 0.005508961159095939 -0.9999752397112284
vn -0.0017821647930178297 0.003371471772892809 -0.9999927285069303
vn -0.001781420335522927 0.003370490672110675 -0.999992733140705
vn -0.0043785056148046095 0.005508961159095939 -0.9999752397112284
vn -0.001781420335522927 0.003370490672110675 -0.999992733140705
vn -0.004376877247774778 0.005508166804376921 -0.9999752512157554
vn 0.00420869909719364 -0.005624269283951242 0.9999753269190849
vn 0.004549033838401573 -0.006612326802389555 0.9999677911939943
vn 0.00454712371441397 -0.006613022993005979 0.9999677952778379
vn 0.00420869909719364 -0.005624269283951242 0.9999753269190849
vn 0.00454712371441397 -0.006613022993005979 0.9999677952778379
vn 0.0042104874372177374 -0.0056250500004613405 0.9999753149993421
vn -0.004520630095856005 0.0066046881699385355 -0.9999679704859122
vn -0.0043785056148046095 0.005508961159095939 -0.9999752397112284
vn -0.004376877247774778 0.005508166804376921 -0.9999752512157554
vn -0.004520630095856005 0.0066046881699385355 -0.9999679704859122
vn -0.004376877247774778 0.005508166804376921 -0.9999752512157554
vn -0.004522732537463559 0.006603882548331361 -0.9999679662997623
vn -0.0015432736548218853 -0.0034927252493574426 0.9999927095618042
vn -0.0001938273049270624 -0.0012439207843408882 0.999999207545715
vn -0.0001938844181413586 -0.0012441319191186053 0.9999992072719859
vn -0.0015432736548218853 -0.0034927252493574426 0.9999927095618042
vn -0.0001938844181413586 -0.0012441319191186053 0.9999992072719859
vn -0.001543996611288221 -0.003493713624047283 0.9999927049931802
vn 0.00037024315890666373 0.0011996814572167317 -0.9999992118418918
vn 0.0017935958867064301 0.0033602820225812203 -0.9999927457329498
vn 0.0017928345390863614 0.003359268526857282 -0.9999927505033624
vn 0.00037024315890666373 0.0011996814572167317 -0.9999992118418918
vn 0.0017928345390863614 0.003359268526857282 -0.9999927505033624
vn 0.000370164083900019 0.001199492049809579 -0.9999992120983764
vn -0.0001938273049270624 -0.0012439207843408882 0.999999207545715
vn 0.00019382744963094008 -0.0012472975216588252 0.9999992033395887
vn 0.0001938838673498735 -0.0012475029943517357 0.999999203072345
vn -0.0001938273049270624 -0.0012439207843408882 0.999999207545715
vn 0.0001938838673498735 -0.0012475029943517357 0.999999203072345
vn -0.0001938844181413586 -0.0012441319191186053 0.9999992072719859
vn -0.00027062423978874346 0.0012084338911723487 -0.9999992332247317
vn 0.00037024315890666373 0.0011996814572167317 -0.9999992118418918
vn 0.000370164083900019 0.001199492049809579 -0.9999992120983764
vn -0.00027062423978874346 0.0012084338911723487 -0.9999992332247317
vn 0.000370164083900019 0.001199492049809579 -0.9999992120983764
vn -0.00027052281300694034 0.001208248092621631 -0.9999992334766833
vn -0.9999743014556473 0 -0.007169130232487733
vn -0.9999743014556473 0 0.007169130232487733
vn -0.9999743014556473 0 0.007169130232487733
vn -0.9999743014556473 0 -0.007169130232487733
vn -0.9999743014556473 0 0.007169130232487733
vn -0.9999743014556473 0 -0.007169130232487733
vn 0.9999632236501028 0 -0.008576208211934649
vn 0.9999632236501028 0 0.008576208211934649
vn 0.9999632236501028 0 0.008576208211934649
vn 0.9999632236501028 0 -0.008576208211934649
vn 0.9999632236501028 0 0.008576208211934649
vn 0.9999632236501028 0 -0.008576208211934649
vn -0.9999632236501028 0 0.008576208211934649
vn -0.9999632236501028 0 -0.008576208211934649
vn -0.9999632236501028 0 -0.008576208211934649
vn -0.9999632236501028 0 0.008576208211934649
vn -0.9999632236501028 0 -0.008576208211934649
vn -0.9999632236501028 0 0.008576208211934649
vn 0.9999743014556473 0 0.007169130232487733
vn 0.9999743014556473 0 -0.007169130232487733
vn 0.9999743014556473 0 -0.007169130232487733
vn 0.9999743014556473 0 0.007169130232487733
vn 0.9999743014556473 0 -0.007169130232487733
vn 0.9999743014556473 0 0.007169130232487733
vn -1.8992002992490256e-7 0.999999999999982 0
vn -1.8992002992490256e-7 0.999999999999982 0
vn -1.8992002992490256e-7 0.999999999999982 0
vn -1.8992002992490256e-7 0.999999999999982 0
vn -1.4492010791400238e-7 0.9999999999999895 0
vn -1.8992002992490256e-7 0.999999999999982 0
vn -1.4492010791400238e-7 0.9999999999999895 0
vn -9.676913492739869e-8 0.9999999999999953 0
vn -1.8992002992490256e-7 0.999999999999982 0
vn -9.676913492739869e-8 0.9999999999999953 0
vn -3.772795409417993e-8 0.9999999999999993 0
vn -1.8992002992490256e-7 0.999999999999982 0
vn -3.772795409417993e-8 0.9999999999999993 0
vn 0 0.9999999999999527 3.076542611779441e-7
vn -1.8992002992490256e-7 0.999999999999982 0
vn 0 0.9999999999999527 3.076542611779441e-7
vn 3.7727954094168846e-8 0.9999999999997057 -7.661109293619593e-7
vn -1.8992002992490256e-7 0.999999999999982 0
vn 3.7727954094168846e-8 0.9999999999997057 -7.661109293619593e-7
vn 9.676914203282604e-8 0.9999999999999953 0
vn -1.8992002992490256e-7 0.999999999999982 0
vn 9.676914203282604e-8 0.9999999999999953 0
vn 1.4492010791400238e-7 0.9999999999999895 0
vn -1.8992002992490256e-7 0.999999999999982 0
vn 1.4492010791400238e-7 0.9999999999999895 0
vn 1.8992002992490256e-7 0.999999999999982 0
vn -1.8992002992490256e-7 0.999999999999982 0
vn 1.8992002992490256e-7 0.999999999999982 0
vn 2.382010393375754e-7 0.9999999999999716 0
vn -1.8992002992490256e-7 0.999999999999982 0
vn 2.382010393375754e-7 0.9999999999999716 0
vn 2.653661965723493e-7 0.9999999999999648 0
vn -1.8992002992490256e-7 0.999999999999982 0
vn 2.653661965723493e-7 0.9999999999999648 0
vn 2.382010251267207e-7 0.9999999999999716 0
vn -1.8992002992490256e-7 0.999999999999982 0
vn 2.382010251267207e-7 0.9999999999999716 0
vn 1.8992002992490256e-7 0.999999999999982 0
vn -1.8992002992490256e-7 0.999999999999982 0
vn 1.8992002992490256e-7 0.999999999999982 0
vn 1.4492010791400238e-7 0.9999999999999895 0
vn -1.8992002992490256e-7 0.999999999999982 0
vn 1.4492010791400238e-7 0.9999999999999895 0
vn 9.676913492739869e-8 0.9999999999999953 0
vn -1.8992002992490256e-7 0.999999999999982 0
vn 9.676913492739869e-8 0.9999999999999953 0
vn 3.772795409417993e-8 0.9999999999999993 0
vn -1.8992002992490256e-7 0.999999999999982 0
vn 3.772795409417993e-8 0.9999999999999993 0
vn 0 0.9999999999999527 -3.076542611779441e-7
vn -1.8992002992490256e-7 0.999999999999982 0
vn 0 0.9999999999999527 -3.076542611779441e-7
vn -3.7727954094168846e-8 0.9999999999997057 7.661109293619593e-7
vn -1.8992002992490256e-7 0.999999999999982 0
vn -3.7727954094168846e-8 0.9999999999997057 7.661109293619593e-7
vn -9.676914203282604e-8 0.9999999999999953 0
vn -1.8992002992490256e-7 0.999999999999982 0
vn -9.676914203282604e-8 0.9999999999999953 0
vn -1.4492010791400238e-7 0.9999999999999895 0
vn -1.8992002992490256e-7 0.999999999999982 0
vn -1.4492010791400238e-7 0.9999999999999895 0
vn -1.8992002992490256e-7 0.999999999999982 0
vn -1.8992002992490256e-7 0.999999999999982 0
vn -1.8992002992490256e-7 0.999999999999982 0
vn -2.382010393375754e-7 0.9999999999999716 0
vn -1.8992002992490256e-7 0.999999999999982 0
vn -2.382010393375754e-7 0.9999999999999716 0
vn -2.653661965723493e-7 0.9999999999999648 0
vn -1.8992002992490256e-7 0.999999999999982 0
vn -2.653661965723493e-7 0.9999999999999648 0
vn -1.8992002992490256e-7 0.999999999999982 0
vn -1.8992002992490256e-7 0.999999999999982 0
f 1/1/1 2/2/2 3/3/3
f 4/4/4 5/5/5 6/6/6
f 7/7/7 8/8/8 9/9/9
f 10/10/10 11/11/11 12/12/12
f 13/13/13 14/14/14 15/15/15
f 16/16/16 17/17/17 18/18/18
f 19/19/19 20/20/20 21/21/21
f 22/22/22 23/23/23 24/24/24
f 25/25/25 26/26/26 27/27/27
f 28/28/28 29/29/29 30/30/30
f 31/31/31 32/32/32 33/33/33
f 34/34/34 35/35/35 36/36/36
f 37/37/37 38/38/38 39/39/39
f 40/40/40 41/41/41 42/42/42
f 43/43/43 44/44/44 45/45/45
f 46/46/46 47/47/47 48/48/48
f 49/49/49 50/50/50 51/51/51
f 52/52/52 53/53/53 54/54/54
f 55/55/55 56/56/56 57/57/57
f 58/58/58 59/59/59 60/60/60
f 61/61/61 62/62/62 63/63/63
f 64/64/64 65/65/65 66/66/66
f 67/67/67 68/68/68 69/69/69
f 70/70/70 71/71/71 72/72/72
f 73/73/73 74/74/74 75/75/75
f 76/76/76 77/77/77 78/78/78
f 79/79/79 80/80/80 81/81/81
f 82/82/82 83/83/83 84/84/84
f 85/85/85 86/86/86 87/87/87
f 88/88/88 89/89/89 90/90/90
f 91/91/91 92/92/92 93/93/93
f 94/94/94 95/95/95 96/96/96
f 97/97/97 98/98/98 99/99/99
f 100/100/100 101/101/101 102/102/102
f 103/103/103 104/104/104 105/105/105
f 106/106/106 107/107/107 108/108/108
f 109/109/109 110/110/110 111/111/111
f 112/112/112 113/113/113 114/114/114
f 115/115/115 116/116/116 117/117/117
f 118/118/118 119/119/119 120/120/120
f 121/121/121 122/122/122 123/123/123
f 124/124/124 125/125/125 126/126/126
f 127/127/127 128/128/128 129/129/129
f 130/130/130 131/131/131 132/132/132
f 133/133/133 134/134/134 135/135/135
f 136/136/136 137/137/137 138/138/138
f 139/139/139 140/140/140 141/141/141
f 142/142/142 143/143/143 144/144/144
f 145/145/145 146/146/146 147/147/147
f 148/148/148 149/149/149 150/150/150
f 151/151/151 152/152/152 153/153/153
f 154/154/154 155/155/155 156/156/156
f 157/157/157 158/158/158 159/159/159
f 160/160/160 161/161/161 162/162/162
f 163/163/163 164/164/164 165/165/165
f 166/166/166 167/167/167 168/168/168
f 169/169/169 170/170/170 171/171/171
f 172/172/172 173/173/173 174/174/174
f 175/175/175 176/176/176 177/177/177
f 178/178/178 179/179/179 180/180/180
f 181/181/181 182/182/182 183/183/183
f 184/184/184 185/185/185 186/186/186
f 187/187/187 188/188/188 189/189/189
f 190/190/190 191/191/191 192/192/192
f 193/193/193 194/194/194 195/195/195
f 196/196/196 197/197/197 198/198/198
f 199/199/199 200/200/200 201/201/201
f 202/202/202 203/203/203 204/204/204
f 205/205/205 206/206/206 207/207/207
f 208/208/208 209/209/209 210/210/210
f 211/211/211 212/212/212 213/213/213
f 214/214/214 215/215/215 216/216/216
f 217/217/217 218/218/218 219/219/219
f 220/220/220 221/221/221 222/222/222
f 223/223/223 224/224/224 225/225/225
f 226/226/226 227/227/227 228/228/228
f 229/229/229 230/230/230 231/231/231
f 232/232/232 233/233/233 234/234/234
f 235/235/235 236/236/236 237/237/237
f 238/238/238 239/239/239 240/240/240
f 241/241/241 242/242/242 243/243/243
f 244/244/244 245/245/245 246/246/246
f 247/247/247 248/248/248 249/249/249
f 250/250/250 251/251/251 252/252/252
f 253/253/253 254/254/254 255/255/255
f 256/256/256 257/257/257 258/258/258
f 259/259/259 260/260/260 261/261/261
f 262/262/262 263/263/263 264/264/264
f 265/265/265 266/266/266 267/267/267
f 268/268/268 269/269/269 270/270/270
f 271/271/271 272/272/272 273/273/273
f 274/274/274 275/275/275 276/276/276
f 277/277/277 278/278/278 279/279/279
f 280/280/280 281/281/281 282/282/282
f 283/283/283 284/284/284 285/285/285
f 286/286/286 287/287/287 288/288/288
f 289/289/289 290/290/290 291/291/291
f 292/292/292 293/293/293 294/294/294
f 295/295/295 296/296/296 297/297/297
f 298/298/298 299/299/299 300/300/300
f 301/301/301 302/302/302 303/303/303
f 304/304/304 305/305/305 306/306/306
f 307/307/307 308/308/308 309/309/309
f 310/310/310 311/311/311 312/312/312
f 313/313/313 314/314/314 315/315/315
f 316/316/316 317/317/317 318/318/318
f 319/319/319 320/320/320 321/321/321
f 322/322/322 323/323/323 324/324/324
f 325/325/325 326/326/326 327/327/327
f 328/328/328 329/329/329 330/330/330
f 331/331/331 332/332/332 333/333/333
f 334/334/334 335/335/335 336/336/336
f 337/337/337 338/338/338 339/339/339
f 340/340/340 341/341/341 342/342/342
f 343/343/343 344/344/344 345/345/345
f 346/346/346 347/347/347 348/348/348
f 349/349/349 350/350/350 351/351/351
f 352/352/352 353/353/353 354/354/354
f 355/355/355 356/356/356 357/357/357
f 358/358/358 359/359/359 360/360/360
f 361/361/361 362/362/362 363/363/363
f 364/364/364 365/365/365 366/366/366
f 367/367/367 368/368/368 369/369/369
f 370/370/370 371/371/371 372/372/372
f 373/373/373 374/374/374 375/375/375
f 376/376/376 377/377/377 378/378/378
f 379/379/379 380/380/380 381/381/381
f 382/382/382 383/383/383 384/384/384
f 385/385/385 386/386/386 387/387/387
f 388/388/388 389/389/389 390/390/390
f 391/391/391 392/392/392 393/393/393
f 394/394/394 395/395/395 396/396/396
f 397/397/397 398/398/398 399/399/399
f 400/400/400 401/401/401 402/402/402
f 403/403/403 404/404/404 405/405/405
f 406/406/406 407/407/407 408/408/408
f 409/409/409 410/410/410 411/411/411
f 412/412/412 413/413/413 414/414/414
f 415/415/415 416/416/416 417/417/417
f 418/418/418 419/419/419 420/420/420
f 421/421/421 422/422/422 423/423/423
f 424/424/424 425/425/425 426/426/426
f 427/427/427 428/428/428 429/429/429
f 430/430/430 431/431/431 432/432/432
f 433/433/433 434/434/434 435/435/435
f 436/436/436 437/437/437 438/438/438
f 439/439/439 440/440/440 441/441/441
f 442/442/442 443/443/443 444/444/444
f 445/445/445 446/446/446 447/447/447
f 448/448/448 449/449/449 450/450/450
f 451/451/451 452/452/452 453/453/453
f 454/454/454 455/455/455 456/456/456
f 457/457/457 458/458/458 459/459/459
f 460/460/460 461/461/461 462/462/462
f 463/463/463 464/464/464 465/465/465
f 466/466/466 467/467/467 468/468/468
f 469/469/469 470/470/470 471/471/471
f 472/472/472 473/473/473 474/474/474
f 475/475/475 476/476/476 477/477/477
f 478/478/478 479/479/479 480/480/480
f 481/481/481 482/482/482 483/483/483
f 484/484/484 485/485/485 486/486/486
f 487/487/487 488/488/488 489/489/489
f 490/490/490 491/491/491 492/492/492
f 493/493/493 494/494/494 495/495/495
f 496/496/496 497/497/497 498/498/498
f 499/499/499 500/500/500 501/501/501
f 502/502/502 503/503/503 504/504/504
f 505/505/505 506/506/506 507/507/507
f 508/508/508 509/509/509 510/510/510
f 511/511/511 512/512/512 513/513/513
f 514/514/514 515/515/515 516/516/516
f 517/517/517 518/518/518 519/519/519
f 520/520/520 521/521/521 522/522/522
f 523/523/523 524/524/524 525/525/525
f 526/526/526 527/527/527 528/528/528
f 529/529/529 530/530/530 531/531/531
f 532/532/532 533/533/533 534/534/534
f 535/535/535 536/536/536 537/537/537
f 538/538/538 539/539/539 540/540/540
f 541/541/541 542/542/542 543/543/543
f 544/544/544 545/545/545 546/546/546
f 547/547/547 548/548/548 549/549/549
f 550/550/550 551/551/551 552/552/552
f 553/553/553 554/554/554 555/555/555
f 556/556/556 557/557/557 558/558/558
f 559/559/559 560/560/560 561/561/561
f 562/562/562 563/563/563 564/564/564
f 565/565/565 566/566/566 567/567/567
f 568/568/568 569/569/569 570/570/570
f 571/571/571 572/572/572 573/573/573
f 574/574/574 575/575/575 576/576/576
f 577/577/577 578/578/578 579/579/579
f 580/580/580 581/581/581 582/582/582
f 583/583/583 584/584/584 585/585/585
f 586/586/586 587/587/587 588/588/588
f 589/589/589 590/590/590 591/591/591
f 592/592/592 593/593/593 594/594/594
f 595/595/595 596/596/596 597/597/597
f 598/598/598 599/599/599 600/600/600
f 601/601/601 602/602/602 603/603/603
f 604/604/604 605/605/605 606/606/606
f 607/607/607 608/608/608 609/609/609
f 610/610/610 611/611/611 612/612/612
f 613/613/613 614/614/614 615/615/615
f 616/616/616 617/617/617 618/618/618
f 619/619/619 620/620/620 621/621/621
f 622/622/622 623/623/623 624/624/624
f 625/625/625 626/626/626 627/627/627
f 628/628/628 629/629/629 630/630/630
f 631/631/631 632/632/632 633/633/633
f 634/634/634 635/635/635 636/636/636
f 637/637/637 638/638/638 639/639/639
f 640/640/640 641/641/641 642/642/642
f 643/643/643 644/644/644 645/645/645
f 646/646/646 647/647/647 648/648/648
f 649/649/649 650/650/650 651/651/651
f 652/652/652 653/653/653 654/654/654
f 655/655/655 656/656/656 657/657/657
f 658/658/658 659/659/659 660/660/660
f 661/661/661 662/662/662 663/663/663
f 664/664/664 665/665/665 666/666/666
f 667/667/667 668/668/668 669/669/669
f 670/670/670 671/671/671 672/672/672
f 673/673/673 674/674/674 675/675/675
f 676/676/676 677/677/677 678/678/678
f 679/679/679 680/680/680 681/681/681
f 682/682/682 683/683/683 684/684/684
f 685/685/685 686/686/686 687/687/687
f 688/688/688 689/689/689 690/690/690
f 691/691/691 692/692/692 693/693/693
f 694/694/694 695/695/695 696/696/696
f 697/697/697 698/698/698 699/699/699
f 700/700/700 701/701/701 702/702/702
f 703/703/703 704/704/704 705/705/705
f 706/706/706 707/707/707 708/708/708
f 709/709/709 710/710/710 711/711/711
f 712/712/712 713/713/713 714/714/714
f 715/715/715 716/716/716 717/717/717
f 718/718/718 719/719/719 720/720/720
f 721/721/721 722/722/722 723/723/723
f 724/724/724 725/725/725 726/726/726
f 727/727/727 728/728/728 729/729/729
f 730/730/730 731/731/731 732/732/732
f 733/733/733 734/734/734 735/735/735
f 736/736/736 737/737/737 738/738/738
f 739/739/739 740/740/740 741/741/741
f 742/742/742 743/743/743 744/744/744
f 745/745/745 746/746/746 747/747/747
f 748/748/748 749/749/749 750/750/750
f 751/751/751 752/752/752 753/753/753
f 754/754/754 755/755/755 756/756/756
f 757/757/757 758/758/758 759/759/759
f 760/760/760 761/761/761 762/762/762
f 763/763/763 764/764/764 765/765/765
f 766/766/766 767/767/767 768/768/768
f 769/769/769 770/770/770 771/771/771
f 772/772/772 773/773/773 774/774/774
f 775/775/775 776/776/776 777/777/777
f 778/778/778 779/779/779 780/780/780
f 781/781/781 782/782/782 783/783/783
f 784/784/784 785/785/785 786/786/786
f 787/787/787 788/788/788 789/789/789
f 790/790/790 791/791/791 792/792/792
f 793/793/793 794/794/794 795/795/795
f 796/796/796 797/797/797 798/798/798
f 799/799/799 800/800/800 801/801/801
f 802/802/802 803/803/803 804/804/804
f 805/805/805 806/806/806 807/807/807
f 808/808/808 809/809/809 810/810/810
f 811/811/811 812/812/812 813/813/813
f 814/814/814 815/815/815 816/816/816
f 817/817/817 818/818/818 819/819/819
f 820/820/820 821/821/821 822/822/822
f 823/823/823 824/824/824 825/825/825
f 826/826/826 827/827/827 828/828/828
f 829/829/829 830/830/830 831/831/831
f 832/832/832 833/833/833 834/834/834
f 835/835/835 836/836/836 837/837/837
f 838/838/838 839/839/839 840/840/840
f 841/841/841 842/842/842 843/843/843
f 844/844/844 845/845/845 846/846/846
f 847/847/847 848/848/848 849/849/849
f 850/850/850 851/851/851 852/852/852
f 853/853/853 854/854/854 855/855/855
f 856/856/856 857/857/857 858/858/858
f 859/859/859 860/860/860 861/861/861
f 862/862/862 863/863/863 864/864/864
f 865/865/865 866/866/866 867/867/867
f 868/868/868 869/869/869 870/870/870
f 871/871/871 872/872/872 873/873/873
f 874/874/874 875/875/875 876/876/876
f 877/877/877 878/878/878 879/879/879
f 880/880/880 881/881/881 882/882/882
f 883/883/883 884/884/884 885/885/885
f 886/886/886 887/887/887 888/888/888
f 889/889/889 890/890/890 891/891/891
f 892/892/892 893/893/893 894/894/894
f 895/895/895 896/896/896 897/897/897
f 898/898/898 899/899/899 900/900/900
f 901/901/901 902/902/902 903/903/903
f 904/904/904 905/905/905 906/906/906
f 907/907/907 908/908/908 909/909/909
f 910/910/910 911/911/911 912/912/912
f 913/913/913 914/914/914 915/915/915
f 916/916/916 917/917/917 918/918/918
f 919/919/919 920/920/920 921/921/921
f 922/922/922 923/923/923 924/924/924
f 925/925/925 926/926/926 927/927/927
f 928/928/928 929/929/929 930/930/930
f 931/931/931 932/932/932 933/933/933
f 934/934/934 935/935/935 936/936/936
f 937/937/937 938/938/938 939/939/939
f 940/940/940 941/941/941 942/942/942
f 943/943/943 944/944/944 945/945/945
f 946/946/946 947/947/947 948/948/948
f 949/949/949 950/950/950 951/951/951
f 952/952/952 953/953/953 954/954/954
f 955/955/955 956/956/956 957/957/957
f 958/958/958 959/959/959 960/960/960
f 961/961/961 962/962/962 963/963/963
f 964/964/964 965/965/965 966/966/966
f 967/967/967 968/968/968 969/969/969
f 970/970/970 971/971/971 972/972/972
f 973/973/973 974/974/974 975/975/975
f 976/976/976 977/977/977 978/978/978
f 979/979/979 980/980/980 981/981/981
f 982/982/982 983/983/983 984/984/984
f 985/985/985 986/986/986 987/987/987
f 988/988/988 989/989/989 990/990/990
f 991/991/991 992/992/992 993/993/993
f 994/994/994 995/995/995 996/996/996
f 997/997/997 998/998/998 999/999/999
f 1000/1000/1000 1001/1001/1001 1002/1002/1002
f 1003/1003/1003 1004/1004/1004 1005/1005/1005
f 1006/1006/1006 1007/1007/1007 1008/1008/1008
f 1009/1009/1009 1010/1010/1010 1011/1011/1011
f 1012/1012/1012 1013/1013/1013 1014/1014/1014
f 1015/1015/1015 1016/1016/1016 1017/1017/1017
f 1018/1018/1018 1019/1019/1019 1020/1020/1020
f 1021/1021/1021 1022/1022/1022 1023/1023/1023
f 1024/1024/1024 1025/1025/1025 1026/1026/1026
f 1027/1027/1027 1028/1028/1028 1029/1029/1029
f 1030/1030/1030 1031/1031/1031 1032/1032/1032
f 1033/1033/1033 1034/1034/1034 1035/1035/1035
f 1036/1036/1036 1037/1037/1037 1038/1038/1038
f 1039/1039/1039 1040/1040/1040 1041/1041/1041
f 1042/1042/1042 1043/1043/1043 1044/1044/1044
f 1045/1045/1045 1046/1046/1046 1047/1047/1047
f 1048/1048/1048 1049/1049/1049 1050/1050/1050
f 1051/1051/1051 1052/1052/1052 1053/1053/1053
f 1054/1054/1054 1055/1055/1055 1056/1056/1056
f 1057/1057/1057 1058/1058/1058 1059/1059/1059
f 1060/1060/1060 1061/1061/1061 1062/1062/1062
f 1063/1063/1063 1064/1064/1064 1065/1065/1065
f 1066/1066/1066 1067/1067/1067 1068/1068/1068
f 1069/1069/1069 1070/1070/1070 1071/1071/1071
f 1072/1072/1072 1073/1073/1073 1074/1074/1074
f 1075/1075/1075 1076/1076/1076 1077/1077/1077
f 1078/1078/1078 1079/1079/1079 1080/1080/1080
f 1081/1081/1081 1082/1082/1082 1083/1083/1083
f 1084/1084/1084 1085/1085/1085 1086/1086/1086
f 1087/1087/1087 1088/1088/1088 1089/1089/1089
f 1090/1090/1090 1091/1091/1091 1092/1092/1092
f 1093/1093/1093 1094/1094/1094 1095/1095/1095
f 1096/1096/1096 1097/1097/1097 1098/1098/1098
f 1099/1099/1099 1100/1100/1100 1101/1101/1101
f 1102/1102/1102 1103/1103/1103 1104/1104/1104
f 1105/1105/1105 1106/1106/1106 1107/1107/1107
f 1108/1108/1108 1109/1109/1109 1110/1110/1110
f 1111/1111/1111 1112/1112/1112 1113/1113/1113
f 1114/1114/1114 1115/1115/1115 1116/1116/1116
f 1117/1117/1117 1118/1118/1118 1119/1119/1119
f 1120/1120/1120 1121/1121/1121 1122/1122/1122
f 1123/1123/1123 1124/1124/1124 1125/1125/1125
f 1126/1126/1126 1127/1127/1127 1128/1128/1128
f 1129/1129/1129 1130/1130/1130 1131/1131/1131
f 1132/1132/1132 1133/1133/1133 1134/1134/1134
f 1135/1135/1135 1136/1136/1136 1137/1137/1137
f 1138/1138/1138 1139/1139/1139 1140/1140/1140
f 1141/1141/1141 1142/1142/1142 1143/1143/1143
f 1144/1144/1144 1145/1145/1145 1146/1146/1146
f 1147/1147/1147 1148/1148/1148 1149/1149/1149
f 1150/1150/1150 1151/1151/1151 1152/1152/1152
f 1153/1153/1153 1154/1154/1154 1155/1155/1155
f 1156/1156/1156 1157/1157/1157 1158/1158/1158
f 1159/1159/1159 1160/1160/1160 1161/1161/1161
f 1162/1162/1162 1163/1163/1163 1164/1164/1164
f 1165/1165/1165 1166/1166/1166 1167/1167/1167
f 1168/1168/1168 1169/1169/1169 1170/1170/1170
f 1171/1171/1171 1172/1172/1172 1173/1173/1173
f 1174/1174/1174 1175/1175/1175 1176/1176/1176
f 1177/1177/1177 1178/1178/1178 1179/1179/1179
f 1180/1180/1180 1181/1181/1181 1182/1182/1182
f 1183/1183/1183 1184/1184/1184 1185/1185/1185
f 1186/1186/1186 1187/1187/1187 1188/1188/1188
f 1189/1189/1189 1190/1190/1190 1191/1191/1191
f 1192/1192/1192 1193/1193/1193 1194/1194/1194
f 1195/1195/1195 1196/1196/1196 1197/1197/1197
f 1198/1198/1198 1199/1199/1199 1200/1200/1200
f 1201/1201/1201 1202/1202/1202 1203/1203/1203
f 1204/1204/1204 1205/1205/1205 1206/1206/1206
f 1207/1207/1207 1208/1208/1208 1209/1209/1209
f 1210/1210/1210 1211/1211/1211 1212/1212/1212
f 1213/1213/1213 1214/1214/1214 1215/1215/1215
f 1216/1216/1216 1217/1217/1217 1218/1218/1218
f 1219/1219/1219 1220/1220/1220 1221/1221/1221
f 1222/1222/1222 1223/1223/1223 1224/1224/1224
f 1225/1225/1225 1226/1226/1226 1227/1227/1227
f 1228/1228/1228 1229/1229/1229 1230/1230/1230
f 1231/1231/1231 1232/1232/1232 1233/1233/1233
f 1234/1234/1234 1235/1235/1235 1236/1236/1236
f 1237/1237/1237 1238/1238/1238 1239/1239/1239
f 1240/1240/1240 1241/1241/1241 1242/1242/1242
f 1243/1243/1243 1244/1244/1244 1245/1245/1245
f 1246/1246/1246 1247/1247/1247 1248/1248/1248
f 1249/1249/1249 1250/1250/1250 1251/1251/1251
f 1252/1252/1252 1253/1253/1253 1254/1254/1254
f 1255/1255/1255 1256/1256/1256 1257/1257/1257
f 1258/1258/1258 1259/1259/1259 1260/1260/1260
f 1261/1261/1261 1262/1262/1262 1263/1263/1263
f 1264/1264/1264 1265/1265/1265 1266/1266/1266
f 1267/1267/1267 1268/1268/1268 1269/1269/1269
f 1270/1270/1270 1271/1271/1271 1272/1272/1272
f 1273/1273/1273 1274/1274/1274 1275/1275/1275
f 1276/1276/1276 1277/1277/1277 1278/1278/1278
f 1279/1279/1279 1280/1280/1280 1281/1281/1281
f 1282/1282/1282 1283/1283/1283 1284/1284/1284
f 1285/1285/1285 1286/1286/1286 1287/1287/1287
f 1288/1288/1288 1289/1289/1289 1290/1290/1290
f 1291/1291/1291 1292/1292/1292 1293/1293/1293
f 1294/1294/1294 1295/1295/1295 1296/1296/1296
f 1297/1297/1297 1298/1298/1298 1299/1299/1299
f 1300/1300/1300 1301/1301/1301 1302/1302/1302
f 1303/1303/1303 1304/1304/1304 1305/1305/1305
f 1306/1306/1306 1307/1307/1307 1308/1308/1308
f 1309/1309/1309 1310/1310/1310 1311/1311/1311
f 1312/1312/1312 1313/1313/1313 1314/1314/1314
f 1315/1315/1315 1316/1316/1316 1317/1317/1317
f 1318/1318/1318 1319/1319/1319 1320/1320/1320
f 1321/1321/1321 1322/1322/1322 1323/1323/1323
f 1324/1324/1324 1325/1325/1325 1326/1326/1326
f 1327/1327/1327 1328/1328/1328 1329/1329/1329
f 1330/1330/1330 1331/1331/1331 1332/1332/1332
f 1333/1333/1333 1334/1334/1334 1335/1335/1335
f 1336/1336/1336 1337/1337/1337 1338/1338/1338
f 1339/1339/1339 1340/1340/1340 1341/1341/1341
f 1342/1342/1342 1343/1343/1343 1344/1344/1344
f 1345/1345/1345 1346/1346/1346 1347/1347/1347
f 1348/1348/1348 1349/1349/1349 1350/1350/1350
f 1351/1351/1351 1352/1352/1352 1353/1353/1353
f 1354/1354/1354 1355/1355/1355 1356/1356/1356
f 1357/1357/1357 1358/1358/1358 1359/1359/1359
f 1360/1360/1360 1361/1361/1361 1362/1362/1362
f 1363/1363/1363 1364/1364/1364 1365/1365/1365
f 1366/1366/1366 1367/1367/1367 1368/1368/1368
f 1369/1369/1369 1370/1370/1370 1371/1371/1371
f 1372/1372/1372 1373/1373/1373 1374/1374/1374
f 1375/1375/1375 1376/1376/1376 1377/1377/1377
f 1378/1378/1378 1379/1379/1379 1380/1380/1380
f 1381/1381/1381 1382/1382/1382 1383/1383/1383
f 1384/1384/1384 1385/1385/1385 1386/1386/1386
f 1387/1387/1387 1388/1388/1388 1389/1389/1389
f 1390/1390/1390 1391/1391/1391 1392/1392/1392
f 1393/1393/1393 1394/1394/1394 1395/1395/1395
f 1396/1396/1396 1397/1397/1397 1398/1398/1398
f 1399/1399/1399 1400/1400/1400 1401/1401/1401
f 1402/1402/1402 1403/1403/1403 1404/1404/1404
f 1405/1405/1405 1406/1406/1406 1407/1407/1407
f 1408/1408/1408 1409/1409/1409 1410/1410/1410
f 1411/1411/1411 1412/1412/1412 1413/1413/1413
f 1414/1414/1414 1415/1415/1415 1416/1416/1416
f 1417/1417/1417 1418/1418/1418 1419/1419/1419
f 1420/1420/1420 1421/1421/1421 1422/1422/1422
f 1423/1423/1423 1424/1424/1424 1425/1425/1425
f 1426/1426/1426 1427/1427/1427 1428/1428/1428
f 1429/1429/1429 1430/1430/1430 1431/1431/1431
f 1432/1432/1432 1433/1433/1433 1434/1434/1434
f 1435/1435/1435 1436/1436/1436 1437/1437/1437
f 1438/1438/1438 1439/1439/1439 1440/1440/1440
f 1441/1441/1441 1442/1442/1442 1443/1443/1443
f 1444/1444/1444 1445/1445/1445 1446/1446/1446
f 1447/1447/1447 1448/1448/1448 1449/1449/1449
f 1450/1450/1450 1451/1451/1451 1452/1452/1452
f 1453/1453/1453 1454/1454/1454 1455/1455/1455
f 1456/1456/1456 1457/1457/1457 1458/1458/1458
f 1459/1459/1459 1460/1460/1460 1461/1461/1461
f 1462/1462/1462 1463/1463/1463 1464/1464/1464
f 1465/1465/1465 1466/1466/1466 1467/1467/1467
f 1468/1468/1468 1469/1469/1469 1470/1470/1470
f 1471/1471/1471 1472/1472/1472 1473/1473/1473
f 1474/1474/1474 1475/1475/1475 1476/1476/1476
f 1477/1477/1477 1478/1478/1478 1479/1479/1479
f 1480/1480/1480 1481/1481/1481 1482/1482/1482
f 1483/1483/1483 1484/1484/1484 1485/1485/1485
f 1486/1486/1486 1487/1487/1487 1488/1488/1488
f 1489/1489/1489 1490/1490/1490 1491/1491/1491
f 1492/1492/1492 1493/1493/1493 1494/1494/1494
f 1495/1495/1495 1496/1496/1496 1497/1497/1497
f 1498/1498/1498 1499/1499/1499 1500/1500/1500
f 1501/1501/1501 1502/1502/1502 1503/1503/1503
f 1504/1504/1504 1505/1505/1505 1506/1506/1506
f 1507/1507/1507 1508/1508/1508 1509/1509/1509
f 1510/1510/1510 1511/1511/1511 1512/1512/1512
f 1513/1513/1513 1514/1514/1514 1515/1515/1515
f 1516/1516/1516 1517/1517/1517 1518/1518/1518
f 1519/1519/1519 1520/1520/1520 1521/1521/1521
f 1522/1522/1522 1523/1523/1523 1524/1524/1524
f 1525/1525/1525 1526/1526/1526 1527/1527/1527
f 1528/1528/1528 1529/1529/1529 1530/1530/1530
f 1531/1531/1531 1532/1532/1532 1533/1533/1533
f 1534/1534/1534 1535/1535/1535 1536/1536/1536
f 1537/1537/1537 1538/1538/1538 1539/1539/1539
f 1540/1540/1540 1541/1541/1541 1542/1542/1542
f 1543/1543/1543 1544/1544/1544 1545/1545/1545
f 1546/1546/1546 1547/1547/1547 1548/1548/1548
f 1549/1549/1549 1550/1550/1550 1551/1551/1551
f 1552/1552/1552 1553/1553/1553 1554/1554/1554
f 1555/1555/1555 1556/1556/1556 1557/1557/1557
f 1558/1558/1558 1559/1559/1559 1560/1560/1560
f 1561/1561/1561 1562/1562/1562 1563/1563/1563
f 1564/1564/1564 1565/1565/1565 1566/1566/1566
f 1567/1567/1567 1568/1568/1568 1569/1569/1569
f 1570/1570/1570 1571/1571/1571 1572/1572/1572
f 1573/1573/1573 1574/1574/1574 1575/1575/1575
f 1576/1576/1576 1577/1577/1577 1578/1578/1578
f 1579/1579/1579 1580/1580/1580 1581/1581/1581
f 1582/1582/1582 1583/1583/1583 1584/1584/1584
f 1585/1585/1585 1586/1586/1586 1587/1587/1587
f 1588/1588/1588 1589/1589/1589 1590/1590/1590
f 1591/1591/1591 1592/1592/1592 1593/1593/1593
f 1594/1594/1594 1595/1595/1595 1596/1596/1596
f 1597/1597/1597 1598/1598/1598 1599/1599/1599
f 1600/1600/1600 1601/1601/1601 1602/1602/1602
f 1603/1603/1603 1604/1604/1604 1605/1605/1605
f 1606/1606/1606 1607/1607/1607 1608/1608/1608
f 1609/1609/1609 1610/1610/1610 1611/1611/1611
f 1612/1612/1612 1613/1613/1613 1614/1614/1614
f 1615/1615/1615 1616/1616/1616 1617/1617/1617
f 1618/1618/1618 1619/1619/1619 1620/1620/1620
f 1621/1621/1621 1622/1622/1622 1623/1623/1623
f 1624/1624/1624 1625/1625/1625 1626/1626/1626
f 1627/1627/1627 1628/1628/1628 1629/1629/1629
f 1630/1630/1630 1631/1631/1631 1632/1632/1632
f 1633/1633/1633 1634/1634/1634 1635/1635/1635
f 1636/1636/1636 1637/1637/1637 1638/1638/1638
f 1639/1639/1639 1640/1640/1640 1641/1641/1641
f 1642/1642/1642 1643/1643/1643 1644/1644/1644
f 1645/1645/1645 1646/1646/1646 1647/1647/1647
f 1648/1648/1648 1649/1649/1649 1650/1650/1650
f 1651/1651/1651 1652/1652/1652 1653/1653/1653
f 1654/1654/1654 1655/1655/1655 1656/1656/1656
f 1657/1657/1657 1658/1658/1658 1659/1659/1659
f 1660/1660/1660 1661/1661/1661 1662/1662/1662
f 1663/1663/1663 1664/1664/1664 1665/1665/1665
f 1666/1666/1666 1667/1667/1667 1668/1668/1668
f 1669/1669/1669 1670/1670/1670 1671/1671/1671
f 1672/1672/1672 1673/1673/1673 1674/1674/1674
f 1675/1675/1675 1676/1676/1676 1677/1677/1677
f 1678/1678/1678 1679/1679/1679 1680/1680/1680
f 1681/1681/1681 1682/1682/1682 1683/1683/1683
f 1684/1684/1684 1685/1685/1685 1686/1686/1686
f 1687/1687/1687 1688/1688/1688 1689/1689/1689
f 1690/1690/1690 1691/1691/1691 1692/1692/1692
f 1693/1693/1693 1694/1694/1694 1695/1695/1695
f 1696/1696/1696 1697/1697/1697 1698/1698/1698
f 1699/1699/1699 1700/1700/1700 1701/1701/1701
f 1702/1702/1702 1703/1703/1703 1704/1704/1704
f 1705/1705/1705 1706/1706/1706 1707/1707/1707
f 1708/1708/1708 1709/1709/1709 1710/1710/1710
f 1711/1711/1711 1712/1712/1712 1713/1713/1713
f 1714/1714/1714 1715/1715/1715 1716/1716/1716
f 1717/1717/1717 1718/1718/1718 1719/1719/1719
f 1720/1720/1720 1721/1721/1721 1722/1722/1722
f 1723/1723/1723 1724/1724/1724 1725/1725/1725
f 1726/1726/1726 1727/1727/1727 1728/1728/1728
f 1729/1729/1729 1730/1730/1730 1731/1731/1731
f 1732/1732/1732 1733/1733/1733 1734/1734/1734
f 1735/1735/1735 1736/1736/1736 1737/1737/1737
f 1738/1738/1738 1739/1739/1739 1740/1740/1740
f 1741/1741/1741 1742/1742/1742 1743/1743/1743
f 1744/1744/1744 1745/1745/1745 1746/1746/1746
f 1747/1747/1747 1748/1748/1748 1749/1749/1749
f 1750/1750/1750 1751/1751/1751 1752/1752/1752
f 1753/1753/1753 1754/1754/1754 1755/1755/1755
f 1756/1756/1756 1757/1757/1757 1758/1758/1758
f 1759/1759/1759 1760/1760/1760 1761/1761/1761
f 1762/1762/1762 1763/1763/1763 1764/1764/1764
f 1765/1765/1765 1766/1766/1766 1767/1767/1767
f 1768/1768/1768 1769/1769/1769 1770/1770/1770
f 1771/1771/1771 1772/1772/1772 1773/1773/1773
f 1774/1774/1774 1775/1775/1775 1776/1776/1776
f 1777/1777/1777 1778/1778/1778 1779/1779/1779
f 1780/1780/1780 1781/1781/1781 1782/1782/1782
f 1783/1783/1783 1784/1784/1784 1785/1785/1785
f 1786/1786/1786 1787/1787/1787 1788/1788/1788
f 1789/1789/1789 1790/1790/1790 1791/1791/1791
f 1792/1792/1792 1793/1793/1793 1794/1794/1794
f 1795/1795/1795 1796/1796/1796 1797/1797/1797
f 1798/1798/1798 1799/1799/1799 1800/1800/1800
f 1801/1801/1801 1802/1802/1802 1803/1803/1803
f 1804/1804/1804 1805/1805/1805 1806/1806/1806
f 1807/1807/1807 1808/1808/1808 1809/1809/1809
f 1810/1810/1810 1811/1811/1811 1812/1812/1812
f 1813/1813/1813 1814/1814/1814 1815/1815/1815
f 1816/1816/1816 1817/1817/1817 1818/1818/1818
f 1819/1819/1819 1820/1820/1820 1821/1821/1821
f 1822/1822/1822 1823/1823/1823 1824/1824/1824
f 1825/1825/1825 1826/1826/1826 1827/1827/1827
f 1828/1828/1828 1829/1829/1829 1830/1830/1830
f 1831/1831/1831 1832/1832/1832 1833/1833/1833
f 1834/1834/1834 1835/1835/1835 1836/1836/1836
f 1837/1837/1837 1838/1838/1838 1839/1839/1839
f 1840/1840/1840 1841/1841/1841 1842/1842/1842
f 1843/1843/1843 1844/1844/1844 1845/1845/1845
f 1846/1846/1846 1847/1847/1847 1848/1848/1848
f 1849/1849/1849 1850/1850/1850 1851/1851/1851
f 1852/1852/1852 1853/1853/1853 1854/1854/1854
f 1855/1855/1855 1856/1856/1856 1857/1857/1857
f 1858/1858/1858 1859/1859/1859 1860/1860/1860
f 1861/1861/1861 1862/1862/1862 1863/1863/1863
f 1864/1864/1864 1865/1865/1865 1866/1866/1866
f 1867/1867/1867 1868/1868/1868 1869/1869/1869
f 1870/1870/1870 1871/1871/1871 1872/1872/1872
f 1873/1873/1873 1874/1874/1874 1875/1875/1875
f 1876/1876/1876 1877/1877/1877 1878/1878/1878
f 1879/1879/1879 1880/1880/1880 1881/1881/1881
f 1882/1882/1882 1883/1883/1883 1884/1884/1884
f 1885/1885/1885 1886/1886/1886 1887/1887/1887
f 1888/1888/1888 1889/1889/1889 1890/1890/1890
f 1891/1891/1891 1892/1892/1892 1893/1893/1893
f 1894/1894/1894 1895/1895/1895 1896/1896/1896
f 1897/1897/1897 1898/1898/1898 1899/1899/1899
f 1900/1900/1900 1901/1901/1901 1902/1902/1902
f 1903/1903/1903 1904/1904/1904 1905/1905/1905
f 1906/1906/1906 1907/1907/1907 1908/1908/1908
f 1909/1909/1909 1910/1910/1910 1911/1911/1911
f 1912/1912/1912 1913/1913/1913 1914/1914/1914
f 1915/1915/1915 1916/1916/1916 1917/1917/1917
f 1918/1918/1918 1919/1919/1919 1920/1920/1920
f 1921/1921/1921 1922/1922/1922 1923/1923/1923
f 1924/1924/1924 1925/1925/1925 1926/1926/1926
f 1927/1927/1927 1928/1928/1928 1929/1929/1929
f 1930/1930/1930 1931/1931/1931 1932/1932/1932
f 1933/1933/1933 1934/1934/1934 1935/1935/1935
f 1936/1936/1936 1937/1937/1937 1938/1938/1938
f 1939/1939/1939 1940/1940/1940 1941/1941/1941
f 1942/1942/1942 1943/1943/1943 1944/1944/1944
f 1945/1945/1945 1946/1946/1946 1947/1947/1947
f 1948/1948/1948 1949/1949/1949 1950/1950/1950
f 1951/1951/1951 1952/1952/1952 1953/1953/1953
f 1954/1954/1954 1955/1955/1955 1956/1956/1956
f 1957/1957/1957 1958/1958/1958 1959/1959/1959
f 1960/1960/1960 1961/1961/1961 1962/1962/1962
f 1963/1963/1963 1964/1964/1964 1965/1965/1965
f 1966/1966/1966 1967/1967/1967 1968/1968/1968
f 1969/1969/1969 1970/1970/1970 1971/1971/1971
f 1972/1972/1972 1973/1973/1973 1974/1974/1974
f 1975/1975/1975 1976/1976/1976 1977/1977/1977
f 1978/1978/1978 1979/1979/1979 1980/1980/1980
f 1981/1981/1981 1982/1982/1982 1983/1983/1983
f 1984/1984/1984 1985/1985/1985 1986/1986/1986
f 1987/1987/1987 1988/1988/1988 1989/1989/1989
f 1990/1990/1990 1991/1991/1991 1992/1992/1992
f 1993/1993/1993 1994/1994/1994 1995/1995/1995
f 1996/1996/1996 1997/1997/1997 1998/1998/1998
f 1999/1999/1999 2000/2000/2000 2001/2001/2001
f 2002/2002/2002 2003/2003/2003 2004/2004/2004
f 2005/2005/2005 2006/2006/2006 2007/2007/2007
f 2008/2008/2008 2009/2009/2009 2010/2010/2010
f 2011/2011/2011 2012/2012/2012 2013/2013/2013
f 2014/2014/2014 2015/2015/2015 2016/2016/2016
f 2017/2017/2017 2018/2018/2018 2019/2019/2019
f 2020/2020/2020 2021/2021/2021 2022/2022/2022
f 2023/2023/2023 2024/2024/2024 2025/2025/2025
f 2026/2026/2026 2027/2027/2027 2028/2028/2028
f 2029/2029/2029 2030/2030/2030 2031/2031/2031
f 2032/2032/2032 2033/2033/2033 2034/2034/2034
f 2035/2035/2035 2036/2036/2036 2037/2037/2037
f 2038/2038/2038 2039/2039/2039 2040/2040/2040
f 2041/2041/2041 2042/2042/2042 2043/2043/2043
f 2044/2044/2044 2045/2045/2045 2046/2046/2046
f 2047/2047/2047 2048/2048/2048 2049/2049/2049
f 2050/2050/2050 2051/2051/2051 2052/2052/2052
f 2053/2053/2053 2054/2054/2054 2055/2055/2055
f 2056/2056/2056 2057/2057/2057 2058/2058/2058
f 2059/2059/2059 2060/2060/2060 2061/2061/2061
f 2062/2062/2062 2063/2063/2063 2064/2064/2064
f 2065/2065/2065 2066/2066/2066 2067/2067/2067
f 2068/2068/2068 2069/2069/2069 2070/2070/2070
f 2071/2071/2071 2072/2072/2072 2073/2073/2073
f 2074/2074/2074 2075/2075/2075 2076/2076/2076
f 2077/2077/2077 2078/2078/2078 2079/2079/2079
f 2080/2080/2080 2081/2081/2081 2082/2082/2082
f 2083/2083/2083 2084/2084/2084 2085/2085/2085
f 2086/2086/2086 2087/2087/2087 2088/2088/2088
f 2089/2089/2089 2090/2090/2090 2091/2091/2091
f 2092/2092/2092 2093/2093/2093 2094/2094/2094
f 2095/2095/2095 2096/2096/2096 2097/2097/2097
f 2098/2098/2098 2099/2099/2099 2100/2100/2100
f 2101/2101/2101 2102/2102/2102 2103/2103/2103
f 2104/2104/2104 2105/2105/2105 2106/2106/2106
f 2107/2107/2107 2108/2108/2108 2109/2109/2109
f 2110/2110/2110 2111/2111/2111 2112/2112/2112
f 2113/2113/2113 2114/2114/2114 2115/2115/2115
f 2116/2116/2116 2117/2117/2117 2118/2118/2118
f 2119/2119/2119 2120/2120/2120 2121/2121/2121
f 2122/2122/2122 2123/2123/2123 2124/2124/2124
f 2125/2125/2125 2126/2126/2126 2127/2127/2127
f 2128/2128/2128 2129/2129/2129 2130/2130/2130
f 2131/2131/2131 2132/2132/2132 2133/2133/2133
f 2134/2134/2134 2135/2135/2135 2136/2136/2136
f 2137/2137/2137 2138/2138/2138 2139/2139/2139
f 2140/2140/2140 2141/2141/2141 2142/2142/2142
f 2143/2143/2143 2144/2144/2144 2145/2145/2145
f 2146/2146/2146 2147/2147/2147 2148/2148/2148
f 2149/2149/2149 2150/2150/2150 2151/2151/2151
f 2152/2152/2152 2153/2153/2153 2154/2154/2154
f 2155/2155/2155 2156/2156/2156 2157/2157/2157
f 2158/2158/2158 2159/2159/2159 2160/2160/2160
f 2161/2161/2161 2162/2162/2162 2163/2163/2163
f 2164/2164/2164 2165/2165/2165 2166/2166/2166
f 2167/2167/2167 2168/2168/2168 2169/2169/2169
f 2170/2170/2170 2171/2171/2171 2172/2172/2172
f 2173/2173/2173 2174/2174/2174 2175/2175/2175
f 2176/2176/2176 2177/2177/2177 2178/2178/2178
f 2179/2179/2179 2180/2180/2180 2181/2181/2181
f 2182/2182/2182 2183/2183/2183 2184/2184/2184
f 2185/2185/2185 2186/2186/2186 2187/2187/2187
f 2188/2188/2188 2189/2189/2189 2190/2190/2190
f 2191/2191/2191 2192/2192/2192 2193/2193/2193
f 2194/2194/2194 2195/2195/2195 2196/2196/2196
f 2197/2197/2197 2198/2198/2198 2199/2199/2199
f 2200/2200/2200 2201/2201/2201 2202/2202/2202
f 2203/2203/2203 2204/2204/2204 2205/2205/2205
f 2206/2206/2206 2207/2207/2207 2208/2208/2208
f 2209/2209/2209 2210/2210/2210 2211/2211/2211
f 2212/2212/2212 2213/2213/2213 2214/2214/2214
f 2215/2215/2215 2216/2216/2216 2217/2217/2217
f 2218/2218/2218 2219/2219/2219 2220/2220/2220
f 2221/2221/2221 2222/2222/2222 2223/2223/2223
f 2224/2224/2224 2225/2225/2225 2226/2226/2226
f 2227/2227/2227 2228/2228/2228 2229/2229/2229
f 2230/2230/2230 2231/2231/2231 2232/2232/2232
f 2233/2233/2233 2234/2234/2234 2235/2235/2235
f 2236/2236/2236 2237/2237/2237 2238/2238/2238
f 2239/2239/2239 2240/2240/2240 2241/2241/2241
f 2242/2242/2242 2243/2243/2243 2244/2244/2244
f 2245/2245/2245 2246/2246/2246 2247/2247/2247
f 2248/2248/2248 2249/2249/2249 2250/2250/2250
f 2251/2251/2251 2252/2252/2252 2253/2253/2253
f 2254/2254/2254 2255/2255/2255 2256/2256/2256
f 2257/2257/2257 2258/2258/2258 2259/2259/2259
f 2260/2260/2260 2261/2261/2261 2262/2262/2262
f 2263/2263/2263 2264/2264/2264 2265/2265/2265
f 2266/2266/2266 2267/2267/2267 2268/2268/2268
f 2269/2269/2269 2270/2270/2270 2271/2271/2271
f 2272/2272/2272 2273/2273/2273 2274/2274/2274
f 2275/2275/2275 2276/2276/2276 2277/2277/2277
f 2278/2278/2278 2279/2279/2279 2280/2280/2280
f 2281/2281/2281 2282/2282/2282 2283/2283/2283
f 2284/2284/2284 2285/2285/2285 2286/2286/2286
f 2287/2287/2287 2288/2288/2288 2289/2289/2289
f 2290/2290/2290 2291/2291/2291 2292/2292/2292
f 2293/2293/2293 2294/2294/2294 2295/2295/2295
f 2296/2296/2296 2297/2297/2297 2298/2298/2298
f 2299/2299/2299 2300/2300/2300 2301/2301/2301
f 2302/2302/2302 2303/2303/2303 2304/2304/2304
f 2305/2305/2305 2306/2306/2306 2307/2307/2307
f 2308/2308/2308 2309/2309/2309 2310/2310/2310
f 2311/2311/2311 2312/2312/2312 2313/2313/2313
f 2314/2314/2314 2315/2315/2315 2316/2316/2316
f 2317/2317/2317 2318/2318/2318 2319/2319/2319
f 2320/2320/2320 2321/2321/2321 2322/2322/2322
f 2323/2323/2323 2324/2324/2324 2325/2325/2325
f 2326/2326/2326 2327/2327/2327 2328/2328/2328
f 2329/2329/2329 2330/2330/2330 2331/2331/2331
f 2332/2332/2332 2333/2333/2333 2334/2334/2334
f 2335/2335/2335 2336/2336/2336 2337/2337/2337
f 2338/2338/2338 2339/2339/2339 2340/2340/2340
f 2341/2341/2341 2342/2342/2342 2343/2343/2343
f 2344/2344/2344 2345/2345/2345 2346/2346/2346
f 2347/2347/2347 2348/2348/2348 2349/2349/2349
f 2350/2350/2350 2351/2351/2351 2352/2352/2352
f 2353/2353/2353 2354/2354/2354 2355/2355/2355
f 2356/2356/2356 2357/2357/2357 2358/2358/2358
f 2359/2359/2359 2360/2360/2360 2361/2361/2361
f 2362/2362/2362 2363/2363/2363 2364/2364/2364
f 2365/2365/2365 2366/2366/2366 2367/2367/2367
f 2368/2368/2368 2369/2369/2369 2370/2370/2370
f 2371/2371/2371 2372/2372/2372 2373/2373/2373
f 2374/2374/2374 2375/2375/2375 2376/2376/2376
f 2377/2377/2377 2378/2378/2378 2379/2379/2379
f 2380/2380/2380 2381/2381/2381 2382/2382/2382
f 2383/2383/2383 2384/2384/2384 2385/2385/2385
f 2386/2386/2386 2387/2387/2387 2388/2388/2388
f 2389/2389/2389 2390/2390/2390 2391/2391/2391
f 2392/2392/2392 2393/2393/2393 2394/2394/2394
f 2395/2395/2395 2396/2396/2396 2397/2397/2397
f 2398/2398/2398 2399/2399/2399 2400/2400/2400
f 2401/2401/2401 2402/2402/2402 2403/2403/2403
f 2404/2404/2404 2405/2405/2405 2406/2406/2406
f 2407/2407/2407 2408/2408/2408 2409/2409/2409
f 2410/2410/2410 2411/2411/2411 2412/2412/2412
f 2413/2413/2413 2414/2414/2414 2415/2415/2415
f 2416/2416/2416 2417/2417/2417 2418/2418/2418
f 2419/2419/2419 2420/2420/2420 2421/2421/2421
f 2422/2422/2422 2423/2423/2423 2424/2424/2424
f 2425/2425/2425 2426/2426/2426 2427/2427/2427
f 2428/2428/2428 2429/2429/2429 2430/2430/2430
f 2431/2431/2431 2432/2432/2432 2433/2433/2433
f 2434/2434/2434 2435/2435/2435 2436/2436/2436
f 2437/2437/2437 2438/2438/2438 2439/2439/2439
f 2440/2440/2440 2441/2441/2441 2442/2442/2442
f 2443/2443/2443 2444/2444/2444 2445/2445/2445
f 2446/2446/2446 2447/2447/2447 2448/2448/2448
f 2449/2449/2449 2450/2450/2450 2451/2451/2451
f 2452/2452/2452 2453/2453/2453 2454/2454/2454
f 2455/2455/2455 2456/2456/2456 2457/2457/2457
f 2458/2458/2458 2459/2459/2459 2460/2460/2460
f 2461/2461/2461 2462/2462/2462 2463/2463/2463
f 2464/2464/2464 2465/2465/2465 2466/2466/2466
f 2467/2467/2467 2468/2468/2468 2469/2469/2469
f 2470/2470/2470 2471/2471/2471 2472/2472/2472
f 2473/2473/2473 2474/2474/2474 2475/2475/2475
f 2476/2476/2476 2477/2477/2477 2478/2478/2478
f 2479/2479/2479 2480/2480/2480 2481/2481/2481
f 2482/2482/2482 2483/2483/2483 2484/2484/2484
f 2485/2485/2485 2486/2486/2486 2487/2487/2487
f 2488/2488/2488 2489/2489/2489 2490/2490/2490
f 2491/2491/2491 2492/2492/2492 2493/2493/2493
f 2494/2494/2494 2495/2495/2495 2496/2496/2496
f 2497/2497/2497 2498/2498/2498 2499/2499/2499
f 2500/2500/2500 2501/2501/2501 2502/2502/2502
f 2503/2503/2503 2504/2504/2504 2505/2505/2505
f 2506/2506/2506 2507/2507/2507 2508/2508/2508
f 2509/2509/2509 2510/2510/2510 2511/2511/2511
f 2512/2512/2512 2513/2513/2513 2514/2514/2514
f 2515/2515/2515 2516/2516/2516 2517/2517/2517
f 2518/2518/2518 2519/2519/2519 2520/2520/2520
f 2521/2521/2521 2522/2522/2522 2523/2523/2523
f 2524/2524/2524 2525/2525/2525 2526/2526/2526
f 2527/2527/2527 2528/2528/2528 2529/2529/2529
f 2530/2530/2530 2531/2531/2531 2532/2532/2532
f 2533/2533/2533 2534/2534/2534 2535/2535/2535
f 2536/2536/2536 2537/2537/2537 2538/2538/2538
f 2539/2539/2539 2540/2540/2540 2541/2541/2541
f 2542/2542/2542 2543/2543/2543 2544/2544/2544
f 2545/2545/2545 2546/2546/2546 2547/2547/2547
f 2548/2548/2548 2549/2549/2549 2550/2550/2550
f 2551/2551/2551 2552/2552/2552 2553/2553/2553
f 2554/2554/2554 2555/2555/2555 2556/2556/2556
f 2557/2557/2557 2558/2558/2558 2559/2559/2559
f 2560/2560/2560 2561/2561/2561 2562/2562/2562
f 2563/2563/2563 2564/2564/2564 2565/2565/2565
f 2566/2566/2566 2567/2567/2567 2568/2568/2568
f 2569/2569/2569 2570/2570/2570 2571/2571/2571
f 2572/2572/2572 2573/2573/2573 2574/2574/2574
f 2575/2575/2575 2576/2576/2576 2577/2577/2577
f 2578/2578/2578 2579/2579/2579 2580/2580/2580
f 2581/2581/2581 2582/2582/2582 2583/2583/2583
f 2584/2584/2584 2585/2585/2585 2586/2586/2586
f 2587/2587/2587 2588/2588/2588 2589/2589/2589
f 2590/2590/2590 2591/2591/2591 2592/2592/2592
f 2593/2593/2593 2594/2594/2594 2595/2595/2595
f 2596/2596/2596 2597/2597/2597 2598/2598/2598
f 2599/2599/2599 2600/2600/2600 2601/2601/2601
f 2602/2602/2602 2603/2603/2603 2604/2604/2604
f 2605/2605/2605 2606/2606/2606 2607/2607/2607
f 2608/2608/2608 2609/2609/2609 2610/2610/2610
f 2611/2611/2611 2612/2612/2612 2613/2613/2613
f 2614/2614/2614 2615/2615/2615 2616/2616/2616
f 2617/2617/2617 2618/2618/2618 2619/2619/2619
f 2620/2620/2620 2621/2621/2621 2622/2622/2622
f 2623/2623/2623 2624/2624/2624 2625/2625/2625
f 2626/2626/2626 2627/2627/2627 2628/2628/2628
f 2629/2629/2629 2630/2630/2630 2631/2631/2631
f 2632/2632/2632 2633/2633/2633 2634/2634/2634
f 2635/2635/2635 2636/2636/2636 2637/2637/2637
f 2638/2638/2638 2639/2639/2639 2640/2640/2640
f 2641/2641/2641 2642/2642/2642 2643/2643/2643
f 2644/2644/2644 2645/2645/2645 2646/2646/2646
f 2647/2647/2647 2648/2648/2648 2649/2649/2649
f 2650/2650/2650 2651/2651/2651 2652/2652/2652
f 2653/2653/2653 2654/2654/2654 2655/2655/2655
f 2656/2656/2656 2657/2657/2657 2658/2658/2658
f 2659/2659/2659 2660/2660/2660 2661/2661/2661
f 2662/2662/2662 2663/2663/2663 2664/2664/2664
f 2665/2665/2665 2666/2666/2666 2667/2667/2667
f 2668/2668/2668 2669/2669/2669 2670/2670/2670
f 2671/2671/2671 2672/2672/2672 2673/2673/2673
f 2674/2674/2674 2675/2675/2675 2676/2676/2676
f 2677/2677/2677 2678/2678/2678 2679/2679/2679
f 2680/2680/2680 2681/2681/2681 2682/2682/2682
f 2683/2683/2683 2684/2684/2684 2685/2685/2685
f 2686/2686/2686 2687/2687/2687 2688/2688/2688
f 2689/2689/2689 2690/2690/2690 2691/2691/2691
f 2692/2692/2692 2693/2693/2693 2694/2694/2694
f 2695/2695/2695 2696/2696/2696 2697/2697/2697
f 2698/2698/2698 2699/2699/2699 2700/2700/2700
f 2701/2701/2701 2702/2702/2702 2703/2703/2703
f 2704/2704/2704 2705/2705/2705 2706/2706/2706
f 2707/2707/2707 2708/2708/2708 2709/2709/2709
f 2710/2710/2710 2711/2711/2711 2712/2712/2712
f 2713/2713/2713 2714/2714/2714 2715/2715/2715
f 2716/2716/2716 2717/2717/2717 2718/2718/2718
f 2719/2719/2719 2720/2720/2720 2721/2721/2721
f 2722/2722/2722 2723/2723/2723 2724/2724/2724
f 2725/2725/2725 2726/2726/2726 2727/2727/2727
f 2728/2728/2728 2729/2729/2729 2730/2730/2730
f 2731/2731/2731 2732/2732/2732 2733/2733/2733
f 2734/2734/2734 2735/2735/2735 2736/2736/2736
f 2737/2737/2737 2738/2738/2738 2739/2739/2739
f 2740/2740/2740 2741/2741/2741 2742/2742/2742
f 2743/2743/2743 2744/2744/2744 2745/2745/2745
f 2746/2746/2746 2747/2747/2747 2748/2748/2748
f 2749/2749/2749 2750/2750/2750 2751/2751/2751
f 2752/2752/2752 2753/2753/2753 2754/2754/2754
f 2755/2755/2755 2756/2756/2756 2757/2757/2757
f 2758/2758/2758 2759/2759/2759 2760/2760/2760
f 2761/2761/2761 2762/2762/2762 2763/2763/2763
f 2764/2764/2764 2765/2765/2765 2766/2766/2766
f 2767/2767/2767 2768/2768/2768 2769/2769/2769
f 2770/2770/2770 2771/2771/2771 2772/2772/2772
f 2773/2773/2773 2774/2774/2774 2775/2775/2775
f 2776/2776/2776 2777/2777/2777 2778/2778/2778
f 2779/2779/2779 2780/2780/2780 2781/2781/2781
f 2782/2782/2782 2783/2783/2783 2784/2784/2784
f 2785/2785/2785 2786/2786/2786 2787/2787/2787
f 2788/2788/2788 2789/2789/2789 2790/2790/2790
f 2791/2791/2791 2792/2792/2792 2793/2793/2793
f 2794/2794/2794 2795/2795/2795 2796/2796/2796
f 2797/2797/2797 2798/2798/2798 2799/2799/2799
f 2800/2800/2800 2801/2801/2801 2802/2802/2802
f 2803/2803/2803 2804/2804/2804 2805/2805/2805
f 2806/2806/2806 2807/2807/2807 2808/2808/2808
f 2809/2809/2809 2810/2810/2810 2811/2811/2811
f 2812/2812/2812 2813/2813/2813 2814/2814/2814
f 2815/2815/2815 2816/2816/2816 2817/2817/2817
f 2818/2818/2818 2819/2819/2819 2820/2820/2820
f 2821/2821/2821 2822/2822/2822 2823/2823/2823
f 2824/2824/2824 2825/2825/2825 2826/2826/2826
f 2827/2827/2827 2828/2828/2828 2829/2829/2829
f 2830/2830/2830 2831/2831/2831 2832/2832/2832
f 2833/2833/2833 2834/2834/2834 2835/2835/2835
f 2836/2836/2836 2837/2837/2837 2838/2838/2838
f 2839/2839/2839 2840/2840/2840 2841/2841/2841
f 2842/2842/2842 2843/2843/2843 2844/2844/2844
f 2845/2845/2845 2846/2846/2846 2847/2847/2847
f 2848/2848/2848 2849/2849/2849 2850/2850/2850
f 2851/2851/2851 2852/2852/2852 2853/2853/2853
f 2854/2854/2854 2855/2855/2855 2856/2856/2856
f 2857/2857/2857 2858/2858/2858 2859/2859/2859
f 2860/2860/2860 2861/2861/2861 2862/2862/2862
f 2863/2863/2863 2864/2864/2864 2865/2865/2865
f 2866/2866/2866 2867/2867/2867 2868/2868/2868
f 2869/2869/2869 2870/2870/2870 2871/2871/2871
f 2872/2872/2872 2873/2873/2873 2874/2874/2874
f 2875/2875/2875 2876/2876/2876 2877/2877/2877
f 2878/2878/2878 2879/2879/2879 2880/2880/2880
f 2881/2881/2881 2882/2882/2882 2883/2883/2883
f 2884/2884/2884 2885/2885/2885 2886/2886/2886
f 2887/2887/2887 2888/2888/2888 2889/2889/2889
f 2890/2890/2890 2891/2891/2891 2892/2892/2892
f 2893/2893/2893 2894/2894/2894 2895/2895/2895
f 2896/2896/2896 2897/2897/2897 2898/2898/2898
f 2899/2899/2899 2900/2900/2900 2901/2901/2901
f 2902/2902/2902 2903/2903/2903 2904/2904/2904
f 2905/2905/2905 2906/2906/2906 2907/2907/2907
f 2908/2908/2908 2909/2909/2909 2910/2910/2910
f 2911/2911/2911 2912/2912/2912 2913/2913/2913
f 2914/2914/2914 2915/2915/2915 2916/2916/2916
f 2917/2917/2917 2918/2918/2918 2919/2919/2919
f 2920/2920/2920 2921/2921/2921 2922/2922/2922
f 2923/2923/2923 2924/2924/2924 2925/2925/2925
f 2926/2926/2926 2927/2927/2927 2928/2928/2928
f 2929/2929/2929 2930/2930/2930 2931/2931/2931
f 2932/2932/2932 2933/2933/2933 2934/2934/2934
f 2935/2935/2935 2936/2936/2936 2937/2937/2937
f 2938/2938/2938 2939/2939/2939 2940/2940/2940
f 2941/2941/2941 2942/2942/2942 2943/2943/2943
f 2944/2944/2944 2945/2945/2945 2946/2946/2946
f 2947/2947/2947 2948/2948/2948 2949/2949/2949
f 2950/2950/2950 2951/2951/2951 2952/2952/2952
f 2953/2953/2953 2954/2954/2954 2955/2955/2955
f 2956/2956/2956 2957/2957/2957 2958/2958/2958
f 2959/2959/2959 2960/2960/2960 2961/2961/2961
f 2962/2962/2962 2963/2963/2963 2964/2964/2964
f 2965/2965/2965 2966/2966/2966 2967/2967/2967
f 2968/2968/2968 2969/2969/2969 2970/2970/2970
f 2971/2971/2971 2972/2972/2972 2973/2973/2973
f 2974/2974/2974 2975/2975/2975 2976/2976/2976
f 2977/2977/2977 2978/2978/2978 2979/2979/2979
f 2980/2980/2980 2981/2981/2981 2982/2982/2982
f 2983/2983/2983 2984/2984/2984 2985/2985/2985
f 2986/2986/2986 2987/2987/2987 2988/2988/2988
f 2989/2989/2989 2990/2990/2990 2991/2991/2991
f 2992/2992/2992 2993/2993/2993 2994/2994/2994
f 2995/2995/2995 2996/2996/2996 2997/2997/2997
f 2998/2998/2998 2999/2999/2999 3000/3000/3000
f 3001/3001/3001 3002/3002/3002 3003/3003/3003
f 3004/3004/3004 3005/3005/3005 3006/3006/3006
f 3007/3007/3007 3008/3008/3008 3009/3009/3009
f 3010/3010/3010 3011/3011/3011 3012/3012/3012
f 3013/3013/3013 3014/3014/3014 3015/3015/3015
f 3016/3016/3016 3017/3017/3017 3018/3018/3018
f 3019/3019/3019 3020/3020/3020 3021/3021/3021
f 3022/3022/3022 3023/3023/3023 3024/3024/3024
f 3025/3025/3025 3026/3026/3026 3027/3027/3027
f 3028/3028/3028 3029/3029/3029 3030/3030/3030
f 3031/3031/3031 3032/3032/3032 3033/3033/3033
f 3034/3034/3034 3035/3035/3035 3036/3036/3036
f 3037/3037/3037 3038/3038/3038 3039/3039/3039
f 3040/3040/3040 3041/3041/3041 3042/3042/3042
f 3043/3043/3043 3044/3044/3044 3045/3045/3045
f 3046/3046/3046 3047/3047/3047 3048/3048/3048
f 3049/3049/3049 3050/3050/3050 3051/3051/3051
f 3052/3052/3052 3053/3053/3053 3054/3054/3054
f 3055/3055/3055 3056/3056/3056 3057/3057/3057
f 3058/3058/3058 3059/3059/3059 3060/3060/3060
f 3061/3061/3061 3062/3062/3062 3063/3063/3063
f 3064/3064/3064 3065/3065/3065 3066/3066/3066
f 3067/3067/3067 3068/3068/3068 3069/3069/3069
f 3070/3070/3070 3071/3071/3071 3072/3072/3072
f 3073/3073/3073 3074/3074/3074 3075/3075/3075
f 3076/3076/3076 3077/3077/3077 3078/3078/3078
f 3079/3079/3079 3080/3080/3080 3081/3081/3081
f 3082/3082/3082 3083/3083/3083 3084/3084/3084
f 3085/3085/3085 3086/3086/3086 3087/3087/3087
f 3088/3088/3088 3089/3089/3089 3090/3090/3090
f 3091/3091/3091 3092/3092/3092 3093/3093/3093
f 3094/3094/3094 3095/3095/3095 3096/3096/3096
f 3097/3097/3097 3098/3098/3098 3099/3099/3099
f 3100/3100/3100 3101/3101/3101 3102/3102/3102
f 3103/3103/3103 3104/3104/3104 3105/3105/3105
f 3106/3106/3106 3107/3107/3107 3108/3108/3108
f 3109/3109/3109 3110/3110/3110 3111/3111/3111
f 3112/3112/3112 3113/3113/3113 3114/3114/3114
f 3115/3115/3115 3116/3116/3116 3117/3117/3117
f 3118/3118/3118 3119/3119/3119 3120/3120/3120
f 3121/3121/3121 3122/3122/3122 3123/3123/3123
f 3124/3124/3124 3125/3125/3125 3126/3126/3126
f 3127/3127/3127 3128/3128/3128 3129/3129/3129
f 3130/3130/3130 3131/3131/3131 3132/3132/3132
f 3133/3133/3133 3134/3134/3134 3135/3135/3135
f 3136/3136/3136 3137/3137/3137 3138/3138/3138
f 3139/3139/3139 3140/3140/3140 3141/3141/3141
f 3142/3142/3142 3143/3143/3143 3144/3144/3144
f 3145/3145/3145 3146/3146/3146 3147/3147/3147
f 3148/3148/3148 3149/3149/3149 3150/3150/3150
f 3151/3151/3151 3152/3152/3152 3153/3153/3153
f 3154/3154/3154 3155/3155/3155 3156/3156/3156
f 3157/3157/3157 3158/3158/3158 3159/3159/3159
f 3160/3160/3160 3161/3161/3161 3162/3162/3162
f 3163/3163/3163 3164/3164/3164 3165/3165/3165
f 3166/3166/3166 3167/3167/3167 3168/3168/3168
f 3169/3169/3169 3170/3170/3170 3171/3171/3171
f 3172/3172/3172 3173/3173/3173 3174/3174/3174
f 3175/3175/3175 3176/3176/3176 3177/3177/3177
f 3178/3178/3178 3179/3179/3179 3180/3180/3180
f 3181/3181/3181 3182/3182/3182 3183/3183/3183
f 3184/3184/3184 3185/3185/3185 3186/3186/3186
f 3187/3187/3187 3188/3188/3188 3189/3189/3189
f 3190/3190/3190 3191/3191/3191 3192/3192/3192
f 3193/3193/3193 3194/3194/3194 3195/3195/3195
f 3196/3196/3196 3197/3197/3197 3198/3198/3198
f 3199/3199/3199 3200/3200/3200 3201/3201/3201
f 3202/3202/3202 3203/3203/3203 3204/3204/3204
f 3205/3205/3205 3206/3206/3206 3207/3207/3207
f 3208/3208/3208 3209/3209/3209 3210/3210/3210
f 3211/3211/3211 3212/3212/3212 3213/3213/3213
f 3214/3214/3214 3215/3215/3215 3216/3216/3216
f 3217/3217/3217 3218/3218/3218 3219/3219/3219
f 3220/3220/3220 3221/3221/3221 3222/3222/3222
f 3223/3223/3223 3224/3224/3224 3225/3225/3225
f 3226/3226/3226 3227/3227/3227 3228/3228/3228
f 3229/3229/3229 3230/3230/3230 3231/3231/3231
f 3232/3232/3232 3233/3233/3233 3234/3234/3234
f 3235/3235/3235 3236/3236/3236 3237/3237/3237
f 3238/3238/3238 3239/3239/3239 3240/3240/3240
f 3241/3241/3241 3242/3242/3242 3243/3243/3243
f 3244/3244/3244 3245/3245/3245 3246/3246/3246
f 3247/3247/3247 3248/3248/3248 3249/3249/3249
f 3250/3250/3250 3251/3251/3251 3252/3252/3252
f 3253/3253/3253 3254/3254/3254 3255/3255/3255
f 3256/3256/3256 3257/3257/3257 3258/3258/3258
f 3259/3259/3259 3260/3260/3260 3261/3261/3261
f 3262/3262/3262 3263/3263/3263 3264/3264/3264
f 3265/3265/3265 3266/3266/3266 3267/3267/3267
f 3268/3268/3268 3269/3269/3269 3270/3270/3270
f 3271/3271/3271 3272/3272/3272 3273/3273/3273
f 3274/3274/3274 3275/3275/3275 3276/3276/3276
f 3277/3277/3277 3278/3278/3278 3279/3279/3279
f 3280/3280/3280 3281/3281/3281 3282/3282/3282
f 3283/3283/3283 3284/3284/3284 3285/3285/3285
f 3286/3286/3286 3287/3287/3287 3288/3288/3288
f 3289/3289/3289 3290/3290/3290 3291/3291/3291
f 3292/3292/3292 3293/3293/3293 3294/3294/3294
f 3295/3295/3295 3296/3296/3296 3297/3297/3297
f 3298/3298/3298 3299/3299/3299 3300/3300/3300
f 3301/3301/3301 3302/3302/3302 3303/3303/3303
f 3304/3304/3304 3305/3305/3305 3306/3306/3306
f 3307/3307/3307 3308/3308/3308 3309/3309/3309
f 3310/3310/3310 3311/3311/3311 3312/3312/3312
f 3313/3313/3313 3314/3314/3314 3315/3315/3315
f 3316/3316/3316 3317/3317/3317 3318/3318/3318
f 3319/3319/3319 3320/3320/3320 3321/3321/3321
f 3322/3322/3322 3323/3323/3323 3324/3324/3324
f 3325/3325/3325 3326/3326/3326 3327/3327/3327
f 3328/3328/3328 3329/3329/3329 3330/3330/3330
f 3331/3331/3331 3332/3332/3332 3333/3333/3333
f 3334/3334/3334 3335/3335/3335 3336/3336/3336
f 3337/3337/3337 3338/3338/3338 3339/3339/3339
f 3340/3340/3340 3341/3341/3341 3342/3342/3342
f 3343/3343/3343 3344/3344/3344 3345/3345/3345
f 3346/3346/3346 3347/3347/3347 3348/3348/3348
f 3349/3349/3349 3350/3350/3350 3351/3351/3351
f 3352/3352/3352 3353/3353/3353 3354/3354/3354
f 3355/3355/3355 3356/3356/3356 3357/3357/3357
f 3358/3358/3358 3359/3359/3359 3360/3360/3360
f 3361/3361/3361 3362/3362/3362 3363/3363/3363
f 3364/3364/3364 3365/3365/3365 3366/3366/3366
f 3367/3367/3367 3368/3368/3368 3369/3369/3369
f 3370/3370/3370 3371/3371/3371 3372/3372/3372
f 3373/3373/3373 3374/3374/3374 3375/3375/3375
f 3376/3376/3376 3377/3377/3377 3378/3378/3378
f 3379/3379/3379 3380/3380/3380 3381/3381/3381
f 3382/3382/3382 3383/3383/3383 3384/3384/3384
f 3385/3385/3385 3386/3386/3386 3387/3387/3387
f 3388/3388/3388 3389/3389/3389 3390/3390/3390
f 3391/3391/3391 3392/3392/3392 3393/3393/3393
f 3394/3394/3394 3395/3395/3395 3396/3396/3396
f 3397/3397/3397 3398/3398/3398 3399/3399/3399
f 3400/3400/3400 3401/3401/3401 3402/3402/3402
f 3403/3403/3403 3404/3404/3404 3405/3405/3405
f 3406/3406/3406 3407/3407/3407 3408/3408/3408
f 3409/3409/3409 3410/3410/3410 3411/3411/3411
f 3412/3412/3412 3413/3413/3413 3414/3414/3414
f 3415/3415/3415 3416/3416/3416 3417/3417/3417
f 3418/3418/3418 3419/3419/3419 3420/3420/3420
f 3421/3421/3421 3422/3422/3422 3423/3423/3423
f 3424/3424/3424 3425/3425/3425 3426/3426/3426
f 3427/3427/3427 3428/3428/3428 3429/3429/3429
f 3430/3430/3430 3431/3431/3431 3432/3432/3432
f 3433/3433/3433 3434/3434/3434 3435/3435/3435
f 3436/3436/3436 3437/3437/3437 3438/3438/3438
f 3439/3439/3439 3440/3440/3440 3441/3441/3441
f 3442/3442/3442 3443/3443/3443 3444/3444/3444
f 3445/3445/3445 3446/3446/3446 3447/3447/3447
f 3448/3448/3448 3449/3449/3449 3450/3450/3450
f 3451/3451/3451 3452/3452/3452 3453/3453/3453
f 3454/3454/3454 3455/3455/3455 3456/3456/3456
f 3457/3457/3457 3458/3458/3458 3459/3459/3459
f 3460/3460/3460 3461/3461/3461 3462/3462/3462
f 3463/3463/3463 3464/3464/3464 3465/3465/3465
f 3466/3466/3466 3467/3467/3467 3468/3468/3468
f 3469/3469/3469 3470/3470/3470 3471/3471/3471
f 3472/3472/3472 3473/3473/3473 3474/3474/3474
f 3475/3475/3475 3476/3476/3476 3477/3477/3477
f 3478/3478/3478 3479/3479/3479 3480/3480/3480
f 3481/3481/3481 3482/3482/3482 3483/3483/3483
f 3484/3484/3484 3485/3485/3485 3486/3486/3486
f 3487/3487/3487 3488/3488/3488 3489/3489/3489
f 3490/3490/3490 3491/3491/3491 3492/3492/3492
f 3493/3493/3493 3494/3494/3494 3495/3495/3495
f 3496/3496/3496 3497/3497/3497 3498/3498/3498
f 3499/3499/3499 3500/3500/3500 3501/3501/3501
f 3502/3502/3502 3503/3503/3503 3504/3504/3504
f 3505/3505/3505 3506/3506/3506 3507/3507/3507
f 3508/3508/3508 3509/3509/3509 3510/3510/3510
f 3511/3511/3511 3512/3512/3512 3513/3513/3513
f 3514/3514/3514 3515/3515/3515 3516/3516/3516
f 3517/3517/3517 3518/3518/3518 3519/3519/3519
f 3520/3520/3520 3521/3521/3521 3522/3522/3522
f 3523/3523/3523 3524/3524/3524 3525/3525/3525
f 3526/3526/3526 3527/3527/3527 3528/3528/3528
f 3529/3529/3529 3530/3530/3530 3531/3531/3531
f 3532/3532/3532 3533/3533/3533 3534/3534/3534
f 3535/3535/3535 3536/3536/3536 3537/3537/3537
f 3538/3538/3538 3539/3539/3539 3540/3540/3540
f 3541/3541/3541 3542/3542/3542 3543/3543/3543
f 3544/3544/3544 3545/3545/3545 3546/3546/3546
f 3547/3547/3547 3548/3548/3548 3549/3549/3549
f 3550/3550/3550 3551/3551/3551 3552/3552/3552
f 3553/3553/3553 3554/3554/3554 3555/3555/3555
f 3556/3556/3556 3557/3557/3557 3558/3558/3558
f 3559/3559/3559 3560/3560/3560 3561/3561/3561
f 3562/3562/3562 3563/3563/3563 3564/3564/3564
f 3565/3565/3565 3566/3566/3566 3567/3567/3567
f 3568/3568/3568 3569/3569/3569 3570/3570/3570
f 3571/3571/3571 3572/3572/3572 3573/3573/3573
f 3574/3574/3574 3575/3575/3575 3576/3576/3576
f 3577/3577/3577 3578/3578/3578 3579/3579/3579
f 3580/3580/3580 3581/3581/3581 3582/3582/3582
f 3583/3583/3583 3584/3584/3584 3585/3585/3585
f 3586/3586/3586 3587/3587/3587 3588/3588/3588
f 3589/3589/3589 3590/3590/3590 3591/3591/3591
f 3592/3592/3592 3593/3593/3593 3594/3594/3594
f 3595/3595/3595 3596/3596/3596 3597/3597/3597
f 3598/3598/3598 3599/3599/3599 3600/3600/3600
f 3601/3601/3601 3602/3602/3602 3603/3603/3603
f 3604/3604/3604 3605/3605/3605 3606/3606/3606
f 3607/3607/3607 3608/3608/3608 3609/3609/3609
f 3610/3610/3610 3611/3611/3611 3612/3612/3612
f 3613/3613/3613 3614/3614/3614 3615/3615/3615
f 3616/3616/3616 3617/3617/3617 3618/3618/3618
f 3619/3619/3619 3620/3620/3620 3621/3621/3621
f 3622/3622/3622 3623/3623/3623 3624/3624/3624
f 3625/3625/3625 3626/3626/3626 3627/3627/3627
f 3628/3628/3628 3629/3629/3629 3630/3630/3630
f 3631/3631/3631 3632/3632/3632 3633/3633/3633
f 3634/3634/3634 3635/3635/3635 3636/3636/3636
f 3637/3637/3637 3638/3638/3638 3639/3639/3639
f 3640/3640/3640 3641/3641/3641 3642/3642/3642
f 3643/3643/3643 3644/3644/3644 3645/3645/3645
f 3646/3646/3646 3647/3647/3647 3648/3648/3648
f 3649/3649/3649 3650/3650/3650 3651/3651/3651
f 3652/3652/3652 3653/3653/3653 3654/3654/3654
f 3655/3655/3655 3656/3656/3656 3657/3657/3657
f 3658/3658/3658 3659/3659/3659 3660/3660/3660
f 3661/3661/3661 3662/3662/3662 3663/3663/3663
f 3664/3664/3664 3665/3665/3665 3666/3666/3666
f 3667/3667/3667 3668/3668/3668 3669/3669/3669
f 3670/3670/3670 3671/3671/3671 3672/3672/3672
f 3673/3673/3673 3674/3674/3674 3675/3675/3675
f 3676/3676/3676 3677/3677/3677 3678/3678/3678
f 3679/3679/3679 3680/3680/3680 3681/3681/3681
f 3682/3682/3682 3683/3683/3683 3684/3684/3684
f 3685/3685/3685 3686/3686/3686 3687/3687/3687
f 3688/3688/3688 3689/3689/3689 3690/3690/3690
f 3691/3691/3691 3692/3692/3692 3693/3693/3693
f 3694/3694/3694 3695/3695/3695 3696/3696/3696
f 3697/3697/3697 3698/3698/3698 3699/3699/3699
f 3700/3700/3700 3701/3701/3701 3702/3702/3702
f 3703/3703/3703 3704/3704/3704 3705/3705/3705
f 3706/3706/3706 3707/3707/3707 3708/3708/3708
f 3709/3709/3709 3710/3710/3710 3711/3711/3711
f 3712/3712/3712 3713/3713/3713 3714/3714/3714
f 3715/3715/3715 3716/3716/3716 3717/3717/3717
f 3718/3718/3718 3719/3719/3719 3720/3720/3720
f 3721/3721/3721 3722/3722/3722 3723/3723/3723
f 3724/3724/3724 3725/3725/3725 3726/3726/3726
f 3727/3727/3727 3728/3728/3728 3729/3729/3729
f 3730/3730/3730 3731/3731/3731 3732/3732/3732
f 3733/3733/3733 3734/3734/3734 3735/3735/3735
f 3736/3736/3736 3737/3737/3737 3738/3738/3738
f 3739/3739/3739 3740/3740/3740 3741/3741/3741
f 3742/3742/3742 3743/3743/3743 3744/3744/3744
f 3745/3745/3745 3746/3746/3746 3747/3747/3747
f 3748/3748/3748 3749/3749/3749 3750/3750/3750
f 3751/3751/3751 3752/3752/3752 3753/3753/3753
f 3754/3754/3754 3755/3755/3755 3756/3756/3756
f 3757/3757/3757 3758/3758/3758 3759/3759/3759
f 3760/3760/3760 3761/3761/3761 3762/3762/3762
f 3763/3763/3763 3764/3764/3764 3765/3765/3765
f 3766/3766/3766 3767/3767/3767 3768/3768/3768
f 3769/3769/3769 3770/3770/3770 3771/3771/3771
f 3772/3772/3772 3773/3773/3773 3774/3774/3774
f 3775/3775/3775 3776/3776/3776 3777/3777/3777
f 3778/3778/3778 3779/3779/3779 3780/3780/3780
f 3781/3781/3781 3782/3782/3782 3783/3783/3783
f 3784/3784/3784 3785/3785/3785 3786/3786/3786
f 3787/3787/3787 3788/3788/3788 3789/3789/3789
f 3790/3790/3790 3791/3791/3791 3792/3792/3792
f 3793/3793/3793 3794/3794/3794 3795/3795/3795
f 3796/3796/3796 3797/3797/3797 3798/3798/3798
f 3799/3799/3799 3800/3800/3800 3801/3801/3801
f 3802/3802/3802 3803/3803/3803 3804/3804/3804
f 3805/3805/3805 3806/3806/3806 3807/3807/3807
f 3808/3808/3808 3809/3809/3809 3810/3810/3810
f 3811/3811/3811 3812/3812/3812 3813/3813/3813
f 3814/3814/3814 3815/3815/3815 3816/3816/3816
f 3817/3817/3817 3818/3818/3818 3819/3819/3819
f 3820/3820/3820 3821/3821/3821 3822/3822/3822
f 3823/3823/3823 3824/3824/3824 3825/3825/3825
f 3826/3826/3826 3827/3827/3827 3828/3828/3828
f 3829/3829/3829 3830/3830/3830 3831/3831/3831
f 3832/3832/3832 3833/3833/3833 3834/3834/3834
f 3835/3835/3835 3836/3836/3836 3837/3837/3837
f 3838/3838/3838 3839/3839/3839 3840/3840/3840
f 3841/3841/3841 3842/3842/3842 3843/3843/3843
f 3844/3844/3844 3845/3845/3845 3846/3846/3846
f 3847/3847/3847 3848/3848/3848 3849/3849/3849
f 3850/3850/3850 3851/3851/3851 3852/3852/3852
f 3853/3853/3853 3854/3854/3854 3855/3855/3855
f 3856/3856/3856 3857/3857/3857 3858/3858/3858
f 3859/3859/3859 3860/3860/3860 3861/3861/3861
f 3862/3862/3862 3863/3863/3863 3864/3864/3864
f 3865/3865/3865 3866/3866/3866 3867/3867/3867
f 3868/3868/3868 3869/3869/3869 3870/3870/3870
f 3871/3871/3871 3872/3872/3872 3873/3873/3873
f 3874/3874/3874 3875/3875/3875 3876/3876/3876
f 3877/3877/3877 3878/3878/3878 3879/3879/3879
f 3880/3880/3880 3881/3881/3881 3882/3882/3882
f 3883/3883/3883 3884/3884/3884 3885/3885/3885
f 3886/3886/3886 3887/3887/3887 3888/3888/3888
f 3889/3889/3889 3890/3890/3890 3891/3891/3891
f 3892/3892/3892 3893/3893/3893 3894/3894/3894
f 3895/3895/3895 3896/3896/3896 3897/3897/3897
f 3898/3898/3898 3899/3899/3899 3900/3900/3900
f 3901/3901/3901 3902/3902/3902 3903/3903/3903
f 3904/3904/3904 3905/3905/3905 3906/3906/3906
f 3907/3907/3907 3908/3908/3908 3909/3909/3909
f 3910/3910/3910 3911/3911/3911 3912/3912/3912
f 3913/3913/3913 3914/3914/3914 3915/3915/3915
f 3916/3916/3916 3917/3917/3917 3918/3918/3918
f 3919/3919/3919 3920/3920/3920 3921/3921/3921
f 3922/3922/3922 3923/3923/3923 3924/3924/3924
f 3925/3925/3925 3926/3926/3926 3927/3927/3927
f 3928/3928/3928 3929/3929/3929 3930/3930/3930
f 3931/3931/3931 3932/3932/3932 3933/3933/3933
f 3934/3934/3934 3935/3935/3935 3936/3936/3936
f 3937/3937/3937 3938/3938/3938 3939/3939/3939
f 3940/3940/3940 3941/3941/3941 3942/3942/3942
f 3943/3943/3943 3944/3944/3944 3945/3945/3945
f 3946/3946/3946 3947/3947/3947 3948/3948/3948
f 3949/3949/3949 3950/3950/3950 3951/3951/3951
f 3952/3952/3952 3953/3953/3953 3954/3954/3954
f 3955/3955/3955 3956/3956/3956 3957/3957/3957
f 3958/3958/3958 3959/3959/3959 3960/3960/3960
f 3961/3961/3961 3962/3962/3962 3963/3963/3963
f 3964/3964/3964 3965/3965/3965 3966/3966/3966
f 3967/3967/3967 3968/3968/3968 3969/3969/3969
f 3970/3970/3970 3971/3971/3971 3972/3972/3972
f 3973/3973/3973 3974/3974/3974 3975/3975/3975
f 3976/3976/3976 3977/3977/3977 3978/3978/3978
f 3979/3979/3979 3980/3980/3980 3981/3981/3981
f 3982/3982/3982 3983/3983/3983 3984/3984/3984
f 3985/3985/3985 3986/3986/3986 3987/3987/3987
f 3988/3988/3988 3989/3989/3989 3990/3990/3990
f 3991/3991/3991 3992/3992/3992 3993/3993/3993
f 3994/3994/3994 3995/3995/3995 3996/3996/3996
f 3997/3997/3997 3998/3998/3998 3999/3999/3999
f 4000/4000/4000 4001/4001/4001 4002/4002/4002
f 4003/4003/4003 4004/4004/4004 4005/4005/4005
f 4006/4006/4006 4007/4007/4007 4008/4008/4008
f 4009/4009/4009 4010/4010/4010 4011/4011/4011
f 4012/4012/4012 4013/4013/4013 4014/4014/4014
f 4015/4015/4015 4016/4016/4016 4017/4017/4017
f 4018/4018/4018 4019/4019/4019 4020/4020/4020
f 4021/4021/4021 4022/4022/4022 4023/4023/4023
f 4024/4024/4024 4025/4025/4025 4026/4026/4026
f 4027/4027/4027 4028/4028/4028 4029/4029/4029
f 4030/4030/4030 4031/4031/4031 4032/4032/4032
f 4033/4033/4033 4034/4034/4034 4035/4035/4035
f 4036/4036/4036 4037/4037/4037 4038/4038/4038
f 4039/4039/4039 4040/4040/4040 4041/4041/4041
f 4042/4042/4042 4043/4043/4043 4044/4044/4044
f 4045/4045/4045 4046/4046/4046 4047/4047/4047
f 4048/4048/4048 4049/4049/4049 4050/4050/4050
f 4051/4051/4051 4052/4052/4052 4053/4053/4053
f 4054/4054/4054 4055/4055/4055 4056/4056/4056
f 4057/4057/4057 4058/4058/4058 4059/4059/4059
f 4060/4060/4060 4061/4061/4061 4062/4062/4062
f 4063/4063/4063 4064/4064/4064 4065/4065/4065
f 4066/4066/4066 4067/4067/4067 4068/4068/4068
f 4069/4069/4069 4070/4070/4070 4071/4071/4071
f 4072/4072/4072 4073/4073/4073 4074/4074/4074
f 4075/4075/4075 4076/4076/4076 4077/4077/4077
f 4078/4078/4078 4079/4079/4079 4080/4080/4080
f 4081/4081/4081 4082/4082/4082 4083/4083/4083
f 4084/4084/4084 4085/4085/4085 4086/4086/4086
f 4087/4087/4087 4088/4088/4088 4089/4089/4089
f 4090/4090/4090 4091/4091/4091 4092/4092/4092
f 4093/4093/4093 4094/4094/4094 4095/4095/4095
f 4096/4096/4096 4097/4097/4097 4098/4098/4098
f 4099/4099/4099 4100/4100/4100 4101/4101/4101
f 4102/4102/4102 4103/4103/4103 4104/4104/4104
f 4105/4105/4105 4106/4106/4106 4107/4107/4107
f 4108/4108/4108 4109/4109/4109 4110/4110/4110
f 4111/4111/4111 4112/4112/4112 4113/4113/4113
f 4114/4114/4114 4115/4115/4115 4116/4116/4116
f 4117/4117/4117 4118/4118/4118 4119/4119/4119
f 4120/4120/4120 4121/4121/4121 4122/4122/4122
f 4123/4123/4123 4124/4124/4124 4125/4125/4125
f 4126/4126/4126 4127/4127/4127 4128/4128/4128
f 4129/4129/4129 4130/4130/4130 4131/4131/4131
f 4132/4132/4132 4133/4133/4133 4134/4134/4134
f 4135/4135/4135 4136/4136/4136 4137/4137/4137
f 4138/4138/4138 4139/4139/4139 4140/4140/4140
f 4141/4141/4141 4142/4142/4142 4143/4143/4143
f 4144/4144/4144 4145/4145/4145 4146/4146/4146
f 4147/4147/4147 4148/4148/4148 4149/4149/4149
f 4150/4150/4150 4151/4151/4151 4152/4152/4152
f 4153/4153/4153 4154/4154/4154 4155/4155/4155
f 4156/4156/4156 4157/4157/4157 4158/4158/4158
f 4159/4159/4159 4160/4160/4160 4161/4161/4161
f 4162/4162/4162 4163/4163/4163 4164/4164/4164
f 4165/4165/4165 4166/4166/4166 4167/4167/4167
f 4168/4168/4168 4169/4169/4169 4170/4170/4170
f 4171/4171/4171 4172/4172/4172 4173/4173/4173
f 4174/4174/4174 4175/4175/4175 4176/4176/4176
f 4177/4177/4177 4178/4178/4178 4179/4179/4179
f 4180/4180/4180 4181/4181/4181 4182/4182/4182
f 4183/4183/4183 4184/4184/4184 4185/4185/4185
f 4186/4186/4186 4187/4187/4187 4188/4188/4188
f 4189/4189/4189 4190/4190/4190 4191/4191/4191
f 4192/4192/4192 4193/4193/4193 4194/4194/4194
f 4195/4195/4195 4196/4196/4196 4197/4197/4197
f 4198/4198/4198 4199/4199/4199 4200/4200/4200
f 4201/4201/4201 4202/4202/4202 4203/4203/4203
f 4204/4204/4204 4205/4205/4205 4206/4206/4206
f 4207/4207/4207 4208/4208/4208 4209/4209/4209
f 4210/4210/4210 4211/4211/4211 4212/4212/4212
f 4213/4213/4213 4214/4214/4214 4215/4215/4215
f 4216/4216/4216 4217/4217/4217 4218/4218/4218
f 4219/4219/4219 4220/4220/4220 4221/4221/4221
f 4222/4222/4222 4223/4223/4223 4224/4224/4224
f 4225/4225/4225 4226/4226/4226 4227/4227/4227
f 4228/4228/4228 4229/4229/4229 4230/4230/4230
f 4231/4231/4231 4232/4232/4232 4233/4233/4233
f 4234/4234/4234 4235/4235/4235 4236/4236/4236
f 4237/4237/4237 4238/4238/4238 4239/4239/4239
f 4240/4240/4240 4241/4241/4241 4242/4242/4242
f 4243/4243/4243 4244/4244/4244 4245/4245/4245
f 4246/4246/4246 4247/4247/4247 4248/4248/4248
f 4249/4249/4249 4250/4250/4250 4251/4251/4251
f 4252/4252/4252 4253/4253/4253 4254/4254/4254
f 4255/4255/4255 4256/4256/4256 4257/4257/4257
f 4258/4258/4258 4259/4259/4259 4260/4260/4260
f 4261/4261/4261 4262/4262/4262 4263/4263/4263
f 4264/4264/4264 4265/4265/4265 4266/4266/4266
f 4267/4267/4267 4268/4268/4268 4269/4269/4269
f 4270/4270/4270 4271/4271/4271 4272/4272/4272
f 4273/4273/4273 4274/4274/4274 4275/4275/4275
f 4276/4276/4276 4277/4277/4277 4278/4278/4278
f 4279/4279/4279 4280/4280/4280 4281/4281/4281
f 4282/4282/4282 4283/4283/4283 4284/4284/4284
f 4285/4285/4285 4286/4286/4286 4287/4287/4287
f 4288/4288/4288 4289/4289/4289 4290/4290/4290
f 4291/4291/4291 4292/4292/4292 4293/4293/4293
f 4294/4294/4294 4295/4295/4295 4296/4296/4296
f 4297/4297/4297 4298/4298/4298 4299/4299/4299
f 4300/4300/4300 4301/4301/4301 4302/4302/4302
f 4303/4303/4303 4304/4304/4304 4305/4305/4305
f 4306/4306/4306 4307/4307/4307 4308/4308/4308
f 4309/4309/4309 4310/4310/4310 4311/4311/4311
f 4312/4312/4312 4313/4313/4313 4314/4314/4314
f 4315/4315/4315 4316/4316/4316 4317/4317/4317
f 4318/4318/4318 4319/4319/4319 4320/4320/4320
f 4321/4321/4321 4322/4322/4322 4323/4323/4323
f 4324/4324/4324 4325/4325/4325 4326/4326/4326
f 4327/4327/4327 4328/4328/4328 4329/4329/4329
f 4330/4330/4330 4331/4331/4331 4332/4332/4332
f 4333/4333/4333 4334/4334/4334 4335/4335/4335
f 4336/4336/4336 4337/4337/4337 4338/4338/4338
f 4339/4339/4339 4340/4340/4340 4341/4341/4341
f 4342/4342/4342 4343/4343/4343 4344/4344/4344
f 4345/4345/4345 4346/4346/4346 4347/4347/4347
f 4348/4348/4348 4349/4349/4349 4350/4350/4350
f 4351/4351/4351 4352/4352/4352 4353/4353/4353
f 4354/4354/4354 4355/4355/4355 4356/4356/4356
f 4357/4357/4357 4358/4358/4358 4359/4359/4359
f 4360/4360/4360 4361/4361/4361 4362/4362/4362
f 4363/4363/4363 4364/4364/4364 4365/4365/4365
f 4366/4366/4366 4367/4367/4367 4368/4368/4368
f 4369/4369/4369 4370/4370/4370 4371/4371/4371
f 4372/4372/4372 4373/4373/4373 4374/4374/4374
f 4375/4375/4375 4376/4376/4376 4377/4377/4377
f 4378/4378/4378 4379/4379/4379 4380/4380/4380
f 4381/4381/4381 4382/4382/4382 4383/4383/4383
f 4384/4384/4384 4385/4385/4385 4386/4386/4386
f 4387/4387/4387 4388/4388/4388 4389/4389/4389
f 4390/4390/4390 4391/4391/4391 4392/4392/4392
f 4393/4393/4393 4394/4394/4394 4395/4395/4395
f 4396/4396/4396 4397/4397/4397 4398/4398/4398
f 4399/4399/4399 4400/4400/4400 4401/4401/4401
f 4402/4402/4402 4403/4403/4403 4404/4404/4404
f 4405/4405/4405 4406/4406/4406 4407/4407/4407
f 4408/4408/4408 4409/4409/4409 4410/4410/4410
f 4411/4411/4411 4412/4412/4412 4413/4413/4413
f 4414/4414/4414 4415/4415/4415 4416/4416/4416
f 4417/4417/4417 4418/4418/4418 4419/4419/4419
f 4420/4420/4420 4421/4421/4421 4422/4422/4422
f 4423/4423/4423 4424/4424/4424 4425/4425/4425
f 4426/4426/4426 4427/4427/4427 4428/4428/4428
f 4429/4429/4429 4430/4430/4430 4431/4431/4431
f 4432/4432/4432 4433/4433/4433 4434/4434/4434
f 4435/4435/4435 4436/4436/4436 4437/4437/4437
f 4438/4438/4438 4439/4439/4439 4440/4440/4440
f 4441/4441/4441 4442/4442/4442 4443/4443/4443
f 4444/4444/4444 4445/4445/4445 4446/4446/4446
f 4447/4447/4447 4448/4448/4448 4449/4449/4449
f 4450/4450/4450 4451/4451/4451 4452/4452/4452
f 4453/4453/4453 4454/4454/4454 4455/4455/4455
f 4456/4456/4456 4457/4457/4457 4458/4458/4458
f 4459/4459/4459 4460/4460/4460 4461/4461/4461
f 4462/4462/4462 4463/4463/4463 4464/4464/4464
f 4465/4465/4465 4466/4466/4466 4467/4467/4467
f 4468/4468/4468 4469/4469/4469 4470/4470/4470
f 4471/4471/4471 4472/4472/4472 4473/4473/4473
f 4474/4474/4474 4475/4475/4475 4476/4476/4476
f 4477/4477/4477 4478/4478/4478 4479/4479/4479
f 4480/4480/4480 4481/4481/4481 4482/4482/4482
f 4483/4483/4483 4484/4484/4484 4485/4485/4485
f 4486/4486/4486 4487/4487/4487 4488/4488/4488
f 4489/4489/4489 4490/4490/4490 4491/4491/4491
f 4492/4492/4492 4493/4493/4493 4494/4494/4494
f 4495/4495/4495 4496/4496/4496 4497/4497/4497
f 4498/4498/4498 4499/4499/4499 4500/4500/4500
f 4501/4501/4501 4502/4502/4502 4503/4503/4503
f 4504/4504/4504 4505/4505/4505 4506/4506/4506
f 4507/4507/4507 4508/4508/4508 4509/4509/4509
f 4510/4510/4510 4511/4511/4511 4512/4512/4512
f 4513/4513/4513 4514/4514/4514 4515/4515/4515
f 4516/4516/4516 4517/4517/4517 4518/4518/4518
f 4519/4519/4519 4520/4520/4520 4521/4521/4521
f 4522/4522/4522 4523/4523/4523 4524/4524/4524
f 4525/4525/4525 4526/4526/4526 4527/4527/4527
f 4528/4528/4528 4529/4529/4529 4530/4530/4530
f 4531/4531/4531 4532/4532/4532 4533/4533/4533
f 4534/4534/4534 4535/4535/4535 4536/4536/4536
f 4537/4537/4537 4538/4538/4538 4539/4539/4539
f 4540/4540/4540 4541/4541/4541 4542/4542/4542
f 4543/4543/4543 4544/4544/4544 4545/4545/4545
f 4546/4546/4546 4547/4547/4547 4548/4548/4548
f 4549/4549/4549 4550/4550/4550 4551/4551/4551
f 4552/4552/4552 4553/4553/4553 4554/4554/4554
f 4555/4555/4555 4556/4556/4556 4557/4557/4557
f 4558/4558/4558 4559/4559/4559 4560/4560/4560
f 4561/4561/4561 4562/4562/4562 4563/4563/4563
f 4564/4564/4564 4565/4565/4565 4566/4566/4566
f 4567/4567/4567 4568/4568/4568 4569/4569/4569
f 4570/4570/4570 4571/4571/4571 4572/4572/4572
f 4573/4573/4573 4574/4574/4574 4575/4575/4575
f 4576/4576/4576 4577/4577/4577 4578/4578/4578
f 4579/4579/4579 4580/4580/4580 4581/4581/4581
f 4582/4582/4582 4583/4583/4583 4584/4584/4584
f 4585/4585/4585 4586/4586/4586 4587/4587/4587
f 4588/4588/4588 4589/4589/4589 4590/4590/4590
f 4591/4591/4591 4592/4592/4592 4593/4593/4593
f 4594/4594/4594 4595/4595/4595 4596/4596/4596
f 4597/4597/4597 4598/4598/4598 4599/4599/4599
f 4600/4600/4600 4601/4601/4601 4602/4602/4602
f 4603/4603/4603 4604/4604/4604 4605/4605/4605
f 4606/4606/4606 4607/4607/4607 4608/4608/4608
f 4609/4609/4609 4610/4610/4610 4611/4611/4611
f 4612/4612/4612 4613/4613/4613 4614/4614/4614
f 4615/4615/4615 4616/4616/4616 4617/4617/4617
f 4618/4618/4618 4619/4619/4619 4620/4620/4620
f 4621/4621/4621 4622/4622/4622 4623/4623/4623
f 4624/4624/4624 4625/4625/4625 4626/4626/4626
f 4627/4627/4627 4628/4628/4628 4629/4629/4629
f 4630/4630/4630 4631/4631/4631 4632/4632/4632
f 4633/4633/4633 4634/4634/4634 4635/4635/4635
f 4636/4636/4636 4637/4637/4637 4638/4638/4638
f 4639/4639/4639 4640/4640/4640 4641/4641/4641
f 4642/4642/4642 4643/4643/4643 4644/4644/4644
f 4645/4645/4645 4646/4646/4646 4647/4647/4647
f 4648/4648/4648 4649/4649/4649 4650/4650/4650
f 4651/4651/4651 4652/4652/4652 4653/4653/4653
f 4654/4654/4654 4655/4655/4655 4656/4656/4656
f 4657/4657/4657 4658/4658/4658 4659/4659/4659
f 4660/4660/4660 4661/4661/4661 4662/4662/4662
f 4663/4663/4663 4664/4664/4664 4665/4665/4665
f 4666/4666/4666 4667/4667/4667 4668/4668/4668
f 4669/4669/4669 4670/4670/4670 4671/4671/4671
f 4672/4672/4672 4673/4673/4673 4674/4674/4674
f 4675/4675/4675 4676/4676/4676 4677/4677/4677
f 4678/4678/4678 4679/4679/4679 4680/4680/4680
f 4681/4681/4681 4682/4682/4682 4683/4683/4683
f 4684/4684/4684 4685/4685/4685 4686/4686/4686
f 4687/4687/4687 4688/4688/4688 4689/4689/4689
f 4690/4690/4690 4691/4691/4691 4692/4692/4692
f 4693/4693/4693 4694/4694/4694 4695/4695/4695
f 4696/4696/4696 4697/4697/4697 4698/4698/4698
f 4699/4699/4699 4700/4700/4700 4701/4701/4701
f 4702/4702/4702 4703/4703/4703 4704/4704/4704
f 4705/4705/4705 4706/4706/4706 4707/4707/4707
f 4708/4708/4708 4709/4709/4709 4710/4710/4710
f 4711/4711/4711 4712/4712/4712 4713/4713/4713
f 4714/4714/4714 4715/4715/4715 4716/4716/4716
f 4717/4717/4717 4718/4718/4718 4719/4719/4719
f 4720/4720/4720 4721/4721/4721 4722/4722/4722
f 4723/4723/4723 4724/4724/4724 4725/4725/4725
f 4726/4726/4726 4727/4727/4727 4728/4728/4728
f 4729/4729/4729 4730/4730/4730 4731/4731/4731
f 4732/4732/4732 4733/4733/4733 4734/4734/4734
f 4735/4735/4735 4736/4736/4736 4737/4737/4737
f 4738/4738/4738 4739/4739/4739 4740/4740/4740
f 4741/4741/4741 4742/4742/4742 4743/4743/4743
f 4744/4744/4744 4745/4745/4745 4746/4746/4746
f 4747/4747/4747 4748/4748/4748 4749/4749/4749
f 4750/4750/4750 4751/4751/4751 4752/4752/4752
f 4753/4753/4753 4754/4754/4754 4755/4755/4755
f 4756/4756/4756 4757/4757/4757 4758/4758/4758
f 4759/4759/4759 4760/4760/4760 4761/4761/4761
f 4762/4762/4762 4763/4763/4763 4764/4764/4764
f 4765/4765/4765 4766/4766/4766 4767/4767/4767
f 4768/4768/4768 4769/4769/4769 4770/4770/4770
f 4771/4771/4771 4772/4772/4772 4773/4773/4773
f 4774/4774/4774 4775/4775/4775 4776/4776/4776
f 4777/4777/4777 4778/4778/4778 4779/4779/4779
f 4780/4780/4780 4781/4781/4781 4782/4782/4782
f 4783/4783/4783 4784/4784/4784 4785/4785/4785
f 4786/4786/4786 4787/4787/4787 4788/4788/4788
f 4789/4789/4789 4790/4790/4790 4791/4791/4791
f 4792/4792/4792 4793/4793/4793 4794/4794/4794
f 4795/4795/4795 4796/4796/4796 4797/4797/4797
f 4798/4798/4798 4799/4799/4799 4800/4800/4800
f 4801/4801/4801 4802/4802/4802 4803/4803/4803
f 4804/4804/4804 4805/4805/4805 4806/4806/4806
f 4807/4807/4807 4808/4808/4808 4809/4809/4809
f 4810/4810/4810 4811/4811/4811 4812/4812/4812
f 4813/4813/4813 4814/4814/4814 4815/4815/4815
f 4816/4816/4816 4817/4817/4817 4818/4818/4818
f 4819/4819/4819 4820/4820/4820 4821/4821/4821
f 4822/4822/4822 4823/4823/4823 4824/4824/4824
f 4825/4825/4825 4826/4826/4826 4827/4827/4827
f 4828/4828/4828 4829/4829/4829 4830/4830/4830
f 4831/4831/4831 4832/4832/4832 4833/4833/4833
f 4834/4834/4834 4835/4835/4835 4836/4836/4836
f 4837/4837/4837 4838/4838/4838 4839/4839/4839
f 4840/4840/4840 4841/4841/4841 4842/4842/4842
f 4843/4843/4843 4844/4844/4844 4845/4845/4845
f 4846/4846/4846 4847/4847/4847 4848/4848/4848
f 4849/4849/4849 4850/4850/4850 4851/4851/4851
f 4852/4852/4852 4853/4853/4853 4854/4854/4854
f 4855/4855/4855 4856/4856/4856 4857/4857/4857
f 4858/4858/4858 4859/4859/4859 4860/4860/4860
f 4861/4861/4861 4862/4862/4862 4863/4863/4863
f 4864/4864/4864 4865/4865/4865 4866/4866/4866
f 4867/4867/4867 4868/4868/4868 4869/4869/4869
f 4870/4870/4870 4871/4871/4871 4872/4872/4872
f 4873/4873/4873 4874/4874/4874 4875/4875/4875
f 4876/4876/4876 4877/4877/4877 4878/4878/4878
f 4879/4879/4879 4880/4880/4880 4881/4881/4881
f 4882/4882/4882 4883/4883/4883 4884/4884/4884
f 4885/4885/4885 4886/4886/4886 4887/4887/4887
f 4888/4888/4888 4889/4889/4889 4890/4890/4890
f 4891/4891/4891 4892/4892/4892 4893/4893/4893
f 4894/4894/4894 4895/4895/4895 4896/4896/4896
f 4897/4897/4897 4898/4898/4898 4899/4899/4899
f 4900/4900/4900 4901/4901/4901 4902/4902/4902
f 4903/4903/4903 4904/4904/4904 4905/4905/4905
f 4906/4906/4906 4907/4907/4907 4908/4908/4908
f 4909/4909/4909 4910/4910/4910 4911/4911/4911
f 4912/4912/4912 4913/4913/4913 4914/4914/4914
f 4915/4915/4915 4916/4916/4916 4917/4917/4917
f 4918/4918/4918 4919/4919/4919 4920/4920/4920
f 4921/4921/4921 4922/4922/4922 4923/4923/4923
f 4924/4924/4924 4925/4925/4925 4926/4926/4926
f 4927/4927/4927 4928/4928/4928 4929/4929/4929
f 4930/4930/4930 4931/4931/4931 4932/4932/4932
f 4933/4933/4933 4934/4934/4934 4935/4935/4935
f 4936/4936/4936 4937/4937/4937 4938/4938/4938
f 4939/4939/4939 4940/4940/4940 4941/4941/4941
f 4942/4942/4942 4943/4943/4943 4944/4944/4944
f 4945/4945/4945 4946/4946/4946 4947/4947/4947
f 4948/4948/4948 4949/4949/4949 4950/4950/4950
f 4951/4951/4951 4952/4952/4952 4953/4953/4953
f 4954/4954/4954 4955/4955/4955 4956/4956/4956
f 4957/4957/4957 4958/4958/4958 4959/4959/4959
f 4960/4960/4960 4961/4961/4961 4962/4962/4962
